2025-12-06 11:25:23,234 - INFO - ================================================================================
2025-12-06 11:25:23,234 - INFO - CONTINUOUS SCRAPING SESSION
2025-12-06 11:25:23,234 - INFO - ================================================================================
2025-12-06 11:25:23,234 - INFO - Total cases remaining: 12224
2025-12-06 11:25:23,234 - INFO - Will process: 800 cases
2025-12-06 11:25:23,234 - INFO - Database path: RESTRUCTURED_DB
2025-12-06 11:25:23,234 - INFO - ================================================================================
2025-12-06 11:25:23,234 - INFO - 
[1/800] Processing G.R. No. 138792
2025-12-06 11:25:23,234 - INFO -   Title: Dante Guevarra, et al. vs. the Hon. Fourth Division of the S...
2025-12-06 11:25:24,655 - WARNING -   ✗ Could not fetch case from any URL
2025-12-06 11:25:24,655 - INFO - 
[2/800] Processing G.R. No. 141675
2025-12-06 11:25:24,655 - INFO -   Title: Jesus T. Tanchanco, et al., vs. the Honorable Sandiganbayan ...
2025-12-06 11:25:25,631 - WARNING -   ✗ Could not fetch case from any URL
2025-12-06 11:25:25,631 - INFO - 
[3/800] Processing G.R. No. 142286
2025-12-06 11:25:25,631 - INFO -   Title: Korea Exchange Bank vs. Hon. Rogelio C. Gonzales, et al....
2025-12-06 11:25:26,596 - WARNING -   ✗ Could not fetch case from any URL
2025-12-06 11:25:26,597 - INFO - 
[4/800] Processing G.R. No. 142408
2025-12-06 11:25:26,597 - INFO -   Title: Spouses Ricardo Almendrala, et al. vs. Spouses Wing on Ngo, ...
2025-12-06 11:25:27,055 - INFO -   Case already exists: RESTRUCTURED_DB/2005/sep/126850.json
2025-12-06 11:25:27,555 - INFO - 
[5/800] Processing G.R. No. 142619
2025-12-06 11:25:27,555 - INFO -   Title: Municipality of Taguig, et al. vs. the Hon. Court of Appeals...
2025-12-06 11:25:28,012 - INFO -   Case already exists: RESTRUCTURED_DB/2005/sep/142619.json
2025-12-06 11:25:28,512 - INFO - 
[6/800] Processing G.R. No. 143573
2025-12-06 11:25:28,512 - INFO -   Title: Gregorio "George" Amante, et al. vs. Bibiano Serwelas...
2025-12-06 11:25:29,478 - WARNING -   ✗ Could not fetch case from any URL
2025-12-06 11:25:29,479 - INFO - 
[7/800] Processing G.R. No. 148682
2025-12-06 11:25:29,479 - INFO -   Title: People of the Philippines vs. Angel A. Enfermo....
2025-12-06 11:25:30,447 - WARNING -   ✗ Could not fetch case from any URL
2025-12-06 11:25:30,447 - INFO - 
[8/800] Processing G.R. No. 151373
2025-12-06 11:25:30,447 - INFO -   Title: Department of Health vs. C.V. Canchela and Associates, Archi...
2025-12-06 11:25:31,412 - WARNING -   ✗ Could not fetch case from any URL
2025-12-06 11:25:31,412 - INFO - 
[9/800] Processing G.R. No. 151809
2025-12-06 11:25:31,412 - INFO -   Title: Presidential Commission on Good Government (PCGG) vs. Sandig...
2025-12-06 11:25:32,378 - WARNING -   ✗ Could not fetch case from any URL
2025-12-06 11:25:32,378 - INFO - 
[10/800] Processing G.R. No. 153063
2025-12-06 11:25:32,379 - INFO -   Title: Amelia D. De Mesa, et al. vs. Pepsi Cola Products Phils., In...
2025-12-06 11:25:33,344 - WARNING -   ✗ Could not fetch case from any URL
2025-12-06 11:25:33,345 - INFO - 
[11/800] Processing G.R. No. 156254
2025-12-06 11:25:33,345 - INFO -   Title: Crisanto Rafaelito Gualberto V vs. Court of Appeals, et al....
2025-12-06 11:25:34,311 - WARNING -   ✗ Could not fetch case from any URL
2025-12-06 11:25:34,311 - INFO - 
[12/800] Processing G.R. No. 160577
2025-12-06 11:25:34,311 - INFO -   Title: Gregorio Singian, Jr. vs. the Honorable Sandiganbayan, et al...
2025-12-06 11:25:35,276 - WARNING -   ✗ Could not fetch case from any URL
2025-12-06 11:25:35,277 - INFO - 
[13/800] Processing G.R. No. 160929
2025-12-06 11:25:35,277 - INFO -   Title: Rene P. Pondevida vs. the Hon. Sandiganbayan, et al....
2025-12-06 11:25:36,242 - WARNING -   ✗ Could not fetch case from any URL
2025-12-06 11:25:36,242 - INFO - 
[14/800] Processing G.R. No. 161217
2025-12-06 11:25:36,242 - INFO -   Title: Blucor Minerals Corporation, et al. vs. Alfredo M. Amarilla,...
2025-12-06 11:25:37,208 - WARNING -   ✗ Could not fetch case from any URL
2025-12-06 11:25:37,209 - INFO - 
[15/800] Processing G.R. No. 161784
2025-12-06 11:25:37,209 - INFO -   Title: Dinah C. Barriga vs. the Honorable Sandiganbayan (4th Divisi...
2025-12-06 11:25:38,177 - WARNING -   ✗ Could not fetch case from any URL
2025-12-06 11:25:38,177 - INFO - 
[16/800] Processing G.R. No. 163619
2025-12-06 11:25:38,177 - INFO -   Title: In the Matter of the Petition for Disqualification of Tess D...
2025-12-06 11:25:39,144 - WARNING -   ✗ Could not fetch case from any URL
2025-12-06 11:25:39,144 - INFO - 
[17/800] Processing G.R. No. 164684
2025-12-06 11:25:39,144 - INFO -   Title: Philippine Long Distance Telephone Company, Inc., vs. Antoni...
2025-12-06 11:25:40,112 - WARNING -   ✗ Could not fetch case from any URL
2025-12-06 11:25:40,112 - INFO - 
[18/800] Processing G.R. No. 165510
2025-12-06 11:25:40,112 - INFO -   Title: Benjamin T. Romualdez vs. Hon. Simeon V. Marcelo, et al....
2025-12-06 11:25:41,081 - WARNING -   ✗ Could not fetch case from any URL
2025-12-06 11:25:41,082 - INFO - 
[19/800] Processing G.R. No. 166299
2025-12-06 11:25:41,082 - INFO -   Title: Aurelio K. Litonjua Jr., vs. Eduardo K. Litonjua, Sr., et al...
2025-12-06 11:25:42,049 - WARNING -   ✗ Could not fetch case from any URL
2025-12-06 11:25:42,049 - INFO - 
[20/800] Processing G.R. No. 168056
2025-12-06 11:25:42,049 - INFO -   Title: ABAKADA Guro Party List Officers Samson S. Alcantara, et al....
2025-12-06 11:25:43,185 - INFO -   Case already exists: RESTRUCTURED_DB/2005/sep/168056.json
2025-12-06 11:25:43,685 - INFO - 
[21/800] Processing G.R. No. 200553
2025-12-06 11:25:43,685 - INFO -   Title: Spouses Gildardo C. Loquellano and Roslina Juliet B. Loquell...
2025-12-06 11:25:44,651 - WARNING -   ✗ Could not fetch case from any URL
2025-12-06 11:25:44,651 - INFO - 
[22/800] Processing G.R. No. 52341
2025-12-06 11:25:44,651 - INFO -   Title: Delia Preagido et al. vs. Sandiganbayan, et al....
2025-12-06 11:25:45,616 - WARNING -   ✗ Could not fetch case from any URL
2025-12-06 11:25:45,616 - INFO - 
[23/800] Processing G.R. No. 132361
2025-12-06 11:25:45,616 - INFO -   Title: Eduardo Adriano, et al. vs. Court of Appelas...
2025-12-06 11:25:46,582 - WARNING -   ✗ Could not fetch case from any URL
2025-12-06 11:25:46,582 - INFO - 
[24/800] Processing G.R. No. 138526
2025-12-06 11:25:46,582 - INFO -   Title: Marcelino Tan vs. Court of Appeals, et al....
2025-12-06 11:25:47,549 - WARNING -   ✗ Could not fetch case from any URL
2025-12-06 11:25:47,549 - INFO - 
[25/800] Processing G.R. No. 138624
2025-12-06 11:25:47,549 - INFO -   Title: Solomon Torrado, et al. vs. Veronica Baluyot, et al....
2025-12-06 11:25:48,514 - WARNING -   ✗ Could not fetch case from any URL
2025-12-06 11:25:48,515 - INFO - 
[26/800] Processing G.R. No. 139565
2025-12-06 11:25:48,515 - INFO -   Title: Baltazar N. Endriga, et al. vs. Armita B. Rufino, et al....
2025-12-06 11:25:49,480 - WARNING -   ✗ Could not fetch case from any URL
2025-12-06 11:25:49,481 - INFO - 
[27/800] Processing G.R. No. 140857
2025-12-06 11:25:49,481 - INFO -   Title: CityTrust Investment Phils. vs. Asianbank Corp...
2025-12-06 11:25:50,446 - WARNING -   ✗ Could not fetch case from any URL
2025-12-06 11:25:50,447 - INFO - 
[28/800] Processing G.R. No. 141174
2025-12-06 11:25:50,447 - INFO -   Title: Aladdin F. Trinidad, et al. vs. Republic of the Philippines...
2025-12-06 11:25:51,931 - WARNING -   ✗ Could not fetch case from any URL
2025-12-06 11:25:51,931 - INFO - 
[29/800] Processing G.R. No. 143177
2025-12-06 11:25:51,931 - INFO -   Title: New World Properties etc. vs. Advances Foundation Constructi...
2025-12-06 11:25:52,908 - WARNING -   ✗ Could not fetch case from any URL
2025-12-06 11:25:52,908 - INFO - 
[30/800] Processing G.R. No. 144300
2025-12-06 11:25:52,908 - INFO -   Title: South Pacific Plastic Mfg. Corp vs. the Manila Electric Co....
2025-12-06 11:25:53,885 - WARNING -   ✗ Could not fetch case from any URL
2025-12-06 11:25:53,886 - INFO - 
[31/800] Processing G.R. No. 145844
2025-12-06 11:25:53,886 - INFO -   Title: Nagkahiusang Namumuo sa Dasuceco-National et al. vs. Davao S...
2025-12-06 11:25:54,862 - WARNING -   ✗ Could not fetch case from any URL
2025-12-06 11:25:54,862 - INFO - 
[32/800] Processing G.R. No. 146295
2025-12-06 11:25:54,862 - INFO -   Title: Pepsi-Cola Products Phil., Inc. vs. Court of Appeals, et al....
2025-12-06 11:25:55,839 - WARNING -   ✗ Could not fetch case from any URL
2025-12-06 11:25:55,839 - INFO - 
[33/800] Processing G.R. No. 151991
2025-12-06 11:25:55,839 - INFO -   Title: Trans-asia Shipping Lines, Inc. vs. Prudential Guarantee and...
2025-12-06 11:25:56,820 - WARNING -   ✗ Could not fetch case from any URL
2025-12-06 11:25:56,820 - INFO - 
[34/800] Processing G.R. No. 152347
2025-12-06 11:25:56,820 - INFO -   Title: Union Bank of the Phil. vs. Sps. Alfredo Ong etc....
2025-12-06 11:25:57,285 - INFO -   ✓ Saved: RESTRUCTURED_DB/2006/jun/152347.json
2025-12-06 11:25:57,785 - INFO - 
[35/800] Processing G.R. No. 152459
2025-12-06 11:25:57,786 - INFO -   Title: Emelita Leonardo, et al. vs. Court of Appeals, et al....
2025-12-06 11:25:58,033 - INFO -   ✓ Saved: RESTRUCTURED_DB/2006/jun/152459.json
2025-12-06 11:25:58,533 - INFO - 
[36/800] Processing G.R. No. 152471
2025-12-06 11:25:58,533 - INFO -   Title: Fiesta World Mall Corporation vs. Linberg Philippines, Inc...
2025-12-06 11:25:58,788 - INFO -   ✓ Saved: RESTRUCTURED_DB/2006/aug/152471.json
2025-12-06 11:25:59,288 - INFO - 
[37/800] Processing G.R. No. 152483
2025-12-06 11:25:59,288 - INFO -   Title: Rural Banle of Siaton, Inc. vs. Felix Macajilos, et al....
2025-12-06 11:25:59,758 - INFO -   ✓ Saved: RESTRUCTURED_DB/2006/jul/152483.json
2025-12-06 11:26:00,258 - INFO - 
[38/800] Processing G.R. No. 152518
2025-12-06 11:26:00,258 - INFO -   Title: Sps. Prisco P. Cal etc. vs. Mariano A. Zosa, et al....
2025-12-06 11:26:00,506 - INFO -   ✓ Saved: RESTRUCTURED_DB/2006/jul/152518.json
2025-12-06 11:26:01,006 - INFO - 
[39/800] Processing G.R. No. 152544
2025-12-06 11:26:01,006 - INFO -   Title: Purificacion Buñing & Romeo Buñing vs. Cecilio Santos...
2025-12-06 11:26:01,253 - INFO -   ✓ Saved: RESTRUCTURED_DB/2006/sep/152544.json
2025-12-06 11:26:01,754 - INFO - 
[40/800] Processing G.R. No. 152551
2025-12-06 11:26:01,754 - INFO -   Title: General Bank & Trust Co. vs. Central Bank of the Phil., et a...
2025-12-06 11:26:02,442 - INFO -   ✓ Saved: RESTRUCTURED_DB/2006/jun/152551.json
2025-12-06 11:26:02,942 - INFO - 
[41/800] Processing G.R. No. 152570
2025-12-06 11:26:02,942 - INFO -   Title: SAAD Agro-Industry vs. Republic of the Philippines...
2025-12-06 11:26:03,191 - INFO -   ✓ Saved: RESTRUCTURED_DB/2006/sep/152570.json
2025-12-06 11:26:03,691 - INFO - 
[42/800] Processing G.R. No. 152613
2025-12-06 11:26:03,691 - INFO -   Title: Apex Mining Co., Inc. vs. Southeast Mindanao Gold Mining Cor...
2025-12-06 11:26:04,156 - INFO -   ✓ Saved: RESTRUCTURED_DB/2006/jun/152613.json
2025-12-06 11:26:04,656 - INFO - 
[43/800] Processing G.R. No. 152616
2025-12-06 11:26:04,656 - INFO -   Title: Philemploy Services and Resources, Inc. vs. Anita Rodriguez...
2025-12-06 11:26:05,121 - INFO -   ✓ Saved: RESTRUCTURED_DB/2006/mar/152616.json
2025-12-06 11:26:05,622 - INFO - 
[44/800] Processing G.R. No. 152619
2025-12-06 11:26:05,622 - INFO -   Title: Balite Communal Portal Mining Cooperative vs. Southeast Mind...
2025-12-06 11:26:06,598 - WARNING -   ✗ Could not fetch case from any URL
2025-12-06 11:26:06,599 - INFO - 
[45/800] Processing G.R. No. 152640
2025-12-06 11:26:06,599 - INFO -   Title: Dept. of Agrarian Reform etc. vs. Phil Communications Satell...
2025-12-06 11:26:06,846 - INFO -   ✓ Saved: RESTRUCTURED_DB/2006/jun/152640.json
2025-12-06 11:26:07,346 - INFO - 
[46/800] Processing G.R. No. 152644
2025-12-06 11:26:07,346 - INFO -   Title: John Eric Loney, Et Al. vs. People of the Philippines...
2025-12-06 11:26:07,809 - INFO -   ✓ Saved: RESTRUCTURED_DB/2006/feb/152644.json
2025-12-06 11:26:08,310 - INFO - 
[47/800] Processing G.R. No. 152651
2025-12-06 11:26:08,310 - INFO -   Title: Andabai T. Arimao vs. Saadea P. Taher...
2025-12-06 11:26:08,773 - INFO -   ✓ Saved: RESTRUCTURED_DB/2006/aug/152651.json
2025-12-06 11:26:09,274 - INFO - 
[48/800] Processing G.R. No. 152652
2025-12-06 11:26:09,274 - INFO -   Title: Teodoro Sta. Ana vs. Lourdes Panlasigue, et al....
2025-12-06 11:26:09,531 - INFO -   ✓ Saved: RESTRUCTURED_DB/2006/aug/152652.json
2025-12-06 11:26:10,031 - INFO - 
[49/800] Processing G.R. No. 152714
2025-12-06 11:26:10,031 - INFO -   Title: Pangasinan Five Star Bus Co., Inc. vs. Spouses Leon & Luisa ...
2025-12-06 11:26:10,279 - INFO -   ✓ Saved: RESTRUCTURED_DB/2006/aug/152714.json
2025-12-06 11:26:10,779 - INFO - 
[50/800] Processing G.R. No. 152809
2025-12-06 11:26:10,779 - INFO -   Title: Mercedes Moralidad vs. Sps. Diosdado Pemes etc....
2025-12-06 11:26:11,242 - INFO -   ✓ Saved: RESTRUCTURED_DB/2006/aug/152809.json
2025-12-06 11:26:11,742 - INFO - 
[51/800] Processing G.R. No. 152843
2025-12-06 11:26:11,742 - INFO -   Title: Intercontinental Broadcasting Corporation vs. Reynaldo Bened...
2025-12-06 11:26:12,217 - INFO -   ✓ Saved: RESTRUCTURED_DB/2006/jul/152843.json
2025-12-06 11:26:12,717 - INFO - 
[52/800] Processing G.R. No. 152848
2025-12-06 11:26:12,717 - INFO -   Title: Teresita Suson y Banzon, et al. vs. People of the Philippine...
2025-12-06 11:26:13,181 - INFO -   ✓ Saved: RESTRUCTURED_DB/2006/jul/152848.json
2025-12-06 11:26:13,681 - INFO - 
[53/800] Processing G.R. No. 152870
2025-12-06 11:26:13,681 - INFO -   Title: Mines Adjucation Board & its Members vs. Southeast Mindanao ...
2025-12-06 11:26:14,656 - WARNING -   ✗ Could not fetch case from any URL
2025-12-06 11:26:14,657 - INFO - 
[54/800] Processing G.R. No. 152903
2025-12-06 11:26:14,657 - INFO -   Title: Thomasita Rodriguez vs. Rolando Gadiane, et al....
2025-12-06 11:26:14,903 - INFO -   ✓ Saved: RESTRUCTURED_DB/2006/jul/152903.json
2025-12-06 11:26:15,404 - INFO - 
[55/800] Processing G.R. No. 152921
2025-12-06 11:26:15,404 - INFO -   Title: Ruben S. Sia vs. Erlinda M. Villanueva...
2025-12-06 11:26:15,865 - INFO -   ✓ Saved: RESTRUCTURED_DB/2006/oct/152921.json
2025-12-06 11:26:16,366 - INFO - 
[56/800] Processing G.R. No. 152922
2025-12-06 11:26:16,366 - INFO -   Title: Dakila Trading Corp. vs. Professional Services, Inc...
2025-12-06 11:26:16,828 - INFO -   ✓ Saved: RESTRUCTURED_DB/2006/jul/152922.json
2025-12-06 11:26:17,328 - INFO - 
[57/800] Processing G.R. No. 152948
2025-12-06 11:26:17,328 - INFO -   Title: Almeda Development & Equipment Corp.,et al. vs. Metro Motors...
2025-12-06 11:26:17,588 - INFO -   ✓ Saved: RESTRUCTURED_DB/2006/sep/152948.json
2025-12-06 11:26:18,089 - INFO - 
[58/800] Processing G.R. No. 152950
2025-12-06 11:26:18,089 - INFO -   Title: People et al. vs. Christopher Choi...
2025-12-06 11:26:18,564 - INFO -   ✓ Saved: RESTRUCTURED_DB/2006/aug/152950.json
2025-12-06 11:26:19,064 - INFO - 
[59/800] Processing G.R. No. 152984
2025-12-06 11:26:19,065 - INFO -   Title: William G. Kwong vs. Atty. Ramon Gargantos, et al....
2025-12-06 11:26:19,324 - INFO -   ✓ Saved: RESTRUCTURED_DB/2006/nov/152984.json
2025-12-06 11:26:19,824 - INFO - 
[60/800] Processing G.R. No. 153022
2025-12-06 11:26:19,824 - INFO -   Title: National Power Corporation vs. Agustin A. Zozobrado...
2025-12-06 11:26:20,286 - INFO -   ✓ Saved: RESTRUCTURED_DB/2006/apr/153022.json
2025-12-06 11:26:20,787 - INFO - 
[61/800] Processing G.R. No. 153031
2025-12-06 11:26:20,787 - INFO -   Title: PCL Shipping Philippines, Inc., et al. vs. National Labor Re...
2025-12-06 11:26:21,251 - INFO -   ✓ Saved: RESTRUCTURED_DB/2006/dec/153031.json
2025-12-06 11:26:21,751 - INFO - 
[62/800] Processing G.R. No. 153057
2025-12-06 11:26:21,751 - INFO -   Title: Mr. & Mrs. George R. Tan vs. G.V.T. Engineering Services, et...
2025-12-06 11:26:22,215 - INFO -   ✓ Saved: RESTRUCTURED_DB/2006/aug/153057.json
2025-12-06 11:26:22,716 - INFO - 
[63/800] Processing G.R. No. 153133
2025-12-06 11:26:22,716 - INFO -   Title: Mely Nierva vs. People of the Philippines...
2025-12-06 11:26:22,965 - INFO -   ✓ Saved: RESTRUCTURED_DB/2006/sep/153133.json
2025-12-06 11:26:23,465 - INFO - 
[64/800] Processing G.R. No. 153134
2025-12-06 11:26:23,465 - INFO -   Title: Banco Filipino Savings and Mortgage Bank vs. Antonio G. Diaz...
2025-12-06 11:26:23,935 - INFO -   ✓ Saved: RESTRUCTURED_DB/2006/jun/153134.json
2025-12-06 11:26:24,435 - INFO - 
[65/800] Processing G.R. No. 153171
2025-12-06 11:26:24,435 - INFO -   Title: Sps. Rodolfo Carpio, et al. vs. Rural Bank of Sto. Tomas (Ba...
2025-12-06 11:26:24,689 - INFO -   ✓ Saved: RESTRUCTURED_DB/2006/may/153171.json
2025-12-06 11:26:25,190 - INFO - 
[66/800] Processing G.R. No. 153193
2025-12-06 11:26:25,190 - INFO -   Title: Pamplona Plantation Company vs. Ramon Acosta, et al....
2025-12-06 11:26:25,652 - INFO -   ✓ Saved: RESTRUCTURED_DB/2006/dec/153193.json
2025-12-06 11:26:26,152 - INFO - 
[67/800] Processing G.R. No. 153198
2025-12-06 11:26:26,152 - INFO -   Title: Crisanta B. Bonifacio vs. People of the Philippines...
2025-12-06 11:26:26,400 - INFO -   ✓ Saved: RESTRUCTURED_DB/2006/jul/153198.json
2025-12-06 11:26:26,900 - INFO - 
[68/800] Processing G.R. No. 153206
2025-12-06 11:26:26,900 - INFO -   Title: Ong Eng Kiam a.k.a. William Ong vs. Lucita G. Ong...
2025-12-06 11:26:27,363 - INFO -   ✓ Saved: RESTRUCTURED_DB/2006/oct/153206.json
2025-12-06 11:26:27,863 - INFO - 
[69/800] Processing G.R. No. 153414
2025-12-06 11:26:27,863 - INFO -   Title: Victoria G. Callangan vs. People of the Philippines...
2025-12-06 11:26:28,110 - INFO -   ✓ Saved: RESTRUCTURED_DB/2006/jun/153414.json
2025-12-06 11:26:28,611 - INFO - 
[70/800] Processing G.R. No. 153468
2025-12-06 11:26:28,611 - INFO -   Title: Paul Lee Tan, et al. vs. Paul Sycip, et al....
2025-12-06 11:26:29,075 - INFO -   ✓ Saved: RESTRUCTURED_DB/2006/aug/153468.json
2025-12-06 11:26:29,575 - INFO - 
[71/800] Processing G.R. No. 153476
2025-12-06 11:26:29,575 - INFO -   Title: HKO AH PAO, et al. vs. Laurence Ting, et al....
2025-12-06 11:26:29,823 - INFO -   ✓ Saved: RESTRUCTURED_DB/2006/sep/153476.json
2025-12-06 11:26:30,324 - INFO - 
[72/800] Processing G.R. No. 153537
2025-12-06 11:26:30,324 - INFO -   Title: Yolanda R. Balayan, et al. vs. Miguel Acorda...
2025-12-06 11:26:30,570 - INFO -   ✓ Saved: RESTRUCTURED_DB/2006/may/153537.json
2025-12-06 11:26:31,071 - INFO - 
[73/800] Processing G.R. No. 153625
2025-12-06 11:26:31,071 - INFO -   Title: Heirs of Marcelino Cabal vs. Spouses Lorenzo Cabal, et al....
2025-12-06 11:26:31,545 - INFO -   ✓ Saved: RESTRUCTURED_DB/2006/jul/153625.json
2025-12-06 11:26:32,046 - INFO - 
[74/800] Processing G.R. No. 153628
2025-12-06 11:26:32,046 - INFO -   Title: Anacleto Santiago vs. Pilar Development Corp., et al....
2025-12-06 11:26:32,293 - INFO -   ✓ Saved: RESTRUCTURED_DB/2006/jul/153628.json
2025-12-06 11:26:32,794 - INFO - 
[75/800] Processing G.R. No. 153650
2025-12-06 11:26:32,794 - INFO -   Title: Fidel V. Amarillo, Jr. vs. the People of the Philippines, et...
2025-12-06 11:26:33,257 - INFO -   ✓ Saved: RESTRUCTURED_DB/2006/aug/153650.json
2025-12-06 11:26:33,757 - INFO - 
[76/800] Processing G.R. No. 153674
2025-12-06 11:26:33,757 - INFO -   Title: Avon Cosmetics, Incorporated, et al. vs. Leticia H. Luna...
2025-12-06 11:26:34,223 - INFO -   ✓ Saved: RESTRUCTURED_DB/2006/dec/153674.json
2025-12-06 11:26:34,723 - INFO - 
[77/800] Processing G.R. No. 153696
2025-12-06 11:26:34,723 - INFO -   Title: Sps. Humberto Delos Santos and Carmencita Delos Santos vs. H...
2025-12-06 11:26:35,186 - INFO -   ✓ Saved: RESTRUCTURED_DB/2006/sep/153696.json
2025-12-06 11:26:35,686 - INFO - 
[78/800] Processing G.R. No. 153721
2025-12-06 11:26:35,686 - INFO -   Title: Philippine National Railways vs. Mario Rustia, et al....
2025-12-06 11:26:35,934 - INFO -   ✓ Saved: RESTRUCTURED_DB/2006/sep/153721.json
2025-12-06 11:26:36,434 - INFO - 
[79/800] Processing G.R. No. 153750
2025-12-06 11:26:36,434 - INFO -   Title: Oriental Shipmanagement Co., Inc., vs. Hon. Court of Appeals...
2025-12-06 11:26:36,910 - INFO -   ✓ Saved: RESTRUCTURED_DB/2006/jan/153750.json
2025-12-06 11:26:37,410 - INFO - 
[80/800] Processing G.R. No. 153756
2025-12-06 11:26:37,410 - INFO -   Title: Atty. Federico Calo, et al. vs. Sps. Jacinta Villanueva...
2025-12-06 11:26:37,663 - INFO -   ✓ Saved: RESTRUCTURED_DB/2006/jan/153756.json
2025-12-06 11:26:38,163 - INFO - 
[81/800] Processing G.R. No. 153758
2025-12-06 11:26:38,163 - INFO -   Title: Felicitas Ycong, et al. vs. Court of Appeals, et al....
2025-12-06 11:26:38,656 - INFO -   ✓ Saved: RESTRUCTURED_DB/2006/feb/153758.json
2025-12-06 11:26:39,156 - INFO - 
[82/800] Processing G.R. No. 153785
2025-12-06 11:26:39,156 - INFO -   Title: Veronique T. Huibonhoa vs. Angel Concepcion, et al....
2025-12-06 11:26:39,403 - INFO -   ✓ Saved: RESTRUCTURED_DB/2006/aug/153785.json
2025-12-06 11:26:39,903 - INFO - 
[83/800] Processing G.R. No. 153793
2025-12-06 11:26:39,903 - INFO -   Title: Commissioner of Internal Revenue vs. Juliane Baier-Nickel...
2025-12-06 11:26:40,366 - INFO -   ✓ Saved: RESTRUCTURED_DB/2006/aug/153793.json
2025-12-06 11:26:40,867 - INFO - 
[84/800] Processing G.R. No. 153794
2025-12-06 11:26:40,867 - INFO -   Title: Sergio Marzonia vs. People of the Philippines...
2025-12-06 11:26:41,120 - INFO -   ✓ Saved: RESTRUCTURED_DB/2006/jun/153794.json
2025-12-06 11:26:41,620 - INFO - 
[85/800] Processing G.R. No. 153795
2025-12-06 11:26:41,620 - INFO -   Title: Ma. Estrelita D. Martinez vs. Director General Leandro Mendo...
2025-12-06 11:26:41,868 - INFO -   ✓ Saved: RESTRUCTURED_DB/2006/aug/153795.json
2025-12-06 11:26:42,368 - INFO - 
[86/800] Processing G.R. No. 153817
2025-12-06 11:26:42,368 - INFO -   Title: Nolito D. Solmayor, et al. vs. Antonio L. Arroyo...
2025-12-06 11:26:42,832 - INFO -   ✓ Saved: RESTRUCTURED_DB/2006/mar/153817.json
2025-12-06 11:26:43,332 - INFO - 
[87/800] Processing G.R. No. 153824
2025-12-06 11:26:43,333 - INFO -   Title: Bernabe Falco, et al. vs. Mercury Freight Int'l Inc., et al....
2025-12-06 11:26:43,579 - INFO -   ✓ Saved: RESTRUCTURED_DB/2006/aug/153824.json
2025-12-06 11:26:44,079 - INFO - 
[88/800] Processing G.R. No. 153827
2025-12-06 11:26:44,079 - INFO -   Title: Asian Construction and Development Corporation vs. Philippin...
2025-12-06 11:26:44,542 - INFO -   ✓ Saved: RESTRUCTURED_DB/2006/apr/153827.json
2025-12-06 11:26:45,042 - INFO - 
[89/800] Processing G.R. No. 153850
2025-12-06 11:26:45,043 - INFO -   Title: Jovendo Del Castillo vs. Abundio Orciga, et al....
2025-12-06 11:26:45,506 - INFO -   ✓ Saved: RESTRUCTURED_DB/2006/aug/153850.json
2025-12-06 11:26:46,006 - INFO - 
[90/800] Processing G.R. No. 153860
2025-12-06 11:26:46,006 - INFO -   Title: Valeriano B. Cano vs. Sps. Vicente and Susan Jumawan...
2025-12-06 11:26:46,257 - INFO -   ✓ Saved: RESTRUCTURED_DB/2006/feb/153860.json
2025-12-06 11:26:46,758 - INFO - 
[91/800] Processing G.R. No. 153875
2025-12-06 11:26:46,758 - INFO -   Title: People of the Philippines vs. Rolando Dagani y Reyes, et al....
2025-12-06 11:26:47,223 - INFO -   ✓ Saved: RESTRUCTURED_DB/2006/aug/153875.json
2025-12-06 11:26:47,723 - INFO - 
[92/800] Processing G.R. No. 153925
2025-12-06 11:26:47,723 - INFO -   Title: Food Terminal, Inc., et al. vs. Shoppers Paradise Fti Corpor...
2025-12-06 11:26:47,971 - INFO -   ✓ Saved: RESTRUCTURED_DB/2006/aug/153925.json
2025-12-06 11:26:48,472 - INFO - 
[93/800] Processing G.R. No. 153974
2025-12-06 11:26:48,472 - INFO -   Title: Miguel Beluso, et al. vs. the Municipality of Panay (Capiz)...
2025-12-06 11:26:48,934 - INFO -   ✓ Saved: RESTRUCTURED_DB/2006/aug/153974.json
2025-12-06 11:26:49,435 - INFO - 
[94/800] Processing G.R. No. 153979
2025-12-06 11:26:49,435 - INFO -   Title: Regino Sy Catiis vs. Court of Appeals, et al....
2025-12-06 11:26:49,898 - INFO -   ✓ Saved: RESTRUCTURED_DB/2006/feb/153979.json
2025-12-06 11:26:50,398 - INFO - 
[95/800] Processing G.R. No. 154006
2025-12-06 11:26:50,398 - INFO -   Title: Star Paper Corporation vs. Carlito Espiritu, et al....
2025-12-06 11:26:50,656 - INFO -   ✓ Saved: RESTRUCTURED_DB/2006/nov/166755.json
2025-12-06 11:26:51,157 - INFO - 
[96/800] Processing G.R. No. 154019
2025-12-06 11:26:51,157 - INFO -   Title: Julian Elbiña vs. Felisa, et al....
2025-12-06 11:26:51,404 - INFO -   ✓ Saved: RESTRUCTURED_DB/2006/aug/154019.json
2025-12-06 11:26:51,905 - INFO - 
[97/800] Processing G.R. No. 154101
2025-12-06 11:26:51,905 - INFO -   Title: EJR Crafts Corporation vs. Hon. Court of Appeals, et al....
2025-12-06 11:26:52,366 - INFO -   ✓ Saved: RESTRUCTURED_DB/2006/mar/154101.json
2025-12-06 11:26:52,867 - INFO - 
[98/800] Processing G.R. No. 154126
2025-12-06 11:26:52,867 - INFO -   Title: Allied Banking Corporation vs. the Quezon City Government, e...
2025-12-06 11:26:53,122 - INFO -   ✓ Saved: RESTRUCTURED_DB/2006/sep/154126.json
2025-12-06 11:26:53,622 - INFO - 
[99/800] Processing G.R. No. 154131
2025-12-06 11:26:53,622 - INFO -   Title: Securities and Exchange Commission vs. Performance Foreign E...
2025-12-06 11:26:54,085 - INFO -   ✓ Saved: RESTRUCTURED_DB/2006/jul/154131.json
2025-12-06 11:26:54,585 - INFO - 
[100/800] Processing G.R. No. 154132
2025-12-06 11:26:54,585 - INFO -   Title: Hiyas Savings and Loan Bank, Inc vs. Hon. Edmundo T. Acuña, ...
2025-12-06 11:26:55,050 - INFO -   ✓ Saved: RESTRUCTURED_DB/2006/aug/154132.json
2025-12-06 11:26:55,551 - INFO - 
[101/800] Processing G.R. No. 154156
2025-12-06 11:26:55,551 - INFO -   Title: JMA House Incorporated vs. Sta. Monica Industrial and Develo...
2025-12-06 11:26:56,019 - INFO -   ✓ Saved: RESTRUCTURED_DB/2006/aug/154156.json
2025-12-06 11:26:56,519 - INFO - 
[102/800] Processing G.R. No. 154235
2025-12-06 11:26:56,519 - INFO -   Title: Alfredo O. Estrera vs. the Hon. Court of Appeals, et al....
2025-12-06 11:26:56,767 - INFO -   ✓ Saved: RESTRUCTURED_DB/2006/aug/154235.json
2025-12-06 11:26:57,267 - INFO - 
[103/800] Processing G.R. No. 154282
2025-12-06 11:26:57,267 - INFO -   Title: Vangie Barrazona vs. Regional Trial Court, et al....
2025-12-06 11:26:57,514 - INFO -   ✓ Saved: RESTRUCTURED_DB/2006/apr/154282.json
2025-12-06 11:26:58,014 - INFO - 
[104/800] Processing G.R. No. 154284
2025-12-06 11:26:58,014 - INFO -   Title: Bibiana Farms & Mills, Inc. vs. National Labor Relations Com...
2025-12-06 11:26:58,485 - INFO -   ✓ Saved: RESTRUCTURED_DB/2006/oct/154284.json
2025-12-06 11:26:58,986 - INFO - 
[105/800] Processing G.R. No. 154286
2025-12-06 11:26:58,986 - INFO -   Title: Magdalena Coruña, et al. vs. Saturnino Cinamin, et al....
2025-12-06 11:26:59,450 - INFO -   ✓ Saved: RESTRUCTURED_DB/2006/feb/154286.json
2025-12-06 11:26:59,950 - INFO - 
[106/800] Processing G.R. No. 154322
2025-12-06 11:26:59,950 - INFO -   Title: Emilia Figuracion-Gerilla vs. Carolina Vda. De Figuracion, e...
2025-12-06 11:27:00,197 - INFO -   ✓ Saved: RESTRUCTURED_DB/2006/aug/154322.json
2025-12-06 11:27:00,698 - INFO - 
[107/800] Processing G.R. No. 154334
2025-12-06 11:27:00,698 - INFO -   Title: Sps. Jeffrey & Josephine Khonghun vs. United Coconut Planter...
2025-12-06 11:27:01,622 - INFO -   ✓ Saved: RESTRUCTURED_DB/2006/jul/154334.json
2025-12-06 11:27:02,122 - INFO - 
[108/800] Processing G.R. No. 154386
2025-12-06 11:27:02,122 - INFO -   Title: Government Service Insurance System vs. Ernesto A. Villamayo...
2025-12-06 11:27:02,585 - INFO -   ✓ Saved: RESTRUCTURED_DB/2006/aug/154386.json
2025-12-06 11:27:03,085 - INFO - 
[109/800] Processing G.R. No. 154430
2025-12-06 11:27:03,085 - INFO -   Title: Sps. Jose N. Binarao etc. vs. Plus Builders, Inc...
2025-12-06 11:27:03,346 - INFO -   ✓ Saved: RESTRUCTURED_DB/2006/jun/154430.json
2025-12-06 11:27:03,846 - INFO - 
[110/800] Processing G.R. No. 154463
2025-12-06 11:27:03,846 - INFO -   Title: Cebu Metal Corporation vs. Gregorio Robert Saliling, et al....
2025-12-06 11:27:04,311 - INFO -   ✓ Saved: RESTRUCTURED_DB/2006/sep/154463.json
2025-12-06 11:27:04,811 - INFO - 
[111/800] Processing G.R. No. 154469
2025-12-06 11:27:04,811 - INFO -   Title: Metropolitan Bank and Trust Company vs. Renato D. Cabilzo...
2025-12-06 11:27:05,303 - INFO -   ✓ Saved: RESTRUCTURED_DB/2006/dec/154469.json
2025-12-06 11:27:05,803 - INFO - 
[112/800] Processing G.R. No. 154490
2025-12-06 11:27:05,804 - INFO -   Title: Spouses Romulo and Guillerma Cuba vs. Manuel V. Cuenco, Jr...
2025-12-06 11:27:06,058 - INFO -   ✓ Saved: RESTRUCTURED_DB/2006/sep/154490.json
2025-12-06 11:27:06,559 - INFO - 
[113/800] Processing G.R. No. 154493
2025-12-06 11:27:06,559 - INFO -   Title: Reynaldo Villanueva vs. Philippine National Bank...
2025-12-06 11:27:07,023 - INFO -   ✓ Saved: RESTRUCTURED_DB/2006/dec/154493.json
2025-12-06 11:27:07,523 - INFO - 
[114/800] Processing G.R. No. 154522
2025-12-06 11:27:07,523 - INFO -   Title: Republic of the Philippines vs. Cabrini Green & Ross, Inc., ...
2025-12-06 11:27:07,783 - INFO -   ✓ Saved: RESTRUCTURED_DB/2006/may/154522.json
2025-12-06 11:27:08,284 - INFO - 
[115/800] Processing G.R. No. 154532
2025-12-06 11:27:08,284 - INFO -   Title: Petron Corporation, et al. vs. National Labor Relations Comm...
2025-12-06 11:27:08,973 - INFO -   ✓ Saved: RESTRUCTURED_DB/2006/oct/154532.json
2025-12-06 11:27:09,473 - INFO - 
[116/800] Processing G.R. No. 154565
2025-12-06 11:27:09,473 - INFO -   Title: Remedios Ramos vs. Tessie Pabas...
2025-12-06 11:27:09,733 - INFO -   ✓ Saved: RESTRUCTURED_DB/2006/nov/146364.json
2025-12-06 11:27:10,233 - INFO - 
[117/800] Processing G.R. No. 154628
2025-12-06 11:27:10,233 - INFO -   Title: Estrellita G. Salazar vs. Philippine Duplicators, Inc....
2025-12-06 11:27:10,698 - INFO -   ✓ Saved: RESTRUCTURED_DB/2006/dec/154628.json
2025-12-06 11:27:11,198 - INFO - 
[118/800] Processing G.R. No. 154665
2025-12-06 11:27:11,198 - INFO -   Title: Manuel Leycano, Jr. vs. Commission on Audit...
2025-12-06 11:27:11,662 - INFO -   ✓ Saved: RESTRUCTURED_DB/2006/feb/154665.json
2025-12-06 11:27:12,162 - INFO - 
[119/800] Processing G.R. No. 154685
2025-12-06 11:27:12,162 - INFO -   Title: Metropolitan Bank and Trust Company, et al. vs. Court of App...
2025-12-06 11:27:12,412 - INFO -   ✓ Saved: RESTRUCTURED_DB/2006/nov/154685.json
2025-12-06 11:27:12,912 - INFO - 
[120/800] Processing G.R. No. 154694
2025-12-06 11:27:12,912 - INFO -   Title: Republic of the Philippines vs. R.A.B. Realty, Inc., et. al....
2025-12-06 11:27:13,891 - WARNING -   ✗ Could not fetch case from any URL
2025-12-06 11:27:13,891 - INFO - 
[121/800] Processing G.R. No. 155058
2025-12-06 11:27:13,891 - INFO -   Title: Pinakamasarap Corporation vs. NLRC, et al....
2025-12-06 11:27:14,139 - INFO -   ✓ Saved: RESTRUCTURED_DB/2006/sep/155058.json
2025-12-06 11:27:14,639 - INFO - 
[122/800] Processing G.R. No. 155066
2025-12-06 11:27:14,639 - INFO -   Title: Heirs of the deceased Pedro Avendano, et al. vs. DBP...
2025-12-06 11:27:14,900 - INFO -   ✓ Saved: RESTRUCTURED_DB/2006/aug/155066.json
2025-12-06 11:27:15,400 - INFO - 
[123/800] Processing G.R. No. 155076
2025-12-06 11:27:15,400 - INFO -   Title: Luis Marcos P. Laurel vs. Hon. Zeus C. Abrogar, et al....
2025-12-06 11:27:16,081 - INFO -   ✓ Saved: RESTRUCTURED_DB/2006/feb/155076.json
2025-12-06 11:27:16,581 - INFO - 
[124/800] Processing G.R. No. 155088
2025-12-06 11:27:16,582 - INFO -   Title: Dr. Mussolini C. Barillo, et al. vs. Hon. Margarito Gervacio...
2025-12-06 11:27:16,831 - INFO -   ✓ Saved: RESTRUCTURED_DB/2006/aug/155088.json
2025-12-06 11:27:17,331 - INFO - 
[125/800] Processing G.R. No. 155146
2025-12-06 11:27:17,331 - INFO -   Title: Dr. Perla A. Postigo, et al. vs. Philippine Tuberculosis Soc...
2025-12-06 11:27:17,588 - INFO -   ✓ Saved: RESTRUCTURED_DB/2006/jan/155146.json
2025-12-06 11:27:18,088 - INFO - 
[126/800] Processing G.R. No. 155150
2025-12-06 11:27:18,088 - INFO -   Title: Emelita A. Ramirez vs. National Labor Relations Commission, ...
2025-12-06 11:27:18,335 - INFO -   ✓ Saved: RESTRUCTURED_DB/2006/aug/155150.json
2025-12-06 11:27:18,835 - INFO - 
[127/800] Processing G.R. No. 155224
2025-12-06 11:27:18,835 - INFO -   Title: Vinson B. Pineda vs. Atty. Clodualdo C. De Jesus, et al....
2025-12-06 11:27:19,083 - INFO -   ✓ Saved: RESTRUCTURED_DB/2006/aug/155224.json
2025-12-06 11:27:19,583 - INFO - 
[128/800] Processing G.R. No. 155336
2025-12-06 11:27:19,583 - INFO -   Title: Commission on Human Rights Employees Association (CHREA) vs...
2025-12-06 11:27:20,263 - INFO -   ✓ Saved: RESTRUCTURED_DB/2006/jul/155336.json
2025-12-06 11:27:20,764 - INFO - 
[129/800] Processing G.R. No. 155359
2025-12-06 11:27:20,764 - INFO -   Title: Sps. Ponciano Aya-Ay, Sr., et al. vs. Arpaphil Shipping Corp...
2025-12-06 11:27:21,013 - INFO -   ✓ Saved: RESTRUCTURED_DB/2006/jan/155359.json
2025-12-06 11:27:21,514 - INFO - 
[130/800] Processing G.R. No. 155392
2025-12-06 11:27:21,514 - INFO -   Title: Erlinda Guanzon vs. Andrew P. Arradaza, et al....
2025-12-06 11:27:21,769 - INFO -   ✓ Saved: RESTRUCTURED_DB/2006/dec/155392.json
2025-12-06 11:27:22,269 - INFO - 
[131/800] Processing G.R. No. 155395
2025-12-06 11:27:22,269 - INFO -   Title: In re: Petitioner for cancellation of the union etc....
2025-12-06 11:27:22,517 - INFO -   ✓ Saved: RESTRUCTURED_DB/2006/jun/155395.json
2025-12-06 11:27:23,017 - INFO - 
[132/800] Processing G.R. No. 155403
2025-12-06 11:27:23,017 - INFO -   Title: Honorio Torres, Jr. vs. the Honorable Antonio M. Esteves, et...
2025-12-06 11:27:23,482 - INFO -   ✓ Saved: RESTRUCTURED_DB/2006/mar/155403.json
2025-12-06 11:27:23,982 - INFO - 
[133/800] Processing G.R. No. 155488
2025-12-06 11:27:23,982 - INFO -   Title: Erlinda R. Velayo-Fong vs. Spouses Raymond and Maria Hedy Ve...
2025-12-06 11:27:24,446 - INFO -   ✓ Saved: RESTRUCTURED_DB/2006/dec/155488.json
2025-12-06 11:27:24,946 - INFO - 
[134/800] Processing G.R. No. 155508
2025-12-06 11:27:24,946 - INFO -   Title: Heirs of Pedro Clemeña Y Zurbano vs. Heirs of Irene B. Bien...
2025-12-06 11:27:25,201 - INFO -   ✓ Saved: RESTRUCTURED_DB/2006/sep/155508.json
2025-12-06 11:27:25,701 - INFO - 
[135/800] Processing G.R. No. 155554
2025-12-06 11:27:25,701 - INFO -   Title: Republic of the Philippines vs. Mario N. Misa, et. al....
2025-12-06 11:27:26,678 - WARNING -   ✗ Could not fetch case from any URL
2025-12-06 11:27:26,678 - INFO - 
[136/800] Processing G.R. No. 155574
2025-12-06 11:27:26,678 - INFO -   Title: Timoteo A. Garcia vs. Sandiganbayan...
2025-12-06 11:27:27,144 - INFO -   ✓ Saved: RESTRUCTURED_DB/2006/nov/155574.json
2025-12-06 11:27:27,645 - INFO - 
[137/800] Processing G.R. No. 155605
2025-12-06 11:27:27,645 - INFO -   Title: Leca Realty Corporation vs. Republic of the Philippines...
2025-12-06 11:27:28,110 - INFO -   ✓ Saved: RESTRUCTURED_DB/2006/sep/155605.json
2025-12-06 11:27:28,610 - INFO - 
[138/800] Processing G.R. No. 155645
2025-12-06 11:27:28,610 - INFO -   Title: Philippine Long Distance Telephone Company, Inc. (PLDT) vs. ...
2025-12-06 11:27:28,857 - INFO -   ✓ Saved: RESTRUCTURED_DB/2006/nov/155645.json
2025-12-06 11:27:29,358 - INFO - 
[139/800] Processing G.R. No. 155650
2025-12-06 11:27:29,358 - INFO -   Title: Manila International Airport Authority vs. Court of Appeals,...
2025-12-06 11:27:30,270 - INFO -   ✓ Saved: RESTRUCTURED_DB/2006/jul/155650.json
2025-12-06 11:27:30,770 - INFO - 
[140/800] Processing G.R. No. 155679
2025-12-06 11:27:30,770 - INFO -   Title: Biflex Phils. Inc. Labor Union, et al. vs. Filflex Industria...
2025-12-06 11:27:31,018 - INFO -   ✓ Saved: RESTRUCTURED_DB/2006/dec/155679.json
2025-12-06 11:27:31,518 - INFO - 
[141/800] Processing G.R. No. 155698
2025-12-06 11:27:31,519 - INFO -   Title: Philippine National Oil Company vs. National College of Busi...
2025-12-06 11:27:31,767 - INFO -   ✓ Saved: RESTRUCTURED_DB/2006/jan/155698.json
2025-12-06 11:27:32,267 - INFO - 
[142/800] Processing G.R. No. 155711
2025-12-06 11:27:32,267 - INFO -   Title: Republic of the Philippines vs. Alberto De Los Reyes, et. al...
2025-12-06 11:27:33,245 - WARNING -   ✗ Could not fetch case from any URL
2025-12-06 11:27:33,245 - INFO - 
[143/800] Processing G.R. No. 155713
2025-12-06 11:27:33,245 - INFO -   Title: Milagros G. Lumbuan vs. Alfredo A. Ronquillo...
2025-12-06 11:27:33,492 - INFO -   ✓ Saved: RESTRUCTURED_DB/2006/may/155713.json
2025-12-06 11:27:33,992 - INFO - 
[144/800] Processing G.R. No. 155733
2025-12-06 11:27:33,992 - INFO -   Title: In the matter of the intestate etc. vs. Heirs of Marciana Ru...
2025-12-06 11:27:34,459 - INFO -   ✓ Saved: RESTRUCTURED_DB/2006/jan/155733.json
2025-12-06 11:27:34,960 - INFO - 
[145/800] Processing G.R. No. 155741
2025-12-06 11:27:34,960 - INFO -   Title: Bartolome C. Pelayo vs. Aarema Shipping, et al....
2025-12-06 11:27:35,207 - INFO -   ✓ Saved: RESTRUCTURED_DB/2006/mar/155741.json
2025-12-06 11:27:35,707 - INFO - 
[146/800] Processing G.R. No. 155800
2025-12-06 11:27:35,708 - INFO -   Title: Leonilo Antonio vs. Marie Ivonne F. Reyes...
2025-12-06 11:27:36,391 - INFO -   ✓ Saved: RESTRUCTURED_DB/2006/mar/155800.json
2025-12-06 11:27:36,891 - INFO - 
[147/800] Processing G.R. No. 156013
2025-12-06 11:27:36,891 - INFO -   Title: Roberto P. De Guzman vs. Hernando B. Perez, et al....
2025-12-06 11:27:37,138 - INFO -   ✓ Saved: RESTRUCTURED_DB/2006/jul/156013.json
2025-12-06 11:27:37,638 - INFO - 
[148/800] Processing G.R. No. 156132
2025-12-06 11:27:37,639 - INFO -   Title: Citibank, N.A. (Formerly First National City Bank) vs. Modes...
2025-12-06 11:27:38,548 - INFO -   ✓ Saved: RESTRUCTURED_DB/2006/oct/156132.json
2025-12-06 11:27:39,048 - INFO - 
[149/800] Processing G.R. No. 156178
2025-12-06 11:27:39,048 - INFO -   Title: Philippine National Bank, et al. vs. Refrigeration Industrie...
2025-12-06 11:27:39,305 - INFO -   ✓ Saved: RESTRUCTURED_DB/2006/jan/156178.json
2025-12-06 11:27:39,805 - INFO - 
[150/800] Processing G.R. No. 156207
2025-12-06 11:27:39,805 - INFO -   Title: Equitable PCI Bank vs. Rowena Ong...
2025-12-06 11:27:40,059 - INFO -   ✓ Saved: RESTRUCTURED_DB/2006/sep/156207.json
2025-12-06 11:27:40,559 - INFO - 
[151/800] Processing G.R. No. 156252
2025-12-06 11:27:40,559 - INFO -   Title: Coca-Cola Bottlers Phil., Inc. vs. City of Manila, et al....
2025-12-06 11:27:40,811 - INFO -   ✓ Saved: RESTRUCTURED_DB/2006/jun/156252.json
2025-12-06 11:27:41,311 - INFO - 
[152/800] Processing G.R. No. 156253
2025-12-06 11:27:41,311 - INFO -   Title: Carlos R. Gonzales vs. Civil Service Comm., et al....
2025-12-06 11:27:41,572 - INFO -   ✓ Saved: RESTRUCTURED_DB/2006/jun/156253.json
2025-12-06 11:27:42,072 - INFO - 
[153/800] Processing G.R. No. 156294
2025-12-06 11:27:42,072 - INFO -   Title: Melva Theresa Alviar Gonzales vs. Rizal Commercial Banking C...
2025-12-06 11:27:42,319 - INFO -   ✓ Saved: RESTRUCTURED_DB/2006/nov/156294.json
2025-12-06 11:27:42,819 - INFO - 
[154/800] Processing G.R. No. 156304
2025-12-06 11:27:42,819 - INFO -   Title: Anacleto R. Meneses, et al. vs. Secretary of Agrarian Reform...
2025-12-06 11:27:43,282 - INFO -   ✓ Saved: RESTRUCTURED_DB/2006/oct/156304.json
2025-12-06 11:27:43,782 - INFO - 
[155/800] Processing G.R. No. 156336
2025-12-06 11:27:43,783 - INFO -   Title: PNB Credit Card Corporation vs. Matilde M. Rodriguez...
2025-12-06 11:27:44,250 - INFO -   ✓ Saved: RESTRUCTURED_DB/2006/aug/156336.json
2025-12-06 11:27:44,751 - INFO - 
[156/800] Processing G.R. No. 156383
2025-12-06 11:27:44,751 - INFO -   Title: Vicente B. Chuidian vs. Sandiganbayan (Fifth Division) and t...
2025-12-06 11:27:45,215 - INFO -   ✓ Saved: RESTRUCTURED_DB/2006/jul/156383.json
2025-12-06 11:27:45,715 - INFO - 
[157/800] Processing G.R. No. 156402
2025-12-06 11:27:45,716 - INFO -   Title: Sps. Alfredo Mendoza, et al. vs. Maria Coronel etc....
2025-12-06 11:27:45,966 - INFO -   ✓ Saved: RESTRUCTURED_DB/2006/feb/156402.json
2025-12-06 11:27:46,466 - INFO - 
[158/800] Processing G.R. No. 156427
2025-12-06 11:27:46,466 - INFO -   Title: Amando Tetangco vs. the Hon. Ombudsman, et al....
2025-12-06 11:27:46,713 - INFO -   ✓ Saved: RESTRUCTURED_DB/2006/jan/156427.json
2025-12-06 11:27:47,213 - INFO - 
[159/800] Processing G.R. No. 156481
2025-12-06 11:27:47,214 - INFO -   Title: Civil Service Commission vs. Camilo P. Cabili, et al....
2025-12-06 11:27:48,190 - WARNING -   ✗ Could not fetch case from any URL
2025-12-06 11:27:48,191 - INFO - 
[160/800] Processing G.R. No. 156503
2025-12-06 11:27:48,191 - INFO -   Title: Camilo P. Cabili, et al. vs. Civil Service Commission...
2025-12-06 11:27:48,653 - INFO -   ✓ Saved: RESTRUCTURED_DB/2006/jun/156503.json
2025-12-06 11:27:49,154 - INFO - 
[161/800] Processing G.R. No. 156521
2025-12-06 11:27:49,154 - INFO -   Title: Julito Operiano vs. People of the Philippines...
2025-12-06 11:27:49,618 - INFO -   ✓ Saved: RESTRUCTURED_DB/2006/apr/156521.json
2025-12-06 11:27:50,118 - INFO - 
[162/800] Processing G.R. No. 156536
2025-12-06 11:27:50,118 - INFO -   Title: Joseph Cua vs. Gloria A. Vargas...
2025-12-06 11:27:50,592 - INFO -   ✓ Saved: RESTRUCTURED_DB/2006/oct/156536.json
2025-12-06 11:27:51,092 - INFO - 
[163/800] Processing G.R. No. 156615
2025-12-06 11:27:51,092 - INFO -   Title: Nicolas Padillo vs. Mr. Badere Apas, et al....
2025-12-06 11:27:51,557 - INFO -   ✓ Saved: RESTRUCTURED_DB/2006/apr/156615.json
2025-12-06 11:27:52,057 - INFO - 
[164/800] Processing G.R. No. 156643
2025-12-06 11:27:52,057 - INFO -   Title: Francisco Salvador B. Acejas III vs. People of the Philippin...
2025-12-06 11:27:52,740 - INFO -   ✓ Saved: RESTRUCTURED_DB/2006/jun/156643.json
2025-12-06 11:27:53,240 - INFO - 
[165/800] Processing G.R. No. 156761
2025-12-06 11:27:53,240 - INFO -   Title: Domingo vs. NLRC...
2025-12-06 11:27:53,489 - INFO -   ✓ Saved: RESTRUCTURED_DB/2006/oct/156761.json
2025-12-06 11:27:53,989 - INFO - 
[166/800] Processing G.R. No. 156888
2025-12-06 11:27:53,989 - INFO -   Title: Pedro R. Santiago vs. Subic Bay Metropolitan Authority...
2025-12-06 11:27:54,245 - INFO -   ✓ Saved: RESTRUCTURED_DB/2006/nov/156888.json
2025-12-06 11:27:54,745 - INFO - 
[167/800] Processing G.R. No. 156903
2025-12-06 11:27:54,745 - INFO -   Title: Spouses Carlos and Teresita Rustia vs. Emerita Rivera...
2025-12-06 11:27:54,992 - INFO -   ✓ Saved: RESTRUCTURED_DB/2006/nov/156903.json
2025-12-06 11:27:55,493 - INFO - 
[168/800] Processing G.R. No. 156951
2025-12-06 11:27:55,493 - INFO -   Title: Republic of the Philippines vs. Southside Homeowners Associa...
2025-12-06 11:27:56,174 - INFO -   ✓ Saved: RESTRUCTURED_DB/2006/sep/156951.json
2025-12-06 11:27:56,674 - INFO - 
[169/800] Processing G.R. No. 156956
2025-12-06 11:27:56,674 - INFO -   Title: Republic of the Philippines vs. Del Monte Motors, Inc....
2025-12-06 11:27:56,923 - INFO -   ✓ Saved: RESTRUCTURED_DB/2006/oct/156956.json
2025-12-06 11:27:57,423 - INFO - 
[170/800] Processing G.R. No. 156959
2025-12-06 11:27:57,423 - INFO -   Title: J/Sr. Supt. Josue G. Engano vs. Hon. Court of Appeals, et al...
2025-12-06 11:27:57,671 - INFO -   ✓ Saved: RESTRUCTURED_DB/2006/jun/156959.json
2025-12-06 11:27:58,171 - INFO - 
[171/800] Processing G.R. No. 156965
2025-12-06 11:27:58,171 - INFO -   Title: De Guzman vs. Court of Appelas...
2025-12-06 11:27:58,634 - INFO -   ✓ Saved: RESTRUCTURED_DB/2006/oct/156965.json
2025-12-06 11:27:59,135 - INFO - 
[172/800] Processing G.R. No. 157028
2025-12-06 11:27:59,135 - INFO -   Title: Metropolitan Bank and Trust Co. vs. Luis B. Barrientos...
2025-12-06 11:27:59,597 - INFO -   ✓ Saved: RESTRUCTURED_DB/2006/jan/157028.json
2025-12-06 11:28:00,097 - INFO - 
[173/800] Processing G.R. No. 157064
2025-12-06 11:28:00,097 - INFO -   Title: Barcelon, Roxas Securities, Inc. vs. Commissioner of Interna...
2025-12-06 11:28:00,566 - INFO -   ✓ Saved: RESTRUCTURED_DB/2006/aug/157064.json
2025-12-06 11:28:01,066 - INFO - 
[174/800] Processing G.R. No. 157065
2025-12-06 11:28:01,066 - INFO -   Title: Elpidio S. Uy etc. vs. Hon. Court of Appeals, et al....
2025-12-06 11:28:01,535 - INFO -   ✓ Saved: RESTRUCTURED_DB/2006/jul/157065.json
2025-12-06 11:28:02,035 - INFO - 
[175/800] Processing G.R. No. 157075
2025-12-06 11:28:02,035 - INFO -   Title: Ramcar, Inc. vs. Hi-Power Mktg., et al....
2025-12-06 11:28:02,498 - INFO -   ✓ Saved: RESTRUCTURED_DB/2006/jul/157075.json
2025-12-06 11:28:02,998 - INFO - 
[176/800] Processing G.R. No. 157107
2025-12-06 11:28:02,998 - INFO -   Title: Alpine Lending Investors vs. Estrella Corpuz...
2025-12-06 11:28:03,244 - INFO -   ✓ Saved: RESTRUCTURED_DB/2006/nov/157107.json
2025-12-06 11:28:03,745 - INFO - 
[177/800] Processing G.R. No. 157117
2025-12-06 11:28:03,745 - INFO -   Title: Coastal Subic Bay Terminal, Inc. vs. Department of Labor and...
2025-12-06 11:28:04,210 - INFO -   ✓ Saved: RESTRUCTURED_DB/2006/nov/157117.json
2025-12-06 11:28:04,710 - INFO - 
[178/800] Processing G.R. No. 157133
2025-12-06 11:28:04,711 - INFO -   Title: Business Services of the Future Today, Inc. et al. vs. Court...
2025-12-06 11:28:05,173 - INFO -   ✓ Saved: RESTRUCTURED_DB/2006/jan/157133.json
2025-12-06 11:28:05,673 - INFO - 
[179/800] Processing G.R. No. 157171
2025-12-06 11:28:05,673 - INFO -   Title: Arsenia B. Garcia vs. Honorable Court of Appeals, et al....
2025-12-06 11:28:06,136 - INFO -   ✓ Saved: RESTRUCTURED_DB/2006/mar/157171.json
2025-12-06 11:28:06,636 - INFO - 
[180/800] Processing G.R. No. 157194
2025-12-06 11:28:06,637 - INFO -   Title: Antonio P. Tan vs. Hon. Court of Appeals, et al....
2025-12-06 11:28:07,099 - INFO -   ✓ Saved: RESTRUCTURED_DB/2006/jun/157194.json
2025-12-06 11:28:07,599 - INFO - 
[181/800] Processing G.R. No. 157286
2025-12-06 11:28:07,599 - INFO -   Title: The Public Schools District Supervisors Asso. et al. vs. Hon...
2025-12-06 11:28:08,281 - INFO -   ✓ Saved: RESTRUCTURED_DB/2006/jun/157286.json
2025-12-06 11:28:08,781 - INFO - 
[182/800] Processing G.R. No. 157307
2025-12-06 11:28:08,781 - INFO -   Title: Agustin Rivera, et al. vs. Nemesio David...
2025-12-06 11:28:09,036 - INFO -   ✓ Saved: RESTRUCTURED_DB/2006/feb/157307.json
2025-12-06 11:28:09,537 - INFO - 
[183/800] Processing G.R. No. 157318
2025-12-06 11:28:09,537 - INFO -   Title: Generoso Villanueva, et al. vs. Estate of Gerardo L. Gonzaga...
2025-12-06 11:28:10,000 - INFO -   ✓ Saved: RESTRUCTURED_DB/2006/aug/157318.json
2025-12-06 11:28:10,500 - INFO - 
[184/800] Processing G.R. No. 157331
2025-12-06 11:28:10,500 - INFO -   Title: Arnold Alva vs. Hon. Court of Appeals...
2025-12-06 11:28:10,981 - INFO -   ✓ Saved: RESTRUCTURED_DB/2006/apr/157331.json
2025-12-06 11:28:11,481 - INFO - 
[185/800] Processing G.R. No. 157434
2025-12-06 11:28:11,481 - INFO -   Title: Spouses Claro and Nida Bautista vs. Berlinda F. Silva...
2025-12-06 11:28:11,946 - INFO -   ✓ Saved: RESTRUCTURED_DB/2006/sep/157434.json
2025-12-06 11:28:12,446 - INFO - 
[186/800] Processing G.R. No. 157481
2025-12-06 11:28:12,446 - INFO -   Title: Loadstar Shipping Co., Inc., vs. Pioneer Asia Insurance Corp...
2025-12-06 11:28:12,694 - INFO -   ✓ Saved: RESTRUCTURED_DB/2006/jan/157481.json
2025-12-06 11:28:13,194 - INFO - 
[187/800] Processing G.R. No. 157491
2025-12-06 11:28:13,194 - INFO -   Title: Sps. Proceso Amurao and Minerva Amurao vs. Sps. Jacinto Vill...
2025-12-06 11:28:13,657 - INFO -   ✓ Saved: RESTRUCTURED_DB/2006/jun/157491.json
2025-12-06 11:28:14,158 - INFO - 
[188/800] Processing G.R. No. 157492
2025-12-06 11:28:14,158 - INFO -   Title: Napocor etc. vs. the National Power Corporation (NPC), et al...
2025-12-06 11:28:14,627 - INFO -   ✓ Saved: RESTRUCTURED_DB/2006/mar/157492.json
2025-12-06 11:28:15,127 - INFO - 
[189/800] Processing G.R. No. 157557
2025-12-06 11:28:15,127 - INFO -   Title: Republic of the Philippines (Civil Aeronautics Dministration...
2025-12-06 11:28:15,374 - INFO -   ✓ Saved: RESTRUCTURED_DB/2006/mar/157557.json
2025-12-06 11:28:15,874 - INFO - 
[190/800] Processing G.R. No. 157619
2025-12-06 11:28:15,874 - INFO -   Title: C.F. Sharp & Co., Inc. vs. Renato Zialcita...
2025-12-06 11:28:16,337 - INFO -   ✓ Saved: RESTRUCTURED_DB/2006/jul/157619.json
2025-12-06 11:28:16,837 - INFO - 
[191/800] Processing G.R. No. 157632
2025-12-06 11:28:16,837 - INFO -   Title: Jose S. Roque, Jr. vs. Jaime T. Torres, et al....
2025-12-06 11:28:17,300 - INFO -   ✓ Saved: RESTRUCTURED_DB/2006/dec/157632.json
2025-12-06 11:28:17,800 - INFO - 
[192/800] Processing G.R. No. 157671
2025-12-06 11:28:17,800 - INFO -   Title: Danilo G. Punongbayan vs. Perfecto G. Punongbayan, Jr., et a...
2025-12-06 11:28:18,263 - INFO -   ✓ Saved: RESTRUCTURED_DB/2006/jun/157671.json
2025-12-06 11:28:18,763 - INFO - 
[193/800] Processing G.R. No. 157696
2025-12-06 11:28:18,763 - INFO -   Title: Maricalum Mining Corporation vs. Hon. Arturo D. Brion, et al...
2025-12-06 11:28:19,244 - INFO -   ✓ Saved: RESTRUCTURED_DB/2006/feb/157696.json
2025-12-06 11:28:19,744 - INFO - 
[194/800] Processing G.R. No. 157745
2025-12-06 11:28:19,745 - INFO -   Title: Genalyn D. Young vs. Sps. Manuel Sy & Victoria Sy...
2025-12-06 11:28:20,209 - INFO -   ✓ Saved: RESTRUCTURED_DB/2006/sep/157745.json
2025-12-06 11:28:20,709 - INFO - 
[195/800] Processing G.R. No. 157804
2025-12-06 11:28:20,709 - INFO -   Title: Cerilo Bricenio vs. People of the Philippines...
2025-12-06 11:28:20,957 - INFO -   ✓ Saved: RESTRUCTURED_DB/2006/jun/157804.json
2025-12-06 11:28:21,457 - INFO - 
[196/800] Processing G.R. No. 157835
2025-12-06 11:28:21,457 - INFO -   Title: Fe M. Cabrera vs. Hon. Simeon V. Marcelo, et al....
2025-12-06 11:28:22,448 - INFO -   ✓ Saved: RESTRUCTURED_DB/2006/jul/157835.json
2025-12-06 11:28:22,948 - INFO - 
[197/800] Processing G.R. No. 157875
2025-12-06 11:28:22,948 - INFO -   Title: Dr. Teresita L. Salva vs. Guillermo N. Carague, et al....
2025-12-06 11:28:23,200 - INFO -   ✓ Saved: RESTRUCTURED_DB/2006/dec/157875.json
2025-12-06 11:28:23,700 - INFO - 
[198/800] Processing G.R. No. 157877
2025-12-06 11:28:23,700 - INFO -   Title: Commissioner on Higher Education vs. Rosa F. Mercado...
2025-12-06 11:28:24,150 - INFO -   ✓ Saved: RESTRUCTURED_DB/2006/mar/157877.json
2025-12-06 11:28:24,651 - INFO - 
[199/800] Processing G.R. No. 157882
2025-12-06 11:28:24,651 - INFO -   Title: Didipio Earth-Savers' Multi-Purpose Association, Inc. et al....
2025-12-06 11:28:25,315 - INFO -   ✓ Saved: RESTRUCTURED_DB/2006/mar/157882.json
2025-12-06 11:28:25,815 - INFO - 
[200/800] Processing G.R. No. 157906
2025-12-06 11:28:25,815 - INFO -   Title: Joaquinita P. Capili vs. Sps. Dominador Cardaña and Rosalita...
2025-12-06 11:28:26,069 - INFO -   ✓ Saved: RESTRUCTURED_DB/2006/nov/157906.json
2025-12-06 11:28:26,570 - INFO - 
[201/800] Processing G.R. No. 157911
2025-12-06 11:28:26,570 - INFO -   Title: Spouses Manuel A. Aguilar and Yolanda C. Aguilar vs. the Man...
2025-12-06 11:28:27,022 - INFO -   ✓ Saved: RESTRUCTURED_DB/2006/sep/157911.json
2025-12-06 11:28:27,523 - INFO - 
[202/800] Processing G.R. No. 157954
2025-12-06 11:28:27,523 - INFO -   Title: Paz Galvez, et al. vs. Hon. Court of Appeals, et al....
2025-12-06 11:28:27,766 - INFO -   ✓ Saved: RESTRUCTURED_DB/2006/mar/157954.json
2025-12-06 11:28:28,266 - INFO - 
[203/800] Processing G.R. No. 157972
2025-12-06 11:28:28,266 - INFO -   Title: Venturillo vs. Quitain...
2025-12-06 11:28:28,507 - INFO -   ✓ Saved: RESTRUCTURED_DB/2006/oct/140150.json
2025-12-06 11:28:29,007 - INFO - 
[204/800] Processing G.R. No. 157977
2025-12-06 11:28:29,007 - INFO -   Title: Eduardo Tolentino Rodriguez, et al. vs. the Honorable Presid...
2025-12-06 11:28:29,459 - INFO -   ✓ Saved: RESTRUCTURED_DB/2006/feb/157977.json
2025-12-06 11:28:29,959 - INFO - 
[205/800] Processing G.R. No. 158075
2025-12-06 11:28:29,959 - INFO -   Title: Philippine Diamond Hotel & Resort, Inc. vs. Manila Diamond H...
2025-12-06 11:28:30,413 - INFO -   ✓ Saved: RESTRUCTURED_DB/2006/jun/158075.json
2025-12-06 11:28:30,913 - INFO - 
[206/800] Processing G.R. No. 158141
2025-12-06 11:28:30,913 - INFO -   Title: Fausto R. Preysler, Jr. vs. Court of Appeals, et al....
2025-12-06 11:28:31,153 - INFO -   ✓ Saved: RESTRUCTURED_DB/2006/jul/158141.json
2025-12-06 11:28:31,653 - INFO - 
[207/800] Processing G.R. No. 158190
2025-12-06 11:28:31,653 - INFO -   Title: Nissan Motors Phil., Inc. vs. Sec. of Labor etc., et al....
2025-12-06 11:28:32,106 - INFO -   ✓ Saved: RESTRUCTURED_DB/2006/jun/158190.json
2025-12-06 11:28:32,606 - INFO - 
[208/800] Processing G.R. No. 158238
2025-12-06 11:28:32,606 - INFO -   Title: Mary Grace M. Veneracion, et al. vs. Charlie Mancilla, et al...
2025-12-06 11:28:33,058 - INFO -   ✓ Saved: RESTRUCTURED_DB/2006/jul/158238.json
2025-12-06 11:28:33,558 - INFO - 
[209/800] Processing G.R. No. 158261
2025-12-06 11:28:33,558 - INFO -   Title: In Re: Petition for Assistance in the liquidation of the Rur...
2025-12-06 11:28:34,010 - INFO -   ✓ Saved: RESTRUCTURED_DB/2006/dec/158261.json
2025-12-06 11:28:34,511 - INFO - 
[210/800] Processing G.R. No. 158268
2025-12-06 11:28:34,511 - INFO -   Title: Rhoda Castor-Garupa vs. ECC, et al....
2025-12-06 11:28:34,761 - INFO -   ✓ Saved: RESTRUCTURED_DB/2006/apr/158268.json
2025-12-06 11:28:35,261 - INFO - 
[211/800] Processing G.R. No. 158276
2025-12-06 11:28:35,261 - INFO -   Title: Bagong Nagkakaisang Lakas sa Nissan Motors Phils., Inc. vs. ...
2025-12-06 11:28:36,213 - WARNING -   ✗ Could not fetch case from any URL
2025-12-06 11:28:36,213 - INFO - 
[212/800] Processing G.R. No. 158290
2025-12-06 11:28:36,213 - INFO -   Title: Hilarion M. Henares, Jr. vs. Land Transportation Franchising...
2025-12-06 11:28:36,664 - INFO -   ✓ Saved: RESTRUCTURED_DB/2006/oct/158290.json
2025-12-06 11:28:37,164 - INFO - 
[213/800] Processing G.R. No. 158370
2025-12-06 11:28:37,164 - INFO -   Title: Sps. Michael Uy & Bonita Uy vs. Eduardo Ariza, et al....
2025-12-06 11:28:37,414 - INFO -   ✓ Saved: RESTRUCTURED_DB/2006/aug/158370.json
2025-12-06 11:28:37,915 - INFO - 
[214/800] Processing G.R. No. 158589
2025-12-06 11:28:37,915 - INFO -   Title: Philip Morris, Inc., et al. vs. Fortune Tobacco Corp...
2025-12-06 11:28:38,368 - INFO -   ✓ Saved: RESTRUCTURED_DB/2006/jun/158589.json
2025-12-06 11:28:38,868 - INFO - 
[215/800] Processing G.R. No. 158608
2025-12-06 11:28:38,868 - INFO -   Title: Johannes Riesenbeck vs. Sps. Silvino G. Maceren, Jr....
2025-12-06 11:28:39,323 - INFO -   ✓ Saved: RESTRUCTURED_DB/2006/jan/158608.json
2025-12-06 11:28:39,823 - INFO - 
[216/800] Processing G.R. No. 158613
2025-12-06 11:28:39,823 - INFO -   Title: Emmanuel T. Pontejos vs. Office of the Ombudsman, et al....
2025-12-06 11:28:40,289 - INFO -   ✓ Saved: RESTRUCTURED_DB/2006/feb/158613.json
2025-12-06 11:28:40,790 - INFO - 
[217/800] Processing G.R. No. 158620
2025-12-06 11:28:40,790 - INFO -   Title: Del Monte Philippines, Inc. vs. Mariano Saldivar, et al....
2025-12-06 11:28:41,252 - INFO -   ✓ Saved: RESTRUCTURED_DB/2006/oct/158620.json
2025-12-06 11:28:41,752 - INFO - 
[218/800] Processing G.R. No. 158637
2025-12-06 11:28:41,753 - INFO -   Title: Maricalum Mining Corporation vs. Antonio Decorion...
2025-12-06 11:28:41,993 - INFO -   ✓ Saved: RESTRUCTURED_DB/2006/apr/158637.json
2025-12-06 11:28:42,494 - INFO - 
[219/800] Processing G.R. No. 158676
2025-12-06 11:28:42,494 - INFO -   Title: BPI-Family Savings Bank, Inc. vs. Sps. Zenaida Domingo & Abu...
2025-12-06 11:28:42,948 - INFO -   ✓ Saved: RESTRUCTURED_DB/2006/nov/158676.json
2025-12-06 11:28:43,448 - INFO - 
[220/800] Processing G.R. No. 158687
2025-12-06 11:28:43,448 - INFO -   Title: Frisco F. Domalsin vs. Juanito Valenciano, et al....
2025-12-06 11:28:43,900 - INFO -   ✓ Saved: RESTRUCTURED_DB/2006/jan/158687.json
2025-12-06 11:28:44,400 - INFO - 
[221/800] Processing G.R. No. 158687
2025-12-06 11:28:44,401 - INFO -   Title: Frisco F. Domalsin vs. Spouses Juanito Valenciano and Amalia...
2025-12-06 11:28:44,851 - INFO -   Case already exists: RESTRUCTURED_DB/2006/jan/158687.json
2025-12-06 11:28:45,352 - INFO - 
[222/800] Processing G.R. No. 158707
2025-12-06 11:28:45,352 - INFO -   Title: Community Rural Bank of San Isidro (N.E.), Inc. vs. Ysagani ...
2025-12-06 11:28:45,595 - INFO -   ✓ Saved: RESTRUCTURED_DB/2006/nov/158707.json
2025-12-06 11:28:46,095 - INFO - 
[223/800] Processing G.R. No. 158763
2025-12-06 11:28:46,095 - INFO -   Title: Jose C. Miranda, et al. vs. Virgilio M. Tuliao...
2025-12-06 11:28:46,547 - INFO -   ✓ Saved: RESTRUCTURED_DB/2006/mar/158763.json
2025-12-06 11:28:47,048 - INFO - 
[224/800] Processing G.R. No. 158791
2025-12-06 11:28:47,048 - INFO -   Title: Civil Service Commission vs. Department of Budget and Manage...
2025-12-06 11:28:47,290 - INFO -   ✓ Saved: RESTRUCTURED_DB/2006/feb/158791.json
2025-12-06 11:28:47,790 - INFO - 
[225/800] Processing G.R. No. 158793
2025-12-06 11:28:47,790 - INFO -   Title: James Mirasol, et al. vs. Dept. of Public Works & Highways, ...
2025-12-06 11:28:48,455 - INFO -   ✓ Saved: RESTRUCTURED_DB/2006/jun/158793.json
2025-12-06 11:28:48,955 - INFO - 
[226/800] Processing G.R. No. 158840
2025-12-06 11:28:48,955 - INFO -   Title: Pilar Development Corporation vs. Sps. Cesar Villar, et al....
2025-12-06 11:28:49,196 - INFO -   ✓ Saved: RESTRUCTURED_DB/2006/oct/158840.json
2025-12-06 11:28:49,696 - INFO - 
[227/800] Processing G.R. No. 158867
2025-12-06 11:28:49,697 - INFO -   Title: Jimmy Banting, et al. vs. Sps. Jose Maglapuz, et al....
2025-12-06 11:28:50,149 - INFO -   ✓ Saved: RESTRUCTURED_DB/2006/aug/158867.json
2025-12-06 11:28:50,649 - INFO - 
[228/800] Processing G.R. No. 158883
2025-12-06 11:28:50,649 - INFO -   Title: Philippine Transmarine Carriers, Inc. vs. John Melchor A. La...
2025-12-06 11:28:50,889 - INFO -   ✓ Saved: RESTRUCTURED_DB/2006/apr/158883.json
2025-12-06 11:28:51,390 - INFO - 
[229/800] Processing G.R. No. 158895
2025-12-06 11:28:51,390 - INFO -   Title: Sps. Thelma and Gregorio, et al. vs. Heirs of Augusto F. Sal...
2025-12-06 11:28:51,840 - INFO -   ✓ Saved: RESTRUCTURED_DB/2006/feb/158895.json
2025-12-06 11:28:52,341 - INFO - 
[230/800] Processing G.R. No. 158930
2025-12-06 11:28:52,341 - INFO -   Title: Union of Filipro Employees  Drug, et al. vs. Nestlé Philipp...
2025-12-06 11:28:52,798 - INFO -   ✓ Saved: RESTRUCTURED_DB/2006/aug/158930.json
2025-12-06 11:28:53,298 - INFO - 
[231/800] Processing G.R. No. 158960
2025-12-06 11:28:53,299 - INFO -   Title: Lorna Frances Filipino vs. F. Walter R. Macabuhay...
2025-12-06 11:28:53,540 - INFO -   ✓ Saved: RESTRUCTURED_DB/2006/nov/158960.json
2025-12-06 11:28:54,040 - INFO - 
[232/800] Processing G.R. No. 158995
2025-12-06 11:28:54,040 - INFO -   Title: L.G. Foods Corp. vs. Hon. Agraviador...
2025-12-06 11:28:54,281 - INFO -   ✓ Saved: RESTRUCTURED_DB/2006/sep/158995.json
2025-12-06 11:28:54,782 - INFO - 
[233/800] Processing G.R. No. 159058
2025-12-06 11:28:54,782 - INFO -   Title: People of the Philippines vs. Ronan P. Dulanas...
2025-12-06 11:28:55,242 - INFO -   ✓ Saved: RESTRUCTURED_DB/2006/may/159058.json
2025-12-06 11:28:55,742 - INFO - 
[234/800] Processing G.R. No. 159089
2025-12-06 11:28:55,742 - INFO -   Title: Islanders Carp-FarmersBeneficiaries Multi-Purpose Cooperativ...
2025-12-06 11:28:55,984 - INFO -   ✓ Saved: RESTRUCTURED_DB/2006/may/159089.json
2025-12-06 11:28:56,485 - INFO - 
[235/800] Processing G.R. No. 159098
2025-12-06 11:28:56,485 - INFO -   Title: Sps. Henry and Rosario Uy vs. Hon. Judge Arsenio P. Adriano,...
2025-12-06 11:28:56,940 - INFO -   ✓ Saved: RESTRUCTURED_DB/2006/oct/159098.json
2025-12-06 11:28:57,440 - INFO - 
[236/800] Processing G.R. No. 159119
2025-12-06 11:28:57,440 - INFO -   Title: Atty. Andrea Uy vs. Amalia A. Bueno...
2025-12-06 11:28:57,686 - INFO -   ✓ Saved: RESTRUCTURED_DB/2006/mar/159119.json
2025-12-06 11:28:58,186 - INFO - 
[237/800] Processing G.R. No. 159200
2025-12-06 11:28:58,187 - INFO -   Title: Philippine Ports Authority, et al. vs. Commission on Audit, ...
2025-12-06 11:28:58,428 - INFO -   ✓ Saved: RESTRUCTURED_DB/2006/feb/159200.json
2025-12-06 11:28:58,928 - INFO - 
[238/800] Processing G.R. No. 159208
2025-12-06 11:28:58,928 - INFO -   Title: Rennie Declarador vs. Hon. Salvador S. Gubaton, et al....
2025-12-06 11:28:59,169 - INFO -   ✓ Saved: RESTRUCTURED_DB/2006/aug/159208.json
2025-12-06 11:28:59,670 - INFO - 
[239/800] Processing G.R. No. 159210
2025-12-06 11:28:59,670 - INFO -   Title: Mocaral Macawiag vs. Judge Rasad Balindong, et al....
2025-12-06 11:29:00,129 - INFO -   ✓ Saved: RESTRUCTURED_DB/2006/sep/159210.json
2025-12-06 11:29:00,629 - INFO - 
[240/800] Processing G.R. No. 159224
2025-12-06 11:29:00,629 - INFO -   Title: Jose D. Ontimare Jr., et al. vs. Sps. Renato and Rosario Ele...
2025-12-06 11:29:00,881 - INFO -   ✓ Saved: RESTRUCTURED_DB/2006/jan/159224.json
2025-12-06 11:29:01,381 - INFO - 
[241/800] Processing G.R. No. 159268
2025-12-06 11:29:01,381 - INFO -   Title: Balagtas Multi-Purpose Cooperative, Inc., et al. vs. Court o...
2025-12-06 11:29:01,832 - INFO -   ✓ Saved: RESTRUCTURED_DB/2006/oct/159268.json
2025-12-06 11:29:02,332 - INFO - 
[242/800] Processing G.R. No. 159279
2025-12-06 11:29:02,332 - INFO -   Title: Guevent Industrial Devt. Corp. vs. Phil. Lexus Amusement Cor...
2025-12-06 11:29:02,572 - INFO -   ✓ Saved: RESTRUCTURED_DB/2006/jul/159279.json
2025-12-06 11:29:03,073 - INFO - 
[243/800] Processing G.R. No. 159296
2025-12-06 11:29:03,073 - INFO -   Title: Allgemeine-Bau-Chemie Phils., Inc., vs. Metropolitan Bank Tr...
2025-12-06 11:29:03,530 - INFO -   ✓ Saved: RESTRUCTURED_DB/2006/feb/159296.json
2025-12-06 11:29:04,030 - INFO - 
[244/800] Processing G.R. No. 159314
2025-12-06 11:29:04,030 - INFO -   Title: Edgardo V. Estarija v s. Edward F. Ranada, et al....
2025-12-06 11:29:04,493 - INFO -   ✓ Saved: RESTRUCTURED_DB/2006/jun/159314.json
2025-12-06 11:29:04,993 - INFO - 
[245/800] Processing G.R. No. 159333
2025-12-06 11:29:04,993 - INFO -   Title: Arsenio T. Mendiola vs. Court of Appeals, et al.497 SCRA...
2025-12-06 11:29:05,236 - INFO -   ✓ Saved: RESTRUCTURED_DB/2006/jul/159333.json
2025-12-06 11:29:05,736 - INFO - 
[246/800] Processing G.R. No. 159354
2025-12-06 11:29:05,736 - INFO -   Title: Eastern Shipping Lines, Inc., et al. vs. Dioscoro D. Sedan...
2025-12-06 11:29:05,978 - INFO -   ✓ Saved: RESTRUCTURED_DB/2006/apr/159354.json
2025-12-06 11:29:06,478 - INFO - 
[247/800] Processing G.R. No. 159373
2025-12-06 11:29:06,479 - INFO -   Title: Jose R. Moreno, Jr. vs. Private Management Office...
2025-12-06 11:29:06,940 - INFO -   ✓ Saved: RESTRUCTURED_DB/2006/nov/159373.json
2025-12-06 11:29:07,440 - INFO - 
[248/800] Processing G.R. No. 159457
2025-12-06 11:29:07,440 - INFO -   Title: National Power Corporation vs. Philippine Electric Plant Own...
2025-12-06 11:29:07,893 - INFO -   ✓ Saved: RESTRUCTURED_DB/2006/apr/159457.json
2025-12-06 11:29:08,394 - INFO - 
[249/800] Processing G.R. No. 159520
2025-12-06 11:29:08,394 - INFO -   Title: Felisa L. Peña vs. Government Service Insurance System...
2025-12-06 11:29:08,846 - INFO -   ✓ Saved: RESTRUCTURED_DB/2006/sep/159520.json
2025-12-06 11:29:09,346 - INFO - 
[250/800] Processing G.R. No. 159577
2025-12-06 11:29:09,346 - INFO -   Title: Charlito Peñaranda vs. Baganga Plywood Corporation, et al....
2025-12-06 11:29:09,588 - INFO -   ✓ Saved: RESTRUCTURED_DB/2006/may/159577.json
2025-12-06 11:29:10,089 - INFO - 
[251/800] Processing G.R. No. 159593
2025-12-06 11:29:10,089 - INFO -   Title: Commissioner of Internal Revenue vs. Mirant Pagbilao Corpora...
2025-12-06 11:29:10,541 - INFO -   ✓ Saved: RESTRUCTURED_DB/2006/oct/159593.json
2025-12-06 11:29:11,041 - INFO - 
[252/800] Processing G.R. No. 159653
2025-12-06 11:29:11,041 - INFO -   Title: LDP Marketing, Inc., et al. vs. Erlinda Dyolde Monter...
2025-12-06 11:29:11,283 - INFO -   ✓ Saved: RESTRUCTURED_DB/2006/jan/159653.json
2025-12-06 11:29:11,783 - INFO - 
[253/800] Processing G.R. No. 159654
2025-12-06 11:29:11,783 - INFO -   Title: Nicanor T. Santos Development Corporation vs. Hon. Secretary...
2025-12-06 11:29:12,233 - INFO -   ✓ Saved: RESTRUCTURED_DB/2006/feb/159654.json
2025-12-06 11:29:12,734 - INFO - 
[254/800] Processing G.R. No. 159659
2025-12-06 11:29:12,734 - INFO -   Title: Ruben S. Sia vs. People of the Philippines...
2025-12-06 11:29:13,184 - INFO -   ✓ Saved: RESTRUCTURED_DB/2006/oct/159659.json
2025-12-06 11:29:13,685 - INFO - 
[255/800] Processing G.R. No. 159660
2025-12-06 11:29:13,685 - INFO -   Title: Spouses Antonio and Solidad Divinagracia, et al. vs. Leonidi...
2025-12-06 11:29:14,136 - INFO -   ✓ Saved: RESTRUCTURED_DB/2006/feb/159660.json
2025-12-06 11:29:14,636 - INFO - 
[256/800] Processing G.R. No. 159674
2025-12-06 11:29:14,636 - INFO -   Title: Samuel Estribillo, et al. vs. Department of Agrarian Reform,...
2025-12-06 11:29:15,089 - INFO -   ✓ Saved: RESTRUCTURED_DB/2006/jun/159674.json
2025-12-06 11:29:15,589 - INFO - 
[257/800] Processing G.R. No. 159695
2025-12-06 11:29:15,589 - INFO -   Title: Republic of the Philippines vs. Ramon G. Asuncion, et al....
2025-12-06 11:29:15,831 - INFO -   ✓ Saved: RESTRUCTURED_DB/2006/sep/159695.json
2025-12-06 11:29:16,331 - INFO - 
[258/800] Processing G.R. No. 159734
2025-12-06 11:29:16,331 - INFO -   Title: Rosario V. Astudillo vs. People of the Philippines...
2025-12-06 11:29:16,786 - INFO -   ✓ Saved: RESTRUCTURED_DB/2006/nov/159734.json
2025-12-06 11:29:17,286 - INFO - 
[259/800] Processing G.R. No. 159751
2025-12-06 11:29:17,286 - INFO -   Title: Gaudencio E. Fernando, et al. vs. Court of Appeals...
2025-12-06 11:29:17,534 - INFO -   ✓ Saved: RESTRUCTURED_DB/2006/dec/159751.json
2025-12-06 11:29:18,034 - INFO - 
[260/800] Processing G.R. No. 159786
2025-12-06 11:29:18,034 - INFO -   Title: Edgardo V. Guevara vs. BPI Securities Corporation...
2025-12-06 11:29:18,495 - INFO -   ✓ Saved: RESTRUCTURED_DB/2006/aug/159786.json
2025-12-06 11:29:18,995 - INFO - 
[261/800] Processing G.R. No. 159806
2025-12-06 11:29:18,995 - INFO -   Title: Bangkok Bank Public Company Limited vs. Thelma U. Lee, et al...
2025-12-06 11:29:19,236 - INFO -   ✓ Saved: RESTRUCTURED_DB/2006/jan/159806.json
2025-12-06 11:29:19,736 - INFO - 
[262/800] Processing G.R. No. 159810
2025-12-06 11:29:19,736 - INFO -   Title: Estate of Edward Miller Grimm vs. Estate of Charles Parsons ...
2025-12-06 11:29:20,189 - INFO -   ✓ Saved: RESTRUCTURED_DB/2006/oct/159810.json
2025-12-06 11:29:20,689 - INFO - 
[263/800] Processing G.R. No. 159813
2025-12-06 11:29:20,689 - INFO -   Title: Tony Figueroa, et al. vs. the Pp...
2025-12-06 11:29:20,930 - INFO -   ✓ Saved: RESTRUCTURED_DB/2006/aug/159813.json
2025-12-06 11:29:21,430 - INFO - 
[264/800] Processing G.R. No. 159828
2025-12-06 11:29:21,430 - INFO -   Title: Kasapian ng Malayang Manggagawa sa Coca-Cola vs. the Hon. Co...
2025-12-06 11:29:21,882 - INFO -   ✓ Saved: RESTRUCTURED_DB/2006/apr/159828.json
2025-12-06 11:29:22,382 - INFO - 
[265/800] Processing G.R. No. 159832
2025-12-06 11:29:22,382 - INFO -   Title: Mercedita Acuña, et al. vs. Hon. Court of Appeals, et al....
2025-12-06 11:29:22,625 - INFO -   ✓ Saved: RESTRUCTURED_DB/2006/may/159832.json
2025-12-06 11:29:23,126 - INFO - 
[266/800] Processing G.R. No. 159862
2025-12-06 11:29:23,126 - INFO -   Title: Liganza vs. RBL Shipyard Corp....
2025-12-06 11:29:23,368 - INFO -   ✓ Saved: RESTRUCTURED_DB/2006/oct/159862.json
2025-12-06 11:29:23,868 - INFO - 
[267/800] Processing G.R. No. 159887
2025-12-06 11:29:23,868 - INFO -   Title: Bernardo Remigio vs. NLRC, et al....
2025-12-06 11:29:24,323 - INFO -   ✓ Saved: RESTRUCTURED_DB/2006/apr/159887.json
2025-12-06 11:29:24,823 - INFO - 
[268/800] Processing G.R. No. 159910
2025-12-06 11:29:24,823 - INFO -   Title: Heirs of Clemencia Parasac vs. Republic of the Philippines...
2025-12-06 11:29:25,284 - INFO -   ✓ Saved: RESTRUCTURED_DB/2006/may/159910.json
2025-12-06 11:29:25,784 - INFO - 
[269/800] Processing G.R. No. 159938
2025-12-06 11:29:25,784 - INFO -   Title: Shangri-La International Hotel Management, Ltd., et al. vs. ...
2025-12-06 11:29:26,238 - INFO -   ✓ Saved: RESTRUCTURED_DB/2006/mar/159938.json
2025-12-06 11:29:26,738 - INFO - 
[270/800] Processing G.R. No. 159949
2025-12-06 11:29:26,739 - INFO -   Title: VADM. Mariano J. Dumangcas, Jr. vs. Hon. Simeon V. Marcelo, ...
2025-12-06 11:29:27,189 - INFO -   ✓ Saved: RESTRUCTURED_DB/2006/feb/159949.json
2025-12-06 11:29:27,690 - INFO - 
[271/800] Processing G.R. No. 159991
2025-12-06 11:29:27,690 - INFO -   Title: Carmelino F. Pansacola vs. Commissioner of Internal Revenue...
2025-12-06 11:29:28,141 - INFO -   ✓ Saved: RESTRUCTURED_DB/2006/nov/159991.json
2025-12-06 11:29:28,641 - INFO - 
[272/800] Processing G.R. No. 160016
2025-12-06 11:29:28,641 - INFO -   Title: Abacus Securities Corporation vs. Ruben U. Ampil...
2025-12-06 11:29:29,095 - INFO -   ✓ Saved: RESTRUCTURED_DB/2006/feb/160016.json
2025-12-06 11:29:29,595 - INFO - 
[273/800] Processing G.R. No. 160053
2025-12-06 11:29:29,595 - INFO -   Title: Sps. Renato & Angelina Lantin vs. Hon. Jane Aurora C. Lantio...
2025-12-06 11:29:29,836 - INFO -   ✓ Saved: RESTRUCTURED_DB/2006/aug/160053.json
2025-12-06 11:29:30,336 - INFO - 
[274/800] Processing G.R. No. 160061
2025-12-06 11:29:30,336 - INFO -   Title: Engr. Leonardo C. Leyaley vs. Commission on Elections, et al...
2025-12-06 11:29:30,787 - INFO -   ✓ Saved: RESTRUCTURED_DB/2006/oct/160061.json
2025-12-06 11:29:31,287 - INFO - 
[275/800] Processing G.R. No. 160065
2025-12-06 11:29:31,287 - INFO -   Title: Felino Ebreo, et al. vs. Gil Ebreo, et al....
2025-12-06 11:29:31,749 - INFO -   ✓ Saved: RESTRUCTURED_DB/2006/feb/160065.json
2025-12-06 11:29:32,249 - INFO - 
[276/800] Processing G.R. No. 160082
2025-12-06 11:29:32,249 - INFO -   Title: Engr. Wildemar Capa, et al. vs. Court of Appeals, et al....
2025-12-06 11:29:32,700 - INFO -   ✓ Saved: RESTRUCTURED_DB/2006/sep/160082.json
2025-12-06 11:29:33,200 - INFO - 
[277/800] Processing G.R. No. 160174
2025-12-06 11:29:33,200 - INFO -   Title: Francisco Silva vs. Leovigildo T. Mationg...
2025-12-06 11:29:33,654 - INFO -   ✓ Saved: RESTRUCTURED_DB/2006/aug/160174.json
2025-12-06 11:29:34,154 - INFO - 
[278/800] Processing G.R. No. 160179
2025-12-06 11:29:34,154 - INFO -   Title: Republic of the Philippines vs. Bank of the Philippine Islan...
2025-12-06 11:29:35,107 - WARNING -   ✗ Could not fetch case from any URL
2025-12-06 11:29:35,107 - INFO - 
[279/800] Processing G.R. No. 160191
2025-12-06 11:29:35,107 - INFO -   Title: Twin Ace Holdings Corp. vs. Rufina & Co....
2025-12-06 11:29:35,566 - INFO -   ✓ Saved: RESTRUCTURED_DB/2006/jun/160191.json
2025-12-06 11:29:36,066 - INFO - 
[280/800] Processing G.R. No. 160195
2025-12-06 11:29:36,066 - INFO -   Title: Civil Service Commission vs. Florelio U. Manzano...
2025-12-06 11:29:36,531 - INFO -   ✓ Saved: RESTRUCTURED_DB/2006/oct/160195.json
2025-12-06 11:29:37,031 - INFO - 
[281/800] Processing G.R. No. 160211
2025-12-06 11:29:37,031 - INFO -   Title: Nava vs. Palattao...
2025-12-06 11:29:37,698 - INFO -   ✓ Saved: RESTRUCTURED_DB/2006/aug/160211.json
2025-12-06 11:29:38,198 - INFO - 
[282/800] Processing G.R. No. 160257
2025-12-06 11:29:38,198 - INFO -   Title: Robert Lastrilla vs. Rafael A. Granda...
2025-12-06 11:29:38,651 - INFO -   ✓ Saved: RESTRUCTURED_DB/2006/jan/160257.json
2025-12-06 11:29:39,151 - INFO - 
[283/800] Processing G.R. No. 160334
2025-12-06 11:29:39,151 - INFO -   Title: Guenter Bach vs. Ongkiko Kalaw Manhit & Acorda Law Offices...
2025-12-06 11:29:39,603 - INFO -   ✓ Saved: RESTRUCTURED_DB/2006/sep/160334.json
2025-12-06 11:29:40,104 - INFO - 
[284/800] Processing G.R. No. 160347
2025-12-06 11:29:40,104 - INFO -   Title: Arcadio and Maria Luisa Carandang vs. Heirs of Quirino A. De...
2025-12-06 11:29:40,560 - INFO -   ✓ Saved: RESTRUCTURED_DB/2006/nov/160347.json
2025-12-06 11:29:41,060 - INFO - 
[285/800] Processing G.R. No. 160351
2025-12-06 11:29:41,060 - INFO -   Title: Noel Villanueva vs. People of the Philippines, et al....
2025-12-06 11:29:41,512 - INFO -   ✓ Saved: RESTRUCTURED_DB/2006/apr/160351.json
2025-12-06 11:29:42,013 - INFO - 
[286/800] Processing G.R. No. 160358
2025-12-06 11:29:42,013 - INFO -   Title: Lydia Lao, et al. vs. Philip King...
2025-12-06 11:29:42,463 - INFO -   ✓ Saved: RESTRUCTURED_DB/2006/aug/160358.json
2025-12-06 11:29:42,964 - INFO - 
[287/800] Processing G.R. No. 160406
2025-12-06 11:29:42,964 - INFO -   Title: Sps. Dolores Miranda Provost etc. vs. the Court of Appeals e...
2025-12-06 11:29:43,413 - INFO -   ✓ Saved: RESTRUCTURED_DB/2006/jun/160406.json
2025-12-06 11:29:43,914 - INFO - 
[288/800] Processing G.R. No. 160445
2025-12-06 11:29:43,914 - INFO -   Title: Jose Teofilo T. Mercado, et al. vs. Security Bank Corporatio...
2025-12-06 11:29:44,374 - INFO -   ✓ Saved: RESTRUCTURED_DB/2006/feb/160445.json
2025-12-06 11:29:44,874 - INFO - 
[289/800] Processing G.R. No. 160509
2025-12-06 11:29:44,874 - INFO -   Title: Mercury Drug Corporation vs. Zenaida G. Serrano...
2025-12-06 11:29:45,338 - INFO -   ✓ Saved: RESTRUCTURED_DB/2006/mar/160509.json
2025-12-06 11:29:45,839 - INFO - 
[290/800] Processing G.R. No. 160514
2025-12-06 11:29:45,839 - INFO -   Title: General Milling Corp. vs. Tirso Uytengsu III, et al....
2025-12-06 11:29:46,080 - INFO -   ✓ Saved: RESTRUCTURED_DB/2006/jun/160514.json
2025-12-06 11:29:46,580 - INFO - 
[291/800] Processing G.R. No. 160528
2025-12-06 11:29:46,581 - INFO -   Title: Commissioner of Internal Revenue vs. Philippine Airlines, In...
2025-12-06 11:29:47,609 - INFO -   ✓ Saved: RESTRUCTURED_DB/2006/oct/160528.json
2025-12-06 11:29:48,110 - INFO - 
[292/800] Processing G.R. No. 160597
2025-12-06 11:29:48,110 - INFO -   Title: Republic of the Philippines vs. Roselie Eloisa Bringas Bolan...
2025-12-06 11:29:48,576 - INFO -   ✓ Saved: RESTRUCTURED_DB/2006/jul/160597.json
2025-12-06 11:29:49,076 - INFO - 
[293/800] Processing G.R. No. 160614
2025-12-06 11:29:49,077 - INFO -   Title: Leonardo M. Dalwampo, et al. vs. Quinocol Farmers, et al....
2025-12-06 11:29:49,554 - INFO -   ✓ Saved: RESTRUCTURED_DB/2006/apr/160614.json
2025-12-06 11:29:50,054 - INFO - 
[294/800] Processing G.R. No. 160618
2025-12-06 11:29:50,054 - INFO -   Title: Dennis D. Sy vs. Metropolitan Bank & Trust Company...
2025-12-06 11:29:50,304 - INFO -   ✓ Saved: RESTRUCTURED_DB/2006/nov/160618.json
2025-12-06 11:29:50,804 - INFO - 
[295/800] Processing G.R. No. 160652
2025-12-06 11:29:50,804 - INFO -   Title: Hon. Tomas N. Joson III, et al. vs. Court of Appeals, et al....
2025-12-06 11:29:51,272 - INFO -   ✓ Saved: RESTRUCTURED_DB/2006/feb/160652.json
2025-12-06 11:29:51,772 - INFO - 
[296/800] Processing G.R. No. 160675
2025-12-06 11:29:51,772 - INFO -   Title: Office of the Ombudsman vs. Court of Appeals, et al....
2025-12-06 11:29:52,241 - INFO -   ✓ Saved: RESTRUCTURED_DB/2006/jun/160675.json
2025-12-06 11:29:52,741 - INFO - 
[297/800] Processing G.R. No. 160719
2025-12-06 11:29:52,741 - INFO -   Title: Emilio Gonzales Lao vs. Republic of the Philippines, et al....
2025-12-06 11:29:53,001 - INFO -   ✓ Saved: RESTRUCTURED_DB/2006/jan/160179.json
2025-12-06 11:29:53,502 - INFO - 
[298/800] Processing G.R. No. 160762
2025-12-06 11:29:53,502 - INFO -   Title: Sps. Josephine Mendoza Go, et al. vs. Leonardo Yamane...
2025-12-06 11:29:53,970 - INFO -   ✓ Saved: RESTRUCTURED_DB/2006/may/160762.json
2025-12-06 11:29:54,470 - INFO - 
[299/800] Processing G.R. No. 160769
2025-12-06 11:29:54,471 - INFO -   Title: City Trucking Inc. etc. vs. Antonio Balajadia...
2025-12-06 11:29:54,720 - INFO -   ✓ Saved: RESTRUCTURED_DB/2006/aug/160769.json
2025-12-06 11:29:55,220 - INFO - 
[300/800] Processing G.R. No. 160805
2025-12-06 11:29:55,220 - INFO -   Title: Spouses Adiel De La Cena, et al. vs. Spouses Jose Briones, e...
2025-12-06 11:29:55,688 - INFO -   ✓ Saved: RESTRUCTURED_DB/2006/nov/160805.json
2025-12-06 11:29:56,188 - INFO - 
[301/800] Processing G.R. No. 160832
2025-12-06 11:29:56,188 - INFO -   Title: The Heirs of Emilio Santioque vs. the Heirs of Emilio Calma,...
2025-12-06 11:29:56,658 - INFO -   ✓ Saved: RESTRUCTURED_DB/2006/oct/160832.json
2025-12-06 11:29:57,158 - INFO - 
[302/800] Processing G.R. No. 160843
2025-12-06 11:29:57,158 - INFO -   Title: China Banking Corp. vs. Maria G. Lagon etc....
2025-12-06 11:29:57,419 - INFO -   ✓ Saved: RESTRUCTURED_DB/2006/jul/160843.json
2025-12-06 11:29:57,920 - INFO - 
[303/800] Processing G.R. No. 160854
2025-12-06 11:29:57,920 - INFO -   Title: Big AA Manufacturer vs. Eutiquio Antonio, et al....
2025-12-06 11:29:58,387 - INFO -   ✓ Saved: RESTRUCTURED_DB/2006/apr/160854.json
2025-12-06 11:29:58,887 - INFO - 
[304/800] Processing G.R. No. 160863
2025-12-06 11:29:58,887 - INFO -   Title: Nelson Zagala, et al. vs. Mikado Philippines Corporation, et...
2025-12-06 11:29:59,356 - INFO -   ✓ Saved: RESTRUCTURED_DB/2006/sep/160863.json
2025-12-06 11:29:59,856 - INFO - 
[305/800] Processing G.R. No. 160867
2025-12-06 11:29:59,856 - INFO -   Title: Bonifacio Nakpil vs. Manila Towers Development Corporation...
2025-12-06 11:30:00,325 - INFO -   ✓ Saved: RESTRUCTURED_DB/2006/sep/160867.json
2025-12-06 11:30:00,826 - INFO - 
[306/800] Processing G.R. No. 160871
2025-12-06 11:30:00,826 - INFO -   Title: Triad Security & Allied Services, Inc, et al. vs. Silvestre ...
2025-12-06 11:30:01,084 - INFO -   ✓ Saved: RESTRUCTURED_DB/2006/feb/160871.json
2025-12-06 11:30:01,585 - INFO - 
[307/800] Processing G.R. No. 160895
2025-12-06 11:30:01,585 - INFO -   Title: Jose R. Martinez vs. Republic of the Philippines...
2025-12-06 11:30:02,053 - INFO -   ✓ Saved: RESTRUCTURED_DB/2006/oct/160895.json
2025-12-06 11:30:02,554 - INFO - 
[308/800] Processing G.R. No. 160913
2025-12-06 11:30:02,554 - INFO -   Title: Eurotech Hair Systems, Inc., et al. vs. Antonio S. Go...
2025-12-06 11:30:02,804 - INFO -   ✓ Saved: RESTRUCTURED_DB/2006/aug/160913.json
2025-12-06 11:30:03,304 - INFO - 
[309/800] Processing G.R. No. 160922
2025-12-06 11:30:03,304 - INFO -   Title: Jeany-Vi G. Kiani vs. the Bureau of Immigration, et al....
2025-12-06 11:30:03,776 - INFO -   ✓ Saved: RESTRUCTURED_DB/2006/feb/160922.json
2025-12-06 11:30:04,276 - INFO - 
[310/800] Processing G.R. No. 160990
2025-12-06 11:30:04,277 - INFO -   Title: Republic of the Philippines vs. Sps. Ricardo B. Enriquez and...
2025-12-06 11:30:04,526 - INFO -   ✓ Saved: RESTRUCTURED_DB/2006/sep/160990.json
2025-12-06 11:30:05,027 - INFO - 
[311/800] Processing G.R. No. 160994
2025-12-06 11:30:05,027 - INFO -   Title: Wilfredo and Swarnie Aromin vs. Paulo Floresca, et al....
2025-12-06 11:30:05,497 - INFO -   ✓ Saved: RESTRUCTURED_DB/2006/jul/160994.json
2025-12-06 11:30:05,997 - INFO - 
[312/800] Processing G.R. No. 161007
2025-12-06 11:30:05,997 - INFO -   Title: Celerino Sanchez vs. People of the Philippines...
2025-12-06 11:30:06,260 - INFO -   ✓ Saved: RESTRUCTURED_DB/2006/dec/161007.json
2025-12-06 11:30:06,760 - INFO - 
[313/800] Processing G.R. No. 161077
2025-12-06 11:30:06,760 - INFO -   Title: Samson B. Bedruz, et al. vs. Office of the Ombudsman, etc....
2025-12-06 11:30:07,240 - INFO -   ✓ Saved: RESTRUCTURED_DB/2006/mar/161077.json
2025-12-06 11:30:07,740 - INFO - 
[314/800] Processing G.R. No. 161086
2025-12-06 11:30:07,740 - INFO -   Title: Civil Service Commission vs. Court of Appeals...
2025-12-06 11:30:07,999 - INFO -   ✓ Saved: RESTRUCTURED_DB/2006/nov/161086.json
2025-12-06 11:30:08,499 - INFO - 
[315/800] Processing G.R. No. 161104
2025-12-06 11:30:08,499 - INFO -   Title: NYK-Fil Ship Management Inc., et al. vs. the National Labor ...
2025-12-06 11:30:08,968 - INFO -   ✓ Saved: RESTRUCTURED_DB/2006/sep/161104.json
2025-12-06 11:30:09,468 - INFO - 
[316/800] Processing G.R. No. 161110
2025-12-06 11:30:09,468 - INFO -   Title: PAL Employees Savings and Loan Association, Inc. vs. Philipp...
2025-12-06 11:30:09,936 - INFO -   ✓ Saved: RESTRUCTURED_DB/2006/mar/161110.json
2025-12-06 11:30:10,437 - INFO - 
[317/800] Processing G.R. No. 161115
2025-12-06 11:30:10,437 - INFO -   Title: DOLE Philippines, Inc. vs. Medel Esteva, et al....
2025-12-06 11:30:11,127 - INFO -   ✓ Saved: RESTRUCTURED_DB/2006/nov/161115.json
2025-12-06 11:30:11,628 - INFO - 
[318/800] Processing G.R. No. 161136
2025-12-06 11:30:11,628 - INFO -   Title: Vagilidad vs. Vagilidad...
2025-12-06 11:30:11,880 - INFO -   ✓ Saved: RESTRUCTURED_DB/2006/nov/161136.json
2025-12-06 11:30:12,380 - INFO - 
[319/800] Processing G.R. No. 161298
2025-12-06 11:30:12,380 - INFO -   Title: Spouses Anthony and Percita Oco vs. Victor Limbaring...
2025-12-06 11:30:12,631 - INFO -   ✓ Saved: RESTRUCTURED_DB/2006/jan/161298.json
2025-12-06 11:30:13,131 - INFO - 
[320/800] Processing G.R. No. 161405
2025-12-06 11:30:13,131 - INFO -   Title: Philippine Veterans Affairs Office, et al. vs. Yolanda Arque...
2025-12-06 11:30:13,389 - INFO -   ✓ Saved: RESTRUCTURED_DB/2006/jul/161405.json
2025-12-06 11:30:13,889 - INFO - 
[321/800] Processing G.R. No. 161433
2025-12-06 11:30:13,889 - INFO -   Title: Susan D. Degollacion vs. Register of Deeds of Cavite, et al....
2025-12-06 11:30:14,356 - INFO -   ✓ Saved: RESTRUCTURED_DB/2006/aug/161433.json
2025-12-06 11:30:14,856 - INFO - 
[322/800] Processing G.R. No. 161524
2025-12-06 11:30:14,856 - INFO -   Title: Laura M. Marnelego vs. Banco Filipino Savings...
2025-12-06 11:30:15,324 - INFO -   ✓ Saved: RESTRUCTURED_DB/2006/jan/161524.json
2025-12-06 11:30:15,824 - INFO - 
[323/800] Processing G.R. No. 161647
2025-12-06 11:30:15,824 - INFO -   Title: Leoncio S. Solidum vs. Court of Appeals, et al....
2025-12-06 11:30:16,292 - INFO -   ✓ Saved: RESTRUCTURED_DB/2006/jun/161647.json
2025-12-06 11:30:16,792 - INFO - 
[324/800] Processing G.R. No. 161654
2025-12-06 11:30:16,792 - INFO -   Title: Dusit Hotel Nikko vs. Renato M. Gatbonton...
2025-12-06 11:30:17,041 - INFO -   ✓ Saved: RESTRUCTURED_DB/2006/may/161654.json
2025-12-06 11:30:17,541 - INFO - 
[325/800] Processing G.R. No. 161694
2025-12-06 11:30:17,541 - INFO -   Title: Pepito Velasco vs. National Labor Relations Commission, et a...
2025-12-06 11:30:18,020 - INFO -   ✓ Saved: RESTRUCTURED_DB/2006/jun/161694.json
2025-12-06 11:30:18,520 - INFO - 
[326/800] Processing G.R. No. 161722
2025-12-06 11:30:18,520 - INFO -   Title: G.Q. Garments, Inc. vs. Angel Miranda, et al....
2025-12-06 11:30:18,989 - INFO -   ✓ Saved: RESTRUCTURED_DB/2006/jul/161722.json
2025-12-06 11:30:19,490 - INFO - 
[327/800] Processing G.R. No. 161739
2025-12-06 11:30:19,490 - INFO -   Title: Alfredo Bokingo vs. the Honorable Court of Appeals, et al....
2025-12-06 11:30:19,739 - INFO -   ✓ Saved: RESTRUCTURED_DB/2006/may/161739.json
2025-12-06 11:30:20,239 - INFO - 
[328/800] Processing G.R. No. 161757
2025-12-06 11:30:20,239 - INFO -   Title: Sunace international Management Services, Inc., vs. National...
2025-12-06 11:30:20,489 - INFO -   ✓ Saved: RESTRUCTURED_DB/2006/jan/161757.json
2025-12-06 11:30:20,989 - INFO - 
[329/800] Processing G.R. No. 161811
2025-12-06 11:30:20,989 - INFO -   Title: The City of Baguio, et al. vs. Francisco Niño, et al....
2025-12-06 11:30:21,904 - INFO -   ✓ Saved: RESTRUCTURED_DB/2006/apr/161811.json
2025-12-06 11:30:22,404 - INFO - 
[330/800] Processing G.R. No. 161836
2025-12-06 11:30:22,404 - INFO -   Title: Manila International Airport Authority, et al. vs. Joaquin R...
2025-12-06 11:30:22,872 - INFO -   ✓ Saved: RESTRUCTURED_DB/2006/feb/161836.json
2025-12-06 11:30:23,372 - INFO - 
[331/800] Processing G.R. No. 161877
2025-12-06 11:30:23,372 - INFO -   Title: Ariel C. Santos vs. People of the Philippines, et al....
2025-12-06 11:30:23,849 - INFO -   ✓ Saved: RESTRUCTURED_DB/2006/mar/161877.json
2025-12-06 11:30:24,349 - INFO - 
[332/800] Processing G.R. No. 161893
2025-12-06 11:30:24,349 - INFO -   Title: Manila Electric Co. vs. Hon. Lorna Navarro-Domingo, et al....
2025-12-06 11:30:24,828 - INFO -   ✓ Saved: RESTRUCTURED_DB/2006/jun/161893.json
2025-12-06 11:30:25,328 - INFO - 
[333/800] Processing G.R. No. 161916
2025-12-06 11:30:25,328 - INFO -   Title: Arnelito Adlawan vs. Emeterio M. Adlawan, et al....
2025-12-06 11:30:25,802 - INFO -   ✓ Saved: RESTRUCTURED_DB/2006/jan/161916.json
2025-12-06 11:30:26,302 - INFO - 
[334/800] Processing G.R. No. 161950
2025-12-06 11:30:26,302 - INFO -   Title: Florencio B. Campomanes vs. People of the Philippines...
2025-12-06 11:30:26,987 - INFO -   ✓ Saved: RESTRUCTURED_DB/2006/dec/161950.json
2025-12-06 11:30:27,487 - INFO - 
[335/800] Processing G.R. No. 161970
2025-12-06 11:30:27,487 - INFO -   Title: Dundee A. Viernes vs. People of the Philippines...
2025-12-06 11:30:27,955 - INFO -   ✓ Saved: RESTRUCTURED_DB/2006/jun/161970.json
2025-12-06 11:30:28,456 - INFO - 
[336/800] Processing G.R. No. 162037
2025-12-06 11:30:28,456 - INFO -   Title: Heirs of Enrique Diaz vs. Elinor A. Virata...
2025-12-06 11:30:29,145 - INFO -   ✓ Saved: RESTRUCTURED_DB/2006/nov/162037.json
2025-12-06 11:30:29,645 - INFO - 
[337/800] Processing G.R. No. 162037
2025-12-06 11:30:29,645 - INFO -   Title: Heirs of Enrique Diaz vs. Elinor A. Virata...
2025-12-06 11:30:30,335 - INFO -   ✓ Saved: RESTRUCTURED_DB/2006/aug/162037.json
2025-12-06 11:30:30,835 - INFO - 
[338/800] Processing G.R. No. 162045
2025-12-06 11:30:30,835 - INFO -   Title: Sps. Mario Ong and Maria Carmelita Ong, et al. vs. Sps. Erge...
2025-12-06 11:30:31,304 - INFO -   ✓ Saved: RESTRUCTURED_DB/2006/mar/162045.json
2025-12-06 11:30:31,804 - INFO - 
[339/800] Processing G.R. No. 162064
2025-12-06 11:30:31,804 - INFO -   Title: Sonny Zarraga vs. People of the Philippines...
2025-12-06 11:30:32,271 - INFO -   ✓ Saved: RESTRUCTURED_DB/2006/mar/162064.json
2025-12-06 11:30:32,771 - INFO - 
[340/800] Processing G.R. No. 162233
2025-12-06 11:30:32,771 - INFO -   Title: Ronaldo B. Casimiro, et al. vs. Stern Real Estate Inc., et a...
2025-12-06 11:30:33,459 - INFO -   ✓ Saved: RESTRUCTURED_DB/2006/mar/162233.json
2025-12-06 11:30:33,959 - INFO - 
[341/800] Processing G.R. No. 162240
2025-12-06 11:30:33,959 - INFO -   Title: Rizal Commercial Banking Corporation vs. Leonardo Bithao...
2025-12-06 11:30:34,431 - INFO -   ✓ Saved: RESTRUCTURED_DB/2006/aug/162240.json
2025-12-06 11:30:34,931 - INFO - 
[342/800] Processing G.R. No. 162243
2025-12-06 11:30:34,931 - INFO -   Title: Heherson Alvarez vs. Picop Resources, Inc. / Picop Resources...
2025-12-06 11:30:36,059 - INFO -   ✓ Saved: RESTRUCTURED_DB/2006/nov/162243.json
2025-12-06 11:30:36,560 - INFO - 
[343/800] Processing G.R. No. 162308
2025-12-06 11:30:36,560 - INFO -   Title: G & M Philippines, Inc. vs. Romil V. Cuambot...
2025-12-06 11:30:37,028 - INFO -   ✓ Saved: RESTRUCTURED_DB/2006/nov/162308.json
2025-12-06 11:30:37,528 - INFO - 
[344/800] Processing G.R. No. 162331
2025-12-06 11:30:37,528 - INFO -   Title: Lepanto Consolidated Mining Co. vs. Wmc Resources Intl. Pty...
2025-12-06 11:30:37,996 - INFO -   ✓ Saved: RESTRUCTURED_DB/2006/nov/162331.json
2025-12-06 11:30:38,496 - INFO - 
[345/800] Processing G.R. No. 162342
2025-12-06 11:30:38,496 - INFO -   Title: Jaime H. Ballao vs. Court of Appeals, et al....
2025-12-06 11:30:38,963 - INFO -   ✓ Saved: RESTRUCTURED_DB/2006/oct/162342.json
2025-12-06 11:30:39,464 - INFO - 
[346/800] Processing G.R. No. 162366
2025-12-06 11:30:39,464 - INFO -   Title: Federica M. Serrano, et al. vs. Sps. Anselmo Gutierrez...
2025-12-06 11:30:39,931 - INFO -   ✓ Saved: RESTRUCTURED_DB/2006/nov/162366.json
2025-12-06 11:30:40,432 - INFO - 
[347/800] Processing G.R. No. 162368
2025-12-06 11:30:40,432 - INFO -   Title: Ma. Armida Perez-Ferraris vs. Brix Ferraris...
2025-12-06 11:30:40,898 - INFO -   ✓ Saved: RESTRUCTURED_DB/2006/jul/162368.json
2025-12-06 11:30:41,399 - INFO - 
[348/800] Processing G.R. No. 162401
2025-12-06 11:30:41,399 - INFO -   Title: Corazon Almirez vs. Infinite Loop Technology Corporation, et...
2025-12-06 11:30:41,868 - INFO -   ✓ Saved: RESTRUCTURED_DB/2006/jan/162401.json
2025-12-06 11:30:42,368 - INFO - 
[349/800] Processing G.R. No. 162416
2025-12-06 11:30:42,369 - INFO -   Title: Chester De Joya vs. Judge Placido C. Marquez, et al....
2025-12-06 11:30:42,617 - INFO -   ✓ Saved: RESTRUCTURED_DB/2006/jan/162416.json
2025-12-06 11:30:43,117 - INFO - 
[350/800] Processing G.R. No. 162442
2025-12-06 11:30:43,118 - INFO -   Title: Manuel Refuerzo vs. Heirs of the late Francisco Refuerzo, Sr...
2025-12-06 11:30:43,590 - INFO -   ✓ Saved: RESTRUCTURED_DB/2006/oct/162442.json
2025-12-06 11:30:44,090 - INFO - 
[351/800] Processing G.R. No. 162447
2025-12-06 11:30:44,090 - INFO -   Title: Anabelle Muaje-Tuazon and Almer R. Abing vs. Wenphil Corpora...
2025-12-06 11:30:44,563 - INFO -   ✓ Saved: RESTRUCTURED_DB/2006/dec/162447.json
2025-12-06 11:30:45,063 - INFO - 
[352/800] Processing G.R. No. 162580
2025-12-06 11:30:45,063 - INFO -   Title: Elmar O. Perez vs. Court of Appeals, et al....
2025-12-06 11:30:45,535 - INFO -   ✓ Saved: RESTRUCTURED_DB/2006/jan/162580.json
2025-12-06 11:30:46,036 - INFO - 
[353/800] Processing G.R. No. 162593
2025-12-06 11:30:46,036 - INFO -   Title: Feliciano vs. Zaldivar...
2025-12-06 11:30:46,722 - INFO -   ✓ Saved: RESTRUCTURED_DB/2006/sep/162593.json
2025-12-06 11:30:47,222 - INFO - 
[354/800] Processing G.R. No. 162716
2025-12-06 11:30:47,222 - INFO -   Title: Honorable Secretary Emilia T. Boncodin vs. National Power Co...
2025-12-06 11:30:47,691 - INFO -   ✓ Saved: RESTRUCTURED_DB/2006/sep/162716.json
2025-12-06 11:30:48,191 - INFO - 
[355/800] Processing G.R. No. 162734
2025-12-06 11:30:48,191 - INFO -   Title: Marie Antonette Abigail C. Salientes, et al. vs. Loran S.D. ...
2025-12-06 11:30:48,447 - INFO -   ✓ Saved: RESTRUCTURED_DB/2006/aug/162734.json
2025-12-06 11:30:48,947 - INFO - 
[356/800] Processing G.R. No. 162759
2025-12-06 11:30:48,948 - INFO -   Title: Loida Nicolas-Lewis, et al. vs. Commission on Elections...
2025-12-06 11:30:49,415 - INFO -   ✓ Saved: RESTRUCTURED_DB/2006/aug/162759.json
2025-12-06 11:30:49,915 - INFO - 
[357/800] Processing G.R. No. 162774
2025-12-06 11:30:49,915 - INFO -   Title: Sps. Edmundo T. Osea and Ligaya R. Osea vs. Antonio G. Ambro...
2025-12-06 11:30:50,383 - INFO -   ✓ Saved: RESTRUCTURED_DB/2006/apr/162774.json
2025-12-06 11:30:50,883 - INFO - 
[358/800] Processing G.R. No. 162775
2025-12-06 11:30:50,883 - INFO -   Title: Intercontinental Broadcasting Corporation (IBC) vs. Noemi B....
2025-12-06 11:30:51,352 - INFO -   ✓ Saved: RESTRUCTURED_DB/2006/oct/162775.json
2025-12-06 11:30:51,852 - INFO - 
[359/800] Processing G.R. No. 162805
2025-12-06 11:30:51,853 - INFO -   Title: Romeo E. Cabalitan vs. Department of Agrarian Reform, et al....
2025-12-06 11:30:52,102 - INFO -   ✓ Saved: RESTRUCTURED_DB/2006/jan/162805.json
2025-12-06 11:30:52,602 - INFO - 
[360/800] Processing G.R. No. 162839
2025-12-06 11:30:52,602 - INFO -   Title: Innodata Philippines, Inc. vs. Jocelyn L. Quejada-Lopez and ...
2025-12-06 11:30:53,071 - INFO -   ✓ Saved: RESTRUCTURED_DB/2006/oct/162839.json
2025-12-06 11:30:53,571 - INFO - 
[361/800] Processing G.R. No. 162873
2025-12-06 11:30:53,571 - INFO -   Title: Jose Caoibes, Jr., et al. vs. Corazon Caoibes-Pantoja...
2025-12-06 11:30:53,831 - INFO -   ✓ Saved: RESTRUCTURED_DB/2006/jul/162873.json
2025-12-06 11:30:54,331 - INFO - 
[362/800] Processing G.R. No. 162895
2025-12-06 11:30:54,331 - INFO -   Title: Ma. Elizabeth King, et al. vs. Megaworld Properties and Hold...
2025-12-06 11:30:54,580 - INFO -   ✓ Saved: RESTRUCTURED_DB/2006/aug/162895.json
2025-12-06 11:30:55,081 - INFO - 
[363/800] Processing G.R. No. 162957
2025-12-06 11:30:55,081 - INFO -   Title: United Kimberly-Clark Employees Union etc. vs. Kimberly  Cl...
2025-12-06 11:30:55,553 - INFO -   ✓ Saved: RESTRUCTURED_DB/2006/mar/162957.json
2025-12-06 11:30:56,053 - INFO - 
[364/800] Processing G.R. No. 163075
2025-12-06 11:30:56,053 - INFO -   Title: Ayala Life Assurance, Inc., vs. Ray Burton Development Corpo...
2025-12-06 11:30:56,520 - INFO -   ✓ Saved: RESTRUCTURED_DB/2006/jan/163075.json
2025-12-06 11:30:57,020 - INFO - 
[365/800] Processing G.R. No. 163087
2025-12-06 11:30:57,021 - INFO -   Title: Silahis International Hotel, Inc., et al. vs. Rogelio S. Sol...
2025-12-06 11:30:57,488 - INFO -   ✓ Saved: RESTRUCTURED_DB/2006/feb/163087.json
2025-12-06 11:30:57,988 - INFO - 
[366/800] Processing G.R. No. 163088
2025-12-06 11:30:57,989 - INFO -   Title: Philippine Coconut Authority vs. Primex Coco Products, Inc...
2025-12-06 11:30:58,461 - INFO -   ✓ Saved: RESTRUCTURED_DB/2006/jul/163088.json
2025-12-06 11:30:58,961 - INFO - 
[367/800] Processing G.R. No. 163089
2025-12-06 11:30:58,961 - INFO -   Title: Republic of the Philippines vs. Jesus Francisco, et al....
2025-12-06 11:30:59,437 - INFO -   ✓ Saved: RESTRUCTURED_DB/2006/dec/163089.json
2025-12-06 11:30:59,937 - INFO - 
[368/800] Processing G.R. No. 163155
2025-12-06 11:30:59,937 - INFO -   Title: Alfredo Hilado, et al. vs. Judge Amor A. Reyes, et al....
2025-12-06 11:31:00,407 - INFO -   ✓ Saved: RESTRUCTURED_DB/2006/jul/163155.json
2025-12-06 11:31:00,907 - INFO - 
[369/800] Processing G.R. No. 163167
2025-12-06 11:31:00,907 - INFO -   Title: Jimalinan Technical Sch. Inc. vs. National Labor Relations C...
2025-12-06 11:31:01,164 - INFO -   ✓ Saved: RESTRUCTURED_DB/2006/aug/163167.json
2025-12-06 11:31:01,665 - INFO - 
[370/800] Processing G.R. No. 163217
2025-12-06 11:31:01,665 - INFO -   Title: Celestino Marturillas vs. People of the Philippines...
2025-12-06 11:31:02,354 - INFO -   ✓ Saved: RESTRUCTURED_DB/2006/apr/163217.json
2025-12-06 11:31:02,854 - INFO - 
[371/800] Processing G.R. No. 163269
2025-12-06 11:31:02,854 - INFO -   Title: Rolando C. Rivera vs. Solidbank Corporation...
2025-12-06 11:31:03,325 - INFO -   ✓ Saved: RESTRUCTURED_DB/2006/apr/163269.json
2025-12-06 11:31:03,825 - INFO - 
[372/800] Processing G.R. No. 163295
2025-12-06 11:31:03,825 - INFO -   Title: Francis G. Ong vs. Joseph Stanley Alegre, et al....
2025-12-06 11:31:04,075 - INFO -   ✓ Saved: RESTRUCTURED_DB/2006/jan/163295.json
2025-12-06 11:31:04,575 - INFO - 
[373/800] Processing G.R. No. 163400
2025-12-06 11:31:04,576 - INFO -   Title: Hilario P. Soriano vs. Hon. Caesar A. Casanova, et al....
2025-12-06 11:31:04,825 - INFO -   ✓ Saved: RESTRUCTURED_DB/2006/mar/163400.json
2025-12-06 11:31:05,325 - INFO - 
[374/800] Processing G.R. No. 163429
2025-12-06 11:31:05,325 - INFO -   Title: Johnny Josefa vs. Lourdes San Buenaventura, et al....
2025-12-06 11:31:05,793 - INFO -   ✓ Saved: RESTRUCTURED_DB/2006/mar/163429.json
2025-12-06 11:31:06,293 - INFO - 
[375/800] Processing G.R. No. 163509
2025-12-06 11:31:06,294 - INFO -   Title: Picop Resources, Inc. vs. Base Metals Mineral Resources Corp...
2025-12-06 11:31:06,762 - INFO -   ✓ Saved: RESTRUCTURED_DB/2006/dec/163509.json
2025-12-06 11:31:07,262 - INFO - 
[376/800] Processing G.R. No. 163511
2025-12-06 11:31:07,263 - INFO -   Title: Lee Hiong Wee vs. Dee Ping Wee...
2025-12-06 11:31:07,745 - INFO -   ✓ Saved: RESTRUCTURED_DB/2006/jun/163511.json
2025-12-06 11:31:08,246 - INFO - 
[377/800] Processing G.R. No. 163562
2025-12-06 11:31:08,246 - INFO -   Title: Pilipinas Shell Petroleum Corporation vs. Carlos Ang Gobonse...
2025-12-06 11:31:08,496 - INFO -   ✓ Saved: RESTRUCTURED_DB/2006/jul/163562.json
2025-12-06 11:31:08,996 - INFO - 
[378/800] Processing G.R. No. 163584
2025-12-06 11:31:08,996 - INFO -   Title: Remelita M. Robinson vs. Celita B. Miralles...
2025-12-06 11:31:09,245 - INFO -   ✓ Saved: RESTRUCTURED_DB/2006/dec/163584.json
2025-12-06 11:31:09,746 - INFO - 
[379/800] Processing G.R. No. 163605
2025-12-06 11:31:09,746 - INFO -   Title: Gil M. Cembrano, et al. vs. City of Butuan...
2025-12-06 11:31:10,445 - INFO -   ✓ Saved: RESTRUCTURED_DB/2006/sep/163605.json
2025-12-06 11:31:10,945 - INFO - 
[380/800] Processing G.R. No. 163655
2025-12-06 11:31:10,945 - INFO -   Title: Inocencio Alimboboyog vs. Hon. Court of Appeals, et al....
2025-12-06 11:31:11,194 - INFO -   ✓ Saved: RESTRUCTURED_DB/2006/jun/163655.json
2025-12-06 11:31:11,694 - INFO - 
[381/800] Processing G.R. No. 163687
2025-12-06 11:31:11,694 - INFO -   Title: Gaudencio Valerio, et al. vs. Vicenta Refresca, et al....
2025-12-06 11:31:12,161 - INFO -   ✓ Saved: RESTRUCTURED_DB/2006/mar/163687.json
2025-12-06 11:31:12,661 - INFO - 
[382/800] Processing G.R. No. 163707
2025-12-06 11:31:12,661 - INFO -   Title: Michael C. Guy vs. Hon. Court of Appeals, et al....
2025-12-06 11:31:13,128 - INFO -   ✓ Saved: RESTRUCTURED_DB/2006/sep/163707.json
2025-12-06 11:31:13,628 - INFO - 
[383/800] Processing G.R. No. 163712
2025-12-06 11:31:13,628 - INFO -   Title: Metropolitan Bank and Trust Company, et al. vs. Jose B. Tan,...
2025-12-06 11:31:14,097 - INFO -   ✓ Saved: RESTRUCTURED_DB/2006/nov/163712.json
2025-12-06 11:31:14,597 - INFO - 
[384/800] Processing G.R. No. 163735
2025-12-06 11:31:14,597 - INFO -   Title: Green Asia Construction and Development Corporation, et al. ...
2025-12-06 11:31:14,848 - INFO -   ✓ Saved: RESTRUCTURED_DB/2006/nov/163735.json
2025-12-06 11:31:15,348 - INFO - 
[385/800] Processing G.R. No. 163743
2025-12-06 11:31:15,348 - INFO -   Title: Dolores Pintiano-Anno vs. Albert Anno, et al....
2025-12-06 11:31:15,597 - INFO -   ✓ Saved: RESTRUCTURED_DB/2006/jan/163743.json
2025-12-06 11:31:16,097 - INFO - 
[386/800] Processing G.R. No. 163751
2025-12-06 11:31:16,097 - INFO -   Title: Anecito Calimpong, et al. vs. Heirs of Filomena Gumela etc....
2025-12-06 11:31:16,577 - INFO -   ✓ Saved: RESTRUCTURED_DB/2006/mar/163751.json
2025-12-06 11:31:17,077 - INFO - 
[387/800] Processing G.R. No. 163763
2025-12-06 11:31:17,077 - INFO -   Title: Malayan Realty, Inc. vs. Uy Han Yong...
2025-12-06 11:31:17,544 - INFO -   ✓ Saved: RESTRUCTURED_DB/2006/nov/163763.json
2025-12-06 11:31:18,045 - INFO - 
[388/800] Processing G.R. No. 163766
2025-12-06 11:31:18,045 - INFO -   Title: Republic of the Philippines vs. Candy Maker, Inc., etc....
2025-12-06 11:31:18,515 - INFO -   ✓ Saved: RESTRUCTURED_DB/2006/jun/163766.json
2025-12-06 11:31:19,015 - INFO - 
[389/800] Processing G.R. No. 163782
2025-12-06 11:31:19,015 - INFO -   Title: Light Rail Transit Authority vs. Perfecto H. Venus, Jr., et ...
2025-12-06 11:31:19,484 - INFO -   ✓ Saved: RESTRUCTURED_DB/2006/mar/163782.json
2025-12-06 11:31:19,984 - INFO - 
[390/800] Processing G.R. No. 163878
2025-12-06 11:31:19,984 - INFO -   Title: Far East Bank and Trust Company vs. Shemberg Marketing Corpo...
2025-12-06 11:31:20,454 - INFO -   ✓ Saved: RESTRUCTURED_DB/2006/dec/163878.json
2025-12-06 11:31:20,955 - INFO - 
[391/800] Processing G.R. No. 163881
2025-12-06 11:31:20,955 - INFO -   Title: Metro Transit Organization, Inc. vs. Court of Appeals, et al...
2025-12-06 11:31:23,031 - WARNING -   ✗ Could not fetch case from any URL
2025-12-06 11:31:23,031 - INFO - 
[392/800] Processing G.R. No. 163902
2025-12-06 11:31:23,031 - INFO -   Title: Casent Realty & Development Corporation vs. Premiere Develop...
2025-12-06 11:31:23,496 - INFO -   ✓ Saved: RESTRUCTURED_DB/2006/jan/163902.json
2025-12-06 11:31:23,996 - INFO - 
[393/800] Processing G.R. No. 163915
2025-12-06 11:31:23,996 - INFO -   Title: Asian Construction and Development Corporation vs. COMFAC Co...
2025-12-06 11:31:24,467 - INFO -   ✓ Saved: RESTRUCTURED_DB/2006/oct/163915.json
2025-12-06 11:31:24,967 - INFO - 
[394/800] Processing G.R. No. 163927
2025-12-06 11:31:24,967 - INFO -   Title: Alfonso D. Gaviola vs. People of the Philippines...
2025-12-06 11:31:25,637 - INFO -   ✓ Saved: RESTRUCTURED_DB/2006/jan/163927.json
2025-12-06 11:31:26,138 - INFO - 
[395/800] Processing G.R. No. 163935
2025-12-06 11:31:26,138 - INFO -   Title: National Association of Electricity Consumers for Reforms (N...
2025-12-06 11:31:27,035 - INFO -   ✓ Saved: RESTRUCTURED_DB/2006/aug/163935.json
2025-12-06 11:31:27,535 - INFO - 
[396/800] Processing G.R. No. 163935
2025-12-06 11:31:27,535 - INFO -   Title: National Association of Electricity Consumers for Reforms (N...
2025-12-06 11:31:28,857 - INFO -   ✓ Saved: RESTRUCTURED_DB/2006/feb/163935.json
2025-12-06 11:31:29,357 - INFO - 
[397/800] Processing G.R. No. 163980
2025-12-06 11:31:29,357 - INFO -   Title: Holy Spirit Homeowners Asso., Inc., et al. vs. Sec. Michael ...
2025-12-06 11:31:30,028 - INFO -   ✓ Saved: RESTRUCTURED_DB/2006/aug/163980.json
2025-12-06 11:31:30,528 - INFO - 
[398/800] Processing G.R. No. 163986
2025-12-06 11:31:30,528 - INFO -   Title: Romulo A. Deles vs. Hon. Pepito Gellada, et al....
2025-12-06 11:31:30,780 - INFO -   ✓ Saved: RESTRUCTURED_DB/2006/mar/163986.json
2025-12-06 11:31:31,280 - INFO - 
[399/800] Processing G.R. No. 164007
2025-12-06 11:31:31,280 - INFO -   Title: Lt. (Sg) Eugene Gonzales, et al. vs. Gen. Narciso Abaya, et ...
2025-12-06 11:31:32,810 - INFO -   ✓ Saved: RESTRUCTURED_DB/2006/aug/164007.json
2025-12-06 11:31:33,310 - INFO - 
[400/800] Processing G.R. No. 164049
2025-12-06 11:31:33,310 - INFO -   Title: NS Transport Employees Association (NSTEA), et al. vs. NS Tr...
2025-12-06 11:31:33,768 - INFO -   ✓ Saved: RESTRUCTURED_DB/2006/oct/164049.json
2025-12-06 11:31:34,268 - INFO - 
[401/800] Processing G.R. No. 164136
2025-12-06 11:31:34,268 - INFO -   Title: Carlos R. Tamayo vs. Milagros Huang, et al....
2025-12-06 11:31:34,727 - INFO -   ✓ Saved: RESTRUCTURED_DB/2006/jan/164136.json
2025-12-06 11:31:35,227 - INFO - 
[402/800] Processing G.R. No. 164147
2025-12-06 11:31:35,227 - INFO -   Title: Agustin Vitalista, et al. vs. Florentino Bantigue Perez, et ...
2025-12-06 11:31:35,912 - INFO -   ✓ Saved: RESTRUCTURED_DB/2006/jun/164147.json
2025-12-06 11:31:36,413 - INFO - 
[403/800] Processing G.R. No. 164156
2025-12-06 11:31:36,413 - INFO -   Title: ABS-CBN vs. Nazareno...
2025-12-06 11:31:37,086 - INFO -   ✓ Saved: RESTRUCTURED_DB/2006/sep/164156.json
2025-12-06 11:31:37,586 - INFO - 
[404/800] Processing G.R. No. 164225
2025-12-06 11:31:37,586 - INFO -   Title: Juhary A. Galo vs. the Commission on Elections, et al....
2025-12-06 11:31:37,840 - INFO -   ✓ Saved: RESTRUCTURED_DB/2006/apr/164225.json
2025-12-06 11:31:38,341 - INFO - 
[405/800] Processing G.R. No. 164300
2025-12-06 11:31:38,341 - INFO -   Title: Spouses Benjamin and Agrifina Sim vs. M.B. Finance Corporati...
2025-12-06 11:31:38,807 - INFO -   ✓ Saved: RESTRUCTURED_DB/2006/nov/164300.json
2025-12-06 11:31:39,307 - INFO - 
[406/800] Processing G.R. No. 164316
2025-12-06 11:31:39,307 - INFO -   Title: Office of the Ombudsman vs. Gertrudes Madriaga, et al....
2025-12-06 11:31:39,764 - INFO -   ✓ Saved: RESTRUCTURED_DB/2006/sep/164316.json
2025-12-06 11:31:40,264 - INFO - 
[407/800] Processing G.R. No. 164321
2025-12-06 11:31:40,264 - INFO -   Title: Skechers, U.S.A., Inc. vs. Inter Pacific Industrial Trading ...
2025-12-06 11:31:40,721 - INFO -   ✓ Saved: RESTRUCTURED_DB/2006/nov/164321.json
2025-12-06 11:31:41,222 - INFO - 
[408/800] Processing G.R. No. 164337
2025-12-06 11:31:41,222 - INFO -   Title: Vicente S. Cenzon vs. Hon. Salvador Abad Santos, et al....
2025-12-06 11:31:41,680 - INFO -   ✓ Saved: RESTRUCTURED_DB/2006/jun/164337.json
2025-12-06 11:31:42,180 - INFO - 
[409/800] Processing G.R. No. 164349
2025-12-06 11:31:42,181 - INFO -   Title: RCPI vs. Alfonso Verchez, et al....
2025-12-06 11:31:42,657 - INFO -   ✓ Saved: RESTRUCTURED_DB/2006/jan/164349.json
2025-12-06 11:31:43,158 - INFO - 
[410/800] Processing G.R. No. 164358
2025-12-06 11:31:43,158 - INFO -   Title: Theresa Macalalag vs. People of the Philippines...
2025-12-06 11:31:43,616 - INFO -   ✓ Saved: RESTRUCTURED_DB/2006/dec/164358.json
2025-12-06 11:31:44,117 - INFO - 
[411/800] Processing G.R. No. 164375
2025-12-06 11:31:44,117 - INFO -   Title: Paredes vs. Verano...
2025-12-06 11:31:44,575 - INFO -   ✓ Saved: RESTRUCTURED_DB/2006/oct/164375.json
2025-12-06 11:31:45,075 - INFO - 
[412/800] Processing G.R. No. 164376
2025-12-06 11:31:45,075 - INFO -   Title: National Labor Relations Commission, et al. vs. Ma. Bernadet...
2025-12-06 11:31:45,535 - INFO -   ✓ Saved: RESTRUCTURED_DB/2006/jul/164376.json
2025-12-06 11:31:46,035 - INFO - 
[413/800] Processing G.R. No. 164439
2025-12-06 11:31:46,035 - INFO -   Title: Jeffrey L. Santos vs. Commission on Elections, et al....
2025-12-06 11:31:46,280 - INFO -   ✓ Saved: RESTRUCTURED_DB/2006/jan/164439.json
2025-12-06 11:31:46,781 - INFO - 
[414/800] Processing G.R. No. 164453
2025-12-06 11:31:46,781 - INFO -   Title: Jesus Caldo vs. Victoria Caldo-Atienza, et al....
2025-12-06 11:31:47,246 - INFO -   ✓ Saved: RESTRUCTURED_DB/2006/mar/164453.json
2025-12-06 11:31:47,746 - INFO - 
[415/800] Processing G.R. No. 164460
2025-12-06 11:31:47,746 - INFO -   Title: Office of the Ombudsman vs. Carmencita D. Coronel...
2025-12-06 11:31:48,204 - INFO -   ✓ Saved: RESTRUCTURED_DB/2006/jun/164460.json
2025-12-06 11:31:48,704 - INFO - 
[416/800] Processing G.R. No. 164545
2025-12-06 11:31:48,705 - INFO -   Title: Lorbe Rebucan y Baltazar vs. People of the Philippines...
2025-12-06 11:31:49,163 - INFO -   ✓ Saved: RESTRUCTURED_DB/2006/nov/164545.json
2025-12-06 11:31:49,664 - INFO - 
[417/800] Processing G.R. No. 164548
2025-12-06 11:31:49,664 - INFO -   Title: Philippine National Bank vs. RJ Ventures Realty & Developmen...
2025-12-06 11:31:50,132 - INFO -   ✓ Saved: RESTRUCTURED_DB/2006/sep/164548.json
2025-12-06 11:31:50,632 - INFO - 
[418/800] Processing G.R. No. 164561
2025-12-06 11:31:50,632 - INFO -   Title: Cathay Pacific Steel Corporation, et al. vs. Hon. Court of A...
2025-12-06 11:31:51,103 - INFO -   ✓ Saved: RESTRUCTURED_DB/2006/aug/164561.json
2025-12-06 11:31:51,603 - INFO - 
[419/800] Processing G.R. No. 164575
2025-12-06 11:31:51,603 - INFO -   Title: Robert P. Wa-Acon vs. People of the Philippines...
2025-12-06 11:31:52,061 - INFO -   ✓ Saved: RESTRUCTURED_DB/2006/dec/164575.json
2025-12-06 11:31:52,561 - INFO - 
[420/800] Processing G.R. No. 164601
2025-12-06 11:31:52,561 - INFO -   Title: Spouses Erlinda Batal and Frank Batal vs. Spouses Luz San Pe...
2025-12-06 11:31:52,805 - INFO -   ✓ Saved: RESTRUCTURED_DB/2006/sep/164601.json
2025-12-06 11:31:53,305 - INFO - 
[421/800] Processing G.R. No. 164605
2025-12-06 11:31:53,305 - INFO -   Title: Caterpillar, Inc. vs. Manolo P. Samson...
2025-12-06 11:31:53,550 - INFO -   ✓ Saved: RESTRUCTURED_DB/2006/oct/164605.json
2025-12-06 11:31:54,050 - INFO - 
[422/800] Processing G.R. No. 164633
2025-12-06 11:31:54,050 - INFO -   Title: Geronimo S. Banquerigo, et al. vs. Hon. Court of Appeals, et...
2025-12-06 11:31:54,510 - INFO -   ✓ Saved: RESTRUCTURED_DB/2006/aug/164633.json
2025-12-06 11:31:55,010 - INFO - 
[423/800] Processing G.R. No. 164702
2025-12-06 11:31:55,010 - INFO -   Title: Partido ng Manggagawa (PM), et al. vs. the Hon. Commission o...
2025-12-06 11:31:55,473 - INFO -   ✓ Saved: RESTRUCTURED_DB/2006/mar/164702.json
2025-12-06 11:31:55,973 - INFO - 
[424/800] Processing G.R. No. 164715
2025-12-06 11:31:55,973 - INFO -   Title: Arnel C. Alcaraz vs. Ramon C. Gonzalez...
2025-12-06 11:31:56,218 - INFO -   ✓ Saved: RESTRUCTURED_DB/2006/sep/164715.json
2025-12-06 11:31:56,718 - INFO - 
[425/800] Processing G.R. No. 164740
2025-12-06 11:31:56,718 - INFO -   Title: Spouses Eduardo and Elsa Versola vs. Hon. Court of Appeals, ...
2025-12-06 11:31:57,185 - INFO -   ✓ Saved: RESTRUCTURED_DB/2006/jul/164740.json
2025-12-06 11:31:57,685 - INFO - 
[426/800] Processing G.R. No. 164748
2025-12-06 11:31:57,685 - INFO -   Title: The Secretary of Education vs. Heirs of Rufino Dulay, Sr., e...
2025-12-06 11:31:58,142 - INFO -   ✓ Saved: RESTRUCTURED_DB/2006/jan/164748.json
2025-12-06 11:31:58,643 - INFO - 
[427/800] Processing G.R. No. 164772
2025-12-06 11:31:58,643 - INFO -   Title: Equitable Banking Corp. vs. Ricardo Sadac...
2025-12-06 11:31:59,316 - INFO -   ✓ Saved: RESTRUCTURED_DB/2006/jun/164772.json
2025-12-06 11:31:59,817 - INFO - 
[428/800] Processing G.R. No. 164774
2025-12-06 11:31:59,817 - INFO -   Title: Star Paper Corporation, et al. vs. Ronaldo D. Simbol, et al....
2025-12-06 11:32:00,063 - INFO -   ✓ Saved: RESTRUCTURED_DB/2006/apr/164774.json
2025-12-06 11:32:00,563 - INFO - 
[429/800] Processing G.R. No. 164787
2025-12-06 11:32:00,563 - INFO -   Title: Marlene Crisostomo, et al. vs. Florito M. Garcia, Jr....
2025-12-06 11:32:01,021 - INFO -   ✓ Saved: RESTRUCTURED_DB/2006/jan/164787.json
2025-12-06 11:32:01,521 - INFO - 
[430/800] Processing G.R. No. 164797
2025-12-06 11:32:01,522 - INFO -   Title: Josefina M. Cruz, et al. vs. the Hon. Court of Appeals, et a...
2025-12-06 11:32:01,989 - INFO -   ✓ Saved: RESTRUCTURED_DB/2006/feb/164797.json
2025-12-06 11:32:02,489 - INFO - 
[431/800] Processing G.R. No. 164801
2025-12-06 11:32:02,489 - INFO -   Title: Philippine Natioal Bank vs. Heirs of Estanislao Militar, et ...
2025-12-06 11:32:02,948 - INFO -   ✓ Saved: RESTRUCTURED_DB/2006/jun/164801.json
2025-12-06 11:32:03,448 - INFO - 
[432/800] Processing G.R. No. 164816
2025-12-06 11:32:03,448 - INFO -   Title: Ma. Ellaine D. Panaga vs. Court of Appeals, et al....
2025-12-06 11:32:03,692 - INFO -   ✓ Saved: RESTRUCTURED_DB/2006/sep/164816.json
2025-12-06 11:32:04,192 - INFO - 
[433/800] Processing G.R. No. 164858
2025-12-06 11:32:04,192 - INFO -   Title: Henry P. Lanot vs. Commission on Elections...
2025-12-06 11:32:04,870 - INFO -   ✓ Saved: RESTRUCTURED_DB/2006/nov/164858.json
2025-12-06 11:32:05,371 - INFO - 
[434/800] Processing G.R. No. 164871
2025-12-06 11:32:05,371 - INFO -   Title: Trust International Paper Corporation vs. Marilou R. Pelaez...
2025-12-06 11:32:05,616 - INFO -   ✓ Saved: RESTRUCTURED_DB/2006/aug/164871.json
2025-12-06 11:32:06,116 - INFO - 
[435/800] Processing G.R. No. 164876
2025-12-06 11:32:06,116 - INFO -   Title: Land Bank of the Philippines vs. Leonila P. Celada...
2025-12-06 11:32:06,574 - INFO -   ✓ Saved: RESTRUCTURED_DB/2006/jan/164876.json
2025-12-06 11:32:07,075 - INFO - 
[436/800] Processing G.R. No. 164888
2025-12-06 11:32:07,075 - INFO -   Title: Rural Bank of Coron, Inc., et al. vs. Annalisa Cortes...
2025-12-06 11:32:07,327 - INFO -   ✓ Saved: RESTRUCTURED_DB/2006/dec/164888.json
2025-12-06 11:32:07,828 - INFO - 
[437/800] Processing G.R. No. 164915
2025-12-06 11:32:07,828 - INFO -   Title: Eric Jonathan Yu vs. Caroline T. Yu...
2025-12-06 11:32:08,285 - INFO -   ✓ Saved: RESTRUCTURED_DB/2006/mar/164915.json
2025-12-06 11:32:08,785 - INFO - 
[438/800] Processing G.R. No. 164929
2025-12-06 11:32:08,785 - INFO -   Title: Erneliza Z. Mamaril vs. Civil Service Commission...
2025-12-06 11:32:09,243 - INFO -   ✓ Saved: RESTRUCTURED_DB/2006/apr/164929.json
2025-12-06 11:32:09,743 - INFO - 
[439/800] Processing G.R. No. 164947
2025-12-06 11:32:09,743 - INFO -   Title: Sonia Maceda, et al. vs. Encarnacion De Guzman vda. De Macat...
2025-12-06 11:32:10,201 - INFO -   ✓ Saved: RESTRUCTURED_DB/2006/jan/164947.json
2025-12-06 11:32:10,702 - INFO - 
[440/800] Processing G.R. No. 164948
2025-12-06 11:32:10,702 - INFO -   Title: Diwata Ramos Landingin vs. Republic of the Philippines...
2025-12-06 11:32:11,161 - INFO -   ✓ Saved: RESTRUCTURED_DB/2006/jun/164948.json
2025-12-06 11:32:11,661 - INFO - 
[441/800] Processing G.R. No. 164953
2025-12-06 11:32:11,661 - INFO -   Title: John Joseph Lumanlaw y Bulinao vs. Hon. Eduardo B. Peralta J...
2025-12-06 11:32:12,120 - INFO -   ✓ Saved: RESTRUCTURED_DB/2006/feb/164953.json
2025-12-06 11:32:12,621 - INFO - 
[442/800] Processing G.R. No. 164958
2025-12-06 11:32:12,621 - INFO -   Title: Sy Chim, et al. vs. Sy Siy Ho & Sons, Inc., et al....
2025-12-06 11:32:13,083 - INFO -   ✓ Saved: RESTRUCTURED_DB/2006/jan/164958.json
2025-12-06 11:32:13,583 - INFO - 
[443/800] Processing G.R. No. 165027
2025-12-06 11:32:13,584 - INFO -   Title: Proton Pilipinas Corporation vs. Republic of the Philippines...
2025-12-06 11:32:13,829 - INFO -   ✓ Saved: RESTRUCTURED_DB/2006/oct/165027.json
2025-12-06 11:32:14,330 - INFO - 
[444/800] Processing G.R. No. 165038
2025-12-06 11:32:14,330 - INFO -   Title: Heirs of Emilio R. Domingo and Felicidad Cornejo, et al. vs....
2025-12-06 11:32:14,580 - INFO -   ✓ Saved: RESTRUCTURED_DB/2006/nov/165038.json
2025-12-06 11:32:15,080 - INFO - 
[445/800] Processing G.R. No. 165065
2025-12-06 11:32:15,081 - INFO -   Title: Moderazo vs. People...
2025-12-06 11:32:15,539 - INFO -   ✓ Saved: RESTRUCTURED_DB/2006/sep/165065.json
2025-12-06 11:32:16,039 - INFO - 
[446/800] Processing G.R. No. 165073
2025-12-06 11:32:16,039 - INFO -   Title: Heirs of Juan Grino, Sr., et al. vs. Department of Agrarian ...
2025-12-06 11:32:16,497 - INFO -   ✓ Saved: RESTRUCTURED_DB/2006/jun/165073.json
2025-12-06 11:32:16,997 - INFO - 
[447/800] Processing G.R. No. 165088
2025-12-06 11:32:16,997 - INFO -   Title: Potenciano Ramirez vs. Ma. Cecilia Ramirez...
2025-12-06 11:32:17,241 - INFO -   ✓ Saved: RESTRUCTURED_DB/2006/mar/165088.json
2025-12-06 11:32:17,741 - INFO - 
[448/800] Processing G.R. No. 165111
2025-12-06 11:32:17,741 - INFO -   Title: Roberto E. Chang, et al. vs. People of the Philippines...
2025-12-06 11:32:18,199 - INFO -   ✓ Saved: RESTRUCTURED_DB/2006/jul/165111.json
2025-12-06 11:32:18,699 - INFO - 
[449/800] Processing G.R. No. 165165
2025-12-06 11:32:18,699 - INFO -   Title: Sps. Johnny Lucero & Nona Ariete vs. Heirs of Estanislao Mil...
2025-12-06 11:32:19,664 - WARNING -   ✗ Could not fetch case from any URL
2025-12-06 11:32:19,665 - INFO - 
[450/800] Processing G.R. No. 165265
2025-12-06 11:32:19,665 - INFO -   Title: Maribel B. Jardeleza vs. People of the Philippines...
2025-12-06 11:32:20,347 - INFO -   ✓ Saved: RESTRUCTURED_DB/2006/feb/165265.json
2025-12-06 11:32:20,847 - INFO - 
[451/800] Processing G.R. No. 165341
2025-12-06 11:32:20,847 - INFO -   Title: Gilberto M. De Los Reyes vs. the Honorable Sandiganbayan, et...
2025-12-06 11:32:21,092 - INFO -   ✓ Saved: RESTRUCTURED_DB/2006/feb/165341.json
2025-12-06 11:32:21,592 - INFO - 
[452/800] Processing G.R. No. 165382
2025-12-06 11:32:21,592 - INFO -   Title: Union Bank of the Philippines vs. Securities and Exchange Co...
2025-12-06 11:32:22,063 - INFO -   ✓ Saved: RESTRUCTURED_DB/2006/aug/165382.json
2025-12-06 11:32:22,564 - INFO - 
[453/800] Processing G.R. No. 165403
2025-12-06 11:32:22,564 - INFO -   Title: International Exchange Bank vs. Hon. Court of Appeals, et al...
2025-12-06 11:32:22,809 - INFO -   ✓ Saved: RESTRUCTURED_DB/2006/feb/165403.json
2025-12-06 11:32:23,309 - INFO - 
[454/800] Processing G.R. No. 165465
2025-12-06 11:32:23,309 - INFO -   Title: Loida V. Malabago vs. National Labor Relations Commission an...
2025-12-06 11:32:23,553 - INFO -   ✓ Saved: RESTRUCTURED_DB/2006/sep/165465.json
2025-12-06 11:32:24,054 - INFO - 
[455/800] Processing G.R. No. 165476
2025-12-06 11:32:24,054 - INFO -   Title: Agripino V. Molina vs. Pacific Plans, Inc....
2025-12-06 11:32:24,516 - INFO -   ✓ Saved: RESTRUCTURED_DB/2006/mar/165476.json
2025-12-06 11:32:25,016 - INFO - 
[456/800] Processing G.R. No. 165483
2025-12-06 11:32:25,016 - INFO -   Title: Rujjeric Z. Palaganas vs. People of the Philippines...
2025-12-06 11:32:25,476 - INFO -   ✓ Saved: RESTRUCTURED_DB/2006/sep/165483.json
2025-12-06 11:32:25,977 - INFO - 
[457/800] Processing G.R. No. 165486
2025-12-06 11:32:25,977 - INFO -   Title: Centro Escolar University Faculty and Allied Workers Union -...
2025-12-06 11:32:26,222 - INFO -   ✓ Saved: RESTRUCTURED_DB/2006/may/165486.json
2025-12-06 11:32:26,722 - INFO - 
[458/800] Processing G.R. No. 165500
2025-12-06 11:32:26,722 - INFO -   Title: Philippine Bank of Communications, et al. vs. Elenita B. Tra...
2025-12-06 11:32:27,876 - INFO -   ✓ Saved: RESTRUCTURED_DB/2006/aug/165500.json
2025-12-06 11:32:28,376 - INFO - 
[459/800] Processing G.R. No. 165501
2025-12-06 11:32:28,376 - INFO -   Title: Sps. Jesus and Evangeline Pasco vs. Pison-Arceo Agricultural...
2025-12-06 11:32:28,847 - INFO -   ✓ Saved: RESTRUCTURED_DB/2006/mar/165501.json
2025-12-06 11:32:29,348 - INFO - 
[460/800] Processing G.R. No. 165545
2025-12-06 11:32:29,348 - INFO -   Title: Social Security System vs. Teresita Jarque Vda. De Bailon....
2025-12-06 11:32:29,811 - INFO -   ✓ Saved: RESTRUCTURED_DB/2006/mar/165545.json
2025-12-06 11:32:30,311 - INFO - 
[461/800] Processing G.R. No. 165546
2025-12-06 11:32:30,311 - INFO -   Title: Social Security System vs. Rosanna H. Aguas, et al....
2025-12-06 11:32:30,770 - INFO -   ✓ Saved: RESTRUCTURED_DB/2006/feb/165546.json
2025-12-06 11:32:31,271 - INFO - 
[462/800] Processing G.R. No. 165570
2025-12-06 11:32:31,271 - INFO -   Title: Edwin Salusiano Matutina vs. Philippine National Bank...
2025-12-06 11:32:31,516 - INFO -   ✓ Saved: RESTRUCTURED_DB/2006/feb/165570.json
2025-12-06 11:32:32,016 - INFO - 
[463/800] Processing G.R. No. 165606
2025-12-06 11:32:32,016 - INFO -   Title: Deutsche Bank Manila vs. Sps. Chua Yok See, et al....
2025-12-06 11:32:32,478 - INFO -   ✓ Saved: RESTRUCTURED_DB/2006/feb/165606.json
2025-12-06 11:32:32,978 - INFO - 
[464/800] Processing G.R. No. 165620
2025-12-06 11:32:32,978 - INFO -   Title: Priscila V. Padre, et al. vs. Elias Malabanan...
2025-12-06 11:32:33,223 - INFO -   ✓ Saved: RESTRUCTURED_DB/2006/sep/165620.json
2025-12-06 11:32:33,723 - INFO - 
[465/800] Processing G.R. No. 165644
2025-12-06 11:32:33,723 - INFO -   Title: Manuel B. Aloria etc. vs. Estrellita B. Clemente...
2025-12-06 11:32:34,183 - INFO -   ✓ Saved: RESTRUCTURED_DB/2006/feb/165644.json
2025-12-06 11:32:34,683 - INFO - 
[466/800] Processing G.R. No. 165648
2025-12-06 11:32:34,683 - INFO -   Title: Eastland Construction & Development Corporation vs. Benedict...
2025-12-06 11:32:35,140 - INFO -   ✓ Saved: RESTRUCTURED_DB/2006/mar/165648.json
2025-12-06 11:32:35,641 - INFO - 
[467/800] Processing G.R. No. 165661
2025-12-06 11:32:35,641 - INFO -   Title: Sps. Mario & Corazon Villalva vs. RCBC Savings Bank...
2025-12-06 11:32:35,885 - INFO -   ✓ Saved: RESTRUCTURED_DB/2006/aug/165661.json
2025-12-06 11:32:36,386 - INFO - 
[468/800] Processing G.R. No. 165662
2025-12-06 11:32:36,386 - INFO -   Title: Selegna Management and Development Corporation, et al. vs. U...
2025-12-06 11:32:36,856 - INFO -   ✓ Saved: RESTRUCTURED_DB/2006/may/165662.json
2025-12-06 11:32:37,356 - INFO - 
[469/800] Processing G.R. No. 165711
2025-12-06 11:32:37,356 - INFO -   Title: Hermoso Arriola, et al. vs. Sandiganbayan...
2025-12-06 11:32:37,813 - INFO -   ✓ Saved: RESTRUCTURED_DB/2006/jun/165711.json
2025-12-06 11:32:38,313 - INFO - 
[470/800] Processing G.R. No. 165724
2025-12-06 11:32:38,313 - INFO -   Title: Zamora Realty and Development Corporation vs. Office of the ...
2025-12-06 11:32:38,771 - INFO -   ✓ Saved: RESTRUCTURED_DB/2006/nov/165724.json
2025-12-06 11:32:39,271 - INFO - 
[471/800] Processing G.R. No. 165727
2025-12-06 11:32:39,271 - INFO -   Title: Tower Industrial Sales, et al. vs. Hon. Court of Appeals, et...
2025-12-06 11:32:39,729 - INFO -   ✓ Saved: RESTRUCTURED_DB/2006/apr/165727.json
2025-12-06 11:32:40,229 - INFO - 
[472/800] Processing G.R. No. 165732
2025-12-06 11:32:40,229 - INFO -   Title: Safeguard Security Agency, Inc., et al. vs. Lauro Tangco, et...
2025-12-06 11:32:40,688 - INFO -   ✓ Saved: RESTRUCTURED_DB/2006/dec/165732.json
2025-12-06 11:32:41,189 - INFO - 
[473/800] Processing G.R. No. 165734
2025-12-06 11:32:41,189 - INFO -   Title: Atty. Ramon B. Ceniza vs. Daniel Wistehuff, Sr. et al....
2025-12-06 11:32:41,660 - INFO -   ✓ Saved: RESTRUCTURED_DB/2006/jun/165734.json
2025-12-06 11:32:42,161 - INFO - 
[474/800] Processing G.R. No. 165757
2025-12-06 11:32:42,161 - INFO -   Title: Galaxie Steel Workers Union vs. NLRC, et al....
2025-12-06 11:32:42,413 - INFO -   ✓ Saved: RESTRUCTURED_DB/2006/oct/165757.json
2025-12-06 11:32:42,913 - INFO - 
[475/800] Processing G.R. No. 165793
2025-12-06 11:32:42,913 - INFO -   Title: Alfonso T. Yuchengco vs. Court of Appeals, et al....
2025-12-06 11:32:43,160 - INFO -   ✓ Saved: RESTRUCTURED_DB/2006/oct/165793.json
2025-12-06 11:32:43,660 - INFO - 
[476/800] Processing G.R. No. 165827
2025-12-06 11:32:43,661 - INFO -   Title: NAPOCOR vs. Province of Isabela etc....
2025-12-06 11:32:44,118 - INFO -   ✓ Saved: RESTRUCTURED_DB/2006/jun/165827.json
2025-12-06 11:32:44,618 - INFO - 
[477/800] Processing G.R. No. 165853
2025-12-06 11:32:44,618 - INFO -   Title: Rosana Erena vs. Vida Dana Querrer-Kaufman...
2025-12-06 11:32:45,078 - INFO -   ✓ Saved: RESTRUCTURED_DB/2006/jun/165853.json
2025-12-06 11:32:45,578 - INFO - 
[478/800] Processing G.R. No. 165879
2025-12-06 11:32:45,578 - INFO -   Title: Maria B. Ching vs. Joseph C. Goyanko, Jr., et al....
2025-12-06 11:32:45,826 - INFO -   ✓ Saved: RESTRUCTURED_DB/2006/nov/165879.json
2025-12-06 11:32:46,327 - INFO - 
[479/800] Processing G.R. No. 165881
2025-12-06 11:32:46,327 - INFO -   Title: Oscar Villamaria, Jr. vs. Court of Appeals, et al....
2025-12-06 11:32:46,787 - INFO -   ✓ Saved: RESTRUCTURED_DB/2006/apr/165881.json
2025-12-06 11:32:47,287 - INFO - 
[480/800] Processing G.R. No. 165910
2025-12-06 11:32:47,287 - INFO -   Title: Hanjin Engineering, et al. vs. Court of Appeals, et al....
2025-12-06 11:32:47,747 - INFO -   ✓ Saved: RESTRUCTURED_DB/2006/apr/165910.json
2025-12-06 11:32:48,247 - INFO - 
[481/800] Processing G.R. No. 165934
2025-12-06 11:32:48,247 - INFO -   Title: United Philippine Lines, Inc., et al. vs. Francisco D. Beser...
2025-12-06 11:32:48,706 - INFO -   ✓ Saved: RESTRUCTURED_DB/2006/apr/165934.json
2025-12-06 11:32:49,206 - INFO - 
[482/800] Processing G.R. No. 165987
2025-12-06 11:32:49,206 - INFO -   Title: Joshua S. Alfelor, et al. vs. Josefina M. Halasan, et al....
2025-12-06 11:32:49,663 - INFO -   ✓ Saved: RESTRUCTURED_DB/2006/mar/165987.json
2025-12-06 11:32:50,163 - INFO - 
[483/800] Processing G.R. No. 166039
2025-12-06 11:32:50,163 - INFO -   Title: Digitel Telecommunications Phil., Inc., et al. vs. Mariquit ...
2025-12-06 11:32:50,842 - INFO -   ✓ Saved: RESTRUCTURED_DB/2006/jun/166039.json
2025-12-06 11:32:51,342 - INFO - 
[484/800] Processing G.R. No. 166040
2025-12-06 11:32:51,342 - INFO -   Title: Niel F. Llave vs. People of the Philippines...
2025-12-06 11:32:51,807 - INFO -   ✓ Saved: RESTRUCTURED_DB/2006/apr/166040.json
2025-12-06 11:32:52,307 - INFO - 
[485/800] Processing G.R. No. 166046
2025-12-06 11:32:52,307 - INFO -   Title: Margarito C. Suliguin vs. the Commission on Elections, et al...
2025-12-06 11:32:52,765 - INFO -   ✓ Saved: RESTRUCTURED_DB/2006/mar/166046.json
2025-12-06 11:32:53,265 - INFO - 
[486/800] Processing G.R. No. 166116
2025-12-06 11:32:53,265 - INFO -   Title: Office of the Ombudsman vs. Florentina Santos...
2025-12-06 11:32:53,722 - INFO -   ✓ Saved: RESTRUCTURED_DB/2006/mar/166116.json
2025-12-06 11:32:54,223 - INFO - 
[487/800] Processing G.R. No. 166136
2025-12-06 11:32:54,223 - INFO -   Title: Mario Danilo B. Villaflores vs. Ram System Services, Inc., e...
2025-12-06 11:32:55,181 - INFO -   ✓ Saved: RESTRUCTURED_DB/2006/aug/166136.json
2025-12-06 11:32:55,681 - INFO - 
[488/800] Processing G.R. No. 166139
2025-12-06 11:32:55,681 - INFO -   Title: Republic of the Philippines vs. Pedro T. Casimiro...
2025-12-06 11:32:56,169 - INFO -   ✓ Saved: RESTRUCTURED_DB/2006/jun/166139.json
2025-12-06 11:32:56,669 - INFO - 
[489/800] Processing G.R. No. 166177
2025-12-06 11:32:56,669 - INFO -   Title: Herbert Williams vs. Court of Appeals, et al....
2025-12-06 11:32:56,918 - INFO -   ✓ Saved: RESTRUCTURED_DB/2006/dec/166177.json
2025-12-06 11:32:57,419 - INFO - 
[490/800] Processing G.R. No. 166183
2025-12-06 11:32:57,419 - INFO -   Title: Sps. Tito Alvaro, et al. vs. Sps. Osmundo Ternida, et al....
2025-12-06 11:32:57,674 - INFO -   ✓ Saved: RESTRUCTURED_DB/2006/jan/166183.json
2025-12-06 11:32:58,174 - INFO - 
[491/800] Processing G.R. No. 166190
2025-12-06 11:32:58,174 - INFO -   Title: Heirs of Venancio Bajenting, et al. vs. Romeo F. Bañez, et a...
2025-12-06 11:32:58,862 - INFO -   ✓ Saved: RESTRUCTURED_DB/2006/sep/166190.json
2025-12-06 11:32:59,362 - INFO - 
[492/800] Processing G.R. No. 166239
2025-12-06 11:32:59,362 - INFO -   Title: Elsie Ang vs. Dr. Erniefel Grageda...
2025-12-06 11:32:59,830 - INFO -   ✓ Saved: RESTRUCTURED_DB/2006/jun/166239.json
2025-12-06 11:33:00,331 - INFO - 
[493/800] Processing G.R. No. 166279
2025-12-06 11:33:00,331 - INFO -   Title: Philippine Rabbit Bus Lines, Inc. vs. Aladdin Transit Corp.,...
2025-12-06 11:33:00,581 - INFO -   ✓ Saved: RESTRUCTURED_DB/2006/jun/166279.json
2025-12-06 11:33:01,081 - INFO - 
[494/800] Processing G.R. No. 166281
2025-12-06 11:33:01,081 - INFO -   Title: Jesus Angeles, et al. vs. Republic of the Philippines...
2025-12-06 11:33:01,561 - INFO -   ✓ Saved: RESTRUCTURED_DB/2006/oct/166281.json
2025-12-06 11:33:02,061 - INFO - 
[495/800] Processing G.R. No. 166315
2025-12-06 11:33:02,061 - INFO -   Title: Alfredo Sy, et al. vs. Hon. Secretary of Justice, et al....
2025-12-06 11:33:02,310 - INFO -   ✓ Saved: RESTRUCTURED_DB/2006/dec/166315.json
2025-12-06 11:33:02,810 - INFO - 
[496/800] Processing G.R. No. 166326
2025-12-06 11:33:02,810 - INFO -   Title: Esmeraldo Rivera, et al. vs. People of the Philippines...
2025-12-06 11:33:03,277 - INFO -   ✓ Saved: RESTRUCTURED_DB/2006/jan/166326.json
2025-12-06 11:33:03,777 - INFO - 
[497/800] Processing G.R. No. 166326
2025-12-06 11:33:03,777 - INFO -   Title: Esmeraldo Rivera, et al. vs. People of the Philippines...
2025-12-06 11:33:04,243 - INFO -   Case already exists: RESTRUCTURED_DB/2006/jan/166326.json
2025-12-06 11:33:04,743 - INFO - 
[498/800] Processing G.R. No. 166363
2025-12-06 11:33:04,744 - INFO -   Title: Skippers United Pacific, Inc., et al. vs. Jerry Maguad, et a...
2025-12-06 11:33:05,213 - INFO -   ✓ Saved: RESTRUCTURED_DB/2006/aug/166363.json
2025-12-06 11:33:05,713 - INFO - 
[499/800] Processing G.R. No. 166382
2025-12-06 11:33:05,713 - INFO -   Title: Gloria Jean R. Chaves vs. National Labor Relations Commissio...
2025-12-06 11:33:05,972 - INFO -   ✓ Saved: RESTRUCTURED_DB/2006/jun/166382.json
2025-12-06 11:33:06,472 - INFO - 
[500/800] Processing G.R. No. 166388
2025-12-06 11:33:06,472 - INFO -   Title: Alan Peter S. Cayetano vs. Commission on Elections, et al....
2025-12-06 11:33:06,723 - INFO -   ✓ Saved: RESTRUCTURED_DB/2006/jan/166388.json
2025-12-06 11:33:07,223 - INFO - 
[501/800] Processing G.R. No. 166401
2025-12-06 11:33:07,223 - INFO -   Title: People of the Philippines vs. Alfredo Bon...
2025-12-06 11:33:07,913 - INFO -   ✓ Saved: RESTRUCTURED_DB/2006/oct/166401.json
2025-12-06 11:33:08,414 - INFO - 
[502/800] Processing G.R. No. 166403
2025-12-06 11:33:08,414 - INFO -   Title: Benzon O. Aldemita vs. Heirs of Melquiades Silva...
2025-12-06 11:33:08,678 - INFO -   ✓ Saved: RESTRUCTURED_DB/2006/nov/166403.json
2025-12-06 11:33:09,178 - INFO - 
[503/800] Processing G.R. No. 166421
2025-12-06 11:33:09,178 - INFO -   Title: Philippine Journalists, et al. vs. National Labor Relations ...
2025-12-06 11:33:09,647 - INFO -   ✓ Saved: RESTRUCTURED_DB/2006/sep/166421.json
2025-12-06 11:33:10,147 - INFO - 
[504/800] Processing G.R. No. 166429
2025-12-06 11:33:10,147 - INFO -   Title: Republic of the Philippines, et al. vs. Hon. Henrick F. Ging...
2025-12-06 11:33:10,404 - INFO -   ✓ Saved: RESTRUCTURED_DB/2006/feb/166429.json
2025-12-06 11:33:10,904 - INFO - 
[505/800] Processing G.R. No. 166479
2025-12-06 11:33:10,904 - INFO -   Title: Rodolfo C. Velasco vs. People of the Philippines...
2025-12-06 11:33:11,372 - INFO -   ✓ Saved: RESTRUCTURED_DB/2006/feb/166479.json
2025-12-06 11:33:11,873 - INFO - 
[506/800] Processing G.R. No. 166496
2025-12-06 11:33:11,873 - INFO -   Title: Josefa Bautista Ferrer vs. Sps. Manuel M. Ferrer & Virginia ...
2025-12-06 11:33:12,124 - INFO -   ✓ Saved: RESTRUCTURED_DB/2006/nov/166496.json
2025-12-06 11:33:12,624 - INFO - 
[507/800] Processing G.R. No. 166501
2025-12-06 11:33:12,624 - INFO -   Title: Ernesto B. Francisco, Jr. vs. Hon. Bayani F. Fernando...
2025-12-06 11:33:12,873 - INFO -   ✓ Saved: RESTRUCTURED_DB/2006/nov/166501.json
2025-12-06 11:33:13,373 - INFO - 
[508/800] Processing G.R. No. 166507
2025-12-06 11:33:13,373 - INFO -   Title: AMKOR Technology Philippines, Inc., et al. vs. Nory A. Juang...
2025-12-06 11:33:13,840 - INFO -   ✓ Saved: RESTRUCTURED_DB/2006/sep/166507.json
2025-12-06 11:33:14,340 - INFO - 
[509/800] Processing G.R. No. 166521
2025-12-06 11:33:14,340 - INFO -   Title: Pedro Generosa, et al. vs. Pacita Prangan-Valera...
2025-12-06 11:33:14,806 - INFO -   ✓ Saved: RESTRUCTURED_DB/2006/aug/166521.json
2025-12-06 11:33:15,306 - INFO - 
[510/800] Processing G.R. No. 166542
2025-12-06 11:33:15,306 - INFO -   Title: Nilo L. Dojillo vs. Commission on Elections, et al....
2025-12-06 11:33:15,785 - INFO -   ✓ Saved: RESTRUCTURED_DB/2006/jul/166542.json
2025-12-06 11:33:16,286 - INFO - 
[511/800] Processing G.R. No. 166546
2025-12-06 11:33:16,286 - INFO -   Title: People of the Philippines vs. Rogelio Arsayo y Lavaquiz...
2025-12-06 11:33:17,272 - WARNING -   ✗ Could not fetch case from any URL
2025-12-06 11:33:17,272 - INFO - 
[512/800] Processing G.R. No. 166556
2025-12-06 11:33:17,272 - INFO -   Title: Government Service Insurance System vs. Luz M. Baul...
2025-12-06 11:33:17,739 - INFO -   ✓ Saved: RESTRUCTURED_DB/2006/jul/166556.json
2025-12-06 11:33:18,239 - INFO - 
[513/800] Processing G.R. No. 166594
2025-12-06 11:33:18,240 - INFO -   Title: Ciudad Fernandina Food Corporation Employees Union-Associate...
2025-12-06 11:33:18,713 - INFO -   ✓ Saved: RESTRUCTURED_DB/2006/jul/166594.json
2025-12-06 11:33:19,214 - INFO - 
[514/800] Processing G.R. No. 166616
2025-12-06 11:33:19,214 - INFO -   Title: First Dominion Resources Corporation vs. Mercurio Peñaranda,...
2025-12-06 11:33:19,463 - INFO -   ✓ Saved: RESTRUCTURED_DB/2006/jan/166616.json
2025-12-06 11:33:19,963 - INFO - 
[515/800] Processing G.R. No. 166647
2025-12-06 11:33:19,963 - INFO -   Title: Pag-Asa Steel Works, Inc. vs. CA, et al....
2025-12-06 11:33:20,664 - INFO -   ✓ Saved: RESTRUCTURED_DB/2006/mar/166647.json
2025-12-06 11:33:21,165 - INFO - 
[516/800] Processing G.R. No. 166649
2025-12-06 11:33:21,165 - INFO -   Title: Robert B. Cabuyoc vs. Inter-Orient Navigation Shipmanagement...
2025-12-06 11:33:21,415 - INFO -   ✓ Saved: RESTRUCTURED_DB/2006/nov/166649.json
2025-12-06 11:33:21,916 - INFO - 
[517/800] Processing G.R. No. 166704
2025-12-06 11:33:21,916 - INFO -   Title: Agrifina Aquintey vs. Sps. Felicidad and Rico Tibong...
2025-12-06 11:33:22,401 - INFO -   ✓ Saved: RESTRUCTURED_DB/2006/dec/166704.json
2025-12-06 11:33:22,901 - INFO - 
[518/800] Processing G.R. No. 166751
2025-12-06 11:33:22,901 - INFO -   Title: Ridgewood Estate, Inc. vs. Expedito Belaos490 SCRA...
2025-12-06 11:33:23,155 - INFO -   ✓ Saved: RESTRUCTURED_DB/2006/jun/166751.json
2025-12-06 11:33:23,655 - INFO - 
[519/800] Processing G.R. No. 166769
2025-12-06 11:33:23,656 - INFO -   Title: Manila Electric Company, Inc. vs. Genaro Lualhati, et al....
2025-12-06 11:33:24,125 - INFO -   ✓ Saved: RESTRUCTURED_DB/2006/dec/166769.json
2025-12-06 11:33:24,625 - INFO - 
[520/800] Processing G.R. No. 166781
2025-12-06 11:33:24,625 - INFO -   Title: Alejandro Moraga vs. Sps. Julian and Felicidad Somo, et al....
2025-12-06 11:33:24,875 - INFO -   ✓ Saved: RESTRUCTURED_DB/2006/sep/166781.json
2025-12-06 11:33:25,375 - INFO - 
[521/800] Processing G.R. No. 166786
2025-12-06 11:33:25,375 - INFO -   Title: Michel J. Lhuillier Pawnshop, Inc. vs. Commissioner of Inter...
2025-12-06 11:33:25,625 - INFO -   ✓ Saved: RESTRUCTURED_DB/2006/sep/166786.json
2025-12-06 11:33:26,125 - INFO - 
[522/800] Processing G.R. No. 166786
2025-12-06 11:33:26,125 - INFO -   Title: Michel J. Lhuillier Pawnshop, Inc. vs. Commissioner of Inter...
2025-12-06 11:33:26,600 - INFO -   ✓ Saved: RESTRUCTURED_DB/2006/may/166786.json
2025-12-06 11:33:27,101 - INFO - 
[523/800] Processing G.R. No. 166833
2025-12-06 11:33:27,101 - INFO -   Title: Felixberto Cubero, et al. vs. Laguna West Multi-Purpose Coop...
2025-12-06 11:33:27,351 - INFO -   ✓ Saved: RESTRUCTURED_DB/2006/nov/166833.json
2025-12-06 11:33:27,851 - INFO - 
[524/800] Processing G.R. No. 166837
2025-12-06 11:33:27,851 - INFO -   Title: Ligaya S. Orbeta vs. Ruben P. Orbeta...
2025-12-06 11:33:28,100 - INFO -   ✓ Saved: RESTRUCTURED_DB/2006/nov/166837.json
2025-12-06 11:33:28,600 - INFO - 
[525/800] Processing G.R. No. 166849
2025-12-06 11:33:28,600 - INFO -   Title: Rolando Juani vs. Roberto G. Alarcon...
2025-12-06 11:33:29,287 - INFO -   ✓ Saved: RESTRUCTURED_DB/2006/sep/166849.json
2025-12-06 11:33:29,787 - INFO - 
[526/800] Processing G.R. No. 166854
2025-12-06 11:33:29,787 - INFO -   Title: Semirara Coal Corporation vs. Hgl Development Corporation, e...
2025-12-06 11:33:30,255 - INFO -   ✓ Saved: RESTRUCTURED_DB/2006/dec/166854.json
2025-12-06 11:33:30,755 - INFO - 
[527/800] Processing G.R. No. 166859
2025-12-06 11:33:30,755 - INFO -   Title: Republic of the Phil. vs. Sandiganbayan, et al....
2025-12-06 11:33:31,006 - INFO -   ✓ Saved: RESTRUCTURED_DB/2006/jun/166859.json
2025-12-06 11:33:31,506 - INFO - 
[528/800] Processing G.R. No. 166862
2025-12-06 11:33:31,506 - INFO -   Title: Manila Metal Container Corporation vs. Reynaldo C. Tolentino...
2025-12-06 11:33:32,193 - INFO -   ✓ Saved: RESTRUCTURED_DB/2006/dec/166862.json
2025-12-06 11:33:32,693 - INFO - 
[529/800] Processing G.R. No. 166891
2025-12-06 11:33:32,693 - INFO -   Title: Abdusakur M. Tan, et al. vs. Commission on Elections, et al....
2025-12-06 11:33:33,679 - WARNING -   ✗ Could not fetch case from any URL
2025-12-06 11:33:33,679 - INFO - 
[530/800] Processing G.R. No. 166899
2025-12-06 11:33:33,679 - INFO -   Title: Heirs of Pastora Lozano, et al. vs. the Register of Deeds, e...
2025-12-06 11:33:34,156 - INFO -   ✓ Saved: RESTRUCTURED_DB/2006/aug/166899.json
2025-12-06 11:33:34,656 - INFO - 
[531/800] Processing G.R. No. 166901
2025-12-06 11:33:34,656 - INFO -   Title: Asian Terminals, Inc. vs. Hon. Helen Bautista-Ricafort, et a...
2025-12-06 11:33:34,918 - INFO -   ✓ Saved: RESTRUCTURED_DB/2006/oct/166901.json
2025-12-06 11:33:35,418 - INFO - 
[532/800] Processing G.R. No. 166924
2025-12-06 11:33:35,419 - INFO -   Title: Glaxosmithkline Philippines, Inc. vs. Khalid Mehmood Malik, ...
2025-12-06 11:33:35,668 - INFO -   ✓ Saved: RESTRUCTURED_DB/2006/aug/166924.json
2025-12-06 11:33:36,168 - INFO - 
[533/800] Processing G.R. No. 166933
2025-12-06 11:33:36,168 - INFO -   Title: Development Bank of the Philippines vs. Commission on Audit...
2025-12-06 11:33:36,635 - INFO -   ✓ Saved: RESTRUCTURED_DB/2006/aug/166933.json
2025-12-06 11:33:37,136 - INFO - 
[534/800] Processing G.R. No. 166975
2025-12-06 11:33:37,136 - INFO -   Title: Heirs of Basilisa Hernandez vs. Bernardo Vergara, Jr...
2025-12-06 11:33:37,602 - INFO -   ✓ Saved: RESTRUCTURED_DB/2006/sep/166975.json
2025-12-06 11:33:38,103 - INFO - 
[535/800] Processing G.R. No. 167003
2025-12-06 11:33:38,103 - INFO -   Title: Panfilo A. Abaigar vs. Jesus A. Abaigar...
2025-12-06 11:33:39,498 - INFO -   ✓ Saved: RESTRUCTURED_DB/2006/oct/167003.json
2025-12-06 11:33:39,999 - INFO - 
[536/800] Processing G.R. No. 167033
2025-12-06 11:33:39,999 - INFO -   Title: Estrelita "Neng" Juliano vs. Commission on Elections, et al....
2025-12-06 11:33:40,478 - INFO -   ✓ Saved: RESTRUCTURED_DB/2006/apr/167033.json
2025-12-06 11:33:40,979 - INFO - 
[537/800] Processing G.R. No. 167048
2025-12-06 11:33:40,979 - INFO -   Title: Marietta T. Caugma, et al. vs. the People of the Philippines...
2025-12-06 11:33:41,885 - INFO -   ✓ Saved: RESTRUCTURED_DB/2006/apr/167048.json
2025-12-06 11:33:42,385 - INFO - 
[538/800] Processing G.R. No. 167071
2025-12-06 11:33:42,385 - INFO -   Title: Rudy S. Ampeloquio, Sr. vs. Romeo Napiza...
2025-12-06 11:33:42,853 - INFO -   ✓ Saved: RESTRUCTURED_DB/2006/oct/167071.json
2025-12-06 11:33:43,353 - INFO - 
[539/800] Processing G.R. No. 167084
2025-12-06 11:33:43,353 - INFO -   Title: Monina Pucay vs. People of the Philippines...
2025-12-06 11:33:43,820 - INFO -   ✓ Saved: RESTRUCTURED_DB/2006/oct/167084.json
2025-12-06 11:33:44,320 - INFO - 
[540/800] Processing G.R. No. 167101
2025-12-06 11:33:44,321 - INFO -   Title: Manuel A. Alejandro vs. Commission on Elections, et al....
2025-12-06 11:33:45,006 - INFO -   ✓ Saved: RESTRUCTURED_DB/2006/jan/167101.json
2025-12-06 11:33:45,507 - INFO - 
[541/800] Processing G.R. No. 167103
2025-12-06 11:33:45,507 - INFO -   Title: Major General Carlos F. Garcia vs. Sandiganbayan, et al....
2025-12-06 11:33:45,974 - INFO -   ✓ Saved: RESTRUCTURED_DB/2006/aug/167103.json
2025-12-06 11:33:46,475 - INFO - 
[542/800] Processing G.R. No. 167118
2025-12-06 11:33:46,475 - INFO -   Title: Manila Memorial Park Cemetery, Ine., et al. vs. Delia V. Pan...
2025-12-06 11:33:47,161 - INFO -   ✓ Saved: RESTRUCTURED_DB/2006/jun/167118.json
2025-12-06 11:33:47,661 - INFO - 
[543/800] Processing G.R. No. 167131
2025-12-06 11:33:47,661 - INFO -   Title: Sps. Napoleon Flores, Sr. vs. Stronghold Insurance Company, ...
2025-12-06 11:33:48,139 - INFO -   ✓ Saved: RESTRUCTURED_DB/2006/sep/167131.json
2025-12-06 11:33:48,639 - INFO - 
[544/800] Processing G.R. No. 167146
2025-12-06 11:33:48,639 - INFO -   Title: Commissioner of Internal Revenue vs. Philippine Global Commu...
2025-12-06 11:33:49,326 - INFO -   ✓ Saved: RESTRUCTURED_DB/2006/oct/167146.json
2025-12-06 11:33:49,826 - INFO - 
[545/800] Processing G.R. No. 167177
2025-12-06 11:33:49,826 - INFO -   Title: Estrella S. Bañez, et al. vs. DeLa Salle University...
2025-12-06 11:33:50,293 - INFO -   ✓ Saved: RESTRUCTURED_DB/2006/sep/167177.json
2025-12-06 11:33:50,793 - INFO - 
[546/800] Processing G.R. No. 167193
2025-12-06 11:33:50,793 - INFO -   Title: In the matter of the petition for habeas corpus vs. Engr. As...
2025-12-06 11:33:51,259 - INFO -   ✓ Saved: RESTRUCTURED_DB/2006/apr/167193.json
2025-12-06 11:33:51,760 - INFO - 
[547/800] Processing G.R. No. 167211
2025-12-06 11:33:51,760 - INFO -   Title: In the matter of the petition for the habeas corpus of Atty....
2025-12-06 11:33:52,019 - INFO -   ✓ Saved: RESTRUCTURED_DB/2006/mar/167211.json
2025-12-06 11:33:52,520 - INFO - 
[548/800] Processing G.R. No. 167213
2025-12-06 11:33:52,520 - INFO -   Title: Darrel Cordero, et al. vs. F.S. Management & Development Cor...
2025-12-06 11:33:52,987 - INFO -   ✓ Saved: RESTRUCTURED_DB/2006/oct/167213.json
2025-12-06 11:33:53,487 - INFO - 
[549/800] Processing G.R. No. 167234
2025-12-06 11:33:53,487 - INFO -   Title: Teodoro C. Borlongan vs. Rafael B. Buenaventura, et al....
2025-12-06 11:33:53,965 - INFO -   ✓ Saved: RESTRUCTURED_DB/2006/feb/167234.json
2025-12-06 11:33:54,465 - INFO - 
[550/800] Processing G.R. No. 167245
2025-12-06 11:33:54,465 - INFO -   Title: Elpidio S. Uy vs. First Metro Integrated Steel Corp., et al....
2025-12-06 11:33:54,931 - INFO -   ✓ Saved: RESTRUCTURED_DB/2006/sep/167245.json
2025-12-06 11:33:55,431 - INFO - 
[551/800] Processing G.R. No. 167270
2025-12-06 11:33:55,432 - INFO -   Title: Philippine National Bank vs. Helen Joyce Campos...
2025-12-06 11:33:55,680 - INFO -   ✓ Saved: RESTRUCTURED_DB/2006/jun/167270.json
2025-12-06 11:33:56,181 - INFO - 
[552/800] Processing G.R. No. 167321
2025-12-06 11:33:56,181 - INFO -   Title: Epifanio San Juan, Jr. vs. Judge Ramon A. Cruz et al....
2025-12-06 11:33:56,867 - INFO -   ✓ Saved: RESTRUCTURED_DB/2006/jul/167321.json
2025-12-06 11:33:57,367 - INFO - 
[553/800] Processing G.R. No. 167379
2025-12-06 11:33:57,367 - INFO -   Title: Primelink Properties & Devt. Corp., et al. vs. Ma. Clarita T...
2025-12-06 11:33:58,055 - INFO -   ✓ Saved: RESTRUCTURED_DB/2006/jun/167379.json
2025-12-06 11:33:58,555 - INFO - 
[554/800] Processing G.R. No. 167399
2025-12-06 11:33:58,555 - INFO -   Title: Ernestina L. Crisologo-Jose vs. Land Bank of the Philippines...
2025-12-06 11:33:59,021 - INFO -   ✓ Saved: RESTRUCTURED_DB/2006/jun/167399.json
2025-12-06 11:33:59,522 - INFO - 
[555/800] Processing G.R. No. 167400
2025-12-06 11:33:59,522 - INFO -   Title: Priscilla 1. Rigor, et al. vs. 1011l Div. of the Court of Ap...
2025-12-06 11:33:59,987 - INFO -   ✓ Saved: RESTRUCTURED_DB/2006/jun/167400.json
2025-12-06 11:34:00,487 - INFO - 
[556/800] Processing G.R. No. 167405
2025-12-06 11:34:00,487 - INFO -   Title: Ana Joyce S. Reyes vs. Hon. Cesar M. Sotero, et al....
2025-12-06 11:34:00,955 - INFO -   ✓ Saved: RESTRUCTURED_DB/2006/feb/167405.json
2025-12-06 11:34:01,455 - INFO - 
[557/800] Processing G.R. No. 167412
2025-12-06 11:34:01,455 - INFO -   Title: Juanita Naval vs. Court of Appeals, et al....
2025-12-06 11:34:01,923 - INFO -   ✓ Saved: RESTRUCTURED_DB/2006/feb/167412.json
2025-12-06 11:34:02,423 - INFO - 
[558/800] Processing G.R. No. 167438
2025-12-06 11:34:02,423 - INFO -   Title: Jaime Abad vs. Primitivo Co and Commission on Elections...
2025-12-06 11:34:02,889 - INFO -   ✓ Saved: RESTRUCTURED_DB/2006/jul/167438.json
2025-12-06 11:34:03,390 - INFO - 
[559/800] Processing G.R. No. 167502
2025-12-06 11:34:03,390 - INFO -   Title: People of the Philippines vs. Pablo Cudal...
2025-12-06 11:34:03,859 - INFO -   ✓ Saved: RESTRUCTURED_DB/2006/oct/167502.json
2025-12-06 11:34:04,359 - INFO - 
[560/800] Processing G.R. No. 167594
2025-12-06 11:34:04,359 - INFO -   Title: Michael F. Planas vs. Commission on Elections, et al....
2025-12-06 11:34:04,831 - INFO -   ✓ Saved: RESTRUCTURED_DB/2006/mar/167594.json
2025-12-06 11:34:05,331 - INFO - 
[561/800] Processing G.R. No. 167639
2025-12-06 11:34:05,331 - INFO -   Title: Republic of the Philippines vs. Principalia Management, et a...
2025-12-06 11:34:05,805 - INFO -   ✓ Saved: RESTRUCTURED_DB/2006/apr/167639.json
2025-12-06 11:34:06,305 - INFO - 
[562/800] Processing G.R. No. 167680
2025-12-06 11:34:06,305 - INFO -   Title: Samuel Parilla, et al. vs. Dr. Prospero Pilar...
2025-12-06 11:34:06,775 - INFO -   ✓ Saved: RESTRUCTURED_DB/2006/nov/167680.json
2025-12-06 11:34:07,275 - INFO - 
[563/800] Processing G.R. No. 167684
2025-12-06 11:34:07,275 - INFO -   Title: Jaime O. Sevilla vs. Carmelita N. Cardenas...
2025-12-06 11:34:07,744 - INFO -   ✓ Saved: RESTRUCTURED_DB/2006/jul/167684.json
2025-12-06 11:34:08,244 - INFO - 
[564/800] Processing G.R. No. 167716
2025-12-06 11:34:08,244 - INFO -   Title: Premiere Development Bank vs. Elsie Escudero Mantal...
2025-12-06 11:34:08,494 - INFO -   ✓ Saved: RESTRUCTURED_DB/2006/mar/167716.json
2025-12-06 11:34:08,994 - INFO - 
[565/800] Processing G.R. No. 167723
2025-12-06 11:34:08,994 - INFO -   Title: Club Filipino, Inc. vs. Romeo Araullo...
2025-12-06 11:34:09,470 - INFO -   ✓ Saved: RESTRUCTURED_DB/2006/nov/167723.json
2025-12-06 11:34:09,970 - INFO - 
[566/800] Processing G.R. No. 167724
2025-12-06 11:34:09,970 - INFO -   Title: BPI Family Savings Bank, Inc. vs. Margarita vda. de Coscollu...
2025-12-06 11:34:10,660 - INFO -   ✓ Saved: RESTRUCTURED_DB/2006/jun/167724.json
2025-12-06 11:34:11,161 - INFO - 
[567/800] Processing G.R. No. 167726
2025-12-06 11:34:11,161 - INFO -   Title: Roberto M. Villanueva vs. Court of Appeals, et al....
2025-12-06 11:34:11,410 - INFO -   ✓ Saved: RESTRUCTURED_DB/2006/jul/167726.json
2025-12-06 11:34:11,911 - INFO - 
[568/800] Processing G.R. No. 167743
2025-12-06 11:34:11,911 - INFO -   Title: Hilario P. Soriano vs. Ombudsman Simeon V. Marcelo, et al....
2025-12-06 11:34:12,379 - INFO -   ✓ Saved: RESTRUCTURED_DB/2006/nov/167743.json
2025-12-06 11:34:12,879 - INFO - 
[569/800] Processing G.R. No. 167767
2025-12-06 11:34:12,879 - INFO -   Title: Sps. William and Jeanette Yao vs. Carlomagno B. Matela...
2025-12-06 11:34:13,357 - INFO -   ✓ Saved: RESTRUCTURED_DB/2006/aug/167767.json
2025-12-06 11:34:13,857 - INFO - 
[570/800] Processing G.R. No. 167798
2025-12-06 11:34:13,857 - INFO -   Title: Kilusang Mayo Uno, et al. vs. the Director-General, et al....
2025-12-06 11:34:14,326 - INFO -   ✓ Saved: RESTRUCTURED_DB/2006/apr/167798.json
2025-12-06 11:34:14,826 - INFO - 
[571/800] Processing G.R. No. 167806
2025-12-06 11:34:14,826 - INFO -   Title: Phil. Pharmawealth, Inc. vs. Phil. Children's Medical Center...
2025-12-06 11:34:15,080 - INFO -   ✓ Saved: RESTRUCTURED_DB/2006/jun/167806.json
2025-12-06 11:34:15,581 - INFO - 
[572/800] Processing G.R. No. 167812
2025-12-06 11:34:15,581 - INFO -   Title: Jesus M. Gozun vs. Jose Teofilo T. Mercado...
2025-12-06 11:34:16,056 - INFO -   ✓ Saved: RESTRUCTURED_DB/2006/dec/167812.json
2025-12-06 11:34:16,556 - INFO - 
[573/800] Processing G.R. No. 167813
2025-12-06 11:34:16,556 - INFO -   Title: Benjamin L. Sarocam vs. Interorient Maritime Ent. Inc., et a...
2025-12-06 11:34:17,035 - INFO -   ✓ Saved: RESTRUCTURED_DB/2006/jun/167813.json
2025-12-06 11:34:17,535 - INFO - 
[574/800] Processing G.R. No. 167844
2025-12-06 11:34:17,535 - INFO -   Title: Office of the Ombudsman vs. Court of Appeals, et al....
2025-12-06 11:34:18,003 - INFO -   ✓ Saved: RESTRUCTURED_DB/2006/unknown/167844.json
2025-12-06 11:34:18,503 - INFO - 
[575/800] Processing G.R. No. 167892
2025-12-06 11:34:18,503 - INFO -   Title: St. John Colleges, Inc. vs. St. John Academy Faculty and Emp...
2025-12-06 11:34:18,970 - INFO -   ✓ Saved: RESTRUCTURED_DB/2006/oct/167892.json
2025-12-06 11:34:19,471 - INFO - 
[576/800] Processing G.R. No. 167900
2025-12-06 11:34:19,471 - INFO -   Title: Sps Crisologo & Priscilla O. Abines vs. Bank of the Philippi...
2025-12-06 11:34:19,731 - INFO -   ✓ Saved: RESTRUCTURED_DB/2006/feb/167900.json
2025-12-06 11:34:20,231 - INFO - 
[577/800] Processing G.R. No. 167945
2025-12-06 11:34:20,231 - INFO -   Title: Commander Realty, Inc. vs. Freddie Fernandez, et al....
2025-12-06 11:34:20,699 - INFO -   ✓ Saved: RESTRUCTURED_DB/2006/jul/167945.json
2025-12-06 11:34:21,200 - INFO - 
[578/800] Processing G.R. No. 167959
2025-12-06 11:34:21,200 - INFO -   Title: Filipinas Systems "FILSYSTEMS," Inc., et al. vs. Ernesto Gat...
2025-12-06 11:34:21,669 - INFO -   ✓ Saved: RESTRUCTURED_DB/2006/apr/167959.json
2025-12-06 11:34:22,169 - INFO - 
[579/800] Processing G.R. No. 167968
2025-12-06 11:34:22,169 - INFO -   Title: Vicente Florentino vs. Mariano Rivera, et al....
2025-12-06 11:34:22,418 - INFO -   ✓ Saved: RESTRUCTURED_DB/2006/jan/167968.json
2025-12-06 11:34:22,919 - INFO - 
[580/800] Processing G.R. No. 167979
2025-12-06 11:34:22,919 - INFO -   Title: Wilson S. Uy, etc. vs. the Hon. Court of Appeals, et al....
2025-12-06 11:34:23,169 - INFO -   ✓ Saved: RESTRUCTURED_DB/2006/mar/167979.json
2025-12-06 11:34:23,670 - INFO - 
[581/800] Processing G.R. No. 168035
2025-12-06 11:34:23,670 - INFO -   Title: Melanie M. Mesina, et al. vs. Gloria C. Garcia...
2025-12-06 11:34:24,136 - INFO -   ✓ Saved: RESTRUCTURED_DB/2006/nov/168035.json
2025-12-06 11:34:24,637 - INFO - 
[582/800] Processing G.R. No. 168051
2025-12-06 11:34:24,637 - INFO -   Title: People of the Philippines vs. Honorato C. Beltran, Jr...
2025-12-06 11:34:25,796 - INFO -   ✓ Saved: RESTRUCTURED_DB/2006/sep/168051.json
2025-12-06 11:34:26,296 - INFO - 
[583/800] Processing G.R. No. 168052
2025-12-06 11:34:26,296 - INFO -   Title: Poseidon Fishing/Terry De Jesus vs. National Labor Relations...
2025-12-06 11:34:26,759 - INFO -   ✓ Saved: RESTRUCTURED_DB/2006/feb/168052.json
2025-12-06 11:34:27,259 - INFO - 
[584/800] Processing G.R. No. 168071
2025-12-06 11:34:27,259 - INFO -   Title: Luciano Tan vs. Rodil Enterprises...
2025-12-06 11:34:27,723 - INFO -   ✓ Saved: RESTRUCTURED_DB/2006/dec/168071.json
2025-12-06 11:34:28,223 - INFO - 
[585/800] Processing G.R. No. 168101
2025-12-06 11:34:28,223 - INFO -   Title: People of the Philippines vs. Gregorio Corpuz y Espiritu...
2025-12-06 11:34:28,687 - INFO -   ✓ Saved: RESTRUCTURED_DB/2006/feb/168101.json
2025-12-06 11:34:29,187 - INFO - 
[586/800] Processing G.R. No. 168118
2025-12-06 11:34:29,187 - INFO -   Title: The Manila Banking Corporation vs. Commissioner of Internal ...
2025-12-06 11:34:29,442 - INFO -   ✓ Saved: RESTRUCTURED_DB/2006/aug/168118.json
2025-12-06 11:34:29,942 - INFO - 
[587/800] Processing G.R. No. 168156
2025-12-06 11:34:29,942 - INFO -   Title: Heirs of Rosendo Lasam vs. Vicenta Umengan...
2025-12-06 11:34:30,405 - INFO -   ✓ Saved: RESTRUCTURED_DB/2006/dec/168156.json
2025-12-06 11:34:30,906 - INFO - 
[588/800] Processing G.R. No. 168188
2025-12-06 11:34:30,906 - INFO -   Title: People of the Phil. vs. Sandiganbayan, et al....
2025-12-06 11:34:31,371 - INFO -   ✓ Saved: RESTRUCTURED_DB/2006/jun/168188.json
2025-12-06 11:34:31,871 - INFO - 
[589/800] Processing G.R. No. 168217
2025-12-06 11:34:31,871 - INFO -   Title: Joy Lee Recuerdo vs. People of the Philippines...
2025-12-06 11:34:32,335 - INFO -   ✓ Saved: RESTRUCTURED_DB/2006/jun/168217.json
2025-12-06 11:34:32,835 - INFO - 
[590/800] Processing G.R. No. 168222
2025-12-06 11:34:32,835 - INFO -   Title: Sps. Teodulo Rumarate, et al. vs. Hilario Hernandez, et al....
2025-12-06 11:34:33,084 - INFO -   ✓ Saved: RESTRUCTURED_DB/2006/apr/168222.json
2025-12-06 11:34:33,584 - INFO - 
[591/800] Processing G.R. No. 168237
2025-12-06 11:34:33,585 - INFO -   Title: Thelma Buduhan vs. Curson Pakurao, et al....
2025-12-06 11:34:33,832 - INFO -   ✓ Saved: RESTRUCTURED_DB/2006/feb/168237.json
2025-12-06 11:34:34,333 - INFO - 
[592/800] Processing G.R. No. 168267
2025-12-06 11:34:34,333 - INFO -   Title: House of Representatives etc. vs. Atty. Victoria V. Loanzon...
2025-12-06 11:34:34,580 - INFO -   ✓ Saved: RESTRUCTURED_DB/2006/feb/168267.json
2025-12-06 11:34:35,080 - INFO - 
[593/800] Processing G.R. No. 168340
2025-12-06 11:34:35,081 - INFO -   Title: Rafael Gonzales vs. Hon. Tranquil P. Salvador...
2025-12-06 11:34:35,543 - INFO -   ✓ Saved: RESTRUCTURED_DB/2006/dec/168340.json
2025-12-06 11:34:36,043 - INFO - 
[594/800] Processing G.R. No. 168362
2025-12-06 11:34:36,044 - INFO -   Title: Far Eastern University - Dr. Nicanor Reyes Medical Foundatio...
2025-12-06 11:34:36,506 - INFO -   ✓ Saved: RESTRUCTURED_DB/2006/oct/168362.json
2025-12-06 11:34:37,006 - INFO - 
[595/800] Processing G.R. No. 168384
2025-12-06 11:34:37,007 - INFO -   Title: Charles Bernard H. Reyes vs. Antonio Yulo Balde II, et al....
2025-12-06 11:34:37,254 - INFO -   ✓ Saved: RESTRUCTURED_DB/2006/aug/168384.json
2025-12-06 11:34:37,754 - INFO - 
[596/800] Processing G.R. No. 168396
2025-12-06 11:34:37,754 - INFO -   Title: Marcelina V. Espino, et al. vs. Ricardo Vicente & Emma M. Vi...
2025-12-06 11:34:38,224 - INFO -   ✓ Saved: RESTRUCTURED_DB/2006/jun/168396.json
2025-12-06 11:34:38,724 - INFO - 
[597/800] Processing G.R. No. 168414
2025-12-06 11:34:38,724 - INFO -   Title: Benedicto S. Azcueta vs. La Union Tobacco Redrying Corporati...
2025-12-06 11:34:39,188 - INFO -   ✓ Saved: RESTRUCTURED_DB/2006/aug/168414.json
2025-12-06 11:34:39,689 - INFO - 
[598/800] Processing G.R. No. 168438
2025-12-06 11:34:39,689 - INFO -   Title: Sps. Francisco G. Tuazon and Ruth A. Tuazon vs. Vicente G. T...
2025-12-06 11:34:39,936 - INFO -   ✓ Saved: RESTRUCTURED_DB/2006/aug/168438.json
2025-12-06 11:34:40,436 - INFO - 
[599/800] Processing G.R. No. 168442
2025-12-06 11:34:40,437 - INFO -   Title: People of the Philippines vs. Oscar Arango y Alegre...
2025-12-06 11:34:40,901 - INFO -   ✓ Saved: RESTRUCTURED_DB/2006/aug/156676.json
2025-12-06 11:34:41,401 - INFO - 
[600/800] Processing G.R. No. 168444
2025-12-06 11:34:41,401 - INFO -   Title: People of the Philippines vs. Romeo Canare y Mendoza...
2025-12-06 11:34:41,653 - INFO -   ✓ Saved: RESTRUCTURED_DB/2006/dec/168444.json
2025-12-06 11:34:42,153 - INFO - 
[601/800] Processing G.R. No. 168464
2025-12-06 11:34:42,153 - INFO -   Title: Zenaida Ramos-Balalio vs. Rolando Ramos, et al....
2025-12-06 11:34:42,413 - INFO -   ✓ Saved: RESTRUCTURED_DB/2006/jan/168464.json
2025-12-06 11:34:42,913 - INFO - 
[602/800] Processing G.R. No. 168476
2025-12-06 11:34:42,913 - INFO -   Title: People of the Philippines vs. Charlie Gloria...
2025-12-06 11:34:43,387 - INFO -   ✓ Saved: RESTRUCTURED_DB/2006/sep/168476.json
2025-12-06 11:34:43,887 - INFO - 
[603/800] Processing G.R. No. 168486
2025-12-06 11:34:43,887 - INFO -   Title: Noe S. Andaya vs. People of the Philippines...
2025-12-06 11:34:44,351 - INFO -   ✓ Saved: RESTRUCTURED_DB/2006/jun/168486.json
2025-12-06 11:34:44,851 - INFO - 
[604/800] Processing G.R. No. 168498
2025-12-06 11:34:44,852 - INFO -   Title: RCBC vs. Commissioner of Internal Revenue...
2025-12-06 11:34:45,100 - INFO -   ✓ Saved: RESTRUCTURED_DB/2006/jun/168498.json
2025-12-06 11:34:45,600 - INFO - 
[605/800] Processing G.R. No. 168550
2025-12-06 11:34:45,600 - INFO -   Title: Urbano M. Moreno vs. Commission on Elections, et al....
2025-12-06 11:34:46,062 - INFO -   ✓ Saved: RESTRUCTURED_DB/2006/aug/168550.json
2025-12-06 11:34:46,562 - INFO - 
[606/800] Processing G.R. No. 168628
2025-12-06 11:34:46,563 - INFO -   Title: People of the Philippines vs. Emeterio Ricamora y Suello...
2025-12-06 11:34:47,027 - INFO -   ✓ Saved: RESTRUCTURED_DB/2006/dec/168628.json
2025-12-06 11:34:47,527 - INFO - 
[607/800] Processing G.R. No. 168649
2025-12-06 11:34:47,527 - INFO -   Title: People of the Philippines vs. Jose Alvizo Audine...
2025-12-06 11:34:48,005 - INFO -   ✓ Saved: RESTRUCTURED_DB/2006/dec/168649.json
2025-12-06 11:34:48,505 - INFO - 
[608/800] Processing G.R. No. 168664
2025-12-06 11:34:48,505 - INFO -   Title: Ligaya R. Machica, et al. vs. Roosevelt Services Center, Inc...
2025-12-06 11:34:48,754 - INFO -   ✓ Saved: RESTRUCTURED_DB/2006/may/168664.json
2025-12-06 11:34:49,254 - INFO - 
[609/800] Processing G.R. No. 168694
2025-12-06 11:34:49,254 - INFO -   Title: People of the Philippines vs. Saidamin Macabalang y Malamama...
2025-12-06 11:34:49,728 - INFO -   ✓ Saved: RESTRUCTURED_DB/2006/nov/168694.json
2025-12-06 11:34:50,229 - INFO - 
[610/800] Processing G.R. No. 168696
2025-12-06 11:34:50,229 - INFO -   Title: Ma. Lutgarda P. Calleja, et al vs. Jose Pierre A. Panday, et...
2025-12-06 11:34:50,488 - INFO -   ✓ Saved: RESTRUCTURED_DB/2006/feb/168696.json
2025-12-06 11:34:50,988 - INFO - 
[611/800] Processing G.R. No. 168718
2025-12-06 11:34:50,988 - INFO -   Title: Office of the Ombudsman vs. Farida T. Lucero and Court of Ap...
2025-12-06 11:34:51,451 - INFO -   ✓ Saved: RESTRUCTURED_DB/2006/nov/168718.json
2025-12-06 11:34:51,951 - INFO - 
[612/800] Processing G.R. No. 168719
2025-12-06 11:34:51,951 - INFO -   Title: Philippine Carpet Employees Association etc. vs. Hon. Patric...
2025-12-06 11:34:52,417 - INFO -   ✓ Saved: RESTRUCTURED_DB/2006/feb/168719.json
2025-12-06 11:34:52,917 - INFO - 
[613/800] Processing G.R. No. 168736
2025-12-06 11:34:52,917 - INFO -   Title: Sps. Adelina S. Cuyco and Feliciano U. Cuyco vs. Sps. Renato...
2025-12-06 11:34:53,171 - INFO -   ✓ Saved: RESTRUCTURED_DB/2006/apr/168736.json
2025-12-06 11:34:53,671 - INFO - 
[614/800] Processing G.R. No. 168737
2025-12-06 11:34:53,671 - INFO -   Title: People of the Philippines vs. Edgardo Barcena y Poca...
2025-12-06 11:34:54,134 - INFO -   Case already exists: RESTRUCTURED_DB/2006/feb/168237.json
2025-12-06 11:34:54,634 - INFO - 
[615/800] Processing G.R. No. 168773
2025-12-06 11:34:54,634 - INFO -   Title: Eliza Abuan vs. People of the Philippines...
2025-12-06 11:34:55,100 - INFO -   ✓ Saved: RESTRUCTURED_DB/2006/oct/168773.json
2025-12-06 11:34:55,601 - INFO - 
[616/800] Processing G.R. No. 168794
2025-12-06 11:34:55,601 - INFO -   Title: Development Bank of the Philippines vs. Gloria C. Ballestero...
2025-12-06 11:34:55,863 - INFO -   ✓ Saved: RESTRUCTURED_DB/2006/aug/168794.json
2025-12-06 11:34:56,363 - INFO - 
[617/800] Processing G.R. No. 168809
2025-12-06 11:34:56,363 - INFO -   Title: Edward Roco Tan, et al. vs. Benigno De La Vega, et al....
2025-12-06 11:34:56,619 - INFO -   ✓ Saved: RESTRUCTURED_DB/2006/mar/168809.json
2025-12-06 11:34:57,120 - INFO - 
[618/800] Processing G.R. No. 168821
2025-12-06 11:34:57,120 - INFO -   Title: Government Service Insurance System (GSIS) vs. Jaime A. Vale...
2025-12-06 11:34:57,368 - INFO -   ✓ Saved: RESTRUCTURED_DB/2006/apr/168821.json
2025-12-06 11:34:57,868 - INFO - 
[619/800] Processing G.R. No. 168877
2025-12-06 11:34:57,868 - INFO -   Title: Republic of the Philippines vs. Michael A. Hong...
2025-12-06 11:34:58,344 - INFO -   ✓ Saved: RESTRUCTURED_DB/2006/mar/168877.json
2025-12-06 11:34:58,844 - INFO - 
[620/800] Processing G.R. No. 168931
2025-12-06 11:34:58,845 - INFO -   Title: Paulino Aliten vs. U-Need Lumber & Hardware, et al....
2025-12-06 11:34:59,092 - INFO -   ✓ Saved: RESTRUCTURED_DB/2006/sep/168931.json
2025-12-06 11:34:59,593 - INFO - 
[621/800] Processing G.R. No. 168943
2025-12-06 11:34:59,593 - INFO -   Title: Iglesia Ni Cristo vs. Hon. Thelma A. Ponferrada, et al....
2025-12-06 11:35:00,072 - INFO -   ✓ Saved: RESTRUCTURED_DB/2006/oct/168943.json
2025-12-06 11:35:00,573 - INFO - 
[622/800] Processing G.R. No. 168964
2025-12-06 11:35:00,573 - INFO -   Title: Bangko Sentral ng Pilipinas vs. Commission on Audit, et al....
2025-12-06 11:35:00,820 - INFO -   ✓ Saved: RESTRUCTURED_DB/2006/jan/168964.json
2025-12-06 11:35:01,320 - INFO - 
[623/800] Processing G.R. No. 168990
2025-12-06 11:35:01,320 - INFO -   Title: Teresita S. Barranco vs. Commission on the Settlement of Lan...
2025-12-06 11:35:01,791 - INFO -   ✓ Saved: RESTRUCTURED_DB/2006/jun/168990.json
2025-12-06 11:35:02,292 - INFO - 
[624/800] Processing G.R. No. 169026
2025-12-06 11:35:02,292 - INFO -   Title: First Women's Credit Corp., et al. vs. Hon. Hernando B. Pere...
2025-12-06 11:35:02,538 - INFO -   ✓ Saved: RESTRUCTURED_DB/2006/jun/169026.json
2025-12-06 11:35:03,038 - INFO - 
[625/800] Processing G.R. No. 169029
2025-12-06 11:35:03,039 - INFO -   Title: Office of the Ombudsman vs. Rogelio Q. Tongson, et al....
2025-12-06 11:35:03,719 - INFO -   ✓ Saved: RESTRUCTURED_DB/2006/aug/169029.json
2025-12-06 11:35:04,219 - INFO - 
[626/800] Processing G.R. No. 169077
2025-12-06 11:35:04,219 - INFO -   Title: The People of the Philippines vs. Nicanor Salome...
2025-12-06 11:35:04,468 - INFO -   ✓ Saved: RESTRUCTURED_DB/2006/aug/116279.json
2025-12-06 11:35:04,968 - INFO - 
[627/800] Processing G.R. No. 169078
2025-12-06 11:35:04,968 - INFO -   Title: People of the Philippines vs. Ricardo B. Miranda...
2025-12-06 11:35:05,216 - INFO -   ✓ Saved: RESTRUCTURED_DB/2006/mar/142431.json
2025-12-06 11:35:05,716 - INFO - 
[628/800] Processing G.R. No. 169083
2025-12-06 11:35:05,716 - INFO -   Title: People of the Philippines vs. Ardel Canuto...
2025-12-06 11:35:06,693 - WARNING -   ✗ Could not fetch case from any URL
2025-12-06 11:35:06,693 - INFO - 
[629/800] Processing G.R. No. 169091
2025-12-06 11:35:06,693 - INFO -   Title: Datu Eduardo Ampo vs. the Honorable Court of Appeals, et al....
2025-12-06 11:35:06,948 - INFO -   ✓ Saved: RESTRUCTURED_DB/2006/feb/169091.json
2025-12-06 11:35:07,448 - INFO - 
[630/800] Processing G.R. No. 169098
2025-12-06 11:35:07,448 - INFO -   Title: Manuel Baviera vs. Rolando B. Zoleta...
2025-12-06 11:35:08,344 - INFO -   ✓ Saved: RESTRUCTURED_DB/2006/oct/169098.json
2025-12-06 11:35:08,844 - INFO - 
[631/800] Processing G.R. No. 169106
2025-12-06 11:35:08,844 - INFO -   Title: Datu Israel Sinsuat, et al. vs. the Hon. Court of Appeals, e...
2025-12-06 11:35:09,308 - INFO -   ✓ Saved: RESTRUCTURED_DB/2006/jun/169106.json
2025-12-06 11:35:09,808 - INFO - 
[632/800] Processing G.R. No. 169108
2025-12-06 11:35:09,808 - INFO -   Title: Intercontinental Broadcasting Corporation (IBC-13) vs. Hon. ...
2025-12-06 11:35:10,272 - INFO -   ✓ Saved: RESTRUCTURED_DB/2006/apr/169108.json
2025-12-06 11:35:10,772 - INFO - 
[633/800] Processing G.R. No. 169109
2025-12-06 11:35:10,772 - INFO -   Title: Reynaldo Quezon vs. People of the Philippines, et al....
2025-12-06 11:35:11,027 - INFO -   ✓ Saved: RESTRUCTURED_DB/2006/sep/169109.json
2025-12-06 11:35:11,527 - INFO - 
[634/800] Processing G.R. No. 169131
2025-12-06 11:35:11,527 - INFO -   Title: Lullete S. Ko, et al. vs. Philippine National Bank, Laoag Br...
2025-12-06 11:35:11,989 - INFO -   ✓ Saved: RESTRUCTURED_DB/2006/jan/169131.json
2025-12-06 11:35:12,489 - INFO - 
[635/800] Processing G.R. No. 169136
2025-12-06 11:35:12,489 - INFO -   Title: Asiatic Devt. Corp. vs. Sps. Wellington & Flordeliza Brogada...
2025-12-06 11:35:12,735 - INFO -   ✓ Saved: RESTRUCTURED_DB/2006/jul/169136.json
2025-12-06 11:35:13,235 - INFO - 
[636/800] Processing G.R. No. 169141
2025-12-06 11:35:13,235 - INFO -   Title: People of the Philippines vs. Romeo Del Mundo y Sta. Maria...
2025-12-06 11:35:13,699 - INFO -   ✓ Saved: RESTRUCTURED_DB/2006/dec/169141.json
2025-12-06 11:35:14,199 - INFO - 
[637/800] Processing G.R. No. 169177
2025-12-06 11:35:14,199 - INFO -   Title: Sps. Dan T. Paguirigan etc. vs. Pi1hino Sales Corp...
2025-12-06 11:35:14,662 - INFO -   ✓ Saved: RESTRUCTURED_DB/2006/jun/169177.json
2025-12-06 11:35:15,162 - INFO - 
[638/800] Processing G.R. No. 169193
2025-12-06 11:35:15,162 - INFO -   Title: Spouses Iluminada Capitle and Cirilo Capitle vs. Fortunata E...
2025-12-06 11:35:15,624 - INFO -   ✓ Saved: RESTRUCTURED_DB/2006/nov/169193.json
2025-12-06 11:35:16,124 - INFO - 
[639/800] Processing G.R. No. 169213
2025-12-06 11:35:16,124 - INFO -   Title: Ganie P. Olama, et al. vs. Philippine National Bank, et al....
2025-12-06 11:35:16,586 - INFO -   ✓ Saved: RESTRUCTURED_DB/2006/jun/169213.json
2025-12-06 11:35:17,086 - INFO - 
[640/800] Processing G.R. No. 169241
2025-12-06 11:35:17,087 - INFO -   Title: Office of the Ombudsman vs. Pendatun G. Laja, et al....
2025-12-06 11:35:17,561 - INFO -   ✓ Saved: RESTRUCTURED_DB/2006/may/169241.json
2025-12-06 11:35:18,061 - INFO - 
[641/800] Processing G.R. No. 169251
2025-12-06 11:35:18,061 - INFO -   Title: Demie L. Uriarte vs. People of the Philippines...
2025-12-06 11:35:18,741 - INFO -   ✓ Saved: RESTRUCTURED_DB/2006/dec/169251.json
2025-12-06 11:35:19,242 - INFO - 
[642/800] Processing G.R. No. 169299
2025-12-06 11:35:19,242 - INFO -   Title: Eastern Telecommunications Phil., Inc. vs. Maria Charina Dia...
2025-12-06 11:35:19,704 - INFO -   ✓ Saved: RESTRUCTURED_DB/2006/jun/169299.json
2025-12-06 11:35:20,204 - INFO - 
[643/800] Processing G.R. No. 169328
2025-12-06 11:35:20,205 - INFO -   Title: Julian A. Alzaga, et al. vs. Sandiganbayan, et al....
2025-12-06 11:35:20,451 - INFO -   ✓ Saved: RESTRUCTURED_DB/2006/oct/169328.json
2025-12-06 11:35:20,951 - INFO - 
[644/800] Processing G.R. No. 169334
2025-12-06 11:35:20,951 - INFO -   Title: Leticia G. Miranda vs. Philippine Deposit Insurance Corporat...
2025-12-06 11:35:21,413 - INFO -   ✓ Saved: RESTRUCTURED_DB/2006/sep/169334.json
2025-12-06 11:35:21,913 - INFO - 
[645/800] Processing G.R. No. 169341
2025-12-06 11:35:21,913 - INFO -   Title: City of Cebu vs. Vicente B. Del Rosario...
2025-12-06 11:35:22,821 - INFO -   ✓ Saved: RESTRUCTURED_DB/2006/nov/169341.json
2025-12-06 11:35:23,321 - INFO - 
[646/800] Processing G.R. No. 169372
2025-12-06 11:35:23,321 - INFO -   Title: Narciso Guiang vs. Court of Appeals, et al....
2025-12-06 11:35:23,785 - INFO -   ✓ Saved: RESTRUCTURED_DB/2006/dec/169372.json
2025-12-06 11:35:24,286 - INFO - 
[647/800] Processing G.R. No. 169393
2025-12-06 11:35:24,286 - INFO -   Title: Tony L. Benwaren vs. Commission on Elections, et al....
2025-12-06 11:35:24,748 - INFO -   ✓ Saved: RESTRUCTURED_DB/2006/apr/169393.json
2025-12-06 11:35:25,248 - INFO - 
[648/800] Processing G.R. No. 169420
2025-12-06 11:35:25,249 - INFO -   Title: Atty. Erlando A. Abrenica vs. Law Firm of Abrenica, et al....
2025-12-06 11:35:25,711 - INFO -   ✓ Saved: RESTRUCTURED_DB/2006/sep/169420.json
2025-12-06 11:35:26,212 - INFO - 
[649/800] Processing G.R. No. 169430
2025-12-06 11:35:26,212 - INFO -   Title: People of the Philippines vs. Henry Bidoc y Roque...
2025-12-06 11:35:26,675 - INFO -   ✓ Saved: RESTRUCTURED_DB/2006/oct/169430.json
2025-12-06 11:35:27,175 - INFO - 
[650/800] Processing G.R. No. 169432
2025-12-06 11:35:27,175 - INFO -   Title: People of the Philippines vs. Eduardo Taan, et al....
2025-12-06 11:35:27,641 - INFO -   ✓ Saved: RESTRUCTURED_DB/2006/oct/169432.json
2025-12-06 11:35:28,141 - INFO - 
[651/800] Processing G.R. No. 169453
2025-12-06 11:35:28,141 - INFO -   Title: Capitol Steel Corporation vs. Phividec Industrial Authority...
2025-12-06 11:35:28,822 - INFO -   ✓ Saved: RESTRUCTURED_DB/2006/dec/169453.json
2025-12-06 11:35:29,322 - INFO - 
[652/800] Processing G.R. No. 169464
2025-12-06 11:35:29,322 - INFO -   Title: Roque D.A. Dator vs. University of Santo Tomas, et al....
2025-12-06 11:35:29,798 - INFO -   ✓ Saved: RESTRUCTURED_DB/2006/aug/169464.json
2025-12-06 11:35:30,298 - INFO - 
[653/800] Processing G.R. No. 169476
2025-12-06 11:35:30,299 - INFO -   Title: Douglas Lu Ym vs. Atty. Makilito B. Mahinay, et al....
2025-12-06 11:35:30,774 - INFO -   ✓ Saved: RESTRUCTURED_DB/2006/jun/169476.json
2025-12-06 11:35:31,275 - INFO - 
[654/800] Processing G.R. No. 169509
2025-12-06 11:35:31,275 - INFO -   Title: Jocelyn E. Cabo vs. the Sandiganbayan, et al....
2025-12-06 11:35:31,738 - INFO -   ✓ Saved: RESTRUCTURED_DB/2006/jun/169509.json
2025-12-06 11:35:32,238 - INFO - 
[655/800] Processing G.R. No. 169517
2025-12-06 11:35:32,238 - INFO -   Title: Rogelio A. Tan vs. Benedicto M. Balajadia...
2025-12-06 11:35:32,493 - INFO -   ✓ Saved: RESTRUCTURED_DB/2006/mar/169517.json
2025-12-06 11:35:32,993 - INFO - 
[656/800] Processing G.R. No. 169578
2025-12-06 11:35:32,993 - INFO -   Title: Teresita Dio vs. St. Ferdinand Memorial Park, Inc., et al....
2025-12-06 11:35:33,469 - INFO -   ✓ Saved: RESTRUCTURED_DB/2006/nov/169578.json
2025-12-06 11:35:33,969 - INFO - 
[657/800] Processing G.R. No. 169632
2025-12-06 11:35:33,969 - INFO -   Title: University of San Agustin Employees UNION-FFW (USAEU-FFW), ...
2025-12-06 11:35:34,432 - INFO -   ✓ Saved: RESTRUCTURED_DB/2006/mar/169632.json
2025-12-06 11:35:34,933 - INFO - 
[658/800] Processing G.R. No. 169652
2025-12-06 11:35:34,933 - INFO -   Title: Asian International Manpower Services, Inc. vs. Court of App...
2025-12-06 11:35:35,409 - INFO -   ✓ Saved: RESTRUCTURED_DB/2006/oct/169652.json
2025-12-06 11:35:35,910 - INFO - 
[659/800] Processing G.R. No. 169698
2025-12-06 11:35:35,910 - INFO -   Title: Lupo Atienza vs. Yolanda De Castro...
2025-12-06 11:35:36,372 - INFO -   ✓ Saved: RESTRUCTURED_DB/2006/nov/169698.json
2025-12-06 11:35:36,872 - INFO - 
[660/800] Processing G.R. No. 169777
2025-12-06 11:35:36,872 - INFO -   Title: Senate of the Philippines, et al. vs. Eduardo R. Ermita etc....
2025-12-06 11:35:37,772 - INFO -   ✓ Saved: RESTRUCTURED_DB/2006/apr/169777.json
2025-12-06 11:35:38,273 - INFO - 
[661/800] Processing G.R. No. 169793
2025-12-06 11:35:38,273 - INFO -   Title: Victoriano M. Encarnacion vs. Nieves Amigo...
2025-12-06 11:35:38,520 - INFO -   ✓ Saved: RESTRUCTURED_DB/2006/sep/169793.json
2025-12-06 11:35:39,020 - INFO - 
[662/800] Processing G.R. No. 169865
2025-12-06 11:35:39,020 - INFO -   Title: Virginio Villamor vs. Commission on Elections, et al....
2025-12-06 11:35:39,483 - INFO -   ✓ Saved: RESTRUCTURED_DB/2006/jul/169865.json
2025-12-06 11:35:39,983 - INFO - 
[663/800] Processing G.R. No. 169872
2025-12-06 11:35:39,983 - INFO -   Title: People of the Philippines vs. Celestino Gardon...
2025-12-06 11:35:40,447 - INFO -   ✓ Saved: RESTRUCTURED_DB/2006/sep/169872.json
2025-12-06 11:35:40,947 - INFO - 
[664/800] Processing G.R. No. 169885
2025-12-06 11:35:40,947 - INFO -   Title: Atty. Miniano B. Dela Cruz vs. Atty. Teodorico N. Diesmos...
2025-12-06 11:35:41,207 - INFO -   ✓ Saved: RESTRUCTURED_DB/2006/jul/169885.json
2025-12-06 11:35:41,707 - INFO - 
[665/800] Processing G.R. No. 169891
2025-12-06 11:35:41,707 - INFO -   Title: Philippine National Railways vs. Ethel Brunty and Juan Manue...
2025-12-06 11:35:42,172 - INFO -   ✓ Saved: RESTRUCTURED_DB/2006/nov/169891.json
2025-12-06 11:35:42,672 - INFO - 
[666/800] Processing G.R. No. 169973
2025-12-06 11:35:42,672 - INFO -   Title: Placewell Int'l Services Corp. vs. Ireneo Camote...
2025-12-06 11:35:42,919 - INFO -   ✓ Saved: RESTRUCTURED_DB/2006/jun/169973.json
2025-12-06 11:35:43,420 - INFO - 
[667/800] Processing G.R. No. 169996
2025-12-06 11:35:43,420 - INFO -   Title: Pablo Q. De Leon, et al. vs. Josefina Balinag, et al....
2025-12-06 11:35:43,889 - INFO -   ✓ Saved: RESTRUCTURED_DB/2006/aug/169996.json
2025-12-06 11:35:44,389 - INFO - 
[668/800] Processing G.R. No. 170021
2025-12-06 11:35:44,389 - INFO -   Title: Office of the President vs. Nita P. Buenaobra...
2025-12-06 11:35:44,646 - INFO -   ✓ Saved: RESTRUCTURED_DB/2006/sep/170021.json
2025-12-06 11:35:45,146 - INFO - 
[669/800] Processing G.R. No. 170087
2025-12-06 11:35:45,146 - INFO -   Title: Angelina Francisco vs. National Labor Relations Commission, ...
2025-12-06 11:35:45,624 - INFO -   ✓ Saved: RESTRUCTURED_DB/2006/aug/170087.json
2025-12-06 11:35:46,124 - INFO - 
[670/800] Processing G.R. No. 170092
2025-12-06 11:35:46,124 - INFO -   Title: Xavierville III Homeowners Association, Inc. vs. Xavierville...
2025-12-06 11:35:46,379 - INFO -   ✓ Saved: RESTRUCTURED_DB/2006/dec/170092.json
2025-12-06 11:35:46,879 - INFO - 
[671/800] Processing G.R. No. 170132
2025-12-06 11:35:46,879 - INFO -   Title: Government Service Insurance System, et al.vs. Kapisanan Ng ...
2025-12-06 11:35:47,343 - INFO -   ✓ Saved: RESTRUCTURED_DB/2006/dec/170132.json
2025-12-06 11:35:47,843 - INFO - 
[672/800] Processing G.R. No. 170165
2025-12-06 11:35:47,843 - INFO -   Title: B/Gen. (Ret.) Francisco V. Gudani, et al. vs. Lt./Gen. Gener...
2025-12-06 11:35:48,310 - INFO -   ✓ Saved: RESTRUCTURED_DB/2006/aug/170165.json
2025-12-06 11:35:48,810 - INFO - 
[673/800] Processing G.R. No. 170191
2025-12-06 11:35:48,810 - INFO -   Title: People of the Philippines vs. Rodolfo Suyu, et al....
2025-12-06 11:35:49,786 - WARNING -   ✗ Could not fetch case from any URL
2025-12-06 11:35:49,786 - INFO - 
[674/800] Processing G.R. No. 170220
2025-12-06 11:35:49,786 - INFO -   Title: Atty. Ernesto P. Tabao, et al. vs. Hon. Judge Eustaquio Gaco...
2025-12-06 11:35:50,035 - INFO -   ✓ Saved: RESTRUCTURED_DB/2006/nov/170220.json
2025-12-06 11:35:50,535 - INFO - 
[675/800] Processing G.R. No. 170220
2025-12-06 11:35:50,535 - INFO -   Title: Josefina S. Lubrica vs. Land Bank of the Philippines...
2025-12-06 11:35:50,783 - INFO -   Case already exists: RESTRUCTURED_DB/2006/nov/170220.json
2025-12-06 11:35:51,283 - INFO - 
[676/800] Processing G.R. No. 170236
2025-12-06 11:35:51,283 - INFO -   Title: People of the Philippines vs. Roberto Quiachon y Bayona...
2025-12-06 11:35:51,746 - INFO -   ✓ Saved: RESTRUCTURED_DB/2006/aug/132065.json
2025-12-06 11:35:52,246 - INFO - 
[677/800] Processing G.R. No. 170288
2025-12-06 11:35:52,246 - INFO -   Title: Pedro E. Budiongan, Jr., et al. vs. Hon. Jacinto M. dela Cru...
2025-12-06 11:35:53,189 - INFO -   ✓ Saved: RESTRUCTURED_DB/2006/sep/170288.json
2025-12-06 11:35:53,689 - INFO - 
[678/800] Processing G.R. No. 170354
2025-12-06 11:35:53,689 - INFO -   Title: Edgardo Pinga vs. the Heirs of German Santiago etc....
2025-12-06 11:35:54,371 - INFO -   ✓ Saved: RESTRUCTURED_DB/2006/jun/170354.json
2025-12-06 11:35:54,871 - INFO - 
[679/800] Processing G.R. No. 170395
2025-12-06 11:35:54,871 - INFO -   Title: Sps. Jesus and Lolita Martir vs. Sps. Raymundo and Pura Vera...
2025-12-06 11:35:55,118 - INFO -   ✓ Saved: RESTRUCTURED_DB/2006/jul/170395.json
2025-12-06 11:35:55,618 - INFO - 
[680/800] Processing G.R. No. 170396
2025-12-06 11:35:55,619 - INFO -   Title: Roberth B. Tolentino vs. People of the Philippines, et al....
2025-12-06 11:35:55,877 - INFO -   ✓ Saved: RESTRUCTURED_DB/2006/aug/170396.json
2025-12-06 11:35:56,377 - INFO - 
[681/800] Processing G.R. No. 170453
2025-12-06 11:35:56,377 - INFO -   Title: Nestor A. Bernardino, et al. vs. People of the Philippines...
2025-12-06 11:35:56,841 - INFO -   ✓ Saved: RESTRUCTURED_DB/2006/oct/170453.json
2025-12-06 11:35:57,341 - INFO - 
[682/800] Processing G.R. No. 170470
2025-12-06 11:35:57,341 - INFO -   Title: People vs. Edna Malngan Mayo...
2025-12-06 11:35:58,325 - WARNING -   ✗ Could not fetch case from any URL
2025-12-06 11:35:58,325 - INFO - 
[683/800] Processing G.R. No. 170473
2025-12-06 11:35:58,325 - INFO -   Title: People of the Philippines vs. Bernie Teodoro y Caparas...
2025-12-06 11:35:58,799 - INFO -   ✓ Saved: RESTRUCTURED_DB/2006/oct/170473.json
2025-12-06 11:35:59,300 - INFO - 
[684/800] Processing G.R. No. 170474
2025-12-06 11:35:59,300 - INFO -   Title: People of the Phil. vs. Alex Candaza y Calvadores...
2025-12-06 11:36:00,278 - WARNING -   ✗ Could not fetch case from any URL
2025-12-06 11:36:00,278 - INFO - 
[685/800] Processing G.R. No. 170522
2025-12-06 11:36:00,278 - INFO -   Title: Celso Lopez Ocate vs. Commission on Elections...
2025-12-06 11:36:00,534 - INFO -   ✓ Saved: RESTRUCTURED_DB/2006/nov/170522.json
2025-12-06 11:36:01,034 - INFO - 
[686/800] Processing G.R. No. 170563
2025-12-06 11:36:01,034 - INFO -   Title: Sps. Pedro and Paz Surtida vs. Rural Bank of Malinao (Albay)...
2025-12-06 11:36:01,509 - INFO -   ✓ Saved: RESTRUCTURED_DB/2006/dec/170563.json
2025-12-06 11:36:02,010 - INFO - 
[687/800] Processing G.R. No. 170565
2025-12-06 11:36:02,010 - INFO -   Title: People of the Philippines vs. Isidro Flores y Lagua...
2025-12-06 11:36:02,256 - INFO -   ✓ Saved: RESTRUCTURED_DB/2006/jan/147678.json
2025-12-06 11:36:02,757 - INFO - 
[688/800] Processing G.R. No. 170566
2025-12-06 11:36:02,757 - INFO -   Title: People of the Philippines vs. Alejandro Calongui y Lopez...
2025-12-06 11:36:03,229 - INFO -   ✓ Saved: RESTRUCTURED_DB/2006/mar/137480.json
2025-12-06 11:36:03,729 - INFO - 
[689/800] Processing G.R. No. 170643
2025-12-06 11:36:03,729 - INFO -   Title: Jejomar C. Binay vs. the Secretary of Justice, et al....
2025-12-06 11:36:04,192 - INFO -   ✓ Saved: RESTRUCTURED_DB/2006/sep/170643.json
2025-12-06 11:36:04,692 - INFO - 
[690/800] Processing G.R. No. 170678
2025-12-06 11:36:04,692 - INFO -   Title: Rommel G. Munoz vs. Commission on Elections, et al....
2025-12-06 11:36:05,160 - INFO -   ✓ Saved: RESTRUCTURED_DB/2006/jul/170678.json
2025-12-06 11:36:05,660 - INFO - 
[691/800] Processing G.R. No. 170695
2025-12-06 11:36:05,660 - INFO -   Title: United Overseas Bank Philippines, Inc. vs. Siony Ching and T...
2025-12-06 11:36:05,908 - INFO -   ✓ Saved: RESTRUCTURED_DB/2006/apr/170695.json
2025-12-06 11:36:06,408 - INFO - 
[692/800] Processing G.R. No. 170702
2025-12-06 11:36:06,408 - INFO -   Title: Ingatun G. Istarul vs. COMELEC, et al....
2025-12-06 11:36:06,879 - INFO -   ✓ Saved: RESTRUCTURED_DB/2006/jun/170702.json
2025-12-06 11:36:07,379 - INFO - 
[693/800] Processing G.R. No. 170829
2025-12-06 11:36:07,379 - INFO -   Title: Perla G. Patricio vs. Marcelino G. Dario III, et al....
2025-12-06 11:36:07,842 - INFO -   ✓ Saved: RESTRUCTURED_DB/2006/nov/170829.json
2025-12-06 11:36:08,342 - INFO - 
[694/800] Processing G.R. No. 170837
2025-12-06 11:36:08,342 - INFO -   Title: The People of the Philippines vs. Dexter Torres Y Dela Cruz...
2025-12-06 11:36:08,807 - INFO -   ✓ Saved: RESTRUCTURED_DB/2006/sep/170837.json
2025-12-06 11:36:09,307 - INFO - 
[695/800] Processing G.R. No. 170840
2025-12-06 11:36:09,307 - INFO -   Title: People of the Philippines vs. Gregorio Carpio...
2025-12-06 11:36:09,774 - INFO -   ✓ Saved: RESTRUCTURED_DB/2006/nov/170840.json
2025-12-06 11:36:10,274 - INFO - 
[696/800] Processing G.R. No. 170926
2025-12-06 11:36:10,274 - INFO -   Title: Guiguinto Credit Cooperative, Inc. vs. Aida Torres, et al....
2025-12-06 11:36:10,530 - INFO -   ✓ Saved: RESTRUCTURED_DB/2006/sep/170926.json
2025-12-06 11:36:11,030 - INFO - 
[697/800] Processing G.R. No. 170945
2025-12-06 11:36:11,030 - INFO -   Title: NPC vs. San Pedro...
2025-12-06 11:36:11,499 - INFO -   ✓ Saved: RESTRUCTURED_DB/2006/sep/170945.json
2025-12-06 11:36:11,999 - INFO - 
[698/800] Processing G.R. No. 171017
2025-12-06 11:36:11,999 - INFO -   Title: People of the Philippines vs. Zosimo Aguila y Atienza...
2025-12-06 11:36:12,470 - INFO -   ✓ Saved: RESTRUCTURED_DB/2006/dec/171017.json
2025-12-06 11:36:12,971 - INFO - 
[699/800] Processing G.R. No. 171087
2025-12-06 11:36:12,971 - INFO -   Title: People of the Philippinesvs. Fabian Sades y Rodel...
2025-12-06 11:36:13,219 - INFO -   ✓ Saved: RESTRUCTURED_DB/2006/jul/171087.json
2025-12-06 11:36:13,720 - INFO - 
[700/800] Processing G.R. No. 171102
2025-12-06 11:36:13,720 - INFO -   Title: ATP Technologies International, Inc. vs. Micron Precision Ph...
2025-12-06 11:36:13,976 - INFO -   ✓ Saved: RESTRUCTURED_DB/2006/nov/171102.json
2025-12-06 11:36:14,477 - INFO - 
[701/800] Processing G.R. No. 171144
2025-12-06 11:36:14,477 - INFO -   Title: Santos L. Nacaytuna vs. People of the Philippines...
2025-12-06 11:36:14,724 - INFO -   ✓ Saved: RESTRUCTURED_DB/2006/nov/171144.json
2025-12-06 11:36:15,224 - INFO - 
[702/800] Processing G.R. No. 171270
2025-12-06 11:36:15,224 - INFO -   Title: People of the Philippines vs. Alexander Mangitngit...
2025-12-06 11:36:15,689 - INFO -   ✓ Saved: RESTRUCTURED_DB/2006/sep/171270.json
2025-12-06 11:36:16,189 - INFO - 
[703/800] Processing G.R. No. 171271
2025-12-06 11:36:16,190 - INFO -   Title: People of the Philippines vs. Elberto Tubongbanua y Pahilang...
2025-12-06 11:36:16,654 - INFO -   ✓ Saved: RESTRUCTURED_DB/2006/aug/171271.json
2025-12-06 11:36:17,154 - INFO - 
[704/800] Processing G.R. No. 171392
2025-12-06 11:36:17,154 - INFO -   Title: Ruperto Suldao vs. Cimech System Construction, Inc....
2025-12-06 11:36:17,415 - INFO -   ✓ Saved: RESTRUCTURED_DB/2006/oct/171392.json
2025-12-06 11:36:17,915 - INFO - 
[705/800] Processing G.R. No. 171396
2025-12-06 11:36:17,915 - INFO -   Title: Randolf David, et al. vs. Gloria Macapagal-Arroyo, et al....
2025-12-06 11:36:18,835 - INFO -   ✓ Saved: RESTRUCTURED_DB/2006/may/171396.json
2025-12-06 11:36:19,335 - INFO - 
[706/800] Processing G.R. No. 171397
2025-12-06 11:36:19,335 - INFO -   Title: People of the Philippines vs. Vicente Sy y Madlangbayan...
2025-12-06 11:36:19,589 - INFO -   ✓ Saved: RESTRUCTURED_DB/2006/sep/171397.json
2025-12-06 11:36:20,090 - INFO - 
[707/800] Processing G.R. No. 171400
2025-12-06 11:36:20,090 - INFO -   Title: Alternative Law Groups, Inc. vs. Ermita, Senga & Lomibao...
2025-12-06 11:36:21,067 - WARNING -   ✗ Could not fetch case from any URL
2025-12-06 11:36:21,067 - INFO - 
[708/800] Processing G.R. No. 171409
2025-12-06 11:36:21,067 - INFO -   Title: Niñez Cacho-Olivares & Tribune Publishing Co., Inc. vs. Ermi...
2025-12-06 11:36:22,044 - WARNING -   ✗ Could not fetch case from any URL
2025-12-06 11:36:22,044 - INFO - 
[709/800] Processing G.R. No. 171424
2025-12-06 11:36:22,044 - INFO -   Title: Loren Legarda vs. Pres. Gloria Macapagal-Arroyo, et al....
2025-12-06 11:36:23,023 - WARNING -   ✗ Could not fetch case from any URL
2025-12-06 11:36:23,023 - INFO - 
[710/800] Processing G.R. No. 171447
2025-12-06 11:36:23,023 - INFO -   Title: People of the Philippines vs. Federico Arnaiz y Armonio...
2025-12-06 11:36:23,274 - INFO -   ✓ Saved: RESTRUCTURED_DB/2006/nov/171447.json
2025-12-06 11:36:23,774 - INFO - 
[711/800] Processing G.R. No. 171449
2025-12-06 11:36:23,774 - INFO -   Title: People of the Philippines vs. Jose D. Lara @ Jose Kalbo...
2025-12-06 11:36:24,240 - INFO -   ✓ Saved: RESTRUCTURED_DB/2006/oct/171449.json
2025-12-06 11:36:24,740 - INFO - 
[712/800] Processing G.R. No. 171483
2025-12-06 11:36:24,741 - INFO -   Title: Kilusang Mayo Uno, et al. vs. Pres. Gloria Macapagal-Arroyo,...
2025-12-06 11:36:25,719 - WARNING -   ✗ Could not fetch case from any URL
2025-12-06 11:36:25,719 - INFO - 
[713/800] Processing G.R. No. 171485
2025-12-06 11:36:25,719 - INFO -   Title: Francis Joseph G. Escudero, et al. vs. Eduardo R. Ermita, et...
2025-12-06 11:36:26,695 - WARNING -   ✗ Could not fetch case from any URL
2025-12-06 11:36:26,696 - INFO - 
[714/800] Processing G.R. No. 171489
2025-12-06 11:36:26,696 - INFO -   Title: Jose Anselmo I. Cadiz, et al. vs. Ermita, Senga & Lomibao...
2025-12-06 11:36:27,674 - WARNING -   ✗ Could not fetch case from any URL
2025-12-06 11:36:27,674 - INFO - 
[715/800] Processing G.R. No. 171562
2025-12-06 11:36:27,674 - INFO -   Title: Philippine Public School Teachers Association, Ramon G. Asun...
2025-12-06 11:36:27,936 - INFO -   ✓ Saved: RESTRUCTURED_DB/2006/jul/160215.json
2025-12-06 11:36:28,436 - INFO - 
[716/800] Processing G.R. No. 171703
2025-12-06 11:36:28,436 - INFO -   Title: Ace Promotion and Marketing Corporation vs. Reynaldo Ursabia...
2025-12-06 11:36:28,685 - INFO -   ✓ Saved: RESTRUCTURED_DB/2006/sep/171703.json
2025-12-06 11:36:29,186 - INFO - 
[717/800] Processing G.R. No. 171731
2025-12-06 11:36:29,186 - INFO -   Title: People of the Philippines vs. Joven Ocampo, et al....
2025-12-06 11:36:29,444 - INFO -   ✓ Saved: RESTRUCTURED_DB/2006/aug/171731.json
2025-12-06 11:36:29,945 - INFO - 
[718/800] Processing G.R. No. 171821
2025-12-06 11:36:29,945 - INFO -   Title: Danilo "Dan" Fernandez vs. Commission on Elections...
2025-12-06 11:36:30,192 - INFO -   ✓ Saved: RESTRUCTURED_DB/2006/oct/171821.json
2025-12-06 11:36:30,692 - INFO - 
[719/800] Processing G.R. No. 171901
2025-12-06 11:36:30,692 - INFO -   Title: First United Constructors Corporation vs. Court of Appeals, ...
2025-12-06 11:36:30,952 - INFO -   ✓ Saved: RESTRUCTURED_DB/2006/dec/171901.json
2025-12-06 11:36:31,452 - INFO - 
[720/800] Processing G.R. No. 172062
2025-12-06 11:36:31,452 - INFO -   Title: Lorenzo Ma. D.G. Aguilar vs. Burger Machine Holdings Corpora...
2025-12-06 11:36:31,917 - INFO -   ✓ Saved: RESTRUCTURED_DB/2006/oct/172062.json
2025-12-06 11:36:32,418 - INFO - 
[721/800] Processing G.R. No. 172116
2025-12-06 11:36:32,418 - INFO -   Title: People of the Philippines vs. Roger Villanueva...
2025-12-06 11:36:32,665 - INFO -   ✓ Saved: RESTRUCTURED_DB/2006/oct/172116.json
2025-12-06 11:36:33,165 - INFO - 
[722/800] Processing G.R. No. 172175
2025-12-06 11:36:33,165 - INFO -   Title: Sps. Expedito Zepeda and Alice D. Zepeda vs. China Banking C...
2025-12-06 11:36:33,413 - INFO -   ✓ Saved: RESTRUCTURED_DB/2006/oct/172175.json
2025-12-06 11:36:33,913 - INFO - 
[723/800] Processing G.R. No. 172259
2025-12-06 11:36:33,913 - INFO -   Title: Sps. Jaime Benos and Marina Benos vs. Sps. Gregorio Lawilao ...
2025-12-06 11:36:34,376 - INFO -   ✓ Saved: RESTRUCTURED_DB/2006/dec/172259.json
2025-12-06 11:36:34,876 - INFO - 
[724/800] Processing G.R. No. 172274
2025-12-06 11:36:34,877 - INFO -   Title: Romeo D. Cabarlo vs. People of the Philippines...
2025-12-06 11:36:35,351 - INFO -   ✓ Saved: RESTRUCTURED_DB/2006/nov/172274.json
2025-12-06 11:36:35,851 - INFO - 
[725/800] Processing G.R. No. 172322
2025-12-06 11:36:35,851 - INFO -   Title: People of the Philippines vs. Rene Santos...
2025-12-06 11:36:36,316 - INFO -   ✓ Saved: RESTRUCTURED_DB/2006/sep/172322.json
2025-12-06 11:36:36,816 - INFO - 
[726/800] Processing G.R. No. 172401
2025-12-06 11:36:36,816 - INFO -   Title: Carlos G. Azul vs. Banco Filipino Savings and Mortgage Bank...
2025-12-06 11:36:37,063 - INFO -   ✓ Saved: RESTRUCTURED_DB/2006/oct/160798.json
2025-12-06 11:36:37,563 - INFO - 
[727/800] Processing G.R. No. 172556
2025-12-06 11:36:37,563 - INFO -   Title: Trans Middle East vs. Sandiganbayan, et al....
2025-12-06 11:36:38,029 - INFO -   ✓ Saved: RESTRUCTURED_DB/2006/jun/172556.json
2025-12-06 11:36:38,529 - INFO - 
[728/800] Processing G.R. No. 172813
2025-12-06 11:36:38,529 - INFO -   Title: Ivy Joan P. Reyes-Tabujara vs. Hon. Court of Appeals, et al....
2025-12-06 11:36:38,787 - INFO -   ✓ Saved: RESTRUCTURED_DB/2006/jul/172813.json
2025-12-06 11:36:39,287 - INFO - 
[729/800] Processing G.R. No. 172870
2025-12-06 11:36:39,288 - INFO -   Title: People of the Philippines vs. Junior Bang-Ayan...
2025-12-06 11:36:39,535 - INFO -   ✓ Saved: RESTRUCTURED_DB/2006/sep/172870.json
2025-12-06 11:36:40,036 - INFO - 
[730/800] Processing G.R. No. 173054
2025-12-06 11:36:40,036 - INFO -   Title: People of the Philippines vs. Elmercito Manalo y Dulay...
2025-12-06 11:36:40,284 - INFO -   ✓ Saved: RESTRUCTURED_DB/2006/dec/173054.json
2025-12-06 11:36:40,784 - INFO - 
[731/800] Processing G.R. No. 173253
2025-12-06 11:36:40,785 - INFO -   Title: Dr. Renato S. Muñez vs. Pablito L. Jomo, et al....
2025-12-06 11:36:41,032 - INFO -   ✓ Saved: RESTRUCTURED_DB/2006/oct/173253.json
2025-12-06 11:36:41,532 - INFO - 
[732/800] Processing G.R. No. 173290
2025-12-06 11:36:41,532 - INFO -   Title: Zenaida M. Limbona vs. Judge Ralph S. Lee, et al....
2025-12-06 11:36:41,996 - INFO -   ✓ Saved: RESTRUCTURED_DB/2006/nov/173290.json
2025-12-06 11:36:42,496 - INFO - 
[733/800] Processing G.R. No. 173421
2025-12-06 11:36:42,496 - INFO -   Title: Oscar Z. Benares vs. Josephine Lim...
2025-12-06 11:36:42,744 - INFO -   ✓ Saved: RESTRUCTURED_DB/2006/dec/173421.json
2025-12-06 11:36:43,244 - INFO - 
[734/800] Processing G.R. No. 174153
2025-12-06 11:36:43,244 - INFO -   Title: Lambino, et at. vs. COMELEC...
2025-12-06 11:36:44,626 - INFO -   ✓ Saved: RESTRUCTURED_DB/2006/oct/174153.json
2025-12-06 11:36:45,126 - INFO - 
[735/800] Processing G.R. No. 174340
2025-12-06 11:36:45,126 - INFO -   Title: Camilo L. Sabio, vs. Richard Gordon, et al....
2025-12-06 11:36:45,377 - INFO -   ✓ Saved: RESTRUCTURED_DB/2006/oct/174340.json
2025-12-06 11:36:45,877 - INFO - 
[736/800] Processing G.R. No. 200487
2025-12-06 11:36:45,877 - INFO -   Title: Biggs Inc. vs. Jay Boncacas, et al./Junnie Arines, et al. v...
2025-12-06 11:36:46,855 - WARNING -   ✗ Could not fetch case from any URL
2025-12-06 11:36:46,855 - INFO - 
[737/800] Processing G.R. No. 200612
2025-12-06 11:36:46,855 - INFO -   Title: Rafael C. Uy vs. Estate of Vipa Fernandez...
2025-12-06 11:36:47,831 - WARNING -   ✗ Could not fetch case from any URL
2025-12-06 11:36:47,831 - INFO - 
[738/800] Processing G.R. No. 200676
2025-12-06 11:36:47,831 - INFO -   Title: Spoues Luis G. Batalla and Salvacion Batalla vs. Prudential ...
2025-12-06 11:36:48,808 - WARNING -   ✗ Could not fetch case from any URL
2025-12-06 11:36:48,808 - INFO - 
[739/800] Processing G.R. No. 74269
2025-12-06 11:36:48,808 - INFO -   Title: Solid Homes, Inc., et al. vs. Hon. Intermediate Appellate Co...
2025-12-06 11:36:49,057 - INFO -   ✓ Saved: RESTRUCTURED_DB/2006/nov/74269.json
2025-12-06 11:36:49,557 - INFO - 
[740/800] Processing G.R. No. 115880
2025-12-06 11:36:49,557 - INFO -   Title: Pedro Gonzales, et al. vs. Madame Pilar Farm Corp., et al....
2025-12-06 11:36:49,812 - INFO -   ✓ Saved: RESTRUCTURED_DB/2007/jan/115880.json
2025-12-06 11:36:50,312 - INFO - 
[741/800] Processing G.R. No. 118661
2025-12-06 11:36:50,312 - INFO -   Title: Republic of the Phil. vs. Sandiganbayan, et al....
2025-12-06 11:36:50,779 - INFO -   ✓ Saved: RESTRUCTURED_DB/2007/sep/118661.json
2025-12-06 11:36:51,279 - INFO - 
[742/800] Processing G.R. No. 120827
2025-12-06 11:36:51,279 - INFO -   Title: Life Homes Realty Corp. vs. Court of Appeals, et al....
2025-12-06 11:36:51,527 - INFO -   ✓ Saved: RESTRUCTURED_DB/2007/feb/120827.json
2025-12-06 11:36:52,027 - INFO - 
[743/800] Processing G.R. No. 125509
2025-12-06 11:36:52,027 - INFO -   Title: Public Interest Center, Inc., et al. vs. Hon. Vicente O. Rox...
2025-12-06 11:36:52,494 - INFO -   ✓ Saved: RESTRUCTURED_DB/2007/jan/125509.json
2025-12-06 11:36:52,995 - INFO - 
[744/800] Processing G.R. No. 125813
2025-12-06 11:36:52,995 - INFO -   Title: Francisco I. Chavez, et al. vs. Court of Appeals, et al....
2025-12-06 11:36:53,243 - INFO -   ✓ Saved: RESTRUCTURED_DB/2007/feb/125813.json
2025-12-06 11:36:53,743 - INFO - 
[745/800] Processing G.R. No. 126108
2025-12-06 11:36:53,743 - INFO -   Title: Carlos M. Benedicto, et al. vs. Philippine National Bank...
2025-12-06 11:36:54,678 - INFO -   ✓ Saved: RESTRUCTURED_DB/2007/feb/126108.json
2025-12-06 11:36:55,178 - INFO - 
[746/800] Processing G.R. No. 126236
2025-12-06 11:36:55,178 - INFO -   Title: Domingo Realty, Inc., et al. vs. Court of Appeals, et al....
2025-12-06 11:36:55,842 - INFO -   ✓ Saved: RESTRUCTURED_DB/2007/jan/126236.json
2025-12-06 11:36:56,342 - INFO - 
[747/800] Processing G.R. No. 126297
2025-12-06 11:36:56,342 - INFO -   Title: Professional Services, Inc. vs. Natividad & Enrique Agana...
2025-12-06 11:36:56,795 - INFO -   ✓ Saved: RESTRUCTURED_DB/2007/jan/126297.json
2025-12-06 11:36:57,296 - INFO - 
[748/800] Processing G.R. No. 126428
2025-12-06 11:36:57,296 - INFO -   Title: Elcee Farms, Inc., et el. vs. National Labor Relations Commi...
2025-12-06 11:36:57,538 - INFO -   ✓ Saved: RESTRUCTURED_DB/2007/jan/126428.json
2025-12-06 11:36:58,038 - INFO - 
[749/800] Processing G.R. No. 126467
2025-12-06 11:36:58,038 - INFO -   Title: Natividad & Enrique Agana vs. Juan Fuentes...
2025-12-06 11:36:58,990 - WARNING -   ✗ Could not fetch case from any URL
2025-12-06 11:36:58,990 - INFO - 
[750/800] Processing G.R. No. 127301
2025-12-06 11:36:58,990 - INFO -   Title: Dept. of Budget and Mgt., et al. vs. the City Government of ...
2025-12-06 11:36:59,243 - INFO -   ✓ Saved: RESTRUCTURED_DB/2007/mar/127301.json
2025-12-06 11:36:59,743 - INFO - 
[751/800] Processing G.R. No. 127440
2025-12-06 11:36:59,743 - INFO -   Title: Fernando Santiago vs. the Hon. Court of Appeals, et al....
2025-12-06 11:37:00,196 - INFO -   ✓ Saved: RESTRUCTURED_DB/2007/jan/127440.json
2025-12-06 11:37:00,696 - INFO - 
[752/800] Processing G.R. No. 127520
2025-12-06 11:37:00,696 - INFO -   Title: Aurora Fe B. Camacho vs. Court of Appeals, et al....
2025-12-06 11:37:01,150 - INFO -   ✓ Saved: RESTRUCTURED_DB/2007/feb/127520.json
2025-12-06 11:37:01,651 - INFO - 
[753/800] Processing G.R. No. 127590
2025-12-06 11:37:01,651 - INFO -   Title: Miguel Ampil vs. Natividad Agana, et al....
2025-12-06 11:37:02,602 - WARNING -   ✗ Could not fetch case from any URL
2025-12-06 11:37:02,602 - INFO - 
[754/800] Processing G.R. No. 127925
2025-12-06 11:37:02,602 - INFO -   Title: Enrique T. Garcia vs. J.G. Summit Petrochemical Corp....
2025-12-06 11:37:02,846 - INFO -   ✓ Saved: RESTRUCTURED_DB/2007/feb/127925.json
2025-12-06 11:37:03,346 - INFO - 
[755/800] Processing G.R. No. 129377
2025-12-06 11:37:03,346 - INFO -   Title: Heirs of Wenceslao Tabia, et al. vs. Court of Appeals, et al...
2025-12-06 11:37:03,588 - INFO -   ✓ Saved: RESTRUCTURED_DB/2007/feb/129377.json
2025-12-06 11:37:04,088 - INFO - 
[756/800] Processing G.R. No. 130316
2025-12-06 11:37:04,088 - INFO -   Title: Ernesto V. Yu, et al. vs. Baltazar Pacleb...
2025-12-06 11:37:04,329 - INFO -   ✓ Saved: RESTRUCTURED_DB/2007/jan/130316.json
2025-12-06 11:37:04,829 - INFO - 
[757/800] Processing G.R. No. 131913
2025-12-06 11:37:04,830 - INFO -   Title: Sps. D. Guinyawan etc. vs. L. Ayogat et al....
2025-12-06 11:37:05,281 - INFO -   Case already exists: RESTRUCTURED_DB/2007/jun/163663.json
2025-12-06 11:37:05,781 - INFO - 
[758/800] Processing G.R. No. 132659
2025-12-06 11:37:05,781 - INFO -   Title: Conrado Magbanua, et al. vs. Pilar S. Junsay, et al....
2025-12-06 11:37:06,234 - INFO -   ✓ Saved: RESTRUCTURED_DB/2007/feb/132659.json
2025-12-06 11:37:06,734 - INFO - 
[759/800] Processing G.R. No. 133110
2025-12-06 11:37:06,734 - INFO -   Title: Barstowe Philippines Corp. vs. Republic of the Philippines...
2025-12-06 11:37:07,401 - INFO -   ✓ Saved: RESTRUCTURED_DB/2007/mar/133110.json
2025-12-06 11:37:07,901 - INFO - 
[760/800] Processing G.R. No. 133743
2025-12-06 11:37:07,901 - INFO -   Title: Edgar San Luis vs. Felecidad San Luisi...
2025-12-06 11:37:08,146 - INFO -   ✓ Saved: RESTRUCTURED_DB/2007/feb/133743.json
2025-12-06 11:37:08,646 - INFO - 
[761/800] Processing G.R. No. 134029
2025-12-06 11:37:08,646 - INFO -   Title: Rodolfo San Luis vs. Felecidad Sagalongos...
2025-12-06 11:37:09,599 - WARNING -   ✗ Could not fetch case from any URL
2025-12-06 11:37:09,599 - INFO - 
[762/800] Processing G.R. No. 134062
2025-12-06 11:37:09,599 - INFO -   Title: Commissioner of Internal Revenue vs. Bank of the Philippine ...
2025-12-06 11:37:09,854 - INFO -   ✓ Saved: RESTRUCTURED_DB/2007/apr/134062.json
2025-12-06 11:37:10,354 - INFO - 
[763/800] Processing G.R. No. 135123
2025-12-06 11:37:10,355 - INFO -   Title: Republic ofthe Phil. etc. vs. Hon. Ombudsman Aniano A. Desie...
2025-12-06 11:37:10,596 - INFO -   ✓ Saved: RESTRUCTURED_DB/2007/jan/135123.json
2025-12-06 11:37:11,096 - INFO - 
[764/800] Processing G.R. No. 135688
2025-12-06 11:37:11,097 - INFO -   Title: Ernesto B. Francisco, Jr. vs. Uem-Mara Phil. Corp., et al....
2025-12-06 11:37:11,554 - INFO -   Case already exists: RESTRUCTURED_DB/2007/oct/159245.json
2025-12-06 11:37:12,054 - INFO - 
[765/800] Processing G.R. No. 136202
2025-12-06 11:37:12,055 - INFO -   Title: Bank of the Philippine Islands vs. Court of Appeals, et al....
2025-12-06 11:37:12,506 - INFO -   ✓ Saved: RESTRUCTURED_DB/2007/jan/136202.json
2025-12-06 11:37:13,007 - INFO - 
[766/800] Processing G.R. No. 137162
2025-12-06 11:37:13,007 - INFO -   Title: Corazon L. Escueta, et al. vs. Rufina Lim...
2025-12-06 11:37:13,249 - INFO -   ✓ Saved: RESTRUCTURED_DB/2007/jan/137162.json
2025-12-06 11:37:13,749 - INFO - 
[767/800] Processing G.R. No. 137355
2025-12-06 11:37:13,749 - INFO -   Title: Eugen U. Caballero, et al. vs. Sandiganbayan, et al....
2025-12-06 11:37:14,199 - INFO -   Case already exists: RESTRUCTURED_DB/2007/sep/83754.json
2025-12-06 11:37:14,700 - INFO - 
[768/800] Processing G.R. No. 138033
2025-12-06 11:37:14,700 - INFO -   Title: Renato Baleros, Jr. vs. People of the Philippines...
2025-12-06 11:37:14,940 - INFO -   ✓ Saved: RESTRUCTURED_DB/2007/jan/138033.json
2025-12-06 11:37:15,440 - INFO - 
[769/800] Processing G.R. No. 138208
2025-12-06 11:37:15,440 - INFO -   Title: Sps. Isidro "Abel" Cruz, etc. vs. Sps. Florencio & Amparo Ca...
2025-12-06 11:37:15,892 - INFO -   ✓ Saved: RESTRUCTURED_DB/2007/apr/138208.json
2025-12-06 11:37:16,392 - INFO - 
[770/800] Processing G.R. No. 138965
2025-12-06 11:37:16,392 - INFO -   Title: Public Interest Center, Inc., et al. vs. Magdangal B. Elma, ...
2025-12-06 11:37:16,632 - INFO -   ✓ Saved: RESTRUCTURED_DB/2007/mar/138965.json
2025-12-06 11:37:17,132 - INFO - 
[771/800] Processing G.R. No. 138967
2025-12-06 11:37:17,132 - INFO -   Title: Leiden E. Fernandez, et al. vs. Nicasio Aninon, et al....
2025-12-06 11:37:17,582 - INFO -   ✓ Saved: RESTRUCTURED_DB/2007/apr/138967.json
2025-12-06 11:37:18,083 - INFO - 
[772/800] Processing G.R. No. 139173
2025-12-06 11:37:18,083 - INFO -   Title: Sps. Onnie Serrano etc. vs. Godofredo Caguiat...
2025-12-06 11:37:18,534 - INFO -   ✓ Saved: RESTRUCTURED_DB/2007/feb/139173.json
2025-12-06 11:37:19,034 - INFO - 
[773/800] Processing G.R. No. 140608
2025-12-06 11:37:19,034 - INFO -   Title: Permanent Savings & Loan Bank vs. Mariano Velarde...
2025-12-06 11:37:19,275 - INFO -   ✓ Saved: RESTRUCTURED_DB/2007/feb/140608.json
2025-12-06 11:37:19,775 - INFO - 
[774/800] Processing G.R. No. 140836
2025-12-06 11:37:19,775 - INFO -   Title: Iligan Bay Mfg. Corp. et al vs. Henry Dy....
2025-12-06 11:37:20,234 - INFO -   Case already exists: RESTRUCTURED_DB/2007/jun/119247.json
2025-12-06 11:37:20,734 - INFO - 
[775/800] Processing G.R. No. 140842
2025-12-06 11:37:20,734 - INFO -   Title: Rufina Chua vs. the Court of Appeals, et al....
2025-12-06 11:37:20,975 - INFO -   ✓ Saved: RESTRUCTURED_DB/2007/apr/140842.json
2025-12-06 11:37:21,476 - INFO - 
[776/800] Processing G.R. No. 141010
2025-12-06 11:37:21,476 - INFO -   Title: United BF Homeowners' Asso., Inc., et al. vs. the City Mayor...
2025-12-06 11:37:21,933 - INFO -   ✓ Saved: RESTRUCTURED_DB/2007/feb/141010.json
2025-12-06 11:37:22,433 - INFO - 
[777/800] Processing G.R. No. 141733
2025-12-06 11:37:22,433 - INFO -   Title: Security Bank Corp. vs. Hon. Court of Appeals, et al....
2025-12-06 11:37:22,885 - INFO -   ✓ Saved: RESTRUCTURED_DB/2007/feb/141733.json
2025-12-06 11:37:23,385 - INFO - 
[778/800] Processing G.R. No. 141802
2025-12-06 11:37:23,385 - INFO -   Title: G & M (Phil.), Inc. vs. Zenas Rivera...
2025-12-06 11:37:23,626 - INFO -   ✓ Saved: RESTRUCTURED_DB/2007/jan/141802.json
2025-12-06 11:37:24,127 - INFO - 
[779/800] Processing G.R. No. 141810
2025-12-06 11:37:24,127 - INFO -   Title: Vicente delos Santos, et al. vs. Fred Elizalde, et al....
2025-12-06 11:37:24,579 - INFO -   ✓ Saved: RESTRUCTURED_DB/2007/feb/141810.json
2025-12-06 11:37:25,080 - INFO - 
[780/800] Processing G.R. No. 141924
2025-12-06 11:37:25,080 - INFO -   Title: Vernon T. Reyes vs. Republic of the Philippines...
2025-12-06 11:37:25,323 - INFO -   ✓ Saved: RESTRUCTURED_DB/2007/jan/141924.json
2025-12-06 11:37:25,823 - INFO - 
[781/800] Processing G.R. No. 142255
2025-12-06 11:37:25,823 - INFO -   Title: Samahan ng Masang Pilipino sa Makati, Inc. etc. vs. Bases Co...
2025-12-06 11:37:26,486 - INFO -   ✓ Saved: RESTRUCTURED_DB/2007/jan/142255.json
2025-12-06 11:37:26,986 - INFO - 
[782/800] Processing G.R. No. 142369
2025-12-06 11:37:26,986 - INFO -   Title: Juanito T. Merencillo vs. People of the Philippines...
2025-12-06 11:37:27,437 - INFO -   ✓ Saved: RESTRUCTURED_DB/2007/apr/133709.json
2025-12-06 11:37:27,938 - INFO - 
[783/800] Processing G.R. No. 142628
2025-12-06 11:37:27,938 - INFO -   Title: Springfield Devt. Corp., Inc., et al. vs. Hon. Pres. Judge e...
2025-12-06 11:37:28,390 - INFO -   ✓ Saved: RESTRUCTURED_DB/2007/feb/142628.json
2025-12-06 11:37:28,890 - INFO - 
[784/800] Processing G.R. No. 142732
2025-12-06 11:37:28,890 - INFO -   Title: Marilou S. Genuino vs. National Labor Relations Commission, ...
2025-12-06 11:37:29,351 - INFO -   Case already exists: RESTRUCTURED_DB/2007/dec/118023.json
2025-12-06 11:37:29,851 - INFO - 
[785/800] Processing G.R. No. 143188
2025-12-06 11:37:29,851 - INFO -   Title: Florentino Pineda vs. Heirs of Eliseo Guevara, et al....
2025-12-06 11:37:30,093 - INFO -   ✓ Saved: RESTRUCTURED_DB/2007/feb/143188.json
2025-12-06 11:37:30,594 - INFO - 
[786/800] Processing G.R. No. 143337
2025-12-06 11:37:30,594 - INFO -   Title: Urbana T. Guy Yoche vs. Noel Guy Yoche...
2025-12-06 11:37:30,833 - INFO -   ✓ Saved: RESTRUCTURED_DB/2007/apr/143337.json
2025-12-06 11:37:31,333 - INFO - 
[787/800] Processing G.R. No. 143482
2025-12-06 11:37:31,334 - INFO -   Title: Conrado Pineda, et al. vs. Hon. Pedro T. Santiago, et al....
2025-12-06 11:37:31,784 - INFO -   ✓ Saved: RESTRUCTURED_DB/2007/apr/143482.json
2025-12-06 11:37:32,285 - INFO - 
[788/800] Processing G.R. No. 143490
2025-12-06 11:37:32,285 - INFO -   Title: China Banking Corp. vs. Dolores Padilla...
2025-12-06 11:37:32,531 - INFO -   ✓ Saved: RESTRUCTURED_DB/2007/feb/143490.json
2025-12-06 11:37:33,032 - INFO - 
[789/800] Processing G.R. No. 143705
2025-12-06 11:37:33,032 - INFO -   Title: Ruby Dimacuha y Ebreo vs. People of the Philippines...
2025-12-06 11:37:33,482 - INFO -   ✓ Saved: RESTRUCTURED_DB/2007/feb/143705.json
2025-12-06 11:37:33,982 - INFO - 
[790/800] Processing G.R. No. 144158
2025-12-06 11:37:33,982 - INFO -   Title: NPC Employees Consolidated Union, et al. vs. NAPOCOR, et al....
2025-12-06 11:37:34,224 - INFO -   ✓ Saved: RESTRUCTURED_DB/2007/apr/144158.json
2025-12-06 11:37:34,724 - INFO - 
[791/800] Processing G.R. No. 144950
2025-12-06 11:37:34,724 - INFO -   Title: Blas Baldebrin, et al. vs. Sandiganbayan, et al....
2025-12-06 11:37:35,180 - INFO -   ✓ Saved: RESTRUCTURED_DB/2007/mar/144950.json
2025-12-06 11:37:35,680 - INFO - 
[792/800] Processing G.R. No. 145526
2025-12-06 11:37:35,680 - INFO -   Title: Atlas Consolidated Mining and Development Corp. vs. Commissi...
2025-12-06 11:37:35,921 - INFO -   ✓ Saved: RESTRUCTURED_DB/2007/mar/145526.json
2025-12-06 11:37:36,421 - INFO - 
[793/800] Processing G.R. No. 145743
2025-12-06 11:37:36,421 - INFO -   Title: Antonio P. Calingin vs. Aniano A. Desierto, et al....
2025-12-06 11:37:36,886 - INFO -   Case already exists: RESTRUCTURED_DB/2007/aug/166062.json
2025-12-06 11:37:37,386 - INFO - 
[794/800] Processing G.R. No. 146224
2025-12-06 11:37:37,386 - INFO -   Title: Virginia Real vs. Sisenando H. Belo...
2025-12-06 11:37:37,837 - INFO -   ✓ Saved: RESTRUCTURED_DB/2007/jan/146224.json
2025-12-06 11:37:38,337 - INFO - 
[795/800] Processing G.R. No. 146611
2025-12-06 11:37:38,338 - INFO -   Title: Tancredo Redena vs. Hon. Court of Appeals, et al....
2025-12-06 11:37:38,787 - INFO -   ✓ Saved: RESTRUCTURED_DB/2007/feb/146611.json
2025-12-06 11:37:39,287 - INFO - 
[796/800] Processing G.R. No. 146667
2025-12-06 11:37:39,287 - INFO -   Title: John F. McLeod vs. National Labor Relations Commission, et a...
2025-12-06 11:37:39,742 - INFO -   ✓ Saved: RESTRUCTURED_DB/2007/jan/146667.json
2025-12-06 11:37:40,242 - INFO - 
[797/800] Processing G.R. No. 146881
2025-12-06 11:37:40,242 - INFO -   Title: Coca Cola Bottlers Inc., et al. vs. Dr. Dean N. Climaco...
2025-12-06 11:37:40,484 - INFO -   ✓ Saved: RESTRUCTURED_DB/2007/feb/146881.json
2025-12-06 11:37:40,984 - INFO - 
[798/800] Processing G.R. No. 146937
2025-12-06 11:37:40,984 - INFO -   Title: Godofredo Toriano vs. Generoso Trieste, Sr., et al....
2025-12-06 11:37:41,224 - INFO -   ✓ Saved: RESTRUCTURED_DB/2007/jan/146937.json
2025-12-06 11:37:41,724 - INFO - 
[799/800] Processing G.R. No. 146989
2025-12-06 11:37:41,724 - INFO -   Title: Melencio Gabriel, etc. vs. Nelson Bilon, et al....
2025-12-06 11:37:42,175 - INFO -   ✓ Saved: RESTRUCTURED_DB/2007/feb/146989.json
2025-12-06 11:37:42,675 - INFO - 
[800/800] Processing G.R. No. 147191
2025-12-06 11:37:42,676 - INFO -   Title: Sps. Manuel & Luisa Tan Lee, et al. vs. Hon Court of Appeals...
2025-12-06 11:37:42,915 - INFO -   ✓ Saved: RESTRUCTURED_DB/2007/mar/147191.json
2025-12-06 11:37:43,476 - INFO - 
✓ Updated lawphil_missing_cases.json: removed 729 scraped cases
2025-12-06 11:37:43,476 - INFO -   Remaining cases: 11495
2025-12-06 11:37:43,477 - INFO - 
================================================================================
2025-12-06 11:37:43,477 - INFO - BATCH COMPLETE
2025-12-06 11:37:43,477 - INFO - ================================================================================
2025-12-06 11:37:43,477 - INFO - Cases attempted: 800
2025-12-06 11:37:43,477 - INFO - Successfully scraped: 729
2025-12-06 11:37:43,477 - INFO - Already existed: 13
2025-12-06 11:37:43,477 - INFO - Failed: 58
2025-12-06 11:37:43,477 - INFO - Success rate: 91.1%
2025-12-06 11:37:43,477 - INFO - ================================================================================
