2025-12-06 18:20:10,891 - INFO - ================================================================================
2025-12-06 18:20:10,891 - INFO - CONTINUOUS SCRAPING SESSION
2025-12-06 18:20:10,891 - INFO - ================================================================================
2025-12-06 18:20:10,891 - INFO - Total cases remaining: 5320
2025-12-06 18:20:10,891 - INFO - Will process: 2500 cases
2025-12-06 18:20:10,891 - INFO - Database path: RESTRUCTURED_DB
2025-12-06 18:20:10,891 - INFO - ================================================================================
2025-12-06 18:20:10,891 - INFO - 
[1/2500] Processing G.R. No. 138792
2025-12-06 18:20:10,891 - INFO -   Title: Dante Guevarra, et al. vs. the Hon. Fourth Division of the S...
2025-12-06 18:20:12,245 - WARNING -   ✗ Could not fetch case from any URL
2025-12-06 18:20:12,245 - INFO - 
[2/2500] Processing G.R. No. 141675
2025-12-06 18:20:12,245 - INFO -   Title: Jesus T. Tanchanco, et al., vs. the Honorable Sandiganbayan ...
2025-12-06 18:20:13,069 - WARNING -   ✗ Could not fetch case from any URL
2025-12-06 18:20:13,069 - INFO - 
[3/2500] Processing G.R. No. 142286
2025-12-06 18:20:13,069 - INFO -   Title: Korea Exchange Bank vs. Hon. Rogelio C. Gonzales, et al....
2025-12-06 18:20:13,890 - WARNING -   ✗ Could not fetch case from any URL
2025-12-06 18:20:13,890 - INFO - 
[4/2500] Processing G.R. No. 142408
2025-12-06 18:20:13,890 - INFO -   Title: Spouses Ricardo Almendrala, et al. vs. Spouses Wing on Ngo, ...
2025-12-06 18:20:14,280 - INFO -   Case already exists: RESTRUCTURED_DB/2005/sep/126850.json
2025-12-06 18:20:14,781 - INFO - 
[5/2500] Processing G.R. No. 142619
2025-12-06 18:20:14,781 - INFO -   Title: Municipality of Taguig, et al. vs. the Hon. Court of Appeals...
2025-12-06 18:20:15,168 - INFO -   Case already exists: RESTRUCTURED_DB/2005/sep/142619.json
2025-12-06 18:20:15,668 - INFO - 
[6/2500] Processing G.R. No. 143573
2025-12-06 18:20:15,668 - INFO -   Title: Gregorio "George" Amante, et al. vs. Bibiano Serwelas...
2025-12-06 18:20:16,496 - WARNING -   ✗ Could not fetch case from any URL
2025-12-06 18:20:16,496 - INFO - 
[7/2500] Processing G.R. No. 148682
2025-12-06 18:20:16,496 - INFO -   Title: People of the Philippines vs. Angel A. Enfermo....
2025-12-06 18:20:17,327 - WARNING -   ✗ Could not fetch case from any URL
2025-12-06 18:20:17,328 - INFO - 
[8/2500] Processing G.R. No. 151373
2025-12-06 18:20:17,328 - INFO -   Title: Department of Health vs. C.V. Canchela and Associates, Archi...
2025-12-06 18:20:18,157 - WARNING -   ✗ Could not fetch case from any URL
2025-12-06 18:20:18,157 - INFO - 
[9/2500] Processing G.R. No. 151809
2025-12-06 18:20:18,157 - INFO -   Title: Presidential Commission on Good Government (PCGG) vs. Sandig...
2025-12-06 18:20:18,979 - WARNING -   ✗ Could not fetch case from any URL
2025-12-06 18:20:18,980 - INFO - 
[10/2500] Processing G.R. No. 153063
2025-12-06 18:20:18,980 - INFO -   Title: Amelia D. De Mesa, et al. vs. Pepsi Cola Products Phils., In...
2025-12-06 18:20:19,801 - WARNING -   ✗ Could not fetch case from any URL
2025-12-06 18:20:19,801 - INFO - 
[11/2500] Processing G.R. No. 156254
2025-12-06 18:20:19,801 - INFO -   Title: Crisanto Rafaelito Gualberto V vs. Court of Appeals, et al....
2025-12-06 18:20:20,621 - WARNING -   ✗ Could not fetch case from any URL
2025-12-06 18:20:20,621 - INFO - 
[12/2500] Processing G.R. No. 160577
2025-12-06 18:20:20,621 - INFO -   Title: Gregorio Singian, Jr. vs. the Honorable Sandiganbayan, et al...
2025-12-06 18:20:21,451 - WARNING -   ✗ Could not fetch case from any URL
2025-12-06 18:20:21,451 - INFO - 
[13/2500] Processing G.R. No. 160929
2025-12-06 18:20:21,451 - INFO -   Title: Rene P. Pondevida vs. the Hon. Sandiganbayan, et al....
2025-12-06 18:20:22,272 - WARNING -   ✗ Could not fetch case from any URL
2025-12-06 18:20:22,272 - INFO - 
[14/2500] Processing G.R. No. 161217
2025-12-06 18:20:22,272 - INFO -   Title: Blucor Minerals Corporation, et al. vs. Alfredo M. Amarilla,...
2025-12-06 18:20:23,096 - WARNING -   ✗ Could not fetch case from any URL
2025-12-06 18:20:23,096 - INFO - 
[15/2500] Processing G.R. No. 161784
2025-12-06 18:20:23,096 - INFO -   Title: Dinah C. Barriga vs. the Honorable Sandiganbayan (4th Divisi...
2025-12-06 18:20:23,917 - WARNING -   ✗ Could not fetch case from any URL
2025-12-06 18:20:23,918 - INFO - 
[16/2500] Processing G.R. No. 163619
2025-12-06 18:20:23,918 - INFO -   Title: In the Matter of the Petition for Disqualification of Tess D...
2025-12-06 18:20:24,742 - WARNING -   ✗ Could not fetch case from any URL
2025-12-06 18:20:24,743 - INFO - 
[17/2500] Processing G.R. No. 164684
2025-12-06 18:20:24,743 - INFO -   Title: Philippine Long Distance Telephone Company, Inc., vs. Antoni...
2025-12-06 18:20:25,565 - WARNING -   ✗ Could not fetch case from any URL
2025-12-06 18:20:25,565 - INFO - 
[18/2500] Processing G.R. No. 165510
2025-12-06 18:20:25,565 - INFO -   Title: Benjamin T. Romualdez vs. Hon. Simeon V. Marcelo, et al....
2025-12-06 18:20:26,389 - WARNING -   ✗ Could not fetch case from any URL
2025-12-06 18:20:26,389 - INFO - 
[19/2500] Processing G.R. No. 166299
2025-12-06 18:20:26,389 - INFO -   Title: Aurelio K. Litonjua Jr., vs. Eduardo K. Litonjua, Sr., et al...
2025-12-06 18:20:27,209 - WARNING -   ✗ Could not fetch case from any URL
2025-12-06 18:20:27,210 - INFO - 
[20/2500] Processing G.R. No. 168056
2025-12-06 18:20:27,210 - INFO -   Title: ABAKADA Guro Party List Officers Samson S. Alcantara, et al....
2025-12-06 18:20:28,176 - INFO -   Case already exists: RESTRUCTURED_DB/2005/sep/168056.json
2025-12-06 18:20:28,677 - INFO - 
[21/2500] Processing G.R. No. 200553
2025-12-06 18:20:28,677 - INFO -   Title: Spouses Gildardo C. Loquellano and Roslina Juliet B. Loquell...
2025-12-06 18:20:29,500 - WARNING -   ✗ Could not fetch case from any URL
2025-12-06 18:20:29,500 - INFO - 
[22/2500] Processing G.R. No. 52341
2025-12-06 18:20:29,500 - INFO -   Title: Delia Preagido et al. vs. Sandiganbayan, et al....
2025-12-06 18:20:30,322 - WARNING -   ✗ Could not fetch case from any URL
2025-12-06 18:20:30,322 - INFO - 
[23/2500] Processing G.R. No. 132361
2025-12-06 18:20:30,322 - INFO -   Title: Eduardo Adriano, et al. vs. Court of Appelas...
2025-12-06 18:20:31,148 - WARNING -   ✗ Could not fetch case from any URL
2025-12-06 18:20:31,148 - INFO - 
[24/2500] Processing G.R. No. 138526
2025-12-06 18:20:31,148 - INFO -   Title: Marcelino Tan vs. Court of Appeals, et al....
2025-12-06 18:20:31,972 - WARNING -   ✗ Could not fetch case from any URL
2025-12-06 18:20:31,973 - INFO - 
[25/2500] Processing G.R. No. 138624
2025-12-06 18:20:31,973 - INFO -   Title: Solomon Torrado, et al. vs. Veronica Baluyot, et al....
2025-12-06 18:20:32,795 - WARNING -   ✗ Could not fetch case from any URL
2025-12-06 18:20:32,795 - INFO - 
[26/2500] Processing G.R. No. 139565
2025-12-06 18:20:32,795 - INFO -   Title: Baltazar N. Endriga, et al. vs. Armita B. Rufino, et al....
2025-12-06 18:20:33,619 - WARNING -   ✗ Could not fetch case from any URL
2025-12-06 18:20:33,619 - INFO - 
[27/2500] Processing G.R. No. 140857
2025-12-06 18:20:33,619 - INFO -   Title: CityTrust Investment Phils. vs. Asianbank Corp...
2025-12-06 18:20:34,442 - WARNING -   ✗ Could not fetch case from any URL
2025-12-06 18:20:34,442 - INFO - 
[28/2500] Processing G.R. No. 141174
2025-12-06 18:20:34,442 - INFO -   Title: Aladdin F. Trinidad, et al. vs. Republic of the Philippines...
2025-12-06 18:20:35,806 - WARNING -   ✗ Could not fetch case from any URL
2025-12-06 18:20:35,806 - INFO - 
[29/2500] Processing G.R. No. 143177
2025-12-06 18:20:35,806 - INFO -   Title: New World Properties etc. vs. Advances Foundation Constructi...
2025-12-06 18:20:36,613 - WARNING -   ✗ Could not fetch case from any URL
2025-12-06 18:20:36,613 - INFO - 
[30/2500] Processing G.R. No. 144300
2025-12-06 18:20:36,613 - INFO -   Title: South Pacific Plastic Mfg. Corp vs. the Manila Electric Co....
2025-12-06 18:20:37,416 - WARNING -   ✗ Could not fetch case from any URL
2025-12-06 18:20:37,416 - INFO - 
[31/2500] Processing G.R. No. 145844
2025-12-06 18:20:37,416 - INFO -   Title: Nagkahiusang Namumuo sa Dasuceco-National et al. vs. Davao S...
2025-12-06 18:20:38,217 - WARNING -   ✗ Could not fetch case from any URL
2025-12-06 18:20:38,217 - INFO - 
[32/2500] Processing G.R. No. 146295
2025-12-06 18:20:38,217 - INFO -   Title: Pepsi-Cola Products Phil., Inc. vs. Court of Appeals, et al....
2025-12-06 18:20:39,019 - WARNING -   ✗ Could not fetch case from any URL
2025-12-06 18:20:39,019 - INFO - 
[33/2500] Processing G.R. No. 151991
2025-12-06 18:20:39,019 - INFO -   Title: Trans-asia Shipping Lines, Inc. vs. Prudential Guarantee and...
2025-12-06 18:20:39,823 - WARNING -   ✗ Could not fetch case from any URL
2025-12-06 18:20:39,823 - INFO - 
[34/2500] Processing G.R. No. 152619
2025-12-06 18:20:39,823 - INFO -   Title: Balite Communal Portal Mining Cooperative vs. Southeast Mind...
2025-12-06 18:20:40,627 - WARNING -   ✗ Could not fetch case from any URL
2025-12-06 18:20:40,628 - INFO - 
[35/2500] Processing G.R. No. 152870
2025-12-06 18:20:40,628 - INFO -   Title: Mines Adjucation Board & its Members vs. Southeast Mindanao ...
2025-12-06 18:20:41,432 - WARNING -   ✗ Could not fetch case from any URL
2025-12-06 18:20:41,433 - INFO - 
[36/2500] Processing G.R. No. 154694
2025-12-06 18:20:41,433 - INFO -   Title: Republic of the Philippines vs. R.A.B. Realty, Inc., et. al....
2025-12-06 18:20:42,235 - WARNING -   ✗ Could not fetch case from any URL
2025-12-06 18:20:42,236 - INFO - 
[37/2500] Processing G.R. No. 155554
2025-12-06 18:20:42,236 - INFO -   Title: Republic of the Philippines vs. Mario N. Misa, et. al....
2025-12-06 18:20:43,049 - WARNING -   ✗ Could not fetch case from any URL
2025-12-06 18:20:43,049 - INFO - 
[38/2500] Processing G.R. No. 155711
2025-12-06 18:20:43,049 - INFO -   Title: Republic of the Philippines vs. Alberto De Los Reyes, et. al...
2025-12-06 18:20:43,854 - WARNING -   ✗ Could not fetch case from any URL
2025-12-06 18:20:43,854 - INFO - 
[39/2500] Processing G.R. No. 156481
2025-12-06 18:20:43,854 - INFO -   Title: Civil Service Commission vs. Camilo P. Cabili, et al....
2025-12-06 18:20:44,657 - WARNING -   ✗ Could not fetch case from any URL
2025-12-06 18:20:44,657 - INFO - 
[40/2500] Processing G.R. No. 158276
2025-12-06 18:20:44,657 - INFO -   Title: Bagong Nagkakaisang Lakas sa Nissan Motors Phils., Inc. vs. ...
2025-12-06 18:20:45,459 - WARNING -   ✗ Could not fetch case from any URL
2025-12-06 18:20:45,459 - INFO - 
[41/2500] Processing G.R. No. 158687
2025-12-06 18:20:45,459 - INFO -   Title: Frisco F. Domalsin vs. Spouses Juanito Valenciano and Amalia...
2025-12-06 18:20:46,010 - INFO -   Case already exists: RESTRUCTURED_DB/2006/jan/158687.json
2025-12-06 18:20:46,510 - INFO - 
[42/2500] Processing G.R. No. 160179
2025-12-06 18:20:46,510 - INFO -   Title: Republic of the Philippines vs. Bank of the Philippine Islan...
2025-12-06 18:20:47,315 - WARNING -   ✗ Could not fetch case from any URL
2025-12-06 18:20:47,315 - INFO - 
[43/2500] Processing G.R. No. 163881
2025-12-06 18:20:47,315 - INFO -   Title: Metro Transit Organization, Inc. vs. Court of Appeals, et al...
2025-12-06 18:20:48,119 - WARNING -   ✗ Could not fetch case from any URL
2025-12-06 18:20:48,120 - INFO - 
[44/2500] Processing G.R. No. 165165
2025-12-06 18:20:48,120 - INFO -   Title: Sps. Johnny Lucero & Nona Ariete vs. Heirs of Estanislao Mil...
2025-12-06 18:20:48,924 - WARNING -   ✗ Could not fetch case from any URL
2025-12-06 18:20:48,924 - INFO - 
[45/2500] Processing G.R. No. 166326
2025-12-06 18:20:48,924 - INFO -   Title: Esmeraldo Rivera, et al. vs. People of the Philippines...
2025-12-06 18:20:49,129 - INFO -   Case already exists: RESTRUCTURED_DB/2006/jan/166326.json
2025-12-06 18:20:49,629 - INFO - 
[46/2500] Processing G.R. No. 166546
2025-12-06 18:20:49,629 - INFO -   Title: People of the Philippines vs. Rogelio Arsayo y Lavaquiz...
2025-12-06 18:20:50,432 - WARNING -   ✗ Could not fetch case from any URL
2025-12-06 18:20:50,432 - INFO - 
[47/2500] Processing G.R. No. 166891
2025-12-06 18:20:50,432 - INFO -   Title: Abdusakur M. Tan, et al. vs. Commission on Elections, et al....
2025-12-06 18:20:51,237 - WARNING -   ✗ Could not fetch case from any URL
2025-12-06 18:20:51,237 - INFO - 
[48/2500] Processing G.R. No. 168737
2025-12-06 18:20:51,238 - INFO -   Title: People of the Philippines vs. Edgardo Barcena y Poca...
2025-12-06 18:20:51,614 - INFO -   Case already exists: RESTRUCTURED_DB/2006/feb/168237.json
2025-12-06 18:20:52,114 - INFO - 
[49/2500] Processing G.R. No. 169083
2025-12-06 18:20:52,114 - INFO -   Title: People of the Philippines vs. Ardel Canuto...
2025-12-06 18:20:52,916 - WARNING -   ✗ Could not fetch case from any URL
2025-12-06 18:20:52,916 - INFO - 
[50/2500] Processing G.R. No. 170191
2025-12-06 18:20:52,916 - INFO -   Title: People of the Philippines vs. Rodolfo Suyu, et al....
2025-12-06 18:20:53,719 - WARNING -   ✗ Could not fetch case from any URL
2025-12-06 18:20:53,719 - INFO - 
[51/2500] Processing G.R. No. 170220
2025-12-06 18:20:53,719 - INFO -   Title: Josefina S. Lubrica vs. Land Bank of the Philippines...
2025-12-06 18:20:53,924 - INFO -   Case already exists: RESTRUCTURED_DB/2006/nov/170220.json
2025-12-06 18:20:54,424 - INFO - 
[52/2500] Processing G.R. No. 170470
2025-12-06 18:20:54,424 - INFO -   Title: People vs. Edna Malngan Mayo...
2025-12-06 18:20:55,229 - WARNING -   ✗ Could not fetch case from any URL
2025-12-06 18:20:55,229 - INFO - 
[53/2500] Processing G.R. No. 170474
2025-12-06 18:20:55,229 - INFO -   Title: People of the Phil. vs. Alex Candaza y Calvadores...
2025-12-06 18:20:56,035 - WARNING -   ✗ Could not fetch case from any URL
2025-12-06 18:20:56,035 - INFO - 
[54/2500] Processing G.R. No. 171400
2025-12-06 18:20:56,035 - INFO -   Title: Alternative Law Groups, Inc. vs. Ermita, Senga & Lomibao...
2025-12-06 18:20:56,842 - WARNING -   ✗ Could not fetch case from any URL
2025-12-06 18:20:56,842 - INFO - 
[55/2500] Processing G.R. No. 171409
2025-12-06 18:20:56,842 - INFO -   Title: Niñez Cacho-Olivares & Tribune Publishing Co., Inc. vs. Ermi...
2025-12-06 18:20:57,648 - WARNING -   ✗ Could not fetch case from any URL
2025-12-06 18:20:57,649 - INFO - 
[56/2500] Processing G.R. No. 171424
2025-12-06 18:20:57,649 - INFO -   Title: Loren Legarda vs. Pres. Gloria Macapagal-Arroyo, et al....
2025-12-06 18:20:58,893 - WARNING -   ✗ Could not fetch case from any URL
2025-12-06 18:20:58,894 - INFO - 
[57/2500] Processing G.R. No. 171483
2025-12-06 18:20:58,894 - INFO -   Title: Kilusang Mayo Uno, et al. vs. Pres. Gloria Macapagal-Arroyo,...
2025-12-06 18:20:59,702 - WARNING -   ✗ Could not fetch case from any URL
2025-12-06 18:20:59,703 - INFO - 
[58/2500] Processing G.R. No. 171485
2025-12-06 18:20:59,703 - INFO -   Title: Francis Joseph G. Escudero, et al. vs. Eduardo R. Ermita, et...
2025-12-06 18:21:00,505 - WARNING -   ✗ Could not fetch case from any URL
2025-12-06 18:21:00,505 - INFO - 
[59/2500] Processing G.R. No. 171489
2025-12-06 18:21:00,505 - INFO -   Title: Jose Anselmo I. Cadiz, et al. vs. Ermita, Senga & Lomibao...
2025-12-06 18:21:01,306 - WARNING -   ✗ Could not fetch case from any URL
2025-12-06 18:21:01,306 - INFO - 
[60/2500] Processing G.R. No. 200487
2025-12-06 18:21:01,306 - INFO -   Title: Biggs Inc. vs. Jay Boncacas, et al./Junnie Arines, et al. v...
2025-12-06 18:21:02,106 - WARNING -   ✗ Could not fetch case from any URL
2025-12-06 18:21:02,106 - INFO - 
[61/2500] Processing G.R. No. 200612
2025-12-06 18:21:02,106 - INFO -   Title: Rafael C. Uy vs. Estate of Vipa Fernandez...
2025-12-06 18:21:02,904 - WARNING -   ✗ Could not fetch case from any URL
2025-12-06 18:21:02,905 - INFO - 
[62/2500] Processing G.R. No. 200676
2025-12-06 18:21:02,905 - INFO -   Title: Spoues Luis G. Batalla and Salvacion Batalla vs. Prudential ...
2025-12-06 18:21:03,702 - WARNING -   ✗ Could not fetch case from any URL
2025-12-06 18:21:03,703 - INFO - 
[63/2500] Processing G.R. No. 126467
2025-12-06 18:21:03,703 - INFO -   Title: Natividad & Enrique Agana vs. Juan Fuentes...
2025-12-06 18:21:04,501 - WARNING -   ✗ Could not fetch case from any URL
2025-12-06 18:21:04,501 - INFO - 
[64/2500] Processing G.R. No. 127590
2025-12-06 18:21:04,501 - INFO -   Title: Miguel Ampil vs. Natividad Agana, et al....
2025-12-06 18:21:05,302 - WARNING -   ✗ Could not fetch case from any URL
2025-12-06 18:21:05,302 - INFO - 
[65/2500] Processing G.R. No. 131913
2025-12-06 18:21:05,302 - INFO -   Title: Sps. D. Guinyawan etc. vs. L. Ayogat et al....
2025-12-06 18:21:05,679 - INFO -   Case already exists: RESTRUCTURED_DB/2007/jun/163663.json
2025-12-06 18:21:06,179 - INFO - 
[66/2500] Processing G.R. No. 134029
2025-12-06 18:21:06,179 - INFO -   Title: Rodolfo San Luis vs. Felecidad Sagalongos...
2025-12-06 18:21:06,979 - WARNING -   ✗ Could not fetch case from any URL
2025-12-06 18:21:06,979 - INFO - 
[67/2500] Processing G.R. No. 135688
2025-12-06 18:21:06,979 - INFO -   Title: Ernesto B. Francisco, Jr. vs. Uem-Mara Phil. Corp., et al....
2025-12-06 18:21:07,355 - INFO -   Case already exists: RESTRUCTURED_DB/2007/oct/159245.json
2025-12-06 18:21:07,856 - INFO - 
[68/2500] Processing G.R. No. 137355
2025-12-06 18:21:07,856 - INFO -   Title: Eugen U. Caballero, et al. vs. Sandiganbayan, et al....
2025-12-06 18:21:08,232 - INFO -   Case already exists: RESTRUCTURED_DB/2007/sep/83754.json
2025-12-06 18:21:08,732 - INFO - 
[69/2500] Processing G.R. No. 140836
2025-12-06 18:21:08,732 - INFO -   Title: Iligan Bay Mfg. Corp. et al vs. Henry Dy....
2025-12-06 18:21:09,109 - INFO -   Case already exists: RESTRUCTURED_DB/2007/jun/119247.json
2025-12-06 18:21:09,610 - INFO - 
[70/2500] Processing G.R. No. 142732
2025-12-06 18:21:09,610 - INFO -   Title: Marilou S. Genuino vs. National Labor Relations Commission, ...
2025-12-06 18:21:09,986 - INFO -   Case already exists: RESTRUCTURED_DB/2007/dec/118023.json
2025-12-06 18:21:10,487 - INFO - 
[71/2500] Processing G.R. No. 145743
2025-12-06 18:21:10,487 - INFO -   Title: Antonio P. Calingin vs. Aniano A. Desierto, et al....
2025-12-06 18:21:10,690 - INFO -   Case already exists: RESTRUCTURED_DB/2007/aug/166062.json
2025-12-06 18:21:11,190 - INFO - 
[72/2500] Processing G.R. No. 149158
2025-12-06 18:21:11,190 - INFO -   Title: Kimberly Independent Labour Union for Solidarity, et al. vs....
2025-12-06 18:21:11,567 - INFO -   Case already exists: RESTRUCTURED_DB/2007/jul/156668.json
2025-12-06 18:21:12,067 - INFO - 
[73/2500] Processing G.R. No. 150329
2025-12-06 18:21:12,067 - INFO -   Title: Ronald K. Go, et al. vs. the Hon. Sandiganbayan, et al....
2025-12-06 18:21:12,270 - INFO -   Case already exists: RESTRUCTURED_DB/2007/sep/116526.json
2025-12-06 18:21:12,770 - INFO - 
[74/2500] Processing G.R. No. 152505
2025-12-06 18:21:12,771 - INFO -   Title: Prudential Guarantee & Assurance Inc. vs. Equinox Land Corpo...
2025-12-06 18:21:12,974 - INFO -   Case already exists: RESTRUCTURED_DB/2007/sep/132358.json
2025-12-06 18:21:13,474 - INFO - 
[75/2500] Processing G.R. No. 152687
2025-12-06 18:21:13,474 - INFO -   Title: Ernesto V. Yu, et al. vs. the Court of Appeals, et al....
2025-12-06 18:21:14,279 - WARNING -   ✗ Could not fetch case from any URL
2025-12-06 18:21:14,279 - INFO - 
[76/2500] Processing G.R. No. 153584
2025-12-06 18:21:14,279 - INFO -   Title: Benigno Mariano, Jr. vs. National Labor Relations Commission...
2025-12-06 18:21:15,078 - WARNING -   ✗ Could not fetch case from any URL
2025-12-06 18:21:15,078 - INFO - 
[77/2500] Processing G.R. No. 154014
2025-12-06 18:21:15,078 - INFO -   Title: Silot Bay Fisherman's Asso. Inc. vs. Republic of the Philipp...
2025-12-06 18:21:15,877 - WARNING -   ✗ Could not fetch case from any URL
2025-12-06 18:21:15,877 - INFO - 
[78/2500] Processing G.R. No. 154150
2025-12-06 18:21:15,877 - INFO -   Title: Nida Alejo, et al. vs. the Hon. Judge Erlinda Pestano-Buted,...
2025-12-06 18:21:16,080 - INFO -   Case already exists: RESTRUCTURED_DB/2007/dec/139381.json
2025-12-06 18:21:16,580 - INFO - 
[79/2500] Processing G.R. No. 155409
2025-12-06 18:21:16,580 - INFO -   Title: V. Maquilan vs. D. Maquilan....
2025-12-06 18:21:16,955 - INFO -   Case already exists: RESTRUCTURED_DB/2007/jun/139676.json
2025-12-06 18:21:17,455 - INFO - 
[80/2500] Processing G.R. No. 156542
2025-12-06 18:21:17,455 - INFO -   Title: Candelaria Q. Da Yot vs. Shell Chemical Co., Inc....
2025-12-06 18:21:17,832 - INFO -   Case already exists: RESTRUCTURED_DB/2007/jun/141523.json
2025-12-06 18:21:18,332 - INFO - 
[81/2500] Processing G.R. No. 156605
2025-12-06 18:21:18,332 - INFO -   Title: Edward T. Marcelo, et al. vs. Sandiganbayan, et al....
2025-12-06 18:21:18,711 - INFO -   Case already exists: RESTRUCTURED_DB/2007/aug/156505.json
2025-12-06 18:21:19,211 - INFO - 
[82/2500] Processing G.R. No. 156689
2025-12-06 18:21:19,211 - INFO -   Title: R. Dimaculangan vs. G. Casalla....
2025-12-06 18:21:19,415 - INFO -   Case already exists: RESTRUCTURED_DB/2007/jun/156752.json
2025-12-06 18:21:19,915 - INFO - 
[83/2500] Processing G.R. No. 157057
2025-12-06 18:21:19,915 - INFO -   Title: Leonidas Epifanio y Lazaro vs. People of the Phil....
2025-12-06 18:21:20,119 - INFO -   Case already exists: RESTRUCTURED_DB/2007/jun/143380.json
2025-12-06 18:21:20,619 - INFO - 
[84/2500] Processing G.R. No. 157370
2025-12-06 18:21:20,619 - INFO -   Title: R. P. Ortiz vs. Court of Appeals, et al....
2025-12-06 18:21:20,822 - INFO -   Case already exists: RESTRUCTURED_DB/2007/jun/142051.json
2025-12-06 18:21:21,322 - INFO - 
[85/2500] Processing G.R. No. 157975
2025-12-06 18:21:21,322 - INFO -   Title: Phil. Transmarine Carriers, Inc. vs. Felicisimo Carilla....
2025-12-06 18:21:21,699 - INFO -   Case already exists: RESTRUCTURED_DB/2007/jun/148893.json
2025-12-06 18:21:22,199 - INFO - 
[86/2500] Processing G.R. No. 158053
2025-12-06 18:21:22,199 - INFO -   Title: Edwin Razon y Lucea vs. People of the Phil....
2025-12-06 18:21:22,577 - INFO -   Case already exists: RESTRUCTURED_DB/2007/jun/147011.json
2025-12-06 18:21:23,077 - INFO - 
[87/2500] Processing G.R. No. 158643
2025-12-06 18:21:23,077 - INFO -   Title: Rosa Baricua, et al. vs. Romeo Caballero, et al....
2025-12-06 18:21:23,281 - INFO -   Case already exists: RESTRUCTURED_DB/2007/jun/151922.json
2025-12-06 18:21:23,781 - INFO - 
[88/2500] Processing G.R. No. 158786
2025-12-06 18:21:23,781 - INFO -   Title: Toyota Motor Phils. Corp. Workers Asso., et al. vs. National...
2025-12-06 18:21:24,334 - INFO -   Case already exists: RESTRUCTURED_DB/2007/oct/102672.json
2025-12-06 18:21:24,835 - INFO - 
[89/2500] Processing G.R. No. 159104
2025-12-06 18:21:24,835 - INFO -   Title: Rodolfo M. Cuenca, et al. vs. the PCGG, et al....
2025-12-06 18:21:25,041 - INFO -   Case already exists: RESTRUCTURED_DB/2007/oct/13516.json
2025-12-06 18:21:25,541 - INFO - 
[90/2500] Processing G.R. No. 159153
2025-12-06 18:21:25,541 - INFO -   Title: Isidro Anadon, et al. vs. Miguelina Herrera, et al....
2025-12-06 18:21:25,744 - INFO -   Case already exists: RESTRUCTURED_DB/2007/jul/159253.json
2025-12-06 18:21:26,244 - INFO - 
[91/2500] Processing G.R. No. 159222
2025-12-06 18:21:26,245 - INFO -   Title: People of the Philippines vs. Rafael Bitanga....
2025-12-06 18:21:26,621 - INFO -   Case already exists: RESTRUCTURED_DB/2007/jun/147995.json
2025-12-06 18:21:27,121 - INFO - 
[92/2500] Processing G.R. No. 163793
2025-12-06 18:21:27,122 - INFO -   Title: Philippine Long Distance Telephone Co. vs. Ernesto Borje...
2025-12-06 18:21:27,924 - WARNING -   ✗ Could not fetch case from any URL
2025-12-06 18:21:27,924 - INFO - 
[93/2500] Processing G.R. No. 164173
2025-12-06 18:21:27,924 - INFO -   Title: Rodolfo S. De Jesus vs. Hon. Sandiganbayan, et al....
2025-12-06 18:21:28,727 - WARNING -   ✗ Could not fetch case from any URL
2025-12-06 18:21:28,727 - INFO - 
[94/2500] Processing G.R. No. 165665
2025-12-06 18:21:28,727 - INFO -   Title: The Hon. A. Romulo, et al. vs. the Hon. Judge Eduardo B. Per...
2025-12-06 18:21:29,529 - WARNING -   ✗ Could not fetch case from any URL
2025-12-06 18:21:29,530 - INFO - 
[95/2500] Processing G.R. No. 167006
2025-12-06 18:21:29,530 - INFO -   Title: Danilo D. Collantes vs. Hon. Simeon Marcelo, et al....
2025-12-06 18:21:29,905 - INFO -   Case already exists: RESTRUCTURED_DB/2007/aug/164664.json
2025-12-06 18:21:30,405 - INFO - 
[96/2500] Processing G.R. No. 167006
2025-12-06 18:21:30,405 - INFO -   Title: Danilo D. Collantes vs. Hon. Simeon Marcelo, et al....
2025-12-06 18:21:30,781 - INFO -   Case already exists: RESTRUCTURED_DB/2007/aug/164664.json
2025-12-06 18:21:31,281 - INFO - 
[97/2500] Processing G.R. No. 167335
2025-12-06 18:21:31,281 - INFO -   Title: Dr. Ulysses A. Brito vs. Office of the Deputy Ombudsman for ...
2025-12-06 18:21:31,658 - INFO -   Case already exists: RESTRUCTURED_DB/2007/jul/173152.json
2025-12-06 18:21:32,158 - INFO - 
[98/2500] Processing G.R. No. 167829
2025-12-06 18:21:32,158 - INFO -   Title: Filipinas (Pre-Fab Bldg.) Systems, Inc. vs. MRT Devt., Corp....
2025-12-06 18:21:32,537 - INFO -   Case already exists: RESTRUCTURED_DB/2007/nov/150978.json
2025-12-06 18:21:33,037 - INFO - 
[99/2500] Processing G.R. No. 167994
2025-12-06 18:21:33,037 - INFO -   Title: Jorge Gonzales vs. Hon. Oscar B. Pimentel, et al....
2025-12-06 18:21:33,838 - WARNING -   ✗ Could not fetch case from any URL
2025-12-06 18:21:33,838 - INFO - 
[100/2500] Processing G.R. No. 168069
2025-12-06 18:21:33,838 - INFO -   Title: Albert Cordero Sy vs. People of the Philippines...
2025-12-06 18:21:34,638 - WARNING -   ✗ Could not fetch case from any URL
2025-12-06 18:21:34,639 - INFO - 
[101/2500] Processing G.R. No. 168543
2025-12-06 18:21:34,639 - INFO -   Title: Jaime Tan vs. People of the Philippines...
2025-12-06 18:21:35,438 - WARNING -   ✗ Could not fetch case from any URL
2025-12-06 18:21:35,438 - INFO - 
[102/2500] Processing G.R. No. 170577
2025-12-06 18:21:35,438 - INFO -   Title: Anthony D. Dee vs. Commission on Election, et al....
2025-12-06 18:21:36,794 - WARNING -   ✗ Could not fetch case from any URL
2025-12-06 18:21:36,794 - INFO - 
[103/2500] Processing G.R. No. 170602
2025-12-06 18:21:36,794 - INFO -   Title: Manuel V. Baviera vs. Standard Chartered Bank, et al....
2025-12-06 18:21:37,614 - WARNING -   ✗ Could not fetch case from any URL
2025-12-06 18:21:37,614 - INFO - 
[104/2500] Processing G.R. No. 170628
2025-12-06 18:21:37,614 - INFO -   Title: NAPOCOR vs. Local Board of Assessment Appeals of Batangas, e...
2025-12-06 18:21:38,434 - WARNING -   ✗ Could not fetch case from any URL
2025-12-06 18:21:38,434 - INFO - 
[105/2500] Processing G.R. No. 171354
2025-12-06 18:21:38,434 - INFO -   Title: Marylou B. Tolentino, M.D. vs. Court of Appeals, et al....
2025-12-06 18:21:38,818 - INFO -   Case already exists: RESTRUCTURED_DB/2007/mar/171354.json
2025-12-06 18:21:39,319 - INFO - 
[106/2500] Processing G.R. No. 175013
2025-12-06 18:21:39,319 - INFO -   Title: Crispin B. Beltran vs. People of the Philippines, et al....
2025-12-06 18:21:40,138 - WARNING -   ✗ Could not fetch case from any URL
2025-12-06 18:21:40,138 - INFO - 
[107/2500] Processing G.R. No. 175181
2025-12-06 18:21:40,138 - INFO -   Title: Metropolitan Bank & Trust Co. Inc. vs. SLGT Holdings, Inc., ...
2025-12-06 18:21:40,522 - INFO -   Case already exists: RESTRUCTURED_DB/2007/sep/104528.json
2025-12-06 18:21:41,023 - INFO - 
[108/2500] Processing G.R. No. 176349
2025-12-06 18:21:41,023 - INFO -   Title: People of the Philippines vs. Orlando Ubina y Aggalut...
2025-12-06 18:21:41,407 - INFO -   Case already exists: RESTRUCTURED_DB/2007/jul/176359.json
2025-12-06 18:21:41,907 - INFO - 
[109/2500] Processing G.R. No. 177314
2025-12-06 18:21:41,908 - INFO -   Title: Loretta Ann P. Rosales vs. Commission on Election...
2025-12-06 18:21:42,725 - WARNING -   ✗ Could not fetch case from any URL
2025-12-06 18:21:42,725 - INFO - 
[110/2500] Processing G.R. No. 200774
2025-12-06 18:21:42,725 - INFO -   Title: German Marine Agencies, Inc., et al. vs. Teodolah R. Caro...
2025-12-06 18:21:43,544 - WARNING -   ✗ Could not fetch case from any URL
2025-12-06 18:21:43,544 - INFO - 
[111/2500] Processing G.R. No. 160811
2025-12-06 18:21:43,544 - INFO -   Title: Ricky Bastian vs. Hon. Court of Appeals, et al....
2025-12-06 18:21:43,929 - INFO -   Case already exists: RESTRUCTURED_DB/2008/apr/160811.json
2025-12-06 18:21:44,429 - INFO - 
[112/2500] Processing G.R. No. 165318
2025-12-06 18:21:44,429 - INFO -   Title: Amando A. Pontaoe and Dr. Alejandro G. Pontaoe vs. Teodora A...
2025-12-06 18:21:45,247 - WARNING -   ✗ Could not fetch case from any URL
2025-12-06 18:21:45,248 - INFO - 
[113/2500] Processing G.R. No. 174649
2025-12-06 18:21:45,248 - INFO -   Title: Leopoldo Jeremias, et al. vs. the Estate of the Late Irene P...
2025-12-06 18:21:46,065 - WARNING -   ✗ Could not fetch case from any URL
2025-12-06 18:21:46,065 - INFO - 
[114/2500] Processing G.R. No. 178628
2025-12-06 18:21:46,066 - INFO -   Title: Bai Sandra S. A. Sema vs. Commission on Elections and Didage...
2025-12-06 18:21:46,881 - WARNING -   ✗ Could not fetch case from any URL
2025-12-06 18:21:46,882 - INFO - 
[115/2500] Processing G.R. No. 20089
2025-12-06 18:21:46,882 - INFO -   Title: Beatriz P. Wassmer, vs. Francisco X. Velez...
2025-12-06 18:21:47,699 - WARNING -   ✗ Could not fetch case from any URL
2025-12-06 18:21:47,699 - INFO - 
[116/2500] Processing G.R. No. 124557
2025-12-06 18:21:47,699 - INFO -   Title: Commissioner of Internal Revenue vs. Court of Appeals, et al...
2025-12-06 18:21:48,516 - WARNING -   ✗ Could not fetch case from any URL
2025-12-06 18:21:48,516 - INFO - 
[117/2500] Processing G.R. No. 131469
2025-12-06 18:21:48,516 - INFO -   Title: Tala Realy Services Corp., et al. vs. Hon. Alicia B. Gonzale...
2025-12-06 18:21:49,335 - WARNING -   ✗ Could not fetch case from any URL
2025-12-06 18:21:49,335 - INFO - 
[118/2500] Processing G.R. No. 140745
2025-12-06 18:21:49,335 - INFO -   Title: City Government of Tagaytay vs. Hon. Eleuterio F. Guerrero, ...
2025-12-06 18:21:50,152 - WARNING -   ✗ Could not fetch case from any URL
2025-12-06 18:21:50,153 - INFO - 
[119/2500] Processing G.R. No. 141018
2025-12-06 18:21:50,153 - INFO -   Title: Associated Citizens Bank vs. BA Finance Corporation, et al....
2025-12-06 18:21:50,970 - WARNING -   ✗ Could not fetch case from any URL
2025-12-06 18:21:50,970 - INFO - 
[120/2500] Processing G.R. No. 141451
2025-12-06 18:21:50,970 - INFO -   Title: Ameurfina Melencio-Herrera, et al. vs. Hon. Eleuterio F. Gue...
2025-12-06 18:21:51,790 - WARNING -   ✗ Could not fetch case from any URL
2025-12-06 18:21:51,790 - INFO - 
[121/2500] Processing G.R. No. 152619
2025-12-06 18:21:51,790 - INFO -   Title: Balite Communal Portal Mining Cooperative vs. Southest Minda...
2025-12-06 18:21:52,606 - WARNING -   ✗ Could not fetch case from any URL
2025-12-06 18:21:52,606 - INFO - 
[122/2500] Processing G.R. No. 152870
2025-12-06 18:21:52,606 - INFO -   Title: The Mines Adjudication Board and Its Members, vs. Southest M...
2025-12-06 18:21:53,424 - WARNING -   ✗ Could not fetch case from any URL
2025-12-06 18:21:53,424 - INFO - 
[123/2500] Processing G.R. No. 155171
2025-12-06 18:21:53,424 - INFO -   Title: Nancy L. Ty vs. Hon. Wenceslao E. Ebabao, etc. et al....
2025-12-06 18:21:54,242 - WARNING -   ✗ Could not fetch case from any URL
2025-12-06 18:21:54,242 - INFO - 
[124/2500] Processing G.R. No. 155201
2025-12-06 18:21:54,242 - INFO -   Title: Tala Realy Services Corp., et al. vs.Banco Filipino Savings ...
2025-12-06 18:21:55,060 - WARNING -   ✗ Could not fetch case from any URL
2025-12-06 18:21:55,060 - INFO - 
[125/2500] Processing G.R. No. 155573
2025-12-06 18:21:55,060 - INFO -   Title: Photokina Marketing Corporation vs. Alfredo L. Benipayo...
2025-12-06 18:21:55,879 - WARNING -   ✗ Could not fetch case from any URL
2025-12-06 18:21:55,879 - INFO - 
[126/2500] Processing G.R. No. 157381
2025-12-06 18:21:55,879 - INFO -   Title: Paterno Lu Ym, Sr., et al. vs. David Lu...
2025-12-06 18:21:56,698 - WARNING -   ✗ Could not fetch case from any URL
2025-12-06 18:21:56,698 - INFO - 
[127/2500] Processing G.R. No. 158252
2025-12-06 18:21:56,698 - INFO -   Title: Philippine Ports Authority vs. Remedios Rosales-Bondoc, et a...
2025-12-06 18:21:57,516 - WARNING -   ✗ Could not fetch case from any URL
2025-12-06 18:21:57,516 - INFO - 
[128/2500] Processing G.R. No. 162047
2025-12-06 18:21:57,516 - INFO -   Title: Joyce Y. Lim, represented by her attorney-in-fact Bernardo M...
2025-12-06 18:21:58,334 - WARNING -   ✗ Could not fetch case from any URL
2025-12-06 18:21:58,334 - INFO - 
[129/2500] Processing G.R. No. 164516
2025-12-06 18:21:58,334 - INFO -   Title: PICOP Resources, Inc. vs. Hon. Heherson T. Alavarez...
2025-12-06 18:21:59,152 - WARNING -   ✗ Could not fetch case from any URL
2025-12-06 18:21:59,152 - INFO - 
[130/2500] Processing G.R. No. 166086
2025-12-06 18:21:59,152 - INFO -   Title: Eleno T. Regidor, Jr. et al. vs. People of the Philippines, ...
2025-12-06 18:22:00,394 - WARNING -   ✗ Could not fetch case from any URL
2025-12-06 18:22:00,394 - INFO - 
[131/2500] Processing G.R. No. 166200
2025-12-06 18:22:00,394 - INFO -   Title: Philippine Ports Authority vs. Hon. Paterno Tac-an, et al.,...
2025-12-06 18:22:01,216 - WARNING -   ✗ Could not fetch case from any URL
2025-12-06 18:22:01,216 - INFO - 
[132/2500] Processing G.R. No. 166481
2025-12-06 18:22:01,216 - INFO -   Title: Clarita P. Navarro vs. Metropolitan Bank & Trust Company...
2025-12-06 18:22:02,036 - WARNING -   ✗ Could not fetch case from any URL
2025-12-06 18:22:02,037 - INFO - 
[133/2500] Processing G.R. No. 166608
2025-12-06 18:22:02,037 - INFO -   Title: Tala Realy Services Corp., et al. vs. Banco Filipino Savings...
2025-12-06 18:22:02,858 - WARNING -   ✗ Could not fetch case from any URL
2025-12-06 18:22:02,858 - INFO - 
[134/2500] Processing G.R. No. 166880
2025-12-06 18:22:02,858 - INFO -   Title: Felix T. Ripalda, et al. vs. People of the Philippines...
2025-12-06 18:22:03,683 - WARNING -   ✗ Could not fetch case from any URL
2025-12-06 18:22:03,684 - INFO - 
[135/2500] Processing G.R. No. 167088
2025-12-06 18:22:03,684 - INFO -   Title: Narcisa A. Grefiel vs. the Hon. Sandiganbayan, et al....
2025-12-06 18:22:04,505 - WARNING -   ✗ Could not fetch case from any URL
2025-12-06 18:22:04,505 - INFO - 
[136/2500] Processing G.R. No. 167505
2025-12-06 18:22:04,505 - INFO -   Title: Damayan ng mga manggagawang bukid sa asyenda Roxas-National ...
2025-12-06 18:22:05,325 - WARNING -   ✗ Could not fetch case from any URL
2025-12-06 18:22:05,325 - INFO - 
[137/2500] Processing G.R. No. 167540
2025-12-06 18:22:05,325 - INFO -   Title: Department of Land Reform, Formerly Department of Agrarian R...
2025-12-06 18:22:06,144 - WARNING -   ✗ Could not fetch case from any URL
2025-12-06 18:22:06,144 - INFO - 
[138/2500] Processing G.R. No. 167543
2025-12-06 18:22:06,144 - INFO -   Title: Katipunan ng mga Magbubukid sa Hacienda Roxas, Inc. (KAMAHAR...
2025-12-06 18:22:06,963 - WARNING -   ✗ Could not fetch case from any URL
2025-12-06 18:22:06,963 - INFO - 
[139/2500] Processing G.R. No. 167570
2025-12-06 18:22:06,963 - INFO -   Title: Jimmy T. Go vs. Luis T. Ramos...
2025-12-06 18:22:07,788 - WARNING -   ✗ Could not fetch case from any URL
2025-12-06 18:22:07,789 - INFO - 
[140/2500] Processing G.R. No. 168272
2025-12-06 18:22:07,789 - INFO -   Title: Rosalina Buenafe, et al. vs. Philippine Ports Authority,...
2025-12-06 18:22:08,607 - WARNING -   ✗ Could not fetch case from any URL
2025-12-06 18:22:08,607 - INFO - 
[141/2500] Processing G.R. No. 168897
2025-12-06 18:22:08,607 - INFO -   Title: E. Ganzon, Inc. vs. united Coconut Planters Bank, et al....
2025-12-06 18:22:09,427 - WARNING -   ✗ Could not fetch case from any URL
2025-12-06 18:22:09,427 - INFO - 
[142/2500] Processing G.R. No. 169019
2025-12-06 18:22:09,428 - INFO -   Title: Heirs of the late Jose Luzuriaga, etc., vs. Republic of the ...
2025-12-06 18:22:10,248 - WARNING -   ✗ Could not fetch case from any URL
2025-12-06 18:22:10,248 - INFO - 
[143/2500] Processing G.R. No. 169163
2025-12-06 18:22:10,248 - INFO -   Title: DAMBA-NFSW/DAMBANFSW), represented by Lauro Martin vs. Roxas...
2025-12-06 18:22:11,071 - WARNING -   ✗ Could not fetch case from any URL
2025-12-06 18:22:11,071 - INFO - 
[144/2500] Processing G.R. No. 169217
2025-12-06 18:22:11,071 - INFO -   Title: Cecilio C. Hernandez, Ma. Victoria C. Hernandez-Sagun and Te...
2025-12-06 18:22:11,893 - WARNING -   ✗ Could not fetch case from any URL
2025-12-06 18:22:11,894 - INFO - 
[145/2500] Processing G.R. No. 170621
2025-12-06 18:22:11,894 - INFO -   Title: Noel Rubber and Development Corp, et al. vs. Jose Esquivel, ...
2025-12-06 18:22:12,715 - WARNING -   ✗ Could not fetch case from any URL
2025-12-06 18:22:12,715 - INFO - 
[146/2500] Processing G.R. No. 170680
2025-12-06 18:22:12,715 - INFO -   Title: Fort Bonifacio Development Corp. vs. Commissioner of Interna...
2025-12-06 18:22:13,536 - WARNING -   ✗ Could not fetch case from any URL
2025-12-06 18:22:13,537 - INFO - 
[147/2500] Processing G.R. No. 170683
2025-12-06 18:22:13,537 - INFO -   Title: Philippine Ports Authority vs. Caroline B. Acosta, et al.,...
2025-12-06 18:22:14,359 - WARNING -   ✗ Could not fetch case from any URL
2025-12-06 18:22:14,359 - INFO - 
[148/2500] Processing G.R. No. 171875
2025-12-06 18:22:14,359 - INFO -   Title: Hon. Angelo T. Reyes vs. Paper Industries Corporation of the...
2025-12-06 18:22:15,181 - WARNING -   ✗ Could not fetch case from any URL
2025-12-06 18:22:15,181 - INFO - 
[149/2500] Processing G.R. No. 171946
2025-12-06 18:22:15,181 - INFO -   Title: Hon. Alipio F. Fernandez, etc., et al. vs. Jimmy T. Go a.k.a...
2025-12-06 18:22:16,008 - WARNING -   ✗ Could not fetch case from any URL
2025-12-06 18:22:16,008 - INFO - 
[150/2500] Processing G.R. No. 173163
2025-12-06 18:22:16,008 - INFO -   Title: Eastern Telecommunications Philippines Inc. vs. Atty. Virgil...
2025-12-06 18:22:16,830 - WARNING -   ✗ Could not fetch case from any URL
2025-12-06 18:22:16,831 - INFO - 
[151/2500] Processing G.R. No. 173607
2025-12-06 18:22:16,831 - INFO -   Title: Melchor G. Say and Josephine G. Say vs. Security Bank and Tr...
2025-12-06 18:22:17,659 - WARNING -   ✗ Could not fetch case from any URL
2025-12-06 18:22:17,659 - INFO - 
[152/2500] Processing G.R. No. 174166
2025-12-06 18:22:17,659 - INFO -   Title: Republic of the Philippines etc. et al. vs. Hon. Court of Ap...
2025-12-06 18:22:18,479 - WARNING -   ✗ Could not fetch case from any URL
2025-12-06 18:22:18,480 - INFO - 
[153/2500] Processing G.R. No. 174298
2025-12-06 18:22:18,480 - INFO -   Title: Sps. Simplicio and Mila Cuaresma vs. White Falcon Services, ...
2025-12-06 18:22:19,304 - WARNING -   ✗ Could not fetch case from any URL
2025-12-06 18:22:19,304 - INFO - 
[154/2500] Processing G.R. No. 174590
2025-12-06 18:22:19,304 - INFO -   Title: Lowe, Inc., et al. vs. Court of Appeals and Irma Mutuc...
2025-12-06 18:22:20,123 - WARNING -   ✗ Could not fetch case from any URL
2025-12-06 18:22:20,123 - INFO - 
[155/2500] Processing G.R. No. 175071
2025-12-06 18:22:20,123 - INFO -   Title: Philippine Stock Exchange, Inc. vs. Finvest Securities Co., ...
2025-12-06 18:22:21,383 - WARNING -   ✗ Could not fetch case from any URL
2025-12-06 18:22:21,383 - INFO - 
[156/2500] Processing G.R. No. 175467
2025-12-06 18:22:21,383 - INFO -   Title: Guido Catuiran y Necudemus vs. People of the Philippines...
2025-12-06 18:22:22,201 - WARNING -   ✗ Could not fetch case from any URL
2025-12-06 18:22:22,202 - INFO - 
[157/2500] Processing G.R. No. 176919
2025-12-06 18:22:22,202 - INFO -   Title: Filipinas (PREFAB) Systems, inc. vs. Continental Cement Corp...
2025-12-06 18:22:23,020 - WARNING -   ✗ Could not fetch case from any URL
2025-12-06 18:22:23,021 - INFO - 
[158/2500] Processing G.R. No. 177133
2025-12-06 18:22:23,021 - INFO -   Title: Citibank, N.A. vs. Spouses Azucena B. Corpuz and Renato S. C...
2025-12-06 18:22:23,838 - WARNING -   ✗ Could not fetch case from any URL
2025-12-06 18:22:23,838 - INFO - 
[159/2500] Processing G.R. No. 177731
2025-12-06 18:22:23,838 - INFO -   Title: Government Service Insurance System vs. Hon. Celso Laviña, P...
2025-12-06 18:22:24,663 - WARNING -   ✗ Could not fetch case from any URL
2025-12-06 18:22:24,663 - INFO - 
[160/2500] Processing G.R. No. 178097
2025-12-06 18:22:24,663 - INFO -   Title: Kumassie Plantation Company Incorporated vs. Land Bank of th...
2025-12-06 18:22:25,483 - WARNING -   ✗ Could not fetch case from any URL
2025-12-06 18:22:25,483 - INFO - 
[161/2500] Processing G.R. No. 178097
2025-12-06 18:22:25,483 - INFO -   Title: Kumassie Plantation Company Incorporated vs. Land Bank of th...
2025-12-06 18:22:26,305 - WARNING -   ✗ Could not fetch case from any URL
2025-12-06 18:22:26,305 - INFO - 
[162/2500] Processing G.R. No. 178935
2025-12-06 18:22:26,305 - INFO -   Title: Oscar A. Ojeda vs. People of the Philippines...
2025-12-06 18:22:27,126 - WARNING -   ✗ Could not fetch case from any URL
2025-12-06 18:22:27,126 - INFO - 
[163/2500] Processing G.R. No. 179120
2025-12-06 18:22:27,126 - INFO -   Title: Biraogo vs. Nograles, et al....
2025-12-06 18:22:27,948 - WARNING -   ✗ Could not fetch case from any URL
2025-12-06 18:22:27,948 - INFO - 
[164/2500] Processing G.R. No. 179120
2025-12-06 18:22:27,949 - INFO -   Title: Louis C. Biraogo vs. Hon. Prospero Nograles and Jocelyn C. L...
2025-12-06 18:22:28,768 - WARNING -   ✗ Could not fetch case from any URL
2025-12-06 18:22:28,768 - INFO - 
[165/2500] Processing G.R. No. 179295
2025-12-06 18:22:28,768 - INFO -   Title: Bayan Muna, et al. vs. Commission on Elections...
2025-12-06 18:22:29,587 - WARNING -   ✗ Could not fetch case from any URL
2025-12-06 18:22:29,588 - INFO - 
[166/2500] Processing G.R. No. 179319
2025-12-06 18:22:29,588 - INFO -   Title: Eugene C. Firaza vs. People of the Philippines...
2025-12-06 18:22:29,971 - INFO -   Case already exists: RESTRUCTURED_DB/2009/sep/179319.json
2025-12-06 18:22:30,472 - INFO - 
[167/2500] Processing G.R. No. 179404
2025-12-06 18:22:30,472 - INFO -   Title: Nataniel B. Juane vs. Iglesia Evangelisca Metodista En Las I...
2025-12-06 18:22:31,291 - WARNING -   ✗ Could not fetch case from any URL
2025-12-06 18:22:31,291 - INFO - 
[168/2500] Processing G.R. No. 179650
2025-12-06 18:22:31,291 - INFO -   Title: DAMBA-NFSW vs. Roxas & Co. Inc....
2025-12-06 18:22:32,109 - WARNING -   ✗ Could not fetch case from any URL
2025-12-06 18:22:32,109 - INFO - 
[169/2500] Processing G.R. No. 180209
2025-12-06 18:22:32,109 - INFO -   Title: Premier Shipping LInes, Inc. vs. National Power Corporation...
2025-12-06 18:22:32,928 - WARNING -   ✗ Could not fetch case from any URL
2025-12-06 18:22:32,929 - INFO - 
[170/2500] Processing G.R. No. 180674
2025-12-06 18:22:32,929 - INFO -   Title: Citinickel Mines and Development Corporation vs. Hon. Judge ...
2025-12-06 18:22:33,746 - WARNING -   ✗ Could not fetch case from any URL
2025-12-06 18:22:33,746 - INFO - 
[171/2500] Processing G.R. No. 180893
2025-12-06 18:22:33,746 - INFO -   Title: Pacific Wide Realty and Development Corporation vs. Puerto A...
2025-12-06 18:22:34,565 - WARNING -   ✗ Could not fetch case from any URL
2025-12-06 18:22:34,565 - INFO - 
[172/2500] Processing G.R. No. 180896
2025-12-06 18:22:34,565 - INFO -   Title: Pioneer Insurance and Surety Corporation vs. Keppel Cebu Shi...
2025-12-06 18:22:35,383 - WARNING -   ✗ Could not fetch case from any URL
2025-12-06 18:22:35,384 - INFO - 
[173/2500] Processing G.R. No. 181141
2025-12-06 18:22:35,384 - INFO -   Title: Platinum Group Metals Corporation vs. Citinickel Mines and D...
2025-12-06 18:22:36,204 - WARNING -   ✗ Could not fetch case from any URL
2025-12-06 18:22:36,205 - INFO - 
[174/2500] Processing G.R. No. 181141
2025-12-06 18:22:36,205 - INFO -   Title: Platinum Group of Metals vs. Citinickel Mines and Developmen...
2025-12-06 18:22:37,022 - WARNING -   ✗ Could not fetch case from any URL
2025-12-06 18:22:37,022 - INFO - 
[175/2500] Processing G.R. No. 181415
2025-12-06 18:22:37,022 - INFO -   Title: Finvest Securities, Co., Inc. vs. Trans-Phil Marine Ent., In...
2025-12-06 18:22:37,840 - WARNING -   ✗ Could not fetch case from any URL
2025-12-06 18:22:37,840 - INFO - 
[176/2500] Processing G.R. No. 181726
2025-12-06 18:22:37,840 - INFO -   Title: Alagad Party-list represented by Diogenes S. Osabel, Preside...
2025-12-06 18:22:38,657 - WARNING -   ✗ Could not fetch case from any URL
2025-12-06 18:22:38,657 - INFO - 
[177/2500] Processing G.R. No. 182001
2025-12-06 18:22:38,658 - INFO -   Title: Ofelia Caunan vs. People of the Philippines, et al....
2025-12-06 18:22:39,476 - WARNING -   ✗ Could not fetch case from any URL
2025-12-06 18:22:39,476 - INFO - 
[178/2500] Processing G.R. No. 182008
2025-12-06 18:22:39,476 - INFO -   Title: Santiago Cua, Sr., et al. vs. Court of Appeals, et al....
2025-12-06 18:22:40,297 - WARNING -   ✗ Could not fetch case from any URL
2025-12-06 18:22:40,297 - INFO - 
[179/2500] Processing G.R. No. 182020
2025-12-06 18:22:40,297 - INFO -   Title: Joey P. Marquez vs. the Sandiganbayan Fourt Division, et al....
2025-12-06 18:22:41,117 - WARNING -   ✗ Could not fetch case from any URL
2025-12-06 18:22:41,117 - INFO - 
[180/2500] Processing G.R. No. 183055
2025-12-06 18:22:41,117 - INFO -   Title: Sen. Ma. Ana Consuelo A.S. Madrigal vs. Sen. Manuel Villar, ...
2025-12-06 18:22:41,935 - WARNING -   ✗ Could not fetch case from any URL
2025-12-06 18:22:41,935 - INFO - 
[181/2500] Processing G.R. No. 183527
2025-12-06 18:22:41,935 - INFO -   Title: Platinum Group Metals Corporation vs. Court of Appeals and P...
2025-12-06 18:22:43,128 - WARNING -   ✗ Could not fetch case from any URL
2025-12-06 18:22:43,129 - INFO - 
[182/2500] Processing G.R. No. 183527
2025-12-06 18:22:43,129 - INFO -   Title: Platinum Group of Metals Corporation vs. Court of Appeals an...
2025-12-06 18:22:43,936 - WARNING -   ✗ Could not fetch case from any URL
2025-12-06 18:22:43,937 - INFO - 
[183/2500] Processing G.R. No. 184275
2025-12-06 18:22:43,937 - INFO -   Title: Security Exchange Commission, et al. vs. Anthony Rosete, et ...
2025-12-06 18:22:44,742 - WARNING -   ✗ Could not fetch case from any URL
2025-12-06 18:22:44,742 - INFO - 
[184/2500] Processing G.R. No. 186016
2025-12-06 18:22:44,742 - INFO -   Title: Salvador Divinagracia, Jr. vs. Commission on Elections and A...
2025-12-06 18:22:45,548 - WARNING -   ✗ Could not fetch case from any URL
2025-12-06 18:22:45,548 - INFO - 
[185/2500] Processing G.R. No. 200972
2025-12-06 18:22:45,548 - INFO -   Title: Philippine National Bank vs. Manuel C. Bulatao...
2025-12-06 18:22:46,351 - WARNING -   ✗ Could not fetch case from any URL
2025-12-06 18:22:46,351 - INFO - 
[186/2500] Processing G.R. No. 200984
2025-12-06 18:22:46,352 - INFO -   Title: Nona S. Ricafort, in her capacity as Chairman of the Board o...
2025-12-06 18:22:47,158 - WARNING -   ✗ Could not fetch case from any URL
2025-12-06 18:22:47,158 - INFO - 
[187/2500] Processing G.R. No. 126467
2025-12-06 18:22:47,158 - INFO -   Title: Professional Services, Inc. vs. the Court of Appeals, et al....
2025-12-06 18:22:47,965 - WARNING -   ✗ Could not fetch case from any URL
2025-12-06 18:22:47,965 - INFO - 
[188/2500] Processing G.R. No. 154662
2025-12-06 18:22:47,965 - INFO -   Title: Land Bank of the Philippines vs. Ramon P. Jacinto...
2025-12-06 18:22:48,771 - WARNING -   ✗ Could not fetch case from any URL
2025-12-06 18:22:48,771 - INFO - 
[189/2500] Processing G.R. No. 158627
2025-12-06 18:22:48,771 - INFO -   Title: People of the Philippines vs. Maritess Martinez y Dulay...
2025-12-06 18:22:49,150 - INFO -   Case already exists: RESTRUCTURED_DB/2010/mar/158627.json
2025-12-06 18:22:49,650 - INFO - 
[190/2500] Processing G.R. No. 160422
2025-12-06 18:22:49,650 - INFO -   Title: Meralco vs. Sps. Edito and Felicidad Chua, et al....
2025-12-06 18:22:50,460 - WARNING -   ✗ Could not fetch case from any URL
2025-12-06 18:22:50,460 - INFO - 
[191/2500] Processing G.R. No. 164747
2025-12-06 18:22:50,460 - INFO -   Title: Mortimer F. Cordero vs. Allan C. Go, doing business under th...
2025-12-06 18:22:51,267 - WARNING -   ✗ Could not fetch case from any URL
2025-12-06 18:22:51,267 - INFO - 
[192/2500] Processing G.R. No. 166536
2025-12-06 18:22:51,267 - INFO -   Title: Flor Martinez, represented by Macario Martinez, authorized r...
2025-12-06 18:22:52,073 - WARNING -   ✗ Could not fetch case from any URL
2025-12-06 18:22:52,073 - INFO - 
[193/2500] Processing G.R. No. 168726
2025-12-06 18:22:52,073 - INFO -   Title: Pio Delos Reyes, represented by heirs Fidel delos Reyes, et ...
2025-12-06 18:22:52,278 - INFO -   Case already exists: RESTRUCTURED_DB/2010/mar/168726.json
2025-12-06 18:22:52,779 - INFO - 
[194/2500] Processing G.R. No. 169202
2025-12-06 18:22:52,779 - INFO -   Title: Ma. Virginia V. Remo vs. the Honorable Secretary of Foreign ...
2025-12-06 18:22:53,156 - INFO -   Case already exists: RESTRUCTURED_DB/2010/mar/169202.json
2025-12-06 18:22:53,656 - INFO - 
[195/2500] Processing G.R. No. 169958
2025-12-06 18:22:53,656 - INFO -   Title: Department of Justice Secretary Raul M. Gonzalez, et al. vs....
2025-12-06 18:22:54,034 - INFO -   Case already exists: RESTRUCTURED_DB/2010/mar/169958.json
2025-12-06 18:22:54,534 - INFO - 
[196/2500] Processing G.R. No. 170673
2025-12-06 18:22:54,535 - INFO -   Title: Presidential Commission on Good Government vs. Silangan Inve...
2025-12-06 18:22:55,337 - WARNING -   ✗ Could not fetch case from any URL
2025-12-06 18:22:55,337 - INFO - 
[197/2500] Processing G.R. No. 174149
2025-12-06 18:22:55,337 - INFO -   Title: J. Tiosejo Investment Corporation vs. Sps. Benjamin and Elea...
2025-12-06 18:22:56,140 - WARNING -   ✗ Could not fetch case from any URL
2025-12-06 18:22:56,140 - INFO - 
[198/2500] Processing G.R. No. 175849
2025-12-06 18:22:56,140 - INFO -   Title: Manuel Almagro, joined by his spouse, Elizabeth Almagro vs. ...
2025-12-06 18:22:56,943 - WARNING -   ✗ Could not fetch case from any URL
2025-12-06 18:22:56,943 - INFO - 
[199/2500] Processing G.R. No. 176640
2025-12-06 18:22:56,944 - INFO -   Title: Antonio A. Aboc vs. Metropolitan Bank and Trust Company / Me...
2025-12-06 18:22:57,747 - WARNING -   ✗ Could not fetch case from any URL
2025-12-06 18:22:57,748 - INFO - 
[200/2500] Processing G.R. No. 176657
2025-12-06 18:22:57,748 - INFO -   Title: Department of Foreign Affairs and Bangko Sentral ng Pilipina...
2025-12-06 18:22:58,304 - INFO -   Case already exists: RESTRUCTURED_DB/2010/sep/176657.json
2025-12-06 18:22:58,804 - INFO - 
[201/2500] Processing G.R. No. 176686
2025-12-06 18:22:58,804 - INFO -   Title: Solar Harvest Incorporated vs. Davao Corrugated Carton Corpo...
2025-12-06 18:22:59,609 - WARNING -   ✗ Could not fetch case from any URL
2025-12-06 18:22:59,609 - INFO - 
[202/2500] Processing G.R. No. 177779
2025-12-06 18:22:59,609 - INFO -   Title: People of the Philippines vs. Felipe Nachor y Omayan...
2025-12-06 18:22:59,814 - INFO -   Case already exists: RESTRUCTURED_DB/2010/dec/177779.json
2025-12-06 18:23:00,314 - INFO - 
[203/2500] Processing G.R. No. 178193
2025-12-06 18:23:00,314 - INFO -   Title: Philippine Coconut Producers Federation, Inc. (COCOFED), et ...
2025-12-06 18:23:01,123 - WARNING -   ✗ Could not fetch case from any URL
2025-12-06 18:23:01,123 - INFO - 
[204/2500] Processing G.R. No. 178274
2025-12-06 18:23:01,123 - INFO -   Title: People of the Philippines vs. Aurelio Matunhay...
2025-12-06 18:23:01,327 - INFO -   Case already exists: RESTRUCTURED_DB/2010/mar/178274.json
2025-12-06 18:23:01,827 - INFO - 
[205/2500] Processing G.R. No. 179045
2025-12-06 18:23:01,827 - INFO -   Title: Commissioner of Internal Revenue vs. Smart Communication, In...
2025-12-06 18:23:02,633 - WARNING -   ✗ Could not fetch case from any URL
2025-12-06 18:23:02,633 - INFO - 
[206/2500] Processing G.R. No. 179792
2025-12-06 18:23:02,633 - INFO -   Title: LNS International Manpower Services vs. Armando Padua, Jr....
2025-12-06 18:23:02,837 - INFO -   Case already exists: RESTRUCTURED_DB/2010/mar/179792.json
2025-12-06 18:23:03,337 - INFO - 
[207/2500] Processing G.R. No. 180443
2025-12-06 18:23:03,338 - INFO -   Title: Luis K. Lokin vs. Commission on Elections, et al....
2025-12-06 18:23:04,143 - WARNING -   ✗ Could not fetch case from any URL
2025-12-06 18:23:04,143 - INFO - 
[208/2500] Processing G.R. No. 180595
2025-12-06 18:23:04,143 - INFO -   Title: Arthur Del Rosario, et al. vs. Hellenor D. Doanto, Jr. et al...
2025-12-06 18:23:04,347 - INFO -   Case already exists: RESTRUCTURED_DB/2010/mar/180595.json
2025-12-06 18:23:04,847 - INFO - 
[209/2500] Processing G.R. No. 180776
2025-12-06 18:23:04,847 - INFO -   Title: Land Bank of the Philippines vs. Domingo and Mamerto Soriano...
2025-12-06 18:23:05,649 - WARNING -   ✗ Could not fetch case from any URL
2025-12-06 18:23:05,650 - INFO - 
[210/2500] Processing G.R. No. 181913
2025-12-06 18:23:05,650 - INFO -   Title: Daniel P. Javellana, Jr. vs. Albino Belen/Albino Belen vs. D...
2025-12-06 18:23:06,028 - INFO -   Case already exists: RESTRUCTURED_DB/2010/mar/181913.json
2025-12-06 18:23:06,528 - INFO - 
[211/2500] Processing G.R. No. 182434
2025-12-06 18:23:06,528 - INFO -   Title: Sultan Yahya "Jerry" M. Tomawis vs. Hon Rasad G. Balindong, ...
2025-12-06 18:23:06,907 - INFO -   Case already exists: RESTRUCTURED_DB/2010/mar/182434.json
2025-12-06 18:23:07,407 - INFO - 
[212/2500] Processing G.R. No. 182948
2025-12-06 18:23:07,407 - INFO -   Title: Gen. Avelino I. Razon, Jr. Chief, Philippine National Police...
2025-12-06 18:23:08,212 - WARNING -   ✗ Could not fetch case from any URL
2025-12-06 18:23:08,212 - INFO - 
[213/2500] Processing G.R. No. 183670
2025-12-06 18:23:08,212 - INFO -   Title: Food Fest Land, Inc. vs. Daniel T. So...
2025-12-06 18:23:09,017 - WARNING -   ✗ Could not fetch case from any URL
2025-12-06 18:23:09,018 - INFO - 
[214/2500] Processing G.R. No. 183713
2025-12-06 18:23:09,018 - INFO -   Title: Edita T. Burgos vs. Chief of Staff of the Armed Forces of th...
2025-12-06 18:23:09,824 - WARNING -   ✗ Could not fetch case from any URL
2025-12-06 18:23:09,824 - INFO - 
[215/2500] Processing G.R. No. 183812
2025-12-06 18:23:09,824 - INFO -   Title: Edita T. Burgos vs. President Gloria Macapagal-Arroyo, et al...
2025-12-06 18:23:11,032 - WARNING -   ✗ Could not fetch case from any URL
2025-12-06 18:23:11,032 - INFO - 
[216/2500] Processing G.R. No. 185012
2025-12-06 18:23:11,032 - INFO -   Title: People of the Philippines vs. Victor Villarino y Mabute...
2025-12-06 18:23:11,426 - INFO -   Case already exists: RESTRUCTURED_DB/2010/mar/185012.json
2025-12-06 18:23:11,926 - INFO - 
[217/2500] Processing G.R. No. 185123
2025-12-06 18:23:11,927 - INFO -   Title: Lenido Lumanog, et al. vs. People of the Philippines/Cesar F...
2025-12-06 18:23:12,763 - WARNING -   ✗ Could not fetch case from any URL
2025-12-06 18:23:12,763 - INFO - 
[218/2500] Processing G.R. No. 186359
2025-12-06 18:23:12,763 - INFO -   Title: Jesus O. Typoco vs. Commission on Elections, et al....
2025-12-06 18:23:13,345 - INFO -   Case already exists: RESTRUCTURED_DB/2010/mar/186359.json
2025-12-06 18:23:13,846 - INFO - 
[219/2500] Processing G.R. No. 186450
2025-12-06 18:23:13,846 - INFO -   Title: National Water Resources Board (NWRB) vs. A.L. Ang Network, ...
2025-12-06 18:23:14,058 - INFO -   Case already exists: RESTRUCTURED_DB/2010/apr/186450.json
2025-12-06 18:23:14,559 - INFO - 
[220/2500] Processing G.R. No. 186526
2025-12-06 18:23:14,559 - INFO -   Title: People of the Philippines vs. Federico Campos y Ranile...
2025-12-06 18:23:15,395 - WARNING -   ✗ Could not fetch case from any URL
2025-12-06 18:23:15,395 - INFO - 
[221/2500] Processing G.R. No. 187961
2025-12-06 18:23:15,395 - INFO -   Title: Mayor Abraham N. Tolentino vs. Commission on Elections, et a...
2025-12-06 18:23:16,231 - WARNING -   ✗ Could not fetch case from any URL
2025-12-06 18:23:16,231 - INFO - 
[222/2500] Processing G.R. No. 187966
2025-12-06 18:23:16,231 - INFO -   Title: Vice-Mayor Celso P. De Castro vs. Commission on Elections, e...
2025-12-06 18:23:17,067 - WARNING -   ✗ Could not fetch case from any URL
2025-12-06 18:23:17,067 - INFO - 
[223/2500] Processing G.R. No. 188900
2025-12-06 18:23:17,067 - INFO -   Title: People of the Philippines vs. Fernando Habana y Orante...
2025-12-06 18:23:17,279 - INFO -   Case already exists: RESTRUCTURED_DB/2010/mar/188900.json
2025-12-06 18:23:17,779 - INFO - 
[224/2500] Processing G.R. No. 190078
2025-12-06 18:23:17,779 - INFO -   Title: Spouses Norman K. Certeza, Jr. et al. vs. Philippines Saving...
2025-12-06 18:23:18,172 - INFO -   Case already exists: RESTRUCTURED_DB/2010/mar/190078.json
2025-12-06 18:23:18,672 - INFO - 
[225/2500] Processing G.R. No. 190582
2025-12-06 18:23:18,673 - INFO -   Title: Ang Ladlad LGBT Party vs. Commission on Elections...
2025-12-06 18:23:19,441 - INFO -   Case already exists: RESTRUCTURED_DB/2010/apr/190582.json
2025-12-06 18:23:19,941 - INFO - 
[226/2500] Processing G.R. No. 191032
2025-12-06 18:23:19,941 - INFO -   Title: Jaime N. Soriano vs. Judicial and Bar Council, et al....
2025-12-06 18:23:20,778 - WARNING -   ✗ Could not fetch case from any URL
2025-12-06 18:23:20,778 - INFO - 
[227/2500] Processing G.R. No. 191057
2025-12-06 18:23:20,778 - INFO -   Title: Philippine Constitution Association (PHILCONSA), vs. Judicia...
2025-12-06 18:23:21,613 - WARNING -   ✗ Could not fetch case from any URL
2025-12-06 18:23:21,614 - INFO - 
[228/2500] Processing G.R. No. 191149
2025-12-06 18:23:21,614 - INFO -   Title: John G. Peralta vs. Judicial and Bar Council, et al....
2025-12-06 18:23:22,450 - WARNING -   ✗ Could not fetch case from any URL
2025-12-06 18:23:22,450 - INFO - 
[229/2500] Processing G.R. No. 191342
2025-12-06 18:23:22,450 - INFO -   Title: Atty. Amador Z. Tolentino, JR., (IBP Governor-Southern Luzon...
2025-12-06 18:23:23,286 - WARNING -   ✗ Could not fetch case from any URL
2025-12-06 18:23:23,286 - INFO - 
[230/2500] Processing G.R. No. 191420
2025-12-06 18:23:23,286 - INFO -   Title: Philippine Bar Association, Inc., vs. Judicial and Bar Counc...
2025-12-06 18:23:24,122 - WARNING -   ✗ Could not fetch case from any URL
2025-12-06 18:23:24,122 - INFO - 
[231/2500] Processing G.R. No. 201021
2025-12-06 18:23:24,122 - INFO -   Title: Pillars Property Corporation vs. Century Communities Corpora...
2025-12-06 18:23:24,958 - WARNING -   ✗ Could not fetch case from any URL
2025-12-06 18:23:24,959 - INFO - 
[232/2500] Processing G.R. No. 201031
2025-12-06 18:23:24,959 - INFO -   Title: Tomas R. Leonidas vs. Tancredo Vargas and Republic of the Ph...
2025-12-06 18:23:25,795 - WARNING -   ✗ Could not fetch case from any URL
2025-12-06 18:23:25,795 - INFO - 
[233/2500] Processing G.R. No. 125078
2025-12-06 18:23:25,795 - INFO -   Title: Bernabe Navida, et al. vs. Shell Oil Co., et al./The Dow Che...
2025-12-06 18:23:26,014 - INFO -   Case already exists: RESTRUCTURED_DB/2011/may/125078.json
2025-12-06 18:23:26,514 - INFO - 
[234/2500] Processing G.R. No. 156375
2025-12-06 18:23:26,515 - INFO -   Title: Dolores Adora Macaslang vs. Renato and Melba Zamora...
2025-12-06 18:23:26,729 - INFO -   Case already exists: RESTRUCTURED_DB/2011/may/156375.json
2025-12-06 18:23:27,229 - INFO - 
[235/2500] Processing G.R. No. 157549
2025-12-06 18:23:27,229 - INFO -   Title: Donnina C. Halley vs. Printwell Inc....
2025-12-06 18:23:27,625 - INFO -   Case already exists: RESTRUCTURED_DB/2011/may/157549.json
2025-12-06 18:23:28,125 - INFO - 
[236/2500] Processing G.R. No. 164281
2025-12-06 18:23:28,125 - INFO -   Title: Jose Teofilo Marcado vs. Court of Appeals, et al./Heirs of J...
2025-12-06 18:23:28,961 - WARNING -   ✗ Could not fetch case from any URL
2025-12-06 18:23:28,962 - INFO - 
[237/2500] Processing G.R. No. 165399
2025-12-06 18:23:28,962 - INFO -   Title: Theron V. Lacson vs. the Hon. Executive Secretary, et al./Ja...
2025-12-06 18:23:29,174 - INFO -   Case already exists: RESTRUCTURED_DB/2011/may/165399.json
2025-12-06 18:23:29,675 - INFO - 
[238/2500] Processing G.R. No. 166355
2025-12-06 18:23:29,675 - INFO -   Title: People of the Philippines vs. Luis J. Morales...
2025-12-06 18:23:29,887 - INFO -   Case already exists: RESTRUCTURED_DB/2011/may/166355.json
2025-12-06 18:23:30,388 - INFO - 
[239/2500] Processing G.R. No. 168666
2025-12-06 18:23:30,388 - INFO -   Title: Luzon Development Bank vs. Angeles Catherine Enriquez / Delt...
2025-12-06 18:23:31,223 - WARNING -   ✗ Could not fetch case from any URL
2025-12-06 18:23:31,223 - INFO - 
[240/2500] Processing G.R. No. 171673
2025-12-06 18:23:31,223 - INFO -   Title: Banahaw Broadcasting Corporation vs. Cayetano PACANa III, et...
2025-12-06 18:23:31,618 - INFO -   Case already exists: RESTRUCTURED_DB/2011/may/171673.json
2025-12-06 18:23:32,119 - INFO - 
[241/2500] Processing G.R. No. 171805
2025-12-06 18:23:32,119 - INFO -   Title: Philippine National Bank vs. Merelo B. Aznar, et al./Merelo ...
2025-12-06 18:23:32,514 - INFO -   Case already exists: RESTRUCTURED_DB/2011/may/171805.json
2025-12-06 18:23:33,014 - INFO - 
[242/2500] Processing G.R. No. 173575
2025-12-06 18:23:33,015 - INFO -   Title: Immaculate Conception Academy, et al. vs. AMA Computer Colle...
2025-12-06 18:23:33,433 - WARNING -   ✗ Could not fetch case from any URL
2025-12-06 18:23:33,433 - INFO - 
[243/2500] Processing G.R. No. 174660
2025-12-06 18:23:33,433 - INFO -   Title: People of the Philippines vs. Ricky Ladiana y Davao, accused...
2025-12-06 18:23:33,830 - INFO -   Case already exists: RESTRUCTURED_DB/2011/may/174660.json
2025-12-06 18:23:34,330 - INFO - 
[244/2500] Processing G.R. No. 175251
2025-12-06 18:23:34,330 - INFO -   Title: Rodolfo Luna vs. Allado Construction Company, Inc. and/or Ra...
2025-12-06 18:23:34,544 - INFO -   Case already exists: RESTRUCTURED_DB/2011/may/175251.json
2025-12-06 18:23:35,044 - INFO - 
[245/2500] Processing G.R. No. 175276
2025-12-06 18:23:35,044 - INFO -   Title: Isabelo L. Galang vs. Land Bank of the Philippines...
2025-12-06 18:23:35,259 - INFO -   Case already exists: RESTRUCTURED_DB/2011/may/175276.json
2025-12-06 18:23:35,759 - INFO - 
[246/2500] Processing G.R. No. 175512
2025-12-06 18:23:35,759 - INFO -   Title: Vallacar Transit, Inc. vs. Jocelyn G. Catubig...
2025-12-06 18:23:35,972 - INFO -   Case already exists: RESTRUCTURED_DB/2011/may/175512.json
2025-12-06 18:23:36,472 - INFO - 
[247/2500] Processing G.R. No. 177191
2025-12-06 18:23:36,472 - INFO -   Title: Michael San Juan y Cruz vs. People of the Philippines...
2025-12-06 18:23:36,686 - INFO -   Case already exists: RESTRUCTURED_DB/2011/may/177191.json
2025-12-06 18:23:37,186 - INFO - 
[248/2500] Processing G.R. No. 177771
2025-12-06 18:23:37,186 - INFO -   Title: People of the Philippines vs. Arielito Alivio, et al....
2025-12-06 18:23:37,400 - INFO -   Case already exists: RESTRUCTURED_DB/2011/may/177771.json
2025-12-06 18:23:37,900 - INFO - 
[249/2500] Processing G.R. No. 178903
2025-12-06 18:23:37,900 - INFO -   Title: Juliet G. Apacible vs. Multimed Industries, et al....
2025-12-06 18:23:38,112 - INFO -   Case already exists: RESTRUCTURED_DB/2011/may/178903.json
2025-12-06 18:23:38,612 - INFO - 
[250/2500] Processing G.R. No. 179024
2025-12-06 18:23:38,613 - INFO -   Title: Estate of Pasto Samson vs. Mercedes & Ruberto Susano/Julian ...
2025-12-06 18:23:39,009 - INFO -   Case already exists: RESTRUCTURED_DB/2011/may/179024.json
2025-12-06 18:23:39,509 - INFO - 
[251/2500] Processing G.R. No. 179532
2025-12-06 18:23:39,509 - INFO -   Title: Claudio S. Yap vs. Thenamaris Ship's Management and Intermar...
2025-12-06 18:23:39,722 - INFO -   Case already exists: RESTRUCTURED_DB/2011/may/179532.json
2025-12-06 18:23:40,222 - INFO - 
[252/2500] Processing G.R. No. 181626
2025-12-06 18:23:40,222 - INFO -   Title: Santiago Paera vs. People of the Philippines...
2025-12-06 18:23:40,435 - INFO -   Case already exists: RESTRUCTURED_DB/2011/may/181626.json
2025-12-06 18:23:40,935 - INFO - 
[253/2500] Processing G.R. No. 182758
2025-12-06 18:23:40,935 - INFO -   Title: Land Bank of the Philippines vs. Heirs of Severino Listana...
2025-12-06 18:23:41,328 - INFO -   Case already exists: RESTRUCTURED_DB/2011/may/182758.json
2025-12-06 18:23:41,828 - INFO - 
[254/2500] Processing G.R. No. 183092
2025-12-06 18:23:41,829 - INFO -   Title: People of the Philippines vs. Antonio Sabella y Bragais...
2025-12-06 18:23:42,041 - INFO -   Case already exists: RESTRUCTURED_DB/2011/may/183092.json
2025-12-06 18:23:42,541 - INFO - 
[255/2500] Processing G.R. No. 183576
2025-12-06 18:23:42,541 - INFO -   Title: Diamond Drilling Corporation of the Philippines vs. Newmont ...
2025-12-06 18:23:42,934 - INFO -   Case already exists: RESTRUCTURED_DB/2011/may/183576.json
2025-12-06 18:23:43,434 - INFO - 
[256/2500] Processing G.R. No. 183811
2025-12-06 18:23:43,434 - INFO -   Title: Rosalia N. Espino vs. Sps. Sharon Sampani Bulut and Celebi B...
2025-12-06 18:23:43,646 - INFO -   Case already exists: RESTRUCTURED_DB/2011/may/183811.json
2025-12-06 18:23:44,146 - INFO - 
[257/2500] Processing G.R. No. 184495
2025-12-06 18:23:44,146 - INFO -   Title: Lt. Col. Rogelio Boac, et al. vs. Erlinda T. Cadapan and Con...
2025-12-06 18:23:44,982 - WARNING -   ✗ Could not fetch case from any URL
2025-12-06 18:23:44,983 - INFO - 
[258/2500] Processing G.R. No. 187720
2025-12-06 18:23:44,983 - INFO -   Title: Trinidad Alicer, et al. vs. Alberto Compas, et al....
2025-12-06 18:23:45,374 - INFO -   Case already exists: RESTRUCTURED_DB/2011/may/187720.json
2025-12-06 18:23:45,875 - INFO - 
[259/2500] Processing G.R. No. 188296
2025-12-06 18:23:45,875 - INFO -   Title: Barangay Captain Beda Torrecampo vs. Metropolitan Waterworks...
2025-12-06 18:23:46,268 - INFO -   Case already exists: RESTRUCTURED_DB/2011/may/188296.json
2025-12-06 18:23:46,769 - INFO - 
[260/2500] Processing G.R. No. 188818
2025-12-06 18:23:46,769 - INFO -   Title: Tomas R. Osmena, in his personal capacity as City Mayor of C...
2025-12-06 18:23:46,982 - INFO -   Case already exists: RESTRUCTURED_DB/2011/may/188818.json
2025-12-06 18:23:47,482 - INFO - 
[261/2500] Processing G.R. No. 189847
2025-12-06 18:23:47,482 - INFO -   Title: People of the Philippines vs. Ernesto Mercado...
2025-12-06 18:23:47,694 - INFO -   Case already exists: RESTRUCTURED_DB/2011/may/189847.json
2025-12-06 18:23:48,194 - INFO - 
[262/2500] Processing G.R. No. 191218
2025-12-06 18:23:48,194 - INFO -   Title: Government Service Insurance System (GSIS), et al. vs. Arwin...
2025-12-06 18:23:48,589 - INFO -   Case already exists: RESTRUCTURED_DB/2011/may/191218.json
2025-12-06 18:23:49,089 - INFO - 
[263/2500] Processing G.R. No. 193105
2025-12-06 18:23:49,089 - INFO -   Title: Clay & Feather International, Inc., et al. vs. Alexander T. ...
2025-12-06 18:23:49,301 - INFO -   Case already exists: RESTRUCTURED_DB/2011/may/193105.json
2025-12-06 18:23:49,801 - INFO - 
[264/2500] Processing G.R. No. 193178
2025-12-06 18:23:49,801 - INFO -   Title: Philippine Savings Bank vs. Sps. Alfredo M. Castillo and Eli...
2025-12-06 18:23:50,194 - INFO -   Case already exists: RESTRUCTURED_DB/2011/may/193178.json
2025-12-06 18:23:50,694 - INFO - 
[265/2500] Processing G.R. No. 201116
2025-12-06 18:23:50,694 - INFO -   Title: Philam Insurance Co., Inc. now Chartis Philippines Insurance...
2025-12-06 18:23:51,531 - WARNING -   ✗ Could not fetch case from any URL
2025-12-06 18:23:51,531 - INFO - 
[266/2500] Processing G.R. No. 201147
2025-12-06 18:23:51,531 - INFO -   Title: People of the Philippines vs. Freddie SernadillaConcurring O...
2025-12-06 18:23:52,731 - WARNING -   ✗ Could not fetch case from any URL
2025-12-06 18:23:52,731 - INFO - 
[267/2500] Processing G.R. No. 201225
2025-12-06 18:23:52,731 - INFO -   Title: Team Sual Corporation vs. Commissioner of Internal Revenue/C...
2025-12-06 18:23:53,551 - WARNING -   ✗ Could not fetch case from any URL
2025-12-06 18:23:53,551 - INFO - 
[268/2500] Processing G.R. No. 147811
2025-12-06 18:23:53,551 - INFO -   Title: Petitioner-Organizations, namely: Pambansang Koalisyon ng mg...
2025-12-06 18:23:54,373 - WARNING -   ✗ Could not fetch case from any URL
2025-12-06 18:23:54,373 - INFO - 
[269/2500] Processing G.R. No. 166642
2025-12-06 18:23:54,373 - INFO -   Title: P.L. Uy Realty Corporation vs. ALS Management and Developmen...
2025-12-06 18:23:55,193 - WARNING -   ✗ Could not fetch case from any URL
2025-12-06 18:23:55,193 - INFO - 
[270/2500] Processing G.R. No. 170892
2025-12-06 18:23:55,193 - INFO -   Title: Philippine National Bank vs. Spouses Cheah Chee Chong and Of...
2025-12-06 18:23:56,013 - WARNING -   ✗ Could not fetch case from any URL
2025-12-06 18:23:56,014 - INFO - 
[271/2500] Processing G.R. No. 174369
2025-12-06 18:23:56,014 - INFO -   Title: People of the Philippines vs. Michael Biglete y Camacho...
2025-12-06 18:23:56,398 - INFO -   Case already exists: RESTRUCTURED_DB/2012/jun/174369.json
2025-12-06 18:23:56,898 - INFO - 
[272/2500] Processing G.R. No. 177270
2025-12-06 18:23:56,898 - INFO -   Title: Express Investments III Private Ltd. and Export Development ...
2025-12-06 18:23:57,718 - WARNING -   ✗ Could not fetch case from any URL
2025-12-06 18:23:57,719 - INFO - 
[273/2500] Processing G.R. No. 178193
2025-12-06 18:23:57,719 - INFO -   Title: Philippine Coconut Producers Federation, Inc. (COCOFED), et ...
2025-12-06 18:23:58,537 - WARNING -   ✗ Could not fetch case from any URL
2025-12-06 18:23:58,537 - INFO - 
[274/2500] Processing G.R. No. 179054
2025-12-06 18:23:58,537 - INFO -   Title: Bagong Kapisanan sa Punta Tenement, Inc., represented by Enr...
2025-12-06 18:23:59,356 - WARNING -   ✗ Could not fetch case from any URL
2025-12-06 18:23:59,356 - INFO - 
[275/2500] Processing G.R. No. 182069
2025-12-06 18:23:59,356 - INFO -   Title: Arnold D. Vicencio vs. Hon. Reynaldo A. Villar, et al....
2025-12-06 18:23:59,741 - INFO -   Case already exists: RESTRUCTURED_DB/2012/jul/182069.json
2025-12-06 18:24:00,241 - INFO - 
[276/2500] Processing G.R. No. 187298
2025-12-06 18:24:00,241 - INFO -   Title: Jamar M. Kulayan, et al. vs. Gov. Abdusakur M. Tan etc., et ...
2025-12-06 18:24:00,628 - INFO -   Case already exists: RESTRUCTURED_DB/2012/jul/187298.json
2025-12-06 18:24:01,129 - INFO - 
[277/2500] Processing G.R. No. 189767
2025-12-06 18:24:01,129 - INFO -   Title: Philippine Economic Zone Authority (PEZA) vs. Commission on ...
2025-12-06 18:24:01,338 - INFO -   Case already exists: RESTRUCTURED_DB/2012/jul/189767.json
2025-12-06 18:24:01,838 - INFO - 
[278/2500] Processing G.R. No. 199238
2025-12-06 18:24:01,838 - INFO -   Title: RCBC Capital Corporation vs. Banco De Oro Unibank, Inc./Banc...
2025-12-06 18:24:02,657 - WARNING -   ✗ Could not fetch case from any URL
2025-12-06 18:24:02,657 - INFO - 
[279/2500] Processing G.R. No. 2012
2025-12-06 18:24:02,657 - INFO -   Title: United States vs. Engracio Angel, et al....
2025-12-06 18:24:03,477 - WARNING -   ✗ Could not fetch case from any URL
2025-12-06 18:24:03,477 - INFO - 
[280/2500] Processing G.R. No. 201292
2025-12-06 18:24:03,477 - INFO -   Title: Pension and Gratuity Management Center (PGMC), GHQ, AFP, Cam...
2025-12-06 18:24:04,298 - WARNING -   ✗ Could not fetch case from any URL
2025-12-06 18:24:04,298 - INFO - 
[281/2500] Processing G.R. No. 168279
2025-12-06 18:24:04,298 - INFO -   Title: Land Bank of the Philppines vs. Artemio S. San Juan, Jr....
2025-12-06 18:24:05,117 - WARNING -   ✗ Could not fetch case from any URL
2025-12-06 18:24:05,117 - INFO - 
[282/2500] Processing G.R. No. 172701
2025-12-06 18:24:05,117 - INFO -   Title: People of the Philippines vs. Halil Gambao, et al....
2025-12-06 18:24:05,937 - WARNING -   ✗ Could not fetch case from any URL
2025-12-06 18:24:05,937 - INFO - 
[283/2500] Processing G.R. No. 1733373
2025-12-06 18:24:05,937 - INFO -   Title: H. Tambunting Pawnshop, Inc. vs. Commissioner on Internal Re...
2025-12-06 18:24:06,757 - WARNING -   ✗ Could not fetch case from any URL
2025-12-06 18:24:06,758 - INFO - 
[284/2500] Processing G.R. No. 174493
2025-12-06 18:24:06,758 - INFO -   Title: Victor Africa vs. the Hon. Sandiganbayan and Barbara Anne C....
2025-12-06 18:24:07,578 - WARNING -   ✗ Could not fetch case from any URL
2025-12-06 18:24:07,578 - INFO - 
[285/2500] Processing G.R. No. 179079
2025-12-06 18:24:07,578 - INFO -   Title: People of the Philippines vs. Timothy J. Desmond/Virginia De...
2025-12-06 18:24:08,397 - WARNING -   ✗ Could not fetch case from any URL
2025-12-06 18:24:08,398 - INFO - 
[286/2500] Processing G.R. No. 187979
2025-12-06 18:24:08,398 - INFO -   Title: Rafael H. Galvez and Katherine L. Guy vs. Asia United Bank/A...
2025-12-06 18:24:09,217 - WARNING -   ✗ Could not fetch case from any URL
2025-12-06 18:24:09,218 - INFO - 
[287/2500] Processing G.R. No. 188285
2025-12-06 18:24:09,218 - INFO -   Title: Benito E. Lorenzo vs. Government Service Insurance System (G...
2025-12-06 18:24:10,038 - WARNING -   ✗ Could not fetch case from any URL
2025-12-06 18:24:10,038 - INFO - 
[288/2500] Processing G.R. No. 190834
2025-12-06 18:24:10,038 - INFO -   Title: Republic of the Philippines represented by the Commissioner ...
2025-12-06 18:24:10,858 - WARNING -   ✗ Could not fetch case from any URL
2025-12-06 18:24:10,858 - INFO - 
[289/2500] Processing G.R. No. 192576
2025-12-06 18:24:10,858 - INFO -   Title: CIR; Fortune Tobacco Corporation/Fortune Tobacco Corporation...
2025-12-06 18:24:11,678 - WARNING -   ✗ Could not fetch case from any URL
2025-12-06 18:24:11,679 - INFO - 
[290/2500] Processing G.R. No. 195395
2025-12-06 18:24:11,679 - INFO -   Title: Engineer Manolito P. Mendoza vs. Commission on Audit...
2025-12-06 18:24:12,498 - WARNING -   ✗ Could not fetch case from any URL
2025-12-06 18:24:12,498 - INFO - 
[291/2500] Processing G.R. No. 197098
2025-12-06 18:24:12,498 - INFO -   Title: Loreli LIm Po vs. Department of the Justice, et al./Antonio ...
2025-12-06 18:24:13,318 - WARNING -   ✗ Could not fetch case from any URL
2025-12-06 18:24:13,319 - INFO - 
[292/2500] Processing G.R. No. 198457
2025-12-06 18:24:13,319 - INFO -   Title: Filomena G. Delos Santos, Josefa A. Bacaltos, Nelanie A. Ant...
2025-12-06 18:24:14,138 - WARNING -   ✗ Could not fetch case from any URL
2025-12-06 18:24:14,138 - INFO - 
[293/2500] Processing G.R. No. 201302
2025-12-06 18:24:14,139 - INFO -   Title: Hygienic Packaging Corp. vs. Nutri-Asia, Inc. Doing Business...
2025-12-06 18:24:14,958 - WARNING -   ✗ Could not fetch case from any URL
2025-12-06 18:24:14,958 - INFO - 
[294/2500] Processing G.R. No. 201326
2025-12-06 18:24:14,958 - INFO -   Title: Sitel Philippines Corporation vs. Commissioner of Internal R...
2025-12-06 18:24:16,146 - WARNING -   ✗ Could not fetch case from any URL
2025-12-06 18:24:16,146 - INFO - 
[295/2500] Processing G.R. No. 201620
2025-12-06 18:24:16,146 - INFO -   Title: Ramoncito O. Senador vs. People of the Philippines and Cynth...
2025-12-06 18:24:16,531 - INFO -   Case already exists: RESTRUCTURED_DB/2013/mar/201620.json
2025-12-06 18:24:17,032 - INFO - 
[296/2500] Processing G.R. No. 206982
2025-12-06 18:24:17,032 - INFO -   Title: Coalition of Association of Senior Citizen in the Philippine...
2025-12-06 18:24:17,860 - WARNING -   ✗ Could not fetch case from any URL
2025-12-06 18:24:17,861 - INFO - 
[297/2500] Processing G.R. No. 177332
2025-12-06 18:24:17,861 - INFO -   Title: National Power Corporation vs. City of Cabanatuan, represent...
2025-12-06 18:24:18,684 - WARNING -   ✗ Could not fetch case from any URL
2025-12-06 18:24:18,684 - INFO - 
[298/2500] Processing G.R. No. 178733
2025-12-06 18:24:18,684 - INFO -   Title: Elisa Angeles vs. Court of Appeals, et al....
2025-12-06 18:24:19,508 - WARNING -   ✗ Could not fetch case from any URL
2025-12-06 18:24:19,509 - INFO - 
[299/2500] Processing G.R. No. 187061
2025-12-06 18:24:19,509 - INFO -   Title: Celerina J. Santos vs. Ricardo T. Santos...
2025-12-06 18:24:20,330 - WARNING -   ✗ Could not fetch case from any URL
2025-12-06 18:24:20,331 - INFO - 
[300/2500] Processing G.R. No. 188828
2025-12-06 18:24:20,331 - INFO -   Title: Co Say Products Phils., et al. vs Benjamin Baltasar, et al....
2025-12-06 18:24:21,151 - WARNING -   ✗ Could not fetch case from any URL
2025-12-06 18:24:21,152 - INFO - 
[301/2500] Processing G.R. No. 193768
2025-12-06 18:24:21,152 - INFO -   Title: People of the Philippines vs Jerry Caranto y Propeta...
2025-12-06 18:24:21,979 - WARNING -   ✗ Could not fetch case from any URL
2025-12-06 18:24:21,979 - INFO - 
[302/2500] Processing G.R. No. 195542
2025-12-06 18:24:21,979 - INFO -   Title: Securities and Exchange Commission vs Oudine Santos...
2025-12-06 18:24:22,544 - INFO -   Case already exists: RESTRUCTURED_DB/2014/mar/195542.json
2025-12-06 18:24:23,044 - INFO - 
[303/2500] Processing G.R. No. 195549
2025-12-06 18:24:23,045 - INFO -   Title: Willaware Products Corporation vs. Jesichris Manufacturing C...
2025-12-06 18:24:23,253 - INFO -   Case already exists: RESTRUCTURED_DB/2014/sep/195549.json
2025-12-06 18:24:23,753 - INFO - 
[304/2500] Processing G.R. No. 195594
2025-12-06 18:24:23,753 - INFO -   Title: Republic of the Philippines, represented by the National Irr...
2025-12-06 18:24:24,144 - INFO -   Case already exists: RESTRUCTURED_DB/2014/sep/195594.json
2025-12-06 18:24:24,644 - INFO - 
[305/2500] Processing G.R. No. 195598
2025-12-06 18:24:24,644 - INFO -   Title: Teekay Shipping Philippines, Inc., et al. vs. Exequiel O. Ja...
2025-12-06 18:24:24,854 - INFO -   Case already exists: RESTRUCTURED_DB/2014/jun/195598.json
2025-12-06 18:24:25,354 - INFO - 
[306/2500] Processing G.R. No. 195615
2025-12-06 18:24:25,355 - INFO -   Title: Bank of Commerce vs. Radio Philippines Network, Inc., et al....
2025-12-06 18:24:25,741 - INFO -   Case already exists: RESTRUCTURED_DB/2014/apr/195615.json
2025-12-06 18:24:26,241 - INFO - 
[307/2500] Processing G.R. No. 195668
2025-12-06 18:24:26,241 - INFO -   Title: People of the Philippines vs. Ma. Harleta Velasco y Briones,...
2025-12-06 18:24:26,450 - INFO -   Case already exists: RESTRUCTURED_DB/2014/jun/195668.json
2025-12-06 18:24:26,950 - INFO - 
[308/2500] Processing G.R. No. 195687
2025-12-06 18:24:26,951 - INFO -   Title: Land Bank of the Philippines vs. David G. Naval, Jr., et al....
2025-12-06 18:24:27,339 - INFO -   Case already exists: RESTRUCTURED_DB/2014/apr/195687.json
2025-12-06 18:24:27,839 - INFO - 
[309/2500] Processing G.R. No. 195792
2025-12-06 18:24:27,839 - INFO -   Title: Abosta Shipmanagement Corporation vs. Wilhilm M. Hilario...
2025-12-06 18:24:28,047 - INFO -   Case already exists: RESTRUCTURED_DB/2014/nov/195792.json
2025-12-06 18:24:28,547 - INFO - 
[310/2500] Processing G.R. No. 195832
2025-12-06 18:24:28,547 - INFO -   Title: Formerly INC Shipmanagement Incorporated (now INC Navigation...
2025-12-06 18:24:28,933 - INFO -   Case already exists: RESTRUCTURED_DB/2014/oct/195832.json
2025-12-06 18:24:29,433 - INFO - 
[311/2500] Processing G.R. No. 195872
2025-12-06 18:24:29,433 - INFO -   Title: Fortune Medicare, Inc. vs David Robert U. Amorin...
2025-12-06 18:24:29,643 - INFO -   Case already exists: RESTRUCTURED_DB/2014/mar/195872.json
2025-12-06 18:24:30,143 - INFO - 
[312/2500] Processing G.R. No. 195889
2025-12-06 18:24:30,143 - INFO -   Title: Philippine National Bank vs. Spouses Eduardo and Ma. Rosario...
2025-12-06 18:24:31,133 - INFO -   Case already exists: RESTRUCTURED_DB/2014/sep/195889.json
2025-12-06 18:24:31,633 - INFO - 
[313/2500] Processing G.R. No. 196005
2025-12-06 18:24:31,633 - INFO -   Title: People of the Philippines vs. Charlie Fieldad, et al....
2025-12-06 18:24:32,020 - INFO -   Case already exists: RESTRUCTURED_DB/2014/oct/196005.json
2025-12-06 18:24:32,521 - INFO - 
[314/2500] Processing G.R. No. 196023
2025-12-06 18:24:32,521 - INFO -   Title: Jose Juan Tong, et al. vs. Go Tiat Kun, et al....
2025-12-06 18:24:32,906 - INFO -   Case already exists: RESTRUCTURED_DB/2014/apr/196023.json
2025-12-06 18:24:33,407 - INFO - 
[315/2500] Processing G.R. No. 196040
2025-12-06 18:24:33,407 - INFO -   Title: Fe H. Okabe vs. Ernesto A. Saturnino...
2025-12-06 18:24:33,792 - INFO -   Case already exists: RESTRUCTURED_DB/2014/aug/196040.json
2025-12-06 18:24:34,293 - INFO - 
[316/2500] Processing G.R. No. 196047
2025-12-06 18:24:34,293 - INFO -   Title: Lepanto Consolidated Mining Corporation vs. Belio Icao...
2025-12-06 18:24:34,679 - INFO -   Case already exists: RESTRUCTURED_DB/2014/jan/196047.json
2025-12-06 18:24:35,179 - INFO - 
[317/2500] Processing G.R. No. 196102
2025-12-06 18:24:35,179 - INFO -   Title: Government Service Insurance System vs. Aurelia Y. Calumpian...
2025-12-06 18:24:35,743 - INFO -   Case already exists: RESTRUCTURED_DB/2014/nov/196102.json
2025-12-06 18:24:36,243 - INFO - 
[318/2500] Processing G.R. No. 196112
2025-12-06 18:24:36,243 - INFO -   Title: GMA Network, Inc. vs. National Telecommunications Commission...
2025-12-06 18:24:36,629 - INFO -   Case already exists: RESTRUCTURED_DB/2014/feb/196112.json
2025-12-06 18:24:37,130 - INFO - 
[319/2500] Processing G.R. No. 196117
2025-12-06 18:24:37,130 - INFO -   Title: Krystle Realty Development Corporation, rep. by Chairman of ...
2025-12-06 18:24:37,515 - INFO -   Case already exists: RESTRUCTURED_DB/2014/aug/196117.json
2025-12-06 18:24:38,015 - INFO - 
[320/2500] Processing G.R. No. 196118
2025-12-06 18:24:38,016 - INFO -   Title: Leonardo C. Castillo represented by Lennard V. Castillo vs. ...
2025-12-06 18:24:38,402 - INFO -   Case already exists: RESTRUCTURED_DB/2014/jul/196118.json
2025-12-06 18:24:38,902 - INFO - 
[321/2500] Processing G.R. No. 196122
2025-12-06 18:24:38,902 - INFO -   Title: Joel b. Monana vs. MEC Global Shipmanagement and Manning Cor...
2025-12-06 18:24:39,467 - INFO -   Case already exists: RESTRUCTURED_DB/2014/nov/196122.json
2025-12-06 18:24:39,967 - INFO - 
[322/2500] Processing G.R. No. 196142
2025-12-06 18:24:39,967 - INFO -   Title: Venus B. Castillo, et al. vs Prudentiallife Plans, Inc. et a...
2025-12-06 18:24:40,531 - INFO -   Case already exists: RESTRUCTURED_DB/2014/mar/196142.json
2025-12-06 18:24:41,031 - INFO - 
[323/2500] Processing G.R. No. 196146
2025-12-06 18:24:41,031 - INFO -   Title: People of the Philippines vs Freddie Ladip y Rubio...
2025-12-06 18:24:41,595 - INFO -   Case already exists: RESTRUCTURED_DB/2014/mar/196146.json
2025-12-06 18:24:42,095 - INFO - 
[324/2500] Processing G.R. No. 196156
2025-12-06 18:24:42,096 - INFO -   Title: Visayas Community Medical Center (VCMC) formerly known as Me...
2025-12-06 18:24:42,660 - INFO -   Case already exists: RESTRUCTURED_DB/2014/jan/196156.json
2025-12-06 18:24:43,160 - INFO - 
[325/2500] Processing G.R. No. 196182
2025-12-06 18:24:43,160 - INFO -   Title: ECE Realty and Development, Inc. vs. Rachel G. Mandap...
2025-12-06 18:24:43,545 - INFO -   Case already exists: RESTRUCTURED_DB/2014/sep/196182.json
2025-12-06 18:24:44,045 - INFO - 
[326/2500] Processing G.R. No. 196219
2025-12-06 18:24:44,045 - INFO -   Title: Spouses Mauricio M. Tabino and Leonila Dela Cruz-Tabino vs. ...
2025-12-06 18:24:44,432 - INFO -   Case already exists: RESTRUCTURED_DB/2014/jul/196219.json
2025-12-06 18:24:44,932 - INFO - 
[327/2500] Processing G.R. No. 196228
2025-12-06 18:24:44,932 - INFO -   Title: People of the Philippines vs. Renato Besmonte...
2025-12-06 18:24:45,319 - INFO -   Case already exists: RESTRUCTURED_DB/2014/jun/196228.json
2025-12-06 18:24:45,819 - INFO - 
[328/2500] Processing G.R. No. 196231
2025-12-06 18:24:45,819 - INFO -   Title: Emilio A. Gonzales III vs. Office of the President, etc., et...
2025-12-06 18:24:46,564 - INFO -   Case already exists: RESTRUCTURED_DB/2014/jan/196231.json
2025-12-06 18:24:47,064 - INFO - 
[329/2500] Processing G.R. No. 196249
2025-12-06 18:24:47,064 - INFO -   Title: Rose Hana Angeles, etc., et al. vs. Ferdinand M. Bucad, et a...
2025-12-06 18:24:47,451 - INFO -   Case already exists: RESTRUCTURED_DB/2014/jul/196249.json
2025-12-06 18:24:47,951 - INFO - 
[330/2500] Processing G.R. No. 196251
2025-12-06 18:24:47,951 - INFO -   Title: Olivarez Realty Corporation and Dr. Pablo R. Olivarez vs. Be...
2025-12-06 18:24:48,519 - INFO -   Case already exists: RESTRUCTURED_DB/2014/jul/196251.json
2025-12-06 18:24:49,019 - INFO - 
[331/2500] Processing G.R. No. 196315
2025-12-06 18:24:49,019 - INFO -   Title: People of the Philippines vs. Leonardo Cataytay y Silvano...
2025-12-06 18:24:49,405 - INFO -   Case already exists: RESTRUCTURED_DB/2014/oct/196315.json
2025-12-06 18:24:49,906 - INFO - 
[332/2500] Processing G.R. No. 196435
2025-12-06 18:24:49,906 - INFO -   Title: People of the Philippines vs. Joel Crisostomo y Malliar...
2025-12-06 18:24:50,291 - INFO -   Case already exists: RESTRUCTURED_DB/2014/jan/196435.json
2025-12-06 18:24:50,792 - INFO - 
[333/2500] Processing G.R. No. 196508
2025-12-06 18:24:50,792 - INFO -   Title: Leonardo A. Villalon and Erlinda Talde-Villalon vs. Amelia C...
2025-12-06 18:24:51,177 - INFO -   Case already exists: RESTRUCTURED_DB/2014/sep/196508.json
2025-12-06 18:24:51,677 - INFO - 
[334/2500] Processing G.R. No. 196735
2025-12-06 18:24:51,677 - INFO -   Title: People of the Philippines vs. Danilo Feliciano, Jr., et al....
2025-12-06 18:24:52,423 - INFO -   Case already exists: RESTRUCTURED_DB/2014/may/196735.json
2025-12-06 18:24:52,923 - INFO - 
[335/2500] Processing G.R. No. 196753
2025-12-06 18:24:52,923 - INFO -   Title: People of the Philippines vs. Erwin Lalog, et al....
2025-12-06 18:24:53,131 - INFO -   Case already exists: RESTRUCTURED_DB/2014/apr/196753.json
2025-12-06 18:24:53,632 - INFO - 
[336/2500] Processing G.R. No. 196786
2025-12-06 18:24:53,632 - INFO -   Title: People of the Philippines vs. Stanley Bunagan y Juan...
2025-12-06 18:24:53,840 - INFO -   Case already exists: RESTRUCTURED_DB/2014/jul/196786.json
2025-12-06 18:24:54,340 - INFO - 
[337/2500] Processing G.R. No. 196894
2025-12-06 18:24:54,340 - INFO -   Title: Jesus G. Crisologo and Nanette B. Crisoslogo vs JEWM Agro-In...
2025-12-06 18:24:54,726 - INFO -   Case already exists: RESTRUCTURED_DB/2014/mar/196894.json
2025-12-06 18:24:55,226 - INFO - 
[338/2500] Processing G.R. No. 196936
2025-12-06 18:24:55,226 - INFO -   Title: Monchito R. Ampeloquio vs. Jaka Distribution, Inc....
2025-12-06 18:24:55,612 - INFO -   Case already exists: RESTRUCTURED_DB/2014/jul/196936.json
2025-12-06 18:24:56,113 - INFO - 
[339/2500] Processing G.R. No. 196950
2025-12-06 18:24:56,113 - INFO -   Title: Helen E. Cabling, assisted by her husband, Arnel Cabling vs....
2025-12-06 18:24:56,321 - INFO -   Case already exists: RESTRUCTURED_DB/2014/jun/196950.json
2025-12-06 18:24:56,821 - INFO - 
[340/2500] Processing G.R. No. 196960
2025-12-06 18:24:56,821 - INFO -   Title: People of the Philippines vs Erwin Tamayo y Bautisa...
2025-12-06 18:24:57,030 - INFO -   Case already exists: RESTRUCTURED_DB/2014/mar/196960.json
2025-12-06 18:24:57,530 - INFO - 
[341/2500] Processing G.R. No. 196970
2025-12-06 18:24:57,530 - INFO -   Title: People of the Philippines vs. Rene Santiago...
2025-12-06 18:24:57,738 - INFO -   Case already exists: RESTRUCTURED_DB/2014/apr/196970.json
2025-12-06 18:24:58,238 - INFO - 
[342/2500] Processing G.R. No. 197005
2025-12-06 18:24:58,238 - INFO -   Title: Princess Joy Placement and General Services, Inc. vs. German...
2025-12-06 18:24:58,625 - INFO -   Case already exists: RESTRUCTURED_DB/2014/jun/197005.json
2025-12-06 18:24:59,125 - INFO - 
[343/2500] Processing G.R. No. 197046
2025-12-06 18:24:59,125 - INFO -   Title: People of the Philippines vs. George Zapata y Viana...
2025-12-06 18:24:59,334 - INFO -   Case already exists: RESTRUCTURED_DB/2014/jul/197046.json
2025-12-06 18:24:59,834 - INFO - 
[344/2500] Processing G.R. No. 197174
2025-12-06 18:24:59,834 - INFO -   Title: Francler P. Onde vs. the Office of the Local Civil Registrar...
2025-12-06 18:25:00,044 - INFO -   Case already exists: RESTRUCTURED_DB/2014/sep/197174.json
2025-12-06 18:25:00,545 - INFO - 
[345/2500] Processing G.R. No. 197192
2025-12-06 18:25:00,545 - INFO -   Title: Commissioner of Internal Revenue vs. the Insular Life Assura...
2025-12-06 18:25:00,930 - INFO -   Case already exists: RESTRUCTURED_DB/2014/jun/197192.json
2025-12-06 18:25:01,430 - INFO - 
[346/2500] Processing G.R. No. 197204
2025-12-06 18:25:01,431 - INFO -   Title: Danilo O. Garcia and Joven SD. Brizuela vs Sandiganbayan and...
2025-12-06 18:25:01,818 - INFO -   Case already exists: RESTRUCTURED_DB/2014/mar/197204.json
2025-12-06 18:25:02,318 - INFO - 
[347/2500] Processing G.R. No. 197228
2025-12-06 18:25:02,318 - INFO -   Title: Duty Free Philippines vs. Bureau of Internal Revenue, repres...
2025-12-06 18:25:02,526 - INFO -   Case already exists: RESTRUCTURED_DB/2014/oct/197228.json
2025-12-06 18:25:03,027 - INFO - 
[348/2500] Processing G.R. No. 197293
2025-12-06 18:25:03,027 - INFO -   Title: Alfredo C. Mendoza vs. People of the Philippines and Juno Ca...
2025-12-06 18:25:03,413 - INFO -   Case already exists: RESTRUCTURED_DB/2014/apr/197293.json
2025-12-06 18:25:03,913 - INFO - 
[349/2500] Processing G.R. No. 197303
2025-12-06 18:25:03,913 - INFO -   Title: APQ Shipmanagement Co., Ltd., and APQ Crew Management USA, I...
2025-12-06 18:25:04,299 - INFO -   Case already exists: RESTRUCTURED_DB/2014/jun/197303.json
2025-12-06 18:25:04,799 - INFO - 
[350/2500] Processing G.R. No. 197329
2025-12-06 18:25:04,799 - INFO -   Title: National Power Corporation vs. Luis Samar and Magdalena Sama...
2025-12-06 18:25:05,184 - INFO -   Case already exists: RESTRUCTURED_DB/2014/sep/197329.json
2025-12-06 18:25:05,684 - INFO - 
[351/2500] Processing G.R. No. 197336
2025-12-06 18:25:05,684 - INFO -   Title: Meyr Enterprises Corporation vs. Rolando Cordero...
2025-12-06 18:25:06,070 - INFO -   Case already exists: RESTRUCTURED_DB/2014/sep/197336.json
2025-12-06 18:25:06,570 - INFO - 
[352/2500] Processing G.R. No. 197380
2025-12-06 18:25:06,570 - INFO -   Title: Eliza Zuniga-Santos, represented by her attorney-in-fact, Ny...
2025-12-06 18:25:06,956 - INFO -   Case already exists: RESTRUCTURED_DB/2014/oct/197380.json
2025-12-06 18:25:07,456 - INFO - 
[353/2500] Processing G.R. No. 197442
2025-12-06 18:25:07,456 - INFO -   Title: Majestic Finance and Investment Co., Inc. vs. Jose D. Tito/C...
2025-12-06 18:25:07,844 - INFO -   Case already exists: RESTRUCTURED_DB/2014/oct/197442.json
2025-12-06 18:25:08,344 - INFO - 
[354/2500] Processing G.R. No. 197486
2025-12-06 18:25:08,344 - INFO -   Title: Renato L. Delfino, Sr., (deceased) represented by his Heirs,...
2025-12-06 18:25:08,730 - INFO -   Case already exists: RESTRUCTURED_DB/2014/sep/197486.json
2025-12-06 18:25:09,231 - INFO - 
[355/2500] Processing G.R. No. 197515
2025-12-06 18:25:09,231 - INFO -   Title: Commissioner of Internal Revenue vs. United Salvage and Towa...
2025-12-06 18:25:09,619 - INFO -   Case already exists: RESTRUCTURED_DB/2014/jul/197515.json
2025-12-06 18:25:10,119 - INFO - 
[356/2500] Processing G.R. No. 197525
2025-12-06 18:25:10,119 - INFO -   Title: Visayas Geothermal Power Company vs. Commissioner of Interna...
2025-12-06 18:25:10,505 - INFO -   Case already exists: RESTRUCTURED_DB/2014/jun/197525.json
2025-12-06 18:25:11,005 - INFO - 
[357/2500] Processing G.R. No. 197530
2025-12-06 18:25:11,005 - INFO -   Title: Aboitiz Equity Ventures, Inc. vs. Victor S. Chiongbian, Benj...
2025-12-06 18:25:11,571 - INFO -   Case already exists: RESTRUCTURED_DB/2014/jul/197530.json
2025-12-06 18:25:12,071 - INFO - 
[358/2500] Processing G.R. No. 197539
2025-12-06 18:25:12,072 - INFO -   Title: People of the Philippines vs. Angelita I. Daud, et al....
2025-12-06 18:25:12,459 - INFO -   Case already exists: RESTRUCTURED_DB/2014/jun/197539.json
2025-12-06 18:25:12,959 - INFO - 
[359/2500] Processing G.R. No. 197561
2025-12-06 18:25:12,959 - INFO -   Title: Coca-Cola Bottlers Philippines, Inc. vs. City of Manila, et ...
2025-12-06 18:25:13,168 - INFO -   Case already exists: RESTRUCTURED_DB/2014/apr/197561.json
2025-12-06 18:25:13,669 - INFO - 
[360/2500] Processing G.R. No. 197567
2025-12-06 18:25:13,669 - INFO -   Title: Governor Enrique T. Garcia, Jr. vs. Office of the Ombudsman,...
2025-12-06 18:25:14,056 - INFO -   Case already exists: RESTRUCTURED_DB/2014/nov/197567.json
2025-12-06 18:25:14,556 - INFO - 
[361/2500] Processing G.R. No. 197590
2025-12-06 18:25:14,556 - INFO -   Title: Bureau of Internal Revenue, as represented by the Commission...
2025-12-06 18:25:14,944 - INFO -   Case already exists: RESTRUCTURED_DB/2014/nov/197590.json
2025-12-06 18:25:15,445 - INFO - 
[362/2500] Processing G.R. No. 197591
2025-12-06 18:25:15,445 - INFO -   Title: Taganito Mining Corporation vs. Commissioner of Internal Rev...
2025-12-06 18:25:15,653 - INFO -   Case already exists: RESTRUCTURED_DB/2014/jun/197591.json
2025-12-06 18:25:16,153 - INFO - 
[363/2500] Processing G.R. No. 197676
2025-12-06 18:25:16,153 - INFO -   Title: Remman Enterprises, Inc., et al. vs. Professional Regulatory...
2025-12-06 18:25:16,540 - INFO -   Case already exists: RESTRUCTURED_DB/2014/feb/197676.json
2025-12-06 18:25:17,040 - INFO - 
[364/2500] Processing G.R. No. 197760
2025-12-06 18:25:17,040 - INFO -   Title: Team Energy Corporation (formerly Mirant Pagbilao Corp.) vs....
2025-12-06 18:25:17,250 - INFO -   Case already exists: RESTRUCTURED_DB/2014/jan/197760.json
2025-12-06 18:25:17,750 - INFO - 
[365/2500] Processing G.R. No. 197857
2025-12-06 18:25:17,750 - INFO -   Title: Spouses Francisco Sierra (substituted by Donato, Teresita Te...
2025-12-06 18:25:18,137 - INFO -   Case already exists: RESTRUCTURED_DB/2014/sep/197857.json
2025-12-06 18:25:18,637 - INFO - 
[366/2500] Processing G.R. No. 197942
2025-12-06 18:25:18,637 - INFO -   Title: Philippine Amusement and Gaming Corporation vs Thunderbird P...
2025-12-06 18:25:19,026 - INFO -   Case already exists: RESTRUCTURED_DB/2014/mar/197942.json
2025-12-06 18:25:19,527 - INFO - 
[367/2500] Processing G.R. No. 198022
2025-12-06 18:25:19,527 - INFO -   Title: People of the Philippines vs. Sonny Gatarin y Caballero @ "J...
2025-12-06 18:25:19,914 - INFO -   Case already exists: RESTRUCTURED_DB/2014/apr/198022.json
2025-12-06 18:25:20,414 - INFO - 
[368/2500] Processing G.R. No. 198059
2025-12-06 18:25:20,414 - INFO -   Title: People of the Philippines vs. Antonio Lujeco y Macanoquit al...
2025-12-06 18:25:20,623 - INFO -   Case already exists: RESTRUCTURED_DB/2014/apr/198059.json
2025-12-06 18:25:21,123 - INFO - 
[369/2500] Processing G.R. No. 198076
2025-12-06 18:25:21,124 - INFO -   Title: Taganito Mining Corporation vs. Commissioner of Internal Rev...
2025-12-06 18:25:21,508 - INFO -   Case already exists: RESTRUCTURED_DB/2014/nov/198076.json
2025-12-06 18:25:22,009 - INFO - 
[370/2500] Processing G.R. No. 198093
2025-12-06 18:25:22,009 - INFO -   Title: FLP Enterprises Inc.-Francesco Shoes/Emilio Francisco B. Paj...
2025-12-06 18:25:22,217 - INFO -   Case already exists: RESTRUCTURED_DB/2014/jul/198093.json
2025-12-06 18:25:22,717 - INFO - 
[371/2500] Processing G.R. No. 198097
2025-12-06 18:25:22,717 - INFO -   Title: Status Maritime Corporation, et al. vs. Spouses Margarito B....
2025-12-06 18:25:23,104 - INFO -   Case already exists: RESTRUCTURED_DB/2014/jul/198097.json
2025-12-06 18:25:23,604 - INFO - 
[372/2500] Processing G.R. No. 198139
2025-12-06 18:25:23,604 - INFO -   Title: National Power Corporation vs. Felicisimo Tarcelo, et al....
2025-12-06 18:25:23,991 - INFO -   Case already exists: RESTRUCTURED_DB/2014/sep/198139.json
2025-12-06 18:25:24,491 - INFO - 
[373/2500] Processing G.R. No. 198226
2025-12-06 18:25:24,492 - INFO -   Title: Aboitiz Transport System Corp., et al. vs. Carlos A. Gothong...
2025-12-06 18:25:24,700 - INFO -   Case already exists: RESTRUCTURED_DB/2014/jul/198226.json
2025-12-06 18:25:25,200 - INFO - 
[374/2500] Processing G.R. No. 198271
2025-12-06 18:25:25,200 - INFO -   Title: Arnaldo M. Espinas, Lillian N. Asprer, and Eleanora R. De Je...
2025-12-06 18:25:25,587 - INFO -   Case already exists: RESTRUCTURED_DB/2014/apr/198271.json
2025-12-06 18:25:26,087 - INFO - 
[375/2500] Processing G.R. No. 198314
2025-12-06 18:25:26,087 - INFO -   Title: People of the Philippines vs. Richard Guinto y San Andres...
2025-12-06 18:25:26,296 - INFO -   Case already exists: RESTRUCTURED_DB/2014/sep/198314.json
2025-12-06 18:25:26,796 - INFO - 
[376/2500] Processing G.R. No. 198342
2025-12-06 18:25:26,796 - INFO -   Title: Remedios O. Yap vs. Rover Maritime Services Corporation, et ...
2025-12-06 18:25:27,183 - INFO -   Case already exists: RESTRUCTURED_DB/2014/aug/198342.json
2025-12-06 18:25:27,683 - INFO - 
[377/2500] Processing G.R. No. 198367
2025-12-06 18:25:27,683 - INFO -   Title: OSG Shipmanagement Manila Inc., Mercedes M. Ravanopolous, OS...
2025-12-06 18:25:28,464 - INFO -   Case already exists: RESTRUCTURED_DB/2014/aug/198367.json
2025-12-06 18:25:28,964 - INFO - 
[378/2500] Processing G.R. No. 198388
2025-12-06 18:25:28,964 - INFO -   Title: Joraina Dragon Talosig vs. United Philippine Lines, Inc., et...
2025-12-06 18:25:29,356 - INFO -   Case already exists: RESTRUCTURED_DB/2014/jul/198388.json
2025-12-06 18:25:29,856 - INFO - 
[379/2500] Processing G.R. No. 198408
2025-12-06 18:25:29,856 - INFO -   Title: Conchita J. Racelis vs. United Philippine Lines, Inc. and/or...
2025-12-06 18:25:30,256 - INFO -   Case already exists: RESTRUCTURED_DB/2014/nov/198408.json
2025-12-06 18:25:30,756 - INFO - 
[380/2500] Processing G.R. No. 198528
2025-12-06 18:25:30,757 - INFO -   Title: Magsaysay Mitsui Osk Marine, Inc. and/or MOL Tankship Manage...
2025-12-06 18:25:30,970 - INFO -   Case already exists: RESTRUCTURED_DB/2014/oct/198528.json
2025-12-06 18:25:31,470 - INFO - 
[381/2500] Processing G.R. No. 198538
2025-12-06 18:25:31,470 - INFO -   Title: Exocet Security and Allied Services Corporation and/or Ma. T...
2025-12-06 18:25:31,682 - INFO -   Case already exists: RESTRUCTURED_DB/2014/sep/198538.json
2025-12-06 18:25:32,183 - INFO - 
[382/2500] Processing G.R. No. 198620
2025-12-06 18:25:32,183 - INFO -   Title: P.J. Lhuillier, Inc. and Mario Ramon Ludeña vs. Flodeliz Vel...
2025-12-06 18:25:32,576 - INFO -   Case already exists: RESTRUCTURED_DB/2014/nov/198620.json
2025-12-06 18:25:33,076 - INFO - 
[383/2500] Processing G.R. No. 198636
2025-12-06 18:25:33,076 - INFO -   Title: Esperanza C. Carinan vs. Sps. Gavino Cuento, et al....
2025-12-06 18:25:33,289 - INFO -   Case already exists: RESTRUCTURED_DB/2014/oct/198636.json
2025-12-06 18:25:33,789 - INFO - 
[384/2500] Processing G.R. No. 198640
2025-12-06 18:25:33,789 - INFO -   Title: Carlo F. Sunga vs. Virjen Shipping Corporation, Nissho Odyss...
2025-12-06 18:25:34,181 - INFO -   Case already exists: RESTRUCTURED_DB/2014/apr/198640.json
2025-12-06 18:25:34,681 - INFO - 
[385/2500] Processing G.R. No. 198656
2025-12-06 18:25:34,681 - INFO -   Title: Nancy S. Montinola vs. Court of Appeals...
2025-12-06 18:25:35,076 - INFO -   Case already exists: RESTRUCTURED_DB/2014/sep/198656.json
2025-12-06 18:25:35,576 - INFO - 
[386/2500] Processing G.R. No. 198677
2025-12-06 18:25:35,577 - INFO -   Title: Commissioner of Internal Revenue vs. Basf + Inks Phils, Inc....
2025-12-06 18:25:35,789 - INFO -   Case already exists: RESTRUCTURED_DB/2014/nov/198677.json
2025-12-06 18:25:36,290 - INFO - 
[387/2500] Processing G.R. No. 198729
2025-12-06 18:25:36,290 - INFO -   Title: CBK Power Company Limited vs. Commissioner of Internal Reven...
2025-12-06 18:25:36,502 - INFO -   Case already exists: RESTRUCTURED_DB/2014/jan/172129.json
2025-12-06 18:25:37,002 - INFO - 
[388/2500] Processing G.R. No. 198804
2025-12-06 18:25:37,002 - INFO -   Title: Carlito Valencia y Candelaria vs. People of the Philippines...
2025-12-06 18:25:37,395 - INFO -   Case already exists: RESTRUCTURED_DB/2014/jan/198804.json
2025-12-06 18:25:37,896 - INFO - 
[389/2500] Processing G.R. No. 198878
2025-12-06 18:25:37,896 - INFO -   Title: Residents of Lower Atab & Teachers' Village, Sto. Tomas Prop...
2025-12-06 18:25:38,108 - INFO -   Case already exists: RESTRUCTURED_DB/2014/oct/198878.json
2025-12-06 18:25:38,608 - INFO - 
[390/2500] Processing G.R. No. 198928
2025-12-06 18:25:38,609 - INFO -   Title: CBK Power Company Limited vs. Commissioner of Internal Reven...
2025-12-06 18:25:38,821 - INFO -   Case already exists: RESTRUCTURED_DB/2014/dec/198928.json
2025-12-06 18:25:39,321 - INFO - 
[391/2500] Processing G.R. No. 199008
2025-12-06 18:25:39,321 - INFO -   Title: Danilo Almero, et al. vs. Heirs of Miguel Pacquing, as repre...
2025-12-06 18:25:39,713 - INFO -   Case already exists: RESTRUCTURED_DB/2014/nov/199008.json
2025-12-06 18:25:40,213 - INFO - 
[392/2500] Processing G.R. No. 199022
2025-12-06 18:25:40,213 - INFO -   Title: Magsaysay Maritime Corporation vs. Oscar D. Chin, Jr....
2025-12-06 18:25:40,424 - INFO -   Case already exists: RESTRUCTURED_DB/2014/apr/199022.json
2025-12-06 18:25:40,925 - INFO - 
[393/2500] Processing G.R. No. 199027
2025-12-06 18:25:40,925 - INFO -   Title: The Office of the Solicitor General vs. the Court of Appeals...
2025-12-06 18:25:41,316 - INFO -   Case already exists: RESTRUCTURED_DB/2014/jun/199027.json
2025-12-06 18:25:41,816 - INFO - 
[394/2500] Processing G.R. No. 199028
2025-12-06 18:25:41,817 - INFO -   Title: Cosmos Bottling Corporation vs. Commission En Banc of the Se...
2025-12-06 18:25:42,208 - INFO -   Case already exists: RESTRUCTURED_DB/2014/nov/199028.json
2025-12-06 18:25:42,708 - INFO - 
[395/2500] Processing G.R. No. 199032
2025-12-06 18:25:42,708 - INFO -   Title: Retired SPO4 Bienvenido Laud vs. People of the Philippines...
2025-12-06 18:25:43,101 - INFO -   Case already exists: RESTRUCTURED_DB/2014/nov/199032.json
2025-12-06 18:25:43,602 - INFO - 
[396/2500] Processing G.R. No. 199042
2025-12-06 18:25:43,602 - INFO -   Title: Danilo Villanueva y Alcaraz vs. People of the Philippines...
2025-12-06 18:25:43,813 - INFO -   Case already exists: RESTRUCTURED_DB/2014/nov/199042.json
2025-12-06 18:25:44,313 - INFO - 
[397/2500] Processing G.R. No. 199070
2025-12-06 18:25:44,313 - INFO -   Title: People of the Philippines vs. Vicente R. Espinosa and Lindse...
2025-12-06 18:25:44,706 - INFO -   Case already exists: RESTRUCTURED_DB/2014/apr/199070.json
2025-12-06 18:25:45,207 - INFO - 
[398/2500] Processing G.R. No. 199096
2025-12-06 18:25:45,207 - INFO -   Title: People of the Philippines vs. Fred Traigo...
2025-12-06 18:25:45,417 - INFO -   Case already exists: RESTRUCTURED_DB/2014/jun/199096.json
2025-12-06 18:25:45,918 - INFO - 
[399/2500] Processing G.R. No. 199100
2025-12-06 18:25:45,918 - INFO -   Title: People of the Philippines vs. Rosendo Amaro...
2025-12-06 18:25:46,309 - INFO -   Case already exists: RESTRUCTURED_DB/2014/jul/199100.json
2025-12-06 18:25:46,809 - INFO - 
[400/2500] Processing G.R. No. 199133
2025-12-06 18:25:46,809 - INFO -   Title: Esperanza Tumpag substituted by her son Pablito Tumpag Belna...
2025-12-06 18:25:47,201 - INFO -   Case already exists: RESTRUCTURED_DB/2014/sep/199133.json
2025-12-06 18:25:47,701 - INFO - 
[401/2500] Processing G.R. No. 199139
2025-12-06 18:25:47,701 - INFO -   Title: Elsie S. Causing vs. Commission on Elections and Hernan D. B...
2025-12-06 18:25:48,095 - INFO -   Case already exists: RESTRUCTURED_DB/2014/sep/199139.json
2025-12-06 18:25:48,595 - INFO - 
[402/2500] Processing G.R. No. 199146
2025-12-06 18:25:48,595 - INFO -   Title: Heirs of Pacifico Pocido, et al. vs Arsenia Avila and Emelin...
2025-12-06 18:25:48,809 - INFO -   Case already exists: RESTRUCTURED_DB/2014/mar/199146.json
2025-12-06 18:25:49,309 - INFO - 
[403/2500] Processing G.R. No. 199208
2025-12-06 18:25:49,309 - INFO -   Title: People of the Philippines vs. Trinidad A. Cahilig...
2025-12-06 18:25:49,702 - INFO -   Case already exists: RESTRUCTURED_DB/2014/jul/199208.json
2025-12-06 18:25:50,202 - INFO - 
[404/2500] Processing G.R. No. 199211
2025-12-06 18:25:50,202 - INFO -   Title: People of the Philippines vs. Jeric Fernandez y Jaurigue...
2025-12-06 18:25:50,413 - INFO -   Case already exists: RESTRUCTURED_DB/2014/jun/199211.json
2025-12-06 18:25:50,913 - INFO - 
[405/2500] Processing G.R. No. 199226
2025-12-06 18:25:50,913 - INFO -   Title: People of the Philippines vs. Roel Vergara y Clavero...
2025-12-06 18:25:51,305 - INFO -   Case already exists: RESTRUCTURED_DB/2014/jan/199226.json
2025-12-06 18:25:51,805 - INFO - 
[406/2500] Processing G.R. No. 199268
2025-12-06 18:25:51,806 - INFO -   Title: People of the Philippines vs. Aurelio Jastiva...
2025-12-06 18:25:52,201 - INFO -   Case already exists: RESTRUCTURED_DB/2014/feb/199268.json
2025-12-06 18:25:52,701 - INFO - 
[407/2500] Processing G.R. No. 199283
2025-12-06 18:25:52,701 - INFO -   Title: Juliet Vitug Madarang and Romeo Bartolome, represented by hi...
2025-12-06 18:25:52,913 - INFO -   Case already exists: RESTRUCTURED_DB/2014/jun/199283.json
2025-12-06 18:25:53,414 - INFO - 
[408/2500] Processing G.R. No. 199310
2025-12-06 18:25:53,414 - INFO -   Title: Republic of the Philippines vs. Remman Enterprises, Inc. rep...
2025-12-06 18:25:53,808 - INFO -   Case already exists: RESTRUCTURED_DB/2014/feb/199310.json
2025-12-06 18:25:54,308 - INFO - 
[409/2500] Processing G.R. No. 199344
2025-12-06 18:25:54,308 - INFO -   Title: Vetyard Terminals & Shipping Services, Inc./Miguel S. Perez,...
2025-12-06 18:25:54,519 - INFO -   Case already exists: RESTRUCTURED_DB/2014/mar/199344.json
2025-12-06 18:25:55,020 - INFO - 
[410/2500] Processing G.R. No. 199388
2025-12-06 18:25:55,020 - INFO -   Title: Omni Hauling Services, Inc., Lolita Franco, Aniceto Franco v...
2025-12-06 18:25:55,411 - INFO -   Case already exists: RESTRUCTURED_DB/2014/sep/199388.json
2025-12-06 18:25:55,912 - INFO - 
[411/2500] Processing G.R. No. 199402
2025-12-06 18:25:55,912 - INFO -   Title: People of the Philippines vs. Enrique Quintos y Badilla...
2025-12-06 18:25:56,307 - INFO -   Case already exists: RESTRUCTURED_DB/2014/nov/199402.json
2025-12-06 18:25:56,807 - INFO - 
[412/2500] Processing G.R. No. 199439
2025-12-06 18:25:56,807 - INFO -   Title: City of General Santos, represented by its Mayor, Hon. Darle...
2025-12-06 18:25:57,203 - INFO -   Case already exists: RESTRUCTURED_DB/2014/apr/199439.json
2025-12-06 18:25:57,703 - INFO - 
[413/2500] Processing G.R. No. 199442
2025-12-06 18:25:57,703 - INFO -   Title: People of the Philippines vs. Francisco Abaigar...
2025-12-06 18:25:57,915 - INFO -   Case already exists: RESTRUCTURED_DB/2014/apr/199442.json
2025-12-06 18:25:58,415 - INFO - 
[414/2500] Processing G.R. No. 199448
2025-12-06 18:25:58,415 - INFO -   Title: Rolando S. Abadilla, Jr. vs. Sps. Bonifacio P. Obrero and Be...
2025-12-06 18:25:58,807 - INFO -   Case already exists: RESTRUCTURED_DB/2014/nov/199448.json
2025-12-06 18:25:59,307 - INFO - 
[415/2500] Processing G.R. No. 199549
2025-12-06 18:25:59,307 - INFO -   Title: Civil Service Commission and Department of Science and Techn...
2025-12-06 18:25:59,519 - INFO -   Case already exists: RESTRUCTURED_DB/2014/apr/199549.json
2025-12-06 18:26:00,019 - INFO - 
[416/2500] Processing G.R. No. 199595
2025-12-06 18:26:00,020 - INFO -   Title: Philippine Woman's Christian Temperance Union, Inc. vs. Teod...
2025-12-06 18:26:00,413 - INFO -   Case already exists: RESTRUCTURED_DB/2014/apr/199595.json
2025-12-06 18:26:00,913 - INFO - 
[417/2500] Processing G.R. No. 199687
2025-12-06 18:26:00,913 - INFO -   Title: Pacific Rehouse Corporation vs Court of Appeals and Export a...
2025-12-06 18:26:01,308 - INFO -   Case already exists: RESTRUCTURED_DB/2014/mar/199687.json
2025-12-06 18:26:01,808 - INFO - 
[418/2500] Processing G.R. No. 199689
2025-12-06 18:26:01,808 - INFO -   Title: People of the Philippines vs Hermanos Constantino, Jr. y Bin...
2025-12-06 18:26:02,022 - INFO -   Case already exists: RESTRUCTURED_DB/2014/mar/199689.json
2025-12-06 18:26:02,522 - INFO - 
[419/2500] Processing G.R. No. 199740
2025-12-06 18:26:02,522 - INFO -   Title: People of the Philippines vs Jerry Obogne...
2025-12-06 18:26:02,734 - INFO -   Case already exists: RESTRUCTURED_DB/2014/mar/199740.json
2025-12-06 18:26:03,234 - INFO - 
[420/2500] Processing G.R. No. 199780
2025-12-06 18:26:03,234 - INFO -   Title: Government Service Insurance Corporation vs. Jose M. Capacit...
2025-12-06 18:26:03,626 - INFO -   Case already exists: RESTRUCTURED_DB/2014/sep/199780.json
2025-12-06 18:26:04,127 - INFO - 
[421/2500] Processing G.R. No. 199852
2025-12-06 18:26:04,127 - INFO -   Title: Sps. Felipe Solitarios and Julia Torda vs. Sps. Gaston Jaque...
2025-12-06 18:26:04,520 - INFO -   Case already exists: RESTRUCTURED_DB/2014/nov/199852.json
2025-12-06 18:26:05,021 - INFO - 
[422/2500] Processing G.R. No. 199871
2025-12-06 18:26:05,021 - INFO -   Title: People of the Philippines vs. Wilfredo Solano, Jr. y Gecita...
2025-12-06 18:26:05,232 - INFO -   Case already exists: RESTRUCTURED_DB/2014/jun/199871.json
2025-12-06 18:26:05,733 - INFO - 
[423/2500] Processing G.R. No. 199874
2025-12-06 18:26:05,733 - INFO -   Title: People of the Philippines vs. Peter Fang y Gamboa a.k.a. "Fr...
2025-12-06 18:26:06,124 - INFO -   Case already exists: RESTRUCTURED_DB/2014/jul/199874.json
2025-12-06 18:26:06,625 - INFO - 
[424/2500] Processing G.R. No. 199886
2025-12-06 18:26:06,625 - INFO -   Title: Cagayan II Electric Cooperative, Inc. represented by its Gen...
2025-12-06 18:26:07,016 - INFO -   Case already exists: RESTRUCTURED_DB/2014/dec/199886.json
2025-12-06 18:26:07,517 - INFO - 
[425/2500] Processing G.R. No. 199898
2025-12-06 18:26:07,517 - INFO -   Title: People of the Philippines vs. Leo Dela Trinidad y Oballes...
2025-12-06 18:26:07,909 - INFO -   Case already exists: RESTRUCTURED_DB/2014/sep/199898.json
2025-12-06 18:26:08,409 - INFO - 
[426/2500] Processing G.R. No. 200065
2025-12-06 18:26:08,410 - INFO -   Title: Capital Shoes Factory, Ltd. vs. Traveler Kids, Inc....
2025-12-06 18:26:08,621 - INFO -   Case already exists: RESTRUCTURED_DB/2014/sep/200065.json
2025-12-06 18:26:09,121 - INFO - 
[427/2500] Processing G.R. No. 200077
2025-12-06 18:26:09,121 - INFO -   Title: People of the Philippines vs. Adel Ramos y Abellana...
2025-12-06 18:26:09,515 - INFO -   Case already exists: RESTRUCTURED_DB/2014/sep/200077.json
2025-12-06 18:26:10,015 - INFO - 
[428/2500] Processing G.R. No. 200103
2025-12-06 18:26:10,015 - INFO -   Title: Civil Service Commission vs. Maricelle M. Cortes...
2025-12-06 18:26:10,227 - INFO -   Case already exists: RESTRUCTURED_DB/2014/apr/200103.json
2025-12-06 18:26:10,727 - INFO - 
[429/2500] Processing G.R. No. 200148
2025-12-06 18:26:10,727 - INFO -   Title: Ramon A. Syhunliong vs. Teresita D. Rivera...
2025-12-06 18:26:11,120 - INFO -   Case already exists: RESTRUCTURED_DB/2014/jun/200148.json
2025-12-06 18:26:11,620 - INFO - 
[430/2500] Processing G.R. No. 200191
2025-12-06 18:26:11,620 - INFO -   Title: Lourdes C. Fernandez vs. Norma Villegas and any person actin...
2025-12-06 18:26:11,832 - INFO -   Case already exists: RESTRUCTURED_DB/2014/aug/200191.json
2025-12-06 18:26:12,333 - INFO - 
[431/2500] Processing G.R. No. 200250
2025-12-06 18:26:12,333 - INFO -   Title: UPSI Property Holdings, Inc. vs. Diesel Construction Co., In...
2025-12-06 18:26:12,726 - INFO -   Case already exists: RESTRUCTURED_DB/2014/aug/200250.json
2025-12-06 18:26:13,226 - INFO - 
[432/2500] Processing G.R. No. 200304
2025-12-06 18:26:13,226 - INFO -   Title: People of the Philippines vs. Donald Vasquez y Sandigan...
2025-12-06 18:26:13,621 - INFO -   Case already exists: RESTRUCTURED_DB/2014/jan/200304.json
2025-12-06 18:26:14,121 - INFO - 
[433/2500] Processing G.R. No. 200334
2025-12-06 18:26:14,121 - INFO -   Title: The People of the Philippines vs. Victor Cogaed y Romana...
2025-12-06 18:26:14,518 - INFO -   Case already exists: RESTRUCTURED_DB/2014/jul/200334.json
2025-12-06 18:26:15,018 - INFO - 
[434/2500] Processing G.R. No. 200358
2025-12-06 18:26:15,018 - INFO -   Title: People of the Philippines vs. Gerry Yable y Usman...
2025-12-06 18:26:15,230 - INFO -   Case already exists: RESTRUCTURED_DB/2014/apr/200358.json
2025-12-06 18:26:15,730 - INFO - 
[435/2500] Processing G.R. No. 200454
2025-12-06 18:26:15,730 - INFO -   Title: Holy Trinity Realty and Development Corporation vs. Victorio...
2025-12-06 18:26:16,306 - INFO -   Case already exists: RESTRUCTURED_DB/2014/oct/200454.json
2025-12-06 18:26:16,807 - INFO - 
[436/2500] Processing G.R. No. 200468
2025-12-06 18:26:16,807 - INFO -   Title: Macaria Arguelles and the Heirs of the Deceased Petronio Arg...
2025-12-06 18:26:17,019 - INFO -   Case already exists: RESTRUCTURED_DB/2014/mar/200468.json
2025-12-06 18:26:17,519 - INFO - 
[437/2500] Processing G.R. No. 200491
2025-12-06 18:26:17,519 - INFO -   Title: Kasamaka-Canlubang, Inc. represented by Pablito M. Egildo vs...
2025-12-06 18:26:17,912 - INFO -   Case already exists: RESTRUCTURED_DB/2014/jun/200491.json
2025-12-06 18:26:18,412 - INFO - 
[438/2500] Processing G.R. No. 200538
2025-12-06 18:26:18,412 - INFO -   Title: City of Davao vs. Court of Appeals and Benjamin C. De Guzman...
2025-12-06 18:26:18,804 - INFO -   Case already exists: RESTRUCTURED_DB/2014/aug/200538.json
2025-12-06 18:26:19,304 - INFO - 
[439/2500] Processing G.R. No. 200566
2025-12-06 18:26:19,304 - INFO -   Title: Jebsen Maritime Inc., et al. vs. Wilfredo E. Ravena...
2025-12-06 18:26:19,697 - INFO -   Case already exists: RESTRUCTURED_DB/2014/sep/200566.json
2025-12-06 18:26:20,197 - INFO - 
[440/2500] Processing G.R. No. 200575
2025-12-06 18:26:20,198 - INFO -   Title: Intel Technology Philippines, Inc. vs. National Labor Relati...
2025-12-06 18:26:20,410 - INFO -   Case already exists: RESTRUCTURED_DB/2014/feb/200575.json
2025-12-06 18:26:20,911 - INFO - 
[441/2500] Processing G.R. No. 200598
2025-12-06 18:26:20,911 - INFO -   Title: People of the Philippines vs. Dennis E. Tancinco...
2025-12-06 18:26:21,123 - INFO -   Case already exists: RESTRUCTURED_DB/2014/jun/200598.json
2025-12-06 18:26:21,623 - INFO - 
[442/2500] Processing G.R. No. 200645
2025-12-06 18:26:21,623 - INFO -   Title: People of the Philippines vs. Wendel Ocodl y Mendova...
2025-12-06 18:26:22,016 - INFO -   Case already exists: RESTRUCTURED_DB/2014/aug/200645.json
2025-12-06 18:26:22,516 - INFO - 
[443/2500] Processing G.R. No. 200729
2025-12-06 18:26:22,516 - INFO -   Title: Temic Automotive (Phils), Inc. vs. Renato...
2025-12-06 18:26:22,909 - INFO -   Case already exists: RESTRUCTURED_DB/2014/sep/200729.json
2025-12-06 18:26:23,409 - INFO - 
[444/2500] Processing G.R. No. 200746
2025-12-06 18:26:23,409 - INFO -   Title: Benson Industries Employees Union-ALU-TUCP and/or Vilma Geno...
2025-12-06 18:26:23,621 - INFO -   Case already exists: RESTRUCTURED_DB/2014/aug/200746.json
2025-12-06 18:26:24,122 - INFO - 
[445/2500] Processing G.R. No. 200748
2025-12-06 18:26:24,122 - INFO -   Title: Jaime Dela Cruz vs. People of the Philippines...
2025-12-06 18:26:24,334 - INFO -   Case already exists: RESTRUCTURED_DB/2014/jul/200748.json
2025-12-06 18:26:24,834 - INFO - 
[446/2500] Processing G.R. No. 200804
2025-12-06 18:26:24,835 - INFO -   Title: A.L. Ang Network, Inc. vs. Emma Mondejar, accompanied by her...
2025-12-06 18:26:25,047 - INFO -   Case already exists: RESTRUCTURED_DB/2014/jan/200804.json
2025-12-06 18:26:25,547 - INFO - 
[447/2500] Processing G.R. No. 200857
2025-12-06 18:26:25,547 - INFO -   Title: FVR Skills and Services Exponents, Inc. (SKILLEX), Fulgencio...
2025-12-06 18:26:25,940 - INFO -   Case already exists: RESTRUCTURED_DB/2014/oct/200857.json
2025-12-06 18:26:26,440 - INFO - 
[448/2500] Processing G.R. No. 200877
2025-12-06 18:26:26,441 - INFO -   Title: People of the Philippines vs. Charve John Lagahit...
2025-12-06 18:26:26,833 - INFO -   Case already exists: RESTRUCTURED_DB/2014/nov/200877.json
2025-12-06 18:26:27,333 - INFO - 
[449/2500] Processing G.R. No. 200884
2025-12-06 18:26:27,333 - INFO -   Title: The People of the Philippines vs. Mildred Salvatierra y Matu...
2025-12-06 18:26:27,546 - INFO -   Case already exists: RESTRUCTURED_DB/2014/jun/200884.json
2025-12-06 18:26:28,046 - INFO - 
[450/2500] Processing G.R. No. 200894
2025-12-06 18:26:28,047 - INFO -   Title: Luzviminda Apran Canlas vs. Republic of the Philippines...
2025-12-06 18:26:28,440 - INFO -   Case already exists: RESTRUCTURED_DB/2014/nov/200894.json
2025-12-06 18:26:28,941 - INFO - 
[451/2500] Processing G.R. No. 200903
2025-12-06 18:26:28,941 - INFO -   Title: Kalipunan ng Damayang Mahihirap, Inc. etc., et al. vs. Jessi...
2025-12-06 18:26:29,154 - INFO -   Case already exists: RESTRUCTURED_DB/2014/jul/200903.json
2025-12-06 18:26:29,654 - INFO - 
[452/2500] Processing G.R. No. 200915
2025-12-06 18:26:29,654 - INFO -   Title: People of the Philippines vs. Merlita Palomares y Costuna...
2025-12-06 18:26:29,866 - INFO -   Case already exists: RESTRUCTURED_DB/2014/feb/200915.json
2025-12-06 18:26:30,366 - INFO - 
[453/2500] Processing G.R. No. 200987
2025-12-06 18:26:30,366 - INFO -   Title: People of the Philippines vs. Ronaldo Bayan y Neri...
2025-12-06 18:26:30,758 - INFO -   Case already exists: RESTRUCTURED_DB/2014/aug/200987.json
2025-12-06 18:26:31,259 - INFO - 
[454/2500] Processing G.R. No. 201001
2025-12-06 18:26:31,259 - INFO -   Title: MCMP Construction Corp., vs. Monark Equipment Corp....
2025-12-06 18:26:31,651 - INFO -   Case already exists: RESTRUCTURED_DB/2014/nov/201001.json
2025-12-06 18:26:32,151 - INFO - 
[455/2500] Processing G.R. No. 201011
2025-12-06 18:26:32,151 - INFO -   Title: Theresita, Juan, Asuncion, Patrocinia, Ricardo, and Gloria, ...
2025-12-06 18:26:32,545 - INFO -   Case already exists: RESTRUCTURED_DB/2014/jan/201011.json
2025-12-06 18:26:33,045 - INFO - 
[456/2500] Processing G.R. No. 201043
2025-12-06 18:26:33,045 - INFO -   Title: Republic of the Philippines, represented by the Armed Forces...
2025-12-06 18:26:33,438 - INFO -   Case already exists: RESTRUCTURED_DB/2014/jun/201043.json
2025-12-06 18:26:33,938 - INFO - 
[457/2500] Processing G.R. No. 201072
2025-12-06 18:26:33,938 - INFO -   Title: United Philippine Lines, Inc. and Holland America Line vs. G...
2025-12-06 18:26:34,151 - INFO -   Case already exists: RESTRUCTURED_DB/2014/apr/201072.json
2025-12-06 18:26:34,651 - INFO - 
[458/2500] Processing G.R. No. 201111
2025-12-06 18:26:34,651 - INFO -   Title: People of the Philippines vs. Alfredo Cerdon y Sanchez...
2025-12-06 18:26:35,043 - INFO -   Case already exists: RESTRUCTURED_DB/2014/aug/201111.json
2025-12-06 18:26:35,543 - INFO - 
[459/2500] Processing G.R. No. 201156
2025-12-06 18:26:35,543 - INFO -   Title: People of the Philippines vs. Joselito Morate y Tarnate...
2025-12-06 18:26:35,936 - INFO -   Case already exists: RESTRUCTURED_DB/2014/jan/201156.json
2025-12-06 18:26:36,436 - INFO - 
[460/2500] Processing G.R. No. 201195
2025-12-06 18:26:36,437 - INFO -   Title: Taganito Mining Corporation vs. Commissioner of Internal Rev...
2025-12-06 18:26:36,829 - INFO -   Case already exists: RESTRUCTURED_DB/2014/nov/201195.json
2025-12-06 18:26:37,329 - INFO - 
[461/2500] Processing G.R. No. 201234
2025-12-06 18:26:37,329 - INFO -   Title: Heirs of Amada A. Zaulda, namely: Eleseo A. Zaulda and Rodol...
2025-12-06 18:26:37,541 - INFO -   Case already exists: RESTRUCTURED_DB/2014/mar/201234.json
2025-12-06 18:26:38,041 - INFO - 
[462/2500] Processing G.R. No. 201237
2025-12-06 18:26:38,041 - INFO -   Title: Philippine Touristers, Inc. and/or Alejandro R. Yague, Jr. v...
2025-12-06 18:26:38,435 - INFO -   Case already exists: RESTRUCTURED_DB/2014/sep/201237.json
2025-12-06 18:26:38,936 - INFO - 
[463/2500] Processing G.R. No. 201284
2025-12-06 18:26:38,936 - INFO -   Title: Luvimin Cebu Minig Corp. and Luvimin Port Services Company, ...
2025-12-06 18:26:39,148 - INFO -   Case already exists: RESTRUCTURED_DB/2014/nov/201284.json
2025-12-06 18:26:39,648 - INFO - 
[464/2500] Processing G.R. No. 201286
2025-12-06 18:26:39,648 - INFO -   Title: Inocencia Tagalog vs. Maria Lim Vda. De Gonzalez, et al....
2025-12-06 18:26:39,866 - INFO -   Case already exists: RESTRUCTURED_DB/2014/jul/201286.json
2025-12-06 18:26:40,367 - INFO - 
[465/2500] Processing G.R. No. 201298
2025-12-06 18:26:40,367 - INFO -   Title: Raul C. Cosare vs. Broadcom Asia, Inc., et al....
2025-12-06 18:26:40,760 - INFO -   Case already exists: RESTRUCTURED_DB/2014/feb/201298.json
2025-12-06 18:26:41,260 - INFO - 
[466/2500] Processing G.R. No. 201414
2025-12-06 18:26:41,261 - INFO -   Title: Pedro Perez vs. People of the Philippines...
2025-12-06 18:26:42,096 - WARNING -   ✗ Could not fetch case from any URL
2025-12-06 18:26:42,097 - INFO - 
[467/2500] Processing G.R. No. 201483
2025-12-06 18:26:42,097 - INFO -   Title: Conrado A. Lim vs. HMR Philippines, Inc., et al....
2025-12-06 18:26:42,491 - INFO -   Case already exists: RESTRUCTURED_DB/2014/aug/201483.json
2025-12-06 18:26:42,991 - INFO - 
[468/2500] Processing G.R. No. 201565
2025-12-06 18:26:42,991 - INFO -   Title: People of the Philippines vs. Ex-Mayor Carlos Estonilo, Sr.,...
2025-12-06 18:26:43,385 - INFO -   Case already exists: RESTRUCTURED_DB/2014/oct/201565.json
2025-12-06 18:26:43,886 - INFO - 
[469/2500] Processing G.R. No. 201572
2025-12-06 18:26:43,886 - INFO -   Title: People of the Philippines vs. Rael Delfin...
2025-12-06 18:26:44,098 - INFO -   Case already exists: RESTRUCTURED_DB/2014/jul/201572.json
2025-12-06 18:26:44,598 - INFO - 
[470/2500] Processing G.R. No. 201601
2025-12-06 18:26:44,598 - INFO -   Title: Marylou Cabrera vs Felix Ng...
2025-12-06 18:26:44,810 - INFO -   Case already exists: RESTRUCTURED_DB/2014/mar/201601.json
2025-12-06 18:26:45,310 - INFO - 
[471/2500] Processing G.R. No. 201643
2025-12-06 18:26:45,310 - INFO -   Title: Office of the Ombudsman vs Jose T. Capulong...
2025-12-06 18:26:45,703 - INFO -   Case already exists: RESTRUCTURED_DB/2014/mar/201643.json
2025-12-06 18:26:46,203 - INFO - 
[472/2500] Processing G.R. No. 201644
2025-12-06 18:26:46,203 - INFO -   Title: People of the Philippines vs. Jose C. Go and Aida C. Dela Ro...
2025-12-06 18:26:46,415 - INFO -   Case already exists: RESTRUCTURED_DB/2014/sep/201644.json
2025-12-06 18:26:46,915 - INFO - 
[473/2500] Processing G.R. No. 201663
2025-12-06 18:26:46,915 - INFO -   Title: Emmanuel M. Olores vs Manila Doctors College and/or Teresita...
2025-12-06 18:26:47,308 - INFO -   Case already exists: RESTRUCTURED_DB/2014/mar/201663.json
2025-12-06 18:26:47,808 - INFO - 
[474/2500] Processing G.R. No. 201725
2025-12-06 18:26:47,808 - INFO -   Title: People of the Philippines vs. Joy Alcala y Novilla...
2025-12-06 18:26:48,201 - INFO -   Case already exists: RESTRUCTURED_DB/2014/jul/201725.json
2025-12-06 18:26:48,701 - INFO - 
[475/2500] Processing G.R. No. 201732
2025-12-06 18:26:48,701 - INFO -   Title: People of the Philippines vs Jesus Burce...
2025-12-06 18:26:49,457 - INFO -   Case already exists: RESTRUCTURED_DB/2014/mar/201732.json
2025-12-06 18:26:49,958 - INFO - 
[476/2500] Processing G.R. No. 201781
2025-12-06 18:26:49,958 - INFO -   Title: Annie Geronimo, Susan Geronimo and Silverland Alliance Chris...
2025-12-06 18:26:50,342 - INFO -   Case already exists: RESTRUCTURED_DB/2014/dec/201781.json
2025-12-06 18:26:50,842 - INFO - 
[477/2500] Processing G.R. No. 201860
2025-12-06 18:26:50,843 - INFO -   Title: People of the Philippines vs. Marcelino Dadao, Antonio Sulin...
2025-12-06 18:26:51,227 - INFO -   Case already exists: RESTRUCTURED_DB/2014/jan/201860.json
2025-12-06 18:26:51,727 - INFO - 
[478/2500] Processing G.R. No. 202066
2025-12-06 18:26:51,727 - INFO -   Title: CNK Power Company Limited vs. Commissioner of Internal Reven...
2025-12-06 18:26:52,114 - INFO -   Case already exists: RESTRUCTURED_DB/2014/sep/202066.json
2025-12-06 18:26:52,615 - INFO - 
[479/2500] Processing G.R. No. 202071
2025-12-06 18:26:52,615 - INFO -   Title: Procted and Gamble Asia Pte Ltd. vs. Commissioner of Interna...
2025-12-06 18:26:52,823 - INFO -   Case already exists: RESTRUCTURED_DB/2014/feb/202071.json
2025-12-06 18:26:53,323 - INFO - 
[480/2500] Processing G.R. No. 202122
2025-12-06 18:26:53,323 - INFO -   Title: People of the Philippines vs. Bernabe Pareja y Cruz...
2025-12-06 18:26:53,710 - INFO -   Case already exists: RESTRUCTURED_DB/2014/jan/202122.json
2025-12-06 18:26:54,210 - INFO - 
[481/2500] Processing G.R. No. 202303
2025-12-06 18:26:54,210 - INFO -   Title: Gerardo R. Villaseñor and Rodel A. Mesa vs. Ombudsman and Ho...
2025-12-06 18:26:54,417 - INFO -   Case already exists: RESTRUCTURED_DB/2014/jun/202303.json
2025-12-06 18:26:54,918 - INFO - 
[482/2500] Processing G.R. No. 202354
2025-12-06 18:26:54,918 - INFO -   Title: Amanda C. Zacarias vs. Victoria Anacay, Edna Anacay, et al....
2025-12-06 18:26:55,302 - INFO -   Case already exists: RESTRUCTURED_DB/2014/sep/202354.json
2025-12-06 18:26:55,803 - INFO - 
[483/2500] Processing G.R. No. 202414
2025-12-06 18:26:55,803 - INFO -   Title: Josephine Wee vs. Felicidad Mardo...
2025-12-06 18:26:56,187 - INFO -   Case already exists: RESTRUCTURED_DB/2014/jun/202414.json
2025-12-06 18:26:56,687 - INFO - 
[484/2500] Processing G.R. No. 202666
2025-12-06 18:26:56,687 - INFO -   Title: Rhonda Ave S. Vivares and Sps. Margarita and David Suzara vs...
2025-12-06 18:26:57,073 - INFO -   Case already exists: RESTRUCTURED_DB/2014/sep/202666.json
2025-12-06 18:26:57,574 - INFO - 
[485/2500] Processing G.R. No. 202692
2025-12-06 18:26:57,574 - INFO -   Title: Edmund Sydeco y Sionzon vs. People of the Philippines...
2025-12-06 18:26:57,783 - INFO -   Case already exists: RESTRUCTURED_DB/2014/nov/202692.json
2025-12-06 18:26:58,283 - INFO - 
[486/2500] Processing G.R. No. 202701
2025-12-06 18:26:58,283 - INFO -   Title: People of the Philippines vs. Edilberto Balibay y Labis and ...
2025-12-06 18:26:58,491 - INFO -   Case already exists: RESTRUCTURED_DB/2014/sep/202701.json
2025-12-06 18:26:58,991 - INFO - 
[487/2500] Processing G.R. No. 202704
2025-12-06 18:26:58,991 - INFO -   Title: People of the Philippines vs. Joel Abat y Cometa...
2025-12-06 18:26:59,376 - INFO -   Case already exists: RESTRUCTURED_DB/2014/apr/202704.json
2025-12-06 18:26:59,876 - INFO - 
[488/2500] Processing G.R. No. 202733
2025-12-06 18:26:59,876 - INFO -   Title: Development Bank of the Philippines vs. Commission on Audit,...
2025-12-06 18:27:00,264 - INFO -   Case already exists: RESTRUCTURED_DB/2014/sep/202733.json
2025-12-06 18:27:00,764 - INFO - 
[489/2500] Processing G.R. No. 202733
2025-12-06 18:27:00,764 - INFO -   Title: Development Bank of the Phil. vs. Commission on Audit, et al...
2025-12-06 18:27:01,149 - INFO -   Case already exists: RESTRUCTURED_DB/2014/sep/202733.json
2025-12-06 18:27:01,649 - INFO - 
[490/2500] Processing G.R. No. 202809
2025-12-06 18:27:01,649 - INFO -   Title: Dennis L. Go vs. Republic of the Philippines...
2025-12-06 18:27:02,033 - INFO -   Case already exists: RESTRUCTURED_DB/2014/jul/202809.json
2025-12-06 18:27:02,534 - INFO - 
[491/2500] Processing G.R. No. 202838
2025-12-06 18:27:02,534 - INFO -   Title: People of the Philippines vs. Julito Gerandoy...
2025-12-06 18:27:02,920 - INFO -   Case already exists: RESTRUCTURED_DB/2014/sep/202838.json
2025-12-06 18:27:03,420 - INFO - 
[492/2500] Processing G.R. No. 202976
2025-12-06 18:27:03,420 - INFO -   Title: People of the Philippines vs. Mervin Gahi...
2025-12-06 18:27:03,806 - INFO -   Case already exists: RESTRUCTURED_DB/2014/aug/202976.json
2025-12-06 18:27:04,306 - INFO - 
[493/2500] Processing G.R. No. 202996
2025-12-06 18:27:04,306 - INFO -   Title: Marlo A. Deoferio vs. Intel Technology Philippines, Inc., et...
2025-12-06 18:27:04,517 - INFO -   Case already exists: RESTRUCTURED_DB/2014/jun/202996.json
2025-12-06 18:27:05,017 - INFO - 
[494/2500] Processing G.R. No. 203022
2025-12-06 18:27:05,017 - INFO -   Title: Antonio Martinez vs. Hon. Ronaldo B. Martin, Presiding Judge...
2025-12-06 18:27:05,225 - INFO -   Case already exists: RESTRUCTURED_DB/2014/dec/203022.json
2025-12-06 18:27:05,726 - INFO - 
[495/2500] Processing G.R. No. 203028
2025-12-06 18:27:05,726 - INFO -   Title: People of the Philippines vs. Joselito Beran y Zapanta...
2025-12-06 18:27:06,290 - INFO -   Case already exists: RESTRUCTURED_DB/2014/jan/203028.json
2025-12-06 18:27:06,790 - INFO - 
[496/2500] Processing G.R. No. 203048
2025-12-06 18:27:06,790 - INFO -   Title: People of the Philippines vs. Rusty Bala...
2025-12-06 18:27:06,998 - INFO -   Case already exists: RESTRUCTURED_DB/2014/aug/203048.json
2025-12-06 18:27:07,498 - INFO - 
[497/2500] Processing G.R. No. 203080
2025-12-06 18:27:07,498 - INFO -   Title: Dr. Idol L. Bondoc vs. Marilou R. Mantala...
2025-12-06 18:27:07,883 - INFO -   Case already exists: RESTRUCTURED_DB/2014/nov/203080.json
2025-12-06 18:27:08,383 - INFO - 
[498/2500] Processing G.R. No. 203086
2025-12-06 18:27:08,383 - INFO -   Title: People of the Philippines vs. Jose Dalan y Paldingan...
2025-12-06 18:27:08,590 - INFO -   Case already exists: RESTRUCTURED_DB/2014/jun/203086.json
2025-12-06 18:27:09,090 - INFO - 
[499/2500] Processing G.R. No. 203254
2025-12-06 18:27:09,091 - INFO -   Title: Dr. Joy Margate Lee vs. Pssupt. Neri A. Ilagan...
2025-12-06 18:27:09,299 - INFO -   Case already exists: RESTRUCTURED_DB/2014/oct/203254.json
2025-12-06 18:27:09,799 - INFO - 
[500/2500] Processing G.R. No. 203288
2025-12-06 18:27:09,799 - INFO -   Title: Remedios M. Mauleon vs. Lolina Moran Porter rep. by Ervin C....
2025-12-06 18:27:10,184 - INFO -   Case already exists: RESTRUCTURED_DB/2014/jul/203288.json
2025-12-06 18:27:10,684 - INFO - 
[501/2500] Processing G.R. No. 203332
2025-12-06 18:27:10,684 - INFO -   Title: Florencio Libongcogon, et al. vs. Phimco Industries, Inc....
2025-12-06 18:27:11,070 - INFO -   Case already exists: RESTRUCTURED_DB/2014/jun/203332.json
2025-12-06 18:27:11,570 - INFO - 
[502/2500] Processing G.R. No. 203335
2025-12-06 18:27:11,570 - INFO -   Title: Jose Jesus M. Disini, Jr., et al., vs. the Secretary of Just...
2025-12-06 18:27:11,954 - INFO -   Case already exists: RESTRUCTURED_DB/2014/apr/203335.json
2025-12-06 18:27:12,454 - INFO - 
[503/2500] Processing G.R. No. 203335
2025-12-06 18:27:12,454 - INFO -   Title: Jose Jesus M. Disini, Jr., et al. vs. the Secretary of Justi...
2025-12-06 18:27:13,200 - INFO -   Case already exists: RESTRUCTURED_DB/2014/feb/203335.json
2025-12-06 18:27:13,700 - INFO - 
[504/2500] Processing G.R. No. 203434
2025-12-06 18:27:13,700 - INFO -   Title: People of the Philippines vs. Marcelino Viterbo y Realubit a...
2025-12-06 18:27:14,086 - INFO -   Case already exists: RESTRUCTURED_DB/2014/jul/203434.json
2025-12-06 18:27:14,586 - INFO - 
[505/2500] Processing G.R. No. 203472
2025-12-06 18:27:14,586 - INFO -   Title: Magsaysay Maritime Corporation, et al. vs. Henry M. Simbajon...
2025-12-06 18:27:14,973 - INFO -   Case already exists: RESTRUCTURED_DB/2014/jul/203472.json
2025-12-06 18:27:15,473 - INFO - 
[506/2500] Processing G.R. No. 203560
2025-12-06 18:27:15,473 - INFO -   Title: Republic of the Philippines vs. Apostolita San Mateo, Brigid...
2025-12-06 18:27:15,682 - INFO -   Case already exists: RESTRUCTURED_DB/2014/nov/203560.json
2025-12-06 18:27:16,182 - INFO - 
[507/2500] Processing G.R. No. 203583
2025-12-06 18:27:16,182 - INFO -   Title: Leonora Rimando vs. Spouses Winston and Elenita Aldaba, and ...
2025-12-06 18:27:16,390 - INFO -   Case already exists: RESTRUCTURED_DB/2014/oct/203583.json
2025-12-06 18:27:16,890 - INFO - 
[508/2500] Processing G.R. No. 203605
2025-12-06 18:27:16,890 - INFO -   Title: P/C Insp. Lawrence B. Cajipe, et al. vs. People of the Phili...
2025-12-06 18:27:17,274 - INFO -   Case already exists: RESTRUCTURED_DB/2014/apr/203605.json
2025-12-06 18:27:17,774 - INFO - 
[509/2500] Processing G.R. No. 203655
2025-12-06 18:27:17,774 - INFO -   Title: SM Land, Inc. vs. Bases Conversion Development Authority and...
2025-12-06 18:27:18,341 - INFO -   Case already exists: RESTRUCTURED_DB/2014/aug/203655.json
2025-12-06 18:27:18,841 - INFO - 
[510/2500] Processing G.R. No. 203696
2025-12-06 18:27:18,841 - INFO -   Title: Jesse Philip B. Eijansantos vs. Special Presidential Task Fo...
2025-12-06 18:27:19,049 - INFO -   Case already exists: RESTRUCTURED_DB/2014/jun/203696.json
2025-12-06 18:27:19,550 - INFO - 
[511/2500] Processing G.R. No. 203760
2025-12-06 18:27:19,550 - INFO -   Title: Homer C. Javier, represented by his mother and natural guard...
2025-12-06 18:27:19,759 - INFO -   Case already exists: RESTRUCTURED_DB/2014/dec/203760.json
2025-12-06 18:27:20,259 - INFO - 
[512/2500] Processing G.R. No. 203775
2025-12-06 18:27:20,259 - INFO -   Title: Association of Flood Victims, et al. vs. Commission on Elect...
2025-12-06 18:27:20,467 - INFO -   Case already exists: RESTRUCTURED_DB/2014/aug/203775.json
2025-12-06 18:27:20,967 - INFO - 
[513/2500] Processing G.R. No. 203834
2025-12-06 18:27:20,967 - INFO -   Title: Heirs of Diosdado M. Mendoza, namely: Licinia V. Mendoza, et...
2025-12-06 18:27:21,352 - INFO -   Case already exists: RESTRUCTURED_DB/2014/jul/203834.json
2025-12-06 18:27:21,853 - INFO - 
[514/2500] Processing G.R. No. 203947
2025-12-06 18:27:21,853 - INFO -   Title: Rufa A. Rubio, et al. vs. Lourdes Alabata...
2025-12-06 18:27:22,061 - INFO -   Case already exists: RESTRUCTURED_DB/2014/feb/203947.json
2025-12-06 18:27:22,561 - INFO - 
[515/2500] Processing G.R. No. 203957
2025-12-06 18:27:22,561 - INFO -   Title: University of Santo Tomas Faculty Union vs. University of Sa...
2025-12-06 18:27:23,127 - INFO -   Case already exists: RESTRUCTURED_DB/2014/jul/203957.json
2025-12-06 18:27:23,627 - INFO - 
[516/2500] Processing G.R. No. 203974
2025-12-06 18:27:23,627 - INFO -   Title: Aurelio M. Umali vs. Commission on Elections, Julius Cesar v...
2025-12-06 18:27:24,014 - INFO -   Case already exists: RESTRUCTURED_DB/2014/apr/203974.json
2025-12-06 18:27:24,514 - INFO - 
[517/2500] Processing G.R. No. 203984
2025-12-06 18:27:24,514 - INFO -   Title: People of the Philippines vs. Medario Calatiao y Dimalanta...
2025-12-06 18:27:24,723 - INFO -   Case already exists: RESTRUCTURED_DB/2014/jun/203984.json
2025-12-06 18:27:25,223 - INFO - 
[518/2500] Processing G.R. No. 204025
2025-12-06 18:27:25,223 - INFO -   Title: Maria Lina S. Velayo vs. Poeple of the Philippines...
2025-12-06 18:27:25,608 - INFO -   Case already exists: RESTRUCTURED_DB/2014/nov/204025.json
2025-12-06 18:27:26,108 - INFO - 
[519/2500] Processing G.R. No. 204029
2025-12-06 18:27:26,108 - INFO -   Title: Avelina Abarientos Rebusquillo (substituted by her heirs, ex...
2025-12-06 18:27:26,316 - INFO -   Case already exists: RESTRUCTURED_DB/2014/jun/204029.json
2025-12-06 18:27:26,816 - INFO - 
[520/2500] Processing G.R. No. 204101
2025-12-06 18:27:26,816 - INFO -   Title: The Late Alberto B. Javier, as substituted by his surviving ...
2025-12-06 18:27:27,201 - INFO -   Case already exists: RESTRUCTURED_DB/2014/jul/204101.json
2025-12-06 18:27:27,701 - INFO - 
[521/2500] Processing G.R. No. 204142
2025-12-06 18:27:27,701 - INFO -   Title: Honda Cars Philippines, Inc. vs. Honda Cars Technical Specia...
2025-12-06 18:27:27,909 - INFO -   Case already exists: RESTRUCTURED_DB/2014/nov/204142.json
2025-12-06 18:27:28,410 - INFO - 
[522/2500] Processing G.R. No. 204160
2025-12-06 18:27:28,410 - INFO -   Title: Spouses Michelle M. Noynay and Noel S. Noynay vs. Cityhomes ...
2025-12-06 18:27:28,795 - INFO -   Case already exists: RESTRUCTURED_DB/2014/sep/204160.json
2025-12-06 18:27:29,295 - INFO - 
[523/2500] Processing G.R. No. 204233
2025-12-06 18:27:29,295 - INFO -   Title: Ricardo A. Dalusong vs. Eagle Clarc Shipping Philippines, In...
2025-12-06 18:27:29,681 - INFO -   Case already exists: RESTRUCTURED_DB/2014/sep/204233.json
2025-12-06 18:27:30,182 - INFO - 
[524/2500] Processing G.R. No. 204369
2025-12-06 18:27:30,182 - INFO -   Title: Enriqueta M. Locsin vs. Bernardo Hizon, Carlos Hizon, Sps. J...
2025-12-06 18:27:30,568 - INFO -   Case already exists: RESTRUCTURED_DB/2014/sep/204369.json
2025-12-06 18:27:31,068 - INFO - 
[525/2500] Processing G.R. No. 204406
2025-12-06 18:27:31,068 - INFO -   Title: Macarthur Melicdem and Hermenigildo Flores vs. Marulas Indus...
2025-12-06 18:27:31,277 - INFO -   Case already exists: RESTRUCTURED_DB/2014/feb/204406.json
2025-12-06 18:27:31,777 - INFO - 
[526/2500] Processing G.R. No. 204429
2025-12-06 18:27:31,777 - INFO -   Title: Smart Communications, Inc. vs. Municipality of Malvar, Batan...
2025-12-06 18:27:32,163 - INFO -   Case already exists: RESTRUCTURED_DB/2014/feb/204429.json
2025-12-06 18:27:32,663 - INFO - 
[527/2500] Processing G.R. No. 204589
2025-12-06 18:27:32,663 - INFO -   Title: Rizaldy Sanchez y Cajili vs. People of the Philippines...
2025-12-06 18:27:33,051 - INFO -   Case already exists: RESTRUCTURED_DB/2014/nov/204589.json
2025-12-06 18:27:33,551 - INFO - 
[528/2500] Processing G.R. No. 204626
2025-12-06 18:27:33,551 - INFO -   Title: Paul P. Gabriel, Jr., Ireneo C. Calwag, Thomas L. Tingga-an ...
2025-12-06 18:27:33,760 - INFO -   Case already exists: RESTRUCTURED_DB/2014/jun/204626.json
2025-12-06 18:27:34,261 - INFO - 
[529/2500] Processing G.R. No. 204651
2025-12-06 18:27:34,261 - INFO -   Title: Our Haus Realty Development Corporation vs. Alexander Parian...
2025-12-06 18:27:34,647 - INFO -   Case already exists: RESTRUCTURED_DB/2014/aug/204651.json
2025-12-06 18:27:35,148 - INFO - 
[530/2500] Processing G.R. No. 204699
2025-12-06 18:27:35,148 - INFO -   Title: Bahia Shipping Services, Inc., et al. vs. Joel P. Hipe, Jr....
2025-12-06 18:27:35,358 - INFO -   Case already exists: RESTRUCTURED_DB/2014/nov/204699.json
2025-12-06 18:27:35,859 - INFO - 
[531/2500] Processing G.R. No. 204700
2025-12-06 18:27:35,859 - INFO -   Title: Eagleridge Development Corporation, Marcelo N. Naval and Cri...
2025-12-06 18:27:36,245 - INFO -   Case already exists: RESTRUCTURED_DB/2014/nov/204700.json
2025-12-06 18:27:36,746 - INFO - 
[532/2500] Processing G.R. No. 204729
2025-12-06 18:27:36,746 - INFO -   Title: Lourdes Suites (Crown Hotel Management Corp.) vs. Noemi Bina...
2025-12-06 18:27:36,954 - INFO -   Case already exists: RESTRUCTURED_DB/2014/aug/204729.json
2025-12-06 18:27:37,454 - INFO - 
[533/2500] Processing G.R. No. 204745
2025-12-06 18:27:37,454 - INFO -   Title: Mindanao II Geothermal Partnership vs. Commissioner of Inter...
2025-12-06 18:27:37,839 - INFO -   Case already exists: RESTRUCTURED_DB/2014/dec/204745.json
2025-12-06 18:27:38,339 - INFO - 
[534/2500] Processing G.R. No. 204755
2025-12-06 18:27:38,339 - INFO -   Title: Soledad Tria vs. People of the Philippines...
2025-12-06 18:27:38,724 - INFO -   Case already exists: RESTRUCTURED_DB/2014/sep/204755.json
2025-12-06 18:27:39,224 - INFO - 
[535/2500] Processing G.R. No. 204761
2025-12-06 18:27:39,225 - INFO -   Title: Emeritus Security and Maintenance Systems, Inc. vs. Janrie C...
2025-12-06 18:27:39,433 - INFO -   Case already exists: RESTRUCTURED_DB/2014/apr/204761.json
2025-12-06 18:27:39,933 - INFO - 
[536/2500] Processing G.R. No. 204800
2025-12-06 18:27:39,933 - INFO -   Title: National Transmission Corporation vs. Commission on Audit, A...
2025-12-06 18:27:40,320 - INFO -   Case already exists: RESTRUCTURED_DB/2014/oct/204800.json
2025-12-06 18:27:40,821 - INFO - 
[537/2500] Processing G.R. No. 204869
2025-12-06 18:27:40,821 - INFO -   Title: Technical Education and Skills Development Authority (TESDA)...
2025-12-06 18:27:41,206 - INFO -   Case already exists: RESTRUCTURED_DB/2014/mar/204869.json
2025-12-06 18:27:41,706 - INFO - 
[538/2500] Processing G.R. No. 204894
2025-12-06 18:27:41,706 - INFO -   Title: People of the Philippines vs Noel Enojas y Hingpit, Arnold G...
2025-12-06 18:27:41,913 - INFO -   Case already exists: RESTRUCTURED_DB/2014/mar/204894.json
2025-12-06 18:27:42,413 - INFO - 
[539/2500] Processing G.R. No. 204911
2025-12-06 18:27:42,414 - INFO -   Title: People of the Philippines vs. Mike Steve y Basman and Rashid...
2025-12-06 18:27:42,800 - INFO -   Case already exists: RESTRUCTURED_DB/2014/aug/204911.json
2025-12-06 18:27:43,300 - INFO - 
[540/2500] Processing G.R. No. 204926
2025-12-06 18:27:43,301 - INFO -   Title: Analceto C. Mangaser represented by his Attorney-in-fact Eus...
2025-12-06 18:27:43,686 - INFO -   Case already exists: RESTRUCTURED_DB/2014/dec/204926.json
2025-12-06 18:27:44,186 - INFO - 
[541/2500] Processing G.R. No. 204964
2025-12-06 18:27:44,186 - INFO -   Title: Remigio D. Espiritu and Noel Agustin vs. Lutgarda Torres Del...
2025-12-06 18:27:44,573 - INFO -   Case already exists: RESTRUCTURED_DB/2014/oct/204964.json
2025-12-06 18:27:45,073 - INFO - 
[542/2500] Processing G.R. No. 205015
2025-12-06 18:27:45,073 - INFO -   Title: Ma. Mimie Cresencio vs. People of the Philippines...
2025-12-06 18:27:45,289 - INFO -   Case already exists: RESTRUCTURED_DB/2014/nov/205015.json
2025-12-06 18:27:45,789 - INFO - 
[543/2500] Processing G.R. No. 205055
2025-12-06 18:27:45,789 - INFO -   Title: Commissioner of Internal Revenue vs. Team Sual Corporation, ...
2025-12-06 18:27:46,175 - INFO -   Case already exists: RESTRUCTURED_DB/2014/jul/205055.json
2025-12-06 18:27:46,676 - INFO - 
[544/2500] Processing G.R. No. 205136
2025-12-06 18:27:46,676 - INFO -   Title: Olivia De Silva Cerafica vs. Commission on Elections...
2025-12-06 18:27:46,885 - INFO -   Case already exists: RESTRUCTURED_DB/2014/dec/205136.json
2025-12-06 18:27:47,385 - INFO - 
[545/2500] Processing G.R. No. 205144
2025-12-06 18:27:47,385 - INFO -   Title: Margie Balerta vs. People of the Philippines...
2025-12-06 18:27:47,772 - INFO -   Case already exists: RESTRUCTURED_DB/2014/nov/205144.json
2025-12-06 18:27:48,272 - INFO - 
[546/2500] Processing G.R. No. 205179
2025-12-06 18:27:48,273 - INFO -   Title: Gerve Magallanes vs. Palmer Asia, Inc....
2025-12-06 18:27:48,483 - INFO -   Case already exists: RESTRUCTURED_DB/2014/jul/205179.json
2025-12-06 18:27:48,983 - INFO - 
[547/2500] Processing G.R. No. 205202
2025-12-06 18:27:48,983 - INFO -   Title: People of the Philippines vs. Nenita Gamata y Valdez...
2025-12-06 18:27:49,368 - INFO -   Case already exists: RESTRUCTURED_DB/2014/jun/205202.json
2025-12-06 18:27:49,869 - INFO - 
[548/2500] Processing G.R. No. 205227
2025-12-06 18:27:49,869 - INFO -   Title: People of the Philippines vs. Marco P. Alejandro...
2025-12-06 18:27:50,262 - INFO -   Case already exists: RESTRUCTURED_DB/2014/apr/205227.json
2025-12-06 18:27:50,762 - INFO - 
[549/2500] Processing G.R. No. 205230
2025-12-06 18:27:50,762 - INFO -   Title: People of the Philippines V.s Ernesto Ventura, Sr....
2025-12-06 18:27:50,971 - INFO -   Case already exists: RESTRUCTURED_DB/2014/mar/205230.json
2025-12-06 18:27:51,471 - INFO - 
[550/2500] Processing G.R. No. 205249
2025-12-06 18:27:51,471 - INFO -   Title: Spouses Benedict and Sandra Manuel vs. Ramon Ong...
2025-12-06 18:27:51,857 - INFO -   Case already exists: RESTRUCTURED_DB/2014/oct/205249.json
2025-12-06 18:27:52,357 - INFO - 
[551/2500] Processing G.R. No. 205278
2025-12-06 18:27:52,357 - INFO -   Title: Philippine Spring Water Resources, Inc./Danilo Y. Lua vs. Co...
2025-12-06 18:27:52,742 - INFO -   Case already exists: RESTRUCTURED_DB/2014/jun/205278.json
2025-12-06 18:27:53,242 - INFO - 
[552/2500] Processing G.R. No. 205298
2025-12-06 18:27:53,242 - INFO -   Title: Leopoldo Quintos y Del Amor vs. People of the Philippines...
2025-12-06 18:27:53,450 - INFO -   Case already exists: RESTRUCTURED_DB/2014/sep/205298.json
2025-12-06 18:27:53,951 - INFO - 
[553/2500] Processing G.R. No. 205357
2025-12-06 18:27:53,951 - INFO -   Title: GMA Network, Inc. vs. Commission on Elections/ABC Devt. Corp...
2025-12-06 18:27:54,517 - INFO -   Case already exists: RESTRUCTURED_DB/2014/sep/205357.json
2025-12-06 18:27:55,017 - INFO - 
[554/2500] Processing G.R. No. 205382
2025-12-06 18:27:55,018 - INFO -   Title: People of the Philippines vs. Mauricio Hallarte y Mendoza...
2025-12-06 18:27:55,227 - INFO -   Case already exists: RESTRUCTURED_DB/2014/apr/205382.json
2025-12-06 18:27:55,727 - INFO - 
[555/2500] Processing G.R. No. 205453
2025-12-06 18:27:55,727 - INFO -   Title: United Tourist Promotions (UTP), et al. vs. Harland B. Kempl...
2025-12-06 18:27:56,114 - INFO -   Case already exists: RESTRUCTURED_DB/2014/feb/205453.json
2025-12-06 18:27:56,614 - INFO - 
[556/2500] Processing G.R. No. 205487
2025-12-06 18:27:56,614 - INFO -   Title: Orion Savings Bank vs. Shigekane Suzuki...
2025-12-06 18:27:57,001 - INFO -   Case already exists: RESTRUCTURED_DB/2014/nov/205487.json
2025-12-06 18:27:57,501 - INFO - 
[557/2500] Processing G.R. No. 205543
2025-12-06 18:27:57,501 - INFO -   Title: San Roque Power Corporation vs. Commissioner of Internal Rev...
2025-12-06 18:27:57,888 - INFO -   Case already exists: RESTRUCTURED_DB/2014/jun/205543.json
2025-12-06 18:27:58,389 - INFO - 
[558/2500] Processing G.R. No. 205561
2025-12-06 18:27:58,389 - INFO -   Title: Dionisio B. Coloma, Jr. vs. Hon. Sandiganbayan and People of...
2025-12-06 18:27:58,597 - INFO -   Case already exists: RESTRUCTURED_DB/2014/sep/205561.json
2025-12-06 18:27:59,097 - INFO - 
[559/2500] Processing G.R. No. 205610
2025-12-06 18:27:59,097 - INFO -   Title: People of the Philippines vs. Ramonito Villarta y Rivera and...
2025-12-06 18:27:59,483 - INFO -   Case already exists: RESTRUCTURED_DB/2014/jul/205610.json
2025-12-06 18:27:59,983 - INFO - 
[560/2500] Processing G.R. No. 205664
2025-12-06 18:27:59,983 - INFO -   Title: Department of Education, represented by its Regional Directo...
2025-12-06 18:28:00,191 - INFO -   Case already exists: RESTRUCTURED_DB/2014/jun/205664.json
2025-12-06 18:28:00,692 - INFO - 
[561/2500] Processing G.R. No. 205741
2025-12-06 18:28:00,692 - INFO -   Title: People of the Philippines vs. Reyman Endaya y Laig...
2025-12-06 18:28:01,080 - INFO -   Case already exists: RESTRUCTURED_DB/2014/jul/205741.json
2025-12-06 18:28:01,580 - INFO - 
[562/2500] Processing G.R. No. 205800
2025-12-06 18:28:01,580 - INFO -   Title: Microsoft Corporation and Adobe Systems Incorporated vs. Sam...
2025-12-06 18:28:01,789 - INFO -   Case already exists: RESTRUCTURED_DB/2014/sep/205800.json
2025-12-06 18:28:02,290 - INFO - 
[563/2500] Processing G.R. No. 205821
2025-12-06 18:28:02,290 - INFO -   Title: People of the Philippines vs. Garry Dela Cruz y De Guzman...
2025-12-06 18:28:02,675 - INFO -   Case already exists: RESTRUCTURED_DB/2014/oct/205821.json
2025-12-06 18:28:03,175 - INFO - 
[564/2500] Processing G.R. No. 205870
2025-12-06 18:28:03,176 - INFO -   Title: Lei Sheryll Fernandez vs. Botica Claudio, represented by Gua...
2025-12-06 18:28:03,385 - INFO -   Case already exists: RESTRUCTURED_DB/2014/aug/205870.json
2025-12-06 18:28:03,885 - INFO - 
[565/2500] Processing G.R. No. 205879
2025-12-06 18:28:03,885 - INFO -   Title: Skunac Corporation and Alfonso F. Enriquez vs. Roberto S. Sy...
2025-12-06 18:28:05,208 - INFO -   Case already exists: RESTRUCTURED_DB/2014/apr/205879.json
2025-12-06 18:28:05,708 - INFO - 
[566/2500] Processing G.R. No. 206162
2025-12-06 18:28:05,708 - INFO -   Title: Alex M. Valencerina vs. People of the Philippines...
2025-12-06 18:28:06,277 - INFO -   Case already exists: RESTRUCTURED_DB/2014/dec/206162.json
2025-12-06 18:28:06,777 - INFO - 
[567/2500] Processing G.R. No. 206234
2025-12-06 18:28:06,777 - INFO -   Title: Heirs of Julio Sobremonte, et al. vs. Court of Appeals, et a...
2025-12-06 18:28:07,161 - INFO -   Case already exists: RESTRUCTURED_DB/2014/oct/206234.json
2025-12-06 18:28:07,662 - INFO - 
[568/2500] Processing G.R. No. 206248
2025-12-06 18:28:07,662 - INFO -   Title: Grace M. Grande vs. Patricio T. Antonio...
2025-12-06 18:28:08,047 - INFO -   Case already exists: RESTRUCTURED_DB/2014/feb/206248.json
2025-12-06 18:28:08,547 - INFO - 
[569/2500] Processing G.R. No. 206357
2025-12-06 18:28:08,547 - INFO -   Title: Presidential Commission on Good Government (PCGG) vs. the Ho...
2025-12-06 18:28:08,941 - INFO -   Case already exists: RESTRUCTURED_DB/2014/nov/206357.json
2025-12-06 18:28:09,441 - INFO - 
[570/2500] Processing G.R. No. 206366
2025-12-06 18:28:09,441 - INFO -   Title: People of the Philippines vs. Eduardo Balaquit y Balderama...
2025-12-06 18:28:09,826 - INFO -   Case already exists: RESTRUCTURED_DB/2014/aug/206366.json
2025-12-06 18:28:10,326 - INFO - 
[571/2500] Processing G.R. No. 206368
2025-12-06 18:28:10,326 - INFO -   Title: People of the Philippines vs. Leonardo Battad and Marcelino ...
2025-12-06 18:28:10,711 - INFO -   Case already exists: RESTRUCTURED_DB/2014/aug/206368.json
2025-12-06 18:28:11,211 - INFO - 
[572/2500] Processing G.R. No. 206379
2025-12-06 18:28:11,211 - INFO -   Title: Cecilia Pagaduan vs. Civil Service Commission and Rema Marti...
2025-12-06 18:28:11,600 - INFO -   Case already exists: RESTRUCTURED_DB/2014/nov/206379.json
2025-12-06 18:28:12,100 - INFO - 
[573/2500] Processing G.R. No. 206510
2025-12-06 18:28:12,100 - INFO -   Title: Most Rev. Pedro D. Arigo, et al. vs. Scott H. Swift, et al....
2025-12-06 18:28:12,666 - INFO -   Case already exists: RESTRUCTURED_DB/2014/sep/206510.json
2025-12-06 18:28:13,166 - INFO - 
[574/2500] Processing G.R. No. 206555
2025-12-06 18:28:13,166 - INFO -   Title: Atty. Fortunato Pagdanganan, Jr., et al. vs. Florentino P. S...
2025-12-06 18:28:13,550 - INFO -   Case already exists: RESTRUCTURED_DB/2014/sep/206555.json
2025-12-06 18:28:14,051 - INFO - 
[575/2500] Processing G.R. No. 206599
2025-12-06 18:28:14,051 - INFO -   Title: 680 Home Appliance, Inc. vs. Hon. Court of Appeals, et al....
2025-12-06 18:28:14,435 - INFO -   Case already exists: RESTRUCTURED_DB/2014/sep/206599.json
2025-12-06 18:28:14,935 - INFO - 
[576/2500] Processing G.R. No. 206661
2025-12-06 18:28:14,935 - INFO -   Title: Hon. Orlando C. Casimiro, in his capacity as Acting Ombudsma...
2025-12-06 18:28:15,733 - INFO -   Case already exists: RESTRUCTURED_DB/2014/dec/206661.json
2025-12-06 18:28:16,233 - INFO - 
[577/2500] Processing G.R. No. 206698
2025-12-06 18:28:16,233 - INFO -   Title: Luis R. Villafuerte vs. Commission on Elections, et al....
2025-12-06 18:28:16,628 - INFO -   Case already exists: RESTRUCTURED_DB/2014/feb/206698.json
2025-12-06 18:28:17,128 - INFO - 
[578/2500] Processing G.R. No. 206716
2025-12-06 18:28:17,129 - INFO -   Title: Ruben C. Jordan vs. Grandeur Security Services, Inc....
2025-12-06 18:28:17,516 - INFO -   Case already exists: RESTRUCTURED_DB/2014/jun/206716.json
2025-12-06 18:28:18,017 - INFO - 
[579/2500] Processing G.R. No. 206728
2025-12-06 18:28:18,017 - INFO -   Title: Apo Cement Corporation vs. Mingson Mining Industries Corpora...
2025-12-06 18:28:18,226 - INFO -   Case already exists: RESTRUCTURED_DB/2014/nov/206728.json
2025-12-06 18:28:18,726 - INFO - 
[580/2500] Processing G.R. No. 206768
2025-12-06 18:28:18,726 - INFO -   Title: People of the Philippines vs. Leonardo Castrodes...
2025-12-06 18:28:18,935 - INFO -   Case already exists: RESTRUCTURED_DB/2014/dec/206768.json
2025-12-06 18:28:19,435 - INFO - 
[581/2500] Processing G.R. No. 206770
2025-12-06 18:28:19,435 - INFO -   Title: People of the Philippines vs. Noel Prajes and Alipa Mala...
2025-12-06 18:28:19,821 - INFO -   Case already exists: RESTRUCTURED_DB/2014/apr/206770.json
2025-12-06 18:28:20,321 - INFO - 
[582/2500] Processing G.R. No. 206806
2025-12-06 18:28:20,321 - INFO -   Title: Arco Pulp and Paper Co., Inc. and Candida A. Santos vs. Dan....
2025-12-06 18:28:20,710 - INFO -   Case already exists: RESTRUCTURED_DB/2014/jun/206806.json
2025-12-06 18:28:21,211 - INFO - 
[583/2500] Processing G.R. No. 206912
2025-12-06 18:28:21,211 - INFO -   Title: People of the Philippines vs. Demosthenes Bontuyan...
2025-12-06 18:28:21,420 - INFO -   Case already exists: RESTRUCTURED_DB/2014/sep/206912.json
2025-12-06 18:28:21,920 - INFO - 
[584/2500] Processing G.R. No. 207175
2025-12-06 18:28:21,921 - INFO -   Title: Eduardo Magsumbol vs. People of the Philippines...
2025-12-06 18:28:22,129 - INFO -   Case already exists: RESTRUCTURED_DB/2014/nov/207175.json
2025-12-06 18:28:22,630 - INFO - 
[585/2500] Processing G.R. No. 207176
2025-12-06 18:28:22,630 - INFO -   Title: Spouses Victor and Edna Binua vs. Lucia P. Ong...
2025-12-06 18:28:22,839 - INFO -   Case already exists: RESTRUCTURED_DB/2014/jun/207176.json
2025-12-06 18:28:23,339 - INFO - 
[586/2500] Processing G.R. No. 207253
2025-12-06 18:28:23,339 - INFO -   Title: Crispin B. Lopez vs. Irvine Construction Corp. and Tomas Sy ...
2025-12-06 18:28:23,726 - INFO -   Case already exists: RESTRUCTURED_DB/2014/aug/207253.json
2025-12-06 18:28:24,227 - INFO - 
[587/2500] Processing G.R. No. 207266
2025-12-06 18:28:24,227 - INFO -   Title: Heirs fo Paciano Yabao, Represented by Remedios Chan vs. Paz...
2025-12-06 18:28:24,614 - INFO -   Case already exists: RESTRUCTURED_DB/2014/jun/207266.json
2025-12-06 18:28:25,114 - INFO - 
[588/2500] Processing G.R. No. 207348
2025-12-06 18:28:25,114 - INFO -   Title: Rowena R. Solante vs. Commission on Audit, Chairperson Ma. G...
2025-12-06 18:28:25,323 - INFO -   Case already exists: RESTRUCTURED_DB/2014/aug/207348.json
2025-12-06 18:28:25,823 - INFO - 
[589/2500] Processing G.R. No. 207376
2025-12-06 18:28:25,824 - INFO -   Title: Aida Padilla vs. Globe Asiatique Realty Holdings Corporation...
2025-12-06 18:28:26,211 - INFO -   Case already exists: RESTRUCTURED_DB/2014/aug/207376.json
2025-12-06 18:28:26,711 - INFO - 
[590/2500] Processing G.R. No. 207392
2025-12-06 18:28:26,711 - INFO -   Title: People of the Philippines vs. Ramie Ortega y Kalbi...
2025-12-06 18:28:26,920 - INFO -   Case already exists: RESTRUCTURED_DB/2014/jul/207392.json
2025-12-06 18:28:27,420 - INFO - 
[591/2500] Processing G.R. No. 207443
2025-12-06 18:28:27,421 - INFO -   Title: Genato Investments, Inc. vs. Hon. Judge Oscar P Barrientos, ...
2025-12-06 18:28:27,808 - INFO -   Case already exists: RESTRUCTURED_DB/2014/jul/207443.json
2025-12-06 18:28:28,308 - INFO - 
[592/2500] Processing G.R. No. 207513
2025-12-06 18:28:28,308 - INFO -   Title: People of the Philippines vs. Briccio Baculanta...
2025-12-06 18:28:28,533 - INFO -   Case already exists: RESTRUCTURED_DB/2014/jun/207513.json
2025-12-06 18:28:29,033 - INFO - 
[593/2500] Processing G.R. No. 207525
2025-12-06 18:28:29,034 - INFO -   Title: Bonifacio Peidad, represented by Maria Inspiracion Peidad-Da...
2025-12-06 18:28:29,243 - INFO -   Case already exists: RESTRUCTURED_DB/2014/jun/207525.json
2025-12-06 18:28:29,743 - INFO - 
[594/2500] Processing G.R. No. 207629
2025-12-06 18:28:29,743 - INFO -   Title: People of the Philippines vs. Arnel Villalba y Duran, et al....
2025-12-06 18:28:30,131 - INFO -   Case already exists: RESTRUCTURED_DB/2014/oct/207629.json
2025-12-06 18:28:30,632 - INFO - 
[595/2500] Processing G.R. No. 207664
2025-12-06 18:28:30,632 - INFO -   Title: People of the Philippines vs. Gil Salvidar y Garlan...
2025-12-06 18:28:31,019 - INFO -   Case already exists: RESTRUCTURED_DB/2014/jun/207664.json
2025-12-06 18:28:31,519 - INFO - 
[596/2500] Processing G.R. No. 207682
2025-12-06 18:28:31,519 - INFO -   Title: Conrado B. Nicart, Jr. as Provincial Governor of LGU-Eastern...
2025-12-06 18:28:31,729 - INFO -   Case already exists: RESTRUCTURED_DB/2014/dec/207682.json
2025-12-06 18:28:32,229 - INFO - 
[597/2500] Processing G.R. No. 207763
2025-12-06 18:28:32,229 - INFO -   Title: People of the Philippines vs. Rolando Rondina...
2025-12-06 18:28:32,619 - INFO -   Case already exists: RESTRUCTURED_DB/2014/jun/207763.json
2025-12-06 18:28:33,119 - INFO - 
[598/2500] Processing G.R. No. 207774
2025-12-06 18:28:33,119 - INFO -   Title: People of the Philippines vs. Carlos Alhambra y Masing...
2025-12-06 18:28:33,329 - INFO -   Case already exists: RESTRUCTURED_DB/2014/jun/207774.json
2025-12-06 18:28:33,829 - INFO - 
[599/2500] Processing G.R. No. 207818
2025-12-06 18:28:33,829 - INFO -   Title: People of the Philippines vs. Alex Delos Santos...
2025-12-06 18:28:34,039 - INFO -   Case already exists: RESTRUCTURED_DB/2014/jul/207818.json
2025-12-06 18:28:34,539 - INFO - 
[600/2500] Processing G.R. No. 207819
2025-12-06 18:28:34,539 - INFO -   Title: People of the Philippines vs Guillermo B. Candano, Jr....
2025-12-06 18:28:34,749 - INFO -   Case already exists: RESTRUCTURED_DB/2014/mar/207819.json
2025-12-06 18:28:35,250 - INFO - 
[601/2500] Processing G.R. No. 207851
2025-12-06 18:28:35,250 - INFO -   Title: Angel G. Naval vs. Commission on Elections and Nelson B. Jul...
2025-12-06 18:28:35,641 - INFO -   Case already exists: RESTRUCTURED_DB/2014/jul/207851.json
2025-12-06 18:28:36,141 - INFO - 
[602/2500] Processing G.R. No. 207900
2025-12-06 18:28:36,141 - INFO -   Title: Mayor Gamal S. Hayudini vs. Commission on Elections and Must...
2025-12-06 18:28:36,350 - INFO -   Case already exists: RESTRUCTURED_DB/2014/apr/207900.json
2025-12-06 18:28:36,851 - INFO - 
[603/2500] Processing G.R. No. 207949
2025-12-06 18:28:36,851 - INFO -   Title: People of the Philippines vs. Armando Dionaldo y Ebron, et a...
2025-12-06 18:28:37,060 - INFO -   Case already exists: RESTRUCTURED_DB/2014/jul/207949.json
2025-12-06 18:28:37,561 - INFO - 
[604/2500] Processing G.R. No. 207950
2025-12-06 18:28:37,561 - INFO -   Title: People of the Philippines vs. Mark Jason Chavez y Bitangcor...
2025-12-06 18:28:37,950 - INFO -   Case already exists: RESTRUCTURED_DB/2014/sep/207950.json
2025-12-06 18:28:38,450 - INFO - 
[605/2500] Processing G.R. No. 207983
2025-12-06 18:28:38,451 - INFO -   Title: Wenphil Corporation vs. Almer R. Abing and Anabelle M. Tuazo...
2025-12-06 18:28:38,661 - INFO -   Case already exists: RESTRUCTURED_DB/2014/apr/207983.json
2025-12-06 18:28:39,161 - INFO - 
[606/2500] Processing G.R. No. 207992
2025-12-06 18:28:39,161 - INFO -   Title: People of the Philippines vs. Roberto Holgado y Dela Cruz an...
2025-12-06 18:28:39,549 - INFO -   Case already exists: RESTRUCTURED_DB/2014/aug/207992.json
2025-12-06 18:28:40,049 - INFO - 
[607/2500] Processing G.R. No. 208007
2025-12-06 18:28:40,049 - INFO -   Title: People of the Philippines vs. Rodrigo Gutierez y Robles, et ...
2025-12-06 18:28:40,259 - INFO -   Case already exists: RESTRUCTURED_DB/2014/apr/208007.json
2025-12-06 18:28:40,759 - INFO - 
[608/2500] Processing G.R. No. 208169
2025-12-06 18:28:40,759 - INFO -   Title: People of the Philippines vs. Edward Adriano y Sales...
2025-12-06 18:28:40,968 - INFO -   Case already exists: RESTRUCTURED_DB/2014/oct/208169.json
2025-12-06 18:28:41,468 - INFO - 
[609/2500] Processing G.R. No. 208170
2025-12-06 18:28:41,468 - INFO -   Title: People of the Philippines vs. Petrus a.k.a. "John" and "Rick...
2025-12-06 18:28:41,855 - INFO -   Case already exists: RESTRUCTURED_DB/2014/aug/208170.json
2025-12-06 18:28:42,356 - INFO - 
[610/2500] Processing G.R. No. 208173
2025-12-06 18:28:42,356 - INFO -   Title: People of the Philippines vs. Oliver A. Buclao...
2025-12-06 18:28:42,744 - INFO -   Case already exists: RESTRUCTURED_DB/2014/jun/208173.json
2025-12-06 18:28:43,244 - INFO - 
[611/2500] Processing G.R. No. 208232
2025-12-06 18:28:43,244 - INFO -   Title: Surviving Heirs of Alfredo R. Bautista, namely: Epifania G. ...
2025-12-06 18:28:43,454 - INFO -   Case already exists: RESTRUCTURED_DB/2014/mar/208232.json
2025-12-06 18:28:43,954 - INFO - 
[612/2500] Processing G.R. No. 208261
2025-12-06 18:28:43,954 - INFO -   Title: Philippine Amusement and Gaming Corporatioin vs. Lorenia P. ...
2025-12-06 18:28:44,163 - INFO -   Case already exists: RESTRUCTURED_DB/2014/dec/208261.json
2025-12-06 18:28:44,663 - INFO - 
[613/2500] Processing G.R. No. 208293
2025-12-06 18:28:44,663 - INFO -   Title: Philippine National Bank vs. Carmelita S. Santos, et al....
2025-12-06 18:28:45,053 - INFO -   Case already exists: RESTRUCTURED_DB/2014/dec/208293.json
2025-12-06 18:28:45,553 - INFO - 
[614/2500] Processing G.R. No. 208321
2025-12-06 18:28:45,553 - INFO -   Title: Wesleyan University-Philippines vs. Nowella Reyes...
2025-12-06 18:28:45,941 - INFO -   Case already exists: RESTRUCTURED_DB/2014/jul/208321.json
2025-12-06 18:28:46,441 - INFO - 
[615/2500] Processing G.R. No. 208462
2025-12-06 18:28:46,441 - INFO -   Title: Sps. Carlos J. Suntay and Rosario R. Suntay vs. Keyser Marca...
2025-12-06 18:28:46,651 - INFO -   Case already exists: RESTRUCTURED_DB/2014/dec/208462.json
2025-12-06 18:28:47,151 - INFO - 
[616/2500] Processing G.R. No. 208469
2025-12-06 18:28:47,151 - INFO -   Title: People of the Philippines vs. Samuel "TIW-TIW" Sanico...
2025-12-06 18:28:47,540 - INFO -   Case already exists: RESTRUCTURED_DB/2014/aug/208469.json
2025-12-06 18:28:48,040 - INFO - 
[617/2500] Processing G.R. No. 208567
2025-12-06 18:28:48,040 - INFO -   Title: Jeannete V. Manalo, Vilma P. Barrious, Lourdes Lynn Michelle...
2025-12-06 18:28:48,249 - INFO -   Case already exists: RESTRUCTURED_DB/2014/nov/208567.json
2025-12-06 18:28:48,749 - INFO - 
[618/2500] Processing G.R. No. 208623
2025-12-06 18:28:48,750 - INFO -   Title: People of the Philippines vs. Virgilio Antonio y Rivera...
2025-12-06 18:28:49,136 - INFO -   Case already exists: RESTRUCTURED_DB/2014/jul/208623.json
2025-12-06 18:28:49,636 - INFO - 
[619/2500] Processing G.R. No. 208660
2025-12-06 18:28:49,636 - INFO -   Title: Peñafrancia Sugar Mill, Inc. vs Sugar Regulatory Administrat...
2025-12-06 18:28:49,845 - INFO -   Case already exists: RESTRUCTURED_DB/2014/mar/208660.json
2025-12-06 18:28:50,345 - INFO - 
[620/2500] Processing G.R. No. 208678
2025-12-06 18:28:50,345 - INFO -   Title: People of the Philippines vs. Jefferson Warriner y Nicdao...
2025-12-06 18:28:50,732 - INFO -   Case already exists: RESTRUCTURED_DB/2014/jun/208678.json
2025-12-06 18:28:51,232 - INFO - 
[621/2500] Processing G.R. No. 208716
2025-12-06 18:28:51,233 - INFO -   Title: People of the Philippines vs. Eladio B. Lumaho alias "Attump...
2025-12-06 18:28:51,620 - INFO -   Case already exists: RESTRUCTURED_DB/2014/sep/208716.json
2025-12-06 18:28:52,120 - INFO - 
[622/2500] Processing G.R. No. 208719
2025-12-06 18:28:52,120 - INFO -   Title: People of the Philippines vs. Roger Ringor Umawid...
2025-12-06 18:28:52,507 - INFO -   Case already exists: RESTRUCTURED_DB/2014/jun/208719.json
2025-12-06 18:28:53,007 - INFO - 
[623/2500] Processing G.R. No. 208740
2025-12-06 18:28:53,007 - INFO -   Title: Corporate Strategies Development Corporation and Rafael R. P...
2025-12-06 18:28:53,395 - INFO -   Case already exists: RESTRUCTURED_DB/2014/nov/208740.json
2025-12-06 18:28:53,896 - INFO - 
[624/2500] Processing G.R. No. 208749
2025-12-06 18:28:53,896 - INFO -   Title: People of the Philippines vs. Anecito Estibal y Calungsag...
2025-12-06 18:28:54,285 - INFO -   Case already exists: RESTRUCTURED_DB/2014/nov/208749.json
2025-12-06 18:28:54,786 - INFO - 
[625/2500] Processing G.R. No. 208760
2025-12-06 18:28:54,786 - INFO -   Title: People of the Philippines vs. Floro Buban Barcela...
2025-12-06 18:28:54,996 - INFO -   Case already exists: RESTRUCTURED_DB/2014/apr/208760.json
2025-12-06 18:28:55,496 - INFO - 
[626/2500] Processing G.R. No. 208761
2025-12-06 18:28:55,496 - INFO -   Title: People of the Philippines vs. Rolando Baraga y Arcilla...
2025-12-06 18:28:55,705 - INFO -   Case already exists: RESTRUCTURED_DB/2014/jun/208761.json
2025-12-06 18:28:56,205 - INFO - 
[627/2500] Processing G.R. No. 208890
2025-12-06 18:28:56,205 - INFO -   Title: Joel N. Montellana vs. La Consolacion College Manila, Sr. Im...
2025-12-06 18:28:56,593 - INFO -   Case already exists: RESTRUCTURED_DB/2014/dec/208890.json
2025-12-06 18:28:57,094 - INFO - 
[628/2500] Processing G.R. No. 208976
2025-12-06 18:28:57,094 - INFO -   Title: The Honorable Office of the Ombudsman vs. Leovigildo Delos R...
2025-12-06 18:28:57,482 - INFO -   Case already exists: RESTRUCTURED_DB/2014/oct/208976.json
2025-12-06 18:28:57,982 - INFO - 
[629/2500] Processing G.R. No. 209185
2025-12-06 18:28:57,982 - INFO -   Title: Marc Douglas IV C. Cagas vs. Commission on Elections, etc., ...
2025-12-06 18:28:58,191 - INFO -   Case already exists: RESTRUCTURED_DB/2014/feb/209185.json
2025-12-06 18:28:58,691 - INFO - 
[630/2500] Processing G.R. No. 209195
2025-12-06 18:28:58,691 - INFO -   Title: Manuel J. Jimenez, Jr. vs. People of the Philippines/People ...
2025-12-06 18:28:59,081 - INFO -   Case already exists: RESTRUCTURED_DB/2014/sep/209195.json
2025-12-06 18:28:59,581 - INFO - 
[631/2500] Processing G.R. No. 209201
2025-12-06 18:28:59,581 - INFO -   Title: New Filipino Maritime Agencies Inc., St. Paul Maritime Corp....
2025-12-06 18:28:59,968 - INFO -   Case already exists: RESTRUCTURED_DB/2014/nov/209201.json
2025-12-06 18:29:00,468 - INFO - 
[632/2500] Processing G.R. No. 209202
2025-12-06 18:29:00,468 - INFO -   Title: Catalino B. Belmonte, Jr. vs. C.F. Sharp Crew Management, et...
2025-12-06 18:29:00,677 - INFO -   Case already exists: RESTRUCTURED_DB/2014/nov/209202.json
2025-12-06 18:29:01,177 - INFO - 
[633/2500] Processing G.R. No. 209219
2025-12-06 18:29:01,177 - INFO -   Title: Bases Conversion and Development Authority (BCDA) vs. Commis...
2025-12-06 18:29:02,453 - INFO -   Case already exists: RESTRUCTURED_DB/2014/dec/209219.json
2025-12-06 18:29:02,953 - INFO - 
[634/2500] Processing G.R. No. 209286
2025-12-06 18:29:02,953 - INFO -   Title: Lina Dela Peña Jalover, et al. vs. John Henry R. Osmeña, et ...
2025-12-06 18:29:03,520 - INFO -   Case already exists: RESTRUCTURED_DB/2014/sep/209286.json
2025-12-06 18:29:04,020 - INFO - 
[635/2500] Processing G.R. No. 209287
2025-12-06 18:29:04,020 - INFO -   Title: Maria Carolina P. Araullo, et al. vs. Benigno Simeon C. Aqui...
2025-12-06 18:29:06,026 - INFO -   Case already exists: RESTRUCTURED_DB/2014/jul/209287.json
2025-12-06 18:29:06,526 - INFO - 
[636/2500] Processing G.R. No. 209302
2025-12-06 18:29:06,527 - INFO -   Title: Alone Amar P. Tagle vs. Anglo-Eastern Crew Management, Phils...
2025-12-06 18:29:07,092 - INFO -   Case already exists: RESTRUCTURED_DB/2014/jul/209302.json
2025-12-06 18:29:07,592 - INFO - 
[637/2500] Processing G.R. No. 209373
2025-12-06 18:29:07,592 - INFO -   Title: Joel Yongco and Julieto Lañojan vs. People of the Philippine...
2025-12-06 18:29:07,978 - INFO -   Case already exists: RESTRUCTURED_DB/2014/jul/209373.json
2025-12-06 18:29:08,478 - INFO - 
[638/2500] Processing G.R. No. 209386
2025-12-06 18:29:08,478 - INFO -   Title: Mel Caprizo Candelaria vs. People of the Philippines...
2025-12-06 18:29:08,865 - INFO -   Case already exists: RESTRUCTURED_DB/2014/dec/209386.json
2025-12-06 18:29:09,366 - INFO - 
[639/2500] Processing G.R. No. 209590
2025-12-06 18:29:09,366 - INFO -   Title: People of the Philippines vs. Gabriel Ducay y Balan...
2025-12-06 18:29:09,753 - INFO -   Case already exists: RESTRUCTURED_DB/2014/nov/209590.json
2025-12-06 18:29:10,253 - INFO - 
[640/2500] Processing G.R. No. 209651
2025-12-06 18:29:10,253 - INFO -   Title: Marcelo Investment and Management Corp. and the Heirs of Edw...
2025-12-06 18:29:10,820 - INFO -   Case already exists: RESTRUCTURED_DB/2014/nov/209651.json
2025-12-06 18:29:11,320 - INFO - 
[641/2500] Processing G.R. No. 210148
2025-12-06 18:29:11,320 - INFO -   Title: Antonio L. Daluraya vs. Marla Oliva...
2025-12-06 18:29:11,707 - INFO -   Case already exists: RESTRUCTURED_DB/2014/dec/210148.json
2025-12-06 18:29:12,207 - INFO - 
[642/2500] Processing G.R. No. 210252
2025-12-06 18:29:12,207 - INFO -   Title: Vilma Quintos, represented by her Attorney-in-Facts Fidel I....
2025-12-06 18:29:12,594 - INFO -   Case already exists: RESTRUCTURED_DB/2014/jun/210252.json
2025-12-06 18:29:13,095 - INFO - 
[643/2500] Processing G.R. No. 210619
2025-12-06 18:29:13,095 - INFO -   Title: People of the Philippines vs. Charles Reyes y Marasigan...
2025-12-06 18:29:13,482 - INFO -   Case already exists: RESTRUCTURED_DB/2014/aug/210619.json
2025-12-06 18:29:13,982 - INFO - 
[644/2500] Processing G.R. No. 210636
2025-12-06 18:29:13,982 - INFO -   Title: Ma. Hazelina A. Tujan-Militante in behalf of the Minor Crise...
2025-12-06 18:29:14,368 - INFO -   Case already exists: RESTRUCTURED_DB/2014/jul/210636.json
2025-12-06 18:29:14,868 - INFO - 
[645/2500] Processing G.R. No. 210658
2025-12-06 18:29:14,869 - INFO -   Title: People of the Philippines vs. Primo P. Japson alias "Longlon...
2025-12-06 18:29:15,256 - INFO -   Case already exists: RESTRUCTURED_DB/2014/sep/210658.json
2025-12-06 18:29:15,756 - INFO - 
[646/2500] Processing G.R. No. 210831
2025-12-06 18:29:15,756 - INFO -   Title: Sps. Tagumpay N. Albos and Aida C. Albos vs. Sps. Nestor M. ...
2025-12-06 18:29:16,145 - INFO -   Case already exists: RESTRUCTURED_DB/2014/nov/210831.json
2025-12-06 18:29:16,646 - INFO - 
[647/2500] Processing G.R. No. 210987
2025-12-06 18:29:16,646 - INFO -   Title: The Philippine American Life and General Insurance Company v...
2025-12-06 18:29:17,211 - INFO -   Case already exists: RESTRUCTURED_DB/2014/nov/210987.json
2025-12-06 18:29:17,711 - INFO - 
[648/2500] Processing G.R. No. 211049
2025-12-06 18:29:17,711 - INFO -   Title: People of the Philippines vs. Romeo Closa y Lualhati...
2025-12-06 18:29:18,099 - INFO -   Case already exists: RESTRUCTURED_DB/2014/aug/211049.json
2025-12-06 18:29:18,599 - INFO - 
[649/2500] Processing G.R. No. 211228
2025-12-06 18:29:18,599 - INFO -   Title: University of Pangasinan, Inc., et al. vs. Fernandez, et al....
2025-12-06 18:29:19,167 - INFO -   Case already exists: RESTRUCTURED_DB/2014/nov/211228.json
2025-12-06 18:29:19,667 - INFO - 
[650/2500] Processing G.R. No. 211356
2025-12-06 18:29:19,668 - INFO -   Title: Crisostomo B. Aquino vs. Municipality of Malay, Aklan, repre...
2025-12-06 18:29:20,055 - INFO -   Case already exists: RESTRUCTURED_DB/2014/sep/211356.json
2025-12-06 18:29:20,555 - INFO - 
[651/2500] Processing G.R. No. 211424
2025-12-06 18:29:20,555 - INFO -   Title: Davao Holiday Transport Services Corporation vs. Spouses Eul...
2025-12-06 18:29:20,764 - INFO -   Case already exists: RESTRUCTURED_DB/2014/nov/211424.json
2025-12-06 18:29:21,264 - INFO - 
[652/2500] Processing G.R. No. 211465
2025-12-06 18:29:21,264 - INFO -   Title: People of the Philippines vs. Shirley A. Casio...
2025-12-06 18:29:21,832 - INFO -   Case already exists: RESTRUCTURED_DB/2014/dec/211465.json
2025-12-06 18:29:22,332 - INFO - 
[653/2500] Processing G.R. No. 211703
2025-12-06 18:29:22,332 - INFO -   Title: Edelbert C. Uyboco vs. People of the Philippines...
2025-12-06 18:29:22,541 - INFO -   Case already exists: RESTRUCTURED_DB/2014/dec/211703.json
2025-12-06 18:29:23,041 - INFO - 
[654/2500] Processing G.R. No. 212388
2025-12-06 18:29:23,041 - INFO -   Title: Republic of the Philippine vs. Heirs of Spouses Donato Sanch...
2025-12-06 18:29:23,427 - INFO -   Case already exists: RESTRUCTURED_DB/2014/dec/212388.json
2025-12-06 18:29:23,927 - INFO - 
[655/2500] Processing G.R. No. 212398
2025-12-06 18:29:23,927 - INFO -   Title: Emilio Ramon "E.R." P. Ejercito vs. Hon. Commission on Elect...
2025-12-06 18:29:24,856 - INFO -   Case already exists: RESTRUCTURED_DB/2014/nov/212398.json
2025-12-06 18:29:25,356 - INFO - 
[656/2500] Processing G.R. No. 212584
2025-12-06 18:29:25,356 - INFO -   Title: Alroben J. Goh vs. Hon. Lucilo R. Bayron and Commission on E...
2025-12-06 18:29:25,927 - INFO -   Case already exists: RESTRUCTURED_DB/2014/nov/212584.json
2025-12-06 18:29:26,427 - INFO - 
[657/2500] Processing G.R. No. 212689
2025-12-06 18:29:26,427 - INFO -   Title: Ece Realty & Development, Inc. vs. Haydyn Hernandez...
2025-12-06 18:29:26,636 - INFO -   Case already exists: RESTRUCTURED_DB/2014/aug/212689.json
2025-12-06 18:29:27,136 - INFO - 
[658/2500] Processing G.R. No. 212705
2025-12-06 18:29:27,136 - INFO -   Title: Roberto Co vs. Keng Huan Jerry Yeung and Emma Yeung...
2025-12-06 18:29:27,345 - INFO -   Case already exists: RESTRUCTURED_DB/2014/sep/212705.json
2025-12-06 18:29:27,845 - INFO - 
[659/2500] Processing G.R. No. 212953
2025-12-06 18:29:27,845 - INFO -   Title: Jose Tapales Villarosa vs. Romulo De Mesa Festin and Commiss...
2025-12-06 18:29:28,231 - INFO -   Case already exists: RESTRUCTURED_DB/2014/aug/212953.json
2025-12-06 18:29:28,732 - INFO - 
[660/2500] Processing G.R. No. 213181
2025-12-06 18:29:28,732 - INFO -   Title: Francis H. Jardeleza vs. Chief Justice Maria Lourdes P. A. S...
2025-12-06 18:29:29,299 - INFO -   Case already exists: RESTRUCTURED_DB/2014/aug/213181.json
2025-12-06 18:29:29,799 - INFO - 
[661/2500] Processing G.R. No. 215427
2025-12-06 18:29:29,799 - INFO -   Title: Philippine Amusement and Gaming Corporation (PAGCOR) vs. the...
2025-12-06 18:29:30,009 - INFO -   Case already exists: RESTRUCTURED_DB/2014/dec/215427.json
2025-12-06 18:29:30,510 - INFO - 
[662/2500] Processing G.R. No. 223610
2025-12-06 18:29:30,510 - INFO -   Title: Conchita S. Uy, et al. vs. Crispulo Del Castillo, substitute...
2025-12-06 18:29:31,333 - WARNING -   ✗ Could not fetch case from any URL
2025-12-06 18:29:31,333 - INFO - 
[663/2500] Processing G.R. No. 148748
2025-12-06 18:29:31,333 - INFO -   Title: Imelda, Leonardo, Fidelino, Azucena, Josefina, Anita and Sis...
2025-12-06 18:29:31,723 - INFO -   Case already exists: RESTRUCTURED_DB/2015/jan/148748.json
2025-12-06 18:29:32,223 - INFO - 
[664/2500] Processing G.R. No. 153810
2025-12-06 18:29:32,223 - INFO -   Title: Winston F. Garcia, in his Capacity as President and General ...
2025-12-06 18:29:32,613 - INFO -   Case already exists: RESTRUCTURED_DB/2015/aug/153810.json
2025-12-06 18:29:33,114 - INFO - 
[665/2500] Processing G.R. No. 154262
2025-12-06 18:29:33,114 - INFO -   Title: Herminio M. De Guzman, et al. vs. Tabangao Realty, Incorpora...
2025-12-06 18:29:33,501 - INFO -   Case already exists: RESTRUCTURED_DB/2015/feb/154262.json
2025-12-06 18:29:34,001 - INFO - 
[666/2500] Processing G.R. No. 155580
2025-12-06 18:29:34,001 - INFO -   Title: Romeo T. Caluzor vs. Deogracias Llanillo and the heirs of th...
2025-12-06 18:29:34,211 - INFO -   Case already exists: RESTRUCTURED_DB/2015/jul/155580.json
2025-12-06 18:29:34,712 - INFO - 
[667/2500] Processing G.R. No. 155701
2025-12-06 18:29:34,712 - INFO -   Title: Lim Teck Chuan vs Serafin Uy and Leopolda Cecilio, Lim Sing ...
2025-12-06 18:29:35,099 - INFO -   Case already exists: RESTRUCTURED_DB/2015/mar/155701.json
2025-12-06 18:29:35,600 - INFO - 
[668/2500] Processing G.R. No. 156022
2025-12-06 18:29:35,600 - INFO -   Title: Aurellano Agnes, et al. vs. Republic of the Philippines...
2025-12-06 18:29:35,988 - INFO -   Case already exists: RESTRUCTURED_DB/2015/jul/156022.json
2025-12-06 18:29:36,489 - INFO - 
[669/2500] Processing G.R. No. 156162
2025-12-06 18:29:36,489 - INFO -   Title: CCC Insurance Corporation vs. Kawasaki Steel Corporation, et...
2025-12-06 18:29:36,879 - INFO -   Case already exists: RESTRUCTURED_DB/2015/jun/156162.json
2025-12-06 18:29:37,379 - INFO - 
[670/2500] Processing G.R. No. 156995
2025-12-06 18:29:37,379 - INFO -   Title: Ruben Manalang, et al. vs. Spouses Bienvenido and Mercedes B...
2025-12-06 18:29:37,589 - INFO -   Case already exists: RESTRUCTURED_DB/2015/jan/156995.json
2025-12-06 18:29:38,089 - INFO - 
[671/2500] Processing G.R. No. 158836
2025-12-06 18:29:38,089 - INFO -   Title: Sunrise Corporation vs Court of Appeals and First Alliance R...
2025-12-06 18:29:38,662 - INFO -   Case already exists: RESTRUCTURED_DB/2015/sep/158836.json
2025-12-06 18:29:39,162 - INFO - 
[672/2500] Processing G.R. No. 159271
2025-12-06 18:29:39,162 - INFO -   Title: Spouses Benito Baysa and Victoria Baysa vs. Spouses Fidel Pl...
2025-12-06 18:29:39,371 - INFO -   Case already exists: RESTRUCTURED_DB/2015/jul/159271.json
2025-12-06 18:29:39,871 - INFO - 
[673/2500] Processing G.R. No. 159611
2025-12-06 18:29:39,871 - INFO -   Title: Heirs of Antero Soliva vs. Severino, Joel, Grace, Cenon, Jr....
2025-12-06 18:29:40,265 - INFO -   Case already exists: RESTRUCTURED_DB/2015/apr/159611.json
2025-12-06 18:29:40,766 - INFO - 
[674/2500] Processing G.R. No. 159979
2025-12-06 18:29:40,766 - INFO -   Title: Capital Insurance and Surety Co., Inc. vs. Del Monte Motor W...
2025-12-06 18:29:41,751 - INFO -   Case already exists: RESTRUCTURED_DB/2015/dec/159979.json
2025-12-06 18:29:42,252 - INFO - 
[675/2500] Processing G.R. No. 160033
2025-12-06 18:29:42,252 - INFO -   Title: Tagaytay Realty Co., Inc. vs. Arturo G. Gacutan...
2025-12-06 18:29:42,647 - INFO -   Case already exists: RESTRUCTURED_DB/2015/jul/160033.json
2025-12-06 18:29:43,147 - INFO - 
[676/2500] Processing G.R. No. 160123
2025-12-06 18:29:43,147 - INFO -   Title: Centro Project Manpower Services Corporation vs. Aguinaldo N...
2025-12-06 18:29:43,360 - INFO -   Case already exists: RESTRUCTURED_DB/2015/jun/160123.json
2025-12-06 18:29:43,860 - INFO - 
[677/2500] Processing G.R. No. 160206
2025-12-06 18:29:43,860 - INFO -   Title: M/V "Don Martin" Voy 047 and Cargoes of 6500 Sacks of Import...
2025-12-06 18:29:44,256 - INFO -   Case already exists: RESTRUCTURED_DB/2015/jul/160206.json
2025-12-06 18:29:44,756 - INFO - 
[678/2500] Processing G.R. No. 160399
2025-12-06 18:29:44,756 - INFO -   Title: The City of Iloilo, Represented by Hon. Mayor Jerry P. Treña...
2025-12-06 18:29:44,969 - INFO -   Case already exists: RESTRUCTURED_DB/2015/dec/160399.json
2025-12-06 18:29:45,469 - INFO - 
[679/2500] Processing G.R. No. 160619
2025-12-06 18:29:45,469 - INFO -   Title: People of the Philippines vs Sandiganbayan, et al....
2025-12-06 18:29:45,862 - INFO -   Case already exists: RESTRUCTURED_DB/2015/sep/160619.json
2025-12-06 18:29:46,363 - INFO - 
[680/2500] Processing G.R. No. 160684
2025-12-06 18:29:46,363 - INFO -   Title: CLT Realty Development Corporation vs Hi-Grade Feeds Corpora...
2025-12-06 18:29:46,760 - INFO -   Case already exists: RESTRUCTURED_DB/2015/sep/160684.json
2025-12-06 18:29:47,260 - INFO - 
[681/2500] Processing G.R. No. 160728
2025-12-06 18:29:47,260 - INFO -   Title: CLT Realty Development Corporation vs Phil-Ville Development...
2025-12-06 18:29:47,659 - INFO -   Case already exists: RESTRUCTURED_DB/2015/mar/160728.json
2025-12-06 18:29:48,160 - INFO - 
[682/2500] Processing G.R. No. 160914
2025-12-06 18:29:48,160 - INFO -   Title: Marcela M. Dela Cruz vs Antonio O. Hermano, et al....
2025-12-06 18:29:48,372 - INFO -   Case already exists: RESTRUCTURED_DB/2015/mar/160914.json
2025-12-06 18:29:48,872 - INFO - 
[683/2500] Processing G.R. No. 160924
2025-12-06 18:29:48,873 - INFO -   Title: Terelay Investment and Development Corporation vs. Cecilia T...
2025-12-06 18:29:49,085 - INFO -   Case already exists: RESTRUCTURED_DB/2015/aug/160924.json
2025-12-06 18:29:49,585 - INFO - 
[684/2500] Processing G.R. No. 161006
2025-12-06 18:29:49,585 - INFO -   Title: Rogelio Baronda vs. Hon. Court of Appeals and Hideco Sugar M...
2025-12-06 18:29:49,979 - INFO -   Case already exists: RESTRUCTURED_DB/2015/oct/161006.json
2025-12-06 18:29:50,479 - INFO - 
[685/2500] Processing G.R. No. 162217
2025-12-06 18:29:50,479 - INFO -   Title: Heirs of Arturo Garcia I vs. Municipality of Zambales...
2025-12-06 18:29:50,691 - INFO -   Case already exists: RESTRUCTURED_DB/2015/jul/162217.json
2025-12-06 18:29:51,192 - INFO - 
[686/2500] Processing G.R. No. 162489
2025-12-06 18:29:51,192 - INFO -   Title: Bernardo U. Mesina vs. People of the Philippines...
2025-12-06 18:29:51,585 - INFO -   Case already exists: RESTRUCTURED_DB/2015/jun/162489.json
2025-12-06 18:29:52,086 - INFO - 
[687/2500] Processing G.R. No. 162692
2025-12-06 18:29:52,086 - INFO -   Title: Nilo V. Chipongian vs. Victoria Benitez-Lirio, et al....
2025-12-06 18:29:52,480 - INFO -   Case already exists: RESTRUCTURED_DB/2015/aug/162692.json
2025-12-06 18:29:52,980 - INFO - 
[688/2500] Processing G.R. No. 163116
2025-12-06 18:29:52,980 - INFO -   Title: Allied Banking Corporation vs. Jesus S. Yujuico (deceased), ...
2025-12-06 18:29:53,373 - INFO -   Case already exists: RESTRUCTURED_DB/2015/jun/163116.json
2025-12-06 18:29:53,874 - INFO - 
[689/2500] Processing G.R. No. 163362
2025-12-06 18:29:53,874 - INFO -   Title: Alejandra Arado, et al. vs. Anacleto Alcoran and Elenette Su...
2025-12-06 18:29:54,267 - INFO -   Case already exists: RESTRUCTURED_DB/2015/jul/163362.json
2025-12-06 18:29:54,768 - INFO - 
[690/2500] Processing G.R. No. 163504
2025-12-06 18:29:54,768 - INFO -   Title: Berlinda Oribello vs. Court of Appeals (Special Former Tenth...
2025-12-06 18:29:55,161 - INFO -   Case already exists: RESTRUCTURED_DB/2015/aug/163504.json
2025-12-06 18:29:55,662 - INFO - 
[691/2500] Processing G.R. No. 163598
2025-12-06 18:29:55,662 - INFO -   Title: Agrarian Reform Beneficiaries Association (ARBA), et al. vs....
2025-12-06 18:29:56,058 - INFO -   Case already exists: RESTRUCTURED_DB/2015/aug/163598.json
2025-12-06 18:29:56,558 - INFO - 
[692/2500] Processing G.R. No. 163662
2025-12-06 18:29:56,558 - INFO -   Title: People of the Philippines vs. Julie Grace K. Villanueva...
2025-12-06 18:29:56,771 - INFO -   Case already exists: RESTRUCTURED_DB/2015/feb/163662.json
2025-12-06 18:29:57,271 - INFO - 
[693/2500] Processing G.R. No. 163928
2025-12-06 18:29:57,272 - INFO -   Title: Manuel Jusayan, et al. vs. Heirs of Jorge Sombilla, Sr., nam...
2025-12-06 18:29:57,485 - INFO -   Case already exists: RESTRUCTURED_DB/2015/jan/163928.json
2025-12-06 18:29:57,985 - INFO - 
[694/2500] Processing G.R. No. 164594
2025-12-06 18:29:57,985 - INFO -   Title: Michael Sebastian vs. Annabel Lagmay Ng, rep. by her Attorne...
2025-12-06 18:29:58,378 - INFO -   Case already exists: RESTRUCTURED_DB/2015/apr/164594.json
2025-12-06 18:29:58,878 - INFO - 
[695/2500] Processing G.R. No. 164974
2025-12-06 18:29:58,878 - INFO -   Title: Charlie Te vs. Hon. Augusto V. Breva, et al....
2025-12-06 18:29:59,091 - INFO -   Case already exists: RESTRUCTURED_DB/2015/aug/164974.json
2025-12-06 18:29:59,591 - INFO - 
[696/2500] Processing G.R. No. 165146
2025-12-06 18:29:59,591 - INFO -   Title: Securities and Exchange Commission and Vernette G. Umali vs....
2025-12-06 18:29:59,985 - INFO -   Case already exists: RESTRUCTURED_DB/2015/aug/165146.json
2025-12-06 18:30:00,485 - INFO - 
[697/2500] Processing G.R. No. 165354
2025-12-06 18:30:00,485 - INFO -   Title: Republic of the Philippines, represented by the National Pow...
2025-12-06 18:30:00,880 - INFO -   Case already exists: RESTRUCTURED_DB/2015/jan/165354.json
2025-12-06 18:30:01,380 - INFO - 
[698/2500] Processing G.R. No. 166102
2025-12-06 18:30:01,381 - INFO -   Title: Manila Electric Company vs. the City Assessor and City Treas...
2025-12-06 18:30:01,779 - INFO -   Case already exists: RESTRUCTURED_DB/2015/aug/166102.json
2025-12-06 18:30:02,279 - INFO - 
[699/2500] Processing G.R. No. 166357
2025-12-06 18:30:02,279 - INFO -   Title: Velerio E. Kalaw vs. Ma. Elena Fernandez...
2025-12-06 18:30:02,673 - INFO -   Case already exists: RESTRUCTURED_DB/2015/jan/166357.json
2025-12-06 18:30:03,174 - INFO - 
[700/2500] Processing G.R. No. 166391
2025-12-06 18:30:03,174 - INFO -   Title: Microsoft Corporation vs. Rolando D. Manansala, et al....
2025-12-06 18:30:03,387 - INFO -   Case already exists: RESTRUCTURED_DB/2015/oct/166391.json
2025-12-06 18:30:03,887 - INFO - 
[701/2500] Processing G.R. No. 166573
2025-12-06 18:30:03,887 - INFO -   Title: Nememcio C. Pulumbarit, Sr. vs. the Court of Appeals, et al....
2025-12-06 18:30:04,724 - WARNING -   ✗ Could not fetch case from any URL
2025-12-06 18:30:04,724 - INFO - 
[702/2500] Processing G.R. No. 166581
2025-12-06 18:30:04,724 - INFO -   Title: Solidbank Corporation vs. Court of Appeals, et al./Danilo H....
2025-12-06 18:30:05,121 - INFO -   Case already exists: RESTRUCTURED_DB/2015/dec/166581.json
2025-12-06 18:30:05,621 - INFO - 
[703/2500] Processing G.R. No. 167052
2025-12-06 18:30:05,621 - INFO -   Title: BPI Securities Corporation vs Edgardo V. Guevarra, substitut...
2025-12-06 18:30:06,016 - INFO -   Case already exists: RESTRUCTURED_DB/2015/mar/167052.json
2025-12-06 18:30:06,516 - INFO - 
[704/2500] Processing G.R. No. 167134
2025-12-06 18:30:06,516 - INFO -   Title: Commissioner of Internal Revenue vs Traders Royal Bank...
2025-12-06 18:30:06,911 - INFO -   Case already exists: RESTRUCTURED_DB/2015/mar/167134.json
2025-12-06 18:30:07,411 - INFO - 
[705/2500] Processing G.R. No. 167510
2025-12-06 18:30:07,412 - INFO -   Title: Alvin Mercado vs. People of the Philippines...
2025-12-06 18:30:07,626 - INFO -   Case already exists: RESTRUCTURED_DB/2015/jul/167510.json
2025-12-06 18:30:08,126 - INFO - 
[706/2500] Processing G.R. No. 167519
2025-12-06 18:30:08,126 - INFO -   Title: The Wellex Group, Inc. vs. U-Land Airlines, Co., Ltd....
2025-12-06 18:30:08,710 - INFO -   Case already exists: RESTRUCTURED_DB/2015/jan/167519.json
2025-12-06 18:30:09,210 - INFO - 
[707/2500] Processing G.R. No. 167679
2025-12-06 18:30:09,210 - INFO -   Title: ING Bank N.V. vs. Commissioner of Internal Revenue...
2025-12-06 18:30:09,610 - INFO -   Case already exists: RESTRUCTURED_DB/2015/jul/167679.json
2025-12-06 18:30:10,110 - INFO - 
[708/2500] Processing G.R. No. 167797
2025-12-06 18:30:10,110 - INFO -   Title: Metro Manila Transit Corp. vs. Reynaldo Cuevas and Junnel Cu...
2025-12-06 18:30:10,322 - INFO -   Case already exists: RESTRUCTURED_DB/2015/jun/167797.json
2025-12-06 18:30:10,822 - INFO - 
[709/2500] Processing G.R. No. 167838
2025-12-06 18:30:10,823 - INFO -   Title: Jose V. Toledo, et al. vs. Court of Appeals, et al....
2025-12-06 18:30:11,217 - INFO -   Case already exists: RESTRUCTURED_DB/2015/aug/167838.json
2025-12-06 18:30:11,717 - INFO - 
[710/2500] Processing G.R. No. 167975
2025-12-06 18:30:11,718 - INFO -   Title: Gilda Jardeleza (deceased), substituted by her heirs, namely...
2025-12-06 18:30:11,930 - INFO -   Case already exists: RESTRUCTURED_DB/2015/jun/167975.json
2025-12-06 18:30:12,430 - INFO - 
[711/2500] Processing G.R. No. 168157
2025-12-06 18:30:12,430 - INFO -   Title: Hilario P. Soriano vs. Deputy Ombudsman for Luzon Victor C. ...
2025-12-06 18:30:12,830 - INFO -   Case already exists: RESTRUCTURED_DB/2015/aug/168157.json
2025-12-06 18:30:13,330 - INFO - 
[712/2500] Processing G.R. No. 168258
2025-12-06 18:30:13,330 - INFO -   Title: Ricardo V. Quintos vs. Development Bank of the Philippines, ...
2025-12-06 18:30:13,908 - INFO -   Case already exists: RESTRUCTURED_DB/2015/aug/168258.json
2025-12-06 18:30:14,408 - INFO - 
[713/2500] Processing G.R. No. 168406
2025-12-06 18:30:14,408 - INFO -   Title: Club Filipino, Inc. and Atty. Roberto F. De Leon vs. Benjami...
2025-12-06 18:30:14,626 - INFO -   Case already exists: RESTRUCTURED_DB/2015/jan/168406.json
2025-12-06 18:30:15,126 - INFO - 
[714/2500] Processing G.R. No. 168616
2025-12-06 18:30:15,126 - INFO -   Title: Home Guaranty Corporation vs. La Savoie Development Corporat...
2025-12-06 18:30:15,524 - INFO -   Case already exists: RESTRUCTURED_DB/2015/jan/168616.json
2025-12-06 18:30:16,024 - INFO - 
[715/2500] Processing G.R. No. 168950
2025-12-06 18:30:16,024 - INFO -   Title: ROHM Apollo Semiconductor Philippines, Inc. vs. Commissioner...
2025-12-06 18:30:16,236 - INFO -   Case already exists: RESTRUCTURED_DB/2015/jan/168950.json
2025-12-06 18:30:16,737 - INFO - 
[716/2500] Processing G.R. No. 169158
2025-12-06 18:30:16,737 - INFO -   Title: Pentagon International Shipping Services, Inc. vs. the Court...
2025-12-06 18:30:16,949 - INFO -   Case already exists: RESTRUCTURED_DB/2015/jul/169158.json
2025-12-06 18:30:17,449 - INFO - 
[717/2500] Processing G.R. No. 169303
2025-12-06 18:30:17,449 - INFO -   Title: Protective Maximum Security Agency, Inc. vs. Celso E. Fuente...
2025-12-06 18:30:18,030 - INFO -   Case already exists: RESTRUCTURED_DB/2015/feb/169303.json
2025-12-06 18:30:18,531 - INFO - 
[718/2500] Processing G.R. No. 169343
2025-12-06 18:30:18,531 - INFO -   Title: San Miguel Properties, Inc. vs. BF Homes, Inc....
2025-12-06 18:30:18,927 - INFO -   Case already exists: RESTRUCTURED_DB/2015/aug/169343.json
2025-12-06 18:30:19,427 - INFO - 
[719/2500] Processing G.R. No. 169385
2025-12-06 18:30:19,427 - INFO -   Title: Teofilo Giangan, Santos Bontia (deceased), and Liberato Duma...
2025-12-06 18:30:19,640 - INFO -   Case already exists: RESTRUCTURED_DB/2015/aug/169385.json
2025-12-06 18:30:20,140 - INFO - 
[720/2500] Processing G.R. No. 169407
2025-12-06 18:30:20,140 - INFO -   Title: Bank of the Philippine Islands vs Amador Domingo (deceased) ...
2025-12-06 18:30:20,535 - INFO -   Case already exists: RESTRUCTURED_DB/2015/mar/169407.json
2025-12-06 18:30:21,035 - INFO - 
[721/2500] Processing G.R. No. 169442
2025-12-06 18:30:21,035 - INFO -   Title: Republic of the Philippines vs. Antonio V. Bañez, et al....
2025-12-06 18:30:21,429 - INFO -   Case already exists: RESTRUCTURED_DB/2015/oct/169442.json
2025-12-06 18:30:21,930 - INFO - 
[722/2500] Processing G.R. No. 169457
2025-12-06 18:30:21,930 - INFO -   Title: The Consolidated Bank and Trust Corporation vs. the Court of...
2025-12-06 18:30:22,327 - INFO -   Case already exists: RESTRUCTURED_DB/2015/oct/169457.json
2025-12-06 18:30:22,827 - INFO - 
[723/2500] Processing G.R. No. 169457
2025-12-06 18:30:22,827 - INFO -   Title: The Consolidated Bank and Trust Corporation vs. the Court of...
2025-12-06 18:30:23,228 - INFO -   Case already exists: RESTRUCTURED_DB/2015/oct/169457.json
2025-12-06 18:30:23,728 - INFO - 
[724/2500] Processing G.R. No. 169710
2025-12-06 18:30:23,728 - INFO -   Title: Republic of the Philippines vs. Jose Alberto Alba, represent...
2025-12-06 18:30:23,941 - INFO -   Case already exists: RESTRUCTURED_DB/2015/aug/169710.json
2025-12-06 18:30:24,441 - INFO - 
[725/2500] Processing G.R. No. 170134
2025-12-06 18:30:24,441 - INFO -   Title: Angel V. Talampas, Jr. vs. Moldex Realty, Inc....
2025-12-06 18:30:24,837 - INFO -   Case already exists: RESTRUCTURED_DB/2015/jun/170134.json
2025-12-06 18:30:25,337 - INFO - 
[726/2500] Processing G.R. No. 170671
2025-12-06 18:30:25,338 - INFO -   Title: Filadelta T. Lausa, et al. vs. Mauricia Quilanton, et al....
2025-12-06 18:30:25,732 - INFO -   Case already exists: RESTRUCTURED_DB/2015/aug/170671.json
2025-12-06 18:30:26,233 - INFO - 
[727/2500] Processing G.R. No. 170706
2025-12-06 18:30:26,233 - INFO -   Title: Prudencio Caranto vs. Bergesen D.Y. Phils. and/or Bergesen D...
2025-12-06 18:30:26,445 - INFO -   Case already exists: RESTRUCTURED_DB/2015/aug/170706.json
2025-12-06 18:30:26,946 - INFO - 
[728/2500] Processing G.R. No. 171095
2025-12-06 18:30:26,946 - INFO -   Title: Mayor Marcial Vargas and Engr. Ramund Del Rosario vs. Fortun...
2025-12-06 18:30:27,340 - INFO -   Case already exists: RESTRUCTURED_DB/2015/jun/171095.json
2025-12-06 18:30:27,841 - INFO - 
[729/2500] Processing G.R. No. 171172
2025-12-06 18:30:27,841 - INFO -   Title: Bank of the Philippines vs. Spouses Johnson & Evelyn Co & Ju...
2025-12-06 18:30:28,235 - INFO -   Case already exists: RESTRUCTURED_DB/2015/nov/171172.json
2025-12-06 18:30:28,735 - INFO - 
[730/2500] Processing G.R. No. 171222
2025-12-06 18:30:28,736 - INFO -   Title: People of the Philippines vs. Ltsg. Dominador Bayabos, et al...
2025-12-06 18:30:28,948 - INFO -   Case already exists: RESTRUCTURED_DB/2015/feb/171222.json
2025-12-06 18:30:29,449 - INFO - 
[731/2500] Processing G.R. No. 171247
2025-12-06 18:30:29,449 - INFO -   Title: Alfredo L. Villamor, Jr. vs. Hon. Amelia C. Manalastas, et a...
2025-12-06 18:30:29,842 - INFO -   Case already exists: RESTRUCTURED_DB/2015/jul/171247.json
2025-12-06 18:30:30,343 - INFO - 
[732/2500] Processing G.R. No. 171284
2025-12-06 18:30:30,343 - INFO -   Title: Alfredo Dulin y Narag vs. People of the Philippines...
2025-12-06 18:30:30,556 - INFO -   Case already exists: RESTRUCTURED_DB/2015/jun/171284.json
2025-12-06 18:30:31,056 - INFO - 
[733/2500] Processing G.R. No. 171582
2025-12-06 18:30:31,057 - INFO -   Title: Alberto T. Lasala vs. the National Food Authority...
2025-12-06 18:30:31,453 - INFO -   Case already exists: RESTRUCTURED_DB/2015/aug/171582.json
2025-12-06 18:30:31,953 - INFO - 
[734/2500] Processing G.R. No. 171601
2025-12-06 18:30:31,953 - INFO -   Title: Spouses Bonifacio and Lucia Paras vs. Kimwa Construction and...
2025-12-06 18:30:32,167 - INFO -   Case already exists: RESTRUCTURED_DB/2015/apr/171601.json
2025-12-06 18:30:32,667 - INFO - 
[735/2500] Processing G.R. No. 171672
2025-12-06 18:30:32,667 - INFO -   Title: Marieta De Castro vs. People of the Philippines...
2025-12-06 18:30:32,879 - INFO -   Case already exists: RESTRUCTURED_DB/2015/feb/171672.json
2025-12-06 18:30:33,379 - INFO - 
[736/2500] Processing G.R. No. 171804
2025-12-06 18:30:33,379 - INFO -   Title: The Register of Deeds of Negros Occidental and the National ...
2025-12-06 18:30:33,777 - INFO -   Case already exists: RESTRUCTURED_DB/2015/aug/171804.json
2025-12-06 18:30:34,277 - INFO - 
[737/2500] Processing G.R. No. 171897
2025-12-06 18:30:34,278 - INFO -   Title: Philippine Trust Company vs. Floro Roxas and Eufemia Roxas...
2025-12-06 18:30:34,491 - INFO -   Case already exists: RESTRUCTURED_DB/2015/oct/171897.json
2025-12-06 18:30:34,991 - INFO - 
[738/2500] Processing G.R. No. 171953
2025-12-06 18:30:34,991 - INFO -   Title: National Housing Authority vs. Ernesto Roxas...
2025-12-06 18:30:35,204 - INFO -   Case already exists: RESTRUCTURED_DB/2015/oct/171953.json
2025-12-06 18:30:35,704 - INFO - 
[739/2500] Processing G.R. No. 172301
2025-12-06 18:30:35,704 - INFO -   Title: Philippine National Construction Corporation vs. Asiavest Me...
2025-12-06 18:30:36,103 - INFO -   Case already exists: RESTRUCTURED_DB/2015/aug/172301.json
2025-12-06 18:30:36,603 - INFO - 
[740/2500] Processing G.R. No. 172509
2025-12-06 18:30:36,603 - INFO -   Title: China Banking Corporation vs. Commisssioner of Internal Reve...
2025-12-06 18:30:36,816 - INFO -   Case already exists: RESTRUCTURED_DB/2015/feb/172509.json
2025-12-06 18:30:37,316 - INFO - 
[741/2500] Processing G.R. No. 172637
2025-12-06 18:30:37,316 - INFO -   Title: Office of the Ombudsman-Visayas and Emily Rose Ko Lim Chao v...
2025-12-06 18:30:37,529 - INFO -   Case already exists: RESTRUCTURED_DB/2015/apr/172637.json
2025-12-06 18:30:38,029 - INFO - 
[742/2500] Processing G.R. No. 172720
2025-12-06 18:30:38,029 - INFO -   Title: Eliseo Maltos and Rosita Maltos vs. Heirs of Eusebio Borrome...
2025-12-06 18:30:38,433 - INFO -   Case already exists: RESTRUCTURED_DB/2015/sep/172720.json
2025-12-06 18:30:38,933 - INFO - 
[743/2500] Processing G.R. No. 172902
2025-12-06 18:30:38,933 - INFO -   Title: Ramon Ike V. Señeres vs. Delfin Jay M. Sabido IX, et al....
2025-12-06 18:30:39,329 - INFO -   Case already exists: RESTRUCTURED_DB/2015/oct/172902.json
2025-12-06 18:30:39,829 - INFO - 
[744/2500] Processing G.R. No. 172961
2025-12-06 18:30:39,829 - INFO -   Title: Pedro Mendoza, et al. vs. Reynosa Valte...
2025-12-06 18:30:40,228 - INFO -   Case already exists: RESTRUCTURED_DB/2015/sep/172961.json
2025-12-06 18:30:40,728 - INFO - 
[745/2500] Processing G.R. No. 172980
2025-12-06 18:30:40,728 - INFO -   Title: Celso F. Pascual, Sr. and Serafin Terncio vs. Canigan Credit...
2025-12-06 18:30:40,941 - INFO -   Case already exists: RESTRUCTURED_DB/2015/jul/172980.json
2025-12-06 18:30:41,441 - INFO - 
[746/2500] Processing G.R. No. 172983
2025-12-06 18:30:41,441 - INFO -   Title: Far East Bank and Trust Company vs. Philippine Deposit Insur...
2025-12-06 18:30:41,840 - INFO -   Case already exists: RESTRUCTURED_DB/2015/jul/172983.json
2025-12-06 18:30:42,340 - INFO - 
[747/2500] Processing G.R. No. 173134
2025-12-06 18:30:42,340 - INFO -   Title: Bank of the Philippine Islands vs. Tacila Fernandez...
2025-12-06 18:30:42,560 - INFO -   Case already exists: RESTRUCTURED_DB/2015/sep/173134.json
2025-12-06 18:30:43,060 - INFO - 
[748/2500] Processing G.R. No. 173148
2025-12-06 18:30:43,060 - INFO -   Title: Elisa Degayo vs. Cecilia Magbanua-Dinglasan, et al....
2025-12-06 18:30:43,274 - INFO -   Case already exists: RESTRUCTURED_DB/2015/apr/173148.json
2025-12-06 18:30:43,774 - INFO - 
[749/2500] Processing G.R. No. 173186
2025-12-06 18:30:43,774 - INFO -   Title: Aniceto Uy vs Court of Appeals, Mindanao Station, Cagayan de...
2025-12-06 18:30:44,169 - INFO -   Case already exists: RESTRUCTURED_DB/2015/sep/173186.json
2025-12-06 18:30:44,669 - INFO - 
[750/2500] Processing G.R. No. 173241
2025-12-06 18:30:44,669 - INFO -   Title: Silicon Philippines, Inc. (formerly Intel Philippines Manufa...
2025-12-06 18:30:44,883 - INFO -   Case already exists: RESTRUCTURED_DB/2015/mar/173241.json
2025-12-06 18:30:45,383 - INFO - 
[751/2500] Processing G.R. No. 173277
2025-12-06 18:30:45,383 - INFO -   Title: Office of the Ombudsman vs. Prudencio C. Quimbo...
2025-12-06 18:30:45,595 - INFO -   Case already exists: RESTRUCTURED_DB/2015/feb/173277.json
2025-12-06 18:30:46,095 - INFO - 
[752/2500] Processing G.R. No. 173783
2025-12-06 18:30:46,095 - INFO -   Title: Reviera Golf Club, Inc. vs. CCA Holdings, B.V....
2025-12-06 18:30:46,489 - INFO -   Case already exists: RESTRUCTURED_DB/2015/jun/173783.json
2025-12-06 18:30:46,989 - INFO - 
[753/2500] Processing G.R. No. 173864
2025-12-06 18:30:46,989 - INFO -   Title: Bangko Sentral Ng Pilipinas vs. Agustin Libo-On...
2025-12-06 18:30:47,201 - INFO -   Case already exists: RESTRUCTURED_DB/2015/nov/173864.json
2025-12-06 18:30:47,701 - INFO - 
[754/2500] Processing G.R. No. 174115
2025-12-06 18:30:47,701 - INFO -   Title: Punongbayan and Araullo (P&A), et al. vs. Roberto Ponce Lepo...
2025-12-06 18:30:48,097 - INFO -   Case already exists: RESTRUCTURED_DB/2015/nov/174115.json
2025-12-06 18:30:48,597 - INFO - 
[755/2500] Processing G.R. No. 174161
2025-12-06 18:30:48,597 - INFO -   Title: R. Transport Corporation vs. Luisito G. Yu...
2025-12-06 18:30:48,809 - INFO -   Case already exists: RESTRUCTURED_DB/2015/feb/174161.json
2025-12-06 18:30:49,310 - INFO - 
[756/2500] Processing G.R. No. 174184
2025-12-06 18:30:49,310 - INFO -   Title: G.J.T. Rebuilders Machine Shop, Godofredo Trillana and Julia...
2025-12-06 18:30:49,705 - INFO -   Case already exists: RESTRUCTURED_DB/2015/jan/174184.json
2025-12-06 18:30:50,205 - INFO - 
[757/2500] Processing G.R. No. 174185
2025-12-06 18:30:50,205 - INFO -   Title: Republic of the Philippines vs. Wilfredo Mancao...
2025-12-06 18:30:50,418 - INFO -   Case already exists: RESTRUCTURED_DB/2015/jul/174185.json
2025-12-06 18:30:50,918 - INFO - 
[758/2500] Processing G.R. No. 174202
2025-12-06 18:30:50,918 - INFO -   Title: Dynamic Builders & Construction Co. (Phils.), Inc. vs. Hon. ...
2025-12-06 18:30:51,315 - INFO -   Case already exists: RESTRUCTURED_DB/2015/apr/174202.json
2025-12-06 18:30:51,815 - INFO - 
[759/2500] Processing G.R. No. 174387
2025-12-06 18:30:51,816 - INFO -   Title: BF Corporation vs. Verdenberg International Corporation...
2025-12-06 18:30:52,216 - INFO -   Case already exists: RESTRUCTURED_DB/2015/dec/174387.json
2025-12-06 18:30:52,716 - INFO - 
[760/2500] Processing G.R. No. 174542
2025-12-06 18:30:52,716 - INFO -   Title: Karen Go vs. Lamberto Echavez...
2025-12-06 18:30:52,930 - INFO -   Case already exists: RESTRUCTURED_DB/2015/aug/174542.json
2025-12-06 18:30:53,430 - INFO - 
[761/2500] Processing G.R. No. 174581
2025-12-06 18:30:53,430 - INFO -   Title: Atty. Leo N. Caubang vs. Jesus G. Crisologo and Nanette B. C...
2025-12-06 18:30:53,642 - INFO -   Case already exists: RESTRUCTURED_DB/2015/feb/174581.json
2025-12-06 18:30:54,142 - INFO - 
[762/2500] Processing G.R. No. 175098
2025-12-06 18:30:54,142 - INFO -   Title: Ismael V. Crisostomo vs. Martin P. Victoria...
2025-12-06 18:30:54,535 - INFO -   Case already exists: RESTRUCTURED_DB/2015/aug/175098.json
2025-12-06 18:30:55,036 - INFO - 
[763/2500] Processing G.R. No. 175188
2025-12-06 18:30:55,036 - INFO -   Title: Commissioner of Internal Revenue vs. La Tondeña Distillers, ...
2025-12-06 18:30:55,429 - INFO -   Case already exists: RESTRUCTURED_DB/2015/jul/175188.json
2025-12-06 18:30:55,929 - INFO - 
[764/2500] Processing G.R. No. 175198
2025-12-06 18:30:55,929 - INFO -   Title: Alejandro Ceprado, Jr., Ronilo Sebial, Nicanor Olivar, Alvin...
2025-12-06 18:30:56,324 - INFO -   Case already exists: RESTRUCTURED_DB/2015/sep/175198.json
2025-12-06 18:30:56,824 - INFO - 
[765/2500] Processing G.R. No. 175278
2025-12-06 18:30:56,824 - INFO -   Title: GSIS Family Bank-Thrift Bank (Formerly Comsavings Bank, Inc....
2025-12-06 18:30:57,218 - INFO -   Case already exists: RESTRUCTURED_DB/2015/sep/175278.json
2025-12-06 18:30:57,719 - INFO - 
[766/2500] Processing G.R. No. 175378
2025-12-06 18:30:57,719 - INFO -   Title: Multi-International Business Data System, Inc. vs. Ruel Mart...
2025-12-06 18:30:57,933 - INFO -   Case already exists: RESTRUCTURED_DB/2015/nov/175378.json
2025-12-06 18:30:58,433 - INFO - 
[767/2500] Processing G.R. No. 175417
2025-12-06 18:30:58,433 - INFO -   Title: General Miariano Alvarez Services Cooperative, Inc. (GEMASCO...
2025-12-06 18:30:58,644 - INFO -   Case already exists: RESTRUCTURED_DB/2015/feb/175417.json
2025-12-06 18:30:59,144 - INFO - 
[768/2500] Processing G.R. No. 175433
2025-12-06 18:30:59,144 - INFO -   Title: Atty. Jacinto C. Gonzales vs Maila Clemen F. Serrano...
2025-12-06 18:30:59,539 - INFO -   Case already exists: RESTRUCTURED_DB/2015/mar/175433.json
2025-12-06 18:31:00,039 - INFO - 
[769/2500] Processing G.R. No. 175483
2025-12-06 18:31:00,040 - INFO -   Title: Valentino S. Clemente vs. the Court of Appeals, Annie Shotwe...
2025-12-06 18:31:00,435 - INFO -   Case already exists: RESTRUCTURED_DB/2015/oct/175483.json
2025-12-06 18:31:00,936 - INFO - 
[770/2500] Processing G.R. No. 175493
2025-12-06 18:31:00,936 - INFO -   Title: Republic of the Philippines vs. Heirs of Gabriel Q. Fernande...
2025-12-06 18:31:01,331 - INFO -   Case already exists: RESTRUCTURED_DB/2015/mar/175493.json
2025-12-06 18:31:01,831 - INFO - 
[771/2500] Processing G.R. No. 175733
2025-12-06 18:31:01,831 - INFO -   Title: Westmont Bank (now United Overseas Bank Phils.) vs. Funai Ph...
2025-12-06 18:31:02,227 - INFO -   Case already exists: RESTRUCTURED_DB/2015/jul/175733.json
2025-12-06 18:31:02,727 - INFO - 
[772/2500] Processing G.R. No. 175795
2025-12-06 18:31:02,727 - INFO -   Title: Normilito R. Cagatin vs. Magsaysay Maritime Corporation and ...
2025-12-06 18:31:03,802 - INFO -   Case already exists: RESTRUCTURED_DB/2015/jun/175795.json
2025-12-06 18:31:04,302 - INFO - 
[773/2500] Processing G.R. No. 175796
2025-12-06 18:31:04,302 - INFO -   Title: BPI Family Savings Bank, Inc. vs. Spouses Benedicto & Teresi...
2025-12-06 18:31:04,506 - INFO -   Case already exists: RESTRUCTURED_DB/2015/jul/175796.json
2025-12-06 18:31:05,007 - INFO - 
[774/2500] Processing G.R. No. 175842
2025-12-06 18:31:05,007 - INFO -   Title: Nilo Macayan, Jr. y Malana vs People of the Philippines...
2025-12-06 18:31:05,386 - INFO -   Case already exists: RESTRUCTURED_DB/2015/mar/175842.json
2025-12-06 18:31:05,886 - INFO - 
[775/2500] Processing G.R. No. 175863
2025-12-06 18:31:05,886 - INFO -   Title: National Power Corporation vs. Lucman M. Ibrahim (represente...
2025-12-06 18:31:06,265 - INFO -   Case already exists: RESTRUCTURED_DB/2015/feb/175863.json
2025-12-06 18:31:06,765 - INFO - 
[776/2500] Processing G.R. No. 175999
2025-12-06 18:31:06,765 - INFO -   Title: Nelson Lai y Bilbao vs. People of the Philippines...
2025-12-06 18:31:06,970 - INFO -   Case already exists: RESTRUCTURED_DB/2015/jul/175999.json
2025-12-06 18:31:07,470 - INFO - 
[777/2500] Processing G.R. No. 176022
2025-12-06 18:31:07,470 - INFO -   Title: Republic of the Philippines vs. Cecilia Grace L. Roasa, marr...
2025-12-06 18:31:07,674 - INFO -   Case already exists: RESTRUCTURED_DB/2015/feb/176022.json
2025-12-06 18:31:08,174 - INFO - 
[778/2500] Processing G.R. No. 176033
2025-12-06 18:31:08,174 - INFO -   Title: Fililibeth Aguinaldo, et al. vs Judge Felixberto T. Olalia, ...
2025-12-06 18:31:08,551 - INFO -   Case already exists: RESTRUCTURED_DB/2015/mar/176033.json
2025-12-06 18:31:09,051 - INFO - 
[779/2500] Processing G.R. No. 176114
2025-12-06 18:31:09,051 - INFO -   Title: Grace San Diego y Trinidad vs. the People of the Philippines...
2025-12-06 18:31:09,429 - INFO -   Case already exists: RESTRUCTURED_DB/2015/apr/176114.json
2025-12-06 18:31:09,929 - INFO - 
[780/2500] Processing G.R. No. 176394
2025-12-06 18:31:09,929 - INFO -   Title: Col. Orlando E. De Leon vs. Lt. Gen. Hermogenes C. Esperon, ...
2025-12-06 18:31:10,307 - INFO -   Case already exists: RESTRUCTURED_DB/2015/oct/176394.json
2025-12-06 18:31:10,807 - INFO - 
[781/2500] Processing G.R. No. 176508
2025-12-06 18:31:10,807 - INFO -   Title: Saint Mary Crusade to Alleviate Poverty of Brethren Foundati...
2025-12-06 18:31:11,012 - INFO -   Case already exists: RESTRUCTURED_DB/2015/jan/176508.json
2025-12-06 18:31:11,512 - INFO - 
[782/2500] Processing G.R. No. 176908
2025-12-06 18:31:11,512 - INFO -   Title: Purisimo M. Cabaobas, et al. vs Pepsi-Cola Products, Philipp...
2025-12-06 18:31:11,715 - INFO -   Case already exists: RESTRUCTURED_DB/2015/nov/176908.json
2025-12-06 18:31:12,216 - INFO - 
[783/2500] Processing G.R. No. 176908
2025-12-06 18:31:12,216 - INFO -   Title: Purisimo M. Cabaobas, et al. vs Pepsi-Cola Products Philippi...
2025-12-06 18:31:12,594 - INFO -   Case already exists: RESTRUCTURED_DB/2015/mar/176908.json
2025-12-06 18:31:13,094 - INFO - 
[784/2500] Processing G.R. No. 176973
2025-12-06 18:31:13,095 - INFO -   Title: David M. David vs. Federico M. Paragas Jr....
2025-12-06 18:31:13,472 - INFO -   Case already exists: RESTRUCTURED_DB/2015/feb/176973.json
2025-12-06 18:31:13,973 - INFO - 
[785/2500] Processing G.R. No. 177168
2025-12-06 18:31:13,973 - INFO -   Title: Navy Officer's Village Association, Inc. (NOVAI) vs. Republi...
2025-12-06 18:31:14,353 - INFO -   Case already exists: RESTRUCTURED_DB/2015/aug/177168.json
2025-12-06 18:31:14,853 - INFO - 
[786/2500] Processing G.R. No. 177600
2025-12-06 18:31:14,854 - INFO -   Title: Mayor Anwar Berua Balindong, et al. vs. Court of Appeals, et...
2025-12-06 18:31:15,060 - INFO -   Case already exists: RESTRUCTURED_DB/2015/oct/177600.json
2025-12-06 18:31:15,560 - INFO - 
[787/2500] Processing G.R. No. 177600
2025-12-06 18:31:15,560 - INFO -   Title: Mayor Anwar Berua Balindong, et al. vs. Court of Appeals, et...
2025-12-06 18:31:15,766 - INFO -   Case already exists: RESTRUCTURED_DB/2015/oct/177600.json
2025-12-06 18:31:16,266 - INFO - 
[788/2500] Processing G.R. No. 177803
2025-12-06 18:31:16,266 - INFO -   Title: Spouses Emiliano L. Jalbay, Sr. vs. Mamerta C. Jalbay vs. Ph...
2025-12-06 18:31:16,470 - INFO -   Case already exists: RESTRUCTURED_DB/2015/aug/177803.json
2025-12-06 18:31:16,970 - INFO - 
[789/2500] Processing G.R. No. 178169
2025-12-06 18:31:16,970 - INFO -   Title: NFF Industrial Corporation vs. G & L Associates Brokerage an...
2025-12-06 18:31:17,350 - INFO -   Case already exists: RESTRUCTURED_DB/2015/jan/178169.json
2025-12-06 18:31:17,850 - INFO - 
[790/2500] Processing G.R. No. 178317
2025-12-06 18:31:17,850 - INFO -   Title: Spouses Ricardo and Elena C. Golez vs Meliton Nemeño...
2025-12-06 18:31:18,228 - INFO -   Case already exists: RESTRUCTURED_DB/2015/sep/178317.json
2025-12-06 18:31:18,729 - INFO - 
[791/2500] Processing G.R. No. 178407
2025-12-06 18:31:18,729 - INFO -   Title: Metropolitan Bank and Trust Company vs S.F. Naguiat Enterpri...
2025-12-06 18:31:19,110 - INFO -   Case already exists: RESTRUCTURED_DB/2015/mar/178407.json
2025-12-06 18:31:19,611 - INFO - 
[792/2500] Processing G.R. No. 179025
2025-12-06 18:31:19,611 - INFO -   Title: Cebu State College of Science and Technology (CSCST), repres...
2025-12-06 18:31:19,816 - INFO -   Case already exists: RESTRUCTURED_DB/2015/jun/179025.json
2025-12-06 18:31:20,316 - INFO - 
[793/2500] Processing G.R. No. 179121
2025-12-06 18:31:20,316 - INFO -   Title: Margarita M. Benedicto-Muñoz vs Maria Angeles Cacho-Olivares...
2025-12-06 18:31:20,695 - INFO -   Case already exists: RESTRUCTURED_DB/2015/nov/179121.json
2025-12-06 18:31:21,196 - INFO - 
[794/2500] Processing G.R. No. 179226
2025-12-06 18:31:21,196 - INFO -   Title: Ma. Susana A. Awatin and on behalf of the heirs/beneficiarie...
2025-12-06 18:31:21,400 - INFO -   Case already exists: RESTRUCTURED_DB/2015/jun/179226.json
2025-12-06 18:31:21,900 - INFO - 
[795/2500] Processing G.R. No. 179257
2025-12-06 18:31:21,900 - INFO -   Title: United Alloy Philippines Corporation vs. United Coconut Plan...
2025-12-06 18:31:22,279 - INFO -   Case already exists: RESTRUCTURED_DB/2015/nov/179257.json
2025-12-06 18:31:22,779 - INFO - 
[796/2500] Processing G.R. No. 179334
2025-12-06 18:31:22,779 - INFO -   Title: Secretary of the Department of Public Works and Highways and...
2025-12-06 18:31:23,158 - INFO -   Case already exists: RESTRUCTURED_DB/2015/apr/179334.json
2025-12-06 18:31:23,658 - INFO - 
[797/2500] Processing G.R. No. 179457
2025-12-06 18:31:23,658 - INFO -   Title: Wilfredo De Vera, et al. vs. Spouses Eugenio Santiago, Sr. a...
2025-12-06 18:31:23,863 - INFO -   Case already exists: RESTRUCTURED_DB/2015/jun/179457.json
2025-12-06 18:31:24,363 - INFO - 
[798/2500] Processing G.R. No. 179491
2025-12-06 18:31:24,363 - INFO -   Title: Alejandro C. Almendras, Jr. vs. Alexis C. Almendras...
2025-12-06 18:31:24,568 - INFO -   Case already exists: RESTRUCTURED_DB/2015/jan/179491.json
2025-12-06 18:31:25,068 - INFO - 
[799/2500] Processing G.R. No. 179640
2025-12-06 18:31:25,068 - INFO -   Title: Hacienda Cataywa/Manuel Villanueva, owner, et al. vs Rosario...
2025-12-06 18:31:25,446 - INFO -   Case already exists: RESTRUCTURED_DB/2015/mar/179640.json
2025-12-06 18:31:25,946 - INFO - 
[800/2500] Processing G.R. No. 179741
2025-12-06 18:31:25,946 - INFO -   Title: Heirs of Spouses Hilario Marinas and Bernardina N. Marinas v...
2025-12-06 18:31:26,327 - INFO -   Case already exists: RESTRUCTURED_DB/2015/dec/179741.json
2025-12-06 18:31:26,827 - INFO - 
[801/2500] Processing G.R. No. 179751
2025-12-06 18:31:26,827 - INFO -   Title: Herminia L. Mendoza, in her capacity as OIC of the Register ...
2025-12-06 18:31:27,033 - INFO -   Case already exists: RESTRUCTURED_DB/2015/aug/179751.json
2025-12-06 18:31:27,533 - INFO - 
[802/2500] Processing G.R. No. 179789
2025-12-06 18:31:27,533 - INFO -   Title: Pinewoo Marine (Phils.), Inc. vs. EMCO Plywood Corporation, ...
2025-12-06 18:31:27,912 - INFO -   Case already exists: RESTRUCTURED_DB/2015/jun/179789.json
2025-12-06 18:31:28,412 - INFO - 
[803/2500] Processing G.R. No. 179814
2025-12-06 18:31:28,413 - INFO -   Title: Wilfred N. Chiok vs. People of the Philippines / Rufina Chua...
2025-12-06 18:31:28,794 - INFO -   Case already exists: RESTRUCTURED_DB/2015/dec/179814.json
2025-12-06 18:31:29,294 - INFO - 
[804/2500] Processing G.R. No. 179874
2025-12-06 18:31:29,294 - INFO -   Title: Adelfa Dio Tolentino, et al. vs. Spouses Maria Jerera and Eb...
2025-12-06 18:31:29,680 - INFO -   Case already exists: RESTRUCTURED_DB/2015/jun/179874.json
2025-12-06 18:31:30,180 - INFO - 
[805/2500] Processing G.R. No. 180147
2025-12-06 18:31:30,180 - INFO -   Title: Sara Lee Philippines, Inc. vs. Emilinda D. Macatlang, et al....
2025-12-06 18:31:30,385 - INFO -   Case already exists: RESTRUCTURED_DB/2015/jan/180147.json
2025-12-06 18:31:30,885 - INFO - 
[806/2500] Processing G.R. No. 180323
2025-12-06 18:31:30,886 - INFO -   Title: Purina Philippines, Inc. vs Hon. Waldo Q. Flores, etc....
2025-12-06 18:31:31,091 - INFO -   Case already exists: RESTRUCTURED_DB/2015/sep/180323.json
2025-12-06 18:31:31,592 - INFO - 
[807/2500] Processing G.R. No. 180771
2025-12-06 18:31:31,592 - INFO -   Title: Resident Marine Mammals of the Protected Seascape Tañon Stra...
2025-12-06 18:31:32,146 - INFO -   Case already exists: RESTRUCTURED_DB/2015/apr/180771.json
2025-12-06 18:31:32,646 - INFO - 
[808/2500] Processing G.R. No. 181057
2025-12-06 18:31:32,647 - INFO -   Title: Josefina C. Billote, represented by her Attorneys-in-Fact, W...
2025-12-06 18:31:32,852 - INFO -   Case already exists: RESTRUCTURED_DB/2015/jun/181057.json
2025-12-06 18:31:33,352 - INFO - 
[809/2500] Processing G.R. No. 181111
2025-12-06 18:31:33,352 - INFO -   Title: Jackson Q. Padiermos Jackie G. Roxas and Rolando J. Mesina v...
2025-12-06 18:31:33,558 - INFO -   Case already exists: RESTRUCTURED_DB/2015/aug/181111.json
2025-12-06 18:31:34,058 - INFO - 
[810/2500] Processing G.R. No. 181284
2025-12-06 18:31:34,058 - INFO -   Title: Loloy Unduran, et al. vs. Ramon Aberasturi, et al.Separate O...
2025-12-06 18:31:34,436 - INFO -   Case already exists: RESTRUCTURED_DB/2015/oct/181284.json
2025-12-06 18:31:34,936 - INFO - 
[811/2500] Processing G.R. No. 181293
2025-12-06 18:31:34,937 - INFO -   Title: Ana Theresia "Risa" Hontiveros-Baraquel, et al. vs. Toll Reg...
2025-12-06 18:31:35,319 - INFO -   Case already exists: RESTRUCTURED_DB/2015/feb/181293.json
2025-12-06 18:31:35,820 - INFO - 
[812/2500] Processing G.R. No. 181381
2025-12-06 18:31:35,820 - INFO -   Title: Securities and Exchange Commission vs. Universal Rightfield ...
2025-12-06 18:31:36,025 - INFO -   Case already exists: RESTRUCTURED_DB/2015/jul/181381.json
2025-12-06 18:31:36,526 - INFO - 
[813/2500] Processing G.R. No. 181426
2025-12-06 18:31:36,526 - INFO -   Title: Games and Garments Developers, Inc. vs. Allied Banking Corpo...
2025-12-06 18:31:36,907 - INFO -   Case already exists: RESTRUCTURED_DB/2015/jul/181426.json
2025-12-06 18:31:37,407 - INFO - 
[814/2500] Processing G.R. No. 181517
2025-12-06 18:31:37,407 - INFO -   Title: Green Star Express, Inc. and Fruto Sayson, Jr. vs. Nissin-Un...
2025-12-06 18:31:37,611 - INFO -   Case already exists: RESTRUCTURED_DB/2015/jul/181517.json
2025-12-06 18:31:38,111 - INFO - 
[815/2500] Processing G.R. No. 181683
2025-12-06 18:31:38,111 - INFO -   Title: Lorenzo Shipping Corporation vs.  National Power Corporation...
2025-12-06 18:31:38,492 - INFO -   Case already exists: RESTRUCTURED_DB/2015/oct/181683.json
2025-12-06 18:31:38,992 - INFO - 
[816/2500] Processing G.R. No. 181721
2025-12-06 18:31:38,992 - INFO -   Title: Watercraft Venture Corporation, represented by its Vice-Pres...
2025-12-06 18:31:39,370 - INFO -   Case already exists: RESTRUCTURED_DB/2015/sep/181721.json
2025-12-06 18:31:39,870 - INFO - 
[817/2500] Processing G.R. No. 181756
2025-12-06 18:31:39,870 - INFO -   Title: Macan Cebu International Airport Authority (MCIAA) vs. City ...
2025-12-06 18:31:40,260 - INFO -   Case already exists: RESTRUCTURED_DB/2015/jun/181756.json
2025-12-06 18:31:40,760 - INFO - 
[818/2500] Processing G.R. No. 181892
2025-12-06 18:31:40,760 - INFO -   Title: Republic of the Philippines, represented by Executive Secret...
2025-12-06 18:31:41,349 - INFO -   Case already exists: RESTRUCTURED_DB/2015/sep/181892.json
2025-12-06 18:31:41,849 - INFO - 
[819/2500] Processing G.R. No. 182133
2025-12-06 18:31:41,849 - INFO -   Title: United Overseas Bank of the Philippines, Inc. vs. the Board ...
2025-12-06 18:31:42,054 - INFO -   Case already exists: RESTRUCTURED_DB/2015/jun/182133.json
2025-12-06 18:31:42,554 - INFO - 
[820/2500] Processing G.R. No. 182151
2025-12-06 18:31:42,554 - INFO -   Title: Igliceria Vda. De Karaan vs Atty. Salvador Aguinaldo, et al....
2025-12-06 18:31:42,760 - INFO -   Case already exists: RESTRUCTURED_DB/2015/sep/182151.json
2025-12-06 18:31:43,260 - INFO - 
[821/2500] Processing G.R. No. 182151
2025-12-06 18:31:43,260 - INFO -   Title: Igliceria Vda. De Karaan vs Atty. Salvador Aguinaldo, et al....
2025-12-06 18:31:43,465 - INFO -   Case already exists: RESTRUCTURED_DB/2015/sep/182151.json
2025-12-06 18:31:43,966 - INFO - 
[822/2500] Processing G.R. No. 182157
2025-12-06 18:31:43,966 - INFO -   Title: Anlud Metal Recycling Corporation, as represented by Alfredo...
2025-12-06 18:31:44,343 - INFO -   Case already exists: RESTRUCTURED_DB/2015/aug/182157.json
2025-12-06 18:31:44,844 - INFO - 
[823/2500] Processing G.R. No. 182208
2025-12-06 18:31:44,844 - INFO -   Title: Asian Terminals, Inc. vs. Allied Guarantee Insurance, Co., I...
2025-12-06 18:31:45,222 - INFO -   Case already exists: RESTRUCTURED_DB/2015/oct/182208.json
2025-12-06 18:31:45,723 - INFO - 
[824/2500] Processing G.R. No. 182210
2025-12-06 18:31:45,723 - INFO -   Title: Paz T. Bernardo, et al. vs. People of the Philippines...
2025-12-06 18:31:46,102 - INFO -   Case already exists: RESTRUCTURED_DB/2015/oct/182210.json
2025-12-06 18:31:46,603 - INFO - 
[825/2500] Processing G.R. No. 182255
2025-12-06 18:31:46,603 - INFO -   Title: Petron Corporation vs. Armz Caberte, et al....
2025-12-06 18:31:46,809 - INFO -   Case already exists: RESTRUCTURED_DB/2015/jun/182255.json
2025-12-06 18:31:47,309 - INFO - 
[826/2500] Processing G.R. No. 182375
2025-12-06 18:31:47,309 - INFO -   Title: Hadja Rawiya Suib vs. Emong Ebbah and Hon. Court of Appeals...
2025-12-06 18:31:47,514 - INFO -   Case already exists: RESTRUCTURED_DB/2015/dec/182375.json
2025-12-06 18:31:48,015 - INFO - 
[827/2500] Processing G.R. No. 182395
2025-12-06 18:31:48,015 - INFO -   Title: Marito T. Bernales vs. Northwest Airlines...
2025-12-06 18:31:48,219 - INFO -   Case already exists: RESTRUCTURED_DB/2015/oct/182395.json
2025-12-06 18:31:48,719 - INFO - 
[828/2500] Processing G.R. No. 182534
2025-12-06 18:31:48,719 - INFO -   Title: Ongcoma Hadji Homar vs People of the Philippines...
2025-12-06 18:31:49,097 - INFO -   Case already exists: RESTRUCTURED_DB/2015/sep/182534.json
2025-12-06 18:31:49,597 - INFO - 
[829/2500] Processing G.R. No. 182648
2025-12-06 18:31:49,597 - INFO -   Title: Herman Medina vs. People of the Philippines...
2025-12-06 18:31:49,975 - INFO -   Case already exists: RESTRUCTURED_DB/2015/jun/182648.json
2025-12-06 18:31:50,475 - INFO - 
[830/2500] Processing G.R. No. 182754
2025-12-06 18:31:50,475 - INFO -   Title: Spouses Crispin Aquino and Teresa V. Aquino, herein represen...
2025-12-06 18:31:50,853 - INFO -   Case already exists: RESTRUCTURED_DB/2015/jun/182754.json
2025-12-06 18:31:51,354 - INFO - 
[831/2500] Processing G.R. No. 182800
2025-12-06 18:31:51,354 - INFO -   Title: Manila Mining Corporation vs. Lowito R. Amor, et al....
2025-12-06 18:31:51,732 - INFO -   Case already exists: RESTRUCTURED_DB/2015/apr/182800.json
2025-12-06 18:31:52,232 - INFO - 
[832/2500] Processing G.R. No. 182805
2025-12-06 18:31:52,232 - INFO -   Title: Heirs of Serapio Mabborang; Lauriano Mabborang, et al. vs. H...
2025-12-06 18:31:52,609 - INFO -   Case already exists: RESTRUCTURED_DB/2015/apr/182805.json
2025-12-06 18:31:53,109 - INFO - 
[833/2500] Processing G.R. No. 182814
2025-12-06 18:31:53,109 - INFO -   Title: Ligaya Mendoza and Adelia Mendoza vs. the Honorable Court of...
2025-12-06 18:31:53,313 - INFO -   Case already exists: RESTRUCTURED_DB/2015/jul/182814.json
2025-12-06 18:31:53,813 - INFO - 
[834/2500] Processing G.R. No. 182864
2025-12-06 18:31:53,814 - INFO -   Title: Eastern Shipping Line, Inc. vs. BPI/MS Insurance Corp., & Mi...
2025-12-06 18:31:54,193 - INFO -   Case already exists: RESTRUCTURED_DB/2015/jan/182864.json
2025-12-06 18:31:54,694 - INFO - 
[835/2500] Processing G.R. No. 182886
2025-12-06 18:31:54,694 - INFO -   Title: Spouses Salvador P. Norbete, Jr. and Elizabeth S. Norbete vs...
2025-12-06 18:31:54,897 - INFO -   Case already exists: RESTRUCTURED_DB/2015/mar/182886.json
2025-12-06 18:31:55,397 - INFO - 
[836/2500] Processing G.R. No. 182926
2025-12-06 18:31:55,398 - INFO -   Title: Ana Lou B. Navaja vs. Hon. Manuel A. De Castro, or the Actin...
2025-12-06 18:31:55,776 - INFO -   Case already exists: RESTRUCTURED_DB/2015/jun/182926.json
2025-12-06 18:31:56,276 - INFO - 
[837/2500] Processing G.R. No. 183212
2025-12-06 18:31:56,276 - INFO -   Title: Wallem Philippines Services, Inc. and Wallem Ship Managment,...
2025-12-06 18:31:56,481 - INFO -   Case already exists: RESTRUCTURED_DB/2015/mar/183212.json
2025-12-06 18:31:56,981 - INFO - 
[838/2500] Processing G.R. No. 183370
2025-12-06 18:31:56,981 - INFO -   Title: Nation Petroleum Gas, et al. vs. Rizal Commercial Banking Co...
2025-12-06 18:31:57,359 - INFO -   Case already exists: RESTRUCTURED_DB/2015/aug/183370.json
2025-12-06 18:31:57,860 - INFO - 
[839/2500] Processing G.R. No. 183398
2025-12-06 18:31:57,860 - INFO -   Title: Clodualda D. Daaco vs. Valeriana Rosaldo Yu...
2025-12-06 18:31:58,064 - INFO -   Case already exists: RESTRUCTURED_DB/2015/jun/183398.json
2025-12-06 18:31:58,564 - INFO - 
[840/2500] Processing G.R. No. 183511
2025-12-06 18:31:58,564 - INFO -   Title: Republic of the Philippines vs Emeteria G. Lualhati...
2025-12-06 18:31:58,941 - INFO -   Case already exists: RESTRUCTURED_DB/2015/mar/183511.json
2025-12-06 18:31:59,441 - INFO - 
[841/2500] Processing G.R. No. 183531
2025-12-06 18:31:59,442 - INFO -   Title: Eastern Telecommunications Philippines, Inc. vs Commissioner...
2025-12-06 18:31:59,819 - INFO -   Case already exists: RESTRUCTURED_DB/2015/mar/183531.json
2025-12-06 18:32:00,319 - INFO - 
[842/2500] Processing G.R. No. 183587
2025-12-06 18:32:00,319 - INFO -   Title: Lexber, Inc. vs. Caesar M. Conchita B. Dalman...
2025-12-06 18:32:00,698 - INFO -   Case already exists: RESTRUCTURED_DB/2015/apr/183587.json
2025-12-06 18:32:01,198 - INFO - 
[843/2500] Processing G.R. No. 183641
2025-12-06 18:32:01,198 - INFO -   Title: Benjamin Guerrero vs. Director, Land Management Bureau, Flor...
2025-12-06 18:32:01,576 - INFO -   Case already exists: RESTRUCTURED_DB/2015/apr/183641.json
2025-12-06 18:32:02,076 - INFO - 
[844/2500] Processing G.R. No. 183652
2025-12-06 18:32:02,076 - INFO -   Title: People of the Philippines and AAA vs. Court of Appeals 21st ...
2025-12-06 18:32:02,466 - INFO -   Case already exists: RESTRUCTURED_DB/2015/feb/183652.json
2025-12-06 18:32:02,966 - INFO - 
[845/2500] Processing G.R. No. 183681
2025-12-06 18:32:02,966 - INFO -   Title: SPO2 Rolando Jamaca vs. People of the Philippines...
2025-12-06 18:32:03,170 - INFO -   Case already exists: RESTRUCTURED_DB/2015/jul/183681.json
2025-12-06 18:32:03,670 - INFO - 
[846/2500] Processing G.R. No. 183735
2025-12-06 18:32:03,670 - INFO -   Title: Segifredo T. Vilchez vs. Free Port Services Corporation and ...
2025-12-06 18:32:03,875 - INFO -   Case already exists: RESTRUCTURED_DB/2015/jul/183735.json
2025-12-06 18:32:04,375 - INFO - 
[847/2500] Processing G.R. No. 183869
2025-12-06 18:32:04,375 - INFO -   Title: Leonardo L. Villalon vs. Renato E. Lirio...
2025-12-06 18:32:04,580 - INFO -   Case already exists: RESTRUCTURED_DB/2015/aug/183869.json
2025-12-06 18:32:05,081 - INFO - 
[848/2500] Processing G.R. No. 184076
2025-12-06 18:32:05,081 - INFO -   Title: St. Raphael Montessori School, Inc., represented by Teresita...
2025-12-06 18:32:05,458 - INFO -   Case already exists: RESTRUCTURED_DB/2015/oct/184076.json
2025-12-06 18:32:05,958 - INFO - 
[849/2500] Processing G.R. No. 184130
2025-12-06 18:32:05,958 - INFO -   Title: Sandra M. Cam vs. Orlando C. Casimiro, in his capacity as Ac...
2025-12-06 18:32:06,336 - INFO -   Case already exists: RESTRUCTURED_DB/2015/jun/184130.json
2025-12-06 18:32:06,836 - INFO - 
[850/2500] Processing G.R. No. 184301
2025-12-06 18:32:06,836 - INFO -   Title: GE Money Bank, Inc. (formerly Keppel Philippines, Inc.) vs S...
2025-12-06 18:32:07,215 - INFO -   Case already exists: RESTRUCTURED_DB/2015/mar/184301.json
2025-12-06 18:32:07,716 - INFO - 
[851/2500] Processing G.R. No. 184320
2025-12-06 18:32:07,716 - INFO -   Title: Clarita Estrellado-Mainar vs. People of the Philippines...
2025-12-06 18:32:07,921 - INFO -   Case already exists: RESTRUCTURED_DB/2015/jul/184320.json
2025-12-06 18:32:08,421 - INFO - 
[852/2500] Processing G.R. No. 184355
2025-12-06 18:32:08,421 - INFO -   Title: Arnulfo a.k.a. Arnold Jacaban vs People of the Philippines...
2025-12-06 18:32:08,633 - INFO -   Case already exists: RESTRUCTURED_DB/2015/mar/184355.json
2025-12-06 18:32:09,134 - INFO - 
[853/2500] Processing G.R. No. 184397
2025-12-06 18:32:09,134 - INFO -   Title: Rosalinda G. Paredes vs Feed the Children Philippines, Inc. ...
2025-12-06 18:32:09,518 - INFO -   Case already exists: RESTRUCTURED_DB/2015/sep/184397.json
2025-12-06 18:32:10,018 - INFO - 
[854/2500] Processing G.R. No. 184762
2025-12-06 18:32:10,018 - INFO -   Title: People of the Philippines vs. Domingo Gallano y Jaranilla...
2025-12-06 18:32:10,224 - INFO -   Case already exists: RESTRUCTURED_DB/2015/feb/184762.json
2025-12-06 18:32:10,724 - INFO - 
[855/2500] Processing G.R. No. 184789
2025-12-06 18:32:10,724 - INFO -   Title: People of the Philippines vs. Beverly Alagarme y Citoy...
2025-12-06 18:32:10,929 - INFO -   Case already exists: RESTRUCTURED_DB/2015/feb/184789.json
2025-12-06 18:32:11,429 - INFO - 
[856/2500] Processing G.R. No. 184827
2025-12-06 18:32:11,429 - INFO -   Title: Felipe Jhonny A. Frias, Jr. and Heirs of Rogelio B. Veneraci...
2025-12-06 18:32:11,805 - INFO -   Case already exists: RESTRUCTURED_DB/2015/feb/184827.json
2025-12-06 18:32:12,306 - INFO - 
[857/2500] Processing G.R. No. 185058
2025-12-06 18:32:12,306 - INFO -   Title: Jovita S. Manalo vs. Ateneo De Naga University...
2025-12-06 18:32:12,684 - INFO -   Case already exists: RESTRUCTURED_DB/2015/nov/185058.json
2025-12-06 18:32:13,185 - INFO - 
[858/2500] Processing G.R. No. 185115
2025-12-06 18:32:13,185 - INFO -   Title: Northern Mindanao Power Corporation vs. Commissioner of Inte...
2025-12-06 18:32:13,388 - INFO -   Case already exists: RESTRUCTURED_DB/2015/feb/185115.json
2025-12-06 18:32:13,889 - INFO - 
[859/2500] Processing G.R. No. 185224
2025-12-06 18:32:13,889 - INFO -   Title: Amelia Carmela Constantino Zoleta vs. the Honorable Sandigan...
2025-12-06 18:32:14,269 - INFO -   Case already exists: RESTRUCTURED_DB/2015/jul/185224.json
2025-12-06 18:32:14,769 - INFO - 
[860/2500] Processing G.R. No. 185374
2025-12-06 18:32:14,769 - INFO -   Title: Simplicia Cercado-Siga, et al. vs Vicente Cercado, Jr., et a...
2025-12-06 18:32:14,974 - INFO -   Case already exists: RESTRUCTURED_DB/2015/mar/185374.json
2025-12-06 18:32:15,474 - INFO - 
[861/2500] Processing G.R. No. 185407
2025-12-06 18:32:15,474 - INFO -   Title: Sio Tiat King vs. Vicente G. Lim, et al....
2025-12-06 18:32:15,679 - INFO -   Case already exists: RESTRUCTURED_DB/2015/jun/185407.json
2025-12-06 18:32:16,179 - INFO - 
[862/2500] Processing G.R. No. 185544
2025-12-06 18:32:16,179 - INFO -   Title: The Law Firm of Laguesma Magsalin Consulta and Gastardo vs. ...
2025-12-06 18:32:16,560 - INFO -   Case already exists: RESTRUCTURED_DB/2015/jan/185544.json
2025-12-06 18:32:17,060 - INFO - 
[863/2500] Processing G.R. No. 185592
2025-12-06 18:32:17,060 - INFO -   Title: George C. Fong vs. Jose V. Duenas...
2025-12-06 18:32:17,265 - INFO -   Case already exists: RESTRUCTURED_DB/2015/jun/185592.json
2025-12-06 18:32:17,766 - INFO - 
[864/2500] Processing G.R. No. 185664
2025-12-06 18:32:17,766 - INFO -   Title: Angeles P. Balinghasay, et al. vs. Cecilia Castillo, et al....
2025-12-06 18:32:18,144 - INFO -   Case already exists: RESTRUCTURED_DB/2015/apr/185664.json
2025-12-06 18:32:18,644 - INFO - 
[865/2500] Processing G.R. No. 185666
2025-12-06 18:32:18,644 - INFO -   Title: Nippon Express (Philippines) Corporation vs. Commissioner of...
2025-12-06 18:32:19,022 - INFO -   Case already exists: RESTRUCTURED_DB/2015/feb/185666.json
2025-12-06 18:32:19,523 - INFO - 
[866/2500] Processing G.R. No. 185812
2025-12-06 18:32:19,523 - INFO -   Title: Maritime Industry Authority vs. Commission on Audit...
2025-12-06 18:32:19,909 - INFO -   Case already exists: RESTRUCTURED_DB/2015/jan/185812.json
2025-12-06 18:32:20,410 - INFO - 
[867/2500] Processing G.R. No. 186114
2025-12-06 18:32:20,410 - INFO -   Title: Chevron (Phils.), Inc. vs. Vitalino C. Galit, SJS and Sons C...
2025-12-06 18:32:20,615 - INFO -   Case already exists: RESTRUCTURED_DB/2015/oct/186114.json
2025-12-06 18:32:21,115 - INFO - 
[868/2500] Processing G.R. No. 186204
2025-12-06 18:32:21,115 - INFO -   Title: Spouses Romeo T. Javier and Adorina F. Javier vs Spouses Eva...
2025-12-06 18:32:21,319 - INFO -   Case already exists: RESTRUCTURED_DB/2015/sep/186204.json
2025-12-06 18:32:21,819 - INFO - 
[869/2500] Processing G.R. No. 186305
2025-12-06 18:32:21,819 - INFO -   Title: V-Gent, Inc. vs. Morning Star Travel and Tours, Inc....
2025-12-06 18:32:22,023 - INFO -   Case already exists: RESTRUCTURED_DB/2015/jul/186305.json
2025-12-06 18:32:22,523 - INFO - 
[870/2500] Processing G.R. No. 186322
2025-12-06 18:32:22,523 - INFO -   Title: Enrico S. Eulogio and Natividad V. Eulogio vs. Paterno C. Be...
2025-12-06 18:32:22,902 - INFO -   Case already exists: RESTRUCTURED_DB/2015/jul/186322.json
2025-12-06 18:32:23,402 - INFO - 
[871/2500] Processing G.R. No. 186375
2025-12-06 18:32:23,402 - INFO -   Title: Elena Alcedo vs. Sps. Jesus Sagudang and Marlene Padua-Sagud...
2025-12-06 18:32:23,605 - INFO -   Case already exists: RESTRUCTURED_DB/2015/jun/186375.json
2025-12-06 18:32:24,106 - INFO - 
[872/2500] Processing G.R. No. 186522
2025-12-06 18:32:24,106 - INFO -   Title: Rowena C. De Leon as substituted by her children John Kevin ...
2025-12-06 18:32:24,309 - INFO -   Case already exists: RESTRUCTURED_DB/2015/sep/186522.json
2025-12-06 18:32:24,809 - INFO - 
[873/2500] Processing G.R. No. 186597
2025-12-06 18:32:24,810 - INFO -   Title: People of the Philippines vs. Victoria R. Arambulo, et al....
2025-12-06 18:32:25,598 - INFO -   Case already exists: RESTRUCTURED_DB/2015/jun/186597.json
2025-12-06 18:32:26,098 - INFO - 
[874/2500] Processing G.R. No. 187013
2025-12-06 18:32:26,098 - INFO -   Title: Spouses Magalino and Cleofe Badilla vs. Fe Bragat...
2025-12-06 18:32:26,491 - INFO -   Case already exists: RESTRUCTURED_DB/2015/apr/187013.json
2025-12-06 18:32:26,991 - INFO - 
[875/2500] Processing G.R. No. 187226
2025-12-06 18:32:26,991 - INFO -   Title: Cheryll Santos Leus vs. St. Scholastica's College Westgrove ...
2025-12-06 18:32:27,386 - INFO -   Case already exists: RESTRUCTURED_DB/2015/jan/187226.json
2025-12-06 18:32:27,886 - INFO - 
[876/2500] Processing G.R. No. 187418
2025-12-06 18:32:27,886 - INFO -   Title: Rapid Manpower Consultants, Inc. vs Eduardo P. De Guzman...
2025-12-06 18:32:28,098 - INFO -   Case already exists: RESTRUCTURED_DB/2015/sep/187418.json
2025-12-06 18:32:28,598 - INFO - 
[877/2500] Processing G.R. No. 187487
2025-12-06 18:32:28,598 - INFO -   Title: Go Tong Electrical Supply Co., Inc. and George C. Go vs. BPI...
2025-12-06 18:32:28,991 - INFO -   Case already exists: RESTRUCTURED_DB/2015/jun/187487.json
2025-12-06 18:32:29,491 - INFO - 
[878/2500] Processing G.R. No. 187491
2025-12-06 18:32:29,491 - INFO -   Title: Far East Bank and Trust Company vs. Lilia S. Chua...
2025-12-06 18:32:29,886 - INFO -   Case already exists: RESTRUCTURED_DB/2015/jul/187491.json
2025-12-06 18:32:30,386 - INFO - 
[879/2500] Processing G.R. No. 187524
2025-12-06 18:32:30,386 - INFO -   Title: Sps. Maria Butiong and Francisco Villafria, substituted by D...
2025-12-06 18:32:30,779 - INFO -   Case already exists: RESTRUCTURED_DB/2015/aug/187524.json
2025-12-06 18:32:31,279 - INFO - 
[880/2500] Processing G.R. No. 187606
2025-12-06 18:32:31,279 - INFO -   Title: Norma V. Javate vs Spouses Renato J. Tiotuico and Lerma C. T...
2025-12-06 18:32:31,490 - INFO -   Case already exists: RESTRUCTURED_DB/2015/mar/187606.json
2025-12-06 18:32:31,990 - INFO - 
[881/2500] Processing G.R. No. 187631
2025-12-06 18:32:31,990 - INFO -   Title: Batangas City, Maria Teresa Geron, in her capacity as City T...
2025-12-06 18:32:32,383 - INFO -   Case already exists: RESTRUCTURED_DB/2015/jul/187631.json
2025-12-06 18:32:32,883 - INFO - 
[882/2500] Processing G.R. No. 187727
2025-12-06 18:32:32,883 - INFO -   Title: Tomasa J. Sabelllina vs Dolores Buray, et al....
2025-12-06 18:32:33,096 - INFO -   Case already exists: RESTRUCTURED_DB/2015/sep/187727.json
2025-12-06 18:32:33,596 - INFO - 
[883/2500] Processing G.R. No. 187882
2025-12-06 18:32:33,596 - INFO -   Title: Philippine National Bank vs. Spouses Hippocrates and Melanie...
2025-12-06 18:32:33,807 - INFO -   Case already exists: RESTRUCTURED_DB/2015/aug/187882.json
2025-12-06 18:32:34,308 - INFO - 
[884/2500] Processing G.R. No. 187892
2025-12-06 18:32:34,308 - INFO -   Title: Ungay Malobago Mines, Inc. vs. Republic of the Philippines...
2025-12-06 18:32:34,699 - INFO -   Case already exists: RESTRUCTURED_DB/2015/jan/187892.json
2025-12-06 18:32:35,200 - INFO - 
[885/2500] Processing G.R. No. 188016
2025-12-06 18:32:35,200 - INFO -   Title: Republic of the Philippines, represented by the Commissioner...
2025-12-06 18:32:35,592 - INFO -   Case already exists: RESTRUCTURED_DB/2015/jan/188016.json
2025-12-06 18:32:36,092 - INFO - 
[886/2500] Processing G.R. No. 188069
2025-12-06 18:32:36,092 - INFO -   Title: Reynaldo P. Bascara vs. Sheriff Rolando G. Javier and Evange...
2025-12-06 18:32:36,485 - INFO -   Case already exists: RESTRUCTURED_DB/2015/jun/188069.json
2025-12-06 18:32:36,985 - INFO - 
[887/2500] Processing G.R. No. 188118
2025-12-06 18:32:36,985 - INFO -   Title: Federal Phoenix Assurance Co., Ltd. vs. Fortune Sea Carrier,...
2025-12-06 18:32:37,197 - INFO -   Case already exists: RESTRUCTURED_DB/2015/nov/188118.json
2025-12-06 18:32:37,697 - INFO - 
[888/2500] Processing G.R. No. 188174
2025-12-06 18:32:37,697 - INFO -   Title: Department of Agrarian Reform through its Provincial Agraria...
2025-12-06 18:32:38,090 - INFO -   Case already exists: RESTRUCTURED_DB/2015/jun/188174.json
2025-12-06 18:32:38,590 - INFO - 
[889/2500] Processing G.R. No. 188364
2025-12-06 18:32:38,591 - INFO -   Title: K&G Mining Corporation vs. Acoje Mining Company, Incorporate...
2025-12-06 18:32:38,983 - INFO -   Case already exists: RESTRUCTURED_DB/2015/feb/188364.json
2025-12-06 18:32:39,483 - INFO - 
[890/2500] Processing G.R. No. 188464
2025-12-06 18:32:39,484 - INFO -   Title: Alberto J. Raza vs. Daikoku Electronics Phils., Inc. and Mam...
2025-12-06 18:32:39,881 - INFO -   Case already exists: RESTRUCTURED_DB/2015/jul/188464.json
2025-12-06 18:32:40,381 - INFO - 
[891/2500] Processing G.R. No. 188638
2025-12-06 18:32:40,382 - INFO -   Title: Philippine Transmarine Carriers, Inc. and Northern Marine Ma...
2025-12-06 18:32:40,777 - INFO -   Case already exists: RESTRUCTURED_DB/2015/dec/188638.json
2025-12-06 18:32:41,277 - INFO - 
[892/2500] Processing G.R. No. 188639
2025-12-06 18:32:41,277 - INFO -   Title: Securities and Exchange Commission vs Hon. Reynaldo M. Laigo...
2025-12-06 18:32:41,671 - INFO -   Case already exists: RESTRUCTURED_DB/2015/sep/188639.json
2025-12-06 18:32:42,172 - INFO - 
[893/2500] Processing G.R. No. 188698
2025-12-06 18:32:42,172 - INFO -   Title: People of the Philippines vs. Sonia Bernel Nuarin...
2025-12-06 18:32:42,384 - INFO -   Case already exists: RESTRUCTURED_DB/2015/jul/188698.json
2025-12-06 18:32:42,884 - INFO - 
[894/2500] Processing G.R. No. 188739
2025-12-06 18:32:42,884 - INFO -   Title: Benjamin E. Ravago vs. Metropolitan Bank & Trust Company, su...
2025-12-06 18:32:43,096 - INFO -   Case already exists: RESTRUCTURED_DB/2015/aug/188739.json
2025-12-06 18:32:43,596 - INFO - 
[895/2500] Processing G.R. No. 188794
2025-12-06 18:32:43,596 - INFO -   Title: Honesto D. Ogayon vs People of the Philippines...
2025-12-06 18:32:43,990 - INFO -   Case already exists: RESTRUCTURED_DB/2015/sep/188794.json
2025-12-06 18:32:44,490 - INFO - 
[896/2500] Processing G.R. No. 188839
2025-12-06 18:32:44,490 - INFO -   Title: Cesar Naguit vs. San Miguel Corporation...
2025-12-06 18:32:44,701 - INFO -   Case already exists: RESTRUCTURED_DB/2015/jun/188839.json
2025-12-06 18:32:45,201 - INFO - 
[897/2500] Processing G.R. No. 189229
2025-12-06 18:32:45,202 - INFO -   Title: Reynaldo Noblado, et al. vs. Princesita K. Alfonso...
2025-12-06 18:32:45,594 - INFO -   Case already exists: RESTRUCTURED_DB/2015/nov/189229.json
2025-12-06 18:32:46,094 - INFO - 
[898/2500] Processing G.R. No. 189255
2025-12-06 18:32:46,094 - INFO -   Title: Jesus G. Reyes vs. Glaucoma Reasearch Foundation, Inc., Eye ...
2025-12-06 18:32:46,488 - INFO -   Case already exists: RESTRUCTURED_DB/2015/jun/189255.json
2025-12-06 18:32:46,988 - INFO - 
[899/2500] Processing G.R. No. 189262
2025-12-06 18:32:46,988 - INFO -   Title: GBMLT Manpower Services, Inc. vs. Ma. Victoria H. Malinao...
2025-12-06 18:32:47,383 - INFO -   Case already exists: RESTRUCTURED_DB/2015/jul/189262.json
2025-12-06 18:32:47,883 - INFO - 
[900/2500] Processing G.R. No. 189272
2025-12-06 18:32:47,883 - INFO -   Title: People of the Philippines vs. Chi Chan Liu a.k.a. Chan Que a...
2025-12-06 18:32:48,277 - INFO -   Case already exists: RESTRUCTURED_DB/2015/jan/189272.json
2025-12-06 18:32:48,777 - INFO - 
[901/2500] Processing G.R. No. 189296
2025-12-06 18:32:48,777 - INFO -   Title: People of the Philippines vs Recto Angngao y Makay, et al....
2025-12-06 18:32:48,990 - INFO -   Case already exists: RESTRUCTURED_DB/2015/mar/189296.json
2025-12-06 18:32:49,490 - INFO - 
[902/2500] Processing G.R. No. 189571
2025-12-06 18:32:49,490 - INFO -   Title: The Honorable Monetary Board and and Gail U. Fule, Director,...
2025-12-06 18:32:49,702 - INFO -   Case already exists: RESTRUCTURED_DB/2015/jan/189571.json
2025-12-06 18:32:50,202 - INFO - 
[903/2500] Processing G.R. No. 189649
2025-12-06 18:32:50,202 - INFO -   Title: Adoracion Carolino (spouse and in substitution of the deceas...
2025-12-06 18:32:51,217 - WARNING -   ✗ Could not fetch case from any URL
2025-12-06 18:32:51,217 - INFO - 
[904/2500] Processing G.R. No. 189669
2025-12-06 18:32:51,217 - INFO -   Title: Pilipinas Shell Petroleum Corporation and Petron Corporation...
2025-12-06 18:32:51,428 - INFO -   Case already exists: RESTRUCTURED_DB/2015/feb/189669.json
2025-12-06 18:32:51,929 - INFO - 
[905/2500] Processing G.R. No. 189949
2025-12-06 18:32:51,929 - INFO -   Title: Castillejos Consumners Association, Inc. (CASCONA) vs Jose S...
2025-12-06 18:32:52,321 - INFO -   Case already exists: RESTRUCTURED_DB/2015/mar/189949.json
2025-12-06 18:32:52,821 - INFO - 
[906/2500] Processing G.R. No. 190112
2025-12-06 18:32:52,821 - INFO -   Title: Primo Co, Sr., et al. vs. the Philippine Canine Club, Inc....
2025-12-06 18:32:53,658 - WARNING -   ✗ Could not fetch case from any URL
2025-12-06 18:32:53,658 - INFO - 
[907/2500] Processing G.R. No. 190134
2025-12-06 18:32:53,658 - INFO -   Title: Spouses Rogelio and Shirley T. Lim, et al. vs. Honorable Cou...
2025-12-06 18:32:53,869 - INFO -   Case already exists: RESTRUCTURED_DB/2015/jul/190134.json
2025-12-06 18:32:54,369 - INFO - 
[908/2500] Processing G.R. No. 190348
2025-12-06 18:32:54,370 - INFO -   Title: People of the Philippines vs. Nilo Colentava...
2025-12-06 18:32:54,763 - INFO -   Case already exists: RESTRUCTURED_DB/2015/feb/190348.json
2025-12-06 18:32:55,263 - INFO - 
[909/2500] Processing G.R. No. 190482
2025-12-06 18:32:55,263 - INFO -   Title: Department of Agrarian Reform vs. Igmidio D. Robles, et al....
2025-12-06 18:32:55,662 - INFO -   Case already exists: RESTRUCTURED_DB/2015/dec/190482.json
2025-12-06 18:32:56,162 - INFO - 
[910/2500] Processing G.R. No. 190583
2025-12-06 18:32:56,162 - INFO -   Title: Maria Paz Frontreras y Ilagan vs. People of the Philippines...
2025-12-06 18:32:56,559 - INFO -   Case already exists: RESTRUCTURED_DB/2015/dec/190583.json
2025-12-06 18:32:57,059 - INFO - 
[911/2500] Processing G.R. No. 190641
2025-12-06 18:32:57,059 - INFO -   Title: Valley Golf and Country Club, Inc vs. Dr. Victor Reyes...
2025-12-06 18:32:57,271 - INFO -   Case already exists: RESTRUCTURED_DB/2015/nov/190641.json
2025-12-06 18:32:57,771 - INFO - 
[912/2500] Processing G.R. No. 190828
2025-12-06 18:32:57,771 - INFO -   Title: Onofre V. Montero, et al. vs Times Transporation Co., Inc., ...
2025-12-06 18:32:57,983 - INFO -   Case already exists: RESTRUCTURED_DB/2015/mar/190828.json
2025-12-06 18:32:58,484 - INFO - 
[913/2500] Processing G.R. No. 190892
2025-12-06 18:32:58,484 - INFO -   Title: Vicente H. Manualat, Jr. vs. People of the Philippines...
2025-12-06 18:32:58,879 - INFO -   Case already exists: RESTRUCTURED_DB/2015/aug/190892.json
2025-12-06 18:32:59,379 - INFO - 
[914/2500] Processing G.R. No. 190912
2025-12-06 18:32:59,379 - INFO -   Title: Gary Fantastico and Rolando Villanueva vs. Elpidio Malicse, ...
2025-12-06 18:32:59,772 - INFO -   Case already exists: RESTRUCTURED_DB/2015/jan/190912.json
2025-12-06 18:33:00,272 - INFO - 
[915/2500] Processing G.R. No. 190983
2025-12-06 18:33:00,272 - INFO -   Title: Banco de Oro Universal Bank and Register of Deeds of Makati ...
2025-12-06 18:33:00,484 - INFO -   Case already exists: RESTRUCTURED_DB/2015/jul/190983.json
2025-12-06 18:33:00,984 - INFO - 
[916/2500] Processing G.R. No. 190984
2025-12-06 18:33:00,984 - INFO -   Title: Acomarit Phils., and/or Acomarit Hongkong Limited vs. Gomer ...
2025-12-06 18:33:01,377 - INFO -   Case already exists: RESTRUCTURED_DB/2015/aug/190984.json
2025-12-06 18:33:01,878 - INFO - 
[917/2500] Processing G.R. No. 190998
2025-12-06 18:33:01,878 - INFO -   Title: Spouses Robert C. Paderanga and Jovita M. Paderanga vs. Spou...
2025-12-06 18:33:02,088 - INFO -   Case already exists: RESTRUCTURED_DB/2015/jul/190998.json
2025-12-06 18:33:02,588 - INFO - 
[918/2500] Processing G.R. No. 191031
2025-12-06 18:33:02,588 - INFO -   Title: Dolores L. Hacbang and Bernardo J. Hacbang vs. Atty. Basilio...
2025-12-06 18:33:02,981 - INFO -   Case already exists: RESTRUCTURED_DB/2015/oct/191031.json
2025-12-06 18:33:03,481 - INFO - 
[919/2500] Processing G.R. No. 191060
2025-12-06 18:33:03,481 - INFO -   Title: People of the Philippines vs. Tomas Dimacuha, et al....
2025-12-06 18:33:03,873 - INFO -   Case already exists: RESTRUCTURED_DB/2015/feb/191060.json
2025-12-06 18:33:04,374 - INFO - 
[920/2500] Processing G.R. No. 191176
2025-12-06 18:33:04,374 - INFO -   Title: Department of the Interior and Local Government (DILG) vs. R...
2025-12-06 18:33:04,585 - INFO -   Case already exists: RESTRUCTURED_DB/2015/oct/191176.json
2025-12-06 18:33:05,085 - INFO - 
[921/2500] Processing G.R. No. 191197
2025-12-06 18:33:05,085 - INFO -   Title: People of the Philippines vs. Rodrigo Lapore alias "Diging"...
2025-12-06 18:33:05,477 - INFO -   Case already exists: RESTRUCTURED_DB/2015/jun/191197.json
2025-12-06 18:33:05,977 - INFO - 
[922/2500] Processing G.R. No. 191258
2025-12-06 18:33:05,977 - INFO -   Title: People of the Philippines vs. Vincent Garrido y Elorde...
2025-12-06 18:33:06,370 - INFO -   Case already exists: RESTRUCTURED_DB/2015/jul/191258.json
2025-12-06 18:33:06,870 - INFO - 
[923/2500] Processing G.R. No. 191432
2025-12-06 18:33:06,870 - INFO -   Title: Teresa D. Tuazon vs. Spouses Angel and Marcosa Isagon...
2025-12-06 18:33:07,704 - WARNING -   ✗ Could not fetch case from any URL
2025-12-06 18:33:07,704 - INFO - 
[924/2500] Processing G.R. No. 191479
2025-12-06 18:33:07,704 - INFO -   Title: Jesus Velasquez vs Spouses Paterno C. Cruz and Rosario Cruz...
2025-12-06 18:33:08,096 - INFO -   Case already exists: RESTRUCTURED_DB/2015/sep/191479.json
2025-12-06 18:33:08,597 - INFO - 
[925/2500] Processing G.R. No. 191526
2025-12-06 18:33:08,597 - INFO -   Title: Spouses Florentino and Consolacion Tabalno vs. Paulino T. Di...
2025-12-06 18:33:08,989 - INFO -   Case already exists: RESTRUCTURED_DB/2015/oct/191526.json
2025-12-06 18:33:09,489 - INFO - 
[926/2500] Processing G.R. No. 191540
2025-12-06 18:33:09,489 - INFO -   Title: Spouses Jose O. Gatuslao and Ermila Leonila Limsiaco-Gatusla...
2025-12-06 18:33:09,883 - INFO -   Case already exists: RESTRUCTURED_DB/2015/jan/191540.json
2025-12-06 18:33:10,383 - INFO - 
[927/2500] Processing G.R. No. 191591
2025-12-06 18:33:10,383 - INFO -   Title: Department of Public Works and Highways vs. Foundation Speci...
2025-12-06 18:33:10,777 - INFO -   Case already exists: RESTRUCTURED_DB/2015/jun/191591.json
2025-12-06 18:33:11,277 - INFO - 
[928/2500] Processing G.R. No. 191641
2025-12-06 18:33:11,277 - INFO -   Title: Edmundo Navarez vs Atty. Manuel Abrogar III...
2025-12-06 18:33:11,488 - INFO -   Case already exists: RESTRUCTURED_DB/2015/sep/191641.json
2025-12-06 18:33:11,988 - INFO - 
[929/2500] Processing G.R. No. 191667
2025-12-06 18:33:11,989 - INFO -   Title: Land Bank of the Philippines vs. Eduardo M. Cacayuran, respo...
2025-12-06 18:33:13,004 - WARNING -   ✗ Could not fetch case from any URL
2025-12-06 18:33:13,004 - INFO - 
[930/2500] Processing G.R. No. 191710
2025-12-06 18:33:13,004 - INFO -   Title: Demetria De Guzman, et al. vs. Filinvest Development Corpora...
2025-12-06 18:33:13,397 - INFO -   Case already exists: RESTRUCTURED_DB/2015/jan/191710.json
2025-12-06 18:33:13,897 - INFO - 
[931/2500] Processing G.R. No. 191787
2025-12-06 18:33:13,897 - INFO -   Title: Macario Catipon, Jr. vs. Jerome Japson...
2025-12-06 18:33:14,110 - INFO -   Case already exists: RESTRUCTURED_DB/2015/jun/191787.json
2025-12-06 18:33:14,610 - INFO - 
[932/2500] Processing G.R. No. 191810
2025-12-06 18:33:14,610 - INFO -   Title: Jimmy T. Go a.k.a. Jaime T. Gaisano vs. Bureau of Immigratio...
2025-12-06 18:33:14,823 - INFO -   Case already exists: RESTRUCTURED_DB/2015/jun/191810.json
2025-12-06 18:33:15,323 - INFO - 
[933/2500] Processing G.R. No. 191810
2025-12-06 18:33:15,323 - INFO -   Title: Jimmy T. Go a.k.a. Jaime T. Gaisano vs. Bureau of Immigratio...
2025-12-06 18:33:15,536 - INFO -   Case already exists: RESTRUCTURED_DB/2015/jun/191810.json
2025-12-06 18:33:16,036 - INFO - 
[934/2500] Processing G.R. No. 191849
2025-12-06 18:33:16,036 - INFO -   Title: Frederick F. Felipe vs MGM Motor Trading Corporation, et al....
2025-12-06 18:33:16,248 - INFO -   Case already exists: RESTRUCTURED_DB/2015/sep/191849.json
2025-12-06 18:33:16,748 - INFO - 
[935/2500] Processing G.R. No. 191874
2025-12-06 18:33:16,748 - INFO -   Title: Roasters Philippines, Inc., etc. vs George Gaviola, et al....
2025-12-06 18:33:17,140 - INFO -   Case already exists: RESTRUCTURED_DB/2015/sep/191874.json
2025-12-06 18:33:17,640 - INFO - 
[936/2500] Processing G.R. No. 191894
2025-12-06 18:33:17,640 - INFO -   Title: Danilo A. Duncano vs. Hon. Sandiganbayan (2nd Division), and...
2025-12-06 18:33:18,033 - INFO -   Case already exists: RESTRUCTURED_DB/2015/jul/191894.json
2025-12-06 18:33:18,533 - INFO - 
[937/2500] Processing G.R. No. 191899
2025-12-06 18:33:18,533 - INFO -   Title: Julius R. Tagalog vs. Crossworld Marine Services, Inc., et a...
2025-12-06 18:33:18,925 - INFO -   Case already exists: RESTRUCTURED_DB/2015/jun/191899.json
2025-12-06 18:33:19,425 - INFO - 
[938/2500] Processing G.R. No. 191945
2025-12-06 18:33:19,425 - INFO -   Title: National Power Corporation vs Socorro T. Posada, Renato Buen...
2025-12-06 18:33:19,820 - INFO -   Case already exists: RESTRUCTURED_DB/2015/mar/191945.json
2025-12-06 18:33:20,321 - INFO - 
[939/2500] Processing G.R. No. 191972
2025-12-06 18:33:20,321 - INFO -   Title: Henry Ong Lay Hin vs. Court of Appeals (2nd Division), Hon. ...
2025-12-06 18:33:20,534 - INFO -   Case already exists: RESTRUCTURED_DB/2015/jan/191972.json
2025-12-06 18:33:21,034 - INFO - 
[940/2500] Processing G.R. No. 192024
2025-12-06 18:33:21,034 - INFO -   Title: Fortune Tobacco Corporation vs. Commissioner of Internal Rev...
2025-12-06 18:33:21,427 - INFO -   Case already exists: RESTRUCTURED_DB/2015/jul/192024.json
2025-12-06 18:33:21,927 - INFO - 
[941/2500] Processing G.R. No. 192099
2025-12-06 18:33:21,927 - INFO -   Title: Paulino M. Ejercito, et al. vs. Oriental Assurance Corporati...
2025-12-06 18:33:22,139 - INFO -   Case already exists: RESTRUCTURED_DB/2015/jul/192099.json
2025-12-06 18:33:22,639 - INFO - 
[942/2500] Processing G.R. No. 192173
2025-12-06 18:33:22,639 - INFO -   Title: Commssioner of Internal Revenue vs. Standard Chartered Bank...
2025-12-06 18:33:23,032 - INFO -   Case already exists: RESTRUCTURED_DB/2015/jul/192173.json
2025-12-06 18:33:23,532 - INFO - 
[943/2500] Processing G.R. No. 192270
2025-12-06 18:33:23,532 - INFO -   Title: Irene D. Ofilada vs. Sps. Ruben and Miraflor Andal...
2025-12-06 18:33:23,925 - INFO -   Case already exists: RESTRUCTURED_DB/2015/jan/192270.json
2025-12-06 18:33:24,426 - INFO - 
[944/2500] Processing G.R. No. 192284
2025-12-06 18:33:24,426 - INFO -   Title: Alex Ortega Tionco vs People of the Philippines...
2025-12-06 18:33:24,637 - INFO -   Case already exists: RESTRUCTURED_DB/2015/mar/192284.json
2025-12-06 18:33:25,138 - INFO - 
[945/2500] Processing G.R. No. 192389
2025-12-06 18:33:25,138 - INFO -   Title: C.F. Sharp Crew Management vs Rolando F. Obligado...
2025-12-06 18:33:25,531 - INFO -   Case already exists: RESTRUCTURED_DB/2015/sep/192389.json
2025-12-06 18:33:26,031 - INFO - 
[946/2500] Processing G.R. No. 192443
2025-12-06 18:33:26,031 - INFO -   Title: Allied Banking Corporation vs. Cristina B. Fukuoka...
2025-12-06 18:33:26,424 - INFO -   Case already exists: RESTRUCTURED_DB/2015/nov/192443.json
2025-12-06 18:33:26,924 - INFO - 
[947/2500] Processing G.R. No. 192463
2025-12-06 18:33:26,924 - INFO -   Title: Omaira Lomondot and Saripa Lomondot vs. Hon. Rasad G. Balind...
2025-12-06 18:33:27,316 - INFO -   Case already exists: RESTRUCTURED_DB/2015/jul/192463.json
2025-12-06 18:33:27,816 - INFO - 
[948/2500] Processing G.R. No. 192659
2025-12-06 18:33:27,816 - INFO -   Title: Philippine Race Horse Trainer's Association, Inc. vs. Piedra...
2025-12-06 18:33:28,209 - INFO -   Case already exists: RESTRUCTURED_DB/2015/dec/192659.json
2025-12-06 18:33:28,709 - INFO - 
[949/2500] Processing G.R. No. 192698
2025-12-06 18:33:28,709 - INFO -   Title: Raymundo E. Zapanta vs. People of the Philippines...
2025-12-06 18:33:29,724 - WARNING -   ✗ Could not fetch case from any URL
2025-12-06 18:33:29,724 - INFO - 
[950/2500] Processing G.R. No. 192718
2025-12-06 18:33:29,724 - INFO -   Title: Robert Mallillin vs. Luz G. Jamesolamin and the Republic of ...
2025-12-06 18:33:29,936 - INFO -   Case already exists: RESTRUCTURED_DB/2015/feb/192718.json
2025-12-06 18:33:30,436 - INFO - 
[951/2500] Processing G.R. No. 192785
2025-12-06 18:33:30,436 - INFO -   Title: People of the Philippines vs. Jomer Butial...
2025-12-06 18:33:30,649 - INFO -   Case already exists: RESTRUCTURED_DB/2015/feb/192785.json
2025-12-06 18:33:31,149 - INFO - 
[952/2500] Processing G.R. No. 192943
2025-12-06 18:33:31,149 - INFO -   Title: United Dumangas Port Development Corporation vs. Philippine ...
2025-12-06 18:33:31,543 - INFO -   Case already exists: RESTRUCTURED_DB/2015/aug/192943.json
2025-12-06 18:33:32,044 - INFO - 
[953/2500] Processing G.R. No. 192947
2025-12-06 18:33:32,044 - INFO -   Title: Melanie E. De Ocampo vs. RPN-9/Radio Philippines Network, In...
2025-12-06 18:33:32,257 - INFO -   Case already exists: RESTRUCTURED_DB/2015/dec/192947.json
2025-12-06 18:33:32,757 - INFO - 
[954/2500] Processing G.R. No. 192955
2025-12-06 18:33:32,757 - INFO -   Title: Edilberto P. Etom, Jr. vs. Aroma Lodging House...
2025-12-06 18:33:33,538 - INFO -   Case already exists: RESTRUCTURED_DB/2015/nov/192955.json
2025-12-06 18:33:34,038 - INFO - 
[955/2500] Processing G.R. No. 193034
2025-12-06 18:33:34,038 - INFO -   Title: Rodging Reyes vs. People of the Philippines and Salud M. Geg...
2025-12-06 18:33:34,431 - INFO -   Case already exists: RESTRUCTURED_DB/2015/jul/193034.json
2025-12-06 18:33:34,931 - INFO - 
[956/2500] Processing G.R. No. 193058
2025-12-06 18:33:34,931 - INFO -   Title: Edgar C. Nuque vs. Fidel Aquino and Spouses Alejandro and Er...
2025-12-06 18:33:35,323 - INFO -   Case already exists: RESTRUCTURED_DB/2015/jul/193058.json
2025-12-06 18:33:35,823 - INFO - 
[957/2500] Processing G.R. No. 193101
2025-12-06 18:33:35,823 - INFO -   Title: Nicanor Ceriola (deceased), substituted by his heirs, repres...
2025-12-06 18:33:37,405 - WARNING -   ✗ Could not fetch case from any URL
2025-12-06 18:33:37,405 - INFO - 
[958/2500] Processing G.R. No. 193158
2025-12-06 18:33:37,405 - INFO -   Title: Philippine Health Insurance Corporation vs Our Lady of Lourd...
2025-12-06 18:33:37,789 - INFO -   Case already exists: RESTRUCTURED_DB/2015/nov/193158.json
2025-12-06 18:33:38,289 - INFO - 
[959/2500] Processing G.R. No. 193169
2025-12-06 18:33:38,289 - INFO -   Title: Rogelio Roque vs. People of the Philippines...
2025-12-06 18:33:39,285 - WARNING -   ✗ Could not fetch case from any URL
2025-12-06 18:33:39,286 - INFO - 
[960/2500] Processing G.R. No. 193219
2025-12-06 18:33:39,286 - INFO -   Title: Copy Central Digital Copy Solution and/or Virgilio Montano v...
2025-12-06 18:33:39,493 - INFO -   Case already exists: RESTRUCTURED_DB/2015/jul/193219.json
2025-12-06 18:33:39,993 - INFO - 
[961/2500] Processing G.R. No. 193225
2025-12-06 18:33:39,994 - INFO -   Title: BBB vs. AAA...
2025-12-06 18:33:40,379 - INFO -   Case already exists: RESTRUCTURED_DB/2015/feb/193225.json
2025-12-06 18:33:40,879 - INFO - 
[962/2500] Processing G.R. No. 193253
2025-12-06 18:33:40,879 - INFO -   Title: Bureau of Customs vs the Honorable Agnes Vst Devanadera, et ...
2025-12-06 18:33:41,445 - INFO -   Case already exists: RESTRUCTURED_DB/2015/sep/193253.json
2025-12-06 18:33:41,945 - INFO - 
[963/2500] Processing G.R. No. 193271
2025-12-06 18:33:41,946 - INFO -   Title: Lolita M. Santiago vs.  Silvestre H. Bello IV...
2025-12-06 18:33:42,154 - INFO -   Case already exists: RESTRUCTURED_DB/2015/oct/193271.json
2025-12-06 18:33:42,654 - INFO - 
[964/2500] Processing G.R. No. 193383
2025-12-06 18:33:42,654 - INFO -   Title: CBK Power Company Limited vs. Commissioner of Internal Reven...
2025-12-06 18:33:43,040 - INFO -   Case already exists: RESTRUCTURED_DB/2015/jan/193383.json
2025-12-06 18:33:43,540 - INFO - 
[965/2500] Processing G.R. No. 193388
2025-12-06 18:33:43,540 - INFO -   Title: People of the Philippines vs. Rodolfo Bocadi y Apatan, et al...
2025-12-06 18:33:43,748 - INFO -   Case already exists: RESTRUCTURED_DB/2015/jul/193388.json
2025-12-06 18:33:44,249 - INFO - 
[966/2500] Processing G.R. No. 193420
2025-12-06 18:33:44,249 - INFO -   Title: 7107 Islands Publishing, Inc. vs. the House Printers Corpora...
2025-12-06 18:33:44,456 - INFO -   Case already exists: RESTRUCTURED_DB/2015/oct/193420.json
2025-12-06 18:33:44,957 - INFO - 
[967/2500] Processing G.R. No. 193468
2025-12-06 18:33:44,957 - INFO -   Title: Ai O. Eyana vs. Philippine Transmarine Carriers, Inc., Alain...
2025-12-06 18:33:45,343 - INFO -   Case already exists: RESTRUCTURED_DB/2015/jan/193468.json
2025-12-06 18:33:45,843 - INFO - 
[968/2500] Processing G.R. No. 193659
2025-12-06 18:33:45,843 - INFO -   Title: Sps. Fernando Vergara and Herminia Vergara vs. Erlinda Torre...
2025-12-06 18:33:46,051 - INFO -   Case already exists: RESTRUCTURED_DB/2015/jun/193659.json
2025-12-06 18:33:46,551 - INFO - 
[969/2500] Processing G.R. No. 193798
2025-12-06 18:33:46,551 - INFO -   Title: Coca-Cola Bottlers Philippines, Inc. vs Ilocos Professional ...
2025-12-06 18:33:46,760 - INFO -   Case already exists: RESTRUCTURED_DB/2015/sep/193798.json
2025-12-06 18:33:47,260 - INFO - 
[970/2500] Processing G.R. No. 193809
2025-12-06 18:33:47,260 - INFO -   Title: Saturnino Novecio, et al. vs Hon. Rodrigo F. Lim, Jr., as Ch...
2025-12-06 18:33:47,646 - INFO -   Case already exists: RESTRUCTURED_DB/2015/mar/193809.json
2025-12-06 18:33:48,146 - INFO - 
[971/2500] Processing G.R. No. 193821
2025-12-06 18:33:48,146 - INFO -   Title: Phil-Air Conditioning Center vs. RCJ Lines and Rolando Abadi...
2025-12-06 18:33:48,534 - INFO -   Case already exists: RESTRUCTURED_DB/2015/nov/193821.json
2025-12-06 18:33:49,034 - INFO - 
[972/2500] Processing G.R. No. 193855
2025-12-06 18:33:49,034 - INFO -   Title: People of the Philippines vs. Virgilio Largo Perondo...
2025-12-06 18:33:49,243 - INFO -   Case already exists: RESTRUCTURED_DB/2015/feb/193855.json
2025-12-06 18:33:49,743 - INFO - 
[973/2500] Processing G.R. No. 193890
2025-12-06 18:33:49,743 - INFO -   Title: Estanislao and Africa Sinamban vs China Banking Corporation...
2025-12-06 18:33:50,130 - INFO -   Case already exists: RESTRUCTURED_DB/2015/mar/193890.json
2025-12-06 18:33:50,630 - INFO - 
[974/2500] Processing G.R. No. 193919
2025-12-06 18:33:50,630 - INFO -   Title: Binan Rural Bank vs. Jose Willelmio G. Carlos and Martina Ro...
2025-12-06 18:33:50,837 - INFO -   Case already exists: RESTRUCTURED_DB/2015/jun/193919.json
2025-12-06 18:33:51,337 - INFO - 
[975/2500] Processing G.R. No. 193945
2025-12-06 18:33:51,337 - INFO -   Title: Remington Industrial Sales Corporation vs. Maricalum Mining ...
2025-12-06 18:33:51,725 - INFO -   Case already exists: RESTRUCTURED_DB/2015/jun/193945.json
2025-12-06 18:33:52,225 - INFO - 
[976/2500] Processing G.R. No. 193964
2025-12-06 18:33:52,225 - INFO -   Title: Engineer Ben Y. Lim, et al. vs. Hon. Sulpicio G. Gamosa, et ...
2025-12-06 18:33:52,790 - INFO -   Case already exists: RESTRUCTURED_DB/2015/dec/193964.json
2025-12-06 18:33:53,290 - INFO - 
[977/2500] Processing G.R. No. 193990
2025-12-06 18:33:53,290 - INFO -   Title: Eastern Shipping Lines, Inc. and/or Congressman Erwin L. Chi...
2025-12-06 18:33:53,498 - INFO -   Case already exists: RESTRUCTURED_DB/2015/oct/193990.json
2025-12-06 18:33:53,999 - INFO - 
[978/2500] Processing G.R. No. 194061
2025-12-06 18:33:53,999 - INFO -   Title: Emelie L. Besaga vs. Spouses Felipe Acosta and Luzviminda Ac...
2025-12-06 18:33:54,993 - WARNING -   ✗ Could not fetch case from any URL
2025-12-06 18:33:54,993 - INFO - 
[979/2500] Processing G.R. No. 194129
2025-12-06 18:33:54,993 - INFO -   Title: PO1 Crispin Ocampo y Santos vs. People of the Philippines...
2025-12-06 18:33:55,201 - INFO -   Case already exists: RESTRUCTURED_DB/2015/jun/194129.json
2025-12-06 18:33:55,701 - INFO - 
[980/2500] Processing G.R. No. 194159
2025-12-06 18:33:55,702 - INFO -   Title: Presidential Commission on Good Government vs. Ma. Mercedita...
2025-12-06 18:33:56,087 - INFO -   Case already exists: RESTRUCTURED_DB/2015/oct/194159.json
2025-12-06 18:33:56,588 - INFO - 
[981/2500] Processing G.R. No. 194192
2025-12-06 18:33:56,588 - INFO -   Title: Davao City Water District represented by its General Manager...
2025-12-06 18:33:56,974 - INFO -   Case already exists: RESTRUCTURED_DB/2015/jun/194192.json
2025-12-06 18:33:57,474 - INFO - 
[982/2500] Processing G.R. No. 194239
2025-12-06 18:33:57,474 - INFO -   Title: West Tower Condominium Corporation, etc. vs. First Philippin...
2025-12-06 18:33:57,864 - INFO -   Case already exists: RESTRUCTURED_DB/2015/jun/194239.json
2025-12-06 18:33:58,364 - INFO - 
[983/2500] Processing G.R. No. 194328
2025-12-06 18:33:58,364 - INFO -   Title: Stronghold Insurance Company, Incorporated vs. Interpacific ...
2025-12-06 18:33:58,571 - INFO -   Case already exists: RESTRUCTURED_DB/2015/jul/194328.json
2025-12-06 18:33:59,071 - INFO - 
[984/2500] Processing G.R. No. 194410
2025-12-06 18:33:59,071 - INFO -   Title: Ocean East Agency, et al. vs. Allan I. Lopez...
2025-12-06 18:33:59,457 - INFO -   Case already exists: RESTRUCTURED_DB/2015/oct/194410.json
2025-12-06 18:33:59,957 - INFO - 
[985/2500] Processing G.R. No. 194488
2025-12-06 18:33:59,957 - INFO -   Title: Alicia B. Reyes vs. Spouses Francisco S. Valentin and Anatal...
2025-12-06 18:34:00,343 - INFO -   Case already exists: RESTRUCTURED_DB/2015/feb/194488.json
2025-12-06 18:34:00,843 - INFO - 
[986/2500] Processing G.R. No. 194499
2025-12-06 18:34:00,844 - INFO -   Title: Manuel R. Portuguez vs. People of the Philippines...
2025-12-06 18:34:01,052 - INFO -   Case already exists: RESTRUCTURED_DB/2015/jan/194499.json
2025-12-06 18:34:01,552 - INFO - 
[987/2500] Processing G.R. No. 194515
2025-12-06 18:34:01,552 - INFO -   Title: Sps. Oscar and Gina Gironella vs Philippine National Bank...
2025-12-06 18:34:01,936 - INFO -   Case already exists: RESTRUCTURED_DB/2015/sep/194515.json
2025-12-06 18:34:02,436 - INFO - 
[988/2500] Processing G.R. No. 194516
2025-12-06 18:34:02,437 - INFO -   Title: Baldomera Foculan-Fudalan vs. Spouses Danilo Ocial and Divid...
2025-12-06 18:34:02,821 - INFO -   Case already exists: RESTRUCTURED_DB/2015/jun/194516.json
2025-12-06 18:34:03,322 - INFO - 
[989/2500] Processing G.R. No. 194589
2025-12-06 18:34:03,322 - INFO -   Title: Balayan Bay Rural Bank, Inc. represented by its Statutory Li...
2025-12-06 18:34:03,530 - INFO -   Case already exists: RESTRUCTURED_DB/2015/sep/194589.json
2025-12-06 18:34:04,030 - INFO - 
[990/2500] Processing G.R. No. 194589
2025-12-06 18:34:04,030 - INFO -   Title: Balayan Bay Rural Bank, Inc. represented by its Statutory Li...
2025-12-06 18:34:04,238 - INFO -   Case already exists: RESTRUCTURED_DB/2015/sep/194589.json
2025-12-06 18:34:04,738 - INFO - 
[991/2500] Processing G.R. No. 194606
2025-12-06 18:34:04,738 - INFO -   Title: People of the Philippines vs. Alfredo Santos Reyes...
2025-12-06 18:34:05,123 - INFO -   Case already exists: RESTRUCTURED_DB/2015/feb/194606.json
2025-12-06 18:34:05,623 - INFO - 
[992/2500] Processing G.R. No. 194617
2025-12-06 18:34:05,623 - INFO -   Title: La Tondena, Inc. vs. Republic of the Philippines Concurring ...
2025-12-06 18:34:06,010 - INFO -   Case already exists: RESTRUCTURED_DB/2015/aug/194617.json
2025-12-06 18:34:06,510 - INFO - 
[993/2500] Processing G.R. No. 194642
2025-12-06 18:34:06,510 - INFO -   Title: Nunelon R. Marquez vs. Elisan Credit Corporation...
2025-12-06 18:34:06,895 - INFO -   Case already exists: RESTRUCTURED_DB/2015/apr/194642.json
2025-12-06 18:34:07,395 - INFO - 
[994/2500] Processing G.R. No. 194686
2025-12-06 18:34:07,395 - INFO -   Title: Tri-C General Services vs Nolasco B. Matuto, Romeo E. Magno ...
2025-12-06 18:34:07,604 - INFO -   Case already exists: RESTRUCTURED_DB/2015/sep/194686.json
2025-12-06 18:34:08,105 - INFO - 
[995/2500] Processing G.R. No. 194702
2025-12-06 18:34:08,105 - INFO -   Title: San Lorenzo Ruiz Builders and Developers Group, Inc. and Osc...
2025-12-06 18:34:08,925 - WARNING -   ✗ Could not fetch case from any URL
2025-12-06 18:34:08,925 - INFO - 
[996/2500] Processing G.R. No. 194767
2025-12-06 18:34:08,925 - INFO -   Title: Edgar T. Barroso vs. Hon. Judge George E. Omelio, Presiding ...
2025-12-06 18:34:09,132 - INFO -   Case already exists: RESTRUCTURED_DB/2015/oct/194767.json
2025-12-06 18:34:09,632 - INFO - 
[997/2500] Processing G.R. No. 194814
2025-12-06 18:34:09,632 - INFO -   Title: Rosario Enriquez Vda. De Santiago vs. Atty. Jose A. Suing/Ja...
2025-12-06 18:34:10,197 - INFO -   Case already exists: RESTRUCTURED_DB/2015/oct/194814.json
2025-12-06 18:34:10,697 - INFO - 
[998/2500] Processing G.R. No. 194885
2025-12-06 18:34:10,697 - INFO -   Title: C.F. Sharp Crew Management, Inc. and Reederei Claus Peter Of...
2025-12-06 18:34:10,905 - INFO -   Case already exists: RESTRUCTURED_DB/2015/jan/194885.json
2025-12-06 18:34:11,406 - INFO - 
[999/2500] Processing G.R. No. 194906
2025-12-06 18:34:11,406 - INFO -   Title: Loralei P. Halili vs Justice for Children International, et ...
2025-12-06 18:34:11,613 - INFO -   Case already exists: RESTRUCTURED_DB/2015/sep/194906.json
2025-12-06 18:34:12,113 - INFO - 
[1000/2500] Processing G.R. No. 194969
2025-12-06 18:34:12,114 - INFO -   Title: Convoy Marketing Corporation and/or Arnold Laab vs. Oliver B...
2025-12-06 18:34:12,501 - INFO -   Case already exists: RESTRUCTURED_DB/2015/oct/194969.json
2025-12-06 18:34:13,001 - INFO - 
[1001/2500] Processing G.R. No. 194999
2025-12-06 18:34:13,001 - INFO -   Title: People of the Philippines vs. Gloria Nepomuceno y Pedraza...
2025-12-06 18:34:13,209 - INFO -   Case already exists: RESTRUCTURED_DB/2015/feb/194999.json
2025-12-06 18:34:13,709 - INFO - 
[1002/2500] Processing G.R. No. 195109
2025-12-06 18:34:13,709 - INFO -   Title: Andy D. Balite, Delfin M. Anzaldo and Monaliza Dl. Bihasa vs...
2025-12-06 18:34:13,917 - INFO -   Case already exists: RESTRUCTURED_DB/2015/feb/195109.json
2025-12-06 18:34:14,417 - INFO - 
[1003/2500] Processing G.R. No. 195166
2025-12-06 18:34:14,417 - INFO -   Title: Spouses Salvador Abella and Alma Abella vs. Spouses Romeo Ab...
2025-12-06 18:34:14,804 - INFO -   Case already exists: RESTRUCTURED_DB/2015/jul/195166.json
2025-12-06 18:34:15,305 - INFO - 
[1004/2500] Processing G.R. No. 195196
2025-12-06 18:34:15,305 - INFO -   Title: People of the Philippines vs. Estanly OCTA y Bas...
2025-12-06 18:34:15,513 - INFO -   Case already exists: RESTRUCTURED_DB/2015/jul/195196.json
2025-12-06 18:34:16,013 - INFO - 
[1005/2500] Processing G.R. No. 195203
2025-12-06 18:34:16,013 - INFO -   Title: Antonio Pagarigan vs. Angelita Yague and Shirley Asuncion...
2025-12-06 18:34:16,831 - WARNING -   ✗ Could not fetch case from any URL
2025-12-06 18:34:16,832 - INFO - 
[1006/2500] Processing G.R. No. 195244
2025-12-06 18:34:16,832 - INFO -   Title: People of the Philippines vs. Alvin Esugon y Avila...
2025-12-06 18:34:17,040 - INFO -   Case already exists: RESTRUCTURED_DB/2015/jun/195244.json
2025-12-06 18:34:17,541 - INFO - 
[1007/2500] Processing G.R. No. 195245
2025-12-06 18:34:17,541 - INFO -   Title: People of the Philippines vs. Jimmy Adlawan Gabuya...
2025-12-06 18:34:17,749 - INFO -   Case already exists: RESTRUCTURED_DB/2015/feb/195245.json
2025-12-06 18:34:18,249 - INFO - 
[1008/2500] Processing G.R. No. 195247
2025-12-06 18:34:18,249 - INFO -   Title: Anastacio Tingalan, substituted by his heirs, namely: Romeo ...
2025-12-06 18:34:18,634 - INFO -   Case already exists: RESTRUCTURED_DB/2015/jun/195247.json
2025-12-06 18:34:19,134 - INFO - 
[1009/2500] Processing G.R. No. 195272
2025-12-06 18:34:19,134 - INFO -   Title: Bank of the Philippine Islands vs. Spouses David M. Castro a...
2025-12-06 18:34:19,342 - INFO -   Case already exists: RESTRUCTURED_DB/2015/jan/195272.json
2025-12-06 18:34:19,842 - INFO - 
[1010/2500] Processing G.R. No. 195412
2025-12-06 18:34:19,842 - INFO -   Title: The Hon. Secretary of the Department of Agrarian Reform vs. ...
2025-12-06 18:34:20,226 - INFO -   Case already exists: RESTRUCTURED_DB/2015/feb/195412.json
2025-12-06 18:34:20,726 - INFO - 
[1011/2500] Processing G.R. No. 195424
2025-12-06 18:34:20,726 - INFO -   Title: People of the Philippines vs. Rudy Nuyok...
2025-12-06 18:34:21,111 - INFO -   Case already exists: RESTRUCTURED_DB/2015/jun/195424.json
2025-12-06 18:34:21,611 - INFO - 
[1012/2500] Processing G.R. No. 195513
2025-12-06 18:34:21,611 - INFO -   Title: Marlon Beduya, Rosario Dumas, Alex Leonoza, et al. vs. Ace P...
2025-12-06 18:34:21,997 - INFO -   Case already exists: RESTRUCTURED_DB/2015/jun/195513.json
2025-12-06 18:34:22,497 - INFO - 
[1013/2500] Processing G.R. No. 195547
2025-12-06 18:34:22,497 - INFO -   Title: Ma. Corazon M. Ola vs. People of the Philippines...
2025-12-06 18:34:22,706 - INFO -   Case already exists: RESTRUCTURED_DB/2015/dec/195547.json
2025-12-06 18:34:23,206 - INFO - 
[1014/2500] Processing G.R. No. 195654
2025-12-06 18:34:23,206 - INFO -   Title: Reynaldo Inutan, et al.vs. Napar Contracting & Allied Servic...
2025-12-06 18:34:23,592 - INFO -   Case already exists: RESTRUCTURED_DB/2015/nov/195654.json
2025-12-06 18:34:24,092 - INFO - 
[1015/2500] Processing G.R. No. 195661
2025-12-06 18:34:24,092 - INFO -   Title: Unknown Owner of the Vessel M/V China Joy, Samsun Shipping L...
2025-12-06 18:34:25,008 - INFO -   Case already exists: RESTRUCTURED_DB/2015/mar/195661.json
2025-12-06 18:34:25,508 - INFO - 
[1016/2500] Processing G.R. No. 195671
2025-12-06 18:34:25,508 - INFO -   Title: Rogelio J. Gonzaga vs. People of the Philippines...
2025-12-06 18:34:25,893 - INFO -   Case already exists: RESTRUCTURED_DB/2015/jan/195671.json
2025-12-06 18:34:26,393 - INFO - 
[1017/2500] Processing G.R. No. 195774
2025-12-06 18:34:26,393 - INFO -   Title: People of the Philippines vs. Larry Hernandez Basilio...
2025-12-06 18:34:26,776 - INFO -   Case already exists: RESTRUCTURED_DB/2015/feb/195774.json
2025-12-06 18:34:27,277 - INFO - 
[1018/2500] Processing G.R. No. 195850
2025-12-06 18:34:27,277 - INFO -   Title: People of the Philippines vs. Abola Panayangan Bio...
2025-12-06 18:34:27,660 - INFO -   Case already exists: RESTRUCTURED_DB/2015/feb/195850.json
2025-12-06 18:34:28,160 - INFO - 
[1019/2500] Processing G.R. No. 195956
2025-12-06 18:34:28,160 - INFO -   Title: ABS-CBN Corporation vs Felipe Gozon, Gilberto R. Duavit, Jr....
2025-12-06 18:34:29,260 - INFO -   Case already exists: RESTRUCTURED_DB/2015/mar/195956.json
2025-12-06 18:34:29,761 - INFO - 
[1020/2500] Processing G.R. No. 195978
2025-12-06 18:34:29,761 - INFO -   Title: Jose Yoac Estrella vs. BSM Crew Service Centre Phils., et al...
2025-12-06 18:34:30,156 - INFO -   Case already exists: RESTRUCTURED_DB/2015/aug/195978.json
2025-12-06 18:34:30,656 - INFO - 
[1021/2500] Processing G.R. No. 195990
2025-12-06 18:34:30,656 - INFO -   Title: Heirs of Rafael Gozo represented by Castillo Gozo and Rafael...
2025-12-06 18:34:31,040 - INFO -   Case already exists: RESTRUCTURED_DB/2015/aug/195990.json
2025-12-06 18:34:31,540 - INFO - 
[1022/2500] Processing G.R. No. 196052
2025-12-06 18:34:31,540 - INFO -   Title: People of the Philippines vs Jocelyn S. Posada and Francisco...
2025-12-06 18:34:31,746 - INFO -   Case already exists: RESTRUCTURED_DB/2015/sep/196052.json
2025-12-06 18:34:32,247 - INFO - 
[1023/2500] Processing G.R. No. 196083
2025-12-06 18:34:32,247 - INFO -   Title: Milagros C. Reyes vs Felix P. Asuncion...
2025-12-06 18:34:32,630 - INFO -   Case already exists: RESTRUCTURED_DB/2015/nov/196083.json
2025-12-06 18:34:33,130 - INFO - 
[1024/2500] Processing G.R. No. 196258
2025-12-06 18:34:33,131 - INFO -   Title: People of the Philippines vs Bonifacio Dandanon y Iligan a.k...
2025-12-06 18:34:33,692 - INFO -   Case already exists: RESTRUCTURED_DB/2015/sep/196258.json
2025-12-06 18:34:34,192 - INFO - 
[1025/2500] Processing G.R. No. 196278
2025-12-06 18:34:34,192 - INFO -   Title: CE Casecnan Water and Energy Company Inc. vs. the Province o...
2025-12-06 18:34:34,577 - INFO -   Case already exists: RESTRUCTURED_DB/2015/jun/196278.json
2025-12-06 18:34:35,077 - INFO - 
[1026/2500] Processing G.R. No. 196357
2025-12-06 18:34:35,077 - INFO -   Title: The Heirs of the Late Delfin Dela Cruz, represented by his S...
2025-12-06 18:34:36,246 - WARNING -   ✗ Could not fetch case from any URL
2025-12-06 18:34:36,246 - INFO - 
[1027/2500] Processing G.R. No. 196415
2025-12-06 18:34:36,246 - INFO -   Title: Commissioner of Internal Revenue vs. Toledo Power Company/To...
2025-12-06 18:34:36,632 - INFO -   Case already exists: RESTRUCTURED_DB/2015/dec/196415.json
2025-12-06 18:34:37,132 - INFO - 
[1028/2500] Processing G.R. No. 196418
2025-12-06 18:34:37,132 - INFO -   Title: Technical Education and Skills Development Authority (TESDA)...
2025-12-06 18:34:37,516 - INFO -   Case already exists: RESTRUCTURED_DB/2015/feb/196418.json
2025-12-06 18:34:38,016 - INFO - 
[1029/2500] Processing G.R. No. 196461
2025-12-06 18:34:38,016 - INFO -   Title: Warlito C. Vicente vs. Acil Corporation...
2025-12-06 18:34:38,401 - INFO -   Case already exists: RESTRUCTURED_DB/2015/jul/196461.json
2025-12-06 18:34:38,901 - INFO - 
[1030/2500] Processing G.R. No. 196592
2025-12-06 18:34:38,901 - INFO -   Title: Spouses Juvy Maraño and Maria Luisa G. Maraño vs. Pryce Gase...
2025-12-06 18:34:39,894 - WARNING -   ✗ Could not fetch case from any URL
2025-12-06 18:34:39,894 - INFO - 
[1031/2500] Processing G.R. No. 196597
2025-12-06 18:34:39,894 - INFO -   Title: Modesto W. Rivera vs. Allied Banking Corporation, et al....
2025-12-06 18:34:40,280 - INFO -   Case already exists: RESTRUCTURED_DB/2015/oct/196597.json
2025-12-06 18:34:40,780 - INFO - 
[1032/2500] Processing G.R. No. 196707
2025-12-06 18:34:40,780 - INFO -   Title: Spouses Nilo and Erlinda Mercado vs. Land Bank of the Philip...
2025-12-06 18:34:41,164 - INFO -   Case already exists: RESTRUCTURED_DB/2015/jun/196707.json
2025-12-06 18:34:41,664 - INFO - 
[1033/2500] Processing G.R. No. 196750
2025-12-06 18:34:41,664 - INFO -   Title: Ma. Elena R. Divinagracia as Administratrix of the Estate of...
2025-12-06 18:34:42,047 - INFO -   Case already exists: RESTRUCTURED_DB/2015/mar/196750.json
2025-12-06 18:34:42,547 - INFO - 
[1034/2500] Processing G.R. No. 196853
2025-12-06 18:34:42,547 - INFO -   Title: Robert Chua vs. People of the Philippines...
2025-12-06 18:34:43,112 - INFO -   Case already exists: RESTRUCTURED_DB/2015/jul/196853.json
2025-12-06 18:34:43,612 - INFO - 
[1035/2500] Processing G.R. No. 196864
2025-12-06 18:34:43,612 - INFO -   Title: Spouses Victor P. Dulnuan and Jacqueline C. Dulnuan vs. Metr...
2025-12-06 18:34:43,996 - INFO -   Case already exists: RESTRUCTURED_DB/2015/jul/196864.json
2025-12-06 18:34:44,496 - INFO - 
[1036/2500] Processing G.R. No. 196875
2025-12-06 18:34:44,496 - INFO -   Title: Teddy Maravilla vs. Joseph Rios...
2025-12-06 18:34:44,880 - INFO -   Case already exists: RESTRUCTURED_DB/2015/aug/196875.json
2025-12-06 18:34:45,380 - INFO - 
[1037/2500] Processing G.R. No. 197011
2025-12-06 18:34:45,380 - INFO -   Title: Essencia Q. Manarpiis vs. Texan Philippine, Inc. Richard Tan...
2025-12-06 18:34:45,764 - INFO -   Case already exists: RESTRUCTURED_DB/2015/jan/197011.json
2025-12-06 18:34:46,265 - INFO - 
[1038/2500] Processing G.R. No. 197058
2025-12-06 18:34:46,265 - INFO -   Title: Gregory Baluyo y Gamora vs. Spouses Joaquin and Rebecca De L...
2025-12-06 18:34:46,648 - INFO -   Case already exists: RESTRUCTURED_DB/2015/oct/197058.json
2025-12-06 18:34:47,149 - INFO - 
[1039/2500] Processing G.R. No. 197099
2025-12-06 18:34:47,149 - INFO -   Title: Eugenio San Juan Geronimo vs Karen Santos...
2025-12-06 18:34:48,085 - INFO -   Case already exists: RESTRUCTURED_DB/2015/sep/197099.json
2025-12-06 18:34:48,585 - INFO - 
[1040/2500] Processing G.R. No. 197115
2025-12-06 18:34:48,585 - INFO -   Title: Republic of the Philippines, rep. by the Secretary of Agricu...
2025-12-06 18:34:48,972 - INFO -   Case already exists: RESTRUCTURED_DB/2015/mar/197115.json
2025-12-06 18:34:49,473 - INFO - 
[1041/2500] Processing G.R. No. 197127
2025-12-06 18:34:49,473 - INFO -   Title: Noel L. Ong, et al. vs. Nicolasa O. Imperial, et al....
2025-12-06 18:34:49,862 - INFO -   Case already exists: RESTRUCTURED_DB/2015/jul/197127.json
2025-12-06 18:34:50,362 - INFO - 
[1042/2500] Processing G.R. No. 197458
2025-12-06 18:34:50,362 - INFO -   Title: Nicanor Pinlac y Resolme vs. People of the Philippines...
2025-12-06 18:34:50,571 - INFO -   Case already exists: RESTRUCTURED_DB/2015/nov/197458.json
2025-12-06 18:34:51,071 - INFO - 
[1043/2500] Processing G.R. No. 197472
2025-12-06 18:34:51,071 - INFO -   Title: Republic of the Philippines, represented by Commander Raymon...
2025-12-06 18:34:51,458 - INFO -   Case already exists: RESTRUCTURED_DB/2015/sep/197472.json
2025-12-06 18:34:51,958 - INFO - 
[1044/2500] Processing G.R. No. 197484
2025-12-06 18:34:51,958 - INFO -   Title: Gerardo A. Carique vs Philippine Scout Veterans Security and...
2025-12-06 18:34:52,170 - INFO -   Case already exists: RESTRUCTURED_DB/2015/sep/197484.json
2025-12-06 18:34:52,670 - INFO - 
[1045/2500] Processing G.R. No. 197546
2025-12-06 18:34:52,670 - INFO -   Title: People of the Philippines vs Bayani De Leon, et al....
2025-12-06 18:34:53,055 - INFO -   Case already exists: RESTRUCTURED_DB/2015/mar/197546.json
2025-12-06 18:34:53,556 - INFO - 
[1046/2500] Processing G.R. No. 197556
2025-12-06 18:34:53,556 - INFO -   Title: Waterfront Cebu City Casino Hotel, Inc. and Marco Protacio v...
2025-12-06 18:34:53,943 - INFO -   Case already exists: RESTRUCTURED_DB/2015/mar/197556.json
2025-12-06 18:34:54,443 - INFO - 
[1047/2500] Processing G.R. No. 197562
2025-12-06 18:34:54,443 - INFO -   Title: Aurora Engson Fransdilla vs. People of the Philippines...
2025-12-06 18:34:55,440 - WARNING -   ✗ Could not fetch case from any URL
2025-12-06 18:34:55,440 - INFO - 
[1048/2500] Processing G.R. No. 197582
2025-12-06 18:34:55,440 - INFO -   Title: Julie S. Subilla vs. Matrix Finance Corporation...
2025-12-06 18:34:55,648 - INFO -   Case already exists: RESTRUCTURED_DB/2015/jun/197582.json
2025-12-06 18:34:56,148 - INFO - 
[1049/2500] Processing G.R. No. 197597
2025-12-06 18:34:56,148 - INFO -   Title: (In the matter of the Petition for habeas corpus of Datukan ...
2025-12-06 18:34:57,144 - WARNING -   ✗ Could not fetch case from any URL
2025-12-06 18:34:57,145 - INFO - 
[1050/2500] Processing G.R. No. 197709
2025-12-06 18:34:57,145 - INFO -   Title: Jose Yulo Agricultural Corporation vs. Spouses Perla Cabaylo...
2025-12-06 18:34:57,353 - INFO -   Case already exists: RESTRUCTURED_DB/2015/aug/197709.json
2025-12-06 18:34:57,853 - INFO - 
[1051/2500] Processing G.R. No. 197712
2025-12-06 18:34:57,853 - INFO -   Title: Nonito Imbo y Gamores vs. People of the Philippines...
2025-12-06 18:34:58,672 - WARNING -   ✗ Could not fetch case from any URL
2025-12-06 18:34:58,672 - INFO - 
[1052/2500] Processing G.R. No. 197728
2025-12-06 18:34:58,672 - INFO -   Title: Spouses Armado and Lorna Trinidad vs Dona Marie Glenn Imson...
2025-12-06 18:34:58,881 - INFO -   Case already exists: RESTRUCTURED_DB/2015/sep/197728.json
2025-12-06 18:34:59,381 - INFO - 
[1053/2500] Processing G.R. No. 197731
2025-12-06 18:34:59,381 - INFO -   Title: Hermie T. Olarte, et al. vs. People of the Philippines...
2025-12-06 18:34:59,589 - INFO -   Case already exists: RESTRUCTURED_DB/2015/jul/197731.json
2025-12-06 18:35:00,089 - INFO - 
[1054/2500] Processing G.R. No. 197763
2025-12-06 18:35:00,089 - INFO -   Title: Smart Communications, Inc., Mr. Napoleon L. Nazareno and Mr....
2025-12-06 18:35:00,475 - INFO -   Case already exists: RESTRUCTURED_DB/2015/dec/197763.json
2025-12-06 18:35:00,976 - INFO - 
[1055/2500] Processing G.R. No. 197792
2025-12-06 18:35:00,976 - INFO -   Title: Civil Service Commission vs. Madlawi B. Magoyag...
2025-12-06 18:35:01,183 - INFO -   Case already exists: RESTRUCTURED_DB/2015/dec/197792.json
2025-12-06 18:35:01,683 - INFO - 
[1056/2500] Processing G.R. No. 197802
2025-12-06 18:35:01,683 - INFO -   Title: Zuneca Pharmaceutical, Akram Arain and/or Venus Arain M.D. d...
2025-12-06 18:35:02,069 - INFO -   Case already exists: RESTRUCTURED_DB/2015/nov/197802.json
2025-12-06 18:35:02,569 - INFO - 
[1057/2500] Processing G.R. No. 197818
2025-12-06 18:35:02,569 - INFO -   Title: People of the Philippines vs. Allan Roxas Diaz...
2025-12-06 18:35:02,777 - INFO -   Case already exists: RESTRUCTURED_DB/2015/feb/197818.json
2025-12-06 18:35:03,278 - INFO - 
[1058/2500] Processing G.R. No. 197852
2025-12-06 18:35:03,278 - INFO -   Title: Pasig Agricultural Development and Industrial Supply Corpora...
2025-12-06 18:35:03,664 - INFO -   Case already exists: RESTRUCTURED_DB/2015/oct/197852.json
2025-12-06 18:35:04,165 - INFO - 
[1059/2500] Processing G.R. No. 197852
2025-12-06 18:35:04,165 - INFO -   Title: Pasig Agricultural Development and Industrial Supply Corpora...
2025-12-06 18:35:04,552 - INFO -   Case already exists: RESTRUCTURED_DB/2015/oct/197852.json
2025-12-06 18:35:05,052 - INFO - 
[1060/2500] Processing G.R. No. 197923
2025-12-06 18:35:05,052 - INFO -   Title: Ruby Ruth S. Serrano Mahilum vs. Spouses Edilberto and Lourd...
2025-12-06 18:35:05,440 - INFO -   Case already exists: RESTRUCTURED_DB/2015/jun/197923.json
2025-12-06 18:35:05,940 - INFO - 
[1061/2500] Processing G.R. No. 197925
2025-12-06 18:35:05,940 - INFO -   Title: People of the Philippines vs Edwin Dalawis y Hidalgo...
2025-12-06 18:35:06,149 - INFO -   Case already exists: RESTRUCTURED_DB/2015/nov/197925.json
2025-12-06 18:35:06,649 - INFO - 
[1062/2500] Processing G.R. No. 197953
2025-12-06 18:35:06,649 - INFO -   Title: People of the Philippines vs. Sandiganbayan (2nd Division), ...
2025-12-06 18:35:07,037 - INFO -   Case already exists: RESTRUCTURED_DB/2015/aug/197953.json
2025-12-06 18:35:07,537 - INFO - 
[1063/2500] Processing G.R. No. 198012
2025-12-06 18:35:07,537 - INFO -   Title: People of the Philippines vs. Angel Mateo y Jacinto and Vice...
2025-12-06 18:35:08,357 - WARNING -   ✗ Could not fetch case from any URL
2025-12-06 18:35:08,357 - INFO - 
[1064/2500] Processing G.R. No. 198024
2025-12-06 18:35:08,357 - INFO -   Title: People of the Philippines vs Rafael David Cunanan...
2025-12-06 18:35:08,565 - INFO -   Case already exists: RESTRUCTURED_DB/2015/mar/198024.json
2025-12-06 18:35:09,065 - INFO - 
[1065/2500] Processing G.R. No. 198057
2025-12-06 18:35:09,065 - INFO -   Title: The People of the Philippines vs Randy Bañez y Baylon and Fe...
2025-12-06 18:35:09,272 - INFO -   Case already exists: RESTRUCTURED_DB/2015/sep/198057.json
2025-12-06 18:35:09,773 - INFO - 
[1066/2500] Processing G.R. No. 198057
2025-12-06 18:35:09,773 - INFO -   Title: The People of the Philippines vs Randy Bañez y Baylon and Fe...
2025-12-06 18:35:09,981 - INFO -   Case already exists: RESTRUCTURED_DB/2015/sep/198057.json
2025-12-06 18:35:10,482 - INFO - 
[1067/2500] Processing G.R. No. 198096
2025-12-06 18:35:10,482 - INFO -   Title: Centennial Transmarine, Inc., et al. vs. Pastor M. Quiambao...
2025-12-06 18:35:10,868 - INFO -   Case already exists: RESTRUCTURED_DB/2015/jul/198096.json
2025-12-06 18:35:11,368 - INFO - 
[1068/2500] Processing G.R. No. 198223
2025-12-06 18:35:11,368 - INFO -   Title: Heirs of Timbang Daromimbang Dimaampao, namely; Cabib D. Ala...
2025-12-06 18:35:11,754 - INFO -   Case already exists: RESTRUCTURED_DB/2015/feb/198223.json
2025-12-06 18:35:12,254 - INFO - 
[1069/2500] Processing G.R. No. 198270
2025-12-06 18:35:12,254 - INFO -   Title: Armilyn Morillo vs. People of the Philippines and Richard Na...
2025-12-06 18:35:12,642 - INFO -   Case already exists: RESTRUCTURED_DB/2015/dec/198270.json
2025-12-06 18:35:13,142 - INFO - 
[1070/2500] Processing G.R. No. 198309
2025-12-06 18:35:13,142 - INFO -   Title: The People of the Philippines vs Andy Regaspi...
2025-12-06 18:35:13,349 - INFO -   Case already exists: RESTRUCTURED_DB/2015/sep/198309.json
2025-12-06 18:35:13,849 - INFO - 
[1071/2500] Processing G.R. No. 198356
2025-12-06 18:35:13,849 - INFO -   Title: Esperanza Supapo and the Heirs of Romeo Supapo, namely, Espe...
2025-12-06 18:35:14,848 - WARNING -   ✗ Could not fetch case from any URL
2025-12-06 18:35:14,848 - INFO - 
[1072/2500] Processing G.R. No. 198426
2025-12-06 18:35:14,848 - INFO -   Title: Republic of the Philippines represented by Philippine Overse...
2025-12-06 18:35:15,056 - INFO -   Case already exists: RESTRUCTURED_DB/2015/sep/198426.json
2025-12-06 18:35:15,556 - INFO - 
[1073/2500] Processing G.R. No. 198436
2025-12-06 18:35:15,556 - INFO -   Title: Pioneer Insurance Surety Corporation vs. Morning Star Travel...
2025-12-06 18:35:15,945 - INFO -   Case already exists: RESTRUCTURED_DB/2015/jul/198436.json
2025-12-06 18:35:16,445 - INFO - 
[1074/2500] Processing G.R. No. 198465
2025-12-06 18:35:16,445 - INFO -   Title: Litex Glass and Aluminum Supply and/or Ronald Ong-Sitco...
2025-12-06 18:35:17,262 - WARNING -   ✗ Could not fetch case from any URL
2025-12-06 18:35:17,263 - INFO - 
[1075/2500] Processing G.R. No. 198515
2025-12-06 18:35:17,263 - INFO -   Title: Dominador Malabunga, Jr. vs. Cathay Pacific Steel Corporatio...
2025-12-06 18:35:17,471 - INFO -   Case already exists: RESTRUCTURED_DB/2015/jun/198515.json
2025-12-06 18:35:17,972 - INFO - 
[1076/2500] Processing G.R. No. 198531
2025-12-06 18:35:17,972 - INFO -   Title: Ethel Acampado, et al. vs Sps. Lourdes R. Cosmilla, et al....
2025-12-06 18:35:18,180 - INFO -   Case already exists: RESTRUCTURED_DB/2015/sep/198531.json
2025-12-06 18:35:18,680 - INFO - 
[1077/2500] Processing G.R. No. 198543
2025-12-06 18:35:18,680 - INFO -   Title: Republic of the Philippines vs. Cesar C. Pasicolan and Grego...
2025-12-06 18:35:19,678 - WARNING -   ✗ Could not fetch case from any URL
2025-12-06 18:35:19,678 - INFO - 
[1078/2500] Processing G.R. No. 198587
2025-12-06 18:35:19,678 - INFO -   Title: Saudi Arabian Airlines (Saudia) and Brenda J. Betia vs. Ma. ...
2025-12-06 18:35:20,069 - INFO -   Case already exists: RESTRUCTURED_DB/2015/jan/198587.json
2025-12-06 18:35:20,569 - INFO - 
[1079/2500] Processing G.R. No. 198643
2025-12-06 18:35:20,569 - INFO -   Title: Marsman & Company and Quirino R. Iledan vs. Artemio M. Ligo...
2025-12-06 18:35:20,956 - INFO -   Case already exists: RESTRUCTURED_DB/2015/aug/198643.json
2025-12-06 18:35:21,456 - INFO - 
[1080/2500] Processing G.R. No. 198675
2025-12-06 18:35:21,456 - INFO -   Title: Ilaw Buklod ng Manggawa (IBM) Nestle Philippines, Inc. Chapt...
2025-12-06 18:35:21,667 - INFO -   Case already exists: RESTRUCTURED_DB/2015/sep/198675.json
2025-12-06 18:35:22,167 - INFO - 
[1081/2500] Processing G.R. No. 198751
2025-12-06 18:35:22,167 - INFO -   Title: Flor Cañas-Manuel vs. Andres D. Egano...
2025-12-06 18:35:22,554 - INFO -   Case already exists: RESTRUCTURED_DB/2015/aug/198751.json
2025-12-06 18:35:23,054 - INFO - 
[1082/2500] Processing G.R. No. 198753
2025-12-06 18:35:23,054 - INFO -   Title: Jose "Pepe" Sanico vs People of the Philippines and Jennifer...
2025-12-06 18:35:23,264 - INFO -   Case already exists: RESTRUCTURED_DB/2015/mar/198753.json
2025-12-06 18:35:23,764 - INFO - 
[1083/2500] Processing G.R. No. 198756
2025-12-06 18:35:23,764 - INFO -   Title: Banco De Oro, Bank of Commerce, China Banking Corporation, M...
2025-12-06 18:35:24,339 - INFO -   Case already exists: RESTRUCTURED_DB/2015/jan/198756.json
2025-12-06 18:35:24,839 - INFO - 
[1084/2500] Processing G.R. No. 198796
2025-12-06 18:35:24,839 - INFO -   Title: The People of the Philippines vs Abdul Mammad y Macdirol, La...
2025-12-06 18:35:25,047 - INFO -   Case already exists: RESTRUCTURED_DB/2015/sep/198796.json
2025-12-06 18:35:25,547 - INFO - 
[1085/2500] Processing G.R. No. 198908
2025-12-06 18:35:25,547 - INFO -   Title: Virginia Ocampo vs. Deogracia Ocampo...
2025-12-06 18:35:25,755 - INFO -   Case already exists: RESTRUCTURED_DB/2015/aug/198908.json
2025-12-06 18:35:26,255 - INFO - 
[1086/2500] Processing G.R. No. 199087
2025-12-06 18:35:26,255 - INFO -   Title: People of the Philippines vs Jerry Punzalan and Patricia Pun...
2025-12-06 18:35:26,641 - INFO -   Case already exists: RESTRUCTURED_DB/2015/nov/199087.json
2025-12-06 18:35:27,141 - INFO - 
[1087/2500] Processing G.R. No. 199113
2025-12-06 18:35:27,141 - INFO -   Title: Renato M. David vs Editha A. Agbay and People of the Philipp...
2025-12-06 18:35:27,527 - INFO -   Case already exists: RESTRUCTURED_DB/2015/mar/199113.json
2025-12-06 18:35:28,027 - INFO - 
[1088/2500] Processing G.R. No. 199166
2025-12-06 18:35:28,027 - INFO -   Title: Nelson V. Begino, Gener Del Valle, Monina Avila-Llorin and M...
2025-12-06 18:35:29,023 - WARNING -   ✗ Could not fetch case from any URL
2025-12-06 18:35:29,023 - INFO - 
[1089/2500] Processing G.R. No. 199270
2025-12-06 18:35:29,024 - INFO -   Title: People of the Philippines vs. Vergel Ancajas and Allain Anca...
2025-12-06 18:35:29,232 - INFO -   Case already exists: RESTRUCTURED_DB/2015/oct/199270.json
2025-12-06 18:35:29,733 - INFO - 
[1090/2500] Processing G.R. No. 199314
2025-12-06 18:35:29,733 - INFO -   Title: Tamblot Security & General Services, Inc. vs. Florencio Item...
2025-12-06 18:35:29,940 - INFO -   Case already exists: RESTRUCTURED_DB/2015/dec/199314.json
2025-12-06 18:35:30,440 - INFO - 
[1091/2500] Processing G.R. No. 199384
2025-12-06 18:35:30,441 - INFO -   Title: Le Soleil International Logistic Co., Inc. et al. vs Vicente...
2025-12-06 18:35:30,648 - INFO -   Case already exists: RESTRUCTURED_DB/2015/sep/199384.json
2025-12-06 18:35:31,148 - INFO - 
[1092/2500] Processing G.R. No. 199445
2025-12-06 18:35:31,149 - INFO -   Title: People of the Philippines vs. Pacito Espejon y Lebios...
2025-12-06 18:35:31,535 - INFO -   Case already exists: RESTRUCTURED_DB/2015/feb/199445.json
2025-12-06 18:35:32,036 - INFO - 
[1093/2500] Processing G.R. No. 199522
2025-12-06 18:35:32,036 - INFO -   Title: Ricky Dinamling vs. People of the Philippines...
2025-12-06 18:35:32,424 - INFO -   Case already exists: RESTRUCTURED_DB/2015/jun/199522.json
2025-12-06 18:35:32,924 - INFO - 
[1094/2500] Processing G.R. No. 199554
2025-12-06 18:35:32,924 - INFO -   Title: Zenaida Paz vs. Northern Tobacco Redrying, Inc., and/or Ange...
2025-12-06 18:35:33,312 - INFO -   Case already exists: RESTRUCTURED_DB/2015/feb/199554.json
2025-12-06 18:35:33,813 - INFO - 
[1095/2500] Processing G.R. No. 199568
2025-12-06 18:35:33,813 - INFO -   Title: Dohle-Philman Manning Angency, Inc., et al. vs. Heirs of And...
2025-12-06 18:35:34,022 - INFO -   Case already exists: RESTRUCTURED_DB/2015/jun/199568.json
2025-12-06 18:35:34,522 - INFO - 
[1096/2500] Processing G.R. No. 199601
2025-12-06 18:35:34,523 - INFO -   Title: Philippine Commercial International Bank(Now Bdo Unibank, In...
2025-12-06 18:35:34,731 - INFO -   Case already exists: RESTRUCTURED_DB/2015/nov/199601.json
2025-12-06 18:35:35,231 - INFO - 
[1097/2500] Processing G.R. No. 199617
2025-12-06 18:35:35,231 - INFO -   Title: Rey Torrecampo, et al. vs National Labor Relations Commissio...
2025-12-06 18:35:35,438 - INFO -   Case already exists: RESTRUCTURED_DB/2015/sep/199617.json
2025-12-06 18:35:35,939 - INFO - 
[1098/2500] Processing G.R. No. 199648
2025-12-06 18:35:35,939 - INFO -   Title: First Optima Realty Corporation vs. Securitron Security Serv...
2025-12-06 18:35:36,325 - INFO -   Case already exists: RESTRUCTURED_DB/2015/jan/199648.json
2025-12-06 18:35:36,826 - INFO - 
[1099/2500] Processing G.R. No. 199660
2025-12-06 18:35:36,826 - INFO -   Title: U-Bix Corporation and Edilberto B. Bravo vs. Valerie Anne H....
2025-12-06 18:35:37,213 - INFO -   Case already exists: RESTRUCTURED_DB/2015/jul/199660.json
2025-12-06 18:35:37,713 - INFO - 
[1100/2500] Processing G.R. No. 199752
2025-12-06 18:35:37,713 - INFO -   Title: Lucena D. Demaala vs. Commission on Audit, represented by it...
2025-12-06 18:35:38,101 - INFO -   Case already exists: RESTRUCTURED_DB/2015/feb/199752.json
2025-12-06 18:35:38,602 - INFO - 
[1101/2500] Processing G.R. No. 199777
2025-12-06 18:35:38,602 - INFO -   Title: Heirs of Datu Dalandag Kuli, represented by Datu Culot Dalan...
2025-12-06 18:35:38,810 - INFO -   Case already exists: RESTRUCTURED_DB/2015/jun/199777.json
2025-12-06 18:35:39,310 - INFO - 
[1102/2500] Processing G.R. No. 199931
2025-12-06 18:35:39,310 - INFO -   Title: INC Shipmanagement, Inc., et al. vs Ranulfo Camporedondo...
2025-12-06 18:35:39,695 - INFO -   Case already exists: RESTRUCTURED_DB/2015/sep/199931.json
2025-12-06 18:35:40,196 - INFO - 
[1103/2500] Processing G.R. No. 199990
2025-12-06 18:35:40,196 - INFO -   Title: Spouses Rolando and Herminia Salvador vs. Spouses Rogelio an...
2025-12-06 18:35:40,583 - INFO -   Case already exists: RESTRUCTURED_DB/2015/feb/199990.json
2025-12-06 18:35:41,084 - INFO - 
[1104/2500] Processing G.R. No. 200013
2025-12-06 18:35:41,084 - INFO -   Title: Betty Gepulle-Garbo, represented by Attorney-in-Fact, Minda ...
2025-12-06 18:35:41,293 - INFO -   Case already exists: RESTRUCTURED_DB/2015/jan/200013.json
2025-12-06 18:35:41,793 - INFO - 
[1105/2500] Processing G.R. No. 200018
2025-12-06 18:35:41,794 - INFO -   Title: Citystate Savings Bank, Inc. vs. Maximiano P. Aguinaldo...
2025-12-06 18:35:42,015 - INFO -   Case already exists: RESTRUCTURED_DB/2015/apr/200018.json
2025-12-06 18:35:42,515 - INFO - 
[1106/2500] Processing G.R. No. 200114
2025-12-06 18:35:42,515 - INFO -   Title: Social Security System vs. Debbie Ubana Dissenting OpinionJu...
2025-12-06 18:35:42,901 - INFO -   Case already exists: RESTRUCTURED_DB/2015/aug/200114.json
2025-12-06 18:35:43,401 - INFO - 
[1107/2500] Processing G.R. No. 200169
2025-12-06 18:35:43,401 - INFO -   Title: Rodolfo S. Aguilar vs. Edna G. Siasat...
2025-12-06 18:35:43,788 - INFO -   Case already exists: RESTRUCTURED_DB/2015/jan/200169.json
2025-12-06 18:35:44,288 - INFO - 
[1108/2500] Processing G.R. No. 200233
2025-12-06 18:35:44,288 - INFO -   Title: Leonila G. Santiago vs. People of the Philippines...
2025-12-06 18:35:44,675 - INFO -   Case already exists: RESTRUCTURED_DB/2015/jul/200233.json
2025-12-06 18:35:45,175 - INFO - 
[1109/2500] Processing G.R. No. 200295
2025-12-06 18:35:45,175 - INFO -   Title: People of the Philippines vs. Edgar Bolo y Franco...
2025-12-06 18:35:45,562 - INFO -   Case already exists: RESTRUCTURED_DB/2015/aug/200295.json
2025-12-06 18:35:46,062 - INFO - 
[1110/2500] Processing G.R. No. 200308
2025-12-06 18:35:46,062 - INFO -   Title: People of the Philippines vs. Mera "Joy" Eleuterio Nielles @...
2025-12-06 18:35:46,270 - INFO -   Case already exists: RESTRUCTURED_DB/2015/feb/200308.json
2025-12-06 18:35:46,770 - INFO - 
[1111/2500] Processing G.R. No. 200333
2025-12-06 18:35:46,770 - INFO -   Title: People of the Philippines vs. Domingo Dilla y Paular...
2025-12-06 18:35:46,977 - INFO -   Case already exists: RESTRUCTURED_DB/2015/jan/200333.json
2025-12-06 18:35:47,477 - INFO - 
[1112/2500] Processing G.R. No. 200336
2025-12-06 18:35:47,478 - INFO -   Title: People of the Philippines vs. Rowena Tapugay y Ventura...
2025-12-06 18:35:47,863 - INFO -   Case already exists: RESTRUCTURED_DB/2015/feb/200336.json
2025-12-06 18:35:48,363 - INFO - 
[1113/2500] Processing G.R. No. 200465
2025-12-06 18:35:48,364 - INFO -   Title: Jocelyn Asistio y Consino vs. People of the Philippines and ...
2025-12-06 18:35:49,784 - WARNING -   ✗ Could not fetch case from any URL
2025-12-06 18:35:49,785 - INFO - 
[1114/2500] Processing G.R. No. 200558
2025-12-06 18:35:49,785 - INFO -   Title: Consuelo V. Pangasinan and Annabella V. Borromeo vs. Cristin...
2025-12-06 18:35:50,177 - INFO -   Case already exists: RESTRUCTURED_DB/2015/jul/200558.json
2025-12-06 18:35:50,678 - INFO - 
[1115/2500] Processing G.R. No. 200567
2025-12-06 18:35:50,678 - INFO -   Title: Metropolitan Bank and Trust Company vs. CPR Promotions and M...
2025-12-06 18:35:51,075 - INFO -   Case already exists: RESTRUCTURED_DB/2015/jun/200567.json
2025-12-06 18:35:51,576 - INFO - 
[1116/2500] Processing G.R. No. 200580
2025-12-06 18:35:51,576 - INFO -   Title: Marian B. Navarette vs. Manila International Freight Fowarde...
2025-12-06 18:35:51,788 - INFO -   Case already exists: RESTRUCTURED_DB/2015/feb/200580.json
2025-12-06 18:35:52,288 - INFO - 
[1117/2500] Processing G.R. No. 200620
2025-12-06 18:35:52,288 - INFO -   Title: Roberto L. Abad, et al. vs Philippine Communications Satelli...
2025-12-06 18:35:52,683 - INFO -   Case already exists: RESTRUCTURED_DB/2015/mar/200620.json
2025-12-06 18:35:53,183 - INFO - 
[1118/2500] Processing G.R. No. 200628
2025-12-06 18:35:53,183 - INFO -   Title: Maria Theresa G. Gutierrez vs. Commission on Audit and Audit...
2025-12-06 18:35:53,578 - INFO -   Case already exists: RESTRUCTURED_DB/2015/jan/200628.json
2025-12-06 18:35:54,078 - INFO - 
[1119/2500] Processing G.R. No. 200670
2025-12-06 18:35:54,078 - INFO -   Title: Clark Investors and Locators Association, Inc. vs. Secretary...
2025-12-06 18:35:54,290 - INFO -   Case already exists: RESTRUCTURED_DB/2015/jul/200670.json
2025-12-06 18:35:54,790 - INFO - 
[1120/2500] Processing G.R. No. 200751
2025-12-06 18:35:54,790 - INFO -   Title: Monico Ligtas vs. People of the Philippines...
2025-12-06 18:35:55,190 - INFO -   Case already exists: RESTRUCTURED_DB/2015/aug/200751.json
2025-12-06 18:35:55,690 - INFO - 
[1121/2500] Processing G.R. No. 200759
2025-12-06 18:35:55,690 - INFO -   Title: FAJ Construction & Development Corporation vs Susan M. Saulo...
2025-12-06 18:35:55,904 - INFO -   Case already exists: RESTRUCTURED_DB/2015/mar/200759.json
2025-12-06 18:35:56,404 - INFO - 
[1122/2500] Processing G.R. No. 200773
2025-12-06 18:35:56,404 - INFO -   Title: Republic of the Philippines vs. Angeline L. Dayaoen, et al....
2025-12-06 18:35:56,979 - INFO -   Case already exists: RESTRUCTURED_DB/2015/jul/200773.json
2025-12-06 18:35:57,479 - INFO - 
[1123/2500] Processing G.R. No. 200797
2025-12-06 18:35:57,479 - INFO -   Title: People of the Philippines vs. Manolito Opiana y Tanel...
2025-12-06 18:35:57,697 - INFO -   Case already exists: RESTRUCTURED_DB/2015/jan/200797.json
2025-12-06 18:35:58,197 - INFO - 
[1124/2500] Processing G.R. No. 200800
2025-12-06 18:35:58,197 - INFO -   Title: People of the Philippines vs. Oscar Sevillano y Retanal...
2025-12-06 18:35:58,408 - INFO -   Case already exists: RESTRUCTURED_DB/2015/feb/200800.json
2025-12-06 18:35:58,908 - INFO - 
[1125/2500] Processing G.R. No. 200841
2025-12-06 18:35:58,908 - INFO -   Title: Ce Luzon Geothermal Power Company, Inc. vs. Commissioner of ...
2025-12-06 18:35:59,300 - INFO -   Case already exists: RESTRUCTURED_DB/2015/aug/200841.json
2025-12-06 18:35:59,800 - INFO - 
[1126/2500] Processing G.R. No. 200898
2025-12-06 18:35:59,800 - INFO -   Title: Brown Madonna Press, Inc., Thaddeus Anthony A. Cabangon, et ...
2025-12-06 18:36:00,194 - INFO -   Case already exists: RESTRUCTURED_DB/2015/jun/200898.json
2025-12-06 18:36:00,694 - INFO - 
[1127/2500] Processing G.R. No. 200901
2025-12-06 18:36:00,694 - INFO -   Title: SM Investments Corporation vs. Estela Marfori Posadas, et al...
2025-12-06 18:36:00,906 - INFO -   Case already exists: RESTRUCTURED_DB/2015/dec/200901.json
2025-12-06 18:36:01,407 - INFO - 
[1128/2500] Processing G.R. No. 200940
2025-12-06 18:36:01,407 - INFO -   Title: People of the Philippines vs. Martin Nerio, Jr....
2025-12-06 18:36:01,618 - INFO -   Case already exists: RESTRUCTURED_DB/2015/jul/200940.json
2025-12-06 18:36:02,118 - INFO - 
[1129/2500] Processing G.R. No. 200942
2025-12-06 18:36:02,118 - INFO -   Title: People of the Philippines vs. Jorie Wahiman y RayosConcurrin...
2025-12-06 18:36:02,330 - INFO -   Case already exists: RESTRUCTURED_DB/2015/jun/200942.json
2025-12-06 18:36:02,830 - INFO - 
[1130/2500] Processing G.R. No. 200983
2025-12-06 18:36:02,830 - INFO -   Title: Republic of the Philippines vs Huang Te Fu...
2025-12-06 18:36:03,227 - INFO -   Case already exists: RESTRUCTURED_DB/2015/mar/200983.json
2025-12-06 18:36:03,728 - INFO - 
[1131/2500] Processing G.R. No. 201042
2025-12-06 18:36:03,728 - INFO -   Title: Daraga Press, Inc. vs. Commission on Audit and Department of...
2025-12-06 18:36:04,122 - INFO -   Case already exists: RESTRUCTURED_DB/2015/jun/201042.json
2025-12-06 18:36:04,622 - INFO - 
[1132/2500] Processing G.R. No. 201100
2025-12-06 18:36:04,622 - INFO -   Title: People of the Philippines vs. Mhods Usman y Gogo...
2025-12-06 18:36:04,834 - INFO -   Case already exists: RESTRUCTURED_DB/2015/feb/201100.json
2025-12-06 18:36:05,334 - INFO - 
[1133/2500] Processing G.R. No. 201110
2025-12-06 18:36:05,334 - INFO -   Title: People of the Philippines vs. Jeffrey Victoria y Cristobal...
2025-12-06 18:36:05,551 - INFO -   Case already exists: RESTRUCTURED_DB/2015/jul/201110.json
2025-12-06 18:36:06,052 - INFO - 
[1134/2500] Processing G.R. No. 201146
2025-12-06 18:36:06,052 - INFO -   Title: People of the Philippines vs. Michael Ros y Ortega, Rodolfo ...
2025-12-06 18:36:07,063 - WARNING -   ✗ Could not fetch case from any URL
2025-12-06 18:36:07,064 - INFO - 
[1135/2500] Processing G.R. No. 201151
2025-12-06 18:36:07,064 - INFO -   Title: People of the Philippines vs. Nestor Suarez y Magtagnob...
2025-12-06 18:36:07,274 - INFO -   Case already exists: RESTRUCTURED_DB/2015/jan/201151.json
2025-12-06 18:36:07,775 - INFO - 
[1136/2500] Processing G.R. No. 201248
2025-12-06 18:36:07,775 - INFO -   Title: Leticia Naguit Aquino, Melvin Naguit, et al. vs Cesar B. Qui...
2025-12-06 18:36:08,169 - INFO -   Case already exists: RESTRUCTURED_DB/2015/mar/201248.json
2025-12-06 18:36:08,669 - INFO - 
[1137/2500] Processing G.R. No. 201359
2025-12-06 18:36:08,669 - INFO -   Title: Magsaysay Maritime Corporation, et al. vs Vigilio L. Mazared...
2025-12-06 18:36:09,063 - INFO -   Case already exists: RESTRUCTURED_DB/2015/sep/201359.json
2025-12-06 18:36:09,564 - INFO - 
[1138/2500] Processing G.R. No. 201365
2025-12-06 18:36:09,564 - INFO -   Title: The People of the Philippines vs. Manuela Flores y Salazar @...
2025-12-06 18:36:09,775 - INFO -   Case already exists: RESTRUCTURED_DB/2015/aug/201365.json
2025-12-06 18:36:10,275 - INFO - 
[1139/2500] Processing G.R. No. 201405
2025-12-06 18:36:10,275 - INFO -   Title: Liwayway Andres, et al. vs. Sta. Lucia Realty & Development,...
2025-12-06 18:36:10,667 - INFO -   Case already exists: RESTRUCTURED_DB/2015/aug/201405.json
2025-12-06 18:36:11,168 - INFO - 
[1140/2500] Processing G.R. No. 201427
2025-12-06 18:36:11,168 - INFO -   Title: Teofilo B. Adolfo vs Fe T. Adolfo...
2025-12-06 18:36:11,561 - INFO -   Case already exists: RESTRUCTURED_DB/2015/mar/201427.json
2025-12-06 18:36:12,061 - INFO - 
[1141/2500] Processing G.R. No. 201494
2025-12-06 18:36:12,061 - INFO -   Title: Marites R. Cusap vs. Adidas Philippines Inc., Promotion Reso...
2025-12-06 18:36:12,454 - INFO -   Case already exists: RESTRUCTURED_DB/2015/jul/201494.json
2025-12-06 18:36:12,954 - INFO - 
[1142/2500] Processing G.R. No. 201535
2025-12-06 18:36:12,955 - INFO -   Title: Nec System Integrated Construction (NESIC) Phils., Inc vs. R...
2025-12-06 18:36:13,350 - INFO -   Case already exists: RESTRUCTURED_DB/2015/oct/201535.json
2025-12-06 18:36:13,850 - INFO - 
[1143/2500] Processing G.R. No. 201536
2025-12-06 18:36:13,850 - INFO -   Title: Grace Marine Shipping Corporation and/or Capt. Jimmy Boado v...
2025-12-06 18:36:14,243 - INFO -   Case already exists: RESTRUCTURED_DB/2015/sep/201536.json
2025-12-06 18:36:14,744 - INFO - 
[1144/2500] Processing G.R. No. 201580
2025-12-06 18:36:14,744 - INFO -   Title: Alcid C. Balbarino (now deceased) substituted by his survivi...
2025-12-06 18:36:15,576 - WARNING -   ✗ Could not fetch case from any URL
2025-12-06 18:36:15,576 - INFO - 
[1145/2500] Processing G.R. No. 201652
2025-12-06 18:36:15,576 - INFO -   Title: Heirs of Simeon Latayan, et al. vs. Peing Tan, et al....
2025-12-06 18:36:15,969 - INFO -   Case already exists: RESTRUCTURED_DB/2015/dec/201652.json
2025-12-06 18:36:16,469 - INFO - 
[1146/2500] Processing G.R. No. 201793
2025-12-06 18:36:16,469 - INFO -   Title: Philippine Transmarine Carriers, Inc./Norwegian Crew Managem...
2025-12-06 18:36:16,681 - INFO -   Case already exists: RESTRUCTURED_DB/2015/sep/201793.json
2025-12-06 18:36:17,181 - INFO - 
[1147/2500] Processing G.R. No. 201822
2025-12-06 18:36:17,181 - INFO -   Title: Marina Port Services vs. American Home Assurance Corporation...
2025-12-06 18:36:17,573 - INFO -   Case already exists: RESTRUCTURED_DB/2015/aug/201822.json
2025-12-06 18:36:18,074 - INFO - 
[1148/2500] Processing G.R. No. 201830
2025-12-06 18:36:18,074 - INFO -   Title: Office of the Ombudsman vs. Roger F. Borja...
2025-12-06 18:36:18,285 - INFO -   Case already exists: RESTRUCTURED_DB/2015/nov/201830.json
2025-12-06 18:36:18,786 - INFO - 
[1149/2500] Processing G.R. No. 201836
2025-12-06 18:36:18,786 - INFO -   Title: People of the Philippines vs. Allan Britanico and Jojo Brita...
2025-12-06 18:36:18,997 - INFO -   Case already exists: RESTRUCTURED_DB/2015/jun/201836.json
2025-12-06 18:36:19,497 - INFO - 
[1150/2500] Processing G.R. No. 201892
2025-12-06 18:36:19,497 - INFO -   Title: Norlinda S. Marilag vs. Marcelino B. Martinez...
2025-12-06 18:36:19,891 - INFO -   Case already exists: RESTRUCTURED_DB/2015/jul/201892.json
2025-12-06 18:36:20,391 - INFO - 
[1151/2500] Processing G.R. No. 201931
2025-12-06 18:36:20,391 - INFO -   Title: Doña Adela Export International, Inc. vs. TIDCORP and BPI...
2025-12-06 18:36:20,784 - INFO -   Case already exists: RESTRUCTURED_DB/2015/feb/201931.json
2025-12-06 18:36:21,284 - INFO - 
[1152/2500] Processing G.R. No. 201945
2025-12-06 18:36:21,284 - INFO -   Title: Maersk-Filipinas Crewing, Inc./A.P. Moller A/C vs Rommel Ren...
2025-12-06 18:36:21,680 - INFO -   Case already exists: RESTRUCTURED_DB/2015/sep/201945.json
2025-12-06 18:36:22,180 - INFO - 
[1153/2500] Processing G.R. No. 201945
2025-12-06 18:36:22,180 - INFO -   Title: Maersk-Filipinas Crewing, Inc./A.P. Moller A/C vs Rommel Ren...
2025-12-06 18:36:22,575 - INFO -   Case already exists: RESTRUCTURED_DB/2015/sep/201945.json
2025-12-06 18:36:23,075 - INFO - 
[1154/2500] Processing G.R. No. 202090
2025-12-06 18:36:23,076 - INFO -   Title: ICT Marketing Services Inc. (now known as Skykes Marketing S...
2025-12-06 18:36:23,470 - INFO -   Case already exists: RESTRUCTURED_DB/2015/sep/202090.json
2025-12-06 18:36:23,970 - INFO - 
[1155/2500] Processing G.R. No. 202181
2025-12-06 18:36:23,970 - INFO -   Title: People of the Philippines vs. Carolina Boquecosa...
2025-12-06 18:36:24,182 - INFO -   Case already exists: RESTRUCTURED_DB/2015/aug/202181.json
2025-12-06 18:36:24,682 - INFO - 
[1156/2500] Processing G.R. No. 202215
2025-12-06 18:36:24,682 - INFO -   Title: Vicmar Development Corporation vs. Camilo Elarcosa, et al....
2025-12-06 18:36:25,077 - INFO -   Case already exists: RESTRUCTURED_DB/2015/dec/202215.json
2025-12-06 18:36:25,577 - INFO - 
[1157/2500] Processing G.R. No. 202262
2025-12-06 18:36:25,578 - INFO -   Title: Jose C. Go, et al. vs. Bangko Sentral ng Pilipinas, and Regi...
2025-12-06 18:36:25,789 - INFO -   Case already exists: RESTRUCTURED_DB/2015/jul/202262.json
2025-12-06 18:36:26,289 - INFO - 
[1158/2500] Processing G.R. No. 202322
2025-12-06 18:36:26,289 - INFO -   Title: Light Rail Transit Authority vs. Romulo S. Mendoza, et al....
2025-12-06 18:36:26,682 - INFO -   Case already exists: RESTRUCTURED_DB/2015/aug/202322.json
2025-12-06 18:36:27,182 - INFO - 
[1159/2500] Processing G.R. No. 202331
2025-12-06 18:36:27,182 - INFO -   Title: The Provincial Government of Aurora vs. Hilario M. Marco...
2025-12-06 18:36:28,196 - WARNING -   ✗ Could not fetch case from any URL
2025-12-06 18:36:28,196 - INFO - 
[1160/2500] Processing G.R. No. 202446
2025-12-06 18:36:28,196 - INFO -   Title: Eduardo Bandillion, et al. vs La Filipina Uygongco Corporati...
2025-12-06 18:36:28,412 - INFO -   Case already exists: RESTRUCTURED_DB/2015/sep/202446.json
2025-12-06 18:36:28,912 - INFO - 
[1161/2500] Processing G.R. No. 202515
2025-12-06 18:36:28,912 - INFO -   Title: Lucena B. Rallos vs Honorable Justices Gabriel T. Ingles, Pa...
2025-12-06 18:36:29,123 - INFO -   Case already exists: RESTRUCTURED_DB/2015/sep/202515.json
2025-12-06 18:36:29,623 - INFO - 
[1162/2500] Processing G.R. No. 202611
2025-12-06 18:36:29,623 - INFO -   Title: Abner Mangubat vs. Belen Morga-Sey a...
2025-12-06 18:36:30,016 - INFO -   Case already exists: RESTRUCTURED_DB/2015/nov/202611.json
2025-12-06 18:36:30,516 - INFO - 
[1163/2500] Processing G.R. No. 202632
2025-12-06 18:36:30,516 - INFO -   Title: Roberto Sta. Ana Dy, et al. vs. Bonifacio A. Yu, et al....
2025-12-06 18:36:30,914 - INFO -   Case already exists: RESTRUCTURED_DB/2015/jul/202632.json
2025-12-06 18:36:31,414 - INFO - 
[1164/2500] Processing G.R. No. 202645
2025-12-06 18:36:31,414 - INFO -   Title: Fortunato R. Baron, et al. vs. EPE Transport, Inc. and/or Er...
2025-12-06 18:36:31,626 - INFO -   Case already exists: RESTRUCTURED_DB/2015/aug/202645.json
2025-12-06 18:36:32,126 - INFO - 
[1165/2500] Processing G.R. No. 202664
2025-12-06 18:36:32,126 - INFO -   Title: Manuel Luis C. Gonzales and Francis Martin D. Gonzales vs. G...
2025-12-06 18:36:32,520 - INFO -   Case already exists: RESTRUCTURED_DB/2015/nov/202664.json
2025-12-06 18:36:33,020 - INFO - 
[1166/2500] Processing G.R. No. 202708
2025-12-06 18:36:33,021 - INFO -   Title: People of the Philippines vs. Vicoriano Villar @ Boy...
2025-12-06 18:36:33,857 - WARNING -   ✗ Could not fetch case from any URL
2025-12-06 18:36:33,857 - INFO - 
[1167/2500] Processing G.R. No. 202789
2025-12-06 18:36:33,857 - INFO -   Title: Commssioner of Internal Revenue vs. Puregold Duty Free, Inc....
2025-12-06 18:36:34,069 - INFO -   Case already exists: RESTRUCTURED_DB/2015/jun/202789.json
2025-12-06 18:36:34,569 - INFO - 
[1168/2500] Processing G.R. No. 202805
2025-12-06 18:36:34,569 - INFO -   Title: Rosario Baguis-Tambuyat vs Wenifreda Balcom-Tambuyat...
2025-12-06 18:36:34,962 - INFO -   Case already exists: RESTRUCTURED_DB/2015/mar/202805.json
2025-12-06 18:36:35,462 - INFO - 
[1169/2500] Processing G.R. No. 202859
2025-12-06 18:36:35,463 - INFO -   Title: New Filipino Maritime Agencies, Inc. vs. Vincent H. Datayan...
2025-12-06 18:36:35,679 - INFO -   Case already exists: RESTRUCTURED_DB/2015/nov/202859.json
2025-12-06 18:36:36,179 - INFO - 
[1170/2500] Processing G.R. No. 202877
2025-12-06 18:36:36,179 - INFO -   Title: Narra Nickel Mining and Development Corporation, et al. vs. ...
2025-12-06 18:36:36,573 - INFO -   Case already exists: RESTRUCTURED_DB/2015/dec/202877.json
2025-12-06 18:36:37,073 - INFO - 
[1171/2500] Processing G.R. No. 202943
2025-12-06 18:36:37,073 - INFO -   Title: The Department of Health, represented by Enrique T. Ona and ...
2025-12-06 18:36:37,467 - INFO -   Case already exists: RESTRUCTURED_DB/2015/mar/202943.json
2025-12-06 18:36:37,967 - INFO - 
[1172/2500] Processing G.R. No. 202947
2025-12-06 18:36:37,967 - INFO -   Title: ASB Realty Corporation vs. Ortigas & Company Limited Partner...
2025-12-06 18:36:38,361 - INFO -   Case already exists: RESTRUCTURED_DB/2015/dec/202947.json
2025-12-06 18:36:38,861 - INFO - 
[1173/2500] Processing G.R. No. 202950
2025-12-06 18:36:38,862 - INFO -   Title: Baltazar Ibot vs. Heirs of Francisco Tayco, represented by F...
2025-12-06 18:36:39,697 - WARNING -   ✗ Could not fetch case from any URL
2025-12-06 18:36:39,697 - INFO - 
[1174/2500] Processing G.R. No. 202961
2025-12-06 18:36:39,697 - INFO -   Title: Emer Milan, Randy Masangkay, Wilfredo Javier, et al. vs. Nat...
2025-12-06 18:36:39,912 - INFO -   Case already exists: RESTRUCTURED_DB/2015/feb/202961.json
2025-12-06 18:36:40,412 - INFO - 
[1175/2500] Processing G.R. No. 202967
2025-12-06 18:36:40,412 - INFO -   Title: Alicia Y. Laurel vs. Ferdinand M. Vardeleon...
2025-12-06 18:36:40,805 - INFO -   Case already exists: RESTRUCTURED_DB/2015/aug/202967.json
2025-12-06 18:36:41,305 - INFO - 
[1176/2500] Processing G.R. No. 202970
2025-12-06 18:36:41,305 - INFO -   Title: Natanya Joana D. Argel vs Gov. Luis C. Singson, in his capac...
2025-12-06 18:36:41,516 - INFO -   Case already exists: RESTRUCTURED_DB/2015/mar/202970.json
2025-12-06 18:36:42,016 - INFO - 
[1177/2500] Processing G.R. No. 202989
2025-12-06 18:36:42,016 - INFO -   Title: Comglasco Corporation/Aguila Glass vs Santos Car Check Cente...
2025-12-06 18:36:42,227 - INFO -   Case already exists: RESTRUCTURED_DB/2015/mar/202989.json
2025-12-06 18:36:42,727 - INFO - 
[1178/2500] Processing G.R. No. 203023
2025-12-06 18:36:42,727 - INFO -   Title: Philippine Communications Satellite Corporation, et al. vs. ...
2025-12-06 18:36:43,120 - INFO -   Case already exists: RESTRUCTURED_DB/2015/jun/203023.json
2025-12-06 18:36:43,620 - INFO - 
[1179/2500] Processing G.R. No. 203026
2025-12-06 18:36:43,620 - INFO -   Title: People of the Philippines vs. Nathaniel Pasion y Dela Cruz a...
2025-12-06 18:36:44,013 - INFO -   Case already exists: RESTRUCTURED_DB/2015/jan/203026.json
2025-12-06 18:36:44,513 - INFO - 
[1180/2500] Processing G.R. No. 203066
2025-12-06 18:36:44,513 - INFO -   Title: People of the Philippines vs. Rodelio Llobera y Ofiza...
2025-12-06 18:36:44,906 - INFO -   Case already exists: RESTRUCTURED_DB/2015/aug/203066.json
2025-12-06 18:36:45,406 - INFO - 
[1181/2500] Processing G.R. No. 203087
2025-12-06 18:36:45,406 - INFO -   Title: People of the Philippines vs Edgardo Zabala y Balada and Rom...
2025-12-06 18:36:45,801 - INFO -   Case already exists: RESTRUCTURED_DB/2015/nov/203087.json
2025-12-06 18:36:46,301 - INFO - 
[1182/2500] Processing G.R. No. 203115
2025-12-06 18:36:46,301 - INFO -   Title: Island Overseas Transport Corporation vs. Armando N. Beja...
2025-12-06 18:36:46,694 - INFO -   Case already exists: RESTRUCTURED_DB/2015/dec/203115.json
2025-12-06 18:36:47,194 - INFO - 
[1183/2500] Processing G.R. No. 203124
2025-12-06 18:36:47,194 - INFO -   Title: Province of Leyte, herein represented by Mr. Rodolfo Badiabl...
2025-12-06 18:36:47,406 - INFO -   Case already exists: RESTRUCTURED_DB/2015/jun/203124.json
2025-12-06 18:36:47,906 - INFO - 
[1184/2500] Processing G.R. No. 203133
2025-12-06 18:36:47,906 - INFO -   Title: Yulim International Company Ltd., et al vs. International Ex...
2025-12-06 18:36:48,299 - INFO -   Case already exists: RESTRUCTURED_DB/2015/feb/203133.json
2025-12-06 18:36:48,799 - INFO - 
[1185/2500] Processing G.R. No. 203142
2025-12-06 18:36:48,799 - INFO -   Title: The Philippine Ports Authority (PPA) vs. Coalition of PPA Of...
2025-12-06 18:36:49,193 - INFO -   Case already exists: RESTRUCTURED_DB/2015/aug/203142.json
2025-12-06 18:36:49,693 - INFO - 
[1186/2500] Processing G.R. No. 203240
2025-12-06 18:36:49,693 - INFO -   Title: Northern Islands, Co., Inc. vs Sps. Dennis and Cherylin Garc...
2025-12-06 18:36:49,906 - INFO -   Case already exists: RESTRUCTURED_DB/2015/mar/203240.json
2025-12-06 18:36:50,406 - INFO - 
[1187/2500] Processing G.R. No. 203313
2025-12-06 18:36:50,406 - INFO -   Title: People of the Philippines vs Roberto Hidalgo, et al....
2025-12-06 18:36:50,798 - INFO -   Case already exists: RESTRUCTURED_DB/2015/sep/203313.json
2025-12-06 18:36:51,298 - INFO - 
[1188/2500] Processing G.R. No. 203351
2025-12-06 18:36:51,298 - INFO -   Title: Panay Power Corporation (Formerly Avon River Power Holdings ...
2025-12-06 18:36:51,509 - INFO -   Case already exists: RESTRUCTURED_DB/2015/jan/203351.json
2025-12-06 18:36:52,009 - INFO - 
[1189/2500] Processing G.R. No. 203355
2025-12-06 18:36:52,010 - INFO -   Title: Leo R. Rosales, et al. vs. New A.N.J.H. Enterprises & N.H. O...
2025-12-06 18:36:52,402 - INFO -   Case already exists: RESTRUCTURED_DB/2015/aug/203355.json
2025-12-06 18:36:52,903 - INFO - 
[1190/2500] Processing G.R. No. 203372
2025-12-06 18:36:52,903 - INFO -   Title: Atty. Cheloy E. Velicaira-Garafil vs. Office of the Presiden...
2025-12-06 18:36:53,480 - INFO -   Case already exists: RESTRUCTURED_DB/2015/jun/203372.json
2025-12-06 18:36:53,980 - INFO - 
[1191/2500] Processing G.R. No. 203384
2025-12-06 18:36:53,980 - INFO -   Title: Republic of the Philippines vs. Sps. Jose Castura and Castue...
2025-12-06 18:36:54,191 - INFO -   Case already exists: RESTRUCTURED_DB/2015/jan/203384.json
2025-12-06 18:36:54,691 - INFO - 
[1192/2500] Processing G.R. No. 203397
2025-12-06 18:36:54,691 - INFO -   Title: Augusto Ong Trinidad II, et al. vs. Spouses Bonifacio Palad ...
2025-12-06 18:36:55,083 - INFO -   Case already exists: RESTRUCTURED_DB/2015/dec/203397.json
2025-12-06 18:36:55,584 - INFO - 
[1193/2500] Processing G.R. No. 203466
2025-12-06 18:36:55,584 - INFO -   Title: Cherry Ann M. Benabaye vs. People of the Philippines...
2025-12-06 18:36:55,976 - INFO -   Case already exists: RESTRUCTURED_DB/2015/feb/203466.json
2025-12-06 18:36:56,476 - INFO - 
[1194/2500] Processing G.R. No. 203530
2025-12-06 18:36:56,476 - INFO -   Title: Luzon Development Bank, Tomas Clemente, Jr., and Oscar Ramir...
2025-12-06 18:36:57,309 - WARNING -   ✗ Could not fetch case from any URL
2025-12-06 18:36:57,309 - INFO - 
[1195/2500] Processing G.R. No. 203655
2025-12-06 18:36:57,309 - INFO -   Title: SM Land, Inc. vs Bases Conversion and Developement Authority...
2025-12-06 18:36:57,701 - INFO -   Case already exists: RESTRUCTURED_DB/2015/sep/203655.json
2025-12-06 18:36:58,201 - INFO - 
[1196/2500] Processing G.R. No. 203655
2025-12-06 18:36:58,201 - INFO -   Title: SM Land, Inc. vs Bases Conversion and Development Authority ...
2025-12-06 18:36:59,142 - INFO -   Case already exists: RESTRUCTURED_DB/2015/mar/203655.json
2025-12-06 18:36:59,642 - INFO - 
[1197/2500] Processing G.R. No. 203774
2025-12-06 18:36:59,642 - INFO -   Title: Cargill Philippines, Inc. vs Commissioner of Internal Revenu...
2025-12-06 18:36:59,846 - INFO -   Case already exists: RESTRUCTURED_DB/2015/mar/203774.json
2025-12-06 18:37:00,346 - INFO - 
[1198/2500] Processing G.R. No. 203804
2025-12-06 18:37:00,346 - INFO -   Title: Dario A. Carcedo, substituted by his wife Pricilla Dela Cruz...
2025-12-06 18:37:01,338 - WARNING -   ✗ Could not fetch case from any URL
2025-12-06 18:37:01,338 - INFO - 
[1199/2500] Processing G.R. No. 203883
2025-12-06 18:37:01,338 - INFO -   Title: Homeowners Association of Talayan Village, Inc. vs J.M. Tuas...
2025-12-06 18:37:01,541 - INFO -   Case already exists: RESTRUCTURED_DB/2015/nov/203883.json
2025-12-06 18:37:02,042 - INFO - 
[1200/2500] Processing G.R. No. 203918
2025-12-06 18:37:02,042 - INFO -   Title: Spouses Amador C. Cayago, Jr. and Ermalinda B. Cayago vs. Sp...
2025-12-06 18:37:02,245 - INFO -   Case already exists: RESTRUCTURED_DB/2015/dec/203918.json
2025-12-06 18:37:02,745 - INFO - 
[1201/2500] Processing G.R. No. 203961
2025-12-06 18:37:02,745 - INFO -   Title: People of the Philippines vs. Roderinc Licayan, Roberto Lara...
2025-12-06 18:37:03,125 - INFO -   Case already exists: RESTRUCTURED_DB/2015/jul/203961.json
2025-12-06 18:37:03,625 - INFO - 
[1202/2500] Processing G.R. No. 203969
2025-12-06 18:37:03,625 - INFO -   Title: Ernesto Oppen, Inc. vs. Alberto Compas, Substituted by his h...
2025-12-06 18:37:03,829 - INFO -   Case already exists: RESTRUCTURED_DB/2015/oct/203969.json
2025-12-06 18:37:04,329 - INFO - 
[1203/2500] Processing G.R. No. 203993
2025-12-06 18:37:04,329 - INFO -   Title: Priscilo B. Paz vs. New International Environmental Universi...
2025-12-06 18:37:05,302 - WARNING -   ✗ Could not fetch case from any URL
2025-12-06 18:37:05,303 - INFO - 
[1204/2500] Processing G.R. No. 204089
2025-12-06 18:37:05,303 - INFO -   Title: Grace Borgona Insigne, et al. vs. Abra Valley Colleges, Inc....
2025-12-06 18:37:05,507 - INFO -   Case already exists: RESTRUCTURED_DB/2015/jul/204089.json
2025-12-06 18:37:06,007 - INFO - 
[1205/2500] Processing G.R. No. 204095
2025-12-06 18:37:06,007 - INFO -   Title: Dr. Jaime T. Cruz vs. Felicisimo V. Agas...
2025-12-06 18:37:06,210 - INFO -   Case already exists: RESTRUCTURED_DB/2015/jun/204095.json
2025-12-06 18:37:06,710 - INFO - 
[1206/2500] Processing G.R. No. 204105
2025-12-06 18:37:06,710 - INFO -   Title: Geronimo S. Rosas vs. Dilausan Montor and Imra-Ali M. Sabdul...
2025-12-06 18:37:07,088 - INFO -   Case already exists: RESTRUCTURED_DB/2015/oct/204105.json
2025-12-06 18:37:07,588 - INFO - 
[1207/2500] Processing G.R. No. 204117
2025-12-06 18:37:07,588 - INFO -   Title: China Banking Corporation vs. City Treasurer of Manila...
2025-12-06 18:37:07,966 - INFO -   Case already exists: RESTRUCTURED_DB/2015/jul/204117.json
2025-12-06 18:37:08,466 - INFO - 
[1208/2500] Processing G.R. No. 204171
2025-12-06 18:37:08,466 - INFO -   Title: Office of the Ombudsman vs. Wilfredo B. Agustino, et al....
2025-12-06 18:37:09,267 - WARNING -   ✗ Could not fetch case from any URL
2025-12-06 18:37:09,267 - INFO - 
[1209/2500] Processing G.R. No. 204172
2025-12-06 18:37:09,267 - INFO -   Title: Hon. Hermogenes E. Ebdane, Jr., et al. vs. Alvaro Y. Apurill...
2025-12-06 18:37:09,471 - INFO -   Case already exists: RESTRUCTURED_DB/2015/dec/204172.json
2025-12-06 18:37:09,971 - INFO - 
[1210/2500] Processing G.R. No. 204275
2025-12-06 18:37:09,971 - INFO -   Title: Liliosa C. Lisondra vs. Megacraft International Corporation ...
2025-12-06 18:37:10,175 - INFO -   Case already exists: RESTRUCTURED_DB/2015/dec/204275.json
2025-12-06 18:37:10,675 - INFO - 
[1211/2500] Processing G.R. No. 204641
2025-12-06 18:37:10,675 - INFO -   Title: Camarines Sur IV Electric Cooperative, Inc. and Atty. Veroni...
2025-12-06 18:37:10,880 - INFO -   Case already exists: RESTRUCTURED_DB/2015/jun/204641.json
2025-12-06 18:37:11,380 - INFO - 
[1212/2500] Processing G.R. No. 204644
2025-12-06 18:37:11,380 - INFO -   Title: Angelita Cruz Benito vs. People of the Philippines...
2025-12-06 18:37:11,760 - INFO -   Case already exists: RESTRUCTURED_DB/2015/feb/204644.json
2025-12-06 18:37:12,260 - INFO - 
[1213/2500] Processing G.R. No. 204646
2025-12-06 18:37:12,260 - INFO -   Title: Smart Communications, Inc., Napoleon L. Nazareno, and Ricard...
2025-12-06 18:37:13,062 - WARNING -   ✗ Could not fetch case from any URL
2025-12-06 18:37:13,062 - INFO - 
[1214/2500] Processing G.R. No. 204672
2025-12-06 18:37:13,062 - INFO -   Title: Sps. Rodolfo Guevarra and Marcelina Guevarra vs. the Commone...
2025-12-06 18:37:13,267 - INFO -   Case already exists: RESTRUCTURED_DB/2015/feb/204672.json
2025-12-06 18:37:13,767 - INFO - 
[1215/2500] Processing G.R. No. 204689
2025-12-06 18:37:13,767 - INFO -   Title: Stronghold Insurance Company Inc. vs. Spouses Rune and Lea S...
2025-12-06 18:37:14,146 - INFO -   Case already exists: RESTRUCTURED_DB/2015/jan/204689.json
2025-12-06 18:37:14,646 - INFO - 
[1216/2500] Processing G.R. No. 204702
2025-12-06 18:37:14,646 - INFO -   Title: Ricardo C. Honrado vs. GMA Network Films, Inc....
2025-12-06 18:37:14,849 - INFO -   Case already exists: RESTRUCTURED_DB/2015/jan/204702.json
2025-12-06 18:37:15,350 - INFO - 
[1217/2500] Processing G.R. No. 204738
2025-12-06 18:37:15,350 - INFO -   Title: Glenda Rodriguez-Angat vs. Government Service Insurance Syst...
2025-12-06 18:37:15,730 - INFO -   Case already exists: RESTRUCTURED_DB/2015/jul/204738.json
2025-12-06 18:37:16,231 - INFO - 
[1218/2500] Processing G.R. No. 204757
2025-12-06 18:37:16,231 - INFO -   Title: Atty. Janet D. Nacion vs Commission on Audit, Ma. Gracia Pul...
2025-12-06 18:37:16,435 - INFO -   Case already exists: RESTRUCTURED_DB/2015/mar/204757.json
2025-12-06 18:37:16,935 - INFO - 
[1219/2500] Processing G.R. No. 204796
2025-12-06 18:37:16,935 - INFO -   Title: Reicon Realty Builders Corporation vs. Diamond Dragon Realty...
2025-12-06 18:37:17,311 - INFO -   Case already exists: RESTRUCTURED_DB/2015/feb/204796.json
2025-12-06 18:37:17,812 - INFO - 
[1220/2500] Processing G.R. No. 204835
2025-12-06 18:37:17,812 - INFO -   Title: Movertrade Corporation vs the Commission on Audit and the De...
2025-12-06 18:37:18,017 - INFO -   Case already exists: RESTRUCTURED_DB/2015/sep/204835.json
2025-12-06 18:37:18,517 - INFO - 
[1221/2500] Processing G.R. No. 204845
2025-12-06 18:37:18,517 - INFO -   Title: Belchem Philippines Inc. vs. Eduardo A. Zafra, Jr....
2025-12-06 18:37:18,721 - INFO -   Case already exists: RESTRUCTURED_DB/2015/jun/204845.json
2025-12-06 18:37:19,221 - INFO - 
[1222/2500] Processing G.R. No. 204866
2025-12-06 18:37:19,221 - INFO -   Title: Ruks Konsult and Construction vs. Adworld Sign and Advertisi...
2025-12-06 18:37:19,425 - INFO -   Case already exists: RESTRUCTURED_DB/2015/jan/204866.json
2025-12-06 18:37:19,925 - INFO - 
[1223/2500] Processing G.R. No. 205039
2025-12-06 18:37:19,925 - INFO -   Title: Spouses Rozelle Raymond Martin and Claudine Margaret Santiag...
2025-12-06 18:37:20,301 - INFO -   Case already exists: RESTRUCTURED_DB/2015/oct/205039.json
2025-12-06 18:37:20,801 - INFO - 
[1224/2500] Processing G.R. No. 205113
2025-12-06 18:37:20,801 - INFO -   Title: Honorlita Ascano-Cupino and Flaviana Ascano-Colocado vs. Pac...
2025-12-06 18:37:21,178 - INFO -   Case already exists: RESTRUCTURED_DB/2015/aug/205113.json
2025-12-06 18:37:21,678 - INFO - 
[1225/2500] Processing G.R. No. 205153
2025-12-06 18:37:21,678 - INFO -   Title: People of the Philippines vs Suzette Arnaiz a.k.a. "Baby Ros...
2025-12-06 18:37:21,881 - INFO -   Case already exists: RESTRUCTURED_DB/2015/sep/205153.json
2025-12-06 18:37:22,382 - INFO - 
[1226/2500] Processing G.R. No. 205188
2025-12-06 18:37:22,382 - INFO -   Title: Republic of the Philippines, represented by Honorable Lourde...
2025-12-06 18:37:23,355 - WARNING -   ✗ Could not fetch case from any URL
2025-12-06 18:37:23,356 - INFO - 
[1227/2500] Processing G.R. No. 205228
2025-12-06 18:37:23,356 - INFO -   Title: People of the Philippines vs. Rolly Adriano y Samson, et al....
2025-12-06 18:37:23,558 - INFO -   Case already exists: RESTRUCTURED_DB/2015/jul/205228.json
2025-12-06 18:37:24,058 - INFO - 
[1228/2500] Processing G.R. No. 205271
2025-12-06 18:37:24,059 - INFO -   Title: Land Bank of the Philippines vs Belle Corporation...
2025-12-06 18:37:24,436 - INFO -   Case already exists: RESTRUCTURED_DB/2015/sep/205271.json
2025-12-06 18:37:24,936 - INFO - 
[1229/2500] Processing G.R. No. 205300
2025-12-06 18:37:24,936 - INFO -   Title: Fonterra Brands Phils., Inc. vs Leonardo Largado and Teotimo...
2025-12-06 18:37:25,140 - INFO -   Case already exists: RESTRUCTURED_DB/2015/mar/205300.json
2025-12-06 18:37:25,640 - INFO - 
[1230/2500] Processing G.R. No. 205308
2025-12-06 18:37:25,641 - INFO -   Title: People of the Philippines vs. Oscar Santos y Encinas...
2025-12-06 18:37:26,017 - INFO -   Case already exists: RESTRUCTURED_DB/2015/feb/205308.json
2025-12-06 18:37:26,517 - INFO - 
[1231/2500] Processing G.R. No. 205316
2025-12-06 18:37:26,517 - INFO -   Title: People of the Philippines vs. Romeo De Castro and Randolf Pa...
2025-12-06 18:37:26,721 - INFO -   Case already exists: RESTRUCTURED_DB/2015/jun/205316.json
2025-12-06 18:37:27,221 - INFO - 
[1232/2500] Processing G.R. No. 205379
2025-12-06 18:37:27,221 - INFO -   Title: People of the Philippines vs Henry Caladcadan...
2025-12-06 18:37:27,598 - INFO -   Case already exists: RESTRUCTURED_DB/2015/sep/205379.json
2025-12-06 18:37:28,098 - INFO - 
[1233/2500] Processing G.R. No. 205412
2025-12-06 18:37:28,098 - INFO -   Title: People of the Philippines vs Adrian Guting y Tomas...
2025-12-06 18:37:28,475 - INFO -   Case already exists: RESTRUCTURED_DB/2015/sep/205412.json
2025-12-06 18:37:28,975 - INFO - 
[1234/2500] Processing G.R. No. 205433
2025-12-06 18:37:28,975 - INFO -   Title: Office of the Ombudsman vs. Avelino De Zosa and Bartolome De...
2025-12-06 18:37:29,178 - INFO -   Case already exists: RESTRUCTURED_DB/2015/jan/205433.json
2025-12-06 18:37:29,678 - INFO - 
[1235/2500] Processing G.R. No. 205469
2025-12-06 18:37:29,679 - INFO -   Title: BPI Family Savings Bank, Inc. vs St. Michael Medical Center,...
2025-12-06 18:37:30,056 - INFO -   Case already exists: RESTRUCTURED_DB/2015/mar/205469.json
2025-12-06 18:37:30,557 - INFO - 
[1236/2500] Processing G.R. No. 205492
2025-12-06 18:37:30,557 - INFO -   Title: People of the Philippines vs Sps. Dante and Lolita Benigno...
2025-12-06 18:37:30,933 - INFO -   Case already exists: RESTRUCTURED_DB/2015/mar/205492.json
2025-12-06 18:37:31,434 - INFO - 
[1237/2500] Processing G.R. No. 205505
2025-12-06 18:37:31,434 - INFO -   Title: Atty. Isidro Q. Lico, et al. vs the Commission on Elections ...
2025-12-06 18:37:31,811 - INFO -   Case already exists: RESTRUCTURED_DB/2015/sep/205505.json
2025-12-06 18:37:32,311 - INFO - 
[1238/2500] Processing G.R. No. 205575
2025-12-06 18:37:32,311 - INFO -   Title: Visayan Electric Company Employees UNION-ALU-TUCP and Casmer...
2025-12-06 18:37:32,689 - INFO -   Case already exists: RESTRUCTURED_DB/2015/jul/205575.json
2025-12-06 18:37:33,189 - INFO - 
[1239/2500] Processing G.R. No. 205590
2025-12-06 18:37:33,189 - INFO -   Title: Philippine National Bank vs Ligaya M. Pasimio...
2025-12-06 18:37:33,568 - INFO -   Case already exists: RESTRUCTURED_DB/2015/sep/205590.json
2025-12-06 18:37:34,069 - INFO - 
[1240/2500] Processing G.R. No. 205681
2025-12-06 18:37:34,069 - INFO -   Title: Janet V. Carbonell vs. Julita A. Carbonell-Mendes...
2025-12-06 18:37:34,272 - INFO -   Case already exists: RESTRUCTURED_DB/2015/jul/205681.json
2025-12-06 18:37:34,772 - INFO - 
[1241/2500] Processing G.R. No. 205705
2025-12-06 18:37:34,773 - INFO -   Title: Dominador M. Apique vs. Evangeline Fahnenstich...
2025-12-06 18:37:34,977 - INFO -   Case already exists: RESTRUCTURED_DB/2015/aug/205705.json
2025-12-06 18:37:35,477 - INFO - 
[1242/2500] Processing G.R. No. 205728
2025-12-06 18:37:35,477 - INFO -   Title: The Diocese of Bacolod, represented by the Most. Rev. Bishop...
2025-12-06 18:37:36,218 - INFO -   Case already exists: RESTRUCTURED_DB/2015/jan/205728.json
2025-12-06 18:37:36,718 - INFO - 
[1243/2500] Processing G.R. No. 205735
2025-12-06 18:37:36,719 - INFO -   Title: Concepcion A. Villena vs. Batangas II Electric Cooperative, ...
2025-12-06 18:37:36,923 - INFO -   Case already exists: RESTRUCTURED_DB/2015/feb/205735.json
2025-12-06 18:37:37,424 - INFO - 
[1244/2500] Processing G.R. No. 205760
2025-12-06 18:37:37,424 - INFO -   Title: Francisco T. Inocencio vs. People of the Philippines...
2025-12-06 18:37:37,628 - INFO -   Case already exists: RESTRUCTURED_DB/2015/nov/205760.json
2025-12-06 18:37:38,129 - INFO - 
[1245/2500] Processing G.R. No. 205823
2025-12-06 18:37:38,129 - INFO -   Title: People of the Philippines vs. Regie A. Breis and Gary T. Yum...
2025-12-06 18:37:38,507 - INFO -   Case already exists: RESTRUCTURED_DB/2015/aug/205823.json
2025-12-06 18:37:39,008 - INFO - 
[1246/2500] Processing G.R. No. 205867
2025-12-06 18:37:39,008 - INFO -   Title: Mariflor T. Hortizuela (represented by Jovier Tagufa) vs. Gr...
2025-12-06 18:37:39,211 - INFO -   Case already exists: RESTRUCTURED_DB/2015/feb/205867.json
2025-12-06 18:37:39,711 - INFO - 
[1247/2500] Processing G.R. No. 205875
2025-12-06 18:37:39,711 - INFO -   Title: Liberty Broadcasting Network, Inc. now known as Wi-Tribe Tel...
2025-12-06 18:37:40,089 - INFO -   Case already exists: RESTRUCTURED_DB/2015/jun/205875.json
2025-12-06 18:37:40,589 - INFO - 
[1248/2500] Processing G.R. No. 205889
2025-12-06 18:37:40,589 - INFO -   Title: People of the Philippines vs. Sander Daduma y Lunsod...
2025-12-06 18:37:40,792 - INFO -   Case already exists: RESTRUCTURED_DB/2015/feb/205889.json
2025-12-06 18:37:41,292 - INFO - 
[1249/2500] Processing G.R. No. 205915
2025-12-06 18:37:41,292 - INFO -   Title: Asset Pool a (SPV-AMC), Inc. vs. Clark Development Corporati...
2025-12-06 18:37:41,495 - INFO -   Case already exists: RESTRUCTURED_DB/2015/nov/205915.json
2025-12-06 18:37:41,995 - INFO - 
[1250/2500] Processing G.R. No. 205926
2025-12-06 18:37:41,995 - INFO -   Title: Alvin Comerciante y Gonzales vs. People of the Philippines...
2025-12-06 18:37:42,372 - INFO -   Case already exists: RESTRUCTURED_DB/2015/jul/205926.json
2025-12-06 18:37:42,872 - INFO - 
[1251/2500] Processing G.R. No. 205952
2025-12-06 18:37:42,872 - INFO -   Title: Atty. Segundo B. Bonsubre, Jr. vs. Erwin Yerro, Erico Yerro ...
2025-12-06 18:37:43,248 - INFO -   Case already exists: RESTRUCTURED_DB/2015/feb/205952.json
2025-12-06 18:37:43,748 - INFO - 
[1252/2500] Processing G.R. No. 206004
2025-12-06 18:37:43,748 - INFO -   Title: Joseph B. Timbol vs. Commssion on Elections...
2025-12-06 18:37:44,126 - INFO -   Case already exists: RESTRUCTURED_DB/2015/feb/206004.json
2025-12-06 18:37:44,626 - INFO - 
[1253/2500] Processing G.R. No. 206019
2025-12-06 18:37:44,626 - INFO -   Title: Philippine National Bank vs Commissioner of Internal Revenue...
2025-12-06 18:37:45,003 - INFO -   Case already exists: RESTRUCTURED_DB/2015/mar/206019.json
2025-12-06 18:37:45,503 - INFO - 
[1254/2500] Processing G.R. No. 206020
2025-12-06 18:37:45,503 - INFO -   Title: 1-United Transport Koalisyo (1-Utak) vs. Commission on Elect...
2025-12-06 18:37:46,476 - WARNING -   ✗ Could not fetch case from any URL
2025-12-06 18:37:46,476 - INFO - 
[1255/2500] Processing G.R. No. 206032
2025-12-06 18:37:46,477 - INFO -   Title: Jose Rudy L. Bautista vs. Elburg Shipmanagement Philippines,...
2025-12-06 18:37:46,680 - INFO -   Case already exists: RESTRUCTURED_DB/2015/aug/206032.json
2025-12-06 18:37:47,180 - INFO - 
[1256/2500] Processing G.R. No. 206220
2025-12-06 18:37:47,180 - INFO -   Title: Luis Uy, substituted by Lydia Uy Velasquez and Shirley Uy Ma...
2025-12-06 18:37:47,384 - INFO -   Case already exists: RESTRUCTURED_DB/2015/aug/206220.json
2025-12-06 18:37:47,884 - INFO - 
[1257/2500] Processing G.R. No. 206229
2025-12-06 18:37:47,884 - INFO -   Title: People of the Philippines vs. Amy Dasigan y Oliva...
2025-12-06 18:37:48,260 - INFO -   Case already exists: RESTRUCTURED_DB/2015/feb/206229.json
2025-12-06 18:37:48,761 - INFO - 
[1258/2500] Processing G.R. No. 206267
2025-12-06 18:37:48,761 - INFO -   Title: People of the Philippines vs Ronnie Buat alias Datu Sinsuat...
2025-12-06 18:37:48,965 - INFO -   Case already exists: RESTRUCTURED_DB/2015/mar/206267.json
2025-12-06 18:37:49,465 - INFO - 
[1259/2500] Processing G.R. No. 206285
2025-12-06 18:37:49,465 - INFO -   Title: Veritas Maritime Corporation and/or Erickson Marquez...
2025-12-06 18:37:49,842 - INFO -   Case already exists: RESTRUCTURED_DB/2015/feb/206285.json
2025-12-06 18:37:50,342 - INFO - 
[1260/2500] Processing G.R. No. 206296
2025-12-06 18:37:50,343 - INFO -   Title: People of the Philippines vs. Rodolfo Omilig y Mancia, et al...
2025-12-06 18:37:50,719 - INFO -   Case already exists: RESTRUCTURED_DB/2015/aug/206296.json
2025-12-06 18:37:51,219 - INFO - 
[1261/2500] Processing G.R. No. 206381
2025-12-06 18:37:51,219 - INFO -   Title: People of the Philippines vs Daniel Matibag y De Villa @ "Da...
2025-12-06 18:37:51,426 - INFO -   Case already exists: RESTRUCTURED_DB/2015/mar/206381.json
2025-12-06 18:37:51,927 - INFO - 
[1262/2500] Processing G.R. No. 206393
2025-12-06 18:37:51,927 - INFO -   Title: People of the Philippines vs. Michael Joson y Rogando...
2025-12-06 18:37:52,131 - INFO -   Case already exists: RESTRUCTURED_DB/2015/jan/206393.json
2025-12-06 18:37:52,631 - INFO - 
[1263/2500] Processing G.R. No. 206423
2025-12-06 18:37:52,631 - INFO -   Title: Leoncio Alangdeo Arthur Verceles and Danny Vergara vs. the C...
2025-12-06 18:37:53,007 - INFO -   Case already exists: RESTRUCTURED_DB/2015/jul/206423.json
2025-12-06 18:37:53,508 - INFO - 
[1264/2500] Processing G.R. No. 206442
2025-12-06 18:37:53,508 - INFO -   Title: Jovito Canceran vs. People of the Philippines...
2025-12-06 18:37:53,712 - INFO -   Case already exists: RESTRUCTURED_DB/2015/jul/206442.json
2025-12-06 18:37:54,212 - INFO - 
[1265/2500] Processing G.R. No. 206513
2025-12-06 18:37:54,212 - INFO -   Title: Mustapha Dimakuta Maruhom vs. People of the PhilippinesConcu...
2025-12-06 18:37:54,591 - INFO -   Case already exists: RESTRUCTURED_DB/2015/oct/206513.json
2025-12-06 18:37:55,091 - INFO - 
[1266/2500] Processing G.R. No. 206526
2025-12-06 18:37:55,091 - INFO -   Title: Winebrenner & Inigo Insurance Brokers, Inc. vs. Commissioner...
2025-12-06 18:37:55,468 - INFO -   Case already exists: RESTRUCTURED_DB/2015/jan/206526.json
2025-12-06 18:37:55,968 - INFO - 
[1267/2500] Processing G.R. No. 206540
2025-12-06 18:37:55,969 - INFO -   Title: Alice G. Agrica vs. Insurance Savings and Investment Agency,...
2025-12-06 18:37:56,769 - WARNING -   ✗ Could not fetch case from any URL
2025-12-06 18:37:56,769 - INFO - 
[1268/2500] Processing G.R. No. 206593
2025-12-06 18:37:56,769 - INFO -   Title: People of the Philippines vs. Ramonito B. Asignar...
2025-12-06 18:37:56,972 - INFO -   Case already exists: RESTRUCTURED_DB/2015/nov/206593.json
2025-12-06 18:37:57,472 - INFO - 
[1269/2500] Processing G.R. No. 206612
2025-12-06 18:37:57,472 - INFO -   Title: Toyota Alabang, Inc. vs. Edwin Games Dissenting OpinionJusti...
2025-12-06 18:37:57,676 - INFO -   Case already exists: RESTRUCTURED_DB/2015/aug/206612.json
2025-12-06 18:37:58,176 - INFO - 
[1270/2500] Processing G.R. No. 206653
2025-12-06 18:37:58,177 - INFO -   Title: Yuk Ling Ong vs. Benjamin T. Co...
2025-12-06 18:37:58,380 - INFO -   Case already exists: RESTRUCTURED_DB/2015/feb/206653.json
2025-12-06 18:37:58,880 - INFO - 
[1271/2500] Processing G.R. No. 206832
2025-12-06 18:37:58,880 - INFO -   Title: People of the Philippines vs. Alfredo Morales y Lam...
2025-12-06 18:37:59,082 - INFO -   Case already exists: RESTRUCTURED_DB/2015/jan/206832.json
2025-12-06 18:37:59,583 - INFO - 
[1272/2500] Processing G.R. No. 206866
2025-12-06 18:37:59,583 - INFO -   Title: Philippine Deposit Insurance Corporation (PDIC) vs Hon. Orla...
2025-12-06 18:37:59,960 - INFO -   Case already exists: RESTRUCTURED_DB/2015/sep/206866.json
2025-12-06 18:38:00,460 - INFO - 
[1273/2500] Processing G.R. No. 206910
2025-12-06 18:38:00,460 - INFO -   Title: People of the Philippines vs. Juliet Pancho...
2025-12-06 18:38:00,836 - INFO -   Case already exists: RESTRUCTURED_DB/2015/oct/206910.json
2025-12-06 18:38:01,337 - INFO - 
[1274/2500] Processing G.R. No. 206942
2025-12-06 18:38:01,337 - INFO -   Title: Vicente C. Tatel vs. JLFP Investigation and Security Agency,...
2025-12-06 18:38:01,713 - INFO -   Case already exists: RESTRUCTURED_DB/2015/dec/206942.json
2025-12-06 18:38:02,214 - INFO - 
[1275/2500] Processing G.R. No. 206942
2025-12-06 18:38:02,214 - INFO -   Title: Vicente C. Tatel vs. JLFP Investigation Security Agency, Inc...
2025-12-06 18:38:02,591 - INFO -   Case already exists: RESTRUCTURED_DB/2015/feb/206942.json
2025-12-06 18:38:03,091 - INFO - 
[1276/2500] Processing G.R. No. 206957
2025-12-06 18:38:03,092 - INFO -   Title: Cherith A. Bucal vs. Manny P. Bucal...
2025-12-06 18:38:03,837 - INFO -   Case already exists: RESTRUCTURED_DB/2015/jun/206957.json
2025-12-06 18:38:04,337 - INFO - 
[1277/2500] Processing G.R. No. 206970
2025-12-06 18:38:04,337 - INFO -   Title: People of the Philippines vs. Antonio Edaño and Nestor Edaño...
2025-12-06 18:38:04,712 - INFO -   Case already exists: RESTRUCTURED_DB/2015/jul/206970.json
2025-12-06 18:38:05,213 - INFO - 
[1278/2500] Processing G.R. No. 206972
2025-12-06 18:38:05,213 - INFO -   Title: People of the Philippines vs. Pamuel A. Magno...
2025-12-06 18:38:05,416 - INFO -   Case already exists: RESTRUCTURED_DB/2015/dec/206972.json
2025-12-06 18:38:05,916 - INFO - 
[1279/2500] Processing G.R. No. 207010
2025-12-06 18:38:05,916 - INFO -   Title: Maersk-Filipinas Crewing, Inc., A.P. Moller Singapore PTE Li...
2025-12-06 18:38:06,292 - INFO -   Case already exists: RESTRUCTURED_DB/2015/feb/207010.json
2025-12-06 18:38:06,792 - INFO - 
[1280/2500] Processing G.R. No. 207041
2025-12-06 18:38:06,792 - INFO -   Title: People of the Philippines vs Jesus A. Arrojado...
2025-12-06 18:38:06,994 - INFO -   Case already exists: RESTRUCTURED_DB/2015/nov/207041.json
2025-12-06 18:38:07,494 - INFO - 
[1281/2500] Processing G.R. No. 207098
2025-12-06 18:38:07,494 - INFO -   Title: People of the Philippines vs. Nonieto Gersamio...
2025-12-06 18:38:07,870 - INFO -   Case already exists: RESTRUCTURED_DB/2015/jul/207098.json
2025-12-06 18:38:08,370 - INFO - 
[1282/2500] Processing G.R. No. 207105
2025-12-06 18:38:08,370 - INFO -   Title: Arsenio A. Agustin vs. Commission on Elections...
2025-12-06 18:38:08,746 - INFO -   Case already exists: RESTRUCTURED_DB/2015/nov/207105.json
2025-12-06 18:38:09,246 - INFO - 
[1283/2500] Processing G.R. No. 207112
2025-12-06 18:38:09,247 - INFO -   Title: Pilipinas Total Gas, Inc. vs. Commissioner of Internal Reven...
2025-12-06 18:38:09,624 - INFO -   Case already exists: RESTRUCTURED_DB/2015/dec/207112.json
2025-12-06 18:38:10,124 - INFO - 
[1284/2500] Processing G.R. No. 207133
2025-12-06 18:38:10,124 - INFO -   Title: Swire Realty Development Corporation vs Jayne Yu...
2025-12-06 18:38:10,328 - INFO -   Case already exists: RESTRUCTURED_DB/2015/jan/207133.json
2025-12-06 18:38:10,828 - INFO - 
[1285/2500] Processing G.R. No. 207134
2025-12-06 18:38:10,828 - INFO -   Title: Aksyon Magsasaka-Partido Tinig ng Masa (AKMA-PTM) vs. Commis...
2025-12-06 18:38:11,208 - INFO -   Case already exists: RESTRUCTURED_DB/2015/jun/207134.json
2025-12-06 18:38:11,709 - INFO - 
[1286/2500] Processing G.R. No. 207145
2025-12-06 18:38:11,709 - INFO -   Title: Gil G. Cawad, et al. vs. Florencio B. Abad, in his capacity ...
2025-12-06 18:38:12,085 - INFO -   Case already exists: RESTRUCTURED_DB/2015/jul/207145.json
2025-12-06 18:38:12,585 - INFO - 
[1287/2500] Processing G.R. No. 207161
2025-12-06 18:38:12,585 - INFO -   Title: Y-1 Leisure Philippines, Inc., Yats International Ltd. and Y...
2025-12-06 18:38:12,963 - INFO -   Case already exists: RESTRUCTURED_DB/2015/sep/207161.json
2025-12-06 18:38:13,463 - INFO - 
[1288/2500] Processing G.R. No. 207257
2025-12-06 18:38:13,463 - INFO -   Title: Hon. Ramon Jesus P. Paje, in his capacity as Secretary of th...
2025-12-06 18:38:14,036 - INFO -   Case already exists: RESTRUCTURED_DB/2015/feb/207257.json
2025-12-06 18:38:14,537 - INFO - 
[1289/2500] Processing G.R. No. 207286
2025-12-06 18:38:14,537 - INFO -   Title: Dela Rosa Liner, Inc. and/or Rosauro Dela Rosa Sr. and Nora ...
2025-12-06 18:38:15,429 - INFO -   Case already exists: RESTRUCTURED_DB/2015/jul/207286.json
2025-12-06 18:38:15,929 - INFO - 
[1290/2500] Processing G.R. No. 207328
2025-12-06 18:38:15,929 - INFO -   Title: Wilhelmsen-Smith Bell Manning/Wilhelmsen Ship Management Ltd...
2025-12-06 18:38:16,728 - WARNING -   ✗ Could not fetch case from any URL
2025-12-06 18:38:16,728 - INFO - 
[1291/2500] Processing G.R. No. 207422
2025-12-06 18:38:16,728 - INFO -   Title: Angel Abad vs Herminio Dela Cruz...
2025-12-06 18:38:16,933 - INFO -   Case already exists: RESTRUCTURED_DB/2015/mar/207422.json
2025-12-06 18:38:17,434 - INFO - 
[1292/2500] Processing G.R. No. 207435
2025-12-06 18:38:17,434 - INFO -   Title: Norma Edita R. Dy Sun-Ong vs. Jose Victory R. Dy Sun...
2025-12-06 18:38:17,638 - INFO -   Case already exists: RESTRUCTURED_DB/2015/jul/207435.json
2025-12-06 18:38:18,138 - INFO - 
[1293/2500] Processing G.R. No. 207575
2025-12-06 18:38:18,138 - INFO -   Title: Hedcor, Inc. vs. Commissioner of Internal Revenue...
2025-12-06 18:38:18,340 - INFO -   Case already exists: RESTRUCTURED_DB/2015/jul/207575.json
2025-12-06 18:38:18,840 - INFO - 
[1294/2500] Processing G.R. No. 207633
2025-12-06 18:38:18,840 - INFO -   Title: People of the Philippines vs. Johnlie Lagangga y Dumpa...
2025-12-06 18:38:19,042 - INFO -   Case already exists: RESTRUCTURED_DB/2015/dec/207633.json
2025-12-06 18:38:19,543 - INFO - 
[1295/2500] Processing G.R. No. 207635
2025-12-06 18:38:19,543 - INFO -   Title: People of the Philippines vs. Dante Dela Peña and Dennis Del...
2025-12-06 18:38:19,921 - INFO -   Case already exists: RESTRUCTURED_DB/2015/feb/207635.json
2025-12-06 18:38:20,421 - INFO - 
[1296/2500] Processing G.R. No. 207639
2025-12-06 18:38:20,421 - INFO -   Title: Bahia Shipping Services, Inc. and/or V-Ship Norway and/or Cy...
2025-12-06 18:38:20,623 - INFO -   Case already exists: RESTRUCTURED_DB/2015/jul/207639.json
2025-12-06 18:38:21,123 - INFO - 
[1297/2500] Processing G.R. No. 207747
2025-12-06 18:38:21,123 - INFO -   Title: Spouses Chin Kong Wong Choi and Ana O. Chua vs United Coconu...
2025-12-06 18:38:21,498 - INFO -   Case already exists: RESTRUCTURED_DB/2015/mar/207747.json
2025-12-06 18:38:21,999 - INFO - 
[1298/2500] Processing G.R. No. 207791
2025-12-06 18:38:21,999 - INFO -   Title: The City of Davao represented by the City Treasurer of Davao...
2025-12-06 18:38:22,374 - INFO -   Case already exists: RESTRUCTURED_DB/2015/jul/207791.json
2025-12-06 18:38:22,875 - INFO - 
[1299/2500] Processing G.R. No. 207804
2025-12-06 18:38:22,875 - INFO -   Title: ACE Navigation Company, et al. vs. Santos D. Garcia...
2025-12-06 18:38:23,078 - INFO -   Case already exists: RESTRUCTURED_DB/2015/jun/207804.json
2025-12-06 18:38:23,579 - INFO - 
[1300/2500] Processing G.R. No. 207815
2025-12-06 18:38:23,579 - INFO -   Title: People of the Philippines vs. Jose Salvador a.k.a. "Felix"...
2025-12-06 18:38:23,956 - INFO -   Case already exists: RESTRUCTURED_DB/2015/jun/207815.json
2025-12-06 18:38:24,456 - INFO - 
[1301/2500] Processing G.R. No. 207843
2025-12-06 18:38:24,456 - INFO -   Title: Commissioner of Internal Revenue vs. Court of Tax Appeals (S...
2025-12-06 18:38:24,833 - INFO -   Case already exists: RESTRUCTURED_DB/2015/jul/207843.json
2025-12-06 18:38:25,333 - INFO - 
[1302/2500] Processing G.R. No. 207942
2025-12-06 18:38:25,333 - INFO -   Title: Yinlu Bicol Mining Corporation vs. Trans-Asia Oil and Energy...
2025-12-06 18:38:25,715 - INFO -   Case already exists: RESTRUCTURED_DB/2015/jan/207942.json
2025-12-06 18:38:26,215 - INFO - 
[1303/2500] Processing G.R. No. 207949
2025-12-06 18:38:26,215 - INFO -   Title: People of the Philippines vs Armando Dionaldo y Ebron, et al...
2025-12-06 18:38:26,417 - INFO -   Case already exists: RESTRUCTURED_DB/2015/sep/207949.json
2025-12-06 18:38:26,917 - INFO - 
[1304/2500] Processing G.R. No. 207964
2025-12-06 18:38:26,917 - INFO -   Title: Spouses Alfonso Alcuitas Sr. (deceased-represented by his he...
2025-12-06 18:38:27,120 - INFO -   Case already exists: RESTRUCTURED_DB/2015/sep/207964.json
2025-12-06 18:38:27,620 - INFO - 
[1305/2500] Processing G.R. No. 207988
2025-12-06 18:38:27,620 - INFO -   Title: People of the Philippines vs Brian Mercado Y Sarmiento...
2025-12-06 18:38:27,995 - INFO -   Case already exists: RESTRUCTURED_DB/2015/mar/207988.json
2025-12-06 18:38:28,495 - INFO - 
[1306/2500] Processing G.R. No. 208015
2025-12-06 18:38:28,495 - INFO -   Title: People of the Philippines vs. Ronwaldo Lafaran y Aclan...
2025-12-06 18:38:28,871 - INFO -   Case already exists: RESTRUCTURED_DB/2015/oct/208015.json
2025-12-06 18:38:29,371 - INFO - 
[1307/2500] Processing G.R. No. 208062
2025-12-06 18:38:29,371 - INFO -   Title: Social Weather Stations, Inc. and Pulse Asia, Inc. vs. Commi...
2025-12-06 18:38:30,517 - WARNING -   ✗ Could not fetch case from any URL
2025-12-06 18:38:30,517 - INFO - 
[1308/2500] Processing G.R. No. 208113
2025-12-06 18:38:30,517 - INFO -   Title: Dolores Diaz vs. People of the Philippines and Leticias S. A...
2025-12-06 18:38:30,726 - INFO -   Case already exists: RESTRUCTURED_DB/2015/dec/208113.json
2025-12-06 18:38:31,226 - INFO - 
[1309/2500] Processing G.R. No. 208163
2025-12-06 18:38:31,226 - INFO -   Title: Roque B. Benitez and Santa Fe Labor Union-Federation of Free...
2025-12-06 18:38:32,026 - WARNING -   ✗ Could not fetch case from any URL
2025-12-06 18:38:32,027 - INFO - 
[1310/2500] Processing G.R. No. 208320
2025-12-06 18:38:32,027 - INFO -   Title: Grace David vs. People of the Philippines...
2025-12-06 18:38:32,234 - INFO -   Case already exists: RESTRUCTURED_DB/2015/aug/208320.json
2025-12-06 18:38:32,734 - INFO - 
[1311/2500] Processing G.R. No. 208341
2025-12-06 18:38:32,734 - INFO -   Title: Hon. Office of the Ombudsman vs. Ma. Nimfa De Villa...
2025-12-06 18:38:32,938 - INFO -   Case already exists: RESTRUCTURED_DB/2015/jun/208341.json
2025-12-06 18:38:33,438 - INFO - 
[1312/2500] Processing G.R. No. 208354
2025-12-06 18:38:33,438 - INFO -   Title: People of the Philippines vs. Ricardo Bacus...
2025-12-06 18:38:33,814 - INFO -   Case already exists: RESTRUCTURED_DB/2015/aug/208354.json
2025-12-06 18:38:34,314 - INFO - 
[1313/2500] Processing G.R. No. 208587
2025-12-06 18:38:34,314 - INFO -   Title: JM Dominguez Agronomic Company, et al. vs. Cecilia Liclican,...
2025-12-06 18:38:34,518 - INFO -   Case already exists: RESTRUCTURED_DB/2015/jul/208587.json
2025-12-06 18:38:35,018 - INFO - 
[1314/2500] Processing G.R. No. 208686
2025-12-06 18:38:35,018 - INFO -   Title: People of the Philippines vs. Alelie Tolentino...
2025-12-06 18:38:35,394 - INFO -   Case already exists: RESTRUCTURED_DB/2015/jul/208686.json
2025-12-06 18:38:35,894 - INFO - 
[1315/2500] Processing G.R. No. 208790
2025-12-06 18:38:35,894 - INFO -   Title: Glenn Viñas vs. Mary Grace Parel-Viñas...
2025-12-06 18:38:36,270 - INFO -   Case already exists: RESTRUCTURED_DB/2015/jan/208790.json
2025-12-06 18:38:36,770 - INFO - 
[1316/2500] Processing G.R. No. 208792
2025-12-06 18:38:36,770 - INFO -   Title: Bank of the Philippine Islands vs. Spouses Roberto and Teres...
2025-12-06 18:38:36,975 - INFO -   Case already exists: RESTRUCTURED_DB/2015/jul/208792.json
2025-12-06 18:38:37,475 - INFO - 
[1317/2500] Processing G.R. No. 208802
2025-12-06 18:38:37,475 - INFO -   Title: G.V. Florida Transport, Inc. vs. Heirs of Romeo L. Battung, ...
2025-12-06 18:38:37,678 - INFO -   Case already exists: RESTRUCTURED_DB/2015/oct/208802.json
2025-12-06 18:38:38,179 - INFO - 
[1318/2500] Processing G.R. No. 208842
2025-12-06 18:38:38,179 - INFO -   Title: People of the Philippines, vs. Reynaldo Simbulan Arceo...
2025-12-06 18:38:38,384 - INFO -   Case already exists: RESTRUCTURED_DB/2015/nov/208842.json
2025-12-06 18:38:38,884 - INFO - 
[1319/2500] Processing G.R. No. 208844
2025-12-06 18:38:38,884 - INFO -   Title: F & S Velasco Company, Inc., Irwin J. Sev A, Rosina B. Velas...
2025-12-06 18:38:39,259 - INFO -   Case already exists: RESTRUCTURED_DB/2015/nov/208844.json
2025-12-06 18:38:39,759 - INFO - 
[1320/2500] Processing G.R. No. 208908
2025-12-06 18:38:39,760 - INFO -   Title: The Coffee Bean and Tea Leaf Philippines, Inc. and Walden Ch...
2025-12-06 18:38:39,963 - INFO -   Case already exists: RESTRUCTURED_DB/2015/mar/208908.json
2025-12-06 18:38:40,463 - INFO - 
[1321/2500] Processing G.R. No. 208928
2025-12-06 18:38:40,463 - INFO -   Title: Andy Ang vs. Severino Pacunio, et al....
2025-12-06 18:38:40,666 - INFO -   Case already exists: RESTRUCTURED_DB/2015/jul/208928.json
2025-12-06 18:38:41,166 - INFO - 
[1322/2500] Processing G.R. No. 208984
2025-12-06 18:38:41,166 - INFO -   Title: WT Construction, Inc. vs the Province of Cebu/Province of Ce...
2025-12-06 18:38:41,542 - INFO -   Case already exists: RESTRUCTURED_DB/2015/sep/208984.json
2025-12-06 18:38:42,042 - INFO - 
[1323/2500] Processing G.R. No. 209039
2025-12-06 18:38:42,042 - INFO -   Title: People of the Philippines vs. Miraflor Uganiel Lerio...
2025-12-06 18:38:42,245 - INFO -   Case already exists: RESTRUCTURED_DB/2015/dec/209039.json
2025-12-06 18:38:42,745 - INFO - 
[1324/2500] Processing G.R. No. 209040
2025-12-06 18:38:42,745 - INFO -   Title: People of the Philippines vs. Rodolfo Pateño Dayapdapan...
2025-12-06 18:38:42,947 - INFO -   Case already exists: RESTRUCTURED_DB/2015/dec/209040.json
2025-12-06 18:38:43,448 - INFO - 
[1325/2500] Processing G.R. No. 209137
2025-12-06 18:38:43,448 - INFO -   Title: Eduardo Celedonia vs. People of the Philippines...
2025-12-06 18:38:43,823 - INFO -   Case already exists: RESTRUCTURED_DB/2015/jul/209137.json
2025-12-06 18:38:44,323 - INFO - 
[1326/2500] Processing G.R. No. 209227
2025-12-06 18:38:44,323 - INFO -   Title: People of the Philippines vs Charlie Orosco...
2025-12-06 18:38:44,698 - INFO -   Case already exists: RESTRUCTURED_DB/2015/mar/209227.json
2025-12-06 18:38:45,198 - INFO - 
[1327/2500] Processing G.R. No. 209276
2025-12-06 18:38:45,198 - INFO -   Title: International Service for the Aquisition of Agri-Biotech App...
2025-12-06 18:38:45,996 - WARNING -   ✗ Could not fetch case from any URL
2025-12-06 18:38:45,996 - INFO - 
[1328/2500] Processing G.R. No. 209283
2025-12-06 18:38:45,996 - INFO -   Title: Cecilia Rachel V. Quisumbing vs Loretta Ann P. Rosales, Ma. ...
2025-12-06 18:38:46,198 - INFO -   Case already exists: RESTRUCTURED_DB/2015/mar/209283.json
2025-12-06 18:38:46,698 - INFO - 
[1329/2500] Processing G.R. No. 209537
2025-12-06 18:38:46,698 - INFO -   Title: The Plaza, Inc. vs. Ayala Land, Inc....
2025-12-06 18:38:47,668 - WARNING -   ✗ Could not fetch case from any URL
2025-12-06 18:38:47,668 - INFO - 
[1330/2500] Processing G.R. No. 209741
2025-12-06 18:38:47,668 - INFO -   Title: Social Security Commission vs. Edna A. AzoteDissenting Opini...
2025-12-06 18:38:48,474 - WARNING -   ✗ Could not fetch case from any URL
2025-12-06 18:38:48,474 - INFO - 
[1331/2500] Processing G.R. No. 211833
2025-12-06 18:38:48,474 - INFO -   Title: Ferdinand R. Villanueva, Presiding Judge, MCTC, Compostela-N...
2025-12-06 18:38:49,272 - WARNING -   ✗ Could not fetch case from any URL
2025-12-06 18:38:49,272 - INFO - 
[1332/2500] Processing G.R. No. 212092
2025-12-06 18:38:49,272 - INFO -   Title: People's General Insurance Corporation vs. Col. Felix Mateo ...
2025-12-06 18:38:50,072 - WARNING -   ✗ Could not fetch case from any URL
2025-12-06 18:38:50,072 - INFO - 
[1333/2500] Processing G.R. No. 212381
2025-12-06 18:38:50,072 - INFO -   Title: Reynaldo M. Jacomille vs. Hon. Joseph Emilio A. Abaya, in hi...
2025-12-06 18:38:50,871 - WARNING -   ✗ Could not fetch case from any URL
2025-12-06 18:38:50,871 - INFO - 
[1334/2500] Processing G.R. No. 213847
2025-12-06 18:38:50,871 - INFO -   Title: Juan Ponce Enrile vs Sandiganbayan (Third Division), and Peo...
2025-12-06 18:38:51,076 - INFO -   Case already exists: RESTRUCTURED_DB/2015/aug/213847.json
2025-12-06 18:38:51,576 - INFO - 
[1335/2500] Processing G.R. No. 214057
2025-12-06 18:38:51,576 - INFO -   Title: Florentina Baustista-Spille, rep. by her attorney-in-fact, M...
2025-12-06 18:38:51,779 - INFO -   Case already exists: RESTRUCTURED_DB/2015/oct/214057.json
2025-12-06 18:38:52,279 - INFO - 
[1336/2500] Processing G.R. No. 214506
2025-12-06 18:38:52,279 - INFO -   Title: People of the Philippines vs. Oscar Parba y Solon...
2025-12-06 18:38:52,483 - INFO -   Case already exists: RESTRUCTURED_DB/2015/oct/214506.json
2025-12-06 18:38:52,983 - INFO - 
[1337/2500] Processing G.R. No. 158464
2025-12-06 18:38:52,983 - INFO -   Title: Jocelyn S. Limkaichong vs. Land Bank of the Philippines, et ...
2025-12-06 18:38:53,360 - INFO -   Case already exists: RESTRUCTURED_DB/2016/aug/158464.json
2025-12-06 18:38:53,860 - INFO - 
[1338/2500] Processing G.R. No. 159350
2025-12-06 18:38:53,860 - INFO -   Title: Alumamay O. Jamias, et al. vs. National Labor Relations Comm...
2025-12-06 18:38:54,410 - INFO -   Case already exists: RESTRUCTURED_DB/2016/mar/159350.json
2025-12-06 18:38:54,910 - INFO - 
[1339/2500] Processing G.R. No. 160864
2025-12-06 18:38:54,910 - INFO -   Title: People of the Philippines vs. Eduardo M. Cojuangco, Jr./Repu...
2025-12-06 18:38:55,287 - INFO -   Case already exists: RESTRUCTURED_DB/2016/nov/160864.json
2025-12-06 18:38:55,787 - INFO - 
[1340/2500] Processing G.R. No. 161425
2025-12-06 18:38:55,787 - INFO -   Title: Aniano Desierto and Maucencia Ordonez vs. Ruth Epistola and ...
2025-12-06 18:38:56,162 - INFO -   Case already exists: RESTRUCTURED_DB/2016/nov/161425.json
2025-12-06 18:38:56,662 - INFO - 
[1341/2500] Processing G.R. No. 163157
2025-12-06 18:38:56,662 - INFO -   Title: Sps. Bernabe Mercade, Jr., et al. vs. Sps. Jesus Bardillas a...
2025-12-06 18:38:57,212 - INFO -   Case already exists: RESTRUCTURED_DB/2016/jun/163157.json
2025-12-06 18:38:57,712 - INFO - 
[1342/2500] Processing G.R. No. 163494
2025-12-06 18:38:57,712 - INFO -   Title: Jesusa T. Dela Cruz vs. People of the Philippines...
2025-12-06 18:38:58,092 - INFO -   Case already exists: RESTRUCTURED_DB/2016/aug/163494.json
2025-12-06 18:38:58,592 - INFO - 
[1343/2500] Processing G.R. No. 166890
2025-12-06 18:38:58,592 - INFO -   Title: Republic of the Philippines vs. Apolonio Bautista, Jr....
2025-12-06 18:38:58,795 - INFO -   Case already exists: RESTRUCTURED_DB/2016/jun/166890.json
2025-12-06 18:38:59,295 - INFO - 
[1344/2500] Processing G.R. No. 167082
2025-12-06 18:38:59,295 - INFO -   Title: Teresita I. Buenaventura vs. Metropolitan Bank and Trust Com...
2025-12-06 18:38:59,845 - INFO -   Case already exists: RESTRUCTURED_DB/2016/aug/167082.json
2025-12-06 18:39:00,345 - INFO - 
[1345/2500] Processing G.R. No. 167679
2025-12-06 18:39:00,345 - INFO -   Title: Ing Bank N.V., Engaged in Banking Operations in the Philippi...
2025-12-06 18:39:00,721 - INFO -   Case already exists: RESTRUCTURED_DB/2016/apr/167679.json
2025-12-06 18:39:01,221 - INFO - 
[1346/2500] Processing G.R. No. 167838
2025-12-06 18:39:01,221 - INFO -   Title: Jose V. Toledo, Glenn Padiernos and Danilo Padiernos vs. Cou...
2025-12-06 18:39:01,423 - INFO -   Case already exists: RESTRUCTURED_DB/2016/apr/167838.json
2025-12-06 18:39:01,923 - INFO - 
[1347/2500] Processing G.R. No. 168749
2025-12-06 18:39:01,923 - INFO -   Title: Sugarsteel Industrial, Inc. and Mr. Ben Yapjoco vs. Victor A...
2025-12-06 18:39:02,308 - INFO -   Case already exists: RESTRUCTURED_DB/2016/jun/168749.json
2025-12-06 18:39:02,809 - INFO - 
[1348/2500] Processing G.R. No. 169967
2025-12-06 18:39:02,809 - INFO -   Title: Coca-Cola Bottlers Phils., Inc., et al. vs. IBM Local I, Reg...
2025-12-06 18:39:03,187 - INFO -   Case already exists: RESTRUCTURED_DB/2016/nov/169967.json
2025-12-06 18:39:03,687 - INFO - 
[1349/2500] Processing G.R. No. 170004
2025-12-06 18:39:03,687 - INFO -   Title: Ilona Hapitan vs. Sps. Jimmy Lagradilla and Warlily Lagradil...
2025-12-06 18:39:04,959 - WARNING -   ✗ Could not fetch case from any URL
2025-12-06 18:39:04,959 - INFO - 
[1350/2500] Processing G.R. No. 170060
2025-12-06 18:39:04,959 - INFO -   Title: Development Bank of the Philippines vs. Clarges Corporation...
2025-12-06 18:39:05,533 - INFO -   Case already exists: RESTRUCTURED_DB/2016/aug/170060.json
2025-12-06 18:39:06,033 - INFO - 
[1351/2500] Processing G.R. No. 170192
2025-12-06 18:39:06,033 - INFO -   Title: People of the Philippines vs Marissa Bayker...
2025-12-06 18:39:06,426 - INFO -   Case already exists: RESTRUCTURED_DB/2016/feb/170192.json
2025-12-06 18:39:06,926 - INFO - 
[1352/2500] Processing G.R. No. 170631
2025-12-06 18:39:06,927 - INFO -   Title: Caravan Travel and Tours International, Inc. vs. Ermilinda R...
2025-12-06 18:39:07,323 - INFO -   Case already exists: RESTRUCTURED_DB/2016/feb/170631.json
2025-12-06 18:39:07,824 - INFO - 
[1353/2500] Processing G.R. No. 170679
2025-12-06 18:39:07,824 - INFO -   Title: Tung Hui Chung and Tong Hong Chung vs. Shih Chiu Huang a.k.a...
2025-12-06 18:39:08,036 - INFO -   Case already exists: RESTRUCTURED_DB/2016/mar/170679.json
2025-12-06 18:39:08,536 - INFO - 
[1354/2500] Processing G.R. No. 170966
2025-12-06 18:39:08,536 - INFO -   Title: Republic of the Philippines represented by the Department of...
2025-12-06 18:39:08,929 - INFO -   Case already exists: RESTRUCTURED_DB/2016/jun/170966.json
2025-12-06 18:39:09,429 - INFO - 
[1355/2500] Processing G.R. No. 172507
2025-12-06 18:39:09,429 - INFO -   Title: National Power Corporation vs.  Sps. Margarito Asoque and Ta...
2025-12-06 18:39:09,824 - INFO -   Case already exists: RESTRUCTURED_DB/2016/sep/172507.json
2025-12-06 18:39:10,324 - INFO - 
[1356/2500] Processing G.R. No. 172539
2025-12-06 18:39:10,325 - INFO -   Title: Alberto Garong y Villanueva vs. People of the Philippines...
2025-12-06 18:39:10,536 - INFO -   Case already exists: RESTRUCTURED_DB/2016/nov/172539.json
2025-12-06 18:39:11,037 - INFO - 
[1357/2500] Processing G.R. No. 172593
2025-12-06 18:39:11,037 - INFO -   Title: Napoleon S. Ronquillo, Jr., Edna G. Raña, Romeo Refruto, Pon...
2025-12-06 18:39:11,430 - INFO -   Case already exists: RESTRUCTURED_DB/2016/apr/172593.json
2025-12-06 18:39:11,931 - INFO - 
[1358/2500] Processing G.R. No. 172682
2025-12-06 18:39:11,931 - INFO -   Title: Sulpicio Lines, Inc. vs. Napoleon Sesante, et al....
2025-12-06 18:39:12,325 - INFO -   Case already exists: RESTRUCTURED_DB/2016/jul/172682.json
2025-12-06 18:39:12,825 - INFO - 
[1359/2500] Processing G.R. No. 172948
2025-12-06 18:39:12,825 - INFO -   Title: Philippine Associated Smelting and Refining Corporation vs. ...
2025-12-06 18:39:13,039 - INFO -   Case already exists: RESTRUCTURED_DB/2016/oct/172948.json
2025-12-06 18:39:13,539 - INFO - 
[1360/2500] Processing G.R. No. 173140
2025-12-06 18:39:13,539 - INFO -   Title: Mactan Cebu International Airport Authority (MCIAA) vs. Heir...
2025-12-06 18:39:14,370 - WARNING -   ✗ Could not fetch case from any URL
2025-12-06 18:39:14,370 - INFO - 
[1361/2500] Processing G.R. No. 173263
2025-12-06 18:39:14,370 - INFO -   Title: Diamond Farms, Inc. vs. Southern Philippines Federation of L...
2025-12-06 18:39:15,202 - WARNING -   ✗ Could not fetch case from any URL
2025-12-06 18:39:15,202 - INFO - 
[1362/2500] Processing G.R. No. 173921
2025-12-06 18:39:15,202 - INFO -   Title: Philippine Airlines, Inc. vs. Isagani Dawal, Lorna Concepcio...
2025-12-06 18:39:15,604 - INFO -   Case already exists: RESTRUCTURED_DB/2016/feb/173921.json
2025-12-06 18:39:16,104 - INFO - 
[1363/2500] Processing G.R. No. 174379
2025-12-06 18:39:16,104 - INFO -   Title: E.I. Dupont De Nemours and Co. vs. Director Emma C. Francisc...
2025-12-06 18:39:16,504 - INFO -   Case already exists: RESTRUCTURED_DB/2016/aug/174379.json
2025-12-06 18:39:17,004 - INFO - 
[1364/2500] Processing G.R. No. 174481
2025-12-06 18:39:17,004 - INFO -   Title: The People of the Philippines vs Cristy Dimaano y Tipdas Dis...
2025-12-06 18:39:17,219 - INFO -   Case already exists: RESTRUCTURED_DB/2016/feb/174481.json
2025-12-06 18:39:17,719 - INFO - 
[1365/2500] Processing G.R. No. 174838
2025-12-06 18:39:17,719 - INFO -   Title: Stronghold Insurance Co., Inc. vs. Pamana Island Resort Hote...
2025-12-06 18:39:17,935 - INFO -   Case already exists: RESTRUCTURED_DB/2016/jun/174838.json
2025-12-06 18:39:18,435 - INFO - 
[1366/2500] Processing G.R. No. 175085
2025-12-06 18:39:18,435 - INFO -   Title: Tan Siok Kuan and Pute Ching vs. Felicisimo "Boy" Ho, et al....
2025-12-06 18:39:18,647 - INFO -   Case already exists: RESTRUCTURED_DB/2016/jun/175085.json
2025-12-06 18:39:19,147 - INFO - 
[1367/2500] Processing G.R. No. 175210
2025-12-06 18:39:19,147 - INFO -   Title: Mario Jose E. Sereno, et al. vs Committee on Trade and Relat...
2025-12-06 18:39:19,539 - INFO -   Case already exists: RESTRUCTURED_DB/2016/feb/175210.json
2025-12-06 18:39:20,040 - INFO - 
[1368/2500] Processing G.R. No. 175592
2025-12-06 18:39:20,040 - INFO -   Title: People of the Philippines vs. Edison C. Magbitang...
2025-12-06 18:39:20,251 - INFO -   Case already exists: RESTRUCTURED_DB/2016/jun/175592.json
2025-12-06 18:39:20,751 - INFO - 
[1369/2500] Processing G.R. No. 175651
2025-12-06 18:39:20,751 - INFO -   Title: Pilmico-Mauri Foods Corp. vs. Commissioner of Internal Reven...
2025-12-06 18:39:21,144 - INFO -   Case already exists: RESTRUCTURED_DB/2016/sep/175651.json
2025-12-06 18:39:21,644 - INFO - 
[1370/2500] Processing G.R. No. 175869
2025-12-06 18:39:21,644 - INFO -   Title: Robina Farms Cebu/Universal Robina Corporation vs. Elizabeth...
2025-12-06 18:39:22,036 - INFO -   Case already exists: RESTRUCTURED_DB/2016/apr/175869.json
2025-12-06 18:39:22,537 - INFO - 
[1371/2500] Processing G.R. No. 177250
2025-12-06 18:39:22,537 - INFO -   Title: Rosita B. Lim vs. Luis Tan, et al./Luis Tan, et al. vs. Rosi...
2025-12-06 18:39:22,749 - INFO -   Case already exists: RESTRUCTURED_DB/2016/nov/177250.json
2025-12-06 18:39:23,249 - INFO - 
[1372/2500] Processing G.R. No. 177382
2025-12-06 18:39:23,249 - INFO -   Title: Viva Shipping Lines, Inc. vs Keppel Philippines, Inc., et al...
2025-12-06 18:39:23,828 - INFO -   Case already exists: RESTRUCTURED_DB/2016/feb/177382.json
2025-12-06 18:39:24,328 - INFO - 
[1373/2500] Processing G.R. No. 177387
2025-12-06 18:39:24,328 - INFO -   Title: Commissioner of Internal Revenue vs. Secretary of Justice, a...
2025-12-06 18:39:24,724 - INFO -   Case already exists: RESTRUCTURED_DB/2016/nov/177387.json
2025-12-06 18:39:25,224 - INFO - 
[1374/2500] Processing G.R. No. 177875
2025-12-06 18:39:25,224 - INFO -   Title: Atty. Rodolfo D. Mateo vs. Executive Secretary Alberto G. Ro...
2025-12-06 18:39:25,439 - INFO -   Case already exists: RESTRUCTURED_DB/2016/aug/177875.json
2025-12-06 18:39:25,939 - INFO - 
[1375/2500] Processing G.R. No. 179287
2025-12-06 18:39:25,939 - INFO -   Title: PCI Jimmy M. Fortaleza and SPO2 Freddie A. Natividad vs Hon....
2025-12-06 18:39:26,331 - INFO -   Case already exists: RESTRUCTURED_DB/2016/feb/179287.json
2025-12-06 18:39:26,831 - INFO - 
[1376/2500] Processing G.R. No. 180060
2025-12-06 18:39:26,831 - INFO -   Title: Sps. Augusto and Nora Nararro vs. Rural Bank of Tarlac, Inc....
2025-12-06 18:39:27,223 - INFO -   Case already exists: RESTRUCTURED_DB/2016/jul/180060.json
2025-12-06 18:39:27,723 - INFO - 
[1377/2500] Processing G.R. No. 180402
2025-12-06 18:39:27,723 - INFO -   Title: Commissioner of Internal Revenue vs Pilipinas Shell Petroleu...
2025-12-06 18:39:27,934 - INFO -   Case already exists: RESTRUCTURED_DB/2016/feb/180402.json
2025-12-06 18:39:28,434 - INFO - 
[1378/2500] Processing G.R. No. 180642
2025-12-06 18:39:28,434 - INFO -   Title: Nueva Ecija I Electric Cooperative Incorporated (NEECO I)...
2025-12-06 18:39:28,830 - INFO -   Case already exists: RESTRUCTURED_DB/2016/feb/180642.json
2025-12-06 18:39:29,330 - INFO - 
[1379/2500] Processing G.R. No. 180993
2025-12-06 18:39:29,330 - INFO -   Title: Republic of the Philippines vs. Raymundo Viaje, et al....
2025-12-06 18:39:29,541 - INFO -   Case already exists: RESTRUCTURED_DB/2016/jan/180993.json
2025-12-06 18:39:30,041 - INFO - 
[1380/2500] Processing G.R. No. 181007
2025-12-06 18:39:30,042 - INFO -   Title: Commissioner of Customs vs. William Singson and Triton Shipp...
2025-12-06 18:39:30,253 - INFO -   Case already exists: RESTRUCTURED_DB/2016/nov/181007.json
2025-12-06 18:39:30,753 - INFO - 
[1381/2500] Processing G.R. No. 181186
2025-12-06 18:39:30,753 - INFO -   Title: Siguion Reyna Motecillo and Ongsiako Law Offices vs Hon. Nor...
2025-12-06 18:39:31,145 - INFO -   Case already exists: RESTRUCTURED_DB/2016/feb/181186.json
2025-12-06 18:39:31,646 - INFO - 
[1382/2500] Processing G.R. No. 181268
2025-12-06 18:39:31,646 - INFO -   Title: Milagros Hernandez vs. Edwina C. Ocampo, et al....
2025-12-06 18:39:32,039 - INFO -   Case already exists: RESTRUCTURED_DB/2016/aug/181268.json
2025-12-06 18:39:32,539 - INFO - 
[1383/2500] Processing G.R. No. 181335
2025-12-06 18:39:32,539 - INFO -   Title: Mario Saluta vs. People of the Philippines...
2025-12-06 18:39:32,751 - INFO -   Case already exists: RESTRUCTURED_DB/2016/jul/181335.json
2025-12-06 18:39:33,251 - INFO - 
[1384/2500] Processing G.R. No. 181353
2025-12-06 18:39:33,251 - INFO -   Title: HGL Development Corporation represented by its President, He...
2025-12-06 18:39:33,827 - INFO -   Case already exists: RESTRUCTURED_DB/2016/jun/181353.json
2025-12-06 18:39:34,327 - INFO - 
[1385/2500] Processing G.R. No. 181375
2025-12-06 18:39:34,328 - INFO -   Title: Phil-Nippon Kyoei, Corp. vs. Rosalia T. Gudelosao, et al....
2025-12-06 18:39:34,542 - INFO -   Case already exists: RESTRUCTURED_DB/2016/jul/181375.json
2025-12-06 18:39:35,042 - INFO - 
[1386/2500] Processing G.R. No. 181387
2025-12-06 18:39:35,042 - INFO -   Title: Cameron Granville 3 Asset Management, Inc. vs. UE Monthly As...
2025-12-06 18:39:35,273 - INFO -   Case already exists: RESTRUCTURED_DB/2016/sep/181387.json
2025-12-06 18:39:35,773 - INFO - 
[1387/2500] Processing G.R. No. 181789
2025-12-06 18:39:35,773 - INFO -   Title: GMA Network, Inc. vs National Telecommunications Commission,...
2025-12-06 18:39:35,986 - INFO -   Case already exists: RESTRUCTURED_DB/2016/feb/181789.json
2025-12-06 18:39:36,486 - INFO - 
[1388/2500] Processing G.R. No. 181892
2025-12-06 18:39:36,487 - INFO -   Title: Republic of the Philippines, et al. vs. Hon. Jesus M. Mupas,...
2025-12-06 18:39:37,068 - INFO -   Case already exists: RESTRUCTURED_DB/2016/apr/181892.json
2025-12-06 18:39:37,568 - INFO - 
[1389/2500] Processing G.R. No. 182201
2025-12-06 18:39:37,568 - INFO -   Title: Universal International Investment (BVI) Limited vs. Ray Bur...
2025-12-06 18:39:37,795 - INFO -   Case already exists: RESTRUCTURED_DB/2016/nov/182201.json
2025-12-06 18:39:38,296 - INFO - 
[1390/2500] Processing G.R. No. 182252
2025-12-06 18:39:38,296 - INFO -   Title: Jose Norberto Ang vs. the Estate of Sy So...
2025-12-06 18:39:38,507 - INFO -   Case already exists: RESTRUCTURED_DB/2016/aug/182252.json
2025-12-06 18:39:39,008 - INFO - 
[1391/2500] Processing G.R. No. 182537
2025-12-06 18:39:39,008 - INFO -   Title: Mactan-Cebu International Airport Authority vs. Richard E. U...
2025-12-06 18:39:39,400 - INFO -   Case already exists: RESTRUCTURED_DB/2016/jun/182537.json
2025-12-06 18:39:39,900 - INFO - 
[1392/2500] Processing G.R. No. 182604
2025-12-06 18:39:39,901 - INFO -   Title: Dr. Rolando B. Mangune, et al. vs. Honorable Secretary Eduar...
2025-12-06 18:39:40,294 - INFO -   Case already exists: RESTRUCTURED_DB/2016/sep/182604.json
2025-12-06 18:39:40,794 - INFO - 
[1393/2500] Processing G.R. No. 182737
2025-12-06 18:39:40,794 - INFO -   Title: Silicon Philippines, Inc. vs. Commissioner of Internal Reven...
2025-12-06 18:39:41,006 - INFO -   Case already exists: RESTRUCTURED_DB/2016/mar/182737.json
2025-12-06 18:39:41,506 - INFO - 
[1394/2500] Processing G.R. No. 183129
2025-12-06 18:39:41,506 - INFO -   Title: Cocoplans, Inc. and Caesar T. Michelena vs. Ma. Socorro R. V...
2025-12-06 18:39:41,898 - INFO -   Case already exists: RESTRUCTURED_DB/2016/may/183129.json
2025-12-06 18:39:42,398 - INFO - 
[1395/2500] Processing G.R. No. 183486
2025-12-06 18:39:42,399 - INFO -   Title: The Hongkong & Shanghai Banking Corporation, Limited vs Nati...
2025-12-06 18:39:42,794 - INFO -   Case already exists: RESTRUCTURED_DB/2016/feb/183486.json
2025-12-06 18:39:43,295 - INFO - 
[1396/2500] Processing G.R. No. 183529
2025-12-06 18:39:43,295 - INFO -   Title: Ofelia C. Caunan vs People of the Philippines and the Sandig...
2025-12-06 18:39:43,507 - INFO -   Case already exists: RESTRUCTURED_DB/2016/feb/183529.json
2025-12-06 18:39:44,007 - INFO - 
[1397/2500] Processing G.R. No. 183543
2025-12-06 18:39:44,007 - INFO -   Title: National Housing Authority vs. Manila Seedling Bank Foundati...
2025-12-06 18:39:44,218 - INFO -   Case already exists: RESTRUCTURED_DB/2016/jun/183543.json
2025-12-06 18:39:44,718 - INFO - 
[1398/2500] Processing G.R. No. 183645
2025-12-06 18:39:44,718 - INFO -   Title: Heirs of Gamaliel Albano, represented by Alexander Albano an...
2025-12-06 18:39:45,115 - INFO -   Case already exists: RESTRUCTURED_DB/2016/jul/183645.json
2025-12-06 18:39:45,615 - INFO - 
[1399/2500] Processing G.R. No. 183794
2025-12-06 18:39:45,615 - INFO -   Title: Spouses Jaime and Matilde Poon vs. Prime Savings Bank repres...
2025-12-06 18:39:46,008 - INFO -   Case already exists: RESTRUCTURED_DB/2016/jun/183794.json
2025-12-06 18:39:46,508 - INFO - 
[1400/2500] Processing G.R. No. 183934
2025-12-06 18:39:46,508 - INFO -   Title: Ernest Galang and Ma. Olga Jasmin Chan vs. BOIE Takeda Chemi...
2025-12-06 18:39:46,902 - INFO -   Case already exists: RESTRUCTURED_DB/2016/jul/183934.json
2025-12-06 18:39:47,402 - INFO - 
[1401/2500] Processing G.R. No. 183947
2025-12-06 18:39:47,402 - INFO -   Title: Rizal Commercial Banking Corporation vs. Teodoro G. Bernardi...
2025-12-06 18:39:47,796 - INFO -   Case already exists: RESTRUCTURED_DB/2016/sep/183947.json
2025-12-06 18:39:48,296 - INFO - 
[1402/2500] Processing G.R. No. 184008
2025-12-06 18:39:48,296 - INFO -   Title: Indian Chamber of Commerce Phils., Inc. vs. Filipino Indian ...
2025-12-06 18:39:48,509 - INFO -   Case already exists: RESTRUCTURED_DB/2016/aug/184008.json
2025-12-06 18:39:49,009 - INFO - 
[1403/2500] Processing G.R. No. 184068
2025-12-06 18:39:49,009 - INFO -   Title: Simmy G. Guy vs. Gilbert G. Guy, et al....
2025-12-06 18:39:49,401 - INFO -   Case already exists: RESTRUCTURED_DB/2016/apr/184068.json
2025-12-06 18:39:49,901 - INFO - 
[1404/2500] Processing G.R. No. 184237
2025-12-06 18:39:49,901 - INFO -   Title: Henry H. Teng vs. Lawrence C. Ting, Edmund Ting and Anthony ...
2025-12-06 18:39:50,112 - INFO -   Case already exists: RESTRUCTURED_DB/2016/sep/184237.json
2025-12-06 18:39:50,613 - INFO - 
[1405/2500] Processing G.R. No. 184251
2025-12-06 18:39:50,613 - INFO -   Title: Estate of Dr. Juvencio P. Ortañez, et al. vs. Jose C. Lee, e...
2025-12-06 18:39:51,005 - INFO -   Case already exists: RESTRUCTURED_DB/2016/mar/184251.json
2025-12-06 18:39:51,505 - INFO - 
[1406/2500] Processing G.R. No. 184288
2025-12-06 18:39:51,505 - INFO -   Title: Eric N. Estrellado and Jossie M. Borja vs Karina Constantino...
2025-12-06 18:39:51,897 - INFO -   Case already exists: RESTRUCTURED_DB/2016/feb/184288.json
2025-12-06 18:39:52,398 - INFO - 
[1407/2500] Processing G.R. No. 184332
2025-12-06 18:39:52,398 - INFO -   Title: Anna Teng vs Securities and Exchange Commission (SEC) and Ti...
2025-12-06 18:39:52,791 - INFO -   Case already exists: RESTRUCTURED_DB/2016/feb/184332.json
2025-12-06 18:39:53,291 - INFO - 
[1408/2500] Processing G.R. No. 184466
2025-12-06 18:39:53,291 - INFO -   Title: Luz Anatolia E. Crispino, Caridad O. Echaves Reese and Zenai...
2025-12-06 18:39:53,684 - INFO -   Case already exists: RESTRUCTURED_DB/2016/dec/184466.json
2025-12-06 18:39:54,185 - INFO - 
[1409/2500] Processing G.R. No. 184466
2025-12-06 18:39:54,185 - INFO -   Title: Luz Anatolia E. Crispino, et al. vs. Anatolia Tansay...
2025-12-06 18:39:54,578 - INFO -   Case already exists: RESTRUCTURED_DB/2016/dec/184466.json
2025-12-06 18:39:55,078 - INFO - 
[1410/2500] Processing G.R. No. 184513
2025-12-06 18:39:55,078 - INFO -   Title: Designer Basktets, Inc. vs. Air Sea Transport, Inc., et al....
2025-12-06 18:39:55,471 - INFO -   Case already exists: RESTRUCTURED_DB/2016/mar/184513.json
2025-12-06 18:39:55,971 - INFO - 
[1411/2500] Processing G.R. No. 184666
2025-12-06 18:39:55,971 - INFO -   Title: Republic of the Philippines vs. Mega Pacific eSolutions, Inc...
2025-12-06 18:39:56,553 - INFO -   Case already exists: RESTRUCTURED_DB/2016/jun/184666.json
2025-12-06 18:39:57,053 - INFO - 
[1412/2500] Processing G.R. No. 184841
2025-12-06 18:39:57,053 - INFO -   Title: Gerino Yukit, et al. vs. Tritran, Inc., et al....
2025-12-06 18:39:57,267 - INFO -   Case already exists: RESTRUCTURED_DB/2016/nov/184841.json
2025-12-06 18:39:57,767 - INFO - 
[1413/2500] Processing G.R. No. 184933
2025-12-06 18:39:57,768 - INFO -   Title: Violeta Balba, for and in behalf of her minor children Roy V...
2025-12-06 18:39:57,979 - INFO -   Case already exists: RESTRUCTURED_DB/2016/apr/184933.json
2025-12-06 18:39:58,479 - INFO - 
[1414/2500] Processing G.R. No. 185082
2025-12-06 18:39:58,479 - INFO -   Title: Mandaue Realty & Resources Corporation and Mandaue City Regi...
2025-12-06 18:39:58,871 - INFO -   Case already exists: RESTRUCTURED_DB/2016/nov/185082.json
2025-12-06 18:39:59,371 - INFO - 
[1415/2500] Processing G.R. No. 185312
2025-12-06 18:39:59,371 - INFO -   Title: Nicanor Malabanan, et al. vs. Heirs of Alfredo Restrivera...
2025-12-06 18:39:59,764 - INFO -   Case already exists: RESTRUCTURED_DB/2016/dec/185312.json
2025-12-06 18:40:00,264 - INFO - 
[1416/2500] Processing G.R. No. 185331
2025-12-06 18:40:00,264 - INFO -   Title: Sps. Abelardo Valarao and Francisca Valarao vs. MSC and Comp...
2025-12-06 18:40:00,474 - INFO -   Case already exists: RESTRUCTURED_DB/2016/jun/185331.json
2025-12-06 18:40:00,975 - INFO - 
[1417/2500] Processing G.R. No. 185365
2025-12-06 18:40:00,975 - INFO -   Title: Ramon Pacon, et al. vs. Benjamin Tan...
2025-12-06 18:40:01,366 - INFO -   Case already exists: RESTRUCTURED_DB/2016/mar/185365.json
2025-12-06 18:40:01,866 - INFO - 
[1418/2500] Processing G.R. No. 185369
2025-12-06 18:40:01,866 - INFO -   Title: J. Tobias M. Javier and Vincent H. Piccio III vs. Rhodora J....
2025-12-06 18:40:02,259 - INFO -   Case already exists: RESTRUCTURED_DB/2016/aug/185369.json
2025-12-06 18:40:02,759 - INFO - 
[1419/2500] Processing G.R. No. 185473
2025-12-06 18:40:02,759 - INFO -   Title: Bernadette Ida ang Higa vs. People of the Philippines...
2025-12-06 18:40:02,975 - INFO -   Case already exists: RESTRUCTURED_DB/2016/aug/185473.json
2025-12-06 18:40:03,475 - INFO - 
[1420/2500] Processing G.R. No. 185603
2025-12-06 18:40:03,475 - INFO -   Title: Republic of the Philippines vs. Local Superior of the Instit...
2025-12-06 18:40:03,686 - INFO -   Case already exists: RESTRUCTURED_DB/2016/feb/185603.json
2025-12-06 18:40:04,186 - INFO - 
[1421/2500] Processing G.R. No. 185638
2025-12-06 18:40:04,186 - INFO -   Title: Hon. Alvin P. Vergara, in his capacity as City Mayor of Caba...
2025-12-06 18:40:04,578 - INFO -   Case already exists: RESTRUCTURED_DB/2016/aug/185638.json
2025-12-06 18:40:05,078 - INFO - 
[1422/2500] Processing G.R. No. 185757
2025-12-06 18:40:05,079 - INFO -   Title: Spouses Virgilio De Guzman, Jr. Lydia S. De Guzman vs. Court...
2025-12-06 18:40:05,473 - INFO -   Case already exists: RESTRUCTURED_DB/2016/mar/185757.json
2025-12-06 18:40:05,973 - INFO - 
[1423/2500] Processing G.R. No. 185765
2025-12-06 18:40:05,973 - INFO -   Title: Philippine Economic Zone Authority, vs. Pilhino Sales Corpor...
2025-12-06 18:40:06,185 - INFO -   Case already exists: RESTRUCTURED_DB/2016/sep/185765.json
2025-12-06 18:40:06,685 - INFO - 
[1424/2500] Processing G.R. No. 185979
2025-12-06 18:40:06,685 - INFO -   Title: Bangko Sentral Ng Pilipinas vs. Vicente Jose Campa, Jr., Et ...
2025-12-06 18:40:07,076 - INFO -   Case already exists: RESTRUCTURED_DB/2016/mar/185979.json
2025-12-06 18:40:07,577 - INFO - 
[1425/2500] Processing G.R. No. 186050
2025-12-06 18:40:07,577 - INFO -   Title: Arthur Balao, et al. vs. Eduardo Ermita, et al./Secretary Ed...
2025-12-06 18:40:07,789 - INFO -   Case already exists: RESTRUCTURED_DB/2016/jun/186050.json
2025-12-06 18:40:08,290 - INFO - 
[1426/2500] Processing G.R. No. 186102
2025-12-06 18:40:08,290 - INFO -   Title: National Transmission Cororation vs Heirs of Teodulo Ebesa, ...
2025-12-06 18:40:08,502 - INFO -   Case already exists: RESTRUCTURED_DB/2016/feb/186102.json
2025-12-06 18:40:09,002 - INFO - 
[1427/2500] Processing G.R. No. 186107
2025-12-06 18:40:09,002 - INFO -   Title: Narcisa M. Nicolas vs. People of the Philippines, et al....
2025-12-06 18:40:09,213 - INFO -   Case already exists: RESTRUCTURED_DB/2016/apr/186107.json
2025-12-06 18:40:09,713 - INFO - 
[1428/2500] Processing G.R. No. 186199
2025-12-06 18:40:09,713 - INFO -   Title: Edgardo A. Quilo and Adnaloy Villahermosa vs. Teodula Bajao...
2025-12-06 18:40:10,104 - INFO -   Case already exists: RESTRUCTURED_DB/2016/sep/186199.json
2025-12-06 18:40:10,605 - INFO - 
[1429/2500] Processing G.R. No. 186635
2025-12-06 18:40:10,605 - INFO -   Title: Republic of the Philippines vs. Segundina Rosario, joined by...
2025-12-06 18:40:10,996 - INFO -   Case already exists: RESTRUCTURED_DB/2016/jan/186635.json
2025-12-06 18:40:11,497 - INFO - 
[1430/2500] Processing G.R. No. 187349
2025-12-06 18:40:11,497 - INFO -   Title: Barangay Mayamot, Antipolo City vs. Antipolo City, Sanggunia...
2025-12-06 18:40:11,707 - INFO -   Case already exists: RESTRUCTURED_DB/2016/aug/187349.json
2025-12-06 18:40:12,207 - INFO - 
[1431/2500] Processing G.R. No. 187400
2025-12-06 18:40:12,207 - INFO -   Title: Felicisimo Fernandez, et al. vs. Sps. Isaac and Concepcion R...
2025-12-06 18:40:12,602 - INFO -   Case already exists: RESTRUCTURED_DB/2016/jul/187400.json
2025-12-06 18:40:13,102 - INFO - 
[1432/2500] Processing G.R. No. 187417
2025-12-06 18:40:13,102 - INFO -   Title: Christine Joy Capin-Cadiz vs Brent Hospital and Colleges, In...
2025-12-06 18:40:13,495 - INFO -   Case already exists: RESTRUCTURED_DB/2016/feb/187417.json
2025-12-06 18:40:13,995 - INFO - 
[1433/2500] Processing G.R. No. 187462
2025-12-06 18:40:13,995 - INFO -   Title: Raquel G. Kho vs. Republic of the Philippines vs. Veronica B...
2025-12-06 18:40:14,206 - INFO -   Case already exists: RESTRUCTURED_DB/2016/jun/187462.json
2025-12-06 18:40:14,706 - INFO - 
[1434/2500] Processing G.R. No. 187633
2025-12-06 18:40:14,707 - INFO -   Title: Heirs of Delfin and Maria Tappa vs. Heirs of Jose Bacud, et ...
2025-12-06 18:40:15,101 - INFO -   Case already exists: RESTRUCTURED_DB/2016/apr/187633.json
2025-12-06 18:40:15,601 - INFO - 
[1435/2500] Processing G.R. No. 187696
2025-12-06 18:40:15,601 - INFO -   Title: Filomena Cabling vs. Rodrigo Dangcalan...
2025-12-06 18:40:15,812 - INFO -   Case already exists: RESTRUCTURED_DB/2016/jun/187696.json
2025-12-06 18:40:16,312 - INFO - 
[1436/2500] Processing G.R. No. 187850
2025-12-06 18:40:16,312 - INFO -   Title: Anita U. Lorenzana vs. Rodolfo Lelina...
2025-12-06 18:40:16,705 - INFO -   Case already exists: RESTRUCTURED_DB/2016/aug/187850.json
2025-12-06 18:40:17,205 - INFO - 
[1437/2500] Processing G.R. No. 187922
2025-12-06 18:40:17,205 - INFO -   Title: Marphil Export Corporation and Ireneo Lim vs. Allied Banking...
2025-12-06 18:40:17,599 - INFO -   Case already exists: RESTRUCTURED_DB/2016/sep/187922.json
2025-12-06 18:40:18,099 - INFO - 
[1438/2500] Processing G.R. No. 187942
2025-12-06 18:40:18,099 - INFO -   Title: The Roman Catholic Bishop of Tuguegarao vs. Florentina Prude...
2025-12-06 18:40:18,312 - INFO -   Case already exists: RESTRUCTURED_DB/2016/sep/187942.json
2025-12-06 18:40:18,813 - INFO - 
[1439/2500] Processing G.R. No. 188020
2025-12-06 18:40:18,813 - INFO -   Title: Ren Transport Corp. and/or Reynaldo Pazcoguin III vs. Nation...
2025-12-06 18:40:19,024 - INFO -   Case already exists: RESTRUCTURED_DB/2016/jun/188020.json
2025-12-06 18:40:19,525 - INFO - 
[1440/2500] Processing G.R. No. 188047
2025-12-06 18:40:19,525 - INFO -   Title: Light Rail Transit Authority vs. Bienbenido R. Alvarez, et a...
2025-12-06 18:40:19,923 - INFO -   Case already exists: RESTRUCTURED_DB/2016/nov/188047.json
2025-12-06 18:40:20,423 - INFO - 
[1441/2500] Processing G.R. No. 188145
2025-12-06 18:40:20,423 - INFO -   Title: Spouses Primo Inalvez and Juliana Inalvez vs. Bayang Nool, A...
2025-12-06 18:40:20,635 - INFO -   Case already exists: RESTRUCTURED_DB/2016/apr/188145.json
2025-12-06 18:40:21,135 - INFO - 
[1442/2500] Processing G.R. No. 188283
2025-12-06 18:40:21,135 - INFO -   Title: Cathay Pacific Airways, Ltd. vs. Sps. Arnulfo and Evelyn Fue...
2025-12-06 18:40:22,103 - INFO -   Case already exists: RESTRUCTURED_DB/2016/jul/188283.json
2025-12-06 18:40:22,604 - INFO - 
[1443/2500] Processing G.R. No. 1886646
2025-12-06 18:40:22,604 - INFO -   Title: George C. Cordero vs. Board of Nursing...
2025-12-06 18:40:23,420 - WARNING -   ✗ Could not fetch case from any URL
2025-12-06 18:40:23,421 - INFO - 
[1444/2500] Processing G.R. No. 188720
2025-12-06 18:40:23,421 - INFO -   Title: Quezon City PTCA Federation, Inc. vs Department of Education...
2025-12-06 18:40:23,987 - INFO -   Case already exists: RESTRUCTURED_DB/2016/feb/188720.json
2025-12-06 18:40:24,487 - INFO - 
[1445/2500] Processing G.R. No. 188751
2025-12-06 18:40:24,487 - INFO -   Title: Bonifacio Nieva y Montero vs. People of the Philippines...
2025-12-06 18:40:24,695 - INFO -   Case already exists: RESTRUCTURED_DB/2016/nov/188751.json
2025-12-06 18:40:25,196 - INFO - 
[1446/2500] Processing G.R. No. 188769
2025-12-06 18:40:25,196 - INFO -   Title: Joseph Omar O. Andaya vs. Rural Bank of Cabadbaran, Inc., et...
2025-12-06 18:40:25,403 - INFO -   Case already exists: RESTRUCTURED_DB/2016/aug/188769.json
2025-12-06 18:40:25,903 - INFO - 
[1447/2500] Processing G.R. No. 188888
2025-12-06 18:40:25,903 - INFO -   Title: Agdao Landless Residents Association, Inc., et al. vs. Rolan...
2025-12-06 18:40:26,717 - WARNING -   ✗ Could not fetch case from any URL
2025-12-06 18:40:26,717 - INFO - 
[1448/2500] Processing G.R. No. 188952
2025-12-06 18:40:26,717 - INFO -   Title: Peñafrancia Shipping Corporation and Santa Clara Shipping Co...
2025-12-06 18:40:27,102 - INFO -   Case already exists: RESTRUCTURED_DB/2016/sep/188952.json
2025-12-06 18:40:27,602 - INFO - 
[1449/2500] Processing G.R. No. 189026
2025-12-06 18:40:27,602 - INFO -   Title: Philippine Telegraph & Telephone Corp. vs. Smart Communicati...
2025-12-06 18:40:27,987 - INFO -   Case already exists: RESTRUCTURED_DB/2016/nov/189026.json
2025-12-06 18:40:28,487 - INFO - 
[1450/2500] Processing G.R. No. 189077
2025-12-06 18:40:28,487 - INFO -   Title: Lina M. Bernardo vs. Honorable Court of Appeals...
2025-12-06 18:40:28,704 - INFO -   Case already exists: RESTRUCTURED_DB/2016/nov/189077.json
2025-12-06 18:40:29,205 - INFO - 
[1451/2500] Processing G.R. No. 189081
2025-12-06 18:40:29,205 - INFO -   Title: Gloria S. Dy vs. People of the Philippines, Mandy Commoditie...
2025-12-06 18:40:29,590 - INFO -   Case already exists: RESTRUCTURED_DB/2016/aug/189081.json
2025-12-06 18:40:30,090 - INFO - 
[1452/2500] Processing G.R. No. 189185
2025-12-06 18:40:30,090 - INFO -   Title: Wilfredo Mosqueda, et al. vs. Pilipino Banana Growers & Expo...
2025-12-06 18:40:30,658 - INFO -   Case already exists: RESTRUCTURED_DB/2016/aug/189185.json
2025-12-06 18:40:31,159 - INFO - 
[1453/2500] Processing G.R. No. 189220
2025-12-06 18:40:31,159 - INFO -   Title: Albert Wilson vs. the Honorable Executive Secretary Eduardo ...
2025-12-06 18:40:31,368 - INFO -   Case already exists: RESTRUCTURED_DB/2016/dec/189220.json
2025-12-06 18:40:31,868 - INFO - 
[1454/2500] Processing G.R. No. 189289
2025-12-06 18:40:31,868 - INFO -   Title: Gloria Zoleta-San Agustin vs. Ernesto Sales...
2025-12-06 18:40:32,075 - INFO -   Case already exists: RESTRUCTURED_DB/2016/aug/189289.json
2025-12-06 18:40:32,576 - INFO - 
[1455/2500] Processing G.R. No. 189312
2025-12-06 18:40:32,576 - INFO -   Title: Fe B. Saguinsin vs. Agapito Liban, et al....
2025-12-06 18:40:32,962 - INFO -   Case already exists: RESTRUCTURED_DB/2016/jul/189312.json
2025-12-06 18:40:33,462 - INFO - 
[1456/2500] Processing G.R. No. 189401
2025-12-06 18:40:33,462 - INFO -   Title: Vil-Rey Planners and Builders vs. Lexber, Inc./Stronghold In...
2025-12-06 18:40:33,847 - INFO -   Case already exists: RESTRUCTURED_DB/2016/jun/189401.json
2025-12-06 18:40:34,347 - INFO - 
[1457/2500] Processing G.R. No. 189607
2025-12-06 18:40:34,347 - INFO -   Title: Renato A. Castillo vs. Lea P. De Leon Castillo...
2025-12-06 18:40:34,555 - INFO -   Case already exists: RESTRUCTURED_DB/2016/apr/189607.json
2025-12-06 18:40:35,055 - INFO - 
[1458/2500] Processing G.R. No. 189851
2025-12-06 18:40:35,055 - INFO -   Title: Intec Cebu Inc., et al. vs. Hon. Court of Appeals, et al....
2025-12-06 18:40:35,272 - INFO -   Case already exists: RESTRUCTURED_DB/2016/jun/189851.json
2025-12-06 18:40:35,772 - INFO - 
[1459/2500] Processing G.R. No. 189852
2025-12-06 18:40:35,773 - INFO -   Title: Thomas Begnaen vs. Spouses Leo Caligtan and Elma Caligtan...
2025-12-06 18:40:36,158 - INFO -   Case already exists: RESTRUCTURED_DB/2016/aug/189852.json
2025-12-06 18:40:36,658 - INFO - 
[1460/2500] Processing G.R. No. 189878
2025-12-06 18:40:36,658 - INFO -   Title: Wilson Fenix, et al. vs. the Honorable Court of Appeals and ...
2025-12-06 18:40:37,044 - INFO -   Case already exists: RESTRUCTURED_DB/2016/jul/189878.json
2025-12-06 18:40:37,544 - INFO - 
[1461/2500] Processing G.R. No. 190143
2025-12-06 18:40:37,544 - INFO -   Title: Sps. Lolita Orencia and Pedro D. Orencia vs. Felisa Cruz Vda...
2025-12-06 18:40:37,752 - INFO -   Case already exists: RESTRUCTURED_DB/2016/aug/190143.json
2025-12-06 18:40:38,252 - INFO - 
[1462/2500] Processing G.R. No. 190158
2025-12-06 18:40:38,252 - INFO -   Title: Heirs of Libereto Castillejos and Rural Bank of Agoo, La Uni...
2025-12-06 18:40:38,460 - INFO -   Case already exists: RESTRUCTURED_DB/2016/jul/190158.json
2025-12-06 18:40:38,961 - INFO - 
[1463/2500] Processing G.R. No. 190187
2025-12-06 18:40:38,961 - INFO -   Title: The Philippine Geothermal, Inc. Employees Union vs. Unocal P...
2025-12-06 18:40:39,347 - INFO -   Case already exists: RESTRUCTURED_DB/2016/sep/190187.json
2025-12-06 18:40:39,847 - INFO - 
[1464/2500] Processing G.R. No. 190203
2025-12-06 18:40:39,848 - INFO -   Title: Powerhouse Staffbuilders International, Inc. vs. Romelia Rey...
2025-12-06 18:40:40,234 - INFO -   Case already exists: RESTRUCTURED_DB/2016/nov/190203.json
2025-12-06 18:40:40,735 - INFO - 
[1465/2500] Processing G.R. No. 190271
2025-12-06 18:40:40,735 - INFO -   Title: Transimex Co. vs. Mafre Asian Insurance Corp....
2025-12-06 18:40:40,958 - INFO -   Case already exists: RESTRUCTURED_DB/2016/sep/190271.json
2025-12-06 18:40:41,458 - INFO - 
[1466/2500] Processing G.R. No. 190385
2025-12-06 18:40:41,458 - INFO -   Title: UCPB General Insurance Company, Inc. vs. Hughes Electronics ...
2025-12-06 18:40:41,668 - INFO -   Case already exists: RESTRUCTURED_DB/2016/nov/190385.json
2025-12-06 18:40:42,169 - INFO - 
[1467/2500] Processing G.R. No. 190408
2025-12-06 18:40:42,169 - INFO -   Title: Benjie B. Georg vs. Holy Trinity College, Inc....
2025-12-06 18:40:42,567 - INFO -   Case already exists: RESTRUCTURED_DB/2016/jul/190408.json
2025-12-06 18:40:43,068 - INFO - 
[1468/2500] Processing G.R. No. 190466
2025-12-06 18:40:43,068 - INFO -   Title: Luis Derilo y Gepoleo vs. People of the Philippines...
2025-12-06 18:40:43,277 - INFO -   Case already exists: RESTRUCTURED_DB/2016/apr/190466.json
2025-12-06 18:40:43,777 - INFO - 
[1469/2500] Processing G.R. No. 190506
2025-12-06 18:40:43,777 - INFO -   Title: Coral Bay Nickel Corporation vs. Commissioner of Internal Re...
2025-12-06 18:40:43,984 - INFO -   Case already exists: RESTRUCTURED_DB/2016/jun/190506.json
2025-12-06 18:40:44,484 - INFO - 
[1470/2500] Processing G.R. No. 190520
2025-12-06 18:40:44,484 - INFO -   Title: Land Bank of the Philippines vs. Spouses Antonio and Carmen ...
2025-12-06 18:40:44,868 - INFO -   Case already exists: RESTRUCTURED_DB/2016/may/190520.json
2025-12-06 18:40:45,368 - INFO - 
[1471/2500] Processing G.R. No. 190534
2025-12-06 18:40:45,368 - INFO -   Title: C.F. Sharp Crew Management, Inc., Ronald Austria, and Abu Dh...
2025-12-06 18:40:45,766 - INFO -   Case already exists: RESTRUCTURED_DB/2016/feb/190534.json
2025-12-06 18:40:46,267 - INFO - 
[1472/2500] Processing G.R. No. 190644
2025-12-06 18:40:46,267 - INFO -   Title: NDC Tagum Foundation, Inc., et al. vs. Evelyn B. Sumakote...
2025-12-06 18:40:46,474 - INFO -   Case already exists: RESTRUCTURED_DB/2016/jun/190644.json
2025-12-06 18:40:46,974 - INFO - 
[1473/2500] Processing G.R. No. 190798
2025-12-06 18:40:46,974 - INFO -   Title: Ronald Ibañez, et al. vs. People of the Philippines...
2025-12-06 18:40:47,359 - INFO -   Case already exists: RESTRUCTURED_DB/2016/jan/190798.json
2025-12-06 18:40:47,860 - INFO - 
[1474/2500] Processing G.R. No. 190876
2025-12-06 18:40:47,860 - INFO -   Title: Yellow Bus Line Employees Union (YBLEU) vs. Yellow Bus Line,...
2025-12-06 18:40:48,067 - INFO -   Case already exists: RESTRUCTURED_DB/2016/jun/190876.json
2025-12-06 18:40:48,567 - INFO - 
[1475/2500] Processing G.R. No. 191079
2025-12-06 18:40:48,567 - INFO -   Title: Joel Cardenas, Heir of the late Elinaida L. Alcantara, repre...
2025-12-06 18:40:48,774 - INFO -   Case already exists: RESTRUCTURED_DB/2016/mar/191079.json
2025-12-06 18:40:49,274 - INFO - 
[1476/2500] Processing G.R. No. 191087
2025-12-06 18:40:49,274 - INFO -   Title: Delia L. Belita, et al. vs. Antonio S. Sy, et al....
2025-12-06 18:40:49,657 - INFO -   Case already exists: RESTRUCTURED_DB/2016/jun/191087.json
2025-12-06 18:40:50,158 - INFO - 
[1477/2500] Processing G.R. No. 191088
2025-12-06 18:40:50,158 - INFO -   Title: Frilou Construction, Inc. vs. Aegis Integrated Structure Cor...
2025-12-06 18:40:50,365 - INFO -   Case already exists: RESTRUCTURED_DB/2016/aug/191088.json
2025-12-06 18:40:50,865 - INFO - 
[1478/2500] Processing G.R. No. 191132
2025-12-06 18:40:50,865 - INFO -   Title: Apostolic Vicar of Tabuk, Inc. vs. Sps. Ernesto and Elizabet...
2025-12-06 18:40:51,073 - INFO -   Case already exists: RESTRUCTURED_DB/2016/jan/191132.json
2025-12-06 18:40:51,573 - INFO - 
[1479/2500] Processing G.R. No. 191170
2025-12-06 18:40:51,573 - INFO -   Title: Cameron Granville 3 Asset Management, Inc. vs. Fidel O. Chua...
2025-12-06 18:40:51,956 - INFO -   Case already exists: RESTRUCTURED_DB/2016/sep/191170.json
2025-12-06 18:40:52,456 - INFO - 
[1480/2500] Processing G.R. No. 191442
2025-12-06 18:40:52,456 - INFO -   Title: The Municipality of Alfonso Lista, Ifugao, represented by Ch...
2025-12-06 18:40:52,663 - INFO -   Case already exists: RESTRUCTURED_DB/2016/jul/191442.json
2025-12-06 18:40:53,163 - INFO - 
[1481/2500] Processing G.R. No. 191492
2025-12-06 18:40:53,163 - INFO -   Title: Patricia Sibayan vs. Emilio Costales, et al....
2025-12-06 18:40:53,547 - INFO -   Case already exists: RESTRUCTURED_DB/2016/jul/191492.json
2025-12-06 18:40:54,047 - INFO - 
[1482/2500] Processing G.R. No. 191527
2025-12-06 18:40:54,047 - INFO -   Title: Balibago Faith Baptist Church, Inc. and Philippine Baptist S...
2025-12-06 18:40:54,431 - INFO -   Case already exists: RESTRUCTURED_DB/2016/aug/191527.json
2025-12-06 18:40:54,931 - INFO - 
[1483/2500] Processing G.R. No. 191537
2025-12-06 18:40:54,931 - INFO -   Title: Paulino M. Alecha, et al. vs.  Jose L. Atienza Jr., the Depa...
2025-12-06 18:40:55,315 - INFO -   Case already exists: RESTRUCTURED_DB/2016/sep/191537.json
2025-12-06 18:40:55,815 - INFO - 
[1484/2500] Processing G.R. No. 191616
2025-12-06 18:40:55,815 - INFO -   Title: Francis C. Cervantes vs. City Service Corporation and Valent...
2025-12-06 18:40:56,026 - INFO -   Case already exists: RESTRUCTURED_DB/2016/apr/191616.json
2025-12-06 18:40:56,526 - INFO - 
[1485/2500] Processing G.R. No. 191699
2025-12-06 18:40:56,526 - INFO -   Title: William Go Que Construction And/Or William Go Que vs. Court ...
2025-12-06 18:40:56,911 - INFO -   Case already exists: RESTRUCTURED_DB/2016/apr/191699.json
2025-12-06 18:40:57,412 - INFO - 
[1486/2500] Processing G.R. No. 191705
2025-12-06 18:40:57,412 - INFO -   Title: Basiana Mining Exploration Corporation, et al. vs. Honorable...
