2025-12-06 11:58:56,843 - INFO - ================================================================================
2025-12-06 11:58:56,843 - INFO - CONTINUOUS SCRAPING SESSION
2025-12-06 11:58:56,843 - INFO - ================================================================================
2025-12-06 11:58:56,843 - INFO - Total cases remaining: 11495
2025-12-06 11:58:56,843 - INFO - Will process: 1000 cases
2025-12-06 11:58:56,843 - INFO - Database path: RESTRUCTURED_DB
2025-12-06 11:58:56,843 - INFO - ================================================================================
2025-12-06 11:58:56,843 - INFO - 
[1/1000] Processing G.R. No. 138792
2025-12-06 11:58:56,843 - INFO -   Title: Dante Guevarra, et al. vs. the Hon. Fourth Division of the S...
2025-12-06 11:58:58,517 - WARNING -   ✗ Could not fetch case from any URL
2025-12-06 11:58:58,518 - INFO - 
[2/1000] Processing G.R. No. 141675
2025-12-06 11:58:58,518 - INFO -   Title: Jesus T. Tanchanco, et al., vs. the Honorable Sandiganbayan ...
2025-12-06 11:58:59,383 - WARNING -   ✗ Could not fetch case from any URL
2025-12-06 11:58:59,383 - INFO - 
[3/1000] Processing G.R. No. 142286
2025-12-06 11:58:59,383 - INFO -   Title: Korea Exchange Bank vs. Hon. Rogelio C. Gonzales, et al....
2025-12-06 11:59:00,234 - WARNING -   ✗ Could not fetch case from any URL
2025-12-06 11:59:00,234 - INFO - 
[4/1000] Processing G.R. No. 142408
2025-12-06 11:59:00,234 - INFO -   Title: Spouses Ricardo Almendrala, et al. vs. Spouses Wing on Ngo, ...
2025-12-06 11:59:00,643 - INFO -   Case already exists: RESTRUCTURED_DB/2005/sep/126850.json
2025-12-06 11:59:01,143 - INFO - 
[5/1000] Processing G.R. No. 142619
2025-12-06 11:59:01,143 - INFO -   Title: Municipality of Taguig, et al. vs. the Hon. Court of Appeals...
2025-12-06 11:59:01,545 - INFO -   Case already exists: RESTRUCTURED_DB/2005/sep/142619.json
2025-12-06 11:59:02,045 - INFO - 
[6/1000] Processing G.R. No. 143573
2025-12-06 11:59:02,045 - INFO -   Title: Gregorio "George" Amante, et al. vs. Bibiano Serwelas...
2025-12-06 11:59:02,892 - WARNING -   ✗ Could not fetch case from any URL
2025-12-06 11:59:02,892 - INFO - 
[7/1000] Processing G.R. No. 148682
2025-12-06 11:59:02,892 - INFO -   Title: People of the Philippines vs. Angel A. Enfermo....
2025-12-06 11:59:03,738 - WARNING -   ✗ Could not fetch case from any URL
2025-12-06 11:59:03,739 - INFO - 
[8/1000] Processing G.R. No. 151373
2025-12-06 11:59:03,739 - INFO -   Title: Department of Health vs. C.V. Canchela and Associates, Archi...
2025-12-06 11:59:04,587 - WARNING -   ✗ Could not fetch case from any URL
2025-12-06 11:59:04,587 - INFO - 
[9/1000] Processing G.R. No. 151809
2025-12-06 11:59:04,587 - INFO -   Title: Presidential Commission on Good Government (PCGG) vs. Sandig...
2025-12-06 11:59:05,433 - WARNING -   ✗ Could not fetch case from any URL
2025-12-06 11:59:05,434 - INFO - 
[10/1000] Processing G.R. No. 153063
2025-12-06 11:59:05,434 - INFO -   Title: Amelia D. De Mesa, et al. vs. Pepsi Cola Products Phils., In...
2025-12-06 11:59:06,280 - WARNING -   ✗ Could not fetch case from any URL
2025-12-06 11:59:06,280 - INFO - 
[11/1000] Processing G.R. No. 156254
2025-12-06 11:59:06,280 - INFO -   Title: Crisanto Rafaelito Gualberto V vs. Court of Appeals, et al....
2025-12-06 11:59:07,127 - WARNING -   ✗ Could not fetch case from any URL
2025-12-06 11:59:07,127 - INFO - 
[12/1000] Processing G.R. No. 160577
2025-12-06 11:59:07,127 - INFO -   Title: Gregorio Singian, Jr. vs. the Honorable Sandiganbayan, et al...
2025-12-06 11:59:07,973 - WARNING -   ✗ Could not fetch case from any URL
2025-12-06 11:59:07,973 - INFO - 
[13/1000] Processing G.R. No. 160929
2025-12-06 11:59:07,973 - INFO -   Title: Rene P. Pondevida vs. the Hon. Sandiganbayan, et al....
2025-12-06 11:59:08,819 - WARNING -   ✗ Could not fetch case from any URL
2025-12-06 11:59:08,819 - INFO - 
[14/1000] Processing G.R. No. 161217
2025-12-06 11:59:08,819 - INFO -   Title: Blucor Minerals Corporation, et al. vs. Alfredo M. Amarilla,...
2025-12-06 11:59:09,665 - WARNING -   ✗ Could not fetch case from any URL
2025-12-06 11:59:09,665 - INFO - 
[15/1000] Processing G.R. No. 161784
2025-12-06 11:59:09,665 - INFO -   Title: Dinah C. Barriga vs. the Honorable Sandiganbayan (4th Divisi...
2025-12-06 11:59:10,514 - WARNING -   ✗ Could not fetch case from any URL
2025-12-06 11:59:10,514 - INFO - 
[16/1000] Processing G.R. No. 163619
2025-12-06 11:59:10,514 - INFO -   Title: In the Matter of the Petition for Disqualification of Tess D...
2025-12-06 11:59:11,362 - WARNING -   ✗ Could not fetch case from any URL
2025-12-06 11:59:11,362 - INFO - 
[17/1000] Processing G.R. No. 164684
2025-12-06 11:59:11,363 - INFO -   Title: Philippine Long Distance Telephone Company, Inc., vs. Antoni...
2025-12-06 11:59:12,209 - WARNING -   ✗ Could not fetch case from any URL
2025-12-06 11:59:12,209 - INFO - 
[18/1000] Processing G.R. No. 165510
2025-12-06 11:59:12,209 - INFO -   Title: Benjamin T. Romualdez vs. Hon. Simeon V. Marcelo, et al....
2025-12-06 11:59:13,056 - WARNING -   ✗ Could not fetch case from any URL
2025-12-06 11:59:13,057 - INFO - 
[19/1000] Processing G.R. No. 166299
2025-12-06 11:59:13,057 - INFO -   Title: Aurelio K. Litonjua Jr., vs. Eduardo K. Litonjua, Sr., et al...
2025-12-06 11:59:13,912 - WARNING -   ✗ Could not fetch case from any URL
2025-12-06 11:59:13,912 - INFO - 
[20/1000] Processing G.R. No. 168056
2025-12-06 11:59:13,912 - INFO -   Title: ABAKADA Guro Party List Officers Samson S. Alcantara, et al....
2025-12-06 11:59:14,908 - INFO -   Case already exists: RESTRUCTURED_DB/2005/sep/168056.json
2025-12-06 11:59:15,409 - INFO - 
[21/1000] Processing G.R. No. 200553
2025-12-06 11:59:15,409 - INFO -   Title: Spouses Gildardo C. Loquellano and Roslina Juliet B. Loquell...
2025-12-06 11:59:16,256 - WARNING -   ✗ Could not fetch case from any URL
2025-12-06 11:59:16,256 - INFO - 
[22/1000] Processing G.R. No. 52341
2025-12-06 11:59:16,256 - INFO -   Title: Delia Preagido et al. vs. Sandiganbayan, et al....
2025-12-06 11:59:17,105 - WARNING -   ✗ Could not fetch case from any URL
2025-12-06 11:59:17,105 - INFO - 
[23/1000] Processing G.R. No. 132361
2025-12-06 11:59:17,105 - INFO -   Title: Eduardo Adriano, et al. vs. Court of Appelas...
2025-12-06 11:59:17,951 - WARNING -   ✗ Could not fetch case from any URL
2025-12-06 11:59:17,951 - INFO - 
[24/1000] Processing G.R. No. 138526
2025-12-06 11:59:17,951 - INFO -   Title: Marcelino Tan vs. Court of Appeals, et al....
2025-12-06 11:59:18,798 - WARNING -   ✗ Could not fetch case from any URL
2025-12-06 11:59:18,799 - INFO - 
[25/1000] Processing G.R. No. 138624
2025-12-06 11:59:18,799 - INFO -   Title: Solomon Torrado, et al. vs. Veronica Baluyot, et al....
2025-12-06 11:59:19,647 - WARNING -   ✗ Could not fetch case from any URL
2025-12-06 11:59:19,647 - INFO - 
[26/1000] Processing G.R. No. 139565
2025-12-06 11:59:19,647 - INFO -   Title: Baltazar N. Endriga, et al. vs. Armita B. Rufino, et al....
2025-12-06 11:59:20,493 - WARNING -   ✗ Could not fetch case from any URL
2025-12-06 11:59:20,494 - INFO - 
[27/1000] Processing G.R. No. 140857
2025-12-06 11:59:20,494 - INFO -   Title: CityTrust Investment Phils. vs. Asianbank Corp...
2025-12-06 11:59:21,345 - WARNING -   ✗ Could not fetch case from any URL
2025-12-06 11:59:21,345 - INFO - 
[28/1000] Processing G.R. No. 141174
2025-12-06 11:59:21,345 - INFO -   Title: Aladdin F. Trinidad, et al. vs. Republic of the Philippines...
2025-12-06 11:59:22,525 - WARNING -   ✗ Could not fetch case from any URL
2025-12-06 11:59:22,525 - INFO - 
[29/1000] Processing G.R. No. 143177
2025-12-06 11:59:22,525 - INFO -   Title: New World Properties etc. vs. Advances Foundation Constructi...
2025-12-06 11:59:23,323 - WARNING -   ✗ Could not fetch case from any URL
2025-12-06 11:59:23,323 - INFO - 
[30/1000] Processing G.R. No. 144300
2025-12-06 11:59:23,323 - INFO -   Title: South Pacific Plastic Mfg. Corp vs. the Manila Electric Co....
2025-12-06 11:59:24,121 - WARNING -   ✗ Could not fetch case from any URL
2025-12-06 11:59:24,121 - INFO - 
[31/1000] Processing G.R. No. 145844
2025-12-06 11:59:24,121 - INFO -   Title: Nagkahiusang Namumuo sa Dasuceco-National et al. vs. Davao S...
2025-12-06 11:59:24,919 - WARNING -   ✗ Could not fetch case from any URL
2025-12-06 11:59:24,919 - INFO - 
[32/1000] Processing G.R. No. 146295
2025-12-06 11:59:24,919 - INFO -   Title: Pepsi-Cola Products Phil., Inc. vs. Court of Appeals, et al....
2025-12-06 11:59:25,717 - WARNING -   ✗ Could not fetch case from any URL
2025-12-06 11:59:25,717 - INFO - 
[33/1000] Processing G.R. No. 151991
2025-12-06 11:59:25,717 - INFO -   Title: Trans-asia Shipping Lines, Inc. vs. Prudential Guarantee and...
2025-12-06 11:59:26,514 - WARNING -   ✗ Could not fetch case from any URL
2025-12-06 11:59:26,514 - INFO - 
[34/1000] Processing G.R. No. 152619
2025-12-06 11:59:26,514 - INFO -   Title: Balite Communal Portal Mining Cooperative vs. Southeast Mind...
2025-12-06 11:59:27,311 - WARNING -   ✗ Could not fetch case from any URL
2025-12-06 11:59:27,311 - INFO - 
[35/1000] Processing G.R. No. 152870
2025-12-06 11:59:27,311 - INFO -   Title: Mines Adjucation Board & its Members vs. Southeast Mindanao ...
2025-12-06 11:59:28,108 - WARNING -   ✗ Could not fetch case from any URL
2025-12-06 11:59:28,108 - INFO - 
[36/1000] Processing G.R. No. 154694
2025-12-06 11:59:28,108 - INFO -   Title: Republic of the Philippines vs. R.A.B. Realty, Inc., et. al....
2025-12-06 11:59:28,906 - WARNING -   ✗ Could not fetch case from any URL
2025-12-06 11:59:28,907 - INFO - 
[37/1000] Processing G.R. No. 155554
2025-12-06 11:59:28,907 - INFO -   Title: Republic of the Philippines vs. Mario N. Misa, et. al....
2025-12-06 11:59:29,706 - WARNING -   ✗ Could not fetch case from any URL
2025-12-06 11:59:29,706 - INFO - 
[38/1000] Processing G.R. No. 155711
2025-12-06 11:59:29,706 - INFO -   Title: Republic of the Philippines vs. Alberto De Los Reyes, et. al...
2025-12-06 11:59:30,502 - WARNING -   ✗ Could not fetch case from any URL
2025-12-06 11:59:30,502 - INFO - 
[39/1000] Processing G.R. No. 156481
2025-12-06 11:59:30,502 - INFO -   Title: Civil Service Commission vs. Camilo P. Cabili, et al....
2025-12-06 11:59:31,299 - WARNING -   ✗ Could not fetch case from any URL
2025-12-06 11:59:31,299 - INFO - 
[40/1000] Processing G.R. No. 158276
2025-12-06 11:59:31,299 - INFO -   Title: Bagong Nagkakaisang Lakas sa Nissan Motors Phils., Inc. vs. ...
2025-12-06 11:59:32,096 - WARNING -   ✗ Could not fetch case from any URL
2025-12-06 11:59:32,096 - INFO - 
[41/1000] Processing G.R. No. 158687
2025-12-06 11:59:32,096 - INFO -   Title: Frisco F. Domalsin vs. Spouses Juanito Valenciano and Amalia...
2025-12-06 11:59:32,641 - INFO -   Case already exists: RESTRUCTURED_DB/2006/jan/158687.json
2025-12-06 11:59:33,142 - INFO - 
[42/1000] Processing G.R. No. 160179
2025-12-06 11:59:33,142 - INFO -   Title: Republic of the Philippines vs. Bank of the Philippine Islan...
2025-12-06 11:59:33,940 - WARNING -   ✗ Could not fetch case from any URL
2025-12-06 11:59:33,941 - INFO - 
[43/1000] Processing G.R. No. 163881
2025-12-06 11:59:33,941 - INFO -   Title: Metro Transit Organization, Inc. vs. Court of Appeals, et al...
2025-12-06 11:59:34,738 - WARNING -   ✗ Could not fetch case from any URL
2025-12-06 11:59:34,738 - INFO - 
[44/1000] Processing G.R. No. 165165
2025-12-06 11:59:34,738 - INFO -   Title: Sps. Johnny Lucero & Nona Ariete vs. Heirs of Estanislao Mil...
2025-12-06 11:59:35,536 - WARNING -   ✗ Could not fetch case from any URL
2025-12-06 11:59:35,536 - INFO - 
[45/1000] Processing G.R. No. 166326
2025-12-06 11:59:35,536 - INFO -   Title: Esmeraldo Rivera, et al. vs. People of the Philippines...
2025-12-06 11:59:35,738 - INFO -   Case already exists: RESTRUCTURED_DB/2006/jan/166326.json
2025-12-06 11:59:36,238 - INFO - 
[46/1000] Processing G.R. No. 166546
2025-12-06 11:59:36,238 - INFO -   Title: People of the Philippines vs. Rogelio Arsayo y Lavaquiz...
2025-12-06 11:59:37,037 - WARNING -   ✗ Could not fetch case from any URL
2025-12-06 11:59:37,037 - INFO - 
[47/1000] Processing G.R. No. 166891
2025-12-06 11:59:37,037 - INFO -   Title: Abdusakur M. Tan, et al. vs. Commission on Elections, et al....
2025-12-06 11:59:37,834 - WARNING -   ✗ Could not fetch case from any URL
2025-12-06 11:59:37,834 - INFO - 
[48/1000] Processing G.R. No. 168737
2025-12-06 11:59:37,834 - INFO -   Title: People of the Philippines vs. Edgardo Barcena y Poca...
2025-12-06 11:59:38,211 - INFO -   Case already exists: RESTRUCTURED_DB/2006/feb/168237.json
2025-12-06 11:59:38,711 - INFO - 
[49/1000] Processing G.R. No. 169083
2025-12-06 11:59:38,711 - INFO -   Title: People of the Philippines vs. Ardel Canuto...
2025-12-06 11:59:39,508 - WARNING -   ✗ Could not fetch case from any URL
2025-12-06 11:59:39,508 - INFO - 
[50/1000] Processing G.R. No. 170191
2025-12-06 11:59:39,508 - INFO -   Title: People of the Philippines vs. Rodolfo Suyu, et al....
2025-12-06 11:59:40,305 - WARNING -   ✗ Could not fetch case from any URL
2025-12-06 11:59:40,305 - INFO - 
[51/1000] Processing G.R. No. 170220
2025-12-06 11:59:40,305 - INFO -   Title: Josefina S. Lubrica vs. Land Bank of the Philippines...
2025-12-06 11:59:40,508 - INFO -   Case already exists: RESTRUCTURED_DB/2006/nov/170220.json
2025-12-06 11:59:41,009 - INFO - 
[52/1000] Processing G.R. No. 170470
2025-12-06 11:59:41,009 - INFO -   Title: People vs. Edna Malngan Mayo...
2025-12-06 11:59:41,810 - WARNING -   ✗ Could not fetch case from any URL
2025-12-06 11:59:41,810 - INFO - 
[53/1000] Processing G.R. No. 170474
2025-12-06 11:59:41,810 - INFO -   Title: People of the Phil. vs. Alex Candaza y Calvadores...
2025-12-06 11:59:42,608 - WARNING -   ✗ Could not fetch case from any URL
2025-12-06 11:59:42,608 - INFO - 
[54/1000] Processing G.R. No. 171400
2025-12-06 11:59:42,609 - INFO -   Title: Alternative Law Groups, Inc. vs. Ermita, Senga & Lomibao...
2025-12-06 11:59:43,406 - WARNING -   ✗ Could not fetch case from any URL
2025-12-06 11:59:43,407 - INFO - 
[55/1000] Processing G.R. No. 171409
2025-12-06 11:59:43,407 - INFO -   Title: Niñez Cacho-Olivares & Tribune Publishing Co., Inc. vs. Ermi...
2025-12-06 11:59:44,204 - WARNING -   ✗ Could not fetch case from any URL
2025-12-06 11:59:44,204 - INFO - 
[56/1000] Processing G.R. No. 171424
2025-12-06 11:59:44,204 - INFO -   Title: Loren Legarda vs. Pres. Gloria Macapagal-Arroyo, et al....
2025-12-06 11:59:45,503 - WARNING -   ✗ Could not fetch case from any URL
2025-12-06 11:59:45,504 - INFO - 
[57/1000] Processing G.R. No. 171483
2025-12-06 11:59:45,504 - INFO -   Title: Kilusang Mayo Uno, et al. vs. Pres. Gloria Macapagal-Arroyo,...
2025-12-06 11:59:46,350 - WARNING -   ✗ Could not fetch case from any URL
2025-12-06 11:59:46,350 - INFO - 
[58/1000] Processing G.R. No. 171485
2025-12-06 11:59:46,350 - INFO -   Title: Francis Joseph G. Escudero, et al. vs. Eduardo R. Ermita, et...
2025-12-06 11:59:47,198 - WARNING -   ✗ Could not fetch case from any URL
2025-12-06 11:59:47,199 - INFO - 
[59/1000] Processing G.R. No. 171489
2025-12-06 11:59:47,199 - INFO -   Title: Jose Anselmo I. Cadiz, et al. vs. Ermita, Senga & Lomibao...
2025-12-06 11:59:48,046 - WARNING -   ✗ Could not fetch case from any URL
2025-12-06 11:59:48,047 - INFO - 
[60/1000] Processing G.R. No. 200487
2025-12-06 11:59:48,047 - INFO -   Title: Biggs Inc. vs. Jay Boncacas, et al./Junnie Arines, et al. v...
2025-12-06 11:59:48,894 - WARNING -   ✗ Could not fetch case from any URL
2025-12-06 11:59:48,894 - INFO - 
[61/1000] Processing G.R. No. 200612
2025-12-06 11:59:48,894 - INFO -   Title: Rafael C. Uy vs. Estate of Vipa Fernandez...
2025-12-06 11:59:49,741 - WARNING -   ✗ Could not fetch case from any URL
2025-12-06 11:59:49,741 - INFO - 
[62/1000] Processing G.R. No. 200676
2025-12-06 11:59:49,741 - INFO -   Title: Spoues Luis G. Batalla and Salvacion Batalla vs. Prudential ...
2025-12-06 11:59:50,588 - WARNING -   ✗ Could not fetch case from any URL
2025-12-06 11:59:50,588 - INFO - 
[63/1000] Processing G.R. No. 126467
2025-12-06 11:59:50,588 - INFO -   Title: Natividad & Enrique Agana vs. Juan Fuentes...
2025-12-06 11:59:51,434 - WARNING -   ✗ Could not fetch case from any URL
2025-12-06 11:59:51,434 - INFO - 
[64/1000] Processing G.R. No. 127590
2025-12-06 11:59:51,434 - INFO -   Title: Miguel Ampil vs. Natividad Agana, et al....
2025-12-06 11:59:52,281 - WARNING -   ✗ Could not fetch case from any URL
2025-12-06 11:59:52,281 - INFO - 
[65/1000] Processing G.R. No. 131913
2025-12-06 11:59:52,281 - INFO -   Title: Sps. D. Guinyawan etc. vs. L. Ayogat et al....
2025-12-06 11:59:52,681 - INFO -   Case already exists: RESTRUCTURED_DB/2007/jun/163663.json
2025-12-06 11:59:53,181 - INFO - 
[66/1000] Processing G.R. No. 134029
2025-12-06 11:59:53,181 - INFO -   Title: Rodolfo San Luis vs. Felecidad Sagalongos...
2025-12-06 11:59:54,029 - WARNING -   ✗ Could not fetch case from any URL
2025-12-06 11:59:54,029 - INFO - 
[67/1000] Processing G.R. No. 135688
2025-12-06 11:59:54,029 - INFO -   Title: Ernesto B. Francisco, Jr. vs. Uem-Mara Phil. Corp., et al....
2025-12-06 11:59:54,429 - INFO -   Case already exists: RESTRUCTURED_DB/2007/oct/159245.json
2025-12-06 11:59:54,929 - INFO - 
[68/1000] Processing G.R. No. 137355
2025-12-06 11:59:54,929 - INFO -   Title: Eugen U. Caballero, et al. vs. Sandiganbayan, et al....
2025-12-06 11:59:55,328 - INFO -   Case already exists: RESTRUCTURED_DB/2007/sep/83754.json
2025-12-06 11:59:55,828 - INFO - 
[69/1000] Processing G.R. No. 140836
2025-12-06 11:59:55,828 - INFO -   Title: Iligan Bay Mfg. Corp. et al vs. Henry Dy....
2025-12-06 11:59:56,228 - INFO -   Case already exists: RESTRUCTURED_DB/2007/jun/119247.json
2025-12-06 11:59:56,728 - INFO - 
[70/1000] Processing G.R. No. 142732
2025-12-06 11:59:56,728 - INFO -   Title: Marilou S. Genuino vs. National Labor Relations Commission, ...
2025-12-06 11:59:57,130 - INFO -   Case already exists: RESTRUCTURED_DB/2007/dec/118023.json
2025-12-06 11:59:57,630 - INFO - 
[71/1000] Processing G.R. No. 145743
2025-12-06 11:59:57,630 - INFO -   Title: Antonio P. Calingin vs. Aniano A. Desierto, et al....
2025-12-06 11:59:57,845 - INFO -   Case already exists: RESTRUCTURED_DB/2007/aug/166062.json
2025-12-06 11:59:58,345 - INFO - 
[72/1000] Processing G.R. No. 147295
2025-12-06 11:59:58,345 - INFO -   Title: The Commissioner of Internal Revenue vs. Aeesita Hotel Corp....
2025-12-06 11:59:58,744 - INFO -   ✓ Saved: RESTRUCTURED_DB/2007/feb/147295.json
2025-12-06 11:59:59,244 - INFO - 
[73/1000] Processing G.R. No. 147525
2025-12-06 11:59:59,244 - INFO -   Title: Bonifacio Espinosa vs. Provincial Adjudicator etc., et al....
2025-12-06 11:59:59,459 - INFO -   ✓ Saved: RESTRUCTURED_DB/2007/feb/147525.json
2025-12-06 11:59:59,960 - INFO - 
[74/1000] Processing G.R. No. 147590
2025-12-06 11:59:59,960 - INFO -   Title: Antonio C. Carag vs. National Labor Relations Commission, et...
2025-12-06 12:00:00,545 - INFO -   ✓ Saved: RESTRUCTURED_DB/2007/apr/147590.json
2025-12-06 12:00:01,045 - INFO - 
[75/1000] Processing G.R. No. 147594
2025-12-06 12:00:01,045 - INFO -   Title: Metro Manila Transit Corp. vs. D.M. Consortium, Inc....
2025-12-06 12:00:01,262 - INFO -   ✓ Saved: RESTRUCTURED_DB/2007/mar/147594.json
2025-12-06 12:00:01,762 - INFO - 
[76/1000] Processing G.R. No. 147913
2025-12-06 12:00:01,762 - INFO -   Title: Clement John Ferdinand M. Navarrete vs. People of the Philip...
2025-12-06 12:00:02,167 - INFO -   ✓ Saved: RESTRUCTURED_DB/2007/jan/147913.json
2025-12-06 12:00:02,667 - INFO - 
[77/1000] Processing G.R. No. 148004
2025-12-06 12:00:02,667 - INFO -   Title: Vincent E. Omictin vs. Hon. Court of Appeals, et al....
2025-12-06 12:00:02,884 - INFO -   ✓ Saved: RESTRUCTURED_DB/2007/jan/148004.json
2025-12-06 12:00:03,384 - INFO - 
[78/1000] Processing G.R. No. 148111
2025-12-06 12:00:03,384 - INFO -   Title: Gil Justalero, et al. vs. Zenaida San Agustin-Gonzales, et a...
2025-12-06 12:00:03,601 - INFO -   ✓ Saved: RESTRUCTURED_DB/2007/mar/148111.json
2025-12-06 12:00:04,101 - INFO - 
[79/1000] Processing G.R. No. 148117
2025-12-06 12:00:04,101 - INFO -   Title: Mabini Epie, Jr. et al. vs. the Hon. Nelsonida T. Ulat-Marre...
2025-12-06 12:00:04,315 - INFO -   ✓ Saved: RESTRUCTURED_DB/2007/mar/147117.json
2025-12-06 12:00:04,816 - INFO - 
[80/1000] Processing G.R. No. 148147
2025-12-06 12:00:04,816 - INFO -   Title: Jessie Gasataya vs. Editha Mabasa...
2025-12-06 12:00:05,215 - INFO -   ✓ Saved: RESTRUCTURED_DB/2007/feb/148147.json
2025-12-06 12:00:05,715 - INFO - 
[81/1000] Processing G.R. No. 148182
2025-12-06 12:00:05,715 - INFO -   Title: Ursula Maglente, et al. vs. Hon. Priscilla Baltazar-Padilla ...
2025-12-06 12:00:06,114 - INFO -   ✓ Saved: RESTRUCTURED_DB/2007/mar/148182.json
2025-12-06 12:00:06,614 - INFO - 
[82/1000] Processing G.R. No. 148246
2025-12-06 12:00:06,614 - INFO -   Title: Republic of the Philippines vs. Juan C. Tuvera, et al....
2025-12-06 12:00:07,202 - INFO -   ✓ Saved: RESTRUCTURED_DB/2007/feb/148246.json
2025-12-06 12:00:07,702 - INFO - 
[83/1000] Processing G.R. No. 148373
2025-12-06 12:00:07,703 - INFO -   Title: Alco Business Corp. vs. Elsa Abella, et al....
2025-12-06 12:00:07,919 - INFO -   ✓ Saved: RESTRUCTURED_DB/2007/feb/148373.json
2025-12-06 12:00:08,419 - INFO - 
[84/1000] Processing G.R. No. 148491
2025-12-06 12:00:08,419 - INFO -   Title: Sps. Zacarias & Catherine Bacolor vs. Banco Filipino Savings...
2025-12-06 12:00:08,634 - INFO -   ✓ Saved: RESTRUCTURED_DB/2007/feb/148491.json
2025-12-06 12:00:09,134 - INFO - 
[85/1000] Processing G.R. No. 148505
2025-12-06 12:00:09,134 - INFO -   Title: Leopoldo V. Mendoza vs. the Court of Appeals, et al....
2025-12-06 12:00:09,349 - INFO -   ✓ Saved: RESTRUCTURED_DB/2007/feb/148505.json
2025-12-06 12:00:09,849 - INFO - 
[86/1000] Processing G.R. No. 148579
2025-12-06 12:00:09,849 - INFO -   Title: GMA Network, inc. vs. Movie & Television etc....
2025-12-06 12:00:10,064 - INFO -   ✓ Saved: RESTRUCTURED_DB/2007/feb/148579.json
2025-12-06 12:00:10,564 - INFO - 
[87/1000] Processing G.R. No. 148596
2025-12-06 12:00:10,564 - INFO -   Title: JL Investment & Devt., Inc. vs. Tendon Phil., Inc., et al....
2025-12-06 12:00:10,964 - INFO -   ✓ Saved: RESTRUCTURED_DB/2007/jan/148596.json
2025-12-06 12:00:11,464 - INFO - 
[88/1000] Processing G.R. No. 148628
2025-12-06 12:00:11,464 - INFO -   Title: Jose Salinas, et al. vs. Digital Telecommunications Phils., ...
2025-12-06 12:00:11,679 - INFO -   ✓ Saved: RESTRUCTURED_DB/2007/feb/148628.json
2025-12-06 12:00:12,180 - INFO - 
[89/1000] Processing G.R. No. 148967
2025-12-06 12:00:12,180 - INFO -   Title: Paulino Reyes, et al. vs. Fil-Estate Properties, Inc., et al...
2025-12-06 12:00:12,581 - INFO -   ✓ Saved: RESTRUCTURED_DB/2007/feb/148967.json
2025-12-06 12:00:13,081 - INFO - 
[90/1000] Processing G.R. No. 149053
2025-12-06 12:00:13,081 - INFO -   Title: Central Surety & Insurance Co. vs. Planters Products Inc....
2025-12-06 12:00:13,296 - INFO -   ✓ Saved: RESTRUCTURED_DB/2007/mar/149053.json
2025-12-06 12:00:13,796 - INFO - 
[91/1000] Processing G.R. No. 149102
2025-12-06 12:00:13,797 - INFO -   Title: Office of the Ombudsman vs. Johnny Alano...
2025-12-06 12:00:14,011 - INFO -   ✓ Saved: RESTRUCTURED_DB/2007/feb/149102.json
2025-12-06 12:00:14,511 - INFO - 
[92/1000] Processing G.R. No. 149158
2025-12-06 12:00:14,511 - INFO -   Title: Kimberly Independent Labour Union for Solidarity, et al. vs....
2025-12-06 12:00:14,912 - INFO -   Case already exists: RESTRUCTURED_DB/2007/jul/156668.json
2025-12-06 12:00:15,412 - INFO - 
[93/1000] Processing G.R. No. 149236
2025-12-06 12:00:15,412 - INFO -   Title: Philippine National Bank vs. Hon. J. G. Paneda, et al....
2025-12-06 12:00:15,811 - INFO -   ✓ Saved: RESTRUCTURED_DB/2007/feb/149236.json
2025-12-06 12:00:16,312 - INFO - 
[94/1000] Processing G.R. No. 149571
2025-12-06 12:00:16,312 - INFO -   Title: Government Service Insurance System vs. Benjamin Nonoy O. Fo...
2025-12-06 12:00:16,527 - INFO -   ✓ Saved: RESTRUCTURED_DB/2007/feb/149571.json
2025-12-06 12:00:17,027 - INFO - 
[95/1000] Processing G.R. No. 149603
2025-12-06 12:00:17,027 - INFO -   Title: Estate of Lim Ching etc. vs. Florencia Bacala, et al....
2025-12-06 12:00:17,243 - INFO -   ✓ Saved: RESTRUCTURED_DB/2007/mar/149603.json
2025-12-06 12:00:17,743 - INFO - 
[96/1000] Processing G.R. No. 149875
2025-12-06 12:00:17,743 - INFO -   Title: AMA Computer College, Inc. vs. Atty. A.D. V Almonte...
2025-12-06 12:00:17,959 - INFO -   ✓ Saved: RESTRUCTURED_DB/2007/apr/149875.json
2025-12-06 12:00:18,459 - INFO - 
[97/1000] Processing G.R. No. 149991
2025-12-06 12:00:18,459 - INFO -   Title: Sevilla Decin vs. SPO1 Melzasar Tayco, et al....
2025-12-06 12:00:18,858 - INFO -   ✓ Saved: RESTRUCTURED_DB/2007/feb/149991.json
2025-12-06 12:00:19,359 - INFO - 
[98/1000] Processing G.R. No. 150066
2025-12-06 12:00:19,359 - INFO -   Title: Sps. Emmanuel & Edna Chua, et al. vs. Msgr. Virgilio Soriano...
2025-12-06 12:00:19,759 - INFO -   ✓ Saved: RESTRUCTURED_DB/2007/apr/150066.json
2025-12-06 12:00:20,259 - INFO - 
[99/1000] Processing G.R. No. 150091
2025-12-06 12:00:20,259 - INFO -   Title: Yolanda O. Alfonso vs. Office of the Pres., et al....
2025-12-06 12:00:20,662 - INFO -   ✓ Saved: RESTRUCTURED_DB/2007/apr/150091.json
2025-12-06 12:00:21,162 - INFO - 
[100/1000] Processing G.R. No. 150097
2025-12-06 12:00:21,162 - INFO -   Title: Development Bank of the Philippines vs. Alejandro & Adelaida...
2025-12-06 12:00:21,379 - INFO -   ✓ Saved: RESTRUCTURED_DB/2007/feb/150097.json
2025-12-06 12:00:21,879 - INFO - 
[101/1000] Processing G.R. No. 150157
2025-12-06 12:00:21,879 - INFO -   Title: Mauricio Manliclic, et al. vs. Modesto Calaunan...
2025-12-06 12:00:22,280 - INFO -   ✓ Saved: RESTRUCTURED_DB/2007/jan/150157.json
2025-12-06 12:00:22,780 - INFO - 
[102/1000] Processing G.R. No. 150162
2025-12-06 12:00:22,780 - INFO -   Title: Marina Llemos, et al. vs. Romeo Llemos, et al....
2025-12-06 12:00:22,997 - INFO -   ✓ Saved: RESTRUCTURED_DB/2007/jan/150162.json
2025-12-06 12:00:23,497 - INFO - 
[103/1000] Processing G.R. No. 150175
2025-12-06 12:00:23,497 - INFO -   Title: Erlinda Pilapil, et al. vs. Heirs of M. R. Briones etc....
2025-12-06 12:00:23,899 - INFO -   ✓ Saved: RESTRUCTURED_DB/2007/feb/150175.json
2025-12-06 12:00:24,399 - INFO - 
[104/1000] Processing G.R. No. 150194
2025-12-06 12:00:24,399 - INFO -   Title: Robert Tayaban, et al. vs. People of the Philippines et al....
2025-12-06 12:00:24,801 - INFO -   ✓ Saved: RESTRUCTURED_DB/2007/mar/150194.json
2025-12-06 12:00:25,301 - INFO - 
[105/1000] Processing G.R. No. 150207
2025-12-06 12:00:25,302 - INFO -   Title: Valentin P. Fraginal, et al. vs. the Heirs of T. Belmonte Pa...
2025-12-06 12:00:25,518 - INFO -   ✓ Saved: RESTRUCTURED_DB/2007/feb/150207.json
2025-12-06 12:00:26,018 - INFO - 
[106/1000] Processing G.R. No. 150329
2025-12-06 12:00:26,018 - INFO -   Title: Ronald K. Go, et al. vs. the Hon. Sandiganbayan, et al....
2025-12-06 12:00:26,232 - INFO -   Case already exists: RESTRUCTURED_DB/2007/sep/116526.json
2025-12-06 12:00:26,733 - INFO - 
[107/1000] Processing G.R. No. 150335
2025-12-06 12:00:26,733 - INFO -   Title: Ernesto V. Yu, et al. vs. the Orchard Gold & Country Club, I...
2025-12-06 12:00:27,132 - INFO -   ✓ Saved: RESTRUCTURED_DB/2007/mar/150335.json
2025-12-06 12:00:27,632 - INFO - 
[108/1000] Processing G.R. No. 150403
2025-12-06 12:00:27,632 - INFO -   Title: Cebu Salvage Corp. vs. Phil. Harne Assurance Corp....
2025-12-06 12:00:27,847 - INFO -   ✓ Saved: RESTRUCTURED_DB/2007/jan/150403.json
2025-12-06 12:00:28,347 - INFO - 
[109/1000] Processing G.R. No. 150640
2025-12-06 12:00:28,348 - INFO -   Title: Barangay Sindalan, et al. vs. Court of Appeals, et al....
2025-12-06 12:00:28,747 - INFO -   ✓ Saved: RESTRUCTURED_DB/2007/mar/150640.json
2025-12-06 12:00:29,247 - INFO - 
[110/1000] Processing G.R. No. 150658
2025-12-06 12:00:29,247 - INFO -   Title: Noelito Fabela, et al. vs. San Miguel Corp., et al....
2025-12-06 12:00:29,647 - INFO -   ✓ Saved: RESTRUCTURED_DB/2007/feb/150658.json
2025-12-06 12:00:30,147 - INFO - 
[111/1000] Processing G.R. No. 150886
2025-12-06 12:00:30,148 - INFO -   Title: Rural Bank of San Miguel, Inc. vs. Monetary Board et al....
2025-12-06 12:00:30,548 - INFO -   ✓ Saved: RESTRUCTURED_DB/2007/feb/150886.json
2025-12-06 12:00:31,048 - INFO - 
[112/1000] Processing G.R. No. 150986
2025-12-06 12:00:31,048 - INFO -   Title: Clark Devt. Corp. vs. Mondragon Leisure & Resorts Corp., et ...
2025-12-06 12:00:31,448 - INFO -   ✓ Saved: RESTRUCTURED_DB/2007/mar/150986.json
2025-12-06 12:00:31,948 - INFO - 
[113/1000] Processing G.R. No. 151407
2025-12-06 12:00:31,948 - INFO -   Title: Intercontinental Broadcasting Corp. vs. Ireneo Panganiban...
2025-12-06 12:00:32,164 - INFO -   ✓ Saved: RESTRUCTURED_DB/2007/feb/151407.json
2025-12-06 12:00:32,664 - INFO - 
[114/1000] Processing G.R. No. 152007
2025-12-06 12:00:32,664 - INFO -   Title: Procopio Tapuroc, et al. vs. Carmelita Loquellano vda.de Men...
2025-12-06 12:00:33,064 - INFO -   ✓ Saved: RESTRUCTURED_DB/2007/jan/152007.json
2025-12-06 12:00:33,564 - INFO - 
[115/1000] Processing G.R. No. 152232
2025-12-06 12:00:33,564 - INFO -   Title: Greg Anthony L. Caneda vs. Philippine Airlines, Inc....
2025-12-06 12:00:33,788 - INFO -   ✓ Saved: RESTRUCTURED_DB/2007/feb/152232.json
2025-12-06 12:00:34,289 - INFO - 
[116/1000] Processing G.R. No. 152430
2025-12-06 12:00:34,289 - INFO -   Title: Samahang Magsasaka Ng 53 Hectarya etc. vs. Wilfredo Mosquera...
2025-12-06 12:00:34,688 - INFO -   ✓ Saved: RESTRUCTURED_DB/2007/mar/152430.json
2025-12-06 12:00:35,188 - INFO - 
[117/1000] Processing G.R. No. 152505
2025-12-06 12:00:35,188 - INFO -   Title: Prudential Guarantee & Assurance Inc. vs. Equinox Land Corpo...
2025-12-06 12:00:35,585 - INFO -   Case already exists: RESTRUCTURED_DB/2007/sep/132358.json
2025-12-06 12:00:36,086 - INFO - 
[118/1000] Processing G.R. No. 152534
2025-12-06 12:00:36,086 - INFO -   Title: Digital Telecommunications Phil., Inc. vs. Provo of Pangasin...
2025-12-06 12:00:36,486 - INFO -   ✓ Saved: RESTRUCTURED_DB/2007/feb/152534.json
2025-12-06 12:00:36,987 - INFO - 
[119/1000] Processing G.R. No. 152687
2025-12-06 12:00:36,987 - INFO -   Title: Ernesto V. Yu, et al. vs. the Court of Appeals, et al....
2025-12-06 12:00:37,835 - WARNING -   ✗ Could not fetch case from any URL
2025-12-06 12:00:37,835 - INFO - 
[120/1000] Processing G.R. No. 152769
2025-12-06 12:00:37,835 - INFO -   Title: Manila Electric Co. vs. Ma. Victoria Jose...
2025-12-06 12:00:38,051 - INFO -   ✓ Saved: RESTRUCTURED_DB/2007/feb/152769.json
2025-12-06 12:00:38,551 - INFO - 
[121/1000] Processing G.R. No. 152780
2025-12-06 12:00:38,551 - INFO -   Title: Ligaya M. Apolinario vs. Desiree B. Flores...
2025-12-06 12:00:38,767 - INFO -   ✓ Saved: RESTRUCTURED_DB/2007/jan/152780.json
2025-12-06 12:00:39,267 - INFO - 
[122/1000] Processing G.R. No. 152827
2025-12-06 12:00:39,267 - INFO -   Title: Gerardo Mendoza, et al. vs. Soledad Salinas...
2025-12-06 12:00:39,482 - INFO -   ✓ Saved: RESTRUCTURED_DB/2007/feb/152827.json
2025-12-06 12:00:39,982 - INFO - 
[123/1000] Processing G.R. No. 152898
2025-12-06 12:00:39,982 - INFO -   Title: Sofia Canton, et al. vs. City of Cebu etc....
2025-12-06 12:00:40,197 - INFO -   ✓ Saved: RESTRUCTURED_DB/2007/feb/152898.json
2025-12-06 12:00:40,697 - INFO - 
[124/1000] Processing G.R. No. 153205
2025-12-06 12:00:40,697 - INFO -   Title: Commissioner of Internal Revenue vs. Burmeister & Wain Scand...
2025-12-06 12:00:41,098 - INFO -   ✓ Saved: RESTRUCTURED_DB/2007/jan/153205.json
2025-12-06 12:00:41,598 - INFO - 
[125/1000] Processing G.R. No. 153284
2025-12-06 12:00:41,598 - INFO -   Title: Regional State Prosecutor Santiago M. Turingan, et al. vs. H...
2025-12-06 12:00:41,813 - INFO -   ✓ Saved: RESTRUCTURED_DB/2007/apr/153284.json
2025-12-06 12:00:42,313 - INFO - 
[126/1000] Processing G.R. No. 153413
2025-12-06 12:00:42,313 - INFO -   Title: Nectarina S. Raniel, et al. vs. Paul Jachico, et al....
2025-12-06 12:00:42,712 - INFO -   ✓ Saved: RESTRUCTURED_DB/2007/mar/153413.json
2025-12-06 12:00:43,213 - INFO - 
[127/1000] Processing G.R. No. 153456
2025-12-06 12:00:43,213 - INFO -   Title: Roberto Padua vs. the Hon. Court of Appeals, et al....
2025-12-06 12:00:44,026 - INFO -   ✓ Saved: RESTRUCTURED_DB/2007/mar/153456.json
2025-12-06 12:00:44,527 - INFO - 
[128/1000] Processing G.R. No. 153460
2025-12-06 12:00:44,527 - INFO -   Title: Tony Tan vs. People of the Philippines...
2025-12-06 12:00:44,928 - INFO -   ✓ Saved: RESTRUCTURED_DB/2007/jan/153460.json
2025-12-06 12:00:45,428 - INFO - 
[129/1000] Processing G.R. No. 153477
2025-12-06 12:00:45,428 - INFO -   Title: Del Monte Philippines, Inc. vs. Lolita Velasco...
2025-12-06 12:00:45,830 - INFO -   ✓ Saved: RESTRUCTURED_DB/2007/mar/153477.json
2025-12-06 12:00:46,330 - INFO - 
[130/1000] Processing G.R. No. 153584
2025-12-06 12:00:46,330 - INFO -   Title: Benigno Mariano, Jr. vs. National Labor Relations Commission...
2025-12-06 12:00:47,179 - WARNING -   ✗ Could not fetch case from any URL
2025-12-06 12:00:47,179 - INFO - 
[131/1000] Processing G.R. No. 153675
2025-12-06 12:00:47,179 - INFO -   Title: Government of Hong Kong Special Administrative Region, etc. ...
2025-12-06 12:00:47,580 - INFO -   ✓ Saved: RESTRUCTURED_DB/2007/apr/153675.json
2025-12-06 12:00:48,080 - INFO - 
[132/1000] Processing G.R. No. 153726
2025-12-06 12:00:48,080 - INFO -   Title: Republic of the Philippines vs. Democrito Mendoza, Sr., et a...
2025-12-06 12:00:48,483 - INFO -   ✓ Saved: RESTRUCTURED_DB/2007/mar/153726.json
2025-12-06 12:00:48,983 - INFO - 
[133/1000] Processing G.R. No. 153874
2025-12-06 12:00:48,984 - INFO -   Title: Titan Construction Corp. vs. Uni-Field Enterprises, Inc....
2025-12-06 12:00:49,200 - INFO -   ✓ Saved: RESTRUCTURED_DB/2007/mar/153874.json
2025-12-06 12:00:49,700 - INFO - 
[134/1000] Processing G.R. No. 153882
2025-12-06 12:00:49,700 - INFO -   Title: Lingkod Manggagawa sa Rubberworld, et al. vs. Rubberworld In...
2025-12-06 12:00:50,101 - INFO -   ✓ Saved: RESTRUCTURED_DB/2007/jan/153882.json
2025-12-06 12:00:50,601 - INFO - 
[135/1000] Processing G.R. No. 153936
2025-12-06 12:00:50,601 - INFO -   Title: Rosario M. Reyes vs. Alsons Devt. & Investment Corp., et al....
2025-12-06 12:00:50,818 - INFO -   ✓ Saved: RESTRUCTURED_DB/2007/mar/153936.json
2025-12-06 12:00:51,318 - INFO - 
[136/1000] Processing G.R. No. 154014
2025-12-06 12:00:51,318 - INFO -   Title: Silot Bay Fisherman's Asso. Inc. vs. Republic of the Philipp...
2025-12-06 12:00:52,168 - WARNING -   ✗ Could not fetch case from any URL
2025-12-06 12:00:52,168 - INFO - 
[137/1000] Processing G.R. No. 154018
2025-12-06 12:00:52,168 - INFO -   Title: Martin Penoso, et al. vs. Macrosman Dona...
2025-12-06 12:00:52,384 - INFO -   ✓ Saved: RESTRUCTURED_DB/2007/apr/154018.json
2025-12-06 12:00:52,884 - INFO - 
[138/1000] Processing G.R. No. 154034
2025-12-06 12:00:52,884 - INFO -   Title: First Aqua Sugar Traders, Inc., et al. vs. Bank of the Phili...
2025-12-06 12:00:53,100 - INFO -   ✓ Saved: RESTRUCTURED_DB/2007/feb/154034.json
2025-12-06 12:00:53,600 - INFO - 
[139/1000] Processing G.R. No. 154128
2025-12-06 12:00:53,600 - INFO -   Title: Dr. Amanda T. Cruz vs. Wilfredo R. Cruz...
2025-12-06 12:00:53,815 - INFO -   ✓ Saved: RESTRUCTURED_DB/2007/feb/154128.json
2025-12-06 12:00:54,315 - INFO - 
[140/1000] Processing G.R. No. 154150
2025-12-06 12:00:54,316 - INFO -   Title: Nida Alejo, et al. vs. the Hon. Judge Erlinda Pestano-Buted,...
2025-12-06 12:00:54,715 - INFO -   Case already exists: RESTRUCTURED_DB/2007/dec/139381.json
2025-12-06 12:00:55,215 - INFO - 
[141/1000] Processing G.R. No. 154330
2025-12-06 12:00:55,215 - INFO -   Title: Zosimo Godinez, et al. vs. the Court of Appeals, et al....
2025-12-06 12:00:55,430 - INFO -   ✓ Saved: RESTRUCTURED_DB/2007/feb/154330.json
2025-12-06 12:00:55,930 - INFO - 
[142/1000] Processing G.R. No. 154356
2025-12-06 12:00:55,930 - INFO -   Title: Bangko Sentral ng Pilipinas et al. vs. Rural Bank of San Mig...
2025-12-06 12:00:56,330 - INFO -   ✓ Saved: RESTRUCTURED_DB/2007/apr/154356.json
2025-12-06 12:00:56,830 - INFO - 
[143/1000] Processing G.R. No. 154591
2025-12-06 12:00:56,830 - INFO -   Title: Manila Hotel Enterprises Asso. etc. vs. Manila Hotel Corp....
2025-12-06 12:00:57,232 - INFO -   ✓ Saved: RESTRUCTURED_DB/2007/mar/154591.json
2025-12-06 12:00:57,732 - INFO - 
[144/1000] Processing G.R. No. 154721
2025-12-06 12:00:57,732 - INFO -   Title: Alfonso Firaza vs. People of the Philippines...
2025-12-06 12:00:58,135 - INFO -   ✓ Saved: RESTRUCTURED_DB/2007/mar/154721.json
2025-12-06 12:00:58,635 - INFO - 
[145/1000] Processing G.R. No. 154739
2025-12-06 12:00:58,635 - INFO -   Title: Rogelio Panotes vs. City Townhouse Devt. Corp....
2025-12-06 12:00:58,850 - INFO -   ✓ Saved: RESTRUCTURED_DB/2007/jan/154739.json
2025-12-06 12:00:59,350 - INFO - 
[146/1000] Processing G.R. No. 154765
2025-12-06 12:00:59,350 - INFO -   Title: Pedro T. Bercero vs. Capitol Devt. Corp....
2025-12-06 12:00:59,751 - INFO -   ✓ Saved: RESTRUCTURED_DB/2007/mar/154765.json
2025-12-06 12:01:00,251 - INFO - 
[147/1000] Processing G.R. No. 154837
2025-12-06 12:01:00,251 - INFO -   Title: Ang Brat Huan Sons Industries, Inc. Etc. vs. Court of Appeal...
2025-12-06 12:01:00,467 - INFO -   ✓ Saved: RESTRUCTURED_DB/2007/mar/154837.json
2025-12-06 12:01:00,967 - INFO - 
[148/1000] Processing G.R. No. 154877
2025-12-06 12:01:00,967 - INFO -   Title: Jin-Jin Delos Santos vs. Sps. Reynato D. Sarmiento et al....
2025-12-06 12:01:01,369 - INFO -   ✓ Saved: RESTRUCTURED_DB/2007/mar/154877.json
2025-12-06 12:01:01,869 - INFO - 
[149/1000] Processing G.R. No. 154878
2025-12-06 12:01:01,869 - INFO -   Title: Carolyn M. Garcia vs. Rica Marie S. Thio....
2025-12-06 12:01:03,060 - INFO -   ✓ Saved: RESTRUCTURED_DB/2007/mar/154878.json
2025-12-06 12:01:03,561 - INFO - 
[150/1000] Processing G.R. No. 154975
2025-12-06 12:01:03,561 - INFO -   Title: General Credit Corp. vs. Alsons Devt. & Investment Corp., et...
2025-12-06 12:01:03,961 - INFO -   ✓ Saved: RESTRUCTURED_DB/2007/jan/154975.json
2025-12-06 12:01:04,462 - INFO - 
[151/1000] Processing G.R. No. 155041
2025-12-06 12:01:04,462 - INFO -   Title: Reynaldo de Castro vs. Hon. Manuel B. Fernandez, Jr., etc....
2025-12-06 12:01:04,862 - INFO -   ✓ Saved: RESTRUCTURED_DB/2007/feb/155041.json
2025-12-06 12:01:05,362 - INFO - 
[152/1000] Processing G.R. No. 155094
2025-12-06 12:01:05,362 - INFO -   Title: Manuel O. Oriente vs. People of the Philippines...
2025-12-06 12:01:05,765 - INFO -   ✓ Saved: RESTRUCTURED_DB/2007/jan/155094.json
2025-12-06 12:01:06,265 - INFO - 
[153/1000] Processing G.R. No. 155133
2025-12-06 12:01:06,265 - INFO -   Title: Heirs of Rosa Dumaliang, et al. vs. Damiano Serban, et al....
2025-12-06 12:01:06,666 - INFO -   ✓ Saved: RESTRUCTURED_DB/2007/feb/155133.json
2025-12-06 12:01:07,167 - INFO - 
[154/1000] Processing G.R. No. 155208
2025-12-06 12:01:07,167 - INFO -   Title: Nene Lazalita Tating vs. Felicidad Tating Marcella et al....
2025-12-06 12:01:07,568 - INFO -   ✓ Saved: RESTRUCTURED_DB/2007/mar/155208.json
2025-12-06 12:01:08,068 - INFO - 
[155/1000] Processing G.R. No. 155223
2025-12-06 12:01:08,068 - INFO -   Title: Bobie Rose V. Frias etc., vs. Flora San Diego-Sison...
2025-12-06 12:01:08,469 - INFO -   ✓ Saved: RESTRUCTURED_DB/2007/apr/155223.json
2025-12-06 12:01:08,969 - INFO - 
[156/1000] Processing G.R. No. 155338
2025-12-06 12:01:08,969 - INFO -   Title: Deogracias Cansino vs. Prudential Shipping & Mgt. Corp., et ...
2025-12-06 12:01:09,184 - INFO -   ✓ Saved: RESTRUCTURED_DB/2007/feb/155338.json
2025-12-06 12:01:09,684 - INFO - 
[157/1000] Processing G.R. No. 155409
2025-12-06 12:01:09,685 - INFO -   Title: V. Maquilan vs. D. Maquilan....
2025-12-06 12:01:10,084 - INFO -   Case already exists: RESTRUCTURED_DB/2007/jun/139676.json
2025-12-06 12:01:10,584 - INFO - 
[158/1000] Processing G.R. No. 155483
2025-12-06 12:01:10,584 - INFO -   Title: Heirs of Pedro Pasag, et al. vs. Sps. Lorenzo & Florentina P...
2025-12-06 12:01:10,985 - INFO -   ✓ Saved: RESTRUCTURED_DB/2007/apr/155483.json
2025-12-06 12:01:11,485 - INFO - 
[159/1000] Processing G.R. No. 155505
2025-12-06 12:01:11,485 - INFO -   Title: Emilio M. Caparoso, et al. vs. Court of Appeals, et al....
2025-12-06 12:01:11,885 - INFO -   ✓ Saved: RESTRUCTURED_DB/2007/feb/155505.json
2025-12-06 12:01:12,385 - INFO - 
[160/1000] Processing G.R. No. 155682
2025-12-06 12:01:12,385 - INFO -   Title: Banco Filipino Savings & Mortgage Bank vs. Court of Appeals ...
2025-12-06 12:01:12,785 - INFO -   ✓ Saved: RESTRUCTURED_DB/2007/mar/155682.json
2025-12-06 12:01:13,285 - INFO - 
[161/1000] Processing G.R. No. 155683
2025-12-06 12:01:13,286 - INFO -   Title: Petron Corp. vs. National College of Business & Arts...
2025-12-06 12:01:13,685 - INFO -   ✓ Saved: RESTRUCTURED_DB/2007/feb/155683.json
2025-12-06 12:01:14,185 - INFO - 
[162/1000] Processing G.R. No. 155749
2025-12-06 12:01:14,186 - INFO -   Title: Erlinda F. Santos vs. Ma. Carest A. Rasalan...
2025-12-06 12:01:14,585 - INFO -   ✓ Saved: RESTRUCTURED_DB/2007/feb/155749.json
2025-12-06 12:01:15,085 - INFO - 
[163/1000] Processing G.R. No. 155785
2025-12-06 12:01:15,085 - INFO -   Title: Simplicio Galicia, et al. vs. Lourdes Manliquez Vda De Mindo...
2025-12-06 12:01:15,485 - INFO -   ✓ Saved: RESTRUCTURED_DB/2007/apr/155785.json
2025-12-06 12:01:15,986 - INFO - 
[164/1000] Processing G.R. No. 155824
2025-12-06 12:01:15,986 - INFO -   Title: Gillamac's Marketing, Inc. vs. Aboitiz Shipping Corp., et al...
2025-12-06 12:01:16,201 - INFO -   ✓ Saved: RESTRUCTURED_DB/2007/jan/155824.json
2025-12-06 12:01:16,701 - INFO - 
[165/1000] Processing G.R. No. 155868
2025-12-06 12:01:16,701 - INFO -   Title: Sps. Gegorio & Josefa Yu vs. Ngo Yet Te etc....
2025-12-06 12:01:17,107 - INFO -   ✓ Saved: RESTRUCTURED_DB/2007/feb/155868.json
2025-12-06 12:01:17,607 - INFO - 
[166/1000] Processing G.R. No. 156025
2025-12-06 12:01:17,607 - INFO -   Title: Former Mayor Brigido R. Simon, Jr., et al. vs. Florida R. Ma...
2025-12-06 12:01:18,010 - INFO -   ✓ Saved: RESTRUCTURED_DB/2007/jan/156025.json
2025-12-06 12:01:18,510 - INFO - 
[167/1000] Processing G.R. No. 156041
2025-12-06 12:01:18,510 - INFO -   Title: Pest Mgt. Association of the Phil., et al. vs. Fertilizer & ...
2025-12-06 12:01:18,726 - INFO -   ✓ Saved: RESTRUCTURED_DB/2007/feb/156041.json
2025-12-06 12:01:19,226 - INFO - 
[168/1000] Processing G.R. No. 156052
2025-12-06 12:01:19,226 - INFO -   Title: Social Justice Society, et al. vs. Jose L. Atienza, Jr....
2025-12-06 12:01:19,626 - INFO -   ✓ Saved: RESTRUCTURED_DB/2007/mar/156052.json
2025-12-06 12:01:20,126 - INFO - 
[169/1000] Processing G.R. No. 156055
2025-12-06 12:01:20,126 - INFO -   Title: R. R. Paredes, et al. vs. Tarcisio S. Calilung....
2025-12-06 12:01:20,715 - INFO -   ✓ Saved: RESTRUCTURED_DB/2007/mar/156055.json
2025-12-06 12:01:21,215 - INFO - 
[170/1000] Processing G.R. No. 156093
2025-12-06 12:01:21,215 - INFO -   Title: National Power Corp. vs. Sps. Norberto & Josefina del a Cruz...
2025-12-06 12:01:21,616 - INFO -   ✓ Saved: RESTRUCTURED_DB/2007/feb/156093.json
2025-12-06 12:01:22,116 - INFO - 
[171/1000] Processing G.R. No. 156132
2025-12-06 12:01:22,116 - INFO -   Title: Citibank, N.A., et al. vs. Modesta R. Sabeniano...
2025-12-06 12:01:22,704 - INFO -   ✓ Saved: RESTRUCTURED_DB/2007/feb/156132.json
2025-12-06 12:01:23,204 - INFO - 
[172/1000] Processing G.R. No. 156147
2025-12-06 12:01:23,204 - INFO -   Title: Cipriano L. Lubrica vs. People of the Philippines...
2025-12-06 12:01:23,423 - INFO -   ✓ Saved: RESTRUCTURED_DB/2007/feb/156147.json
2025-12-06 12:01:23,924 - INFO - 
[173/1000] Processing G.R. No. 156182
2025-12-06 12:01:23,924 - INFO -   Title: Government Service Insurance System vs. Luzviminda C. Mecaye...
2025-12-06 12:01:24,324 - INFO -   ✓ Saved: RESTRUCTURED_DB/2007/apr/156182.json
2025-12-06 12:01:24,824 - INFO - 
[174/1000] Processing G.R. No. 156183
2025-12-06 12:01:24,824 - INFO -   Title: Nicasio I. Alcantara vs. Vicente C. Ponce, et al....
2025-12-06 12:01:25,224 - INFO -   ✓ Saved: RESTRUCTURED_DB/2007/feb/156183.json
2025-12-06 12:01:25,724 - INFO - 
[175/1000] Processing G.R. No. 156249
2025-12-06 12:01:25,724 - INFO -   Title: Mariano Rivera, et al. vs. Emerito A. Turiano, et al....
2025-12-06 12:01:26,124 - INFO -   ✓ Saved: RESTRUCTURED_DB/2007/mar/156249.json
2025-12-06 12:01:26,625 - INFO - 
[176/1000] Processing G.R. No. 156284
2025-12-06 12:01:26,625 - INFO -   Title: Augusto Gomez etc. vs. Maria Rita Gomez-Samson, et al....
2025-12-06 12:01:27,403 - INFO -   ✓ Saved: RESTRUCTURED_DB/2007/feb/156284.json
2025-12-06 12:01:27,903 - INFO - 
[177/1000] Processing G.R. No. 156320
2025-12-06 12:01:27,903 - INFO -   Title: Rodolfo Abenes y Gacutan vs. the Hon. Court of Appeals, et a...
2025-12-06 12:01:28,305 - INFO -   ✓ Saved: RESTRUCTURED_DB/2007/feb/156320.json
2025-12-06 12:01:28,805 - INFO - 
[178/1000] Processing G.R. No. 156405
2025-12-06 12:01:28,805 - INFO -   Title: Sps. Gil Torrecampo etc. vs. Dennis Alindogan, Sr., et al....
2025-12-06 12:01:29,020 - INFO -   ✓ Saved: RESTRUCTURED_DB/2007/feb/156405.json
2025-12-06 12:01:29,520 - INFO - 
[179/1000] Processing G.R. No. 156527
2025-12-06 12:01:29,520 - INFO -   Title: Nemesio M. Calim vs. the Hon. Jesus F. Guerrero, et al....
2025-12-06 12:01:29,922 - INFO -   ✓ Saved: RESTRUCTURED_DB/2007/mar/156527.json
2025-12-06 12:01:30,422 - INFO - 
[180/1000] Processing G.R. No. 156537
2025-12-06 12:01:30,422 - INFO -   Title: Public Estates Authority vs. Commission on Audit...
2025-12-06 12:01:30,639 - INFO -   ✓ Saved: RESTRUCTURED_DB/2007/jan/156537.json
2025-12-06 12:01:31,140 - INFO - 
[181/1000] Processing G.R. No. 156542
2025-12-06 12:01:31,140 - INFO -   Title: Candelaria Q. Da Yot vs. Shell Chemical Co., Inc....
2025-12-06 12:01:31,540 - INFO -   Case already exists: RESTRUCTURED_DB/2007/jun/141523.json
2025-12-06 12:01:32,040 - INFO - 
[182/1000] Processing G.R. No. 156605
2025-12-06 12:01:32,040 - INFO -   Title: Edward T. Marcelo, et al. vs. Sandiganbayan, et al....
2025-12-06 12:01:32,627 - INFO -   Case already exists: RESTRUCTURED_DB/2007/aug/156505.json
2025-12-06 12:01:33,127 - INFO - 
[183/1000] Processing G.R. No. 156689
2025-12-06 12:01:33,127 - INFO -   Title: R. Dimaculangan vs. G. Casalla....
2025-12-06 12:01:33,343 - INFO -   Case already exists: RESTRUCTURED_DB/2007/jun/156752.json
2025-12-06 12:01:33,843 - INFO - 
[184/1000] Processing G.R. No. 156847
2025-12-06 12:01:33,843 - INFO -   Title: People of the Philippines vs. SPO4 Emiliano Anonas...
2025-12-06 12:01:34,058 - INFO -   ✓ Saved: RESTRUCTURED_DB/2007/jan/156847.json
2025-12-06 12:01:34,559 - INFO - 
[185/1000] Processing G.R. No. 156934
2025-12-06 12:01:34,559 - INFO -   Title: Alpha C. Jaculbe vs. Silliman University....
2025-12-06 12:01:34,958 - INFO -   ✓ Saved: RESTRUCTURED_DB/2007/mar/156934.json
2025-12-06 12:01:35,459 - INFO - 
[186/1000] Processing G.R. No. 157043
2025-12-06 12:01:35,459 - INFO -   Title: Republic of the Philippines vs. Trinidad R.A. Capote...
2025-12-06 12:01:35,859 - INFO -   ✓ Saved: RESTRUCTURED_DB/2007/feb/157043.json
2025-12-06 12:01:36,359 - INFO - 
[187/1000] Processing G.R. No. 157057
2025-12-06 12:01:36,360 - INFO -   Title: Leonidas Epifanio y Lazaro vs. People of the Phil....
2025-12-06 12:01:36,762 - INFO -   Case already exists: RESTRUCTURED_DB/2007/jun/143380.json
2025-12-06 12:01:37,262 - INFO - 
[188/1000] Processing G.R. No. 157202
2025-12-06 12:01:37,262 - INFO -   Title: PLDT, Inc. vs. Amparo Balbastro, et al....
2025-12-06 12:01:37,663 - INFO -   ✓ Saved: RESTRUCTURED_DB/2007/mar/157202.json
2025-12-06 12:01:38,163 - INFO - 
[189/1000] Processing G.R. No. 157221
2025-12-06 12:01:38,164 - INFO -   Title: People of the Philippines vs. Cesar Galvez...
2025-12-06 12:01:38,756 - INFO -   ✓ Saved: RESTRUCTURED_DB/2007/mar/157221.json
2025-12-06 12:01:39,257 - INFO - 
[190/1000] Processing G.R. No. 157285
2025-12-06 12:01:39,257 - INFO -   Title: Woodridge School, Inc., et al. vs. ARB Consturetion Co., Inc...
2025-12-06 12:01:39,475 - INFO -   ✓ Saved: RESTRUCTURED_DB/2007/feb/157285.json
2025-12-06 12:01:39,976 - INFO - 
[191/1000] Processing G.R. No. 157370
2025-12-06 12:01:39,976 - INFO -   Title: R. P. Ortiz vs. Court of Appeals, et al....
2025-12-06 12:01:40,190 - INFO -   Case already exists: RESTRUCTURED_DB/2007/jun/142051.json
2025-12-06 12:01:40,690 - INFO - 
[192/1000] Processing G.R. No. 157488
2025-12-06 12:01:40,690 - INFO -   Title: Solgus Corp. vs. Hon. Court of Appeals, et al....
2025-12-06 12:01:41,092 - INFO -   ✓ Saved: RESTRUCTURED_DB/2007/feb/157488.json
2025-12-06 12:01:41,592 - INFO - 
[193/1000] Processing G.R. No. 157493
2025-12-06 12:01:41,592 - INFO -   Title: Rizalino et al. vs. Paraiso Devt. Corp....
2025-12-06 12:01:41,993 - INFO -   ✓ Saved: RESTRUCTURED_DB/2007/feb/157493.json
2025-12-06 12:01:42,493 - INFO - 
[194/1000] Processing G.R. No. 157593
2025-12-06 12:01:42,494 - INFO -   Title: Sps. Alberto & Jocelyn Azana vs. Cristopher Lumbo, et al....
2025-12-06 12:01:42,710 - INFO -   ✓ Saved: RESTRUCTURED_DB/2007/mar/157593.json
2025-12-06 12:01:43,211 - INFO - 
[195/1000] Processing G.R. No. 157629
2025-12-06 12:01:43,211 - INFO -   Title: J & N Shipping Lines, Inc. vs. Technomarine Co., Ltd., et al...
2025-12-06 12:01:43,426 - INFO -   ✓ Saved: RESTRUCTURED_DB/2007/mar/157629.json
2025-12-06 12:01:43,926 - INFO - 
[196/1000] Processing G.R. No. 157753
2025-12-06 12:01:43,926 - INFO -   Title: Land Bank of the Philippines vs. Juan H. Imperial...
2025-12-06 12:01:44,327 - INFO -   ✓ Saved: RESTRUCTURED_DB/2007/feb/157753.json
2025-12-06 12:01:44,827 - INFO - 
[197/1000] Processing G.R. No. 157866
2025-12-06 12:01:44,827 - INFO -   Title: Augusto Mangahas, et al. vs. Hon. Judge Victoria I. Paredes,...
2025-12-06 12:01:45,226 - INFO -   ✓ Saved: RESTRUCTURED_DB/2007/feb/157866.json
2025-12-06 12:01:45,727 - INFO - 
[198/1000] Processing G.R. No. 157919
2025-12-06 12:01:45,727 - INFO -   Title: Celia Q. Nombrefia vs. People of the Philippines...
2025-12-06 12:01:45,943 - INFO -   ✓ Saved: RESTRUCTURED_DB/2007/jan/157919.json
2025-12-06 12:01:46,443 - INFO - 
[199/1000] Processing G.R. No. 157959
2025-12-06 12:01:46,444 - INFO -   Title: Heirs of Vicente Reyes etc. et al. vs. the Hon. Court of App...
2025-12-06 12:01:46,846 - INFO -   ✓ Saved: RESTRUCTURED_DB/2007/mar/157959.json
2025-12-06 12:01:47,346 - INFO - 
[200/1000] Processing G.R. No. 157975
2025-12-06 12:01:47,346 - INFO -   Title: Phil. Transmarine Carriers, Inc. vs. Felicisimo Carilla....
2025-12-06 12:01:47,746 - INFO -   Case already exists: RESTRUCTURED_DB/2007/jun/148893.json
2025-12-06 12:01:48,246 - INFO - 
[201/1000] Processing G.R. No. 158053
2025-12-06 12:01:48,246 - INFO -   Title: Edwin Razon y Lucea vs. People of the Phil....
2025-12-06 12:01:48,649 - INFO -   Case already exists: RESTRUCTURED_DB/2007/jun/147011.json
2025-12-06 12:01:49,149 - INFO - 
[202/1000] Processing G.R. No. 158253
2025-12-06 12:01:49,149 - INFO -   Title: Republic of the Philippines, etc. vs. Carlito Lacap etc....
2025-12-06 12:01:49,366 - INFO -   ✓ Saved: RESTRUCTURED_DB/2007/mar/158253.json
2025-12-06 12:01:49,866 - INFO - 
[203/1000] Processing G.R. No. 158328
2025-12-06 12:01:49,866 - INFO -   Title: Franco Esguerra vs. Alfonso Manantan, et al....
2025-12-06 12:01:50,083 - INFO -   ✓ Saved: RESTRUCTURED_DB/2007/feb/158328.json
2025-12-06 12:01:50,583 - INFO - 
[204/1000] Processing G.R. No. 158499
2025-12-06 12:01:50,583 - INFO -   Title: NS Transport Services, Inc. vs. Jose Zaldy N. Zeta...
2025-12-06 12:01:50,800 - INFO -   ✓ Saved: RESTRUCTURED_DB/2007/apr/158499.json
2025-12-06 12:01:51,301 - INFO - 
[205/1000] Processing G.R. No. 158643
2025-12-06 12:01:51,301 - INFO -   Title: Rosa Baricua, et al. vs. Romeo Caballero, et al....
2025-12-06 12:01:51,517 - INFO -   Case already exists: RESTRUCTURED_DB/2007/jun/151922.json
2025-12-06 12:01:52,017 - INFO - 
[206/1000] Processing G.R. No. 158731
2025-12-06 12:01:52,017 - INFO -   Title: Ireneo L. Camua, Jr. vs. National Labor Relations Commission...
2025-12-06 12:01:52,232 - INFO -   ✓ Saved: RESTRUCTURED_DB/2007/jan/158731.json
2025-12-06 12:01:52,733 - INFO - 
[207/1000] Processing G.R. No. 158762
2025-12-06 12:01:52,733 - INFO -   Title: Silvano B. Gaje et al. vs. Patricia S. VDA De Dalisay etc....
2025-12-06 12:01:53,134 - INFO -   ✓ Saved: RESTRUCTURED_DB/2007/apr/158762.json
2025-12-06 12:01:53,634 - INFO - 
[208/1000] Processing G.R. No. 158786
2025-12-06 12:01:53,634 - INFO -   Title: Toyota Motor Phils. Corp. Workers Asso., et al. vs. National...
2025-12-06 12:01:54,224 - INFO -   Case already exists: RESTRUCTURED_DB/2007/oct/102672.json
2025-12-06 12:01:54,724 - INFO - 
[209/1000] Processing G.R. No. 158907
2025-12-06 12:01:54,724 - INFO -   Title: Eduardo B. Olaguer vs. Emilio Purugganan, Jr., et al....
2025-12-06 12:01:54,942 - INFO -   ✓ Saved: RESTRUCTURED_DB/2007/feb/158907.json
2025-12-06 12:01:55,442 - INFO - 
[210/1000] Processing G.R. No. 158992
2025-12-06 12:01:55,442 - INFO -   Title: Republic of the Philippines vs. Sps. Jose & A. Luriz...
2025-12-06 12:01:55,658 - INFO -   ✓ Saved: RESTRUCTURED_DB/2007/jan/158992.json
2025-12-06 12:01:56,159 - INFO - 
[211/1000] Processing G.R. No. 159008
2025-12-06 12:01:56,159 - INFO -   Title: Queensland-Tokyo Commodities, Inc., et al. vs. Margie Matsud...
2025-12-06 12:01:56,374 - INFO -   ✓ Saved: RESTRUCTURED_DB/2007/jan/159008.json
2025-12-06 12:01:56,874 - INFO - 
[212/1000] Processing G.R. No. 159104
2025-12-06 12:01:56,875 - INFO -   Title: Rodolfo M. Cuenca, et al. vs. the PCGG, et al....
2025-12-06 12:01:57,276 - INFO -   Case already exists: RESTRUCTURED_DB/2007/oct/13516.json
2025-12-06 12:01:57,777 - INFO - 
[213/1000] Processing G.R. No. 159153
2025-12-06 12:01:57,777 - INFO -   Title: Isidro Anadon, et al. vs. Miguelina Herrera, et al....
2025-12-06 12:01:57,991 - INFO -   Case already exists: RESTRUCTURED_DB/2007/jul/159253.json
2025-12-06 12:01:58,491 - INFO - 
[214/1000] Processing G.R. No. 159189
2025-12-06 12:01:58,491 - INFO -   Title: The Manila Banking Corp. vs. University of Baguio, Inc., et ...
2025-12-06 12:01:58,892 - INFO -   ✓ Saved: RESTRUCTURED_DB/2007/feb/159189.json
2025-12-06 12:01:59,392 - INFO - 
[215/1000] Processing G.R. No. 159222
2025-12-06 12:01:59,393 - INFO -   Title: People of the Philippines vs. Rafael Bitanga....
2025-12-06 12:01:59,793 - INFO -   Case already exists: RESTRUCTURED_DB/2007/jun/147995.json
2025-12-06 12:02:00,293 - INFO - 
[216/1000] Processing G.R. No. 159261
2025-12-06 12:02:00,293 - INFO -   Title: People of the Philippines vs. Court of Appeals, et al....
2025-12-06 12:02:00,695 - INFO -   ✓ Saved: RESTRUCTURED_DB/2007/feb/159261.json
2025-12-06 12:02:01,196 - INFO - 
[217/1000] Processing G.R. No. 159333
2025-12-06 12:02:01,196 - INFO -   Title: Arsenio T. Mendiola vs. Court of Appeals, et al....
2025-12-06 12:02:01,410 - INFO -   ✓ Saved: RESTRUCTURED_DB/2007/jan/159333.json
2025-12-06 12:02:01,910 - INFO - 
[218/1000] Processing G.R. No. 159417
2025-12-06 12:02:01,911 - INFO -   Title: Philippine National Construction Corporation vs. the Hon. Co...
2025-12-06 12:02:02,311 - INFO -   ✓ Saved: RESTRUCTURED_DB/2007/jan/159417.json
2025-12-06 12:02:02,811 - INFO - 
[219/1000] Processing G.R. No. 159595
2025-12-06 12:02:02,812 - INFO -   Title: Republic of the Philippines vs. Lourdes A. Nillas...
2025-12-06 12:02:03,216 - INFO -   ✓ Saved: RESTRUCTURED_DB/2007/jan/159595.json
2025-12-06 12:02:03,717 - INFO - 
[220/1000] Processing G.R. No. 159669
2025-12-06 12:02:03,717 - INFO -   Title: United Overseas Bank Phils. vs. Rosemor Mining & Devt. Corp....
2025-12-06 12:02:04,120 - INFO -   ✓ Saved: RESTRUCTURED_DB/2007/mar/159669.json
2025-12-06 12:02:04,620 - INFO - 
[221/1000] Processing G.R. No. 159938
2025-12-06 12:02:04,620 - INFO -   Title: Shangri-la International Hotel Mgt., Ltd., et al. vs. Develo...
2025-12-06 12:02:04,834 - INFO -   ✓ Saved: RESTRUCTURED_DB/2007/jan/159938.json
2025-12-06 12:02:05,335 - INFO - 
[222/1000] Processing G.R. No. 160213
2025-12-06 12:02:05,335 - INFO -   Title: Zenaida Angeles vs. Lordy Fernandez...
2025-12-06 12:02:06,077 - INFO -   ✓ Saved: RESTRUCTURED_DB/2007/jan/160213.json
2025-12-06 12:02:06,577 - INFO - 
[223/1000] Processing G.R. No. 160451
2025-12-06 12:02:06,578 - INFO -   Title: Eduardo G. Ricarze vs. Court of Appeals, et al....
2025-12-06 12:02:06,958 - INFO -   ✓ Saved: RESTRUCTURED_DB/2007/feb/160451.json
2025-12-06 12:02:07,458 - INFO - 
[224/1000] Processing G.R. No. 160540
2025-12-06 12:02:07,458 - INFO -   Title: Vicia D. Pascual vs. People of the Philippines...
2025-12-06 12:02:07,662 - INFO -   ✓ Saved: RESTRUCTURED_DB/2007/mar/160540.json
2025-12-06 12:02:08,162 - INFO - 
[225/1000] Processing G.R. No. 160741
2025-12-06 12:02:08,162 - INFO -   Title: Herminia Cando vs. Sps. Aurora Olazo etc....
2025-12-06 12:02:08,365 - INFO -   ✓ Saved: RESTRUCTURED_DB/2007/mar/160741.json
2025-12-06 12:02:08,865 - INFO - 
[226/1000] Processing G.R. No. 160889
2025-12-06 12:02:08,865 - INFO -   Title: Dr. Milagros L. Cantre vs. Sps. John David Z. Co etc....
2025-12-06 12:02:09,240 - INFO -   ✓ Saved: RESTRUCTURED_DB/2007/apr/160889.json
2025-12-06 12:02:09,740 - INFO - 
[227/1000] Processing G.R. No. 160959
2025-12-06 12:02:09,741 - INFO -   Title: Antonio Diaz vs. Davao Light & Power Co., Inc., et al....
2025-12-06 12:02:10,293 - INFO -   ✓ Saved: RESTRUCTURED_DB/2007/apr/160959.json
2025-12-06 12:02:10,793 - INFO - 
[228/1000] Processing G.R. No. 161140
2025-12-06 12:02:10,793 - INFO -   Title: Bayan Telecommunications Inc. vs. Republic of the Philippine...
2025-12-06 12:02:10,996 - INFO -   ✓ Saved: RESTRUCTURED_DB/2007/jan/161140.json
2025-12-06 12:02:11,496 - INFO - 
[229/1000] Processing G.R. No. 161234
2025-12-06 12:02:11,496 - INFO -   Title: Rey Garcesa vs. Marietta E. Laguardia...
2025-12-06 12:02:11,873 - INFO -   ✓ Saved: RESTRUCTURED_DB/2007/apr/161234.json
2025-12-06 12:02:12,373 - INFO - 
[230/1000] Processing G.R. No. 161305
2025-12-06 12:02:12,373 - INFO -   Title: Milagros Panuncillo vs. College Assurance Plan, Phil., Inc....
2025-12-06 12:02:12,750 - INFO -   ✓ Saved: RESTRUCTURED_DB/2007/feb/161305.json
2025-12-06 12:02:13,251 - INFO - 
[231/1000] Processing G.R. No. 161319
2025-12-06 12:02:13,251 - INFO -   Title: Sps. Edgar & Dinah Omengan vs. Philippine National Bank, et ...
2025-12-06 12:02:13,453 - INFO -   ✓ Saved: RESTRUCTURED_DB/2007/jan/161319.json
2025-12-06 12:02:13,954 - INFO - 
[232/1000] Processing G.R. No. 161330
2025-12-06 12:02:13,954 - INFO -   Title: Rene Cabarles vs. Hon. Judge Bonifacio Sanz Maceda, et al....
2025-12-06 12:02:14,338 - INFO -   ✓ Saved: RESTRUCTURED_DB/2007/feb/161330.json
2025-12-06 12:02:14,839 - INFO - 
[233/1000] Processing G.R. No. 161417
2025-12-06 12:02:14,839 - INFO -   Title: Ma. Teresa C. Biaco vs. Phil. Countryside Rural Bank...
2025-12-06 12:02:15,049 - INFO -   ✓ Saved: RESTRUCTURED_DB/2007/feb/161417.json
2025-12-06 12:02:15,549 - INFO - 
[234/1000] Processing G.R. No. 161823
2025-12-06 12:02:15,549 - INFO -   Title: Sony Computer Entertainment, Inc. vs. Supergreen, Inc....
2025-12-06 12:02:15,753 - INFO -   ✓ Saved: RESTRUCTURED_DB/2007/mar/161823.json
2025-12-06 12:02:16,253 - INFO - 
[235/1000] Processing G.R. No. 161829
2025-12-06 12:02:16,253 - INFO -   Title: Arcadio M. Carandang vs. Edgar A. Ragasa...
2025-12-06 12:02:16,628 - INFO -   ✓ Saved: RESTRUCTURED_DB/2007/apr/161829.json
2025-12-06 12:02:17,128 - INFO - 
[236/1000] Processing G.R. No. 161886
2025-12-06 12:02:17,128 - INFO -   Title: Filipinas Port Services Inc., et al. vs. Victoriano S. Go, e...
2025-12-06 12:02:17,505 - INFO -   ✓ Saved: RESTRUCTURED_DB/2007/mar/161886.json
2025-12-06 12:02:18,005 - INFO - 
[237/1000] Processing G.R. No. 161957
2025-12-06 12:02:18,005 - INFO -   Title: Jorge Gonzales, et al. vs. Climax Mining Ltd., et al. vs. Cl...
2025-12-06 12:02:18,383 - INFO -   ✓ Saved: RESTRUCTURED_DB/2007/jan/161957.json
2025-12-06 12:02:18,883 - INFO - 
[238/1000] Processing G.R. No. 161984
2025-12-06 12:02:18,884 - INFO -   Title: Haji F.D. Adap, et al. vs. COMELEC, et al....
2025-12-06 12:02:19,088 - INFO -   ✓ Saved: RESTRUCTURED_DB/2007/feb/161984.json
2025-12-06 12:02:19,588 - INFO - 
[239/1000] Processing G.R. No. 162049
2025-12-06 12:02:19,588 - INFO -   Title: Narciso S. Navarro, Jr. vs. Cynthia Cecilio-Navarro...
2025-12-06 12:02:19,791 - INFO -   ✓ Saved: RESTRUCTURED_DB/2007/apr/162049.json
2025-12-06 12:02:20,291 - INFO - 
[240/1000] Processing G.R. No. 162053
2025-12-06 12:02:20,291 - INFO -   Title: St. Lukes Medical Center etc. vs. National Labor Relations ...
2025-12-06 12:02:20,665 - INFO -   ✓ Saved: RESTRUCTURED_DB/2007/mar/162053.json
2025-12-06 12:02:21,166 - INFO - 
[241/1000] Processing G.R. No. 162090
2025-12-06 12:02:21,166 - INFO -   Title: Sps. Howard T. Co Chien and Susan Y. Co Shien vs. Sta. Lucia...
2025-12-06 12:02:21,541 - INFO -   ✓ Saved: RESTRUCTURED_DB/2007/jan/162090.json
2025-12-06 12:02:22,042 - INFO - 
[242/1000] Processing G.R. No. 162212
2025-12-06 12:02:22,042 - INFO -   Title: Gabriel L. Duero vs. People of the Philippines, et al....
2025-12-06 12:02:22,422 - INFO -   ✓ Saved: RESTRUCTURED_DB/2007/jan/162212.json
2025-12-06 12:02:22,922 - INFO - 
[243/1000] Processing G.R. No. 162288
2025-12-06 12:02:22,922 - INFO -   Title: Mactan-Cebu International Airport Authority et al. vs. Milag...
2025-12-06 12:02:23,301 - INFO -   ✓ Saved: RESTRUCTURED_DB/2007/apr/162288.json
2025-12-06 12:02:23,801 - INFO - 
[244/1000] Processing G.R. No. 162468
2025-12-06 12:02:23,801 - INFO -   Title: AMA Computer College, Inc., et al. vs. Zenaida R. Garay...
2025-12-06 12:02:24,004 - INFO -   ✓ Saved: RESTRUCTURED_DB/2007/jan/162468.json
2025-12-06 12:02:24,505 - INFO - 
[245/1000] Processing G.R. No. 162813
2025-12-06 12:02:24,505 - INFO -   Title: Far East Agricultural Supply, Inc. etc. vs. Jimmy Lebatique,...
2025-12-06 12:02:24,880 - INFO -   ✓ Saved: RESTRUCTURED_DB/2007/feb/162813.json
2025-12-06 12:02:25,380 - INFO - 
[246/1000] Processing G.R. No. 162864
2025-12-06 12:02:25,380 - INFO -   Title: Sps. Peblia Alfaro & Prosperous Alfaro vs. Hon. Court of App...
2025-12-06 12:02:25,756 - INFO -   ✓ Saved: RESTRUCTURED_DB/2007/mar/162864.json
2025-12-06 12:02:26,256 - INFO - 
[247/1000] Processing G.R. No. 162871
2025-12-06 12:02:26,256 - INFO -   Title: Norsk Hydro (Phils.), Inc., et al. vs. Benjamin S. Rosales, ...
2025-12-06 12:02:26,459 - INFO -   ✓ Saved: RESTRUCTURED_DB/2007/jan/162871.json
2025-12-06 12:02:26,959 - INFO - 
[248/1000] Processing G.R. No. 162922
2025-12-06 12:02:26,959 - INFO -   Title: Banco Filipino Savings & Mortgage Bank vs. Hon. Amalik P. Es...
2025-12-06 12:02:27,162 - INFO -   ✓ Saved: RESTRUCTURED_DB/2007/jan/162922.json
2025-12-06 12:02:27,663 - INFO - 
[249/1000] Processing G.R. No. 162927
2025-12-06 12:02:27,663 - INFO -   Title: Marcelino B. Agoy, et al. vs. Court of Appeals, et al....
2025-12-06 12:02:27,866 - INFO -   ✓ Saved: RESTRUCTURED_DB/2007/mar/162927.json
2025-12-06 12:02:28,366 - INFO - 
[250/1000] Processing G.R. No. 163186
2025-12-06 12:02:28,366 - INFO -   Title: Emerlito F. Aguila, et al. vs. Carmen R. Baldovizo, et al....
2025-12-06 12:02:28,570 - INFO -   ✓ Saved: RESTRUCTURED_DB/2007/feb/163186.json
2025-12-06 12:02:29,070 - INFO - 
[251/1000] Processing G.R. No. 163212
2025-12-06 12:02:29,070 - INFO -   Title: Candano Shipping Lines, Inc. vs. Florentina J. Sugata-on...
2025-12-06 12:02:29,447 - INFO -   ✓ Saved: RESTRUCTURED_DB/2007/mar/163212.json
2025-12-06 12:02:29,947 - INFO - 
[252/1000] Processing G.R. No. 163359
2025-12-06 12:02:29,947 - INFO -   Title: The Industrial Technology etc. vs. Rufino M. Villanueva etc....
2025-12-06 12:02:30,153 - INFO -   ✓ Saved: RESTRUCTURED_DB/2007/mar/163359.json
2025-12-06 12:02:30,653 - INFO - 
[253/1000] Processing G.R. No. 163512
2025-12-06 12:02:30,653 - INFO -   Title: Daisy B. Tiu vs. Platinum Plans Phil., Inc....
2025-12-06 12:02:30,856 - INFO -   ✓ Saved: RESTRUCTURED_DB/2007/feb/163512.json
2025-12-06 12:02:31,356 - INFO - 
[254/1000] Processing G.R. No. 163706
2025-12-06 12:02:31,357 - INFO -   Title: Divine Word College of San Jose, et al. vs. Herminia G. Aure...
2025-12-06 12:02:31,732 - INFO -   ✓ Saved: RESTRUCTURED_DB/2007/mar/163706.json
2025-12-06 12:02:32,233 - INFO - 
[255/1000] Processing G.R. No. 163768
2025-12-06 12:02:32,233 - INFO -   Title: Julius Ka Wachi, et al. vs. Dominie Del Quero et al....
2025-12-06 12:02:32,436 - INFO -   ✓ Saved: RESTRUCTURED_DB/2007/mar/163768.json
2025-12-06 12:02:32,937 - INFO - 
[256/1000] Processing G.R. No. 163776
2025-12-06 12:02:32,937 - INFO -   Title: Rev. Fr. Nardo B. Cayat vs. COMELEC, et al....
2025-12-06 12:02:33,313 - INFO -   ✓ Saved: RESTRUCTURED_DB/2007/apr/163776.json
2025-12-06 12:02:33,813 - INFO - 
[257/1000] Processing G.R. No. 163793
2025-12-06 12:02:33,813 - INFO -   Title: Philippine Long Distance Telephone Co. vs. Ernesto Borje...
2025-12-06 12:02:34,612 - WARNING -   ✗ Could not fetch case from any URL
2025-12-06 12:02:34,612 - INFO - 
[258/1000] Processing G.R. No. 163797
2025-12-06 12:02:34,612 - INFO -   Title: Wilson Chua, et al. vs. Rodrigo Padillo, et al....
2025-12-06 12:02:34,814 - INFO -   ✓ Saved: RESTRUCTURED_DB/2007/apr/163797.json
2025-12-06 12:02:35,314 - INFO - 
[259/1000] Processing G.R. No. 164079
2025-12-06 12:02:35,315 - INFO -   Title: National Power Corp. vs. Dr. Antero Bongbong et al....
2025-12-06 12:02:35,691 - INFO -   ✓ Saved: RESTRUCTURED_DB/2007/apr/164079.json
2025-12-06 12:02:36,191 - INFO - 
[260/1000] Processing G.R. No. 164173
2025-12-06 12:02:36,191 - INFO -   Title: Rodolfo S. De Jesus vs. Hon. Sandiganbayan, et al....
2025-12-06 12:02:36,994 - WARNING -   ✗ Could not fetch case from any URL
2025-12-06 12:02:36,994 - INFO - 
[261/1000] Processing G.R. No. 164273
2025-12-06 12:02:36,994 - INFO -   Title: Emmanuel B. Aznar vs. Citibank, N.A....
2025-12-06 12:02:37,371 - INFO -   ✓ Saved: RESTRUCTURED_DB/2007/mar/164273.json
2025-12-06 12:02:37,872 - INFO - 
[262/1000] Processing G.R. No. 164302
2025-12-06 12:02:37,872 - INFO -   Title: Sta. Rosa Coca-Cola Plant etc., et al. vs. Coca-Cola Bottler...
2025-12-06 12:02:38,250 - INFO -   ✓ Saved: RESTRUCTURED_DB/2007/jan/164302.json
2025-12-06 12:02:38,751 - INFO - 
[263/1000] Processing G.R. No. 164307
2025-12-06 12:02:38,751 - INFO -   Title: Sps. Rodelio & Alicia Poltan vs. BPI Family Savings Bank, In...
2025-12-06 12:02:38,956 - INFO -   ✓ Saved: RESTRUCTURED_DB/2007/mar/164307.json
2025-12-06 12:02:39,456 - INFO - 
[264/1000] Processing G.R. No. 164398
2025-12-06 12:02:39,456 - INFO -   Title: Alicia C. Maranan vs. Manila Banking Corp....
2025-12-06 12:02:39,659 - INFO -   ✓ Saved: RESTRUCTURED_DB/2007/mar/164398.json
2025-12-06 12:02:40,160 - INFO - 
[265/1000] Processing G.R. No. 164459
2025-12-06 12:02:40,160 - INFO -   Title: Limitless Potentials, Inc. vs. Hon. Court of Appeals, et al....
2025-12-06 12:02:40,536 - INFO -   ✓ Saved: RESTRUCTURED_DB/2007/apr/164459.json
2025-12-06 12:02:41,036 - INFO - 
[266/1000] Processing G.R. No. 164496
2025-12-06 12:02:41,036 - INFO -   Title: Isidoro L. Soriano, Jr. et al. vs. COMELEC, et al....
2025-12-06 12:02:41,413 - INFO -   ✓ Saved: RESTRUCTURED_DB/2007/apr/164496.json
2025-12-06 12:02:41,914 - INFO - 
[267/1000] Processing G.R. No. 164547
2025-12-06 12:02:41,914 - INFO -   Title: CGP Transportation & Services Corp. vs. PCI Leasing & Financ...
2025-12-06 12:02:42,289 - INFO -   ✓ Saved: RESTRUCTURED_DB/2007/mar/164547.json
2025-12-06 12:02:42,789 - INFO - 
[268/1000] Processing G.R. No. 164582
2025-12-06 12:02:42,789 - INFO -   Title: Pilar Espina, et al. vs. Hon. Court of Appeals, et al....
2025-12-06 12:02:43,167 - INFO -   ✓ Saved: RESTRUCTURED_DB/2007/mar/164582.json
2025-12-06 12:02:43,667 - INFO - 
[269/1000] Processing G.R. No. 164819
2025-12-06 12:02:43,668 - INFO -   Title: Jerty Pascual Contreras etc. vs. the Hon. Court of Appeals, ...
2025-12-06 12:02:43,871 - INFO -   ✓ Saved: RESTRUCTURED_DB/2007/mar/164819.json
2025-12-06 12:02:44,372 - INFO - 
[270/1000] Processing G.R. No. 164820
2025-12-06 12:02:44,372 - INFO -   Title: Victory Liner, Inc. vs. Pablo M. Race...
2025-12-06 12:02:44,748 - INFO -   ✓ Saved: RESTRUCTURED_DB/2007/mar/164820.json
2025-12-06 12:02:45,248 - INFO - 
[271/1000] Processing G.R. No. 164893
2025-12-06 12:02:45,248 - INFO -   Title: Constancia Duldulao vs. the Court of Appeals, et al....
2025-12-06 12:02:45,452 - INFO -   ✓ Saved: RESTRUCTURED_DB/2007/mar/164893.json
2025-12-06 12:02:45,952 - INFO - 
[272/1000] Processing G.R. No. 165001
2025-12-06 12:02:45,952 - INFO -   Title: New Frontier Sugar Corp. vs. Regional Trial Court, etc., et ...
2025-12-06 12:02:46,156 - INFO -   ✓ Saved: RESTRUCTURED_DB/2007/jan/165001.json
2025-12-06 12:02:46,656 - INFO - 
[273/1000] Processing G.R. No. 165080
2025-12-06 12:02:46,656 - INFO -   Title: The Province of Agusan del Norte etc vs. the COMELEC, et al....
2025-12-06 12:02:47,032 - INFO -   ✓ Saved: RESTRUCTURED_DB/2007/apr/165080.json
2025-12-06 12:02:47,532 - INFO - 
[274/1000] Processing G.R. No. 165156
2025-12-06 12:02:47,532 - INFO -   Title: Seagull Maritime Corp., et al. vs. Jaycee Dee, et al....
2025-12-06 12:02:47,907 - INFO -   ✓ Saved: RESTRUCTURED_DB/2007/apr/165156.json
2025-12-06 12:02:48,407 - INFO - 
[275/1000] Processing G.R. No. 165417
2025-12-06 12:02:48,408 - INFO -   Title: Social Security System vs. Ma. Fe F. Isip...
2025-12-06 12:02:48,783 - INFO -   ✓ Saved: RESTRUCTURED_DB/2007/apr/165417.json
2025-12-06 12:02:49,283 - INFO - 
[276/1000] Processing G.R. No. 165433
2025-12-06 12:02:49,283 - INFO -   Title: Phil. National Construction Corp. vs. the Hon. Court of Appe...
2025-12-06 12:02:49,659 - INFO -   ✓ Saved: RESTRUCTURED_DB/2007/feb/165433.json
2025-12-06 12:02:50,159 - INFO - 
[277/1000] Processing G.R. No. 165547
2025-12-06 12:02:50,159 - INFO -   Title: Dept. of Agrarian Reform etc. vs. Sarangani Agri'l Co., Inc....
2025-12-06 12:02:50,539 - INFO -   ✓ Saved: RESTRUCTURED_DB/2007/jan/165547.json
2025-12-06 12:02:51,039 - INFO - 
[278/1000] Processing G.R. No. 165552
2025-12-06 12:02:51,039 - INFO -   Title: Pablo R. Antonio, Jr. vs. Engr. Emilio M. Morales etc....
2025-12-06 12:02:51,242 - INFO -   ✓ Saved: RESTRUCTURED_DB/2007/jan/165552.json
2025-12-06 12:02:51,742 - INFO - 
[279/1000] Processing G.R. No. 165594
2025-12-06 12:02:51,742 - INFO -   Title: Francisco Soriano, Jr. vs. National Labor Relations Commissi...
2025-12-06 12:02:52,291 - INFO -   ✓ Saved: RESTRUCTURED_DB/2007/apr/165594.json
2025-12-06 12:02:52,792 - INFO - 
[280/1000] Processing G.R. No. 165665
2025-12-06 12:02:52,792 - INFO -   Title: The Hon. A. Romulo, et al. vs. the Hon. Judge Eduardo B. Per...
2025-12-06 12:02:53,591 - WARNING -   ✗ Could not fetch case from any URL
2025-12-06 12:02:53,591 - INFO - 
[281/1000] Processing G.R. No. 165685
2025-12-06 12:02:53,591 - INFO -   Title: Reynaldo R. Pilares, Sr. vs. People of the Philippines...
2025-12-06 12:02:53,966 - INFO -   ✓ Saved: RESTRUCTURED_DB/2007/mar/165685.json
2025-12-06 12:02:54,466 - INFO - 
[282/1000] Processing G.R. No. 165788
2025-12-06 12:02:54,466 - INFO -   Title: Alejandro V. Donato, Jr. vs. Civil Service Commission etc....
2025-12-06 12:02:54,842 - INFO -   ✓ Saved: RESTRUCTURED_DB/2007/feb/165788.json
2025-12-06 12:02:55,342 - INFO - 
[283/1000] Processing G.R. No. 165831
2025-12-06 12:02:55,342 - INFO -   Title: Sps. Col. Pedro L. Lumbres etc. vs. Sps. Pedro B. Tablada, J...
2025-12-06 12:02:55,718 - INFO -   ✓ Saved: RESTRUCTURED_DB/2007/feb/165831.json
2025-12-06 12:02:56,218 - INFO - 
[284/1000] Processing G.R. No. 165884
2025-12-06 12:02:56,218 - INFO -   Title: Cielito R. Gan vs. People of the Philippines...
2025-12-06 12:02:56,770 - INFO -   ✓ Saved: RESTRUCTURED_DB/2007/apr/165884.json
2025-12-06 12:02:57,270 - INFO - 
[285/1000] Processing G.R. No. 165960
2025-12-06 12:02:57,271 - INFO -   Title: Jeffrey O. Torreda vs. Toshiba Information Eqpt., Inc., et a...
2025-12-06 12:02:57,652 - INFO -   ✓ Saved: RESTRUCTURED_DB/2007/feb/165960.json
2025-12-06 12:02:58,152 - INFO - 
[286/1000] Processing G.R. No. 165983
2025-12-06 12:02:58,152 - INFO -   Title: Joy Chrisma B. Luna vs. COMELEC, et al....
2025-12-06 12:02:58,356 - INFO -   ✓ Saved: RESTRUCTURED_DB/2007/apr/165983.json
2025-12-06 12:02:58,856 - INFO - 
[287/1000] Processing G.R. No. 166058
2025-12-06 12:02:58,856 - INFO -   Title: Ermita Garon vs. Project Movers Reality & Devt. Corp. et al....
2025-12-06 12:02:59,232 - INFO -   ✓ Saved: RESTRUCTURED_DB/2007/apr/166058.json
2025-12-06 12:02:59,733 - INFO - 
[288/1000] Processing G.R. No. 166105
2025-12-06 12:02:59,733 - INFO -   Title: Atty. Gabriel B. Octava vs. COMELEC, et al....
2025-12-06 12:02:59,936 - INFO -   ✓ Saved: RESTRUCTURED_DB/2007/mar/166105.json
2025-12-06 12:03:00,436 - INFO - 
[289/1000] Processing G.R. No. 166115
2025-12-06 12:03:00,436 - INFO -   Title: McDonald's Corp. vs. Maclay Fastfood Corp....
2025-12-06 12:03:00,812 - INFO -   ✓ Saved: RESTRUCTURED_DB/2007/feb/166115.json
2025-12-06 12:03:01,313 - INFO - 
[290/1000] Processing G.R. No. 166173
2025-12-06 12:03:01,313 - INFO -   Title: Development Bank of the Philippines, et al. vs. Digno Albao,...
2025-12-06 12:03:01,688 - INFO -   ✓ Saved: RESTRUCTURED_DB/2007/apr/166173.json
2025-12-06 12:03:02,188 - INFO - 
[291/1000] Processing G.R. No. 166197
2025-12-06 12:03:02,189 - INFO -   Title: Metropolitan Bank & Trust CO. vs. ASB Holdings, Inc. et al....
2025-12-06 12:03:02,564 - INFO -   ✓ Saved: RESTRUCTURED_DB/2007/feb/166197.json
2025-12-06 12:03:03,064 - INFO - 
[292/1000] Processing G.R. No. 166309
2025-12-06 12:03:03,064 - INFO -   Title: Republic of the Philippines, etc. vs. Unimex Micro-Electroni...
2025-12-06 12:03:03,439 - INFO -   ✓ Saved: RESTRUCTURED_DB/2007/mar/166039.json
2025-12-06 12:03:03,940 - INFO - 
[293/1000] Processing G.R. No. 166507
2025-12-06 12:03:03,940 - INFO -   Title: Amkor Technology Phil., Inc., et al. vs. Nory A. Juangco...
2025-12-06 12:03:04,142 - INFO -   ✓ Saved: RESTRUCTURED_DB/2007/jan/166507.json
2025-12-06 12:03:04,642 - INFO - 
[294/1000] Processing G.R. No. 166558
2025-12-06 12:03:04,642 - INFO -   Title: Nora Bueno Pasion vs. Simplicio R. Melegrito etc....
2025-12-06 12:03:05,018 - INFO -   ✓ Saved: RESTRUCTURED_DB/2007/mar/166558.json
2025-12-06 12:03:05,519 - INFO - 
[295/1000] Processing G.R. No. 166580
2025-12-06 12:03:05,519 - INFO -   Title: Prudential Shipping & Mgt. Corp., et al. vs. Emerlinda A. St...
2025-12-06 12:03:05,895 - INFO -   ✓ Saved: RESTRUCTURED_DB/2007/feb/166580.json
2025-12-06 12:03:06,395 - INFO - 
[296/1000] Processing G.R. No. 166639
2025-12-06 12:03:06,395 - INFO -   Title: Rogelio P. Juan vs. COMELEC, et al....
2025-12-06 12:03:06,771 - INFO -   ✓ Saved: RESTRUCTURED_DB/2007/apr/166639.json
2025-12-06 12:03:07,271 - INFO - 
[297/1000] Processing G.R. No. 166714
2025-12-06 12:03:07,271 - INFO -   Title: Amelia S. Roberts vs. Martin B. Papio...
2025-12-06 12:03:07,821 - INFO -   ✓ Saved: RESTRUCTURED_DB/2007/feb/166714.json
2025-12-06 12:03:08,321 - INFO - 
[298/1000] Processing G.R. No. 166719
2025-12-06 12:03:08,321 - INFO -   Title: Si1angan Textile Mfg. Corp., et al. vs. Hon. Avelino C. Deme...
2025-12-06 12:03:08,696 - INFO -   ✓ Saved: RESTRUCTURED_DB/2007/mar/166719.json
2025-12-06 12:03:09,197 - INFO - 
[299/1000] Processing G.R. No. 166846
2025-12-06 12:03:09,197 - INFO -   Title: Seven Star Textile Co. vs. Marcos Dy, et al....
2025-12-06 12:03:09,572 - INFO -   ✓ Saved: RESTRUCTURED_DB/2007/jan/166846.json
2025-12-06 12:03:10,072 - INFO - 
[300/1000] Processing G.R. No. 166865
2025-12-06 12:03:10,072 - INFO -   Title: Angelita F. Buenaventura, et al. vs. Republic of the Philipp...
2025-12-06 12:03:10,448 - INFO -   ✓ Saved: RESTRUCTURED_DB/2007/mar/166865.json
2025-12-06 12:03:10,948 - INFO - 
[301/1000] Processing G.R. No. 166888
2025-12-06 12:03:10,949 - INFO -   Title: First Women's Credit Corp., et al. vs. Hon. Rommel O. Baybay...
2025-12-06 12:03:11,324 - INFO -   ✓ Saved: RESTRUCTURED_DB/2007/jan/166888.json
2025-12-06 12:03:11,824 - INFO - 
[302/1000] Processing G.R. No. 166895
2025-12-06 12:03:11,825 - INFO -   Title: People of the Philippines vs. Romeo Buban...
2025-12-06 12:03:12,203 - INFO -   ✓ Saved: RESTRUCTURED_DB/2007/jan/166895.json
2025-12-06 12:03:12,703 - INFO - 
[303/1000] Processing G.R. No. 166920
2025-12-06 12:03:12,703 - INFO -   Title: Pacific Consultants Int'l Asia, Inc., et al. vs. Klaus K. Sc...
2025-12-06 12:03:13,079 - INFO -   ✓ Saved: RESTRUCTURED_DB/2007/feb/166920.json
2025-12-06 12:03:13,580 - INFO - 
[304/1000] Processing G.R. No. 166931
2025-12-06 12:03:13,580 - INFO -   Title: Ranilo A. Velasco vs. COMELEC, et al....
2025-12-06 12:03:13,956 - INFO -   ✓ Saved: RESTRUCTURED_DB/2007/feb/166931.json
2025-12-06 12:03:14,456 - INFO - 
[305/1000] Processing G.R. No. 166980
2025-12-06 12:03:14,456 - INFO -   Title: Carmelo C. Bernardo vs. People of the Philippines et al....
2025-12-06 12:03:14,832 - INFO -   ✓ Saved: RESTRUCTURED_DB/2007/apr/166980.json
2025-12-06 12:03:15,332 - INFO - 
[306/1000] Processing G.R. No. 166996
2025-12-06 12:03:15,332 - INFO -   Title: Philippine Air Lines, Inc., et al. vs. Bernardin J. Zamora...
2025-12-06 12:03:15,710 - INFO -   ✓ Saved: RESTRUCTURED_DB/2007/feb/166996.json
2025-12-06 12:03:16,210 - INFO - 
[307/1000] Processing G.R. No. 167006
2025-12-06 12:03:16,210 - INFO -   Title: Danilo D. Collantes vs. Hon. Simeon Marcelo, et al....
2025-12-06 12:03:16,590 - INFO -   Case already exists: RESTRUCTURED_DB/2007/aug/164664.json
2025-12-06 12:03:17,091 - INFO - 
[308/1000] Processing G.R. No. 167006
2025-12-06 12:03:17,091 - INFO -   Title: Danilo D. Collantes vs. Hon. Simeon Marcelo, et al....
2025-12-06 12:03:17,466 - INFO -   Case already exists: RESTRUCTURED_DB/2007/aug/164664.json
2025-12-06 12:03:17,966 - INFO - 
[309/1000] Processing G.R. No. 167109
2025-12-06 12:03:17,966 - INFO -   Title: Felicitas Amor-Catalan vs. Court of Appeals, et al....
2025-12-06 12:03:18,170 - INFO -   ✓ Saved: RESTRUCTURED_DB/2007/feb/167109.json
2025-12-06 12:03:18,670 - INFO - 
[310/1000] Processing G.R. No. 167137
2025-12-06 12:03:18,671 - INFO -   Title: Antenor A. Arbonida vs. COMELEC, et al....
2025-12-06 12:03:19,047 - INFO -   ✓ Saved: RESTRUCTURED_DB/2007/mar/167137.json
2025-12-06 12:03:19,548 - INFO - 
[311/1000] Processing G.R. No. 167180
2025-12-06 12:03:19,548 - INFO -   Title: People of the Philippines vs. Rolando Reyes y Nace...
2025-12-06 12:03:19,924 - INFO -   ✓ Saved: RESTRUCTURED_DB/2007/jan/167180.json
2025-12-06 12:03:20,424 - INFO - 
[312/1000] Processing G.R. No. 167261
2025-12-06 12:03:20,424 - INFO -   Title: Rosaria L. Paqng-et vs. Catherine Manacnes-Dao-as etc....
2025-12-06 12:03:20,800 - INFO -   ✓ Saved: RESTRUCTURED_DB/2007/mar/167261.json
2025-12-06 12:03:21,301 - INFO - 
[313/1000] Processing G.R. No. 167314
2025-12-06 12:03:21,301 - INFO -   Title: Luisito O. Cumigad vs. COMELEC, et al....
2025-12-06 12:03:21,676 - INFO -   ✓ Saved: RESTRUCTURED_DB/2007/mar/167314.json
2025-12-06 12:03:22,176 - INFO - 
[314/1000] Processing G.R. No. 167320
2025-12-06 12:03:22,176 - INFO -   Title: Heirs of S. Hermosilla etc. vs. Sps. Jaime & Luz Remoquillo...
2025-12-06 12:03:22,999 - INFO -   ✓ Saved: RESTRUCTURED_DB/2007/jan/167320.json
2025-12-06 12:03:23,499 - INFO - 
[315/1000] Processing G.R. No. 167335
2025-12-06 12:03:23,499 - INFO -   Title: Dr. Ulysses A. Brito vs. Office of the Deputy Ombudsman for ...
2025-12-06 12:03:23,880 - INFO -   Case already exists: RESTRUCTURED_DB/2007/jul/173152.json
2025-12-06 12:03:24,380 - INFO - 
[316/1000] Processing G.R. No. 167346
2025-12-06 12:03:24,381 - INFO -   Title: Solidbank Corp./Metro Bank & Trust Co. vs. Sps. Peter & Susa...
2025-12-06 12:03:24,587 - INFO -   ✓ Saved: RESTRUCTURED_DB/2007/apr/167346.json
2025-12-06 12:03:25,087 - INFO - 
[317/1000] Processing G.R. No. 167347
2025-12-06 12:03:25,087 - INFO -   Title: Chuayuco Steel Mfg. Corp., et al. vs. Bukod ng Manggagawa sa...
2025-12-06 12:03:25,470 - INFO -   ✓ Saved: RESTRUCTURED_DB/2007/jan/167347.json
2025-12-06 12:03:25,971 - INFO - 
[318/1000] Processing G.R. No. 167361
2025-12-06 12:03:25,971 - INFO -   Title: Land Bank of the Philippines vs. Heirs of Fernando Alsua et ...
2025-12-06 12:03:26,177 - INFO -   ✓ Saved: RESTRUCTURED_DB/2007/apr/167361.json
2025-12-06 12:03:26,677 - INFO - 
[319/1000] Processing G.R. No. 167434
2025-12-06 12:03:26,677 - INFO -   Title: Sps. Ramon M. Nisce and A. Natividad Paras-Nisce vs. Equitab...
2025-12-06 12:03:27,062 - INFO -   ✓ Saved: RESTRUCTURED_DB/2007/feb/167434.json
2025-12-06 12:03:27,563 - INFO - 
[320/1000] Processing G.R. No. 167452
2025-12-06 12:03:27,563 - INFO -   Title: Jestra Devt. & Mgt. Corp. vs. Daniel Ponce Pacifico etc....
2025-12-06 12:03:27,770 - INFO -   ✓ Saved: RESTRUCTURED_DB/2007/jan/167452.json
2025-12-06 12:03:28,270 - INFO - 
[321/1000] Processing G.R. No. 167471
2025-12-06 12:03:28,270 - INFO -   Title: Gliceria Sarmiento vs. Emerita Zaratan...
2025-12-06 12:03:28,653 - INFO -   ✓ Saved: RESTRUCTURED_DB/2007/feb/167471.json
2025-12-06 12:03:29,153 - INFO - 
[322/1000] Processing G.R. No. 167472
2025-12-06 12:03:29,153 - INFO -   Title: Civil Service Commission vs. Engr. Ali P. Darangina...
2025-12-06 12:03:29,359 - INFO -   ✓ Saved: RESTRUCTURED_DB/2007/jan/167472.json
2025-12-06 12:03:29,859 - INFO - 
[323/1000] Processing G.R. No. 167492
2025-12-06 12:03:29,859 - INFO -   Title: Jaime M. De Guzman vs. People of the Philippines...
2025-12-06 12:03:30,065 - INFO -   ✓ Saved: RESTRUCTURED_DB/2007/mar/167492.json
2025-12-06 12:03:30,565 - INFO - 
[324/1000] Processing G.R. No. 167512
2025-12-06 12:03:30,565 - INFO -   Title: V. L. Enterprises and/or Faustino J. Visitacion vs. Hon. Cou...
2025-12-06 12:03:30,948 - INFO -   ✓ Saved: RESTRUCTURED_DB/2007/mar/167512.json
2025-12-06 12:03:31,448 - INFO - 
[325/1000] Processing G.R. No. 167552
2025-12-06 12:03:31,448 - INFO -   Title: Eurotech Ind'l Technologies, Inc. vs. Edwin Cuizon, et al....
2025-12-06 12:03:31,830 - INFO -   ✓ Saved: RESTRUCTURED_DB/2007/apr/167552.json
2025-12-06 12:03:32,330 - INFO - 
[326/1000] Processing G.R. No. 167620
2025-12-06 12:03:32,330 - INFO -   Title: Carolina B. Villena vs. Romeo Z. Rupisan...
2025-12-06 12:03:32,712 - INFO -   ✓ Saved: RESTRUCTURED_DB/2007/apr/167620.json
2025-12-06 12:03:33,213 - INFO - 
[327/1000] Processing G.R. No. 167714
2025-12-06 12:03:33,213 - INFO -   Title: Rowell Industrial Corp. vs. Court of Appeals, et al....
2025-12-06 12:03:33,420 - INFO -   ✓ Saved: RESTRUCTURED_DB/2007/mar/167714.json
2025-12-06 12:03:33,920 - INFO - 
[328/1000] Processing G.R. No. 167760
2025-12-06 12:03:33,920 - INFO -   Title: Manila Jockey Club Employees etc. vs. Manila Jockey Club, In...
2025-12-06 12:03:34,126 - INFO -   ✓ Saved: RESTRUCTURED_DB/2007/mar/167760.json
2025-12-06 12:03:34,626 - INFO - 
[329/1000] Processing G.R. No. 167828
2025-12-06 12:03:34,626 - INFO -   Title: The Ombudsman etc., et al. vs. Nestor S. Valeroso...
2025-12-06 12:03:35,007 - INFO -   ✓ Saved: RESTRUCTURED_DB/2007/apr/167828.json
2025-12-06 12:03:35,507 - INFO - 
[330/1000] Processing G.R. No. 167829
2025-12-06 12:03:35,507 - INFO -   Title: Filipinas (Pre-Fab Bldg.) Systems, Inc. vs. MRT Devt., Corp....
2025-12-06 12:03:36,064 - INFO -   Case already exists: RESTRUCTURED_DB/2007/nov/150978.json
2025-12-06 12:03:36,564 - INFO - 
[331/1000] Processing G.R. No. 167848
2025-12-06 12:03:36,564 - INFO -   Title: Bank of Commerce vs. Sps. Prudencio San Pablo...
2025-12-06 12:03:36,772 - INFO -   ✓ Saved: RESTRUCTURED_DB/2007/apr/167848.json
2025-12-06 12:03:37,272 - INFO - 
[332/1000] Processing G.R. No. 167919
2025-12-06 12:03:37,272 - INFO -   Title: Plaridel M. Abaya, et al. vs. Hon. Sec. Hermogenes E. Ebdane...
2025-12-06 12:03:37,661 - INFO -   ✓ Saved: RESTRUCTURED_DB/2007/feb/167919.json
2025-12-06 12:03:38,161 - INFO - 
[333/1000] Processing G.R. No. 167953
2025-12-06 12:03:38,161 - INFO -   Title: Danny Mame vs. Court of Appeals, et al....
2025-12-06 12:03:38,371 - INFO -   ✓ Saved: RESTRUCTURED_DB/2007/apr/167953.json
2025-12-06 12:03:38,871 - INFO - 
[334/1000] Processing G.R. No. 167961
2025-12-06 12:03:38,872 - INFO -   Title: Sps. Manuel Ley & Janet Ley vs. Union Bank of the Philippine...
2025-12-06 12:03:39,080 - INFO -   ✓ Saved: RESTRUCTURED_DB/2007/apr/167961.json
2025-12-06 12:03:39,580 - INFO - 
[335/1000] Processing G.R. No. 167973
2025-12-06 12:03:39,580 - INFO -   Title: Teotimo M. Redulla vs. the Hon. Sandiganbayan, et al....
2025-12-06 12:03:39,788 - INFO -   ✓ Saved: RESTRUCTURED_DB/2007/feb/167973.json
2025-12-06 12:03:40,288 - INFO - 
[336/1000] Processing G.R. No. 167988
2025-12-06 12:03:40,288 - INFO -   Title: Ma. Concepcion L. Regalado vs. Antonio S. Go...
2025-12-06 12:03:40,671 - INFO -   ✓ Saved: RESTRUCTURED_DB/2007/feb/167988.json
2025-12-06 12:03:41,172 - INFO - 
[337/1000] Processing G.R. No. 167989
2025-12-06 12:03:41,172 - INFO -   Title: Teodoro M. Jumamil, et al. vs. COMELEC, et al....
2025-12-06 12:03:41,378 - INFO -   ✓ Saved: RESTRUCTURED_DB/2007/mar/167989.json
2025-12-06 12:03:41,878 - INFO - 
[338/1000] Processing G.R. No. 167994
2025-12-06 12:03:41,878 - INFO -   Title: Jorge Gonzales vs. Hon. Oscar B. Pimentel, et al....
2025-12-06 12:03:42,690 - WARNING -   ✗ Could not fetch case from any URL
2025-12-06 12:03:42,690 - INFO - 
[339/1000] Processing G.R. No. 168069
2025-12-06 12:03:42,690 - INFO -   Title: Albert Cordero Sy vs. People of the Philippines...
2025-12-06 12:03:43,500 - WARNING -   ✗ Could not fetch case from any URL
2025-12-06 12:03:43,501 - INFO - 
[340/1000] Processing G.R. No. 168088
2025-12-06 12:03:43,501 - INFO -   Title: San Fernando Rural Bank, Inc. vs. Pampanga Omnibus Devt. Cor...
2025-12-06 12:03:44,060 - INFO -   ✓ Saved: RESTRUCTURED_DB/2007/apr/168088.json
2025-12-06 12:03:44,560 - INFO - 
[341/1000] Processing G.R. No. 168108
2025-12-06 12:03:44,560 - INFO -   Title: Enrique C. Abad, et al. vs. Goldloop Properties, Inc....
2025-12-06 12:03:44,767 - INFO -   ✓ Saved: RESTRUCTURED_DB/2007/apr/168108.json
2025-12-06 12:03:45,267 - INFO - 
[342/1000] Processing G.R. No. 168129
2025-12-06 12:03:45,267 - INFO -   Title: Commissioner of Internal Revenue vs. Phil Health Care etc....
2025-12-06 12:03:45,474 - INFO -   ✓ Saved: RESTRUCTURED_DB/2007/apr/168129.json
2025-12-06 12:03:45,974 - INFO - 
[343/1000] Processing G.R. No. 168155
2025-12-06 12:03:45,974 - INFO -   Title: Heirs of Marina C. Regalado, et al. vs. Republic of the Phil...
2025-12-06 12:03:46,182 - INFO -   ✓ Saved: RESTRUCTURED_DB/2007/feb/168155.json
2025-12-06 12:03:46,682 - INFO - 
[344/1000] Processing G.R. No. 168174
2025-12-06 12:03:46,682 - INFO -   Title: People of the Philippines vs. Francisco Reyes y Abrematea...
2025-12-06 12:03:46,889 - INFO -   ✓ Saved: RESTRUCTURED_DB/2007/apr/168174.json
2025-12-06 12:03:47,389 - INFO - 
[345/1000] Processing G.R. No. 168253
2025-12-06 12:03:47,389 - INFO -   Title: Mayor Noel E. Rosal, vs. COMELEC, et al....
2025-12-06 12:03:47,773 - INFO -   ✓ Saved: RESTRUCTURED_DB/2007/mar/168253.json
2025-12-06 12:03:48,274 - INFO - 
[346/1000] Processing G.R. No. 168296
2025-12-06 12:03:48,274 - INFO -   Title: Felomino V. Villagracia vs. COMELEC, et al....
2025-12-06 12:03:48,481 - INFO -   ✓ Saved: RESTRUCTURED_DB/2007/jan/168296.json
2025-12-06 12:03:48,981 - INFO - 
[347/1000] Processing G.R. No. 168301
2025-12-06 12:03:48,981 - INFO -   Title: Antonio B. Monfort III, et al. vs. Ma. Antonia M. Salvatierr...
2025-12-06 12:03:49,364 - INFO -   ✓ Saved: RESTRUCTURED_DB/2007/mar/168301.json
2025-12-06 12:03:49,864 - INFO - 
[348/1000] Processing G.R. No. 168326
2025-12-06 12:03:49,864 - INFO -   Title: People of the Philippines vs. Patricio Pioquinto...
2025-12-06 12:03:50,246 - INFO -   ✓ Saved: RESTRUCTURED_DB/2007/apr/168326.json
2025-12-06 12:03:50,746 - INFO - 
[349/1000] Processing G.R. No. 168328
2025-12-06 12:03:50,747 - INFO -   Title: Republic of the Philippines vs. Laila Tanyag-San Jose, et al...
2025-12-06 12:03:51,128 - INFO -   ✓ Saved: RESTRUCTURED_DB/2007/feb/168328.json
2025-12-06 12:03:51,629 - INFO - 
[350/1000] Processing G.R. No. 168362
2025-12-06 12:03:51,629 - INFO -   Title: Ladislao Salma, et al. vs. the Hon. Primo C. Mira, et al....
2025-12-06 12:03:52,011 - INFO -   ✓ Saved: RESTRUCTURED_DB/2007/jan/168362.json
2025-12-06 12:03:52,511 - INFO - 
[351/1000] Processing G.R. No. 168380
2025-12-06 12:03:52,511 - INFO -   Title: Manuel V. Baviera vs. Esperanza Paglinawan, et al....
2025-12-06 12:03:52,893 - INFO -   ✓ Saved: RESTRUCTURED_DB/2007/feb/168380.json
2025-12-06 12:03:53,393 - INFO - 
[352/1000] Processing G.R. No. 168411
2025-12-06 12:03:53,393 - INFO -   Title: Bienvenido A. Cerbo, Jr., et al. vs. the COMELEC, et al....
2025-12-06 12:03:53,600 - INFO -   ✓ Saved: RESTRUCTURED_DB/2007/feb/168411.json
2025-12-06 12:03:54,100 - INFO - 
[353/1000] Processing G.R. No. 168498
2025-12-06 12:03:54,100 - INFO -   Title: Rizal Commercial Banking Corp. vs. Commnissioner of Internal...
2025-12-06 12:03:54,306 - INFO -   ✓ Saved: RESTRUCTURED_DB/2007/apr/168498.json
2025-12-06 12:03:54,806 - INFO - 
[354/1000] Processing G.R. No. 168512
2025-12-06 12:03:54,806 - INFO -   Title: Orlando D. Garcia, Jr., et al. vs. Ranida Salvador, et al....
2025-12-06 12:03:55,189 - INFO -   ✓ Saved: RESTRUCTURED_DB/2007/mar/168512.json
2025-12-06 12:03:55,689 - INFO - 
[355/1000] Processing G.R. No. 168543
2025-12-06 12:03:55,689 - INFO -   Title: Jaime Tan vs. People of the Philippines...
2025-12-06 12:03:56,501 - WARNING -   ✗ Could not fetch case from any URL
2025-12-06 12:03:56,501 - INFO - 
[356/1000] Processing G.R. No. 168557
2025-12-06 12:03:56,501 - INFO -   Title: Fels Energy, Inc. vs. the Prov. of Batangas, et al....
2025-12-06 12:03:56,884 - INFO -   ✓ Saved: RESTRUCTURED_DB/2007/feb/168557.json
2025-12-06 12:03:57,384 - INFO - 
[357/1000] Processing G.R. No. 168617
2025-12-06 12:03:57,384 - INFO -   Title: Bernadette L. Adasa vs. Cecille S. Abalos...
2025-12-06 12:03:57,766 - INFO -   ✓ Saved: RESTRUCTURED_DB/2007/feb/168617.json
2025-12-06 12:03:58,266 - INFO - 
[358/1000] Processing G.R. No. 168639
2025-12-06 12:03:58,267 - INFO -   Title: Alderito Z. Yujuico, et al. vs. Cezar T. Quiambao, et al....
2025-12-06 12:03:58,650 - INFO -   ✓ Saved: RESTRUCTURED_DB/2007/jan/168639.json
2025-12-06 12:03:59,150 - INFO - 
[359/1000] Processing G.R. No. 168670
2025-12-06 12:03:59,150 - INFO -   Title: Office of the Ombudsman vs. Heidi M. Estandarte, et al....
2025-12-06 12:03:59,534 - INFO -   ✓ Saved: RESTRUCTURED_DB/2007/apr/168670.json
2025-12-06 12:04:00,034 - INFO - 
[360/1000] Processing G.R. No. 168818
2025-12-06 12:04:00,034 - INFO -   Title: Nilo Sabang vs. People of the Philippines...
2025-12-06 12:04:00,242 - INFO -   ✓ Saved: RESTRUCTURED_DB/2007/mar/168818.json
2025-12-06 12:04:00,743 - INFO - 
[361/1000] Processing G.R. No. 168827
2025-12-06 12:04:00,743 - INFO -   Title: Benjamin P. Martinez vs. Court of Appeals, et al....
2025-12-06 12:04:01,129 - INFO -   ✓ Saved: RESTRUCTURED_DB/2007/apr/168827.json
2025-12-06 12:04:01,629 - INFO - 
[362/1000] Processing G.R. No. 168830
2025-12-06 12:04:01,629 - INFO -   Title: Ernesto M. de Chavez, et al. vs. Office of the Ombudsman, et...
2025-12-06 12:04:02,012 - INFO -   ✓ Saved: RESTRUCTURED_DB/2007/feb/168830.json
2025-12-06 12:04:02,512 - INFO - 
[363/1000] Processing G.R. No. 168882
2025-12-06 12:04:02,512 - INFO -   Title: Intestate Estate of the late Nimfa Sian etc. vs. Philippine ...
2025-12-06 12:04:02,719 - INFO -   ✓ Saved: RESTRUCTURED_DB/2007/jan/168882.json
2025-12-06 12:04:03,220 - INFO - 
[364/1000] Processing G.R. No. 168913
2025-12-06 12:04:03,220 - INFO -   Title: Rolando Ting vs. Heirs of Diego Lirio etc....
2025-12-06 12:04:03,428 - INFO -   ✓ Saved: RESTRUCTURED_DB/2007/mar/168913.json
2025-12-06 12:04:03,928 - INFO - 
[365/1000] Processing G.R. No. 168997
2025-12-06 12:04:03,928 - INFO -   Title: Gregorio Pelonia vs. People of the Philippines...
2025-12-06 12:04:04,310 - INFO -   ✓ Saved: RESTRUCTURED_DB/2007/apr/168997.json
2025-12-06 12:04:04,810 - INFO - 
[366/1000] Processing G.R. No. 169016
2025-12-06 12:04:04,810 - INFO -   Title: Capitol Wireless, Inc. vs. Carlos Antonio Balagot...
2025-12-06 12:04:05,017 - INFO -   ✓ Saved: RESTRUCTURED_DB/2007/jan/169016.json
2025-12-06 12:04:05,517 - INFO - 
[367/1000] Processing G.R. No. 169060
2025-12-06 12:04:05,517 - INFO -   Title: People of the Philippines vs. Joey Concepcion y Perez...
2025-12-06 12:04:05,900 - INFO -   ✓ Saved: RESTRUCTURED_DB/2007/feb/169060.json
2025-12-06 12:04:06,400 - INFO - 
[368/1000] Processing G.R. No. 169075
2025-12-06 12:04:06,400 - INFO -   Title: People of the Philippines vs. Christopher Padua, et al....
2025-12-06 12:04:06,783 - INFO -   ✓ Saved: RESTRUCTURED_DB/2007/feb/169075.json
2025-12-06 12:04:07,283 - INFO - 
[369/1000] Processing G.R. No. 169076
2025-12-06 12:04:07,284 - INFO -   Title: People of the Philippines vs. Joseph Jamilosa...
2025-12-06 12:04:07,666 - INFO -   ✓ Saved: RESTRUCTURED_DB/2007/jan/169076.json
2025-12-06 12:04:08,166 - INFO - 
[370/1000] Processing G.R. No. 169116
2025-12-06 12:04:08,166 - INFO -   Title: BPI vs. Sps. Ireneo M. Santiago etc. et al....
2025-12-06 12:04:08,548 - INFO -   ✓ Saved: RESTRUCTURED_DB/2007/mar/169116.json
2025-12-06 12:04:09,048 - INFO - 
[371/1000] Processing G.R. No. 169129
2025-12-06 12:04:09,048 - INFO -   Title: Sps. Virgilio F. Santos etc. et al. vs. Sps. Jose Lumbao & P...
2025-12-06 12:04:09,431 - INFO -   ✓ Saved: RESTRUCTURED_DB/2007/mar/169129.json
2025-12-06 12:04:09,931 - INFO - 
[372/1000] Processing G.R. No. 169143
2025-12-06 12:04:09,931 - INFO -   Title: People of the Philippines vs. Simplicio Delantar...
2025-12-06 12:04:10,316 - INFO -   ✓ Saved: RESTRUCTURED_DB/2007/feb/169143.json
2025-12-06 12:04:10,816 - INFO - 
[373/1000] Processing G.R. No. 169156
2025-12-06 12:04:10,816 - INFO -   Title: Sony Computer Entertainment, Inc. vs. Bright Future Technolo...
2025-12-06 12:04:11,024 - INFO -   ✓ Saved: RESTRUCTURED_DB/2007/feb/169156.json
2025-12-06 12:04:11,524 - INFO - 
[374/1000] Processing G.R. No. 169204
2025-12-06 12:04:11,524 - INFO -   Title: Adelaida Escobar, et al. vs. Ligaya Oligario Luna, et al....
2025-12-06 12:04:11,906 - INFO -   ✓ Saved: RESTRUCTURED_DB/2007/mar/169204.json
2025-12-06 12:04:12,406 - INFO - 
[375/1000] Processing G.R. No. 169231
2025-12-06 12:04:12,406 - INFO -   Title: Teofilo Cesar N. Echeverria vs. Venutek Medika, Inc....
2025-12-06 12:04:12,787 - INFO -   ✓ Saved: RESTRUCTURED_DB/2007/feb/169231.json
2025-12-06 12:04:13,287 - INFO - 
[376/1000] Processing G.R. No. 169246
2025-12-06 12:04:13,287 - INFO -   Title: People of the Philippines vs. Nicolas Guzman y Bocbosila...
2025-12-06 12:04:13,670 - INFO -   ✓ Saved: RESTRUCTURED_DB/2007/jan/169246.json
2025-12-06 12:04:14,171 - INFO - 
[377/1000] Processing G.R. No. 169277
2025-12-06 12:04:14,171 - INFO -   Title: Department of Agrarian Reform, etc. vs. Vicente K. Uy...
2025-12-06 12:04:14,555 - INFO -   ✓ Saved: RESTRUCTURED_DB/2007/feb/169277.json
2025-12-06 12:04:15,055 - INFO - 
[378/1000] Processing G.R. No. 169304
2025-12-06 12:04:15,055 - INFO -   Title: The Department of Health, et al. vs. Phil. Pharmawealth, Inc...
2025-12-06 12:04:15,264 - INFO -   ✓ Saved: RESTRUCTURED_DB/2007/mar/169304.json
2025-12-06 12:04:15,764 - INFO - 
[379/1000] Processing G.R. No. 169353
2025-12-06 12:04:15,764 - INFO -   Title: PNOC-Energy Devt. Corp. etc. vs. National Labor Relations Co...
2025-12-06 12:04:16,147 - INFO -   ✓ Saved: RESTRUCTURED_DB/2007/apr/169353.json
2025-12-06 12:04:16,647 - INFO - 
[380/1000] Processing G.R. No. 169397
2025-12-06 12:04:16,647 - INFO -   Title: Republic of the Philippines vs. Restituto Sarmiento....
2025-12-06 12:04:17,029 - INFO -   ✓ Saved: RESTRUCTURED_DB/2007/mar/169397.json
2025-12-06 12:04:17,529 - INFO - 
[381/1000] Processing G.R. No. 169431
2025-12-06 12:04:17,529 - INFO -   Title: People of the Philippines vs. Jerry Rapeza y Francisco...
2025-12-06 12:04:17,917 - INFO -   ✓ Saved: RESTRUCTURED_DB/2007/apr/169431.json
2025-12-06 12:04:18,417 - INFO - 
[382/1000] Processing G.R. No. 169447
2025-12-06 12:04:18,417 - INFO -   Title: D'Oro Land Realty & Devt. Corp. vs. N. C1aunan, et al....
2025-12-06 12:04:18,625 - INFO -   ✓ Saved: RESTRUCTURED_DB/2007/feb/169447.json
2025-12-06 12:04:19,125 - INFO - 
[383/1000] Processing G.R. No. 169513
2025-12-06 12:04:19,125 - INFO -   Title: Anwar S. Marabur vs. COMELEC, et al....
2025-12-06 12:04:19,508 - INFO -   ✓ Saved: RESTRUCTURED_DB/2007/feb/169513.json
2025-12-06 12:04:20,008 - INFO - 
[384/1000] Processing G.R. No. 169514
2025-12-06 12:04:20,008 - INFO -   Title: Confederation of Sugar Producers Asso., Inc., et al. vs. Dep...
2025-12-06 12:04:20,570 - INFO -   ✓ Saved: RESTRUCTURED_DB/2007/mar/169514.json
2025-12-06 12:04:21,070 - INFO - 
[385/1000] Processing G.R. No. 169551
2025-12-06 12:04:21,070 - INFO -   Title: Sps. Olando M. Lambino etc. vs. Hon. Pres. Judge, et al....
2025-12-06 12:04:21,279 - INFO -   ✓ Saved: RESTRUCTURED_DB/2007/jan/169551.json
2025-12-06 12:04:21,779 - INFO - 
[386/1000] Processing G.R. No. 169570
2025-12-06 12:04:21,779 - INFO -   Title: Ricardo Portuguez vs. GSIS Family Bank, et al....
2025-12-06 12:04:21,989 - INFO -   ✓ Saved: RESTRUCTURED_DB/2007/mar/169570.json
2025-12-06 12:04:22,489 - INFO - 
[387/1000] Processing G.R. No. 169596
2025-12-06 12:04:22,489 - INFO -   Title: Superlines Transportation Co., Inc. vs. PNCC, et al....
2025-12-06 12:04:22,696 - INFO -   ✓ Saved: RESTRUCTURED_DB/2007/mar/169596.json
2025-12-06 12:04:23,196 - INFO - 
[388/1000] Processing G.R. No. 169604
2025-12-06 12:04:23,197 - INFO -   Title: Nelson P. Collantes vs. Hon. Court of Appeals, et al....
2025-12-06 12:04:23,579 - INFO -   ✓ Saved: RESTRUCTURED_DB/2007/mar/169604.json
2025-12-06 12:04:24,079 - INFO - 
[389/1000] Processing G.R. No. 169617
2025-12-06 12:04:24,079 - INFO -   Title: Heirs of Zoilo Espiritu, et al. vs. Sps. Maximo Landrito etc...
2025-12-06 12:04:24,462 - INFO -   ✓ Saved: RESTRUCTURED_DB/2007/apr/169617.json
2025-12-06 12:04:24,962 - INFO - 
[390/1000] Processing G.R. No. 169643
2025-12-06 12:04:24,962 - INFO -   Title: People of the Philippines vs. Filomino L. Villanueva...
2025-12-06 12:04:25,347 - INFO -   ✓ Saved: RESTRUCTURED_DB/2007/apr/169643.json
2025-12-06 12:04:25,847 - INFO - 
[391/1000] Processing G.R. No. 169731
2025-12-06 12:04:25,847 - INFO -   Title: Alfredo Barba, et al. vs. Hon. Court of Appeals, et al....
2025-12-06 12:04:26,055 - INFO -   ✓ Saved: RESTRUCTURED_DB/2007/mar/169731.json
2025-12-06 12:04:26,555 - INFO - 
[392/1000] Processing G.R. No. 169750
2025-12-06 12:04:26,555 - INFO -   Title: Rural Bank of Cantilan, et al. vs. Arjay Ronnel Julve...
2025-12-06 12:04:26,761 - INFO -   ✓ Saved: RESTRUCTURED_DB/2007/feb/169750.json
2025-12-06 12:04:27,261 - INFO - 
[393/1000] Processing G.R. No. 169812
2025-12-06 12:04:27,261 - INFO -   Title: Federito. B. Pido vs. National Labor Relations Commission, e...
2025-12-06 12:04:27,643 - INFO -   ✓ Saved: RESTRUCTURED_DB/2007/feb/169812.json
2025-12-06 12:04:28,143 - INFO - 
[394/1000] Processing G.R. No. 169890
2025-12-06 12:04:28,143 - INFO -   Title: Feliciano Esguerra, et al. vs. Virginia Trinidad, et al....
2025-12-06 12:04:28,525 - INFO -   ✓ Saved: RESTRUCTURED_DB/2007/mar/169890.json
2025-12-06 12:04:29,025 - INFO - 
[395/1000] Processing G.R. No. 169933
2025-12-06 12:04:29,025 - INFO -   Title: Su Zhi Shan vs. People of the Philippines/Sol. Gen....
2025-12-06 12:04:29,409 - INFO -   ✓ Saved: RESTRUCTURED_DB/2007/mar/169933.json
2025-12-06 12:04:29,909 - INFO - 
[396/1000] Processing G.R. No. 170001
2025-12-06 12:04:29,910 - INFO -   Title: Arlyn D. Bago vs. National Labor Relations Commission, et al...
2025-12-06 12:04:30,293 - INFO -   ✓ Saved: RESTRUCTURED_DB/2007/apr/170001.json
2025-12-06 12:04:30,793 - INFO - 
[397/1000] Processing G.R. No. 170070
2025-12-06 12:04:30,793 - INFO -   Title: Cornelio delos Reyes vs. COMELEC, et al....
2025-12-06 12:04:31,001 - INFO -   ✓ Saved: RESTRUCTURED_DB/2007/feb/170070.json
2025-12-06 12:04:31,501 - INFO - 
[398/1000] Processing G.R. No. 170080
2025-12-06 12:04:31,501 - INFO -   Title: Consolacion Q. Austria vs. Constacia Q. Lichauco et al....
2025-12-06 12:04:31,708 - INFO -   ✓ Saved: RESTRUCTURED_DB/2007/apr/170080.json
2025-12-06 12:04:32,208 - INFO - 
[399/1000] Processing G.R. No. 170193
2025-12-06 12:04:32,208 - INFO -   Title: People of the Philippines vs. Ariel Paoyo...
2025-12-06 12:04:32,591 - INFO -   ✓ Saved: RESTRUCTURED_DB/2007/apr/170193.json
2025-12-06 12:04:33,091 - INFO - 
[400/1000] Processing G.R. No. 170233
2025-12-06 12:04:33,091 - INFO -   Title: The People of the Philippines vs. Jesus Nuevas y Garcia, et ...
2025-12-06 12:04:33,475 - INFO -   ✓ Saved: RESTRUCTURED_DB/2007/feb/170233.json
2025-12-06 12:04:33,975 - INFO - 
[401/1000] Processing G.R. No. 170234
2025-12-06 12:04:33,975 - INFO -   Title: People of the Philippines vs. Bernardo F. Nicolas...
2025-12-06 12:04:34,358 - INFO -   ✓ Saved: RESTRUCTURED_DB/2007/feb/170234.json
2025-12-06 12:04:34,858 - INFO - 
[402/1000] Processing G.R. No. 170284
2025-12-06 12:04:34,858 - INFO -   Title: Benito Aratea and Ponciana Canonigo vs. Esmeraldo P. Suico a...
2025-12-06 12:04:35,065 - INFO -   ✓ Saved: RESTRUCTURED_DB/2007/mar/170284.json
2025-12-06 12:04:35,565 - INFO - 
[403/1000] Processing G.R. No. 170300
2025-12-06 12:04:35,565 - INFO -   Title: Bartolome Balingit vs. COMELEC, et al....
2025-12-06 12:04:35,948 - INFO -   ✓ Saved: RESTRUCTURED_DB/2007/feb/170300.json
2025-12-06 12:04:36,448 - INFO - 
[404/1000] Processing G.R. No. 170346
2025-12-06 12:04:36,448 - INFO -   Title: Heirs of Nicolas Jugalbot etc. vs. Court of Appeals, et al....
2025-12-06 12:04:36,831 - INFO -   ✓ Saved: RESTRUCTURED_DB/2007/mar/170346.json
2025-12-06 12:04:37,331 - INFO - 
[405/1000] Processing G.R. No. 170384
2025-12-06 12:04:37,331 - INFO -   Title: Lorna Dising Punzal vs. ETSI Technologies, Inc., et al....
2025-12-06 12:04:37,714 - INFO -   ✓ Saved: RESTRUCTURED_DB/2007/mar/170384.json
2025-12-06 12:04:38,214 - INFO - 
[406/1000] Processing G.R. No. 170491
2025-12-06 12:04:38,214 - INFO -   Title: National Power Corp. vs. Hon. Ramon G. Codilla, Jr., et al....
2025-12-06 12:04:39,069 - INFO -   ✓ Saved: RESTRUCTURED_DB/2007/apr/170491.json
2025-12-06 12:04:39,569 - INFO - 
[407/1000] Processing G.R. No. 170497
2025-12-06 12:04:39,569 - INFO -   Title: In the matter of the application for the writ etc. vs. the D...
2025-12-06 12:04:39,785 - INFO -   ✓ Saved: RESTRUCTURED_DB/2007/jan/170497.json
2025-12-06 12:04:40,285 - INFO - 
[408/1000] Processing G.R. No. 170577
2025-12-06 12:04:40,285 - INFO -   Title: Anthony D. Dee vs. Commission on Election, et al....
2025-12-06 12:04:41,131 - WARNING -   ✗ Could not fetch case from any URL
2025-12-06 12:04:41,131 - INFO - 
[409/1000] Processing G.R. No. 170602
2025-12-06 12:04:41,132 - INFO -   Title: Manuel V. Baviera vs. Standard Chartered Bank, et al....
2025-12-06 12:04:41,979 - WARNING -   ✗ Could not fetch case from any URL
2025-12-06 12:04:41,979 - INFO - 
[410/1000] Processing G.R. No. 170603
2025-12-06 12:04:41,979 - INFO -   Title: Edison So vs. Republic of the Philippines...
2025-12-06 12:04:42,564 - INFO -   ✓ Saved: RESTRUCTURED_DB/2007/jan/170603.json
2025-12-06 12:04:43,064 - INFO - 
[411/1000] Processing G.R. No. 170628
2025-12-06 12:04:43,064 - INFO -   Title: NAPOCOR vs. Local Board of Assessment Appeals of Batangas, e...
2025-12-06 12:04:43,911 - WARNING -   ✗ Could not fetch case from any URL
2025-12-06 12:04:43,911 - INFO - 
[412/1000] Processing G.R. No. 170724
2025-12-06 12:04:43,911 - INFO -   Title: Republic of the Philippines vs. San Lorenzo Development Corp...
2025-12-06 12:04:44,127 - INFO -   ✓ Saved: RESTRUCTURED_DB/2007/jan/170724.json
2025-12-06 12:04:44,627 - INFO - 
[413/1000] Processing G.R. No. 170743
2025-12-06 12:04:44,627 - INFO -   Title: Government Service Insurance System vs. Lucita R. Villareal...
2025-12-06 12:04:44,842 - INFO -   ✓ Saved: RESTRUCTURED_DB/2007/apr/170743.json
2025-12-06 12:04:45,342 - INFO - 
[414/1000] Processing G.R. No. 170811
2025-12-06 12:04:45,342 - INFO -   Title: Supreme Steel Pipe Corp., et al. vs. Rogelio Bardaje...
2025-12-06 12:04:45,742 - INFO -   ✓ Saved: RESTRUCTURED_DB/2007/apr/170811.json
2025-12-06 12:04:46,242 - INFO - 
[415/1000] Processing G.R. No. 170815
2025-12-06 12:04:46,242 - INFO -   Title: Office of the Ombudsman vs. Priscilla Lazaro-Baldazo....
2025-12-06 12:04:46,457 - INFO -   ✓ Saved: RESTRUCTURED_DB/2007/feb/170815.json
2025-12-06 12:04:46,957 - INFO - 
[416/1000] Processing G.R. No. 170823
2025-12-06 12:04:46,957 - INFO -   Title: Dept of Agrarian Reform etc. vs. Oroville Devt. Corp etc....
2025-12-06 12:04:47,356 - INFO -   ✓ Saved: RESTRUCTURED_DB/2007/mar/170823.json
2025-12-06 12:04:47,856 - INFO - 
[417/1000] Processing G.R. No. 170836
2025-12-06 12:04:47,856 - INFO -   Title: People of the Philippines vs. Ricardo Fernando...
2025-12-06 12:04:48,256 - INFO -   ✓ Saved: RESTRUCTURED_DB/2007/apr/170836.json
2025-12-06 12:04:48,756 - INFO - 
[418/1000] Processing G.R. No. 170846
2025-12-06 12:04:48,756 - INFO -   Title: NAPOCOR vs. Aurellano S. Tiangco, et al....
2025-12-06 12:04:49,155 - INFO -   ✓ Saved: RESTRUCTURED_DB/2007/feb/170846.json
2025-12-06 12:04:49,655 - INFO - 
[419/1000] Processing G.R. No. 170849
2025-12-06 12:04:49,655 - INFO -   Title: People of the Philippines vs. Eduardo Moran, Jr. y Gordula....
2025-12-06 12:04:50,056 - INFO -   ✓ Saved: RESTRUCTURED_DB/2007/mar/170848.json
2025-12-06 12:04:50,557 - INFO - 
[420/1000] Processing G.R. No. 171019
2025-12-06 12:04:50,557 - INFO -   Title: The People of the Philippines vs. Rafael Sta. Maria y Indon...
2025-12-06 12:04:50,772 - INFO -   ✓ Saved: RESTRUCTURED_DB/2007/feb/171019.json
2025-12-06 12:04:51,273 - INFO - 
[421/1000] Processing G.R. No. 171020
2025-12-06 12:04:51,273 - INFO -   Title: People of the Philippines vs. Alfredo Pangilinan...
2025-12-06 12:04:51,676 - INFO -   ✓ Saved: RESTRUCTURED_DB/2007/mar/171020.json
2025-12-06 12:04:52,177 - INFO - 
[422/1000] Processing G.R. No. 171063
2025-12-06 12:04:52,177 - INFO -   Title: Eduard V. Tugade vs. COMELEC, et al....
2025-12-06 12:04:52,393 - INFO -   ✓ Saved: RESTRUCTURED_DB/2007/mar/171063.json
2025-12-06 12:04:52,893 - INFO - 
[423/1000] Processing G.R. No. 171248
2025-12-06 12:04:52,893 - INFO -   Title: Dr. Mahid M. Mutilan vs. COMELEC, et al....
2025-12-06 12:04:53,293 - INFO -   ✓ Saved: RESTRUCTURED_DB/2007/apr/171248.json
2025-12-06 12:04:53,793 - INFO - 
[424/1000] Processing G.R. No. 171266
2025-12-06 12:04:53,793 - INFO -   Title: Int'l Exchange Bank vs. Commissioner of International Revenu...
2025-12-06 12:04:54,193 - INFO -   ✓ Saved: RESTRUCTURED_DB/2007/apr/171266.json
2025-12-06 12:04:54,694 - INFO - 
[425/1000] Processing G.R. No. 171277
2025-12-06 12:04:54,694 - INFO -   Title: Almario Bejar, et al. vs. Maricel Caluag...
2025-12-06 12:04:54,915 - INFO -   ✓ Saved: RESTRUCTURED_DB/2007/feb/171277.json
2025-12-06 12:04:55,415 - INFO - 
[426/1000] Processing G.R. No. 171314
2025-12-06 12:04:55,415 - INFO -   Title: People of the Philippines vs. Paterno Oliquino....
2025-12-06 12:04:55,816 - INFO -   ✓ Saved: RESTRUCTURED_DB/2007/mar/171354.json
2025-12-06 12:04:56,316 - INFO - 
[427/1000] Processing G.R. No. 171354
2025-12-06 12:04:56,317 - INFO -   Title: Marylou B. Tolentino, M.D. vs. Court of Appeals, et al....
2025-12-06 12:04:56,718 - INFO -   Case already exists: RESTRUCTURED_DB/2007/mar/171354.json
2025-12-06 12:04:57,218 - INFO - 
[428/1000] Processing G.R. No. 171448
2025-12-06 12:04:57,218 - INFO -   Title: People of the Philippines vs. Charlie Comila, et al....
2025-12-06 12:04:57,618 - INFO -   ✓ Saved: RESTRUCTURED_DB/2007/feb/171448.json
2025-12-06 12:04:58,118 - INFO - 
[429/1000] Processing G.R. No. 171653
2025-12-06 12:04:58,118 - INFO -   Title: People of the Philippines vs. Judith Jatulan y Ponce...
2025-12-06 12:04:58,334 - INFO -   ✓ Saved: RESTRUCTURED_DB/2007/apr/171653.json
2025-12-06 12:04:58,835 - INFO - 
[430/1000] Processing G.R. No. 171756
2025-12-06 12:04:58,835 - INFO -   Title: Sps. Ricardo Imbat etc. vs. Sps. Medardo Soliven etc., et al...
2025-12-06 12:04:59,050 - INFO -   ✓ Saved: RESTRUCTURED_DB/2007/mar/171756.json
2025-12-06 12:04:59,550 - INFO - 
[431/1000] Processing G.R. No. 171882
2025-12-06 12:04:59,550 - INFO -   Title: Cornelio Ewoc, et al. vs. COMELEC, et al....
2025-12-06 12:04:59,949 - INFO -   ✓ Saved: RESTRUCTURED_DB/2007/apr/171882.json
2025-12-06 12:05:00,450 - INFO - 
[432/1000] Processing G.R. No. 171952
2025-12-06 12:05:00,450 - INFO -   Title: Diego T. Lim vs. COMELEC....
2025-12-06 12:05:00,665 - INFO -   ✓ Saved: RESTRUCTURED_DB/2007/mar/171952.json
2025-12-06 12:05:01,165 - INFO - 
[433/1000] Processing G.R. No. 172019
2025-12-06 12:05:01,165 - INFO -   Title: People of the Philippines vs. Boisan Cabugatan y Macarambon...
2025-12-06 12:05:01,565 - INFO -   ✓ Saved: RESTRUCTURED_DB/2007/feb/172019.json
2025-12-06 12:05:02,065 - INFO - 
[434/1000] Processing G.R. No. 172062
2025-12-06 12:05:02,065 - INFO -   Title: Lorenzo Ma. D.G. Aguilar vs. Burger Machine Holdings Corp., ...
2025-12-06 12:05:02,279 - INFO -   ✓ Saved: RESTRUCTURED_DB/2007/feb/172062.json
2025-12-06 12:05:02,780 - INFO - 
[435/1000] Processing G.R. No. 172103
2025-12-06 12:05:02,780 - INFO -   Title: Citizen's Battle Against Corruption vs. COMELEC, et al....
2025-12-06 12:05:03,180 - INFO -   ✓ Saved: RESTRUCTURED_DB/2007/apr/172103.json
2025-12-06 12:05:03,680 - INFO - 
[436/1000] Processing G.R. No. 172118
2025-12-06 12:05:03,681 - INFO -   Title: People of the Philippines vs. Warlito C. Fernandez...
2025-12-06 12:05:04,081 - INFO -   ✓ Saved: RESTRUCTURED_DB/2007/apr/172118.json
2025-12-06 12:05:04,581 - INFO - 
[437/1000] Processing G.R. No. 172131
2025-12-06 12:05:04,582 - INFO -   Title: Liwayway Vinzons-Chato vs. COMELEC, et al....
2025-12-06 12:05:04,981 - INFO -   ✓ Saved: RESTRUCTURED_DB/2007/apr/172131.json
2025-12-06 12:05:05,481 - INFO - 
[438/1000] Processing G.R. No. 172226
2025-12-06 12:05:05,481 - INFO -   Title: The People of the Philippines vs. Herminigildo Senieres...
2025-12-06 12:05:05,881 - INFO -   ✓ Saved: RESTRUCTURED_DB/2007/mar/172226.json
2025-12-06 12:05:06,381 - INFO - 
[439/1000] Processing G.R. No. 172231
2025-12-06 12:05:06,381 - INFO -   Title: Commissioner of Internal Revenue vs. Isabela Cultural Corp....
2025-12-06 12:05:06,598 - INFO -   ✓ Saved: RESTRUCTURED_DB/2007/feb/172231.json
2025-12-06 12:05:07,098 - INFO - 
[440/1000] Processing G.R. No. 172278
2025-12-06 12:05:07,098 - INFO -   Title: Lydia R. Pagaduan vs. COMELEC, et al....
2025-12-06 12:05:07,313 - INFO -   ✓ Saved: RESTRUCTURED_DB/2007/mar/172278.json
2025-12-06 12:05:07,814 - INFO - 
[441/1000] Processing G.R. No. 172323
2025-12-06 12:05:07,814 - INFO -   Title: People of the Philippines vs. Judy Salidaga y Quintano...
2025-12-06 12:05:08,213 - INFO -   ✓ Saved: RESTRUCTURED_DB/2007/jan/172323.json
2025-12-06 12:05:08,713 - INFO - 
[442/1000] Processing G.R. No. 172324
2025-12-06 12:05:08,713 - INFO -   Title: People of the Philippines vs. Celino Nabong y Osenar, et al....
2025-12-06 12:05:09,114 - INFO -   ✓ Saved: RESTRUCTURED_DB/2007/apr/172324.json
2025-12-06 12:05:09,614 - INFO - 
[443/1000] Processing G.R. No. 172369
2025-12-06 12:05:09,614 - INFO -   Title: People of the Philippines vs. Enrique Lopez, et al....
2025-12-06 12:05:09,829 - INFO -   ✓ Saved: RESTRUCTURED_DB/2007/mar/172369.json
2025-12-06 12:05:10,330 - INFO - 
[444/1000] Processing G.R. No. 172966
2025-12-06 12:05:10,330 - INFO -   Title: The People of the Philippines vs. Eugenio Piliin y Garcia...
2025-12-06 12:05:10,546 - INFO -   ✓ Saved: RESTRUCTURED_DB/2007/feb/172966.json
2025-12-06 12:05:11,046 - INFO - 
[445/1000] Processing G.R. No. 173022
2025-12-06 12:05:11,046 - INFO -   Title: The People of the Philippines vs. D. Rodrigo y Fajardo, et a...
2025-12-06 12:05:11,449 - INFO -   ✓ Saved: RESTRUCTURED_DB/2007/jan/173022.json
2025-12-06 12:05:11,949 - INFO - 
[446/1000] Processing G.R. No. 173050
2025-12-06 12:05:11,949 - INFO -   Title: People of the Philippines vs. AC-MAD Pandapatan y Dimalapang...
2025-12-06 12:05:12,351 - INFO -   ✓ Saved: RESTRUCTURED_DB/2007/apr/173050.json
2025-12-06 12:05:12,851 - INFO - 
[447/1000] Processing G.R. No. 173055
2025-12-06 12:05:12,852 - INFO -   Title: People of the Philippines vs. Roque G. Garalde...
2025-12-06 12:05:13,255 - INFO -   ✓ Saved: RESTRUCTURED_DB/2007/apr/173055.json
2025-12-06 12:05:13,755 - INFO - 
[448/1000] Processing G.R. No. 173197
2025-12-06 12:05:13,755 - INFO -   Title: People of the Philippines vs. Roger De Guzman y Lauchangco...
2025-12-06 12:05:13,974 - INFO -   ✓ Saved: RESTRUCTURED_DB/2007/apr/173197.json
2025-12-06 12:05:14,474 - INFO - 
[449/1000] Processing G.R. No. 173243
2025-12-06 12:05:14,474 - INFO -   Title: The People of the Philippines vs. Artemio Casela...
2025-12-06 12:05:14,876 - INFO -   ✓ Saved: RESTRUCTURED_DB/2007/mar/173243.json
2025-12-06 12:05:15,376 - INFO - 
[450/1000] Processing G.R. No. 173290
2025-12-06 12:05:15,376 - INFO -   Title: Zenaida M. Limbona vs. Hon. Judge Ralph S. Lee et al....
2025-12-06 12:05:15,590 - INFO -   ✓ Saved: RESTRUCTURED_DB/2007/mar/173290.json
2025-12-06 12:05:16,090 - INFO - 
[451/1000] Processing G.R. No. 173309
2025-12-06 12:05:16,090 - INFO -   Title: The People of the Philippines vs. Ferdinand Pascual y Bautis...
2025-12-06 12:05:16,496 - INFO -   ✓ Saved: RESTRUCTURED_DB/2007/jan/173309.json
2025-12-06 12:05:16,997 - INFO - 
[452/1000] Processing G.R. No. 173310
2025-12-06 12:05:16,997 - INFO -   Title: Anuar J. Abubakar vs. House of Representatives etc., et al....
2025-12-06 12:05:17,396 - INFO -   ✓ Saved: RESTRUCTURED_DB/2007/mar/173310.json
2025-12-06 12:05:17,896 - INFO - 
[453/1000] Processing G.R. No. 173484
2025-12-06 12:05:17,896 - INFO -   Title: People of the Philippines vs. Simeon Suyat Y. Jose...
2025-12-06 12:05:18,297 - INFO -   ✓ Saved: RESTRUCTURED_DB/2007/mar/173484.json
2025-12-06 12:05:18,798 - INFO - 
[454/1000] Processing G.R. No. 173787
2025-12-06 12:05:18,798 - INFO -   Title: The People of the Philippines vs. Mario Guillermo y Esteban...
2025-12-06 12:05:19,015 - INFO -   ✓ Saved: RESTRUCTURED_DB/2007/apr/173787.json
2025-12-06 12:05:19,515 - INFO - 
[455/1000] Processing G.R. No. 173795
2025-12-06 12:05:19,515 - INFO -   Title: People of the Philippines vs. Loida R. Soriano, et al....
2025-12-06 12:05:19,731 - INFO -   ✓ Saved: RESTRUCTURED_DB/2007/apr/173795.json
2025-12-06 12:05:20,231 - INFO - 
[456/1000] Processing G.R. No. 173979
2025-12-06 12:05:20,231 - INFO -   Title: Auction in Malinta, Inc. vs. Warren Embes Luyaben...
2025-12-06 12:05:20,448 - INFO -   ✓ Saved: RESTRUCTURED_DB/2007/feb/173979.json
2025-12-06 12:05:20,948 - INFO - 
[457/1000] Processing G.R. No. 174010
2025-12-06 12:05:20,948 - INFO -   Title: Laisan T. Perman vs. COMELEC, et al....
2025-12-06 12:05:21,163 - INFO -   ✓ Saved: RESTRUCTURED_DB/2007/feb/174010.json
2025-12-06 12:05:21,664 - INFO - 
[458/1000] Processing G.R. No. 174056
2025-12-06 12:05:21,664 - INFO -   Title: People of the Philippines vs. Rogelio Gumimba y Morandante e...
2025-12-06 12:05:22,067 - INFO -   ✓ Saved: RESTRUCTURED_DB/2007/feb/174056.json
2025-12-06 12:05:22,567 - INFO - 
[459/1000] Processing G.R. No. 174155
2025-12-06 12:05:22,567 - INFO -   Title: Pet Angeli R. Carloto vs. COMELEC, et al....
2025-12-06 12:05:22,783 - INFO -   ✓ Saved: RESTRUCTURED_DB/2007/jan/174155.json
2025-12-06 12:05:23,283 - INFO - 
[460/1000] Processing G.R. No. 174194
2025-12-06 12:05:23,284 - INFO -   Title: People of the Philippines vs. Edwin Ausa...
2025-12-06 12:05:23,689 - INFO -   ✓ Saved: RESTRUCTURED_DB/2007/mar/174194.json
2025-12-06 12:05:24,189 - INFO - 
[461/1000] Processing G.R. No. 174199
2025-12-06 12:05:24,189 - INFO -   Title: People of the Philippines vs. Rogelio Alarcon y Tioxon....
2025-12-06 12:05:24,406 - INFO -   ✓ Saved: RESTRUCTURED_DB/2007/mar/174199.json
2025-12-06 12:05:24,907 - INFO - 
[462/1000] Processing G.R. No. 174247
2025-12-06 12:05:24,907 - INFO -   Title: Heirs of Teofilo Gaudiano, et al. vs. Constancio Benemerito,...
2025-12-06 12:05:25,122 - INFO -   ✓ Saved: RESTRUCTURED_DB/2007/feb/174247.json
2025-12-06 12:05:25,622 - INFO - 
[463/1000] Processing G.R. No. 174263
2025-12-06 12:05:25,622 - INFO -   Title: Jose Torres vs. Abelardo Abundo, Sr., et al....
2025-12-06 12:05:26,021 - INFO -   ✓ Saved: RESTRUCTURED_DB/2007/jan/174263.json
2025-12-06 12:05:26,522 - INFO - 
[464/1000] Processing G.R. No. 174277
2025-12-06 12:05:26,522 - INFO -   Title: People of the Philippines vs. Samuel Diunsay-Jalandoni...
2025-12-06 12:05:26,921 - INFO -   ✓ Saved: RESTRUCTURED_DB/2007/feb/174277.json
2025-12-06 12:05:27,421 - INFO - 
[465/1000] Processing G.R. No. 174280
2025-12-06 12:05:27,421 - INFO -   Title: People of the Philippines vs. Raymond Batiancila y Moralde...
2025-12-06 12:05:27,638 - INFO -   ✓ Saved: RESTRUCTURED_DB/2007/jan/174280.json
2025-12-06 12:05:28,138 - INFO - 
[466/1000] Processing G.R. No. 174551
2025-12-06 12:05:28,138 - INFO -   Title: Mayor Salip A. Jainal vs. COMELEC, et al....
2025-12-06 12:05:28,541 - INFO -   ✓ Saved: RESTRUCTURED_DB/2007/mar/174551.json
2025-12-06 12:05:29,041 - INFO - 
[467/1000] Processing G.R. No. 174763
2025-12-06 12:05:29,041 - INFO -   Title: Antonio A. Dimayuga vs. COMELEC, et al....
2025-12-06 12:05:29,257 - INFO -   ✓ Saved: RESTRUCTURED_DB/2007/apr/174763.json
2025-12-06 12:05:29,757 - INFO - 
[468/1000] Processing G.R. No. 175013
2025-12-06 12:05:29,757 - INFO -   Title: Crispin B. Beltran vs. People of the Philippines, et al....
2025-12-06 12:05:30,605 - WARNING -   ✗ Could not fetch case from any URL
2025-12-06 12:05:30,605 - INFO - 
[469/1000] Processing G.R. No. 175112
2025-12-06 12:05:30,605 - INFO -   Title: David K. Salazar vs. COMELEC, et al....
2025-12-06 12:05:30,820 - INFO -   ✓ Saved: RESTRUCTURED_DB/2007/apr/175112.json
2025-12-06 12:05:31,320 - INFO - 
[470/1000] Processing G.R. No. 175181
2025-12-06 12:05:31,320 - INFO -   Title: Metropolitan Bank & Trust Co. Inc. vs. SLGT Holdings, Inc., ...
2025-12-06 12:05:31,719 - INFO -   Case already exists: RESTRUCTURED_DB/2007/sep/104528.json
2025-12-06 12:05:32,219 - INFO - 
[471/1000] Processing G.R. No. 175316
2025-12-06 12:05:32,219 - INFO -   Title: People of the Philippines vs. Roger Durano...
2025-12-06 12:05:32,621 - INFO -   ✓ Saved: RESTRUCTURED_DB/2007/mar/175316.json
2025-12-06 12:05:33,121 - INFO - 
[472/1000] Processing G.R. No. 175895
2025-12-06 12:05:33,121 - INFO -   Title: Edmundo Jose Buencamino vs. Hon. Court of Appeals, et al....
2025-12-06 12:05:33,336 - INFO -   ✓ Saved: RESTRUCTURED_DB/2007/apr/175895.json
2025-12-06 12:05:33,836 - INFO - 
[473/1000] Processing G.R. No. 175946
2025-12-06 12:05:33,836 - INFO -   Title: People of the Philippines vs. Raymundo Dadulla...
2025-12-06 12:05:34,236 - INFO -   ✓ Saved: RESTRUCTURED_DB/2007/mar/175946.json
2025-12-06 12:05:34,736 - INFO - 
[474/1000] Processing G.R. No. 176158
2025-12-06 12:05:34,736 - INFO -   Title: People of the Philippines vs. Rolando Cabinan...
2025-12-06 12:05:34,952 - INFO -   ✓ Saved: RESTRUCTURED_DB/2007/mar/176158.json
2025-12-06 12:05:35,452 - INFO - 
[475/1000] Processing G.R. No. 176349
2025-12-06 12:05:35,452 - INFO -   Title: People of the Philippines vs. Orlando Ubina y Aggalut...
2025-12-06 12:05:35,851 - INFO -   Case already exists: RESTRUCTURED_DB/2007/jul/176359.json
2025-12-06 12:05:36,351 - INFO - 
[476/1000] Processing G.R. No. 176563
2025-12-06 12:05:36,351 - INFO -   Title: In the matter of the application etc. vs. Hon. Ernesto P. Pa...
2025-12-06 12:05:36,567 - INFO -   ✓ Saved: RESTRUCTURED_DB/2007/apr/176653.json
2025-12-06 12:05:37,067 - INFO - 
[477/1000] Processing G.R. No. 177314
2025-12-06 12:05:37,067 - INFO -   Title: Loretta Ann P. Rosales vs. Commission on Election...
2025-12-06 12:05:37,917 - WARNING -   ✗ Could not fetch case from any URL
2025-12-06 12:05:37,918 - INFO - 
[478/1000] Processing G.R. No. 200774
2025-12-06 12:05:37,918 - INFO -   Title: German Marine Agencies, Inc., et al. vs. Teodolah R. Caro...
2025-12-06 12:05:38,764 - WARNING -   ✗ Could not fetch case from any URL
2025-12-06 12:05:38,764 - INFO - 
[479/1000] Processing G.R. No. 105608
2025-12-06 12:05:38,764 - INFO -   Title: Tirso D. Monteroso vs. Court of Appeals, et al. / Sofia Pend...
2025-12-06 12:05:39,351 - INFO -   ✓ Saved: RESTRUCTURED_DB/2008/apr/105608.json
2025-12-06 12:05:39,852 - INFO - 
[480/1000] Processing G.R. No. 119033
2025-12-06 12:05:39,852 - INFO -   Title: EK Lee Steel Works Corp. vs. Manila Castor Oil Corp, Romy Li...
2025-12-06 12:05:40,069 - INFO -   ✓ Saved: RESTRUCTURED_DB/2008/jul/119033.json
2025-12-06 12:05:40,569 - INFO - 
[481/1000] Processing G.R. No. 121833
2025-12-06 12:05:40,569 - INFO -   Title: Aboitiz Shipping Corporation vs. Court of Appeals, et al. & ...
2025-12-06 12:05:40,970 - INFO -   ✓ Saved: RESTRUCTURED_DB/2008/oct/121833.json
2025-12-06 12:05:41,470 - INFO - 
[482/1000] Processing G.R. No. 123238
2025-12-06 12:05:41,470 - INFO -   Title: Philippine Airlines, Inc. vs. Court of Appeals, et al....
2025-12-06 12:05:41,875 - INFO -   ✓ Saved: RESTRUCTURED_DB/2008/sep/123238.json
2025-12-06 12:05:42,375 - INFO - 
[483/1000] Processing G.R. No. 124208
2025-12-06 12:05:42,375 - INFO -   Title: Government Service Insurance System (GSIS) vs. Court of Appe...
2025-12-06 12:05:42,591 - INFO -   ✓ Saved: RESTRUCTURED_DB/2008/jan/124208.json
2025-12-06 12:05:43,091 - INFO - 
[484/1000] Processing G.R. No. 124795
2025-12-06 12:05:43,091 - INFO -   Title: Forfom Development Corporation vs. Philippine National Railw...
2025-12-06 12:05:43,492 - INFO -   ✓ Saved: RESTRUCTURED_DB/2008/dec/124795.json
2025-12-06 12:05:43,992 - INFO - 
[485/1000] Processing G.R. No. 125267
2025-12-06 12:05:43,992 - INFO -   Title: El Oro Engraver Corp. vs. Court of Appeals, et al....
2025-12-06 12:05:44,208 - INFO -   ✓ Saved: RESTRUCTURED_DB/2008/feb/125267.json
2025-12-06 12:05:44,708 - INFO - 
[486/1000] Processing G.R. No. 126297
2025-12-06 12:05:44,708 - INFO -   Title: Professional Services, Inc. vs. the Court of Appeals, et al....
2025-12-06 12:05:45,107 - INFO -   ✓ Saved: RESTRUCTURED_DB/2008/feb/126297.json
2025-12-06 12:05:45,608 - INFO - 
[487/1000] Processing G.R. No. 127545
2025-12-06 12:05:45,608 - INFO -   Title: Andres Sanchez, et al. vs. Commission of Audit...
2025-12-06 12:05:46,196 - INFO -   ✓ Saved: RESTRUCTURED_DB/2008/apr/127545.json
2025-12-06 12:05:46,696 - INFO - 
[488/1000] Processing G.R. No. 129036
2025-12-06 12:05:46,696 - INFO -   Title: Col. Arturo C. Ferrer (Ret.) vs. Hon. Office of the Ombudsma...
2025-12-06 12:05:46,913 - INFO -   ✓ Saved: RESTRUCTURED_DB/2008/aug/129036.json
2025-12-06 12:05:47,413 - INFO - 
[489/1000] Processing G.R. No. 129486
2025-12-06 12:05:47,413 - INFO -   Title: People of the Philippines vs. Gloria Bartolome...
2025-12-06 12:05:48,226 - INFO -   ✓ Saved: RESTRUCTURED_DB/2008/jul/129486.json
2025-12-06 12:05:48,727 - INFO - 
[490/1000] Processing G.R. No. 130115
2025-12-06 12:05:48,727 - INFO -   Title: Felix Ting Ho, Jr., et al. vs. Vicente Teng Gui...
2025-12-06 12:05:49,125 - INFO -   ✓ Saved: RESTRUCTURED_DB/2008/jul/130115.json
2025-12-06 12:05:49,626 - INFO - 
[491/1000] Processing G.R. No. 130389
2025-12-06 12:05:49,626 - INFO -   Title: The Philippine Cotton Corp. vs. Naraindas Gagoomal, et al....
2025-12-06 12:05:50,026 - INFO -   ✓ Saved: RESTRUCTURED_DB/2008/feb/130389.json
2025-12-06 12:05:50,526 - INFO - 
[492/1000] Processing G.R. No. 130623
2025-12-06 12:05:50,526 - INFO -   Title: Lorea de Ugalde vs. Jon de Ysasi...
2025-12-06 12:05:50,742 - INFO -   ✓ Saved: RESTRUCTURED_DB/2008/feb/130623.json
2025-12-06 12:05:51,242 - INFO - 
[493/1000] Processing G.R. No. 130841
2025-12-06 12:05:51,242 - INFO -   Title: Sps. Virginia G. Gonzaga and Alfredo Gonzaga vs. Court of Ap...
2025-12-06 12:05:51,641 - INFO -   ✓ Saved: RESTRUCTURED_DB/2008/feb/130841.json
2025-12-06 12:05:52,141 - INFO - 
[494/1000] Processing G.R. No. 131903
2025-12-06 12:05:52,141 - INFO -   Title: Oscar Badillo, et al. vs. Court of Appeals, et al....
2025-12-06 12:05:52,543 - INFO -   ✓ Saved: RESTRUCTURED_DB/2008/jun/131903.json
2025-12-06 12:05:53,043 - INFO - 
[495/1000] Processing G.R. No. 132453
2025-12-06 12:05:53,043 - INFO -   Title: National Electrification Administration, et al. vs. Hon. Fel...
2025-12-06 12:05:53,444 - INFO -   ✓ Saved: RESTRUCTURED_DB/2008/feb/132453.json
2025-12-06 12:05:53,944 - INFO - 
[496/1000] Processing G.R. No. 133179
2025-12-06 12:05:53,944 - INFO -   Title: Allied Banking Corp vs. Lim Sio Wan, et al....
2025-12-06 12:05:54,345 - INFO -   ✓ Saved: RESTRUCTURED_DB/2008/mar/133179.json
2025-12-06 12:05:54,845 - INFO - 
[497/1000] Processing G.R. No. 133347
2025-12-06 12:05:54,845 - INFO -   Title: Abs-Cbn Broadcasting Corporation, et al. vs. Office of the O...
2025-12-06 12:05:55,247 - INFO -   ✓ Saved: RESTRUCTURED_DB/2008/oct/133347.json
2025-12-06 12:05:55,747 - INFO - 
[498/1000] Processing G.R. No. 133756
2025-12-06 12:05:55,747 - INFO -   Title: Pres'l Ad Hoc Comm. on Behest Loans Rep. by Atty Orlando Sal...
2025-12-06 12:05:55,964 - INFO -   ✓ Saved: RESTRUCTURED_DB/2008/jul/133756.json
2025-12-06 12:05:56,465 - INFO - 
[499/1000] Processing G.R. No. 135466
2025-12-06 12:05:56,465 - INFO -   Title: Republic of the Phil, et al. vs. Investa Corp. et al....
2025-12-06 12:05:56,682 - INFO -   ✓ Saved: RESTRUCTURED_DB/2008/may/135466.json
2025-12-06 12:05:57,182 - INFO - 
[500/1000] Processing G.R. No. 136037
2025-12-06 12:05:57,182 - INFO -   Title: Severino David, Jr. y Echane & Timoteo Gianan vs. the People...
2025-12-06 12:05:57,582 - INFO -   ✓ Saved: RESTRUCTURED_DB/2008/aug/136037.json
2025-12-06 12:05:58,082 - INFO - 
[501/1000] Processing G.R. No. 136197
2025-12-06 12:05:58,082 - INFO -   Title: Natividad Bautista-Borja vs. Iluminada Bautista, et al....
2025-12-06 12:05:58,298 - INFO -   ✓ Saved: RESTRUCTURED_DB/2008/dec/136197.json
2025-12-06 12:05:58,798 - INFO - 
[502/1000] Processing G.R. No. 136409
2025-12-06 12:05:58,798 - INFO -   Title: Subhash C. Pasricha, et al. vs. Don Luis Dison Realty Inc....
2025-12-06 12:05:59,200 - INFO -   ✓ Saved: RESTRUCTURED_DB/2008/mar/136409.json
2025-12-06 12:05:59,700 - INFO - 
[503/1000] Processing G.R. No. 136972
2025-12-06 12:05:59,700 - INFO -   Title: Heirs of Victoriana Villa Gracia, et al. vs. Court of Appeal...
2025-12-06 12:05:59,916 - INFO -   ✓ Saved: RESTRUCTURED_DB/2008/mar/136972.json
2025-12-06 12:06:00,417 - INFO - 
[504/1000] Processing G.R. No. 137869
2025-12-06 12:06:00,417 - INFO -   Title: Sps. Marcial Vargas, etc. vs. Sps. V. & 1. Caminas, et al/Sp...
2025-12-06 12:06:00,817 - INFO -   ✓ Saved: RESTRUCTURED_DB/2008/jun/137869.json
2025-12-06 12:06:01,317 - INFO - 
[505/1000] Processing G.R. No. 137884
2025-12-06 12:06:01,317 - INFO -   Title: Insular Life Assurance Co. Ltd. vs. Toyota Bel-Air Inc....
2025-12-06 12:06:01,719 - INFO -   ✓ Saved: RESTRUCTURED_DB/2008/mar/137884.json
2025-12-06 12:06:02,219 - INFO - 
[506/1000] Processing G.R. No. 138437
2025-12-06 12:06:02,219 - INFO -   Title: Ramon J. Quisumbing vs. Sandiganbayan...
2025-12-06 12:06:02,435 - INFO -   ✓ Saved: RESTRUCTURED_DB/2008/nov/138437.json
2025-12-06 12:06:02,935 - INFO - 
[507/1000] Processing G.R. No. 138464
2025-12-06 12:06:02,935 - INFO -   Title: Hon. Gov. Democrito Plaza etc, et al. vs. Court of Appeals, ...
2025-12-06 12:06:03,336 - INFO -   ✓ Saved: RESTRUCTURED_DB/2008/jan/138464.json
2025-12-06 12:06:03,836 - INFO - 
[508/1000] Processing G.R. No. 138823
2025-12-06 12:06:03,837 - INFO -   Title: Caridad Magkalas vs. National Housing Authority...
2025-12-06 12:06:04,236 - INFO -   ✓ Saved: RESTRUCTURED_DB/2008/sep/138823.json
2025-12-06 12:06:04,736 - INFO - 
[509/1000] Processing G.R. No. 139047
2025-12-06 12:06:04,736 - INFO -   Title: Sps. Emma H. Ver Reyes etc. Dominador Salvador, Sr. et al./M...
2025-12-06 12:06:05,139 - INFO -   ✓ Saved: RESTRUCTURED_DB/2008/sep/139047.json
2025-12-06 12:06:05,640 - INFO - 
[510/1000] Processing G.R. No. 139983
2025-12-06 12:06:05,640 - INFO -   Title: Manuel P. Samson vs. Court of Appeals, et al....
2025-12-06 12:06:05,856 - INFO -   ✓ Saved: RESTRUCTURED_DB/2008/mar/139983.json
2025-12-06 12:06:06,356 - INFO - 
[511/1000] Processing G.R. No. 140377
2025-12-06 12:06:06,356 - INFO -   Title: Patricia L. Tiongson, et al. vs. National Housing Authority...
2025-12-06 12:06:06,571 - INFO -   ✓ Saved: RESTRUCTURED_DB/2008/jul/140377.json
2025-12-06 12:06:07,072 - INFO - 
[512/1000] Processing G.R. No. 140484
2025-12-06 12:06:07,072 - INFO -   Title: Isabelita Sevilla Castro vs. Lamberto Ramos Castro, et al....
2025-12-06 12:06:07,471 - INFO -   ✓ Saved: RESTRUCTURED_DB/2008/jan/140484.json
2025-12-06 12:06:07,971 - INFO - 
[513/1000] Processing G.R. No. 140944
2025-12-06 12:06:07,971 - INFO -   Title: Rafael Arsenio S. Dizon, etc. vs. Court of Tax Appeals, et a...
2025-12-06 12:06:08,563 - INFO -   ✓ Saved: RESTRUCTURED_DB/2008/apr/140944.json
2025-12-06 12:06:09,063 - INFO - 
[514/1000] Processing G.R. No. 141020
2025-12-06 12:06:09,063 - INFO -   Title: Casino Labor Association vs. Court of Appeals, et al....
2025-12-06 12:06:09,278 - INFO -   ✓ Saved: RESTRUCTURED_DB/2008/jun/141020.json
2025-12-06 12:06:09,778 - INFO - 
[515/1000] Processing G.R. No. 141668
2025-12-06 12:06:09,779 - INFO -   Title: In the matter of the contempt orders against Lt. Gen. Jose M...
2025-12-06 12:06:09,994 - INFO -   ✓ Saved: RESTRUCTURED_DB/2008/aug/141668.json
2025-12-06 12:06:10,495 - INFO - 
[516/1000] Processing G.R. No. 141820
2025-12-06 12:06:10,495 - INFO -   Title: Jose Luis Haurie, Jose R. Ebro, Jr. & Treasure Land Develope...
2025-12-06 12:06:10,893 - INFO -   ✓ Saved: RESTRUCTURED_DB/2008/jul/141820.json
2025-12-06 12:06:11,393 - INFO - 
[517/1000] Processing G.R. No. 141854
2025-12-06 12:06:11,393 - INFO -   Title: Orlando Apostol vs. Court of Appeals, et al....
2025-12-06 12:06:11,794 - INFO -   ✓ Saved: RESTRUCTURED_DB/2008/oct/141854.json
2025-12-06 12:06:12,295 - INFO - 
[518/1000] Processing G.R. No. 142977
2025-12-06 12:06:12,295 - INFO -   Title: Leonor Camcam, et al. vs. Hon. CA, et al....
2025-12-06 12:06:12,695 - INFO -   ✓ Saved: RESTRUCTURED_DB/2008/sep/142977.json
2025-12-06 12:06:13,195 - INFO - 
[519/1000] Processing G.R. No. 143365
2025-12-06 12:06:13,195 - INFO -   Title: Generoso Saligumba, et al. vs. Monicapalanog...
2025-12-06 12:06:13,594 - INFO -   ✓ Saved: RESTRUCTURED_DB/2008/dec/143365.json
2025-12-06 12:06:14,095 - INFO - 
[520/1000] Processing G.R. No. 143581
2025-12-06 12:06:14,095 - INFO -   Title: Korea Technologies Co., Ltd. vs. Hon. Alberto A. Lerma, et a...
2025-12-06 12:06:14,497 - INFO -   ✓ Saved: RESTRUCTURED_DB/2008/jan/143581.json
2025-12-06 12:06:14,997 - INFO - 
[521/1000] Processing G.R. No. 143697
2025-12-06 12:06:14,997 - INFO -   Title: Dionisia Dorado Vda de Delfin etc. vs. Salvador D. Dellota, ...
2025-12-06 12:06:15,213 - INFO -   ✓ Saved: RESTRUCTURED_DB/2008/jan/143697.json
2025-12-06 12:06:15,713 - INFO - 
[522/1000] Processing G.R. No. 143786
2025-12-06 12:06:15,713 - INFO -   Title: Spouses Lourdes V. Rutaquio, et al. vs. Court of Appeals, et...
2025-12-06 12:06:15,929 - INFO -   ✓ Saved: RESTRUCTURED_DB/2008/oct/143786.json
2025-12-06 12:06:16,429 - INFO - 
[523/1000] Processing G.R. No. 143959
2025-12-06 12:06:16,429 - INFO -   Title: People of the Philippines vs. Norma Booc...
2025-12-06 12:06:16,646 - INFO -   ✓ Saved: RESTRUCTURED_DB/2008/feb/143959.json
2025-12-06 12:06:17,146 - INFO - 
[524/1000] Processing G.R. No. 144492
2025-12-06 12:06:17,146 - INFO -   Title: Luwalhati R. Antonino vs. Hon. Ombudsman Aniano A. Desierto,...
2025-12-06 12:06:17,550 - INFO -   ✓ Saved: RESTRUCTURED_DB/2008/dec/144492.json
2025-12-06 12:06:18,051 - INFO - 
[525/1000] Processing G.R. No. 145044
2025-12-06 12:06:18,051 - INFO -   Title: Philippines Charter Insurance Corp. vs. Neptune Orient Lines...
2025-12-06 12:06:18,266 - INFO -   ✓ Saved: RESTRUCTURED_DB/2008/jun/145044.json
2025-12-06 12:06:18,767 - INFO - 
[526/1000] Processing G.R. No. 145184
2025-12-06 12:06:18,767 - INFO -   Title: Presidential Ad Hoc Fact-Finding Committee on Behes Loans et...
2025-12-06 12:06:19,167 - INFO -   ✓ Saved: RESTRUCTURED_DB/2008/mar/145184.json
2025-12-06 12:06:19,667 - INFO - 
[527/1000] Processing G.R. No. 145402
2025-12-06 12:06:19,667 - INFO -   Title: Meralco Industrial Engineering Services Corp. vs. National L...
2025-12-06 12:06:20,068 - INFO -   ✓ Saved: RESTRUCTURED_DB/2008/mar/145402.json
2025-12-06 12:06:20,569 - INFO - 
[528/1000] Processing G.R. No. 145408
2025-12-06 12:06:20,569 - INFO -   Title: California Bus Lines, Inc. vs. Court of Appeals, et al....
2025-12-06 12:06:20,787 - INFO -   ✓ Saved: RESTRUCTURED_DB/2008/aug/145408.json
2025-12-06 12:06:21,287 - INFO - 
[529/1000] Processing G.R. No. 145545
2025-12-06 12:06:21,287 - INFO -   Title: Paz Samaniego-Celada vs. Lucia D. Abena...
2025-12-06 12:06:21,505 - INFO -   ✓ Saved: RESTRUCTURED_DB/2008/jun/145545.json
2025-12-06 12:06:22,006 - INFO - 
[530/1000] Processing G.R. No. 145842
2025-12-06 12:06:22,006 - INFO -   Title: Edsa Shangri-La Hotel & Resort, Inc., et al. vs. BF Corporat...
2025-12-06 12:06:22,406 - INFO -   ✓ Saved: RESTRUCTURED_DB/2008/jun/145842.json
2025-12-06 12:06:22,907 - INFO - 
[531/1000] Processing G.R. No. 145941
2025-12-06 12:06:22,907 - INFO -   Title: The Manila Banking Corporation vs. Sps. Alfredo and Celestin...
2025-12-06 12:06:23,307 - INFO -   ✓ Saved: RESTRUCTURED_DB/2008/dec/145941.json
2025-12-06 12:06:23,807 - INFO - 
[532/1000] Processing G.R. No. 146031
2025-12-06 12:06:23,807 - INFO -   Title: Delta Development and Management Services, Inc., etc. vs. Ho...
2025-12-06 12:06:24,023 - INFO -   ✓ Saved: RESTRUCTURED_DB/2008/feb/146031.json
2025-12-06 12:06:24,523 - INFO - 
[533/1000] Processing G.R. No. 146053
2025-12-06 12:06:24,523 - INFO -   Title: Dioscoro F. Bacsin vs. Eduardo O. Wahiman...
2025-12-06 12:06:24,923 - INFO -   ✓ Saved: RESTRUCTURED_DB/2008/apr/146053.json
2025-12-06 12:06:25,423 - INFO - 
[534/1000] Processing G.R. No. 146091
2025-12-06 12:06:25,423 - INFO -   Title: Maria Paz V. Nepomuceno etc. vs. City of Surigao & Salvador ...
2025-12-06 12:06:25,638 - INFO -   ✓ Saved: RESTRUCTURED_DB/2008/jul/146091.json
2025-12-06 12:06:26,139 - INFO - 
[535/1000] Processing G.R. No. 146141
2025-12-06 12:06:26,139 - INFO -   Title: Ernesto P. Canada etc. vs. All Commodities Marketing Corpora...
2025-12-06 12:06:26,538 - INFO -   ✓ Saved: RESTRUCTURED_DB/2008/oct/146141.json
2025-12-06 12:06:27,038 - INFO - 
[536/1000] Processing G.R. No. 146175
2025-12-06 12:06:27,038 - INFO -   Title: Simeon M. Valdez vs. Government Service Insurance System...
2025-12-06 12:06:27,439 - INFO -   ✓ Saved: RESTRUCTURED_DB/2008/jun/146175.json
2025-12-06 12:06:27,939 - INFO - 
[537/1000] Processing G.R. No. 146408
2025-12-06 12:06:27,939 - INFO -   Title: Philippine Airlines, Inc. vs. Enrique Ligan, et al....
2025-12-06 12:06:28,341 - INFO -   ✓ Saved: RESTRUCTURED_DB/2008/feb/146408.json
2025-12-06 12:06:28,842 - INFO - 
[538/1000] Processing G.R. No. 146730
2025-12-06 12:06:28,842 - INFO -   Title: Amado Z. Ayson, Jr. vs. Sps. Felix and Maxima P. Aragas...
2025-12-06 12:06:29,059 - INFO -   ✓ Saved: RESTRUCTURED_DB/2008/jul/146730.json
2025-12-06 12:06:29,559 - INFO - 
[539/1000] Processing G.R. No. 146972
2025-12-06 12:06:29,559 - INFO -   Title: B & I Realty Co., Inc. vs. Teodoro Caspe, et al....
2025-12-06 12:06:29,775 - INFO -   ✓ Saved: RESTRUCTURED_DB/2008/jan/146972.json
2025-12-06 12:06:30,275 - INFO - 
[540/1000] Processing G.R. No. 147065
2025-12-06 12:06:30,275 - INFO -   Title: Juanito Chan Y Lim etc. vs. Secretary of Justice, et al....
2025-12-06 12:06:30,675 - INFO -   ✓ Saved: RESTRUCTURED_DB/2008/mar/147065.json
2025-12-06 12:06:31,175 - INFO - 
[541/1000] Processing G.R. No. 147082
2025-12-06 12:06:31,175 - INFO -   Title: Heirs of Maura So, etc. vs. Lucila Jamoc Abliosca, et al....
2025-12-06 12:06:31,392 - INFO -   ✓ Saved: RESTRUCTURED_DB/2008/jan/147082.json
2025-12-06 12:06:31,893 - INFO - 
[542/1000] Processing G.R. No. 147359
2025-12-06 12:06:31,893 - INFO -   Title: In re: application for registration of title etc vs. Republi...
2025-12-06 12:06:32,109 - INFO -   ✓ Saved: RESTRUCTURED_DB/2008/mar/147359.json
2025-12-06 12:06:32,609 - INFO - 
[543/1000] Processing G.R. No. 147406
2025-12-06 12:06:32,609 - INFO -   Title: Venancio Figueroa y Cervantes vs. People of the Philippines...
2025-12-06 12:06:33,010 - INFO -   ✓ Saved: RESTRUCTURED_DB/2008/jul/147406.json
2025-12-06 12:06:33,511 - INFO - 
[544/1000] Processing G.R. No. 147423
2025-12-06 12:06:33,511 - INFO -   Title: Tirso Z. Oporto vs. Members of the Board of Inquiry etc....
2025-12-06 12:06:33,727 - INFO -   ✓ Saved: RESTRUCTURED_DB/2008/oct/147423.json
2025-12-06 12:06:34,227 - INFO - 
[545/1000] Processing G.R. No. 147443
2025-12-06 12:06:34,227 - INFO -   Title: LPBS Commercial, Inc. vs. Hon. Venancio J. Amila, et al....
2025-12-06 12:06:34,442 - INFO -   ✓ Saved: RESTRUCTURED_DB/2008/feb/147443.json
2025-12-06 12:06:34,943 - INFO - 
[546/1000] Processing G.R. No. 147559
2025-12-06 12:06:34,943 - INFO -   Title: Armed Forces and Police Mutual Benefit Association Inc. vs. ...
2025-12-06 12:06:35,341 - INFO -   ✓ Saved: RESTRUCTURED_DB/2008/jun/147559.json
2025-12-06 12:06:35,841 - INFO - 
[547/1000] Processing G.R. No. 147597
2025-12-06 12:06:35,841 - INFO -   Title: Clarita U. Mata, etc. vs. Alexander M. Agra Vante, et al....
2025-12-06 12:06:36,056 - INFO -   ✓ Saved: RESTRUCTURED_DB/2008/aug/147597.json
2025-12-06 12:06:36,557 - INFO - 
[548/1000] Processing G.R. No. 147628
2025-12-06 12:06:36,557 - INFO -   Title: Lubeca Marine Mgt (Hk) Ltd., et al. vs. Mateo Alcantara....
2025-12-06 12:06:36,771 - INFO -   ✓ Saved: RESTRUCTURED_DB/2008/mar/147628.json
2025-12-06 12:06:37,271 - INFO - 
[549/1000] Processing G.R. No. 147633
2025-12-06 12:06:37,271 - INFO -   Title: Aldeguer & Co. Inc./Loalde Boutique vs. Honeyline Tomboc...
2025-12-06 12:06:37,672 - INFO -   ✓ Saved: RESTRUCTURED_DB/2008/jul/147633.json
2025-12-06 12:06:38,173 - INFO - 
[550/1000] Processing G.R. No. 147723
2025-12-06 12:06:38,173 - INFO -   Title: Presidential Ad-Hoc Fact-Finding Committee on Behest Loans a...
2025-12-06 12:06:38,574 - INFO -   ✓ Saved: RESTRUCTURED_DB/2008/aug/147723.json
2025-12-06 12:06:39,074 - INFO - 
[551/1000] Processing G.R. No. 147778
2025-12-06 12:06:39,074 - INFO -   Title: Phil. Stock Exchange Inc. et al. vs. the Manilabanking Corp....
2025-12-06 12:06:39,289 - INFO -   ✓ Saved: RESTRUCTURED_DB/2008/jul/147778.json
2025-12-06 12:06:39,789 - INFO - 
[552/1000] Processing G.R. No. 147782
2025-12-06 12:06:39,789 - INFO -   Title: Juanita A. Aquino vs. Teresita B. Paiste...
2025-12-06 12:06:40,189 - INFO -   ✓ Saved: RESTRUCTURED_DB/2008/jun/147782.json
2025-12-06 12:06:40,690 - INFO - 
[553/1000] Processing G.R. No. 147977
2025-12-06 12:06:40,690 - INFO -   Title: Annie Fermin, et al. vs. Hon. Antonio M. Esteves, et al....
2025-12-06 12:06:40,905 - INFO -   ✓ Saved: RESTRUCTURED_DB/2008/mar/147977.json
2025-12-06 12:06:41,405 - INFO - 
[554/1000] Processing G.R. No. 148123
2025-12-06 12:06:41,406 - INFO -   Title: Rene Soriano @ "Renato" vs. People of the Philippines...
2025-12-06 12:06:41,806 - INFO -   ✓ Saved: RESTRUCTURED_DB/2008/jun/148123.json
2025-12-06 12:06:42,306 - INFO - 
[555/1000] Processing G.R. No. 148132
2025-12-06 12:06:42,307 - INFO -   Title: Smart Communications, Inc. vs. Regina M. Astorga/ Smart Comm...
2025-12-06 12:06:42,708 - INFO -   ✓ Saved: RESTRUCTURED_DB/2008/jan/148132.json
2025-12-06 12:06:43,208 - INFO - 
[556/1000] Processing G.R. No. 148133
2025-12-06 12:06:43,208 - INFO -   Title: Heritage Park Management Corp. vs. Construction Industry-Arb...
2025-12-06 12:06:43,424 - INFO -   ✓ Saved: RESTRUCTURED_DB/2008/oct/148133.json
2025-12-06 12:06:43,924 - INFO - 
[557/1000] Processing G.R. No. 148187
2025-12-06 12:06:43,924 - INFO -   Title: Philex Mining Corporation vs. Commissioner of Internal Reven...
2025-12-06 12:06:44,324 - INFO -   ✓ Saved: RESTRUCTURED_DB/2008/apr/148187.json
2025-12-06 12:06:44,824 - INFO - 
[558/1000] Processing G.R. No. 148226
2025-12-06 12:06:44,824 - INFO -   Title: People of the Phil. & Sps. Marilyn & Francisco Garcia vs. Jo...
2025-12-06 12:06:45,040 - INFO -   ✓ Saved: RESTRUCTURED_DB/2008/jul/148226.json
2025-12-06 12:06:45,540 - INFO - 
[559/1000] Processing G.R. No. 148415
2025-12-06 12:06:45,540 - INFO -   Title: Ricardo G. Paloma vs. PAL Inc. and NLRC/PAL vs. Ricardo G. P...
2025-12-06 12:06:45,940 - INFO -   ✓ Saved: RESTRUCTURED_DB/2008/jul/148415.json
2025-12-06 12:06:46,440 - INFO - 
[560/1000] Processing G.R. No. 148433
2025-12-06 12:06:46,441 - INFO -   Title: Zamboanga Barter Traders Kilusang Bayan, Inc. etc. vs. Hon. ...
2025-12-06 12:06:46,844 - INFO -   ✓ Saved: RESTRUCTURED_DB/2008/sep/148433.json
2025-12-06 12:06:47,344 - INFO - 
[561/1000] Processing G.R. No. 148435
2025-12-06 12:06:47,344 - INFO -   Title: Rogelio Guevarra, et al. vs. Spouses Engracio and Claudia Ba...
2025-12-06 12:06:47,559 - INFO -   ✓ Saved: RESTRUCTURED_DB/2008/nov/148435.json
2025-12-06 12:06:48,059 - INFO - 
[562/1000] Processing G.R. No. 148606
2025-12-06 12:06:48,060 - INFO -   Title: Charles Limbauan vs. Faustino Acosta...
2025-12-06 12:06:48,459 - INFO -   ✓ Saved: RESTRUCTURED_DB/2008/jun/148606.json
2025-12-06 12:06:48,959 - INFO - 
[563/1000] Processing G.R. No. 149017
2025-12-06 12:06:48,960 - INFO -   Title: Valente Raymundo vs. Teofista Isagon Vda de Suarez, et al....
2025-12-06 12:06:49,363 - INFO -   ✓ Saved: RESTRUCTURED_DB/2008/nov/149017.json
2025-12-06 12:06:49,863 - INFO - 
[564/1000] Processing G.R. No. 149189
2025-12-06 12:06:49,863 - INFO -   Title: Leticia T. Fidelia vs. Sps. Raul and Eleonor Mulato...
2025-12-06 12:06:50,081 - INFO -   ✓ Saved: RESTRUCTURED_DB/2008/sep/149189.json
2025-12-06 12:06:50,581 - INFO - 
[565/1000] Processing G.R. No. 149313
2025-12-06 12:06:50,581 - INFO -   Title: Julita Rombaua Panganiban, et al. vs. Julita S. Oamil...
2025-12-06 12:06:50,796 - INFO -   ✓ Saved: RESTRUCTURED_DB/2008/jan/149313.json
2025-12-06 12:06:51,297 - INFO - 
[566/1000] Processing G.R. No. 149322
2025-12-06 12:06:51,297 - INFO -   Title: Jaime L. Y Aneza vs. the Hon. Court of Appeals, et al....
2025-12-06 12:06:51,518 - INFO -   ✓ Saved: RESTRUCTURED_DB/2008/nov/149322.json
2025-12-06 12:06:52,018 - INFO - 
[567/1000] Processing G.R. No. 149338
2025-12-06 12:06:52,018 - INFO -   Title: Unlad Resources Devt., Corp., et al. vs. Renato P. Dragon, e...
2025-12-06 12:06:52,419 - INFO -   ✓ Saved: RESTRUCTURED_DB/2008/jul/149338.json
2025-12-06 12:06:52,919 - INFO - 
[568/1000] Processing G.R. No. 149356
2025-12-06 12:06:52,919 - INFO -   Title: Republic of the Philippines etc. vs. Winston T. Singun....
2025-12-06 12:06:53,136 - INFO -   ✓ Saved: RESTRUCTURED_DB/2008/mar/149356.json
2025-12-06 12:06:53,636 - INFO - 
[569/1000] Processing G.R. No. 149377
2025-12-06 12:06:53,636 - INFO -   Title: Jesus Clarito Espina vs. Miguel Cerujano, et al....
2025-12-06 12:06:54,037 - INFO -   ✓ Saved: RESTRUCTURED_DB/2008/mar/149377.json
2025-12-06 12:06:54,537 - INFO - 
[570/1000] Processing G.R. No. 149547
2025-12-06 12:06:54,537 - INFO -   Title: Philippine Airlines Inc. vs. Hon. Adriano Sa Villo, etc and ...
2025-12-06 12:06:54,752 - INFO -   ✓ Saved: RESTRUCTURED_DB/2008/jul/149547.json
2025-12-06 12:06:55,252 - INFO - 
[571/1000] Processing G.R. No. 149553
2025-12-06 12:06:55,252 - INFO -   Title: Nicolas Laynesa and Santos Laynesa vs. Paquito and Pacita Uy...
2025-12-06 12:06:55,652 - INFO -   ✓ Saved: RESTRUCTURED_DB/2008/feb/149553.json
2025-12-06 12:06:56,153 - INFO - 
[572/1000] Processing G.R. No. 149787
2025-12-06 12:06:56,153 - INFO -   Title: Judge Antonio C. Sumaljag vs. Sps. Diosdidit & Menendez M. L...
2025-12-06 12:06:56,369 - INFO -   ✓ Saved: RESTRUCTURED_DB/2008/jun/149787.json
2025-12-06 12:06:56,869 - INFO - 
[573/1000] Processing G.R. No. 149801
2025-12-06 12:06:56,869 - INFO -   Title: Sps Renato & Florinda Dela Cruz vs. Sps Gil & Leonila Segovi...
2025-12-06 12:06:57,085 - INFO -   ✓ Saved: RESTRUCTURED_DB/2008/jun/149801.json
2025-12-06 12:06:57,585 - INFO - 
[574/1000] Processing G.R. No. 149984
2025-12-06 12:06:57,585 - INFO -   Title: Sps Rolando M. Zosa and Luisa Y. Zosa vs. Hon. Santiago Estr...
2025-12-06 12:06:57,801 - INFO -   ✓ Saved: RESTRUCTURED_DB/2008/nov/149984.json
2025-12-06 12:06:58,301 - INFO - 
[575/1000] Processing G.R. No. 150025
2025-12-06 12:06:58,301 - INFO -   Title: Sps. Narciso & Julita Barnachea vs. Hon CA, Hon Oscar C. Her...
2025-12-06 12:06:58,701 - INFO -   ✓ Saved: RESTRUCTURED_DB/2008/jul/150025.json
2025-12-06 12:06:59,201 - INFO - 
[576/1000] Processing G.R. No. 150107
2025-12-06 12:06:59,201 - INFO -   Title: Tokio Marine Malayan Insurance Co. Inc., et al. vs. Jorge Va...
2025-12-06 12:06:59,600 - INFO -   ✓ Saved: RESTRUCTURED_DB/2008/jan/150107.json
2025-12-06 12:07:00,101 - INFO - 
[577/1000] Processing G.R. No. 150180
2025-12-06 12:07:00,101 - INFO -   Title: Flavio S. Suarez, Jr. et al. vs. National Steel Corporation...
2025-12-06 12:07:00,502 - INFO -   ✓ Saved: RESTRUCTURED_DB/2008/oct/150180.json
2025-12-06 12:07:01,002 - INFO - 
[578/1000] Processing G.R. No. 150270
2025-12-06 12:07:01,002 - INFO -   Title: City Engineer of Baguio, et al. vs. Rolando Baniqued...
2025-12-06 12:07:01,403 - INFO -   ✓ Saved: RESTRUCTURED_DB/2008/nov/150270.json
2025-12-06 12:07:01,903 - INFO - 
[579/1000] Processing G.R. No. 150276
2025-12-06 12:07:01,903 - INFO -   Title: Cecilia B. Estinozo vs. Court of Appeals, et al....
2025-12-06 12:07:02,120 - INFO -   ✓ Saved: RESTRUCTURED_DB/2008/feb/150276.json
2025-12-06 12:07:02,620 - INFO - 
[580/1000] Processing G.R. No. 150283
2025-12-06 12:07:02,620 - INFO -   Title: Ryuichi Yamamoto vs. Nishino Leather Industries, Inc. and Ik...
2025-12-06 12:07:02,838 - INFO -   ✓ Saved: RESTRUCTURED_DB/2008/apr/150283.json
2025-12-06 12:07:03,338 - INFO - 
[581/1000] Processing G.R. No. 150470
2025-12-06 12:07:03,338 - INFO -   Title: Sps. Felipe Layos & Victoria Layos vs. Fil-Estate Golf & Dev...
2025-12-06 12:07:03,927 - INFO -   ✓ Saved: RESTRUCTURED_DB/2008/aug/150470.json
2025-12-06 12:07:04,427 - INFO - 
[582/1000] Processing G.R. No. 150488
2025-12-06 12:07:04,427 - INFO -   Title: Siemens Philippines Inc. et al. vs. Enrico A. Domingo...
2025-12-06 12:07:04,644 - INFO -   ✓ Saved: RESTRUCTURED_DB/2008/jul/150488.json
2025-12-06 12:07:05,144 - INFO - 
[583/1000] Processing G.R. No. 150536
2025-12-06 12:07:05,144 - INFO -   Title: Bienvenido Gomba vs. People of the Philippines...
2025-12-06 12:07:05,360 - INFO -   ✓ Saved: RESTRUCTURED_DB/2008/sep/150536.json
2025-12-06 12:07:05,860 - INFO - 
[584/1000] Processing G.R. No. 150635
2025-12-06 12:07:05,861 - INFO -   Title: Dr. Rosalina G. Hilario vs. Modesto Prudential, et al....
2025-12-06 12:07:06,075 - INFO -   ✓ Saved: RESTRUCTURED_DB/2008/sep/150635.json
2025-12-06 12:07:06,575 - INFO - 
[585/1000] Processing G.R. No. 150684
2025-12-06 12:07:06,575 - INFO -   Title: Andres T. Melencion vs. Sandiganbayan, et al....
2025-12-06 12:07:06,976 - INFO -   ✓ Saved: RESTRUCTURED_DB/2008/jun/150684.json
2025-12-06 12:07:07,476 - INFO - 
[586/1000] Processing G.R. No. 150741
2025-12-06 12:07:07,477 - INFO -   Title: Republic of the Philippines vs. Sps. Vicente Lagramada etc....
2025-12-06 12:07:07,875 - INFO -   ✓ Saved: RESTRUCTURED_DB/2008/jun/150741.json
2025-12-06 12:07:08,376 - INFO - 
[587/1000] Processing G.R. No. 150746
2025-12-06 12:07:08,376 - INFO -   Title: Simeon Nicolas Chan, et al. vs. Yolanda Chan, et al....
2025-12-06 12:07:08,777 - INFO -   ✓ Saved: RESTRUCTURED_DB/2008/oct/150746.json
2025-12-06 12:07:09,277 - INFO - 
[588/1000] Processing G.R. No. 150768
2025-12-06 12:07:09,277 - INFO -   Title: Heirs of Mamerto Mangulat etc., et al. vs. the Hon. Court of...
2025-12-06 12:07:09,493 - INFO -   ✓ Saved: RESTRUCTURED_DB/2008/aug/150768.json
2025-12-06 12:07:09,993 - INFO - 
[589/1000] Processing G.R. No. 150806
2025-12-06 12:07:09,993 - INFO -   Title: Eufemia Almeda, et al. vs. Bathala Marketing Industries, Inc...
2025-12-06 12:07:10,392 - INFO -   ✓ Saved: RESTRUCTURED_DB/2008/jan/150806.json
2025-12-06 12:07:10,892 - INFO - 
[590/1000] Processing G.R. No. 150824
2025-12-06 12:07:10,892 - INFO -   Title: Land Bank of the Philippines vs. Republic of the Philippines...
2025-12-06 12:07:11,821 - INFO -   ✓ Saved: RESTRUCTURED_DB/2008/feb/150824.json
2025-12-06 12:07:12,321 - INFO - 
[591/1000] Processing G.R. No. 150844
2025-12-06 12:07:12,321 - INFO -   Title: Ceferino T. Adviento vs. Heirs of Miguel Alvarez etc., et al...
2025-12-06 12:07:12,526 - INFO -   ✓ Saved: RESTRUCTURED_DB/2008/aug/150844.json
2025-12-06 12:07:13,026 - INFO - 
[592/1000] Processing G.R. No. 150861
2025-12-06 12:07:13,026 - INFO -   Title: Al Arellano, et al. vs. Powertech Corp, et al....
2025-12-06 12:07:13,409 - INFO -   ✓ Saved: RESTRUCTURED_DB/2008/jan/150861.json
2025-12-06 12:07:13,909 - INFO - 
[593/1000] Processing G.R. No. 150896
2025-12-06 12:07:13,909 - INFO -   Title: Purefoods Corporation vs. Nagkakaisang Samahang Manggagawa n...
2025-12-06 12:07:14,112 - INFO -   ✓ Saved: RESTRUCTURED_DB/2008/aug/150896.json
2025-12-06 12:07:14,613 - INFO - 
[594/1000] Processing G.R. No. 150900
2025-12-06 12:07:14,613 - INFO -   Title: Cynthia Luces vs. Cherry Damole, et al....
2025-12-06 12:07:14,988 - INFO -   ✓ Saved: RESTRUCTURED_DB/2008/mar/150900.json
2025-12-06 12:07:15,488 - INFO - 
[595/1000] Processing G.R. No. 150931
2025-12-06 12:07:15,488 - INFO -   Title: Dr. Cecilia De Los Santos vs. Dr. Priscila Bautista Vibar...
2025-12-06 12:07:15,692 - INFO -   ✓ Saved: RESTRUCTURED_DB/2008/jul/150931.json
2025-12-06 12:07:16,192 - INFO - 
[596/1000] Processing G.R. No. 151016
2025-12-06 12:07:16,192 - INFO -   Title: Sps. Sofronio Santos & Natividad Santos, et al. vs. Heirs of...
2025-12-06 12:07:16,573 - INFO -   ✓ Saved: RESTRUCTURED_DB/2008/aug/151016.json
2025-12-06 12:07:17,073 - INFO - 
[597/1000] Processing G.R. No. 151110
2025-12-06 12:07:17,073 - INFO -   Title: Spl. Pol. Lt. Ramon C. Torredes vs. Carlos Villamor...
2025-12-06 12:07:17,275 - INFO -   ✓ Saved: RESTRUCTURED_DB/2008/sep/151110.json
2025-12-06 12:07:17,776 - INFO - 
[598/1000] Processing G.R. No. 151121
2025-12-06 12:07:17,776 - INFO -   Title: Ruben S. Galero vs. the Hon. Court of Appeals, et al....
2025-12-06 12:07:18,150 - INFO -   ✓ Saved: RESTRUCTURED_DB/2008/jul/151121.json
2025-12-06 12:07:18,650 - INFO - 
[599/1000] Processing G.R. No. 151133
2025-12-06 12:07:18,650 - INFO -   Title: AFP General Insurance Corp. vs. Noel Molina, et al....
2025-12-06 12:07:19,024 - INFO -   ✓ Saved: RESTRUCTURED_DB/2008/jun/151133.json
2025-12-06 12:07:19,524 - INFO - 
[600/1000] Processing G.R. No. 151227
2025-12-06 12:07:19,525 - INFO -   Title: Gregorio S. Saberola vs. Ronald Suarez & Raymundo Lirasan, J...
2025-12-06 12:07:19,728 - INFO -   ✓ Saved: RESTRUCTURED_DB/2008/jul/151227.json
2025-12-06 12:07:20,228 - INFO - 
[601/1000] Processing G.R. No. 151309
2025-12-06 12:07:20,228 - INFO -   Title: Bisig Manggagawa sa Tryco etc., et al. vs. NLRC, et al....
2025-12-06 12:07:20,603 - INFO -   ✓ Saved: RESTRUCTURED_DB/2008/oct/151309.json
2025-12-06 12:07:21,103 - INFO - 
[602/1000] Processing G.R. No. 151342
2025-12-06 12:07:21,103 - INFO -   Title: Celso Verde vs. Victor E. Macapagal, et al....
2025-12-06 12:07:21,478 - INFO -   ✓ Saved: RESTRUCTURED_DB/2008/mar/151342.json
2025-12-06 12:07:21,978 - INFO - 
[603/1000] Processing G.R. No. 151402
2025-12-06 12:07:21,978 - INFO -   Title: Benguet Corporation, et al. vs. Cesar Cabildo...
2025-12-06 12:07:22,353 - INFO -   ✓ Saved: RESTRUCTURED_DB/2008/aug/151402.json
2025-12-06 12:07:22,854 - INFO - 
[604/1000] Processing G.R. No. 151413
2025-12-06 12:07:22,854 - INFO -   Title: Cagayan Valley Drug Corp. vs. Commissioner of Internal Reven...
2025-12-06 12:07:23,057 - INFO -   ✓ Saved: RESTRUCTURED_DB/2008/feb/151413.json
2025-12-06 12:07:23,557 - INFO - 
[605/1000] Processing G.R. No. 151424
2025-12-06 12:07:23,558 - INFO -   Title: Eagle Realty Corp. vs. Republic of the Phil. Rep. by Adminis...
2025-12-06 12:07:23,932 - INFO -   ✓ Saved: RESTRUCTURED_DB/2008/jul/151424.json
2025-12-06 12:07:24,433 - INFO - 
[606/1000] Processing G.R. No. 151854
2025-12-06 12:07:24,433 - INFO -   Title: Philux, Inc. & Max Keinle vs. NLRC and Patricia Perjes...
2025-12-06 12:07:24,808 - INFO -   ✓ Saved: RESTRUCTURED_DB/2008/sep/151854.json
2025-12-06 12:07:25,308 - INFO - 
[607/1000] Processing G.R. No. 151970
2025-12-06 12:07:25,308 - INFO -   Title: Winston Mendoza, et al. vs. Fernando Alarma, et al....
2025-12-06 12:07:25,511 - INFO -   ✓ Saved: RESTRUCTURED_DB/2008/may/151970.json
2025-12-06 12:07:26,011 - INFO - 
[608/1000] Processing G.R. No. 151983
2025-12-06 12:07:26,011 - INFO -   Title: Jose Max S. Ortiz vs. San Miguel Corporation...
2025-12-06 12:07:26,387 - INFO -   ✓ Saved: RESTRUCTURED_DB/2008/jul/151983.json
2025-12-06 12:07:26,887 - INFO - 
[609/1000] Processing G.R. No. 152065
2025-12-06 12:07:26,888 - INFO -   Title: Belen Real vs. People of the Philippines...
2025-12-06 12:07:27,092 - INFO -   ✓ Saved: RESTRUCTURED_DB/2008/jan/152065.json
2025-12-06 12:07:27,593 - INFO - 
[610/1000] Processing G.R. No. 152150
2025-12-06 12:07:27,593 - INFO -   Title: Sps. Reynaldo O. Padua, etc., et al. vs. Hon. Court of Appea...
2025-12-06 12:07:27,796 - INFO -   ✓ Saved: RESTRUCTURED_DB/2008/dec/152150.json
2025-12-06 12:07:28,296 - INFO - 
[611/1000] Processing G.R. No. 152325
2025-12-06 12:07:28,297 - INFO -   Title: Monicca B. Egoy vs. National Labor Relations Commission, et ...
2025-12-06 12:07:28,672 - INFO -   ✓ Saved: RESTRUCTURED_DB/2008/aug/152325.json
2025-12-06 12:07:29,172 - INFO - 
[612/1000] Processing G.R. No. 152343
2025-12-06 12:07:29,172 - INFO -   Title: Ma. Fe Bacos vs. Domingo Arcega...
2025-12-06 12:07:29,374 - INFO -   ✓ Saved: RESTRUCTURED_DB/2008/jan/152343.json
2025-12-06 12:07:29,875 - INFO - 
[613/1000] Processing G.R. No. 152445
2025-12-06 12:07:29,875 - INFO -   Title: Cambridge Realty and Resources Corp. vs. Eridanus Devt. Inc....
2025-12-06 12:07:30,425 - INFO -   ✓ Saved: RESTRUCTURED_DB/2008/jul/152445.json
2025-12-06 12:07:30,925 - INFO - 
[614/1000] Processing G.R. No. 152457
2025-12-06 12:07:30,926 - INFO -   Title: Rodolfo R. Mahinay vs. Court of Appeals, et al....
2025-12-06 12:07:31,129 - INFO -   ✓ Saved: RESTRUCTURED_DB/2008/oct/152457.json
2025-12-06 12:07:31,630 - INFO - 
[615/1000] Processing G.R. No. 152580
2025-12-06 12:07:31,630 - INFO -   Title: Consuelo Metal Corporation vs. Planters Development Bank, et...
2025-12-06 12:07:31,833 - INFO -   ✓ Saved: RESTRUCTURED_DB/2008/jun/152580.json
2025-12-06 12:07:32,333 - INFO - 
[616/1000] Processing G.R. No. 152643
2025-12-06 12:07:32,333 - INFO -   Title: Concepcion Cuenco Vda De Man Guerra et al. vs. Raul Risos, e...
2025-12-06 12:07:32,708 - INFO -   ✓ Saved: RESTRUCTURED_DB/2008/aug/152643.json
2025-12-06 12:07:33,208 - INFO - 
[617/1000] Processing G.R. No. 152666
2025-12-06 12:07:33,208 - INFO -   Title: Marciano Tan vs. Philippine Commercial International Bank...
2025-12-06 12:07:33,590 - INFO -   ✓ Saved: RESTRUCTURED_DB/2008/apr/152666.json
2025-12-06 12:07:34,090 - INFO - 
[618/1000] Processing G.R. No. 152859
2025-12-06 12:07:34,090 - INFO -   Title: Eufrocino C. Ibanez, et al. vs. AFP Retirement & Service Ben...
2025-12-06 12:07:34,466 - INFO -   ✓ Saved: RESTRUCTURED_DB/2008/jun/152859.json
2025-12-06 12:07:34,967 - INFO - 
[619/1000] Processing G.R. No. 152991
2025-12-06 12:07:34,967 - INFO -   Title: Alberto P. Oxales vs. United Laboratories, Inc....
2025-12-06 12:07:35,345 - INFO -   ✓ Saved: RESTRUCTURED_DB/2008/jul/152991.json
2025-12-06 12:07:35,845 - INFO - 
[620/1000] Processing G.R. No. 153077
2025-12-06 12:07:35,846 - INFO -   Title: Dolores Salinas etc. vs. Sps. Bienvenido S. Faustino & Ilumi...
2025-12-06 12:07:36,049 - INFO -   ✓ Saved: RESTRUCTURED_DB/2008/sep/153077.json
2025-12-06 12:07:36,549 - INFO - 
[621/1000] Processing G.R. No. 153263
2025-12-06 12:07:36,549 - INFO -   Title: Emma Ver-Reyes vs. Hon. Court of Appeals, et al....
2025-12-06 12:07:36,924 - INFO -   ✓ Saved: RESTRUCTURED_DB/2008/aug/153263.json
2025-12-06 12:07:37,424 - INFO - 
[622/1000] Processing G.R. No. 153287
2025-12-06 12:07:37,424 - INFO -   Title: Noel Guillermo y Basiliano vs. People of the Philippines...
2025-12-06 12:07:37,800 - INFO -   ✓ Saved: RESTRUCTURED_DB/2008/jun/153287.json
2025-12-06 12:07:38,301 - INFO - 
[623/1000] Processing G.R. No. 153420
2025-12-06 12:07:38,301 - INFO -   Title: Paraiso International Properties, Inc. vs. Court of Appeals,...
2025-12-06 12:07:38,677 - INFO -   ✓ Saved: RESTRUCTURED_DB/2008/apr/153420.json
2025-12-06 12:07:39,177 - INFO - 
[624/1000] Processing G.R. No. 153510
2025-12-06 12:07:39,177 - INFO -   Title: R.B. Michael Press, et al. vs. Nicasio C. Galit...
2025-12-06 12:07:39,381 - INFO -   ✓ Saved: RESTRUCTURED_DB/2008/feb/153510.json
2025-12-06 12:07:39,881 - INFO - 
[625/1000] Processing G.R. No. 153517
2025-12-06 12:07:39,881 - INFO -   Title: Ambee Food Services, Inc., et al. vs. Court of Appeals, et a...
2025-12-06 12:07:40,085 - INFO -   ✓ Saved: RESTRUCTURED_DB/2008/jun/153517.json
2025-12-06 12:07:40,585 - INFO - 
[626/1000] Processing G.R. No. 153587
2025-12-06 12:07:40,585 - INFO -   Title: Gloria Sondayon vs. P.J. Lhuiller Inc., et al....
2025-12-06 12:07:40,788 - INFO -   ✓ Saved: RESTRUCTURED_DB/2008/feb/153587.json
2025-12-06 12:07:41,288 - INFO - 
[627/1000] Processing G.R. No. 153624
2025-12-06 12:07:41,288 - INFO -   Title: Judge Morae-ion G. Angeles vs. P/Insp. Jom A. Mamauag, et al...
2025-12-06 12:07:41,491 - INFO -   ✓ Saved: RESTRUCTURED_DB/2008/oct/153624.json
2025-12-06 12:07:41,991 - INFO - 
[628/1000] Processing G.R. No. 153690
2025-12-06 12:07:41,991 - INFO -   Title: David Lu vs. Paterno Lu Ym, Sr., et al./ Paterno Lu Ym, Sr. ...
2025-12-06 12:07:42,540 - INFO -   ✓ Saved: RESTRUCTURED_DB/2008/aug/153690.json
2025-12-06 12:07:43,040 - INFO - 
[629/1000] Processing G.R. No. 153821
2025-12-06 12:07:43,040 - INFO -   Title: Forbes Park Association Inc. vs. PAGREL, Inc., et al....
2025-12-06 12:07:43,243 - INFO -   ✓ Saved: RESTRUCTURED_DB/2008/feb/153821.json
2025-12-06 12:07:43,744 - INFO - 
[630/1000] Processing G.R. No. 153835
2025-12-06 12:07:43,744 - INFO -   Title: GMA Network Inc. vs. Viva Television Corp....
2025-12-06 12:07:43,945 - INFO -   ✓ Saved: RESTRUCTURED_DB/2008/feb/153835.json
2025-12-06 12:07:44,446 - INFO - 
[631/1000] Processing G.R. No. 154080
2025-12-06 12:07:44,446 - INFO -   Title: Nelsie B. Canete, et al. vs. Genuino Ice Co, Inc....
2025-12-06 12:07:44,820 - INFO -   ✓ Saved: RESTRUCTURED_DB/2008/jan/154080.json
2025-12-06 12:07:45,320 - INFO - 
[632/1000] Processing G.R. No. 154096
2025-12-06 12:07:45,321 - INFO -   Title: Irene Marcos-Araneta, et al. vs. Court of Appeals, et al....
2025-12-06 12:07:45,696 - INFO -   ✓ Saved: RESTRUCTURED_DB/2008/aug/154096.json
2025-12-06 12:07:46,197 - INFO - 
[633/1000] Processing G.R. No. 154108
2025-12-06 12:07:46,197 - INFO -   Title: First United Construction Corp. vs. Menandro G. Valdez, et a...
2025-12-06 12:07:46,411 - INFO -   ✓ Saved: RESTRUCTURED_DB/2008/dec/154108.json
2025-12-06 12:07:46,911 - INFO - 
[634/1000] Processing G.R. No. 154155
2025-12-06 12:07:46,911 - INFO -   Title: The Ombudsman vs. Ben C. Jurado...
2025-12-06 12:07:47,288 - INFO -   ✓ Saved: RESTRUCTURED_DB/2008/aug/154155.json
2025-12-06 12:07:47,788 - INFO - 
[635/1000] Processing G.R. No. 154301
2025-12-06 12:07:47,789 - INFO -   Title: Carlos Manangan vs. People of the Philippines...
2025-12-06 12:07:48,002 - INFO -   ✓ Saved: RESTRUCTURED_DB/2008/oct/154301.json
2025-12-06 12:07:48,502 - INFO - 
[636/1000] Processing G.R. No. 154379
2025-12-06 12:07:48,502 - INFO -   Title: PCI Travel Corporation vs. NLRC & Nube-Amexpea/PCI Travel Em...
2025-12-06 12:07:48,705 - INFO -   ✓ Saved: RESTRUCTURED_DB/2008/oct/154379.json
2025-12-06 12:07:49,205 - INFO - 
[637/1000] Processing G.R. No. 154402
2025-12-06 12:07:49,205 - INFO -   Title: Heirs of Antonio F. Bernabe vs. Court of Appeals and Titan C...
2025-12-06 12:07:49,580 - INFO -   ✓ Saved: RESTRUCTURED_DB/2008/jul/154402.json
2025-12-06 12:07:50,080 - INFO - 
[638/1000] Processing G.R. No. 154450
2025-12-06 12:07:50,080 - INFO -   Title: Joseph L. Sy et al. vs. Nicolas Capistrano Jr., et al....
2025-12-06 12:07:50,284 - INFO -   ✓ Saved: RESTRUCTURED_DB/2008/jul/154450.json
2025-12-06 12:07:50,784 - INFO - 
[639/1000] Processing G.R. No. 154464
2025-12-06 12:07:50,784 - INFO -   Title: Ferdinand A. Cruz etc. vs. Judge Prescilla Mijares, et al....
2025-12-06 12:07:50,987 - INFO -   ✓ Saved: RESTRUCTURED_DB/2008/sep/154464.json
2025-12-06 12:07:51,487 - INFO - 
[640/1000] Processing G.R. No. 154466
2025-12-06 12:07:51,487 - INFO -   Title: Climaco Amora vs. People of the Philippines...
2025-12-06 12:07:51,690 - INFO -   ✓ Saved: RESTRUCTURED_DB/2008/jan/154466.json
2025-12-06 12:07:52,190 - INFO - 
[641/1000] Processing G.R. No. 154491
2025-12-06 12:07:52,190 - INFO -   Title: Coca-Cola Bottlers Phils. Inc. vs. Quintin J. Gomez, et al....
2025-12-06 12:07:52,567 - INFO -   ✓ Saved: RESTRUCTURED_DB/2008/nov/154491.json
2025-12-06 12:07:53,067 - INFO - 
[642/1000] Processing G.R. No. 154503
2025-12-06 12:07:53,067 - INFO -   Title: Uniwide Sales Warehouse Club, et al. vs. National Labor Rela...
2025-12-06 12:07:53,445 - INFO -   ✓ Saved: RESTRUCTURED_DB/2008/feb/154503.json
2025-12-06 12:07:53,945 - INFO - 
[643/1000] Processing G.R. No. 154557
2025-12-06 12:07:53,945 - INFO -   Title: People of the Philippines vs. the Hon. Court of Appeals...
2025-12-06 12:07:54,149 - INFO -   ✓ Saved: RESTRUCTURED_DB/2008/feb/154557.json
2025-12-06 12:07:54,649 - INFO - 
[644/1000] Processing G.R. No. 154577
2025-12-06 12:07:54,649 - INFO -   Title: El Cid Pagurayan, et al. vs. Leonardo T. Reyes, et al....
2025-12-06 12:07:54,855 - INFO -   ✓ Saved: RESTRUCTURED_DB/2008/jul/154577.json
2025-12-06 12:07:55,355 - INFO - 
[645/1000] Processing G.R. No. 154632
2025-12-06 12:07:55,355 - INFO -   Title: Sps. Reynaldo & Zenaida Leong, et al. vs. Hon. Eduardo Israe...
2025-12-06 12:07:55,729 - INFO -   ✓ Saved: RESTRUCTURED_DB/2008/mar/154632.json
2025-12-06 12:07:56,229 - INFO - 
[646/1000] Processing G.R. No. 154716
2025-12-06 12:07:56,230 - INFO -   Title: Far East Bank & Trust Co. et al. vs. Trust Union Shipping Co...
2025-12-06 12:07:56,604 - INFO -   ✓ Saved: RESTRUCTURED_DB/2008/sep/154716.json
2025-12-06 12:07:57,104 - INFO - 
[647/1000] Processing G.R. No. 154885
2025-12-06 12:07:57,104 - INFO -   Title: Diesel Construction Co Inc vs. UPSI Property Holdings Inc. /...
2025-12-06 12:07:57,480 - INFO -   ✓ Saved: RESTRUCTURED_DB/2008/mar/154885.json
2025-12-06 12:07:57,980 - INFO - 
[648/1000] Processing G.R. No. 154953
2025-12-06 12:07:57,980 - INFO -   Title: Republic of the Philippines vs. T.A.N. Properties, Inc....
2025-12-06 12:07:58,356 - INFO -   ✓ Saved: RESTRUCTURED_DB/2008/jun/154953.json
2025-12-06 12:07:58,856 - INFO - 
[649/1000] Processing G.R. No. 154992
2025-12-06 12:07:58,857 - INFO -   Title: Harry G. Lim vs. Aniano Desierto, et al....
2025-12-06 12:07:59,060 - INFO -   ✓ Saved: RESTRUCTURED_DB/2008/feb/154992.json
2025-12-06 12:07:59,560 - INFO - 
[650/1000] Processing G.R. No. 155034
2025-12-06 12:07:59,560 - INFO -   Title: Virgilio Sapio vs. Undaloc Construction and/or Engr. Cirilo ...
2025-12-06 12:07:59,776 - INFO -   ✓ Saved: RESTRUCTURED_DB/2008/may/155034.json
2025-12-06 12:08:00,277 - INFO - 
[651/1000] Processing G.R. No. 155111
2025-12-06 12:08:00,277 - INFO -   Title: Cornelio Lampesa, et al. vs. Dr. Juan de Vera, Jr., et al....
2025-12-06 12:08:00,481 - INFO -   ✓ Saved: RESTRUCTURED_DB/2008/feb/155111.json
2025-12-06 12:08:00,981 - INFO - 
[652/1000] Processing G.R. No. 155178
2025-12-06 12:08:00,981 - INFO -   Title: San Miguel Corp. vs. Angel C. Pontillas...
2025-12-06 12:08:01,356 - INFO -   ✓ Saved: RESTRUCTURED_DB/2008/may/155178.json
2025-12-06 12:08:01,856 - INFO - 
[653/1000] Processing G.R. No. 155207
2025-12-06 12:08:01,856 - INFO -   Title: Wilhelmina S. Orozco vs. the 5th Div. of the Hon. Court of A...
2025-12-06 12:08:02,232 - INFO -   ✓ Saved: RESTRUCTURED_DB/2008/aug/155207.json
2025-12-06 12:08:02,733 - INFO - 
[654/1000] Processing G.R. No. 155339
2025-12-06 12:08:02,733 - INFO -   Title: Rose Aoas vs. People of the Philippines...
2025-12-06 12:08:02,936 - INFO -   ✓ Saved: RESTRUCTURED_DB/2008/mar/155339.json
2025-12-06 12:08:03,437 - INFO - 
[655/1000] Processing G.R. No. 155407
2025-12-06 12:08:03,437 - INFO -   Title: Philippine National Oil Company vs. Leonilo Maglasang, et al...
2025-12-06 12:08:03,815 - INFO -   ✓ Saved: RESTRUCTURED_DB/2008/nov/155407.json
2025-12-06 12:08:04,315 - INFO - 
[656/1000] Processing G.R. No. 155408
2025-12-06 12:08:04,315 - INFO -   Title: Julio A. Vivares, et al. vs. Engr. Jose J. Reyes...
2025-12-06 12:08:04,689 - INFO -   ✓ Saved: RESTRUCTURED_DB/2008/feb/155408.json
2025-12-06 12:08:05,189 - INFO - 
[657/1000] Processing G.R. No. 155450
2025-12-06 12:08:05,189 - INFO -   Title: Republic of the Philippines etc. vs. Heirs of Antonio Carag,...
2025-12-06 12:08:05,565 - INFO -   ✓ Saved: RESTRUCTURED_DB/2008/aug/155450.json
2025-12-06 12:08:06,065 - INFO - 
[658/1000] Processing G.R. No. 155454
2025-12-06 12:08:06,065 - INFO -   Title: Eduardo Colmenares, et al. vs. Heirs of Rosario Vda De Gonza...
2025-12-06 12:08:06,276 - INFO -   ✓ Saved: RESTRUCTURED_DB/2008/dec/155454.json
2025-12-06 12:08:06,777 - INFO - 
[659/1000] Processing G.R. No. 155491
2025-12-06 12:08:06,777 - INFO -   Title: Smart Commuications, Inc. vs. the City of Davao Rep. Herein ...
2025-12-06 12:08:07,152 - INFO -   ✓ Saved: RESTRUCTURED_DB/2008/sep/155491.json
2025-12-06 12:08:07,653 - INFO - 
[660/1000] Processing G.R. No. 155550
2025-12-06 12:08:07,653 - INFO -   Title: Northwest Airlines, Inc. vs. Steven P. Chiong...
2025-12-06 12:08:08,029 - INFO -   ✓ Saved: RESTRUCTURED_DB/2008/jan/155550.json
2025-12-06 12:08:08,529 - INFO - 
[661/1000] Processing G.R. No. 155553
2025-12-06 12:08:08,529 - INFO -   Title: Nimfa Mitre Reyes, et al. vs. Heirs of Eudosia D. Daez, etc....
2025-12-06 12:08:08,733 - INFO -   ✓ Saved: RESTRUCTURED_DB/2008/aug/155553.json
2025-12-06 12:08:09,233 - INFO - 
[662/1000] Processing G.R. No. 155635
2025-12-06 12:08:09,233 - INFO -   Title: Maria Rebecca Makapugay Bayot vs. the Hon. Court of Appeals,...
2025-12-06 12:08:09,610 - INFO -   ✓ Saved: RESTRUCTURED_DB/2008/nov/155635.json
2025-12-06 12:08:10,110 - INFO - 
[663/1000] Processing G.R. No. 155640
2025-12-06 12:08:10,110 - INFO -   Title: Eugenia Castellano, et al. vs. Sps Florentino Francisco etc....
2025-12-06 12:08:10,313 - INFO -   ✓ Saved: RESTRUCTURED_DB/2008/may/155640.json
2025-12-06 12:08:10,814 - INFO - 
[664/1000] Processing G.R. No. 155703
2025-12-06 12:08:10,814 - INFO -   Title: The Republic of the of the Philippines vs. Dominador Santua....
2025-12-06 12:08:11,030 - INFO -   ✓ Saved: RESTRUCTURED_DB/2008/sep/155703.json
2025-12-06 12:08:11,530 - INFO - 
[665/1000] Processing G.R. No. 155758
2025-12-06 12:08:11,530 - INFO -   Title: Heirs of Jose Esplana etc. vs. the CA & Heirs of Pedro De Li...
2025-12-06 12:08:11,741 - INFO -   ✓ Saved: RESTRUCTURED_DB/2008/oct/155758.json
2025-12-06 12:08:12,241 - INFO - 
[666/1000] Processing G.R. No. 155804
2025-12-06 12:08:12,242 - INFO -   Title: Victorino F. Villanueva, et al. vs. Francisco Viloria, et al...
2025-12-06 12:08:12,444 - INFO -   ✓ Saved: RESTRUCTURED_DB/2008/mar/155804.json
2025-12-06 12:08:12,945 - INFO - 
[667/1000] Processing G.R. No. 155806
2025-12-06 12:08:12,945 - INFO -   Title: Tible & Tible Company, Inc., et al. vs. Royal Savings and Lo...
2025-12-06 12:08:13,328 - INFO -   ✓ Saved: RESTRUCTURED_DB/2008/apr/155806.json
2025-12-06 12:08:13,829 - INFO - 
[668/1000] Processing G.R. No. 155813
2025-12-06 12:08:13,829 - INFO -   Title: Cecilia S. Baldueza etc. vs. Hon. Court of Appeals, et al....
2025-12-06 12:08:14,031 - INFO -   ✓ Saved: RESTRUCTURED_DB/2008/oct/155813.json
2025-12-06 12:08:14,531 - INFO - 
[669/1000] Processing G.R. No. 155831
2025-12-06 12:08:14,531 - INFO -   Title: Ma. Lourdes T. Domingo vs. Rogelio I. Rayala/Rogelio I. Raya...
2025-12-06 12:08:15,081 - INFO -   ✓ Saved: RESTRUCTURED_DB/2008/feb/155831.json
2025-12-06 12:08:15,581 - INFO - 
[670/1000] Processing G.R. No. 155844
2025-12-06 12:08:15,581 - INFO -   Title: Nationwide Security and Allied Services Inc. vs. the CA, et ...
2025-12-06 12:08:15,792 - INFO -   ✓ Saved: RESTRUCTURED_DB/2008/jul/155844.json
2025-12-06 12:08:16,292 - INFO - 
[671/1000] Processing G.R. No. 156011
2025-12-06 12:08:16,292 - INFO -   Title: Heirs of Generoso A. Juaban, et al. vs. Concordio Bancale, e...
2025-12-06 12:08:16,667 - INFO -   ✓ Saved: RESTRUCTURED_DB/2008/jul/156011.json
2025-12-06 12:08:17,167 - INFO - 
[672/1000] Processing G.R. No. 156029
2025-12-06 12:08:17,167 - INFO -   Title: Santosa B. Datuman vs. First Cosmopolitan Manpower and Promo...
2025-12-06 12:08:17,542 - INFO -   ✓ Saved: RESTRUCTURED_DB/2008/nov/156029.json
2025-12-06 12:08:18,043 - INFO - 
[673/1000] Processing G.R. No. 156040
2025-12-06 12:08:18,043 - INFO -   Title: Digital Telecommunications Philippines, Inc. vs. City Govt o...
2025-12-06 12:08:18,424 - INFO -   ✓ Saved: RESTRUCTURED_DB/2008/dec/156040.json
2025-12-06 12:08:18,925 - INFO - 
[674/1000] Processing G.R. No. 156051
2025-12-06 12:08:18,925 - INFO -   Title: Allan F. Puen vs. Sta. Ana Agro-Aqua Corp., et al....
2025-12-06 12:08:19,134 - INFO -   ✓ Saved: RESTRUCTURED_DB/2008/jan/156051.json
2025-12-06 12:08:19,635 - INFO - 
[675/1000] Processing G.R. No. 156052
2025-12-06 12:08:19,635 - INFO -   Title: Social Justice Society, et al. vs. Hon. Jose L. Atienza, Jr....
2025-12-06 12:08:20,194 - INFO -   ✓ Saved: RESTRUCTURED_DB/2008/feb/156052.json
2025-12-06 12:08:20,694 - INFO - 
[676/1000] Processing G.R. No. 156076
2025-12-06 12:08:20,694 - INFO -   Title: Sps. Jesus Ching & Lee Poe Tin vs. Sps. Adolfo & Arsenia Enr...
2025-12-06 12:08:20,898 - INFO -   ✓ Saved: RESTRUCTURED_DB/2008/sep/156076.json
2025-12-06 12:08:21,398 - INFO - 
[677/1000] Processing G.R. No. 156078
2025-12-06 12:08:21,398 - INFO -   Title: Heirs of Cesar Marasigan etc. vs. Apolonio, et al. All surna...
2025-12-06 12:08:21,788 - INFO -   ✓ Saved: RESTRUCTURED_DB/2008/mar/156078.json
2025-12-06 12:08:22,288 - INFO - 
[678/1000] Processing G.R. No. 156225
2025-12-06 12:08:22,288 - INFO -   Title: Letran Calamba Faculty & Employees Asso. vs. Colegio De San ...
2025-12-06 12:08:22,493 - INFO -   ✓ Saved: RESTRUCTURED_DB/2008/jan/147420.json
2025-12-06 12:08:22,993 - INFO - 
[679/1000] Processing G.R. No. 156286
2025-12-06 12:08:22,993 - INFO -   Title: Marita Bernaldo vs. the Ombudsman & the Department of Public...
2025-12-06 12:08:23,370 - INFO -   ✓ Saved: RESTRUCTURED_DB/2008/aug/156286.json
2025-12-06 12:08:23,871 - INFO - 
[680/1000] Processing G.R. No. 156310
2025-12-06 12:08:23,871 - INFO -   Title: Xerxes A. Abadiano vs. Sps. Jesus & Lolita Martir...
2025-12-06 12:08:24,248 - INFO -   ✓ Saved: RESTRUCTURED_DB/2008/jul/156310.json
2025-12-06 12:08:24,748 - INFO - 
[681/1000] Processing G.R. No. 156382
2025-12-06 12:08:24,748 - INFO -   Title: Mcdonald's Katipunan Branch, etc. vs. Ma. Dulce Alba...
2025-12-06 12:08:24,962 - INFO -   ✓ Saved: RESTRUCTURED_DB/2008/dec/156382.json
2025-12-06 12:08:25,463 - INFO - 
[682/1000] Processing G.R. No. 156421
2025-12-06 12:08:25,463 - INFO -   Title: Hon. Jose Fernadez, et al. vs. Spouses Gregorio Espinoza and...
2025-12-06 12:08:25,839 - INFO -   ✓ Saved: RESTRUCTURED_DB/2008/apr/156421.json
2025-12-06 12:08:26,339 - INFO - 
[683/1000] Processing G.R. No. 156470
2025-12-06 12:08:26,340 - INFO -   Title: Frederick Dael vs. Sps. Benedicto & Vilman Beltran...
2025-12-06 12:08:26,543 - INFO -   ✓ Saved: RESTRUCTURED_DB/2008/apr/156470.json
2025-12-06 12:08:27,043 - INFO - 
[684/1000] Processing G.R. No. 156482
2025-12-06 12:08:27,043 - INFO -   Title: Pedro Gabriel, et al. vs. Murmura Y Jamias, et al....
2025-12-06 12:08:27,420 - INFO -   ✓ Saved: RESTRUCTURED_DB/2008/sep/156482.json
2025-12-06 12:08:27,920 - INFO - 
[685/1000] Processing G.R. No. 156571
2025-12-06 12:08:27,920 - INFO -   Title: Intra-Strata Assurance Corp & Phil. Home Assurance Corp vs. ...
2025-12-06 12:08:28,295 - INFO -   ✓ Saved: RESTRUCTURED_DB/2008/jul/156571.json
2025-12-06 12:08:28,795 - INFO - 
[686/1000] Processing G.R. No. 156613
2025-12-06 12:08:28,795 - INFO -   Title: Malayang Kapisanan ng mga Manggagawa sa Associated Anglo Ame...
2025-12-06 12:08:29,009 - INFO -   ✓ Saved: RESTRUCTURED_DB/2008/feb/156613.json
2025-12-06 12:08:29,509 - INFO - 
[687/1000] Processing G.R. No. 156644
2025-12-06 12:08:29,509 - INFO -   Title: Universal Robina Sugar Milling Corp. and/or Renato Cabati as...
2025-12-06 12:08:29,885 - INFO -   ✓ Saved: RESTRUCTURED_DB/2008/jul/156644.json
2025-12-06 12:08:30,385 - INFO - 
[688/1000] Processing G.R. No. 156654
2025-12-06 12:08:30,385 - INFO -   Title: Philippine Airlines, Inc. vs. Vicente Lopez, Jr....
2025-12-06 12:08:30,588 - INFO -   ✓ Saved: RESTRUCTURED_DB/2008/nov/156654.json
2025-12-06 12:08:31,088 - INFO - 
[689/1000] Processing G.R. No. 156850
2025-12-06 12:08:31,088 - INFO -   Title: National Housing Authority vs. Perico V. Jao etc., et al....
2025-12-06 12:08:31,472 - INFO -   ✓ Saved: RESTRUCTURED_DB/2008/oct/156850.json
2025-12-06 12:08:31,972 - INFO - 
[690/1000] Processing G.R. No. 156882
2025-12-06 12:08:31,972 - INFO -   Title: Banco De Oro-Epci, Inc. vs. Hon. Zenaida R. Daguna etc. & Ph...
2025-12-06 12:08:32,346 - INFO -   ✓ Saved: RESTRUCTURED_DB/2008/oct/156882.json
2025-12-06 12:08:32,846 - INFO - 
[691/1000] Processing G.R. No. 156962
2025-12-06 12:08:32,847 - INFO -   Title: Victorias Milling Co., Inc. vs. Luis J. Padilla, et al....
2025-12-06 12:08:33,619 - INFO -   ✓ Saved: RESTRUCTURED_DB/2008/oct/156962.json
2025-12-06 12:08:34,120 - INFO - 
[692/1000] Processing G.R. No. 157040
2025-12-06 12:08:34,120 - INFO -   Title: Jerryco C. Rivera vs. Hon. Court of Appeals, et al....
2025-12-06 12:08:34,497 - INFO -   ✓ Saved: RESTRUCTURED_DB/2008/feb/157040.json
2025-12-06 12:08:34,997 - INFO - 
[693/1000] Processing G.R. No. 157106
2025-12-06 12:08:34,997 - INFO -   Title: Romulo Tindoy vs. People of the Philippines...
2025-12-06 12:08:35,200 - INFO -   ✓ Saved: RESTRUCTURED_DB/2008/sep/157106.json
2025-12-06 12:08:35,701 - INFO - 
[694/1000] Processing G.R. No. 157177
2025-12-06 12:08:35,701 - INFO -   Title: Bank of the Philippine Islands vs. Jesusa P. Reyes, et al....
2025-12-06 12:08:36,078 - INFO -   ✓ Saved: RESTRUCTURED_DB/2008/feb/157177.json
2025-12-06 12:08:36,579 - INFO - 
[695/1000] Processing G.R. No. 157206
2025-12-06 12:08:36,579 - INFO -   Title: Land Bank of the Philippines vs. Sps. Placido Orilla & Clara...
2025-12-06 12:08:36,954 - INFO -   ✓ Saved: RESTRUCTURED_DB/2008/jun/157206.json
2025-12-06 12:08:37,455 - INFO - 
[696/1000] Processing G.R. No. 157264
2025-12-06 12:08:37,455 - INFO -   Title: Philippine Long Distance Telephone Company vs. Commissioner ...
2025-12-06 12:08:37,831 - INFO -   ✓ Saved: RESTRUCTURED_DB/2008/jan/157264.json
2025-12-06 12:08:38,331 - INFO - 
[697/1000] Processing G.R. No. 157287
2025-12-06 12:08:38,331 - INFO -   Title: WT Construction, Inc. vs. Hon. Ulric R. Cañete, et al....
2025-12-06 12:08:38,534 - INFO -   ✓ Saved: RESTRUCTURED_DB/2008/feb/157287.json
2025-12-06 12:08:39,034 - INFO - 
[698/1000] Processing G.R. No. 157309
2025-12-06 12:08:39,034 - INFO -   Title: Marlou L. Velasquez vs. Solidbank Corporation...
2025-12-06 12:08:39,246 - INFO -   ✓ Saved: RESTRUCTURED_DB/2008/mar/157309.json
2025-12-06 12:08:39,746 - INFO - 
[699/1000] Processing G.R. No. 157484
2025-12-06 12:08:39,746 - INFO -   Title: Association of International Shipping Lines, Inc. etc. vs. P...
2025-12-06 12:08:40,122 - INFO -   ✓ Saved: RESTRUCTURED_DB/2008/mar/157484.json
2025-12-06 12:08:40,622 - INFO - 
[700/1000] Processing G.R. No. 157542
2025-12-06 12:08:40,622 - INFO -   Title: Rebecca Abarbo, Eleonora R. De Jesus, Manolo A. Kagahastian ...
2025-12-06 12:08:40,837 - INFO -   ✓ Saved: RESTRUCTURED_DB/2008/oct/157542.json
2025-12-06 12:08:41,338 - INFO - 
[701/1000] Processing G.R. No. 157573
2025-12-06 12:08:41,338 - INFO -   Title: Elinel Caña vs. Evangelical Free Church of the Philippines...
2025-12-06 12:08:41,714 - INFO -   ✓ Saved: RESTRUCTURED_DB/2008/feb/157573.json
2025-12-06 12:08:42,214 - INFO - 
[702/1000] Processing G.R. No. 157592
2025-12-06 12:08:42,214 - INFO -   Title: Presidential Commission on Good Government vs. Sandiganbayan...
2025-12-06 12:08:42,591 - INFO -   ✓ Saved: RESTRUCTURED_DB/2008/oct/157592.json
2025-12-06 12:08:43,091 - INFO - 
[703/1000] Processing G.R. No. 157643
2025-12-06 12:08:43,091 - INFO -   Title: Cristinelli S. Fermin vs. People of the Philippines...
2025-12-06 12:08:43,468 - INFO -   ✓ Saved: RESTRUCTURED_DB/2008/mar/157643.json
2025-12-06 12:08:43,968 - INFO - 
[704/1000] Processing G.R. No. 157680
2025-12-06 12:08:43,969 - INFO -   Title: Equipment Technical Services etc. vs. Court of Appeals, et a...
2025-12-06 12:08:44,172 - INFO -   ✓ Saved: RESTRUCTURED_DB/2008/oct/157680.json
2025-12-06 12:08:44,673 - INFO - 
[705/1000] Processing G.R. No. 157707
2025-12-06 12:08:44,673 - INFO -   Title: Marcial Fajardo vs. Hon. Court of Appeals, et al....
2025-12-06 12:08:44,876 - INFO -   ✓ Saved: RESTRUCTURED_DB/2008/oct/157707.json
2025-12-06 12:08:45,376 - INFO - 
[706/1000] Processing G.R. No. 157784
2025-12-06 12:08:45,376 - INFO -   Title: Richard B. Lopez, etc. vs. Court of Appeals, et al....
2025-12-06 12:08:45,753 - INFO -   ✓ Saved: RESTRUCTURED_DB/2008/dec/157784.json
2025-12-06 12:08:46,253 - INFO - 
[707/1000] Processing G.R. No. 157870
2025-12-06 12:08:46,253 - INFO -   Title: Social Justice Society vs. Dangerous Drugs Board & Philippin...
2025-12-06 12:08:46,632 - INFO -   ✓ Saved: RESTRUCTURED_DB/2008/nov/157870.json
2025-12-06 12:08:47,132 - INFO - 
[708/1000] Processing G.R. No. 157966
2025-12-06 12:08:47,132 - INFO -   Title: Eddie Pacquing, et al. vs. Coca-Cola Philippines, Inc....
2025-12-06 12:08:47,510 - INFO -   ✓ Saved: RESTRUCTURED_DB/2008/jan/157966.json
2025-12-06 12:08:48,011 - INFO - 
[709/1000] Processing G.R. No. 158026
2025-12-06 12:08:48,011 - INFO -   Title: Dorie Abesa Nicolas vs. Del-Nacia Corporation...
2025-12-06 12:08:48,224 - INFO -   ✓ Saved: RESTRUCTURED_DB/2008/apr/158026.json
2025-12-06 12:08:48,724 - INFO - 
[710/1000] Processing G.R. No. 158040
2025-12-06 12:08:48,724 - INFO -   Title: Spouses Onesiforo and Rosario Alinas vs. Spouses Victor and ...
2025-12-06 12:08:48,931 - INFO -   ✓ Saved: RESTRUCTURED_DB/2008/apr/158040.json
2025-12-06 12:08:49,431 - INFO - 
[711/1000] Processing G.R. No. 158084
2025-12-06 12:08:49,431 - INFO -   Title: J.K. Mercado & Sons Agricultural Enterprises Inc. vs. Hon. P...
2025-12-06 12:08:49,640 - INFO -   ✓ Saved: RESTRUCTURED_DB/2008/aug/158084.json
2025-12-06 12:08:50,140 - INFO - 
[712/1000] Processing G.R. No. 158144
2025-12-06 12:08:50,140 - INFO -   Title: St. Mary's Farm Inc. vs. Prima Real Properties, Inc. et al....
2025-12-06 12:08:50,523 - INFO -   ✓ Saved: RESTRUCTURED_DB/2008/jul/158144.json
2025-12-06 12:08:51,023 - INFO - 
[713/1000] Processing G.R. No. 158182
2025-12-06 12:08:51,023 - INFO -   Title: Sesinando Merida vs. People of the Philippines...
2025-12-06 12:08:51,400 - INFO -   ✓ Saved: RESTRUCTURED_DB/2008/jun/158182.json
2025-12-06 12:08:51,900 - INFO - 
[714/1000] Processing G.R. No. 158230
2025-12-06 12:08:51,900 - INFO -   Title: Republic fo the Philippines rep. by the director of lands vs...
2025-12-06 12:08:52,104 - INFO -   ✓ Saved: RESTRUCTURED_DB/2008/jul/158230.json
2025-12-06 12:08:52,604 - INFO - 
[715/1000] Processing G.R. No. 158262
2025-12-06 12:08:52,604 - INFO -   Title: Sps. Pedro and Florencia Violago vs. BA Finance Corp. and Av...
2025-12-06 12:08:52,980 - INFO -   ✓ Saved: RESTRUCTURED_DB/2008/jul/158262.json
2025-12-06 12:08:53,480 - INFO - 
[716/1000] Processing G.R. No. 158270
2025-12-06 12:08:53,480 - INFO -   Title: Land Bank of the Philippines vs. Hermin Arceo, et al....
2025-12-06 12:08:53,684 - INFO -   ✓ Saved: RESTRUCTURED_DB/2008/jul/158270.json
2025-12-06 12:08:54,184 - INFO - 
[717/1000] Processing G.R. No. 158271
2025-12-06 12:08:54,184 - INFO -   Title: China Banking Corporation vs. Asian Construction and Develop...
2025-12-06 12:08:54,561 - INFO -   ✓ Saved: RESTRUCTURED_DB/2008/apr/158271.json
2025-12-06 12:08:55,061 - INFO - 
[718/1000] Processing G.R. No. 158312
2025-12-06 12:08:55,061 - INFO -   Title: John Dy vs. People of the Philippines, et al....
2025-12-06 12:08:55,438 - INFO -   ✓ Saved: RESTRUCTURED_DB/2008/nov/158312.json
2025-12-06 12:08:55,938 - INFO - 
[719/1000] Processing G.R. No. 158332
2025-12-06 12:08:55,938 - INFO -   Title: Maricalum Mining Corp. vs. Remington Industrial Sales Corp....
2025-12-06 12:08:56,153 - INFO -   ✓ Saved: RESTRUCTURED_DB/2008/feb/158332.json
2025-12-06 12:08:56,654 - INFO - 
[720/1000] Processing G.R. No. 158384
2025-12-06 12:08:56,654 - INFO -   Title: Juan Olivares, et al. vs. Esperanza De La Cruz Sarmiento...
2025-12-06 12:08:56,857 - INFO -   ✓ Saved: RESTRUCTURED_DB/2008/jun/158384.json
2025-12-06 12:08:57,358 - INFO - 
[721/1000] Processing G.R. No. 158401
2025-12-06 12:08:57,358 - INFO -   Title: Philippine Ports Authority vs. William Gothong & Aboitiz (WG...
2025-12-06 12:08:57,561 - INFO -   ✓ Saved: RESTRUCTURED_DB/2008/jan/158401.json
2025-12-06 12:08:58,062 - INFO - 
[722/1000] Processing G.R. No. 158621
2025-12-06 12:08:58,062 - INFO -   Title: Royal Cargo Corporation vs. DFS Sports Unlimited, Inc....
2025-12-06 12:08:58,439 - INFO -   ✓ Saved: RESTRUCTURED_DB/2008/dec/158621.json
2025-12-06 12:08:58,939 - INFO - 
[723/1000] Processing G.R. No. 158642
2025-12-06 12:08:58,940 - INFO -   Title: Estate of Don Felimon Y. Sotto represented by its administra...
2025-12-06 12:08:59,149 - INFO -   ✓ Saved: RESTRUCTURED_DB/2008/sep/158642.json
2025-12-06 12:08:59,650 - INFO - 
[724/1000] Processing G.R. No. 158768
2025-12-06 12:08:59,650 - INFO -   Title: Titan-Ikeda Construction and Development Corp. vs. Primetown...
2025-12-06 12:09:00,032 - INFO -   ✓ Saved: RESTRUCTURED_DB/2008/feb/158768.json
2025-12-06 12:09:00,532 - INFO - 
[725/1000] Processing G.R. No. 158788
2025-12-06 12:09:00,532 - INFO -   Title: Ely Agustin vs. People of the Philippines...
2025-12-06 12:09:00,916 - INFO -   ✓ Saved: RESTRUCTURED_DB/2008/apr/158788.json
2025-12-06 12:09:01,416 - INFO - 
[726/1000] Processing G.R. No. 158848
2025-12-06 12:09:01,416 - INFO -   Title: Esteban Yau vs. Ricardo C. Silverio, Sr./Arturo Macapagal vs...
2025-12-06 12:09:01,627 - INFO -   ✓ Saved: RESTRUCTURED_DB/2008/feb/158848.json
2025-12-06 12:09:02,127 - INFO - 
[727/1000] Processing G.R. No. 158911
2025-12-06 12:09:02,127 - INFO -   Title: Manila Electric Company vs. Matilde Macabagdal Ramoyetal...
2025-12-06 12:09:02,502 - INFO -   ✓ Saved: RESTRUCTURED_DB/2008/mar/158911.json
2025-12-06 12:09:03,002 - INFO - 
[728/1000] Processing G.R. No. 158930
2025-12-06 12:09:03,002 - INFO -   Title: Union of Filipro Employees-Drug, Food etc. vs. Nestle Phil I...
2025-12-06 12:09:03,379 - INFO -   ✓ Saved: RESTRUCTURED_DB/2008/mar/158930.json
2025-12-06 12:09:03,879 - INFO - 
[729/1000] Processing G.R. No. 158941
2025-12-06 12:09:03,879 - INFO -   Title: Timeshare Realty Corp. vs. Cesar Lao, et al....
2025-12-06 12:09:04,083 - INFO -   ✓ Saved: RESTRUCTURED_DB/2008/feb/158941.json
2025-12-06 12:09:04,583 - INFO - 
[730/1000] Processing G.R. No. 158996
2025-12-06 12:09:04,584 - INFO -   Title: Sps Fredelicto Flores (Deceased) & Felicisima Flores vs. Sps...
2025-12-06 12:09:04,961 - INFO -   ✓ Saved: RESTRUCTURED_DB/2008/nov/158996.json
2025-12-06 12:09:05,462 - INFO - 
[731/1000] Processing G.R. No. 158997
2025-12-06 12:09:05,462 - INFO -   Title: Fort Bonifacio Development Corporation vs. Yllas Lending Cor...
2025-12-06 12:09:05,837 - INFO -   ✓ Saved: RESTRUCTURED_DB/2008/oct/158997.json
2025-12-06 12:09:06,337 - INFO - 
[732/1000] Processing G.R. No. 158998
2025-12-06 12:09:06,337 - INFO -   Title: Ligaya, et al. all surnamed Biglang-awa vs. Philippine Trust...
2025-12-06 12:09:06,722 - INFO -   ✓ Saved: RESTRUCTURED_DB/2008/mar/158998.json
2025-12-06 12:09:07,223 - INFO - 
[733/1000] Processing G.R. No. 159026
2025-12-06 12:09:07,223 - INFO -   Title: Mrs. Alberta Yanson, etc. vs. the Hon. Secretary, Department...
2025-12-06 12:09:07,428 - INFO -   ✓ Saved: RESTRUCTURED_DB/2008/feb/159026.json
2025-12-06 12:09:07,928 - INFO - 
[734/1000] Processing G.R. No. 159127
2025-12-06 12:09:07,928 - INFO -   Title: Ramon Gerardo B. San Luis vs. Hon. Pablito M. Rojas, et al....
2025-12-06 12:09:08,304 - INFO -   ✓ Saved: RESTRUCTURED_DB/2008/mar/159127.json
2025-12-06 12:09:08,804 - INFO - 
[735/1000] Processing G.R. No. 159130
2025-12-06 12:09:08,804 - INFO -   Title: Atty. George S. Briones vs. Lilia J. Henson-Cruz, et al....
2025-12-06 12:09:09,181 - INFO -   ✓ Saved: RESTRUCTURED_DB/2008/aug/159130.json
2025-12-06 12:09:09,681 - INFO - 
[736/1000] Processing G.R. No. 159132
2025-12-06 12:09:09,682 - INFO -   Title: Fe Cayao-Lasam vs. Spouses Claro & Editha Ramolete...
2025-12-06 12:09:10,060 - INFO -   ✓ Saved: RESTRUCTURED_DB/2008/dec/159132.json
2025-12-06 12:09:10,560 - INFO - 
[737/1000] Processing G.R. No. 159220
2025-12-06 12:09:10,560 - INFO -   Title: Ma. Darlene Dimayuga-Laurena vs. Court of Appeals & Jesse La...
2025-12-06 12:09:10,774 - INFO -   ✓ Saved: RESTRUCTURED_DB/2008/sep/159220.json
2025-12-06 12:09:11,274 - INFO - 
[738/1000] Processing G.R. No. 159240
2025-12-06 12:09:11,274 - INFO -   Title: Gregorio Silot, Jr. vs. Estrella de la Rosa...
2025-12-06 12:09:11,478 - INFO -   ✓ Saved: RESTRUCTURED_DB/2008/feb/159240.json
2025-12-06 12:09:11,978 - INFO - 
[739/1000] Processing G.R. No. 159255
2025-12-06 12:09:11,978 - INFO -   Title: Rodolfo Vasquez vs. People of the Philippines...
2025-12-06 12:09:12,353 - INFO -   ✓ Saved: RESTRUCTURED_DB/2008/jan/159255.json
2025-12-06 12:09:12,853 - INFO - 
[740/1000] Processing G.R. No. 159308
2025-12-06 12:09:12,853 - INFO -   Title: Republic of the Philippines etc. vs. Pagadian City Timber Co...
2025-12-06 12:09:13,230 - INFO -   ✓ Saved: RESTRUCTURED_DB/2008/sep/159308.json
2025-12-06 12:09:13,730 - INFO - 
[741/1000] Processing G.R. No. 159323
2025-12-06 12:09:13,730 - INFO -   Title: Coca-Cola Bottlers (Phils.) Inc., et al. vs. Social Security...
2025-12-06 12:09:14,109 - INFO -   ✓ Saved: RESTRUCTURED_DB/2008/jul/159323.json
2025-12-06 12:09:14,609 - INFO - 
[742/1000] Processing G.R. No. 159395
2025-12-06 12:09:14,609 - INFO -   Title: Office of the Ombudsman vs. CA, et al....
2025-12-06 12:09:14,996 - INFO -   ✓ Saved: RESTRUCTURED_DB/2008/may/159395.json
2025-12-06 12:09:15,496 - INFO - 
[743/1000] Processing G.R. No. 159404
2025-12-06 12:09:15,496 - INFO -   Title: Rizza Lao @ Nerissa Laping vs. People of the Philippines...
2025-12-06 12:09:15,874 - INFO -   ✓ Saved: RESTRUCTURED_DB/2008/jun/159404.json
2025-12-06 12:09:16,374 - INFO - 
[744/1000] Processing G.R. No. 159410
2025-12-06 12:09:16,374 - INFO -   Title: Nixon T. Kua vs. Robert Dean S. Barbers...
2025-12-06 12:09:16,752 - INFO -   ✓ Saved: RESTRUCTURED_DB/2008/jan/159410.json
2025-12-06 12:09:17,252 - INFO - 
[745/1000] Processing G.R. No. 159421
2025-12-06 12:09:17,252 - INFO -   Title: Benedicto B. Potenciano II vs. Gregory P. Barnes...
2025-12-06 12:09:17,456 - INFO -   ✓ Saved: RESTRUCTURED_DB/2008/aug/159421.json
2025-12-06 12:09:17,956 - INFO - 
[746/1000] Processing G.R. No. 159422
2025-12-06 12:09:17,956 - INFO -   Title: Chinese Young Men's Christian Association of the Philippine ...
2025-12-06 12:09:18,334 - INFO -   ✓ Saved: RESTRUCTURED_DB/2008/mar/159422.json
2025-12-06 12:09:18,834 - INFO - 
[747/1000] Processing G.R. No. 159489
2025-12-06 12:09:18,834 - INFO -   Title: Filipinas Life Assurance Company (now Ayala Life Assurance, ...
2025-12-06 12:09:19,037 - INFO -   ✓ Saved: RESTRUCTURED_DB/2008/feb/159489.json
2025-12-06 12:09:19,537 - INFO - 
[748/1000] Processing G.R. No. 159490
2025-12-06 12:09:19,537 - INFO -   Title: Atlas Consolidated Mining and Development Corp. vs. Commissi...
2025-12-06 12:09:19,912 - INFO -   ✓ Saved: RESTRUCTURED_DB/2008/feb/159490.json
2025-12-06 12:09:20,412 - INFO - 
[749/1000] Processing G.R. No. 159494
2025-12-06 12:09:20,412 - INFO -   Title: Rogelio, et al. all surnamed Pasino etc. vs. Dr. Teofilo Edu...
2025-12-06 12:09:20,788 - INFO -   ✓ Saved: RESTRUCTURED_DB/2008/jul/159494.json
2025-12-06 12:09:21,288 - INFO - 
[750/1000] Processing G.R. No. 159550
2025-12-06 12:09:21,288 - INFO -   Title: Lucia Carlos Alino, etc. vs. Heirs of Angelica A. Lorenzo, e...
2025-12-06 12:09:21,664 - INFO -   ✓ Saved: RESTRUCTURED_DB/2008/jun/159550.json
2025-12-06 12:09:22,164 - INFO - 
[751/1000] Processing G.R. No. 159578
2025-12-06 12:09:22,164 - INFO -   Title: Rogelia Daclag, et al. vs. Elino Macahilig, et al....
2025-12-06 12:09:22,540 - INFO -   ✓ Saved: RESTRUCTURED_DB/2008/jul/159578.json
2025-12-06 12:09:23,041 - INFO - 
[752/1000] Processing G.R. No. 159589
2025-12-06 12:09:23,041 - INFO -   Title: Republic of the Philippines vs. Heirs of Juan Fabio etc. et ...
2025-12-06 12:09:23,420 - INFO -   ✓ Saved: RESTRUCTURED_DB/2008/dec/159589.json
2025-12-06 12:09:23,920 - INFO - 
[753/1000] Processing G.R. No. 159610
2025-12-06 12:09:23,920 - INFO -   Title: Commissioner of Internal Revenue vs. Central Luzon Drug Corp...
2025-12-06 12:09:24,126 - INFO -   ✓ Saved: RESTRUCTURED_DB/2008/jun/159610.json
2025-12-06 12:09:24,626 - INFO - 
[754/1000] Processing G.R. No. 159625
2025-12-06 12:09:24,626 - INFO -   Title: Coca-Cola Bottlers Philippines, Inc. vs. Valentina Garcia...
2025-12-06 12:09:24,854 - INFO -   ✓ Saved: RESTRUCTURED_DB/2008/jan/159625.json
2025-12-06 12:09:25,354 - INFO - 
[755/1000] Processing G.R. No. 159668
2025-12-06 12:09:25,355 - INFO -   Title: Mandaue Galleon Trade, Inc., et al. vs. Vicente Andales, et ...
2025-12-06 12:09:25,730 - INFO -   ✓ Saved: RESTRUCTURED_DB/2008/mar/159668.json
2025-12-06 12:09:26,230 - INFO - 
[756/1000] Processing G.R. No. 159703
2025-12-06 12:09:26,230 - INFO -   Title: Cedric Sayco Y Villanueva vs. People of the Philippines...
2025-12-06 12:09:26,609 - INFO -   ✓ Saved: RESTRUCTURED_DB/2008/mar/159703.json
2025-12-06 12:09:27,109 - INFO - 
[757/1000] Processing G.R. No. 159730
2025-12-06 12:09:27,109 - INFO -   Title: Norkis Trading Co., Inc., et al. vs. Melvin Gnilo...
2025-12-06 12:09:27,314 - INFO -   ✓ Saved: RESTRUCTURED_DB/2008/feb/159730.json
2025-12-06 12:09:27,814 - INFO - 
[758/1000] Processing G.R. No. 159731
2025-12-06 12:09:27,814 - INFO -   Title: Eastern Assurance and Surety Corporation vs. Con-Field Const...
2025-12-06 12:09:28,019 - INFO -   ✓ Saved: RESTRUCTURED_DB/2008/apr/159731.json
2025-12-06 12:09:28,519 - INFO - 
[759/1000] Processing G.R. No. 159808
2025-12-06 12:09:28,519 - INFO -   Title: Leopard Integrated Services, Inc. and/or Jose Poe vs. Virgil...
2025-12-06 12:09:28,728 - INFO -   ✓ Saved: RESTRUCTURED_DB/2008/sep/159808.json
2025-12-06 12:09:29,228 - INFO - 
[760/1000] Processing G.R. No. 159889
2025-12-06 12:09:29,228 - INFO -   Title: Walter Villanueva, et al. vs. Florentino Chong, et al....
2025-12-06 12:09:29,603 - INFO -   ✓ Saved: RESTRUCTURED_DB/2008/jun/159889.json
2025-12-06 12:09:30,104 - INFO - 
[761/1000] Processing G.R. No. 159934
2025-12-06 12:09:30,104 - INFO -   Title: Metropolitan Bank & Trust Co., et al. vs. Jose B. Tan, et al...
2025-12-06 12:09:30,479 - INFO -   ✓ Saved: RESTRUCTURED_DB/2008/jun/159934.json
2025-12-06 12:09:30,979 - INFO - 
[762/1000] Processing G.R. No. 160031
2025-12-06 12:09:30,979 - INFO -   Title: Social Justice Society vs. Hon. Jose D. Lina etc. et al....
2025-12-06 12:09:31,182 - INFO -   ✓ Saved: RESTRUCTURED_DB/2008/dec/160031.json
2025-12-06 12:09:31,682 - INFO - 
[763/1000] Processing G.R. No. 160113
2025-12-06 12:09:31,682 - INFO -   Title: China Banking Corp. vs. Tafa Industries Inc., et al....
2025-12-06 12:09:32,058 - INFO -   ✓ Saved: RESTRUCTURED_DB/2008/apr/160113.json
2025-12-06 12:09:32,559 - INFO - 
[764/1000] Processing G.R. No. 160127
2025-12-06 12:09:32,559 - INFO -   Title: Rafael P. Lunaria vs. People of the Philippines...
2025-12-06 12:09:32,770 - INFO -   ✓ Saved: RESTRUCTURED_DB/2008/nov/160127.json
2025-12-06 12:09:33,270 - INFO - 
[765/1000] Processing G.R. No. 160172
2025-12-06 12:09:33,270 - INFO -   Title: Reinel Anthony B. de Castro vs. Annabelle Assidao-de Castro...
2025-12-06 12:09:33,646 - INFO -   ✓ Saved: RESTRUCTURED_DB/2008/feb/160172.json
2025-12-06 12:09:34,146 - INFO - 
[766/1000] Processing G.R. No. 160193
2025-12-06 12:09:34,146 - INFO -   Title: M. E. Holding Corporation vs. the Hon. Court of Appeals, et ...
2025-12-06 12:09:34,522 - INFO -   ✓ Saved: RESTRUCTURED_DB/2008/mar/160193.json
2025-12-06 12:09:35,022 - INFO - 
[767/1000] Processing G.R. No. 160208
2025-12-06 12:09:35,022 - INFO -   Title: Rafael R. Martelino, et al. vs. National Home Mortgage Finan...
2025-12-06 12:09:35,399 - INFO -   ✓ Saved: RESTRUCTURED_DB/2008/jun/160208.json
2025-12-06 12:09:35,899 - INFO - 
[768/1000] Processing G.R. No. 160219
2025-12-06 12:09:35,899 - INFO -   Title: Vector Shipping Corp. and Francisco Soriano vs. Adelfo B. Ma...
2025-12-06 12:09:36,112 - INFO -   ✓ Saved: RESTRUCTURED_DB/2008/jul/160219.json
2025-12-06 12:09:36,612 - INFO - 
[769/1000] Processing G.R. No. 160240
2025-12-06 12:09:36,612 - INFO -   Title: Woodridge School (Now Known as Woodridge College Inc) vs. Jo...
2025-12-06 12:09:36,990 - INFO -   ✓ Saved: RESTRUCTURED_DB/2008/oct/160240.json
2025-12-06 12:09:37,490 - INFO - 
[770/1000] Processing G.R. No. 160338
2025-12-06 12:09:37,490 - INFO -   Title: Ventis Maritime Corporation, et al. vs. Court of Appeals, et...
2025-12-06 12:09:37,693 - INFO -   ✓ Saved: RESTRUCTURED_DB/2008/oct/160338.json
2025-12-06 12:09:38,194 - INFO - 
[771/1000] Processing G.R. No. 160339
2025-12-06 12:09:38,194 - INFO -   Title: Oscar P. Garcia, et al. vs. Malayan Insurance Co. Inc., et a...
2025-12-06 12:09:38,569 - INFO -   ✓ Saved: RESTRUCTURED_DB/2008/mar/160339.json
2025-12-06 12:09:39,069 - INFO - 
[772/1000] Processing G.R. No. 160352
2025-12-06 12:09:39,070 - INFO -   Title: Republic of the Phils. Rep. by Dole vs. Kawashima Textile Mf...
2025-12-06 12:09:39,447 - INFO -   ✓ Saved: RESTRUCTURED_DB/2008/jul/160352.json
2025-12-06 12:09:39,948 - INFO - 
[773/1000] Processing G.R. No. 160395
2025-12-06 12:09:39,948 - INFO -   Title: Land Bank of the Phil. vs. Planters Devt. Bank...
2025-12-06 12:09:40,150 - INFO -   ✓ Saved: RESTRUCTURED_DB/2008/may/160395.json
2025-12-06 12:09:40,650 - INFO - 
[774/1000] Processing G.R. No. 160426
2025-12-06 12:09:40,650 - INFO -   Title: Capitolina Vivero Napere vs. Amando Barbarona, et al....
2025-12-06 12:09:40,854 - INFO -   ✓ Saved: RESTRUCTURED_DB/2008/jan/160426.json
2025-12-06 12:09:41,354 - INFO - 
[775/1000] Processing G.R. No. 160474
2025-12-06 12:09:41,354 - INFO -   Title: Phil. Long Distance Telephone Co., Inc.vs. Antonio T. Reus...
2025-12-06 12:09:41,730 - INFO -   ✓ Saved: RESTRUCTURED_DB/2008/jul/160474.json
2025-12-06 12:09:42,230 - INFO - 
[776/1000] Processing G.R. No. 160541
2025-12-06 12:09:42,230 - INFO -   Title: Ronelo Polo vs. People of the Philippines...
2025-12-06 12:09:42,434 - INFO -   ✓ Saved: RESTRUCTURED_DB/2008/oct/160541.json
2025-12-06 12:09:42,934 - INFO - 
[777/1000] Processing G.R. No. 160613
2025-12-06 12:09:42,934 - INFO -   Title: Apolinardito C. Quintanilla, et al. vs. Pedro Abangan, et al...
2025-12-06 12:09:43,309 - INFO -   ✓ Saved: RESTRUCTURED_DB/2008/feb/160613.json
2025-12-06 12:09:43,809 - INFO - 
[778/1000] Processing G.R. No. 160653
2025-12-06 12:09:43,809 - INFO -   Title: Jesusito D. Legaspi, etc. vs. Republic of the Phil. Rep. By ...
2025-12-06 12:09:44,183 - INFO -   ✓ Saved: RESTRUCTURED_DB/2008/jul/160653.json
2025-12-06 12:09:44,683 - INFO - 
[779/1000] Processing G.R. No. 160671
2025-12-06 12:09:44,683 - INFO -   Title: Luis L. Co vs. Hon. Ricardo R. Rosario, et al....
2025-12-06 12:09:44,898 - INFO -   ✓ Saved: RESTRUCTURED_DB/2008/apr/160671.json
2025-12-06 12:09:45,398 - INFO - 
[780/1000] Processing G.R. No. 160717
2025-12-06 12:09:45,398 - INFO -   Title: Felicisima Lumbre Y Sarita, et al. vs. CA and Florante I. Fr...
2025-12-06 12:09:45,774 - INFO -   ✓ Saved: RESTRUCTURED_DB/2008/jul/160717.json
2025-12-06 12:09:46,274 - INFO - 
[781/1000] Processing G.R. No. 160725
2025-12-06 12:09:46,274 - INFO -   Title: National Power corporation vs. Purefoods Corporation, et al....
2025-12-06 12:09:46,667 - INFO -   ✓ Saved: RESTRUCTURED_DB/2008/sep/160725.json
2025-12-06 12:09:47,167 - INFO - 
[782/1000] Processing G.R. No. 160795
2025-12-06 12:09:47,167 - INFO -   Title: Corinthian Gardens Association Inc. vs. Sps. Reynaldo and Ma...
2025-12-06 12:09:47,543 - INFO -   ✓ Saved: RESTRUCTURED_DB/2008/jun/160795.json
2025-12-06 12:09:48,044 - INFO - 
[783/1000] Processing G.R. No. 160811
2025-12-06 12:09:48,044 - INFO -   Title: Ricky Bastian vs. Hon. Court of Appeals, et al....
2025-12-06 12:09:48,251 - INFO -   ✓ Saved: RESTRUCTURED_DB/2008/apr/160811.json
2025-12-06 12:09:48,751 - INFO - 
[784/1000] Processing G.R. No. 160811
2025-12-06 12:09:48,751 - INFO -   Title: Ricky Bastian vs. Hon. Court of Appeals, et al....
2025-12-06 12:09:48,956 - INFO -   Case already exists: RESTRUCTURED_DB/2008/apr/160811.json
2025-12-06 12:09:49,456 - INFO - 
[785/1000] Processing G.R. No. 160846
2025-12-06 12:09:49,456 - INFO -   Title: Benjamin B. Geronga vs. Hon. Eduardo Varela, etc....
2025-12-06 12:09:49,846 - INFO -   ✓ Saved: RESTRUCTURED_DB/2008/feb/160846.json
2025-12-06 12:09:50,346 - INFO - 
[786/1000] Processing G.R. No. 160855
2025-12-06 12:09:50,346 - INFO -   Title: Concepcion Chua Gaw vs. Suy Ben Chua, et al....
2025-12-06 12:09:50,724 - INFO -   ✓ Saved: RESTRUCTURED_DB/2008/apr/160855.json
2025-12-06 12:09:51,224 - INFO - 
[787/1000] Processing G.R. No. 160859
2025-12-06 12:09:51,224 - INFO -   Title: Bay Haven, Inc., et al. vs. Florentino Abuan, et al....
2025-12-06 12:09:51,430 - INFO -   ✓ Saved: RESTRUCTURED_DB/2008/jul/160859.json
2025-12-06 12:09:51,930 - INFO - 
[788/1000] Processing G.R. No. 160876
2025-12-06 12:09:51,930 - INFO -   Title: Azucena Magallanes, et al. vs. Sun Yat Sen Elem School, et a...
2025-12-06 12:09:52,133 - INFO -   ✓ Saved: RESTRUCTURED_DB/2008/jan/160876.json
2025-12-06 12:09:52,633 - INFO - 
[789/1000] Processing G.R. No. 160898
2025-12-06 12:09:52,633 - INFO -   Title: David Sia Tio, et al. vs. Lorenzo Abayata, et al....
2025-12-06 12:09:53,011 - INFO -   ✓ Saved: RESTRUCTURED_DB/2008/jun/160898.json
2025-12-06 12:09:53,511 - INFO - 
[790/1000] Processing G.R. No. 160905
2025-12-06 12:09:53,512 - INFO -   Title: Blenvenido D. Goma vs. Pamplona Plantation Inc....
2025-12-06 12:09:53,887 - INFO -   ✓ Saved: RESTRUCTURED_DB/2008/jul/160905.json
2025-12-06 12:09:54,387 - INFO - 
[791/1000] Processing G.R. No. 160940
2025-12-06 12:09:54,387 - INFO -   Title: Megaforce Security & Allied Services Inc., et al. vs. Henry ...
2025-12-06 12:09:54,591 - INFO -   ✓ Saved: RESTRUCTURED_DB/2008/jul/160940.json
2025-12-06 12:09:55,091 - INFO - 
[792/1000] Processing G.R. No. 160956
2025-12-06 12:09:55,091 - INFO -   Title: Joaquin Quimpo, Sr., vs. Consuelo Abad Vda. de Beltran, et a...
2025-12-06 12:09:55,842 - INFO -   ✓ Saved: RESTRUCTURED_DB/2008/feb/160956.json
2025-12-06 12:09:56,343 - INFO - 
[793/1000] Processing G.R. No. 160965
2025-12-06 12:09:56,343 - INFO -   Title: Phil. National Construction Corp. vs. Maria Nympha Mandagan...
2025-12-06 12:09:56,724 - INFO -   ✓ Saved: RESTRUCTURED_DB/2008/jul/160965.json
2025-12-06 12:09:57,224 - INFO - 
[794/1000] Processing G.R. No. 160993
2025-12-06 12:09:57,224 - INFO -   Title: Temic Semicondcutors, Inc., et al. vs. Federation of Free Wo...
2025-12-06 12:09:57,618 - INFO -   ✓ Saved: RESTRUCTURED_DB/2008/may/160993.json
2025-12-06 12:09:58,118 - INFO - 
[795/1000] Processing G.R. No. 161004
2025-12-06 12:09:58,118 - INFO -   Title: Tecnogas Philippines Manufacturing Corp. vs. Philippine Nati...
2025-12-06 12:09:58,325 - INFO -   ✓ Saved: RESTRUCTURED_DB/2008/apr/161004.json
2025-12-06 12:09:58,825 - INFO - 
[796/1000] Processing G.R. No. 161032
2025-12-06 12:09:58,825 - INFO -   Title: Erwin Tulfo vs. People of the Philippines & Atty. Carlos T. ...
2025-12-06 12:09:59,384 - INFO -   ✓ Saved: RESTRUCTURED_DB/2008/sep/161032.json
2025-12-06 12:09:59,884 - INFO - 
[797/1000] Processing G.R. No. 161037
2025-12-06 12:09:59,884 - INFO -   Title: Norma S. Factor, et al. vs. Antonio V. Martel, Jr., et al....
2025-12-06 12:10:00,093 - INFO -   ✓ Saved: RESTRUCTURED_DB/2008/feb/161037.json
2025-12-06 12:10:00,594 - INFO - 
[798/1000] Processing G.R. No. 161057
2025-12-06 12:10:00,594 - INFO -   Title: Betty Gabioza & Isabelita Tan vs. CA, Luke Roxas & Evelyn No...
2025-12-06 12:10:00,978 - INFO -   ✓ Saved: RESTRUCTURED_DB/2008/sep/161057.json
2025-12-06 12:10:01,478 - INFO - 
[799/1000] Processing G.R. No. 161067
2025-12-06 12:10:01,478 - INFO -   Title: Dominador C. Ferrer, Jr. vs. Hon. Sandiganbayan, et al....
2025-12-06 12:10:01,696 - INFO -   ✓ Saved: RESTRUCTURED_DB/2008/mar/161067.json
2025-12-06 12:10:02,196 - INFO - 
[800/1000] Processing G.R. No. 161070
2025-12-06 12:10:02,196 - INFO -   Title: John Hilario y Sibal vs. People of the Philippines...
2025-12-06 12:10:02,578 - INFO -   ✓ Saved: RESTRUCTURED_DB/2008/apr/161070.json
2025-12-06 12:10:03,078 - INFO - 
[801/1000] Processing G.R. No. 161134
2025-12-06 12:10:03,078 - INFO -   Title: Mandaue Dinghow Dimsum House Co., Inc. etc. vs. NLRC, et al....
2025-12-06 12:10:03,286 - INFO -   ✓ Saved: RESTRUCTURED_DB/2008/mar/161134.json
2025-12-06 12:10:03,787 - INFO - 
[802/1000] Processing G.R. No. 161188
2025-12-06 12:10:03,787 - INFO -   Title: Heirs of Purisima Nala, etc. vs. Artemio Cabansag...
2025-12-06 12:10:03,994 - INFO -   ✓ Saved: RESTRUCTURED_DB/2008/jun/161188.json
2025-12-06 12:10:04,494 - INFO - 
[803/1000] Processing G.R. No. 161196
2025-12-06 12:10:04,494 - INFO -   Title: Blue Angel Manpower and Security Inc. vs. Hon. CA, Romel Cas...
2025-12-06 12:10:04,874 - INFO -   ✓ Saved: RESTRUCTURED_DB/2008/jul/161196.json
2025-12-06 12:10:05,374 - INFO - 
[804/1000] Processing G.R. No. 161219
2025-12-06 12:10:05,374 - INFO -   Title: Marinduque Mining and Industrial Corp, et al. vs. Court of A...
2025-12-06 12:10:05,759 - INFO -   ✓ Saved: RESTRUCTURED_DB/2008/oct/161219.json
2025-12-06 12:10:06,259 - INFO - 
[805/1000] Processing G.R. No. 161220
2025-12-06 12:10:06,259 - INFO -   Title: Sps. Gorgonio Benatiro & Columbia Cuyos-Benatiro, et al. vs....
2025-12-06 12:10:06,642 - INFO -   ✓ Saved: RESTRUCTURED_DB/2008/jul/161220.json
2025-12-06 12:10:07,142 - INFO - 
[806/1000] Processing G.R. No. 161317
2025-12-06 12:10:07,143 - INFO -   Title: Cristita Alegria, et al. vs. Eustaquia Drilon and Sps. Alfre...
2025-12-06 12:10:07,349 - INFO -   ✓ Saved: RESTRUCTURED_DB/2008/jul/161317.json
2025-12-06 12:10:07,850 - INFO - 
[807/1000] Processing G.R. No. 161390
2025-12-06 12:10:07,850 - INFO -   Title: Raul H. Sesbreño vs. Hon. Court of Appeals, et al....
2025-12-06 12:10:08,233 - INFO -   ✓ Saved: RESTRUCTURED_DB/2008/apr/161390.json
2025-12-06 12:10:08,733 - INFO - 
[808/1000] Processing G.R. No. 161416
2025-12-06 12:10:08,733 - INFO -   Title: Maunlad Transport Inc. etc., et al. vs. Flaviano Manigo, Jr....
2025-12-06 12:10:09,116 - INFO -   ✓ Saved: RESTRUCTURED_DB/2008/jun/161416.json
2025-12-06 12:10:09,617 - INFO - 
[809/1000] Processing G.R. No. 161455
2025-12-06 12:10:09,617 - INFO -   Title: Atty. Rodolfo D. Pactolin vs. the Hon. Fourth Division of Sa...
2025-12-06 12:10:09,823 - INFO -   ✓ Saved: RESTRUCTURED_DB/2008/may/161455.json
2025-12-06 12:10:10,323 - INFO - 
[810/1000] Processing G.R. No. 161539
2025-12-06 12:10:10,323 - INFO -   Title: International Container Terminal Services Inc. vs. FGU Insur...
2025-12-06 12:10:10,530 - INFO -   ✓ Saved: RESTRUCTURED_DB/2008/jun/161539.json
2025-12-06 12:10:11,031 - INFO - 
[811/1000] Processing G.R. No. 161690
2025-12-06 12:10:11,031 - INFO -   Title: S.S. Ventures Int'l Inc. vs. S.S.Ventures labor Union &Dir. ...
2025-12-06 12:10:11,416 - INFO -   ✓ Saved: RESTRUCTURED_DB/2008/jul/161690.json
2025-12-06 12:10:11,916 - INFO - 
[812/1000] Processing G.R. No. 161803
2025-12-06 12:10:11,916 - INFO -   Title: Dy Teban Trading Inc. vs. Jose Ching, et al....
2025-12-06 12:10:12,299 - INFO -   ✓ Saved: RESTRUCTURED_DB/2008/feb/161803.json
2025-12-06 12:10:12,799 - INFO - 
[813/1000] Processing G.R. No. 161818
2025-12-06 12:10:12,799 - INFO -   Title: New Rural Bank of Gulmba (N.E.) Inc. vs. Fermina S. Abad & R...
2025-12-06 12:10:13,015 - INFO -   ✓ Saved: RESTRUCTURED_DB/2008/aug/161818.json
2025-12-06 12:10:13,516 - INFO - 
[814/1000] Processing G.R. No. 161844
2025-12-06 12:10:13,516 - INFO -   Title: Rafael M. Concepcion vs. Court of Appeals & Land Bank of the...
2025-12-06 12:10:13,721 - INFO -   ✓ Saved: RESTRUCTURED_DB/2008/dec/161844.json
2025-12-06 12:10:14,222 - INFO - 
[815/1000] Processing G.R. No. 161881
2025-12-06 12:10:14,222 - INFO -   Title: Nicasio I. Alcantara vs. Dept. of Environment & Natural Reso...
2025-12-06 12:10:14,781 - INFO -   ✓ Saved: RESTRUCTURED_DB/2008/jul/161881.json
2025-12-06 12:10:15,281 - INFO - 
[816/1000] Processing G.R. No. 161910
2025-12-06 12:10:15,281 - INFO -   Title: Department of Agrarian Reform, etc. vs. Ma. Regina I. Samson...
2025-12-06 12:10:15,488 - INFO -   ✓ Saved: RESTRUCTURED_DB/2008/jun/161910.json
2025-12-06 12:10:15,989 - INFO - 
[817/1000] Processing G.R. No. 161946
2025-12-06 12:10:15,989 - INFO -   Title: Medardo AG. Cadiente vs. Bithuel Macas Magsaysay...
2025-12-06 12:10:16,195 - INFO -   ✓ Saved: RESTRUCTURED_DB/2008/nov/161946.json
2025-12-06 12:10:16,696 - INFO - 
[818/1000] Processing G.R. No. 161953
2025-12-06 12:10:16,696 - INFO -   Title: Pilipinas Shell Petroleum Corp. vs. Republic of the Philippi...
2025-12-06 12:10:17,077 - INFO -   ✓ Saved: RESTRUCTURED_DB/2008/mar/161953.json
2025-12-06 12:10:17,578 - INFO - 
[819/1000] Processing G.R. No. 162028
2025-12-06 12:10:17,578 - INFO -   Title: Dr. Lorna Villa vs. Heirs of Enrique Altavas, etc....
2025-12-06 12:10:17,960 - INFO -   ✓ Saved: RESTRUCTURED_DB/2008/jul/162028.json
2025-12-06 12:10:18,460 - INFO - 
[820/1000] Processing G.R. No. 162059
2025-12-06 12:10:18,460 - INFO -   Title: Hannah Eunice D.Serana vs. Hon. Sandiganbayan, et al....
2025-12-06 12:10:18,844 - INFO -   ✓ Saved: RESTRUCTURED_DB/2008/jan/162059.json
2025-12-06 12:10:19,344 - INFO - 
[821/1000] Processing G.R. No. 162089
2025-12-06 12:10:19,344 - INFO -   Title: Silvestre P. Ilagan etc. vs. Hon. CA, NLRC & Peter B. Orias,...
2025-12-06 12:10:19,550 - INFO -   ✓ Saved: RESTRUCTURED_DB/2008/jul/162089.json
2025-12-06 12:10:20,050 - INFO - 
[822/1000] Processing G.R. No. 162097
2025-12-06 12:10:20,050 - INFO -   Title: Lourdes A. Pascua vs. Republic of the Philippines...
2025-12-06 12:10:20,828 - INFO -   ✓ Saved: RESTRUCTURED_DB/2008/feb/162097.json
2025-12-06 12:10:21,328 - INFO - 
[823/1000] Processing G.R. No. 162195
2025-12-06 12:10:21,328 - INFO -   Title: Bahia Shipping Services, Inc. vs. Reynaldo Chua...
2025-12-06 12:10:21,710 - INFO -   ✓ Saved: RESTRUCTURED_DB/2008/apr/162195.json
2025-12-06 12:10:22,210 - INFO - 
[824/1000] Processing G.R. No. 162253
2025-12-06 12:10:22,210 - INFO -   Title: Mariners Polytechnic Colleges Foundation Inc. vs. Arturo J. ...
2025-12-06 12:10:22,592 - INFO -   ✓ Saved: RESTRUCTURED_DB/2008/aug/162253.json
2025-12-06 12:10:23,092 - INFO - 
[825/1000] Processing G.R. No. 162267
2025-12-06 12:10:23,092 - INFO -   Title: PCI Leasing & Finance Inc. vs. UCPB General Insurance Co. In...
2025-12-06 12:10:23,474 - INFO -   ✓ Saved: RESTRUCTURED_DB/2008/jul/162267.json
2025-12-06 12:10:23,974 - INFO - 
[826/1000] Processing G.R. No. 162311
2025-12-06 12:10:23,974 - INFO -   Title: Levi Strauss (Phils.), Inc. vs. Tony Lim...
2025-12-06 12:10:24,542 - INFO -   ✓ Saved: RESTRUCTURED_DB/2008/dec/162311.json
2025-12-06 12:10:25,042 - INFO - 
[827/1000] Processing G.R. No. 162332
2025-12-06 12:10:25,042 - INFO -   Title: Herbert Solas vs. Power & Telephone Supply Phils., Inc., et ...
2025-12-06 12:10:25,424 - INFO -   ✓ Saved: RESTRUCTURED_DB/2008/aug/162332.json
2025-12-06 12:10:25,924 - INFO - 
[828/1000] Processing G.R. No. 162335
2025-12-06 12:10:25,924 - INFO -   Title: Severino M. Manotok IV, et al. vs. Heirs of Homer L. Barque,...
2025-12-06 12:10:26,660 - INFO -   ✓ Saved: RESTRUCTURED_DB/2008/dec/162605.json
2025-12-06 12:10:27,160 - INFO - 
[829/1000] Processing G.R. No. 162356
2025-12-06 12:10:27,160 - INFO -   Title: Dong Seung Incorporated vs. Bureau of Labor Relations, et al...
2025-12-06 12:10:27,552 - INFO -   ✓ Saved: RESTRUCTURED_DB/2008/apr/162356.json
2025-12-06 12:10:28,052 - INFO - 
[830/1000] Processing G.R. No. 162411
2025-12-06 12:10:28,052 - INFO -   Title: Nasipit Integrated Arrastre & Stevedoring Services Inc., etc...
2025-12-06 12:10:28,433 - INFO -   ✓ Saved: RESTRUCTURED_DB/2008/jun/162411.json
2025-12-06 12:10:28,934 - INFO - 
[831/1000] Processing G.R. No. 162525
2025-12-06 12:10:28,934 - INFO -   Title: Asean Pacific Planners, et al. vs. City of Urdaneta, et al....
2025-12-06 12:10:29,503 - INFO -   ✓ Saved: RESTRUCTURED_DB/2008/sep/162525.json
2025-12-06 12:10:30,003 - INFO - 
[832/1000] Processing G.R. No. 162729
2025-12-06 12:10:30,003 - INFO -   Title: Soledad Leonor Pena Suatengco, et al. vs. Carmencita O. Reye...
2025-12-06 12:10:30,384 - INFO -   ✓ Saved: RESTRUCTURED_DB/2008/dec/162729.json
2025-12-06 12:10:30,884 - INFO - 
[833/1000] Processing G.R. No. 162739
2025-12-06 12:10:30,885 - INFO -   Title: AMA Computer Collage-Santiago City, Inc. vs. Chelly P. Nacin...
2025-12-06 12:10:31,268 - INFO -   ✓ Saved: RESTRUCTURED_DB/2008/feb/162739.json
2025-12-06 12:10:31,768 - INFO - 
[834/1000] Processing G.R. No. 162772
2025-12-06 12:10:31,768 - INFO -   Title: Merliza A. Munoz vs. People of the Philippines...
2025-12-06 12:10:32,151 - INFO -   ✓ Saved: RESTRUCTURED_DB/2008/mar/162772.json
2025-12-06 12:10:32,652 - INFO - 
[835/1000] Processing G.R. No. 162787
2025-12-06 12:10:32,652 - INFO -   Title: Republic of the Philippines vs. Lourdes F. Alonte...
2025-12-06 12:10:33,040 - INFO -   ✓ Saved: RESTRUCTURED_DB/2008/jun/162787.json
2025-12-06 12:10:33,540 - INFO - 
[836/1000] Processing G.R. No. 162808
2025-12-06 12:10:33,540 - INFO -   Title: Feliciano Galvante vs. Hon. Orlando C. Casimiro, et al....
2025-12-06 12:10:33,922 - INFO -   ✓ Saved: RESTRUCTURED_DB/2008/apr/162808.json
2025-12-06 12:10:34,422 - INFO - 
[837/1000] Processing G.R. No. 162837
2025-12-06 12:10:34,422 - INFO -   Title: Marlene I. Rodrin vs. GSIS, et al....
2025-12-06 12:10:34,809 - INFO -   ✓ Saved: RESTRUCTURED_DB/2008/jul/162837.json
2025-12-06 12:10:35,310 - INFO - 
[838/1000] Processing G.R. No. 162868
2025-12-06 12:10:35,310 - INFO -   Title: Rodolfo D. Garcia vs. Phil. Airlines and/or Cristina W. Trin...
2025-12-06 12:10:35,869 - INFO -   ✓ Saved: RESTRUCTURED_DB/2008/jul/162868.json
2025-12-06 12:10:36,369 - INFO - 
[839/1000] Processing G.R. No. 162886
2025-12-06 12:10:36,369 - INFO -   Title: The heirs of the deceased Sps. Vicente S. Arcilla, et al. vs...
2025-12-06 12:10:36,928 - INFO -   ✓ Saved: RESTRUCTURED_DB/2008/aug/162886.json
2025-12-06 12:10:37,429 - INFO - 
[840/1000] Processing G.R. No. 162894
2025-12-06 12:10:37,429 - INFO -   Title: Raytheon International Inc. vs. Stockton W. Rouzie, Jr....
2025-12-06 12:10:37,810 - INFO -   ✓ Saved: RESTRUCTURED_DB/2008/feb/162894.json
2025-12-06 12:10:38,310 - INFO - 
[841/1000] Processing G.R. No. 162956
2025-12-06 12:10:38,310 - INFO -   Title: Faustino Reyes, et al. vs. Peter B. Enriquez, et al....
2025-12-06 12:10:38,693 - INFO -   ✓ Saved: RESTRUCTURED_DB/2008/apr/162956.json
2025-12-06 12:10:39,193 - INFO - 
[842/1000] Processing G.R. No. 163013
2025-12-06 12:10:39,193 - INFO -   Title: Eureka Personnel and Management Services, Inc. vs. National ...
2025-12-06 12:10:39,399 - INFO -   ✓ Saved: RESTRUCTURED_DB/2008/apr/163013.json
2025-12-06 12:10:39,899 - INFO - 
[843/1000] Processing G.R. No. 163017
2025-12-06 12:10:39,899 - INFO -   Title: Hilario P. Soriano vs. Ombudsman Simeon V. Marcelo, et al....
2025-12-06 12:10:40,279 - INFO -   ✓ Saved: RESTRUCTURED_DB/2008/jun/163017.json
2025-12-06 12:10:40,780 - INFO - 
[844/1000] Processing G.R. No. 163101
2025-12-06 12:10:40,780 - INFO -   Title: Benguet Corp. vs. DENR-Mines Adjudication Board, et al....
2025-12-06 12:10:41,175 - INFO -   ✓ Saved: RESTRUCTURED_DB/2008/feb/163101.json
2025-12-06 12:10:41,675 - INFO - 
[845/1000] Processing G.R. No. 163156
2025-12-06 12:10:41,675 - INFO -   Title: Negros Navigation Co. Inc. vs. Court of Appeals, et al/Tsune...
2025-12-06 12:10:42,059 - INFO -   ✓ Saved: RESTRUCTURED_DB/2008/dec/163156.json
2025-12-06 12:10:42,559 - INFO - 
[846/1000] Processing G.R. No. 163175
2025-12-06 12:10:42,559 - INFO -   Title: City of Makati, et al. vs. Municipality of Taguig, et al....
2025-12-06 12:10:42,942 - INFO -   ✓ Saved: RESTRUCTURED_DB/2008/jun/163175.json
2025-12-06 12:10:43,442 - INFO - 
[847/1000] Processing G.R. No. 163196
2025-12-06 12:10:43,442 - INFO -   Title: First Marbella Condominium Association Inc. vs. Augusto Gatm...
2025-12-06 12:10:43,824 - INFO -   ✓ Saved: RESTRUCTURED_DB/2008/jul/163196.json
2025-12-06 12:10:44,324 - INFO - 
[848/1000] Processing G.R. No. 163208
2025-12-06 12:10:44,325 - INFO -   Title: Heirs of Juan Valdez, Sps Potenciano & Lourdes Malvar vs. th...
2025-12-06 12:10:44,707 - INFO -   ✓ Saved: RESTRUCTURED_DB/2008/aug/163208.json
2025-12-06 12:10:45,207 - INFO - 
[849/1000] Processing G.R. No. 163210
2025-12-06 12:10:45,207 - INFO -   Title: Lepanto Consolidated Mining Co. vs. Moreno Dumapis, et al....
2025-12-06 12:10:45,590 - INFO -   ✓ Saved: RESTRUCTURED_DB/2008/aug/163210.json
2025-12-06 12:10:46,090 - INFO - 
[850/1000] Processing G.R. No. 163285
2025-12-06 12:10:46,090 - INFO -   Title: Department of Agrarian Reform, etc. vs. Hon. Hakim s. Abdulw...
2025-12-06 12:10:46,472 - INFO -   ✓ Saved: RESTRUCTURED_DB/2008/feb/163285.json
2025-12-06 12:10:46,972 - INFO - 
[851/1000] Processing G.R. No. 163331
2025-12-06 12:10:46,972 - INFO -   Title: Arellano Novicio vs. People of the Philippines...
2025-12-06 12:10:47,356 - INFO -   ✓ Saved: RESTRUCTURED_DB/2008/aug/163331.json
2025-12-06 12:10:47,856 - INFO - 
[852/1000] Processing G.R. No. 163345
2025-12-06 12:10:47,856 - INFO -   Title: Commissioner of Internal Revenue vs. Perf Realty Corporation...
2025-12-06 12:10:48,237 - INFO -   ✓ Saved: RESTRUCTURED_DB/2008/jul/163345.json
2025-12-06 12:10:48,737 - INFO - 
[853/1000] Processing G.R. No. 163419
2025-12-06 12:10:48,737 - INFO -   Title: TSPIC Corporation vs. TSPIC Employees Union Employees Union ...
2025-12-06 12:10:49,125 - INFO -   ✓ Saved: RESTRUCTURED_DB/2008/feb/163419.json
2025-12-06 12:10:49,625 - INFO - 
[854/1000] Processing G.R. No. 163437
2025-12-06 12:10:49,625 - INFO -   Title: Ernesto Pideli vs. People of the Philippines...
2025-12-06 12:10:50,184 - INFO -   ✓ Saved: RESTRUCTURED_DB/2008/feb/163437.json
2025-12-06 12:10:50,684 - INFO - 
[855/1000] Processing G.R. No. 163443
2025-12-06 12:10:50,684 - INFO -   Title: Liza M. Quirog, et al. vs. Gov. Erico B. Aumentado/ Civil Se...
2025-12-06 12:10:51,080 - INFO -   ✓ Saved: RESTRUCTURED_DB/2008/nov/163443.json
2025-12-06 12:10:51,580 - INFO - 
[856/1000] Processing G.R. No. 163515
2025-12-06 12:10:51,580 - INFO -   Title: Isidro T.Pajarillaga vs. Court of Appeals, et al....
2025-12-06 12:10:51,961 - INFO -   ✓ Saved: RESTRUCTURED_DB/2008/oct/163515.json
2025-12-06 12:10:52,461 - INFO - 
[857/1000] Processing G.R. No. 163566
2025-12-06 12:10:52,461 - INFO -   Title: Raymundo and Perla de Guzman vs. Praxides J. Agbagala...
2025-12-06 12:10:52,842 - INFO -   ✓ Saved: RESTRUCTURED_DB/2008/feb/163566.json
2025-12-06 12:10:53,342 - INFO - 
[858/1000] Processing G.R. No. 163583
2025-12-06 12:10:53,342 - INFO -   Title: British American Tobacco vs. Jose Isidro N. Camacho, et al....
2025-12-06 12:10:54,257 - INFO -   ✓ Saved: RESTRUCTURED_DB/2008/aug/163583.json
2025-12-06 12:10:54,757 - INFO - 
[859/1000] Processing G.R. No. 163607
2025-12-06 12:10:54,758 - INFO -   Title: Central Philippines Bandag Retreaders Inc. vs. Prudencio J. ...
2025-12-06 12:10:55,139 - INFO -   ✓ Saved: RESTRUCTURED_DB/2008/jul/163607.json
2025-12-06 12:10:55,639 - INFO - 
[860/1000] Processing G.R. No. 163609
2025-12-06 12:10:55,639 - INFO -   Title: Sps Buena Ventura Jayme and Rosario Jayme vs. Rodrigo Aposto...
2025-12-06 12:10:56,022 - INFO -   ✓ Saved: RESTRUCTURED_DB/2008/nov/163609.json
2025-12-06 12:10:56,522 - INFO - 
[861/1000] Processing G.R. No. 163692
2025-12-06 12:10:56,522 - INFO -   Title: Allied Banking Corporation vs. South Pacific Sugar Corporati...
2025-12-06 12:10:56,903 - INFO -   ✓ Saved: RESTRUCTURED_DB/2008/feb/163692.json
2025-12-06 12:10:57,403 - INFO - 
[862/1000] Processing G.R. No. 163744
2025-12-06 12:10:57,403 - INFO -   Title: Metropolitan Bank & Trust, Co. vs. Nicholson Pascual a.k.a. ...
2025-12-06 12:10:57,786 - INFO -   ✓ Saved: RESTRUCTURED_DB/2008/feb/163744.json
2025-12-06 12:10:58,286 - INFO - 
[863/1000] Processing G.R. No. 163749
2025-12-06 12:10:58,286 - INFO -   Title: Spouses Julian santiago, Sr. et al. vs. Bank of the Philippi...
2025-12-06 12:10:58,672 - INFO -   ✓ Saved: RESTRUCTURED_DB/2008/sep/163749.json
2025-12-06 12:10:59,173 - INFO - 
[864/1000] Processing G.R. No. 163794
2025-12-06 12:10:59,173 - INFO -   Title: Republic of the Philippines, etc. vs. Hon. Normelito J. Ball...
2025-12-06 12:10:59,555 - INFO -   ✓ Saved: RESTRUCTURED_DB/2008/nov/163794.json
2025-12-06 12:11:00,056 - INFO - 
[865/1000] Processing G.R. No. 163838
2025-12-06 12:11:00,056 - INFO -   Title: Wallem Maritime Services, Inc. et al. vs. NLRC, et al....
2025-12-06 12:11:00,446 - INFO -   ✓ Saved: RESTRUCTURED_DB/2008/sep/163838.json
2025-12-06 12:11:00,946 - INFO - 
[866/1000] Processing G.R. No. 163876
2025-12-06 12:11:00,946 - INFO -   Title: Rosalina Clado-Reyes, et al. vs. Sps. Julius and Lily Limpe...
2025-12-06 12:11:01,328 - INFO -   ✓ Saved: RESTRUCTURED_DB/2008/jul/163876.json
2025-12-06 12:11:01,828 - INFO - 
[867/1000] Processing G.R. No. 163898
2025-12-06 12:11:01,828 - INFO -   Title: Roberto Barbasa vs. Hon. Artemio G. Tuquero, et al....
2025-12-06 12:11:02,218 - INFO -   ✓ Saved: RESTRUCTURED_DB/2008/dec/163898.json
2025-12-06 12:11:02,718 - INFO - 
[868/1000] Processing G.R. No. 163938
2025-12-06 12:11:02,718 - INFO -   Title: Dante Buebos et al. vs. the People of the Philippines...
2025-12-06 12:11:03,101 - INFO -   ✓ Saved: RESTRUCTURED_DB/2008/mar/163938.json
2025-12-06 12:11:03,601 - INFO - 
[869/1000] Processing G.R. No. 163942
2025-12-06 12:11:03,601 - INFO -   Title: Nuwhrain-Apl-Iuf Dusit Hotel Nikko Chapter vs. the Hon. CA, ...
2025-12-06 12:11:03,984 - INFO -   ✓ Saved: RESTRUCTURED_DB/2008/nov/163942.json
2025-12-06 12:11:04,484 - INFO - 
[870/1000] Processing G.R. No. 163972
2025-12-06 12:11:04,484 - INFO -   Title: Joselito Raniero J. Daan vs. the Hon. Sandiganbayan (4th Div...
2025-12-06 12:11:04,866 - INFO -   ✓ Saved: RESTRUCTURED_DB/2008/mar/163972.json
2025-12-06 12:11:05,366 - INFO - 
[871/1000] Processing G.R. No. 164026
2025-12-06 12:11:05,366 - INFO -   Title: Securities and Exchange Commission vs. GMA Network, Inc....
2025-12-06 12:11:05,746 - INFO -   ✓ Saved: RESTRUCTURED_DB/2008/dec/164026.json
2025-12-06 12:11:06,246 - INFO - 
[872/1000] Processing G.R. No. 164052
2025-12-06 12:11:06,246 - INFO -   Title: Anonas Construction and Industrial Supply Corp. et al. vs. N...
2025-12-06 12:11:06,628 - INFO -   ✓ Saved: RESTRUCTURED_DB/2008/oct/164052.json
2025-12-06 12:11:07,128 - INFO - 
[873/1000] Processing G.R. No. 164081
2025-12-06 12:11:07,129 - INFO -   Title: Mitsubishi Motors Phils. Corporation vs. Rolando Simon and C...
2025-12-06 12:11:07,511 - INFO -   ✓ Saved: RESTRUCTURED_DB/2008/apr/164081.json
2025-12-06 12:11:08,011 - INFO - 
[874/1000] Processing G.R. No. 164110
2025-12-06 12:11:08,011 - INFO -   Title: Leonor B. Cruz vs. Teofila M. Catapang...
2025-12-06 12:11:08,392 - INFO -   ✓ Saved: RESTRUCTURED_DB/2008/feb/164110.json
2025-12-06 12:11:08,892 - INFO - 
[875/1000] Processing G.R. No. 164150
2025-12-06 12:11:08,892 - INFO -   Title: The Government of the Kingdom of Belgium vs. Hon. Court of A...
2025-12-06 12:11:09,288 - INFO -   ✓ Saved: RESTRUCTURED_DB/2008/apr/164150.json
2025-12-06 12:11:09,789 - INFO - 
[876/1000] Processing G.R. No. 164182
2025-12-06 12:11:09,789 - INFO -   Title: Power Homes Unlimited Corp. vs. Securities and Exchange Comm...
2025-12-06 12:11:10,174 - INFO -   ✓ Saved: RESTRUCTURED_DB/2008/feb/164182.json
2025-12-06 12:11:10,674 - INFO - 
[877/1000] Processing G.R. No. 164185
2025-12-06 12:11:10,674 - INFO -   Title: People of the Phil. vs. the Sandiganbayan & Alejandro A. Vil...
2025-12-06 12:11:11,055 - INFO -   ✓ Saved: RESTRUCTURED_DB/2008/jul/164185.json
2025-12-06 12:11:11,556 - INFO - 
[878/1000] Processing G.R. No. 164266
2025-12-06 12:11:11,556 - INFO -   Title: Nover Bryan Salvador Y De Leon vs. People of the Phil....
2025-12-06 12:11:11,938 - INFO -   ✓ Saved: RESTRUCTURED_DB/2008/jul/164266.json
2025-12-06 12:11:12,438 - INFO - 
[879/1000] Processing G.R. No. 164298
2025-12-06 12:11:12,438 - INFO -   Title: Engr. Roger F. Borja vs. the People of the Philippines...
2025-12-06 12:11:12,644 - INFO -   ✓ Saved: RESTRUCTURED_DB/2008/apr/164298.json
2025-12-06 12:11:13,145 - INFO - 
[880/1000] Processing G.R. No. 164299
2025-12-06 12:11:13,145 - INFO -   Title: Manila International Airport Authority vs. Powergen Inc....
2025-12-06 12:11:13,526 - INFO -   ✓ Saved: RESTRUCTURED_DB/2008/feb/164299.json
2025-12-06 12:11:14,026 - INFO - 
[881/1000] Processing G.R. No. 164314
2025-12-06 12:11:14,027 - INFO -   Title: Securities and Exchange Commission vs. Picop Resources Inc....
2025-12-06 12:11:14,411 - INFO -   ✓ Saved: RESTRUCTURED_DB/2008/sep/164614.json
2025-12-06 12:11:14,911 - INFO - 
[882/1000] Processing G.R. No. 164326
2025-12-06 12:11:14,911 - INFO -   Title: Seaoil Petroleum Corporation vs. Autocorp Group, et al....
2025-12-06 12:11:15,293 - INFO -   ✓ Saved: RESTRUCTURED_DB/2008/oct/164326.json
2025-12-06 12:11:15,794 - INFO - 
[883/1000] Processing G.R. No. 164401
2025-12-06 12:11:15,794 - INFO -   Title: Lilibeth Sunga-Chan, et al. vs. the Hon. Court of Appeals, e...
2025-12-06 12:11:16,180 - INFO -   ✓ Saved: RESTRUCTURED_DB/2008/jun/164401.json
2025-12-06 12:11:16,681 - INFO - 
[884/1000] Processing G.R. No. 164403
2025-12-06 12:11:16,681 - INFO -   Title: Cosmos Bottling Corporation vs. Pablo Nagrama, Jr....
2025-12-06 12:11:17,066 - INFO -   ✓ Saved: RESTRUCTURED_DB/2008/mar/164403.json
2025-12-06 12:11:17,566 - INFO - 
[885/1000] Processing G.R. No. 164479
2025-12-06 12:11:17,566 - INFO -   Title: Rombe Eximtrade (Phils.), Inc., et al. vs. Asiatrust Develop...
2025-12-06 12:11:17,773 - INFO -   ✓ Saved: RESTRUCTURED_DB/2008/feb/164479.json
2025-12-06 12:11:18,273 - INFO - 
[886/1000] Processing G.R. No. 164510
2025-12-06 12:11:18,273 - INFO -   Title: Sps. Santiago and Rufina C. Tanchan vs. Allied Banking Corpo...
2025-12-06 12:11:18,658 - INFO -   ✓ Saved: RESTRUCTURED_DB/2008/nov/164510.json
2025-12-06 12:11:19,158 - INFO - 
[887/1000] Processing G.R. No. 164517
2025-12-06 12:11:19,158 - INFO -   Title: BF Corporation vs. Manila International Airport Authority...
2025-12-06 12:11:19,378 - INFO -   ✓ Saved: RESTRUCTURED_DB/2008/jun/164517.json
2025-12-06 12:11:19,878 - INFO - 
[888/1000] Processing G.R. No. 164521
2025-12-06 12:11:19,878 - INFO -   Title: Allandale Sportsline, Inc. et al. vs. the Good Development C...
2025-12-06 12:11:20,262 - INFO -   ✓ Saved: RESTRUCTURED_DB/2008/dec/164521.json
2025-12-06 12:11:20,762 - INFO - 
[889/1000] Processing G.R. No. 164587
2025-12-06 12:11:20,762 - INFO -   Title: Rockland Construction Co. Inc. vs. Mid-Pasig Land Developmen...
2025-12-06 12:11:20,969 - INFO -   ✓ Saved: RESTRUCTURED_DB/2008/feb/164587.json
2025-12-06 12:11:21,469 - INFO - 
[890/1000] Processing G.R. No. 164624
2025-12-06 12:11:21,469 - INFO -   Title: Sari-sari Group of Companies, Inc. vs. Piglas Kamao (Sari-sa...
2025-12-06 12:11:21,865 - INFO -   ✓ Saved: RESTRUCTURED_DB/2008/aug/164624.json
2025-12-06 12:11:22,365 - INFO - 
[891/1000] Processing G.R. No. 164632
2025-12-06 12:11:22,365 - INFO -   Title: Urethane Trading Specialist Inc vs. Edwin Ong & Leticia Ong...
2025-12-06 12:11:22,572 - INFO -   ✓ Saved: RESTRUCTURED_DB/2008/oct/164632.json
2025-12-06 12:11:23,072 - INFO - 
[892/1000] Processing G.R. No. 164640
2025-12-06 12:11:23,072 - INFO -   Title: Cynthia Gana vs. the National Labor Relations Commission, et...
2025-12-06 12:11:23,460 - INFO -   ✓ Saved: RESTRUCTURED_DB/2008/jun/164640.json
2025-12-06 12:11:23,960 - INFO - 
[893/1000] Processing G.R. No. 164648
2025-12-06 12:11:23,960 - INFO -   Title: Eric L. Lee vs. Hon. Henry J. Trocino, et al....
2025-12-06 12:11:25,681 - INFO -   ✓ Saved: RESTRUCTURED_DB/2008/aug/164648.json
2025-12-06 12:11:26,182 - INFO - 
[894/1000] Processing G.R. No. 164763
2025-12-06 12:11:26,182 - INFO -   Title: Zenon R. Perez vs. People of the Philippines, et al....
2025-12-06 12:11:27,321 - INFO -   ✓ Saved: RESTRUCTURED_DB/2008/feb/164763.json
2025-12-06 12:11:27,821 - INFO - 
[895/1000] Processing G.R. No. 164790
2025-12-06 12:11:27,821 - INFO -   Title: Social Security System, et al. vs. Gloria de los Santos...
2025-12-06 12:11:28,220 - INFO -   ✓ Saved: RESTRUCTURED_DB/2008/aug/164790.json
2025-12-06 12:11:28,720 - INFO - 
[896/1000] Processing G.R. No. 164805
2025-12-06 12:11:28,720 - INFO -   Title: Solidbank Corp. etc. vs. Gateway Electronics Corp., et al....
2025-12-06 12:11:29,315 - INFO -   ✓ Saved: RESTRUCTURED_DB/2008/apr/164805.json
2025-12-06 12:11:29,815 - INFO - 
[897/1000] Processing G.R. No. 164820
2025-12-06 12:11:29,815 - INFO -   Title: Victory Liner, Inc. vs. Pablo Race...
2025-12-06 12:11:30,218 - INFO -   ✓ Saved: RESTRUCTURED_DB/2008/dec/164820.json
2025-12-06 12:11:30,718 - INFO - 
[898/1000] Processing G.R. No. 164824
2025-12-06 12:11:30,719 - INFO -   Title: Rolando V. Aromin vs. National Labor Relations Commission, e...
2025-12-06 12:11:31,302 - INFO -   ✓ Saved: RESTRUCTURED_DB/2008/apr/164824.json
2025-12-06 12:11:31,803 - INFO - 
[899/1000] Processing G.R. No. 164846
2025-12-06 12:11:31,803 - INFO -   Title: Sta. Monica Industrial & Devt. Corp vs. the Department of Ag...
2025-12-06 12:11:32,213 - INFO -   ✓ Saved: RESTRUCTURED_DB/2008/jun/164846.json
2025-12-06 12:11:32,713 - INFO - 
[900/1000] Processing G.R. No. 164850
2025-12-06 12:11:32,713 - INFO -   Title: Reynaldo Q. Agullano vs. Christian Publishing, et al....
2025-12-06 12:11:33,120 - INFO -   ✓ Saved: RESTRUCTURED_DB/2008/sep/164850.json
2025-12-06 12:11:33,620 - INFO - 
[901/1000] Processing G.R. No. 164909
2025-12-06 12:11:33,620 - INFO -   Title: Ronnie Ambait y Saura vs. the Court of Appeals, et al....
2025-12-06 12:11:34,019 - INFO -   ✓ Saved: RESTRUCTURED_DB/2008/apr/164909.json
2025-12-06 12:11:34,519 - INFO - 
[902/1000] Processing G.R. No. 164912
2025-12-06 12:11:34,519 - INFO -   Title: Pag-asa Fishpond Corp. vs. Bernardo Jimenez, et al....
2025-12-06 12:11:35,288 - INFO -   ✓ Saved: RESTRUCTURED_DB/2008/jun/164912.json
2025-12-06 12:11:35,789 - INFO - 
[903/1000] Processing G.R. No. 164919
2025-12-06 12:11:35,789 - INFO -   Title: China Banking Corp vs. Sps. Tobias P. Lozada and Erlina P. L...
2025-12-06 12:11:36,559 - INFO -   ✓ Saved: RESTRUCTURED_DB/2008/jul/164919.json
2025-12-06 12:11:37,059 - INFO - 
[904/1000] Processing G.R. No. 164964
2025-12-06 12:11:37,059 - INFO -   Title: National Power Corporation vs. Maria Bagui, Vedasto Bagui, e...
2025-12-06 12:11:37,473 - INFO -   ✓ Saved: RESTRUCTURED_DB/2008/oct/164964.json
2025-12-06 12:11:37,973 - INFO - 
[905/1000] Processing G.R. No. 165012
2025-12-06 12:11:37,973 - INFO -   Title: Rachel Beatriz Ruivivar vs. Office of the Ombudsman & Dr. Co...
2025-12-06 12:11:38,374 - INFO -   ✓ Saved: RESTRUCTURED_DB/2008/sep/165012.json
2025-12-06 12:11:38,874 - INFO - 
[906/1000] Processing G.R. No. 165016
2025-12-06 12:11:38,874 - INFO -   Title: Dolores Montef Alcon, et al. vs. Ronnie S. Vasquez...
2025-12-06 12:11:39,275 - INFO -   ✓ Saved: RESTRUCTURED_DB/2008/jun/165016.json
2025-12-06 12:11:39,775 - INFO - 
[907/1000] Processing G.R. No. 165060
2025-12-06 12:11:39,775 - INFO -   Title: Albino Josef vs. Otelio Santos...
2025-12-06 12:11:40,174 - INFO -   ✓ Saved: RESTRUCTURED_DB/2008/nov/165060.json
2025-12-06 12:11:40,674 - INFO - 
[908/1000] Processing G.R. No. 165114
2025-12-06 12:11:40,675 - INFO -   Title: Republic of the Philippines vs. Mabelle Ravelo, et al....
2025-12-06 12:11:41,074 - INFO -   ✓ Saved: RESTRUCTURED_DB/2008/aug/165114.json
2025-12-06 12:11:41,575 - INFO - 
[909/1000] Processing G.R. No. 165121
2025-12-06 12:11:41,575 - INFO -   Title: Civil Service Commission vs. Peter E. Nierras...
2025-12-06 12:11:41,973 - INFO -   ✓ Saved: RESTRUCTURED_DB/2008/feb/165121.json
2025-12-06 12:11:42,474 - INFO - 
[910/1000] Processing G.R. No. 165147
2025-12-06 12:11:42,474 - INFO -   Title: Phil. First Insurance Co. Inc. & Paramount Gen. Insurance Co...
2025-12-06 12:11:42,874 - INFO -   ✓ Saved: RESTRUCTURED_DB/2008/jul/165147.json
2025-12-06 12:11:43,374 - INFO - 
[911/1000] Processing G.R. No. 165153
2025-12-06 12:11:43,374 - INFO -   Title: Carlos E. De Castro vs. Liberty Broadcasting Network, Inc. &...
2025-12-06 12:11:43,775 - INFO -   ✓ Saved: RESTRUCTURED_DB/2008/sep/165153.json
2025-12-06 12:11:44,275 - INFO - 
[912/1000] Processing G.R. No. 165258
2025-12-06 12:11:44,275 - INFO -   Title: Rosita L. Flaminiano vs. Hon. Arsenio P. Adriano, et al....
2025-12-06 12:11:44,504 - INFO -   ✓ Saved: RESTRUCTURED_DB/2008/feb/165258.json
2025-12-06 12:11:45,004 - INFO - 
[913/1000] Processing G.R. No. 165275
2025-12-06 12:11:45,004 - INFO -   Title: Goretti Ong vs. People of the Philippines...
2025-12-06 12:11:45,404 - INFO -   ✓ Saved: RESTRUCTURED_DB/2008/sep/165275.json
2025-12-06 12:11:45,904 - INFO - 
[914/1000] Processing G.R. No. 165284
2025-12-06 12:11:45,904 - INFO -   Title: MP Acebedo Optical Shops/ Acebedo Optical Co., Inc. vs. Nati...
2025-12-06 12:11:46,302 - INFO -   ✓ Saved: RESTRUCTURED_DB/2008/apr/165284.json
2025-12-06 12:11:46,802 - INFO - 
[915/1000] Processing G.R. No. 165318
2025-12-06 12:11:46,802 - INFO -   Title: Amando A. Pontaoe and Dr. Alejandro G. Pontaoe vs. Teodora A...
2025-12-06 12:11:47,653 - WARNING -   ✗ Could not fetch case from any URL
2025-12-06 12:11:47,654 - INFO - 
[916/1000] Processing G.R. No. 165359
2025-12-06 12:11:47,654 - INFO -   Title: Honda Cars Makati, Inc. vs. CA & Michael P. Bassi....
2025-12-06 12:11:48,052 - INFO -   ✓ Saved: RESTRUCTURED_DB/2008/jul/165359.json
2025-12-06 12:11:48,552 - INFO - 
[917/1000] Processing G.R. No. 165389
2025-12-06 12:11:48,552 - INFO -   Title: NFD International Manning Agents etc. vs. NLRC, et al....
2025-12-06 12:11:48,955 - INFO -   ✓ Saved: RESTRUCTURED_DB/2008/oct/165389.json
2025-12-06 12:11:49,455 - INFO - 
[918/1000] Processing G.R. No. 165416
2025-12-06 12:11:49,455 - INFO -   Title: Office of the Ombudsman vs. Florita A. Masing, et al./Office...
2025-12-06 12:11:50,039 - INFO -   ✓ Saved: RESTRUCTURED_DB/2008/jan/165416.json
2025-12-06 12:11:50,540 - INFO - 
[919/1000] Processing G.R. No. 165471
2025-12-06 12:11:50,540 - INFO -   Title: Emeterio C. Oregas, et al. vs. NLRC, Dusit Hotel Nikko, Phil...
2025-12-06 12:11:50,939 - INFO -   ✓ Saved: RESTRUCTURED_DB/2008/jul/165471.json
2025-12-06 12:11:51,440 - INFO - 
[920/1000] Processing G.R. No. 165482
2025-12-06 12:11:51,440 - INFO -   Title: Social Security Commission & Apolonio Lamboso vs. Far S. Alb...
2025-12-06 12:11:51,839 - INFO -   ✓ Saved: RESTRUCTURED_DB/2008/jul/165482.json
2025-12-06 12:11:52,339 - INFO - 
[921/1000] Processing G.R. No. 165550
2025-12-06 12:11:52,339 - INFO -   Title: Standard Chartered Bank vs. Standard Chartered Bank-Employee...
2025-12-06 12:11:52,739 - INFO -   ✓ Saved: RESTRUCTURED_DB/2008/oct/165550.json
2025-12-06 12:11:53,239 - INFO - 
[922/1000] Processing G.R. No. 165565
2025-12-06 12:11:53,239 - INFO -   Title: School of the Holy Spirit of Q.C. and/or Sr. Crispina A. Tol...
2025-12-06 12:11:53,455 - INFO -   ✓ Saved: RESTRUCTURED_DB/2008/jul/165565.json
2025-12-06 12:11:53,955 - INFO - 
[923/1000] Processing G.R. No. 165622
2025-12-06 12:11:53,955 - INFO -   Title: Mercury Drug Corporation, et al. vs. Raul De Leon...
2025-12-06 12:11:54,358 - INFO -   ✓ Saved: RESTRUCTURED_DB/2008/oct/165622.json
2025-12-06 12:11:54,858 - INFO - 
[924/1000] Processing G.R. No. 165744
2025-12-06 12:11:54,858 - INFO -   Title: Oscar C. Reyes vs. Hon. RTC Makati Br. 142, zenith Insurance...
2025-12-06 12:11:55,260 - INFO -   ✓ Saved: RESTRUCTURED_DB/2008/aug/165744.json
2025-12-06 12:11:55,760 - INFO - 
[925/1000] Processing G.R. No. 165776
2025-12-06 12:11:55,760 - INFO -   Title: Genevieve O. Gaas, et al. vs. Rasol L. Mitmug, etc....
2025-12-06 12:11:55,977 - INFO -   ✓ Saved: RESTRUCTURED_DB/2008/apr/165776.json
2025-12-06 12:11:56,477 - INFO - 
[926/1000] Processing G.R. No. 165918
2025-12-06 12:11:56,477 - INFO -   Title: Quintin Lee, Jr. vs. Hon. Court of Appeals, et al....
2025-12-06 12:11:56,876 - INFO -   ✓ Saved: RESTRUCTURED_DB/2008/jun/165918.json
2025-12-06 12:11:57,376 - INFO - 
[927/1000] Processing G.R. No. 165952
2025-12-06 12:11:57,377 - INFO -   Title: Aneco Reality and Dev't Corp. vs. Landex Development Corp....
2025-12-06 12:11:57,776 - INFO -   ✓ Saved: RESTRUCTURED_DB/2008/jul/165952.json
2025-12-06 12:11:58,276 - INFO - 
[928/1000] Processing G.R. No. 165968
2025-12-06 12:11:58,276 - INFO -   Title: Pepsi Cola Products Philippines, Inc., et al. vs. Emmanuel V...
2025-12-06 12:11:58,491 - INFO -   ✓ Saved: RESTRUCTURED_DB/2008/apr/165968.json
2025-12-06 12:11:58,991 - INFO - 
[929/1000] Processing G.R. No. 165993
2025-12-06 12:11:58,991 - INFO -   Title: Merida Water District, et al. vs. Francisco Bacarro, et al....
2025-12-06 12:11:59,390 - INFO -   ✓ Saved: RESTRUCTURED_DB/2008/sep/165993.json
2025-12-06 12:11:59,890 - INFO - 
[930/1000] Processing G.R. No. 166006
2025-12-06 12:11:59,890 - INFO -   Title: Planters Products Inc., et al. vs. Fertiphil Corp....
2025-12-06 12:12:00,292 - INFO -   ✓ Saved: RESTRUCTURED_DB/2008/mar/166006.json
2025-12-06 12:12:00,793 - INFO - 
[931/1000] Processing G.R. No. 166051
2025-12-06 12:12:00,793 - INFO -   Title: Solid Homes, Inc. vs. Evelina Laserna, et al....
2025-12-06 12:12:01,193 - INFO -   ✓ Saved: RESTRUCTURED_DB/2008/apr/166051.json
2025-12-06 12:12:01,693 - INFO - 
[932/1000] Processing G.R. No. 166096
2025-12-06 12:12:01,693 - INFO -   Title: Philippine National Bank vs. Ramon Brigido L. Velasco...
2025-12-06 12:12:02,095 - INFO -   ✓ Saved: RESTRUCTURED_DB/2008/sep/166096.json
2025-12-06 12:12:02,595 - INFO - 
[933/1000] Processing G.R. No. 166097
2025-12-06 12:12:02,595 - INFO -   Title: Board of Medicine, Dr. Raul Flores, et al. vs. Yasuyuki Ota...
2025-12-06 12:12:02,812 - INFO -   ✓ Saved: RESTRUCTURED_DB/2008/jul/166097.json
2025-12-06 12:12:03,312 - INFO - 
[934/1000] Processing G.R. No. 166104
2025-12-06 12:12:03,313 - INFO -   Title: Rn Development Corporation vs. A.I.I. Systems, Inc....
2025-12-06 12:12:03,539 - INFO -   ✓ Saved: RESTRUCTURED_DB/2008/jun/166104.json
2025-12-06 12:12:04,040 - INFO - 
[935/1000] Processing G.R. No. 166211
2025-12-06 12:12:04,040 - INFO -   Title: Asian Terminal Inc. vs. Nepthally B. Sallao and Asian Termin...
2025-12-06 12:12:04,439 - INFO -   ✓ Saved: RESTRUCTURED_DB/2008/jul/166211.json
2025-12-06 12:12:04,939 - INFO - 
[936/1000] Processing G.R. No. 166245
2025-12-06 12:12:04,939 - INFO -   Title: Eternal Gardens Memorial Park Corporation vs. the Philippine...
2025-12-06 12:12:05,338 - INFO -   ✓ Saved: RESTRUCTURED_DB/2008/apr/166245.json
2025-12-06 12:12:05,838 - INFO - 
[937/1000] Processing G.R. No. 166246
2025-12-06 12:12:05,839 - INFO -   Title: Antonio Nepomuceno vs. People of the Philippines...
2025-12-06 12:12:06,239 - INFO -   ✓ Saved: RESTRUCTURED_DB/2008/apr/166246.json
2025-12-06 12:12:06,739 - INFO - 
[938/1000] Processing G.R. No. 166261
2025-12-06 12:12:06,739 - INFO -   Title: Government Service Insurance System vs. Astrid V. Corrales...
2025-12-06 12:12:07,155 - INFO -   ✓ Saved: RESTRUCTURED_DB/2008/jun/166261.json
2025-12-06 12:12:07,655 - INFO - 
[939/1000] Processing G.R. No. 166301
2025-12-06 12:12:07,655 - INFO -   Title: St. Michael School of Cavite, Inc., et al. vs. Masaito Devel...
2025-12-06 12:12:08,057 - INFO -   ✓ Saved: RESTRUCTURED_DB/2008/feb/166301.json
2025-12-06 12:12:08,557 - INFO - 
[940/1000] Processing G.R. No. 166309
2025-12-06 12:12:08,557 - INFO -   Title: Republic of the Philippines, etc. vs. Unimex Micro-Electroni...
2025-12-06 12:12:08,772 - INFO -   ✓ Saved: RESTRUCTURED_DB/2008/nov/166309.json
2025-12-06 12:12:09,273 - INFO - 
[941/1000] Processing G.R. No. 166377
2025-12-06 12:12:09,273 - INFO -   Title: Ma. Isabel T. Santos represented by Antonio P. Santos vs. Se...
2025-12-06 12:12:09,675 - INFO -   ✓ Saved: RESTRUCTURED_DB/2008/nov/166377.json
2025-12-06 12:12:10,175 - INFO - 
[942/1000] Processing G.R. No. 166405
2025-12-06 12:12:10,176 - INFO -   Title: Claude P. Bautista vs. Auto Plus Traders Inc. et al....
2025-12-06 12:12:10,393 - INFO -   ✓ Saved: RESTRUCTURED_DB/2008/aug/166405.json
2025-12-06 12:12:10,893 - INFO - 
[943/1000] Processing G.R. No. 166408
2025-12-06 12:12:10,893 - INFO -   Title: Quezon City & the City Treasurer vs. ABS-CBN Broadcasting Co...
2025-12-06 12:12:11,297 - INFO -   ✓ Saved: RESTRUCTURED_DB/2008/oct/166408.json
2025-12-06 12:12:11,797 - INFO - 
[944/1000] Processing G.R. No. 166435
2025-12-06 12:12:11,797 - INFO -   Title: The Superintendent of City Schools for Manila vs. Ma. Gracia...
2025-12-06 12:12:12,013 - INFO -   ✓ Saved: RESTRUCTURED_DB/2008/feb/166435.json
2025-12-06 12:12:12,513 - INFO - 
[945/1000] Processing G.R. No. 166458
2025-12-06 12:12:12,513 - INFO -   Title: Mr. Sergio Villadar, Jr., et al. vs. Eldon Zabala, et al....
2025-12-06 12:12:12,922 - INFO -   ✓ Saved: RESTRUCTURED_DB/2008/feb/166458.json
2025-12-06 12:12:13,422 - INFO - 
[946/1000] Processing G.R. No. 166502
2025-12-06 12:12:13,422 - INFO -   Title: Francisco De Guzman vs. People of the Philippines...
2025-12-06 12:12:13,656 - INFO -   ✓ Saved: RESTRUCTURED_DB/2008/oct/166502.json
2025-12-06 12:12:14,156 - INFO - 
[947/1000] Processing G.R. No. 166510
2025-12-06 12:12:14,156 - INFO -   Title: People of the Philippines vs. Benjamin "Kokoy" T. Romualdez,...
2025-12-06 12:12:14,558 - INFO -   ✓ Saved: RESTRUCTURED_DB/2008/jul/166510.json
2025-12-06 12:12:15,059 - INFO - 
[948/1000] Processing G.R. No. 166520
2025-12-06 12:12:15,059 - INFO -   Title: Vilma C. Tan, et al. vs. the Hon Francisco C. Gedorio, Jr. e...
2025-12-06 12:12:15,279 - INFO -   ✓ Saved: RESTRUCTURED_DB/2008/mar/166520.json
2025-12-06 12:12:15,779 - INFO - 
[949/1000] Processing G.R. No. 166554
2025-12-06 12:12:15,779 - INFO -   Title: Julito Sagales vs. Rustan's Comnmercial Corporation...
2025-12-06 12:12:16,180 - INFO -   ✓ Saved: RESTRUCTURED_DB/2008/nov/166554.json
2025-12-06 12:12:16,681 - INFO - 
[950/1000] Processing G.R. No. 166658
2025-12-06 12:12:16,681 - INFO -   Title: Eustaquio B. Cesa vs. Office of the Ombudsman, et al....
2025-12-06 12:12:16,900 - INFO -   ✓ Saved: RESTRUCTURED_DB/2008/apr/166658.json
2025-12-06 12:12:17,400 - INFO - 
[951/1000] Processing G.R. No. 166662
2025-12-06 12:12:17,400 - INFO -   Title: Autocorp Group, et al. vs. Intra Strata Assurance Corp, et a...
2025-12-06 12:12:17,801 - INFO -   ✓ Saved: RESTRUCTURED_DB/2008/jun/166662.json
2025-12-06 12:12:18,301 - INFO - 
[952/1000] Processing G.R. No. 166676
2025-12-06 12:12:18,301 - INFO -   Title: Republic of the Philippines vs. Jennifer B. Cagandahan...
2025-12-06 12:12:18,700 - INFO -   ✓ Saved: RESTRUCTURED_DB/2008/sep/166676.json
2025-12-06 12:12:19,200 - INFO - 
[953/1000] Processing G.R. No. 166703
2025-12-06 12:12:19,200 - INFO -   Title: AMA Computer College, Inc. vs. Ely Garcia, et al....
2025-12-06 12:12:19,600 - INFO -   ✓ Saved: RESTRUCTURED_DB/2008/apr/166703.json
2025-12-06 12:12:20,101 - INFO - 
[954/1000] Processing G.R. No. 166715
2025-12-06 12:12:20,101 - INFO -   Title: ABAKADA Guro Party List, et al. vs. Hon. Cesar V. Purisima, ...
2025-12-06 12:12:20,688 - INFO -   ✓ Saved: RESTRUCTURED_DB/2008/aug/166715.json
2025-12-06 12:12:21,189 - INFO - 
[955/1000] Processing G.R. No. 166756
2025-12-06 12:12:21,189 - INFO -   Title: Republic of the Philippines vs. Katrina Isabel Samson Yulo...
2025-12-06 12:12:21,404 - INFO -   ✓ Saved: RESTRUCTURED_DB/2008/oct/166756.json
2025-12-06 12:12:21,904 - INFO - 
[956/1000] Processing G.R. No. 166760
2025-12-06 12:12:21,904 - INFO -   Title: Eastridge Golf Club, Inc. vs. Eastridge Golf Club, Inc. et a...
2025-12-06 12:12:22,307 - INFO -   ✓ Saved: RESTRUCTURED_DB/2008/aug/166760.json
2025-12-06 12:12:22,807 - INFO - 
[957/1000] Processing G.R. No. 166785
2025-12-06 12:12:22,807 - INFO -   Title: Oroport Carholding Services Inc. etc. vs. Phividec Industria...
2025-12-06 12:12:23,207 - INFO -   ✓ Saved: RESTRUCTURED_DB/2008/jul/166785.json
2025-12-06 12:12:23,707 - INFO - 
[958/1000] Processing G.R. No. 166802
2025-12-06 12:12:23,707 - INFO -   Title: Sps. Alberto Gutierrez and Epifania Gutierrez vs. Sps. Rogel...
2025-12-06 12:12:24,107 - INFO -   ✓ Saved: RESTRUCTURED_DB/2008/jul/166802.json
2025-12-06 12:12:24,608 - INFO - 
[959/1000] Processing G.R. No. 166810
2025-12-06 12:12:24,608 - INFO -   Title: Judge Joby Lopez vs. People of the Philippines...
2025-12-06 12:12:25,006 - INFO -   ✓ Saved: RESTRUCTURED_DB/2008/jun/166810.json
2025-12-06 12:12:25,506 - INFO - 
[960/1000] Processing G.R. No. 166866
2025-12-06 12:12:25,506 - INFO -   Title: Republic of the Philippines etc. vs. Antonio & Lili Florendo...
2025-12-06 12:12:25,906 - INFO -   ✓ Saved: RESTRUCTURED_DB/2008/mar/166866.json
2025-12-06 12:12:26,406 - INFO - 
[961/1000] Processing G.R. No. 166886
2025-12-06 12:12:26,406 - INFO -   Title: Mattel, Inc. vs. Emma Francisco, et al....
2025-12-06 12:12:26,806 - INFO -   ✓ Saved: RESTRUCTURED_DB/2008/jul/166886.json
2025-12-06 12:12:27,306 - INFO - 
[962/1000] Processing G.R. No. 166904
2025-12-06 12:12:27,306 - INFO -   Title: Median Container Corp. vs. Metropolitan Bank & Trust Co....
2025-12-06 12:12:27,712 - INFO -   ✓ Saved: RESTRUCTURED_DB/2008/aug/166904.json
2025-12-06 12:12:28,212 - INFO - 
[963/1000] Processing G.R. No. 166996
2025-12-06 12:12:28,212 - INFO -   Title: Philippine Airlines, Inc. et al. vs. Bernardin J. Zamora...
2025-12-06 12:12:28,610 - INFO -   ✓ Saved: RESTRUCTURED_DB/2008/sep/166996.json
2025-12-06 12:12:29,110 - INFO - 
[964/1000] Processing G.R. No. 167011
2025-12-06 12:12:29,110 - INFO -   Title: Sps. Carlos S. Romualdez etc. vs. Commission on Elections, e...
2025-12-06 12:12:29,335 - INFO -   ✓ Saved: RESTRUCTURED_DB/2008/dec/167011.json
2025-12-06 12:12:29,836 - INFO - 
[965/1000] Processing G.R. No. 167011
2025-12-06 12:12:29,836 - INFO -   Title: Sps. Carlos and Erlinda Romualdez vs. Commission on Election...
2025-12-06 12:12:30,423 - INFO -   ✓ Saved: RESTRUCTURED_DB/2008/apr/167011.json
2025-12-06 12:12:30,924 - INFO - 
[966/1000] Processing G.R. No. 167041
2025-12-06 12:12:30,924 - INFO -   Title: Provident International Resources Corp., et al. vs. Joaquin ...
2025-12-06 12:12:31,149 - INFO -   ✓ Saved: RESTRUCTURED_DB/2008/jun/167041.json
2025-12-06 12:12:31,649 - INFO - 
[967/1000] Processing G.R. No. 167045
2025-12-06 12:12:31,649 - INFO -   Title: Cocomangas Hotel Beach Resort and/or Susan Munro vs. Federic...
2025-12-06 12:12:32,051 - INFO -   ✓ Saved: RESTRUCTURED_DB/2008/aug/167045.json
2025-12-06 12:12:32,551 - INFO - 
[968/1000] Processing G.R. No. 167058
2025-12-06 12:12:32,551 - INFO -   Title: PNB vs. Sps. Tomas Cab a Tingan & Agapita Edullantes rep by ...
2025-12-06 12:12:32,766 - INFO -   ✓ Saved: RESTRUCTURED_DB/2008/jul/167058.json
2025-12-06 12:12:33,266 - INFO - 
[969/1000] Processing G.R. No. 167098
2025-12-06 12:12:33,266 - INFO -   Title: Philippine Veterans Bank vs. Benjamin Monillas...
2025-12-06 12:12:33,665 - INFO -   ✓ Saved: RESTRUCTURED_DB/2008/mar/167098.json
2025-12-06 12:12:34,165 - INFO - 
[970/1000] Processing G.R. No. 167179
2025-12-06 12:12:34,165 - INFO -   Title: People of the Philippines vs. Elmer Ceredon y Pagaran...
2025-12-06 12:12:35,358 - INFO -   ✓ Saved: RESTRUCTURED_DB/2008/jan/167179.json
2025-12-06 12:12:35,858 - INFO - 
[971/1000] Processing G.R. No. 167181
2025-12-06 12:12:35,858 - INFO -   Title: Sps. Carlos Munsalud and Winnie Munsalud vs. National Housin...
2025-12-06 12:12:36,259 - INFO -   ✓ Saved: RESTRUCTURED_DB/2008/dec/167181.json
2025-12-06 12:12:36,759 - INFO - 
[972/1000] Processing G.R. No. 167215
2025-12-06 12:12:36,759 - INFO -   Title: Republic of the Philippines vs. Heirs of Evaristo Tiotioen...
2025-12-06 12:12:37,164 - INFO -   ✓ Saved: RESTRUCTURED_DB/2008/oct/167215.json
2025-12-06 12:12:37,665 - INFO - 
[973/1000] Processing G.R. No. 167217
2025-12-06 12:12:37,665 - INFO -   Title: P.I. Manufacturing Incorporated vs. P.I. Manufacturing Super...
2025-12-06 12:12:38,075 - INFO -   ✓ Saved: RESTRUCTURED_DB/2008/feb/167217.json
2025-12-06 12:12:38,575 - INFO - 
[974/1000] Processing G.R. No. 167274
2025-12-06 12:12:38,575 - INFO -   Title: Commissioner of Internal Revenue vs. Fortune Tobacco Corpora...
2025-12-06 12:12:38,977 - INFO -   ✓ Saved: RESTRUCTURED_DB/2008/jul/167274.json
2025-12-06 12:12:39,477 - INFO - 
[975/1000] Processing G.R. No. 167278
2025-12-06 12:12:39,477 - INFO -   Title: Atty. Gil A. Valera, etc. vs. Office of the Ombudsman, et al...
2025-12-06 12:12:39,878 - INFO -   ✓ Saved: RESTRUCTURED_DB/2008/feb/167278.json
2025-12-06 12:12:40,378 - INFO - 
[976/1000] Processing G.R. No. 167280
2025-12-06 12:12:40,378 - INFO -   Title: Metropolitan Bank and Trust Company vs. Sps. Elmor V. Bance ...
2025-12-06 12:12:40,778 - INFO -   ✓ Saved: RESTRUCTURED_DB/2008/apr/167280.json
2025-12-06 12:12:41,278 - INFO - 
[977/1000] Processing G.R. No. 167281
2025-12-06 12:12:41,278 - INFO -   Title: Mary M. Bausa, et al. vs. Heirs of Juan Dino, et al....
2025-12-06 12:12:41,676 - INFO -   ✓ Saved: RESTRUCTURED_DB/2008/aug/167281.json
2025-12-06 12:12:42,177 - INFO - 
[978/1000] Processing G.R. No. 167310
2025-12-06 12:12:42,177 - INFO -   Title: The Peninsula Manila, et al. vs. Elaine M. Alipio...
2025-12-06 12:12:42,575 - INFO -   ✓ Saved: RESTRUCTURED_DB/2008/jun/167310.json
2025-12-06 12:12:43,075 - INFO - 
[979/1000] Processing G.R. No. 167330
2025-12-06 12:12:43,075 - INFO -   Title: Philippines Health Care Providers Inc. vs. Commissioner of I...
2025-12-06 12:12:43,474 - INFO -   ✓ Saved: RESTRUCTURED_DB/2008/jun/167330.json
2025-12-06 12:12:43,975 - INFO - 
[980/1000] Processing G.R. No. 167334
2025-12-06 12:12:43,975 - INFO -   Title: Catholic Vicariate etc. vs. Hon. Patricia A. Sto. Tomas, et ...
2025-12-06 12:12:44,374 - INFO -   ✓ Saved: RESTRUCTURED_DB/2008/mar/167334.json
2025-12-06 12:12:44,875 - INFO - 
[981/1000] Processing G.R. No. 167357
2025-12-06 12:12:44,875 - INFO -   Title: 88 Mart Duty Free, Inc. vs. Fernando U. Juan, etc....
2025-12-06 12:12:45,280 - INFO -   ✓ Saved: RESTRUCTURED_DB/2008/nov/167357.json
2025-12-06 12:12:45,780 - INFO - 
[982/1000] Processing G.R. No. 167403
2025-12-06 12:12:45,780 - INFO -   Title: Makati Insurance Co., Inc. vs. Hon. Wilfredo D. Reyes, et al...
2025-12-06 12:12:46,182 - INFO -   ✓ Saved: RESTRUCTURED_DB/2008/aug/167403.json
2025-12-06 12:12:46,682 - INFO - 
[983/1000] Processing G.R. No. 167449
2025-12-06 12:12:46,682 - INFO -   Title: Bristol Myers Squibb (Phil.), Inc. vs. Richard Nixon a Baban...
2025-12-06 12:12:47,082 - INFO -   ✓ Saved: RESTRUCTURED_DB/2008/dec/167449.json
2025-12-06 12:12:47,582 - INFO - 
[984/1000] Processing G.R. No. 167461
2025-12-06 12:12:47,582 - INFO -   Title: Vicky Moster vs. People of the Philippines...
2025-12-06 12:12:47,983 - INFO -   ✓ Saved: RESTRUCTURED_DB/2008/feb/167461.json
2025-12-06 12:12:48,484 - INFO - 
[985/1000] Processing G.R. No. 167500
2025-12-06 12:12:48,484 - INFO -   Title: K-Phil., Inc. et al. vs. Metropolitan Bank & Trust Co., et a...
2025-12-06 12:12:48,883 - INFO -   ✓ Saved: RESTRUCTURED_DB/2008/oct/167500.json
2025-12-06 12:12:49,383 - INFO - 
[986/1000] Processing G.R. No. 167523
2025-12-06 12:12:49,383 - INFO -   Title: Nilda V. Navales vs. Reynaldo Navales...
2025-12-06 12:12:49,785 - INFO -   ✓ Saved: RESTRUCTURED_DB/2008/jun/167523.json
2025-12-06 12:12:50,285 - INFO - 
[987/1000] Processing G.R. No. 167554
2025-12-06 12:12:50,285 - INFO -   Title: Romeo Asis, et al. vs. Consuelo Asis Vda de Guevarra....
2025-12-06 12:12:50,685 - INFO -   ✓ Saved: RESTRUCTURED_DB/2008/feb/167554.json
2025-12-06 12:12:51,186 - INFO - 
[988/1000] Processing G.R. No. 167560
2025-12-06 12:12:51,186 - INFO -   Title: Commissioner of Internal Revenue vs. Dominador Menguito...
2025-12-06 12:12:52,145 - INFO -   ✓ Saved: RESTRUCTURED_DB/2008/sep/167560.json
2025-12-06 12:12:52,645 - INFO - 
[989/1000] Processing G.R. No. 167571
2025-12-06 12:12:52,645 - INFO -   Title: Luis Panaguiton, Jr. vs. Deparment of Justice, et al....
2025-12-06 12:12:53,050 - INFO -   ✓ Saved: RESTRUCTURED_DB/2008/nov/167571.json
2025-12-06 12:12:53,551 - INFO - 
[990/1000] Processing G.R. No. 167622
2025-12-06 12:12:53,551 - INFO -   Title: Gregorio V. Tongko vs. the Manufacturers Life Insurance Co. ...
2025-12-06 12:12:54,138 - INFO -   ✓ Saved: RESTRUCTURED_DB/2008/nov/167622.json
2025-12-06 12:12:54,638 - INFO - 
[991/1000] Processing G.R. No. 167627
2025-12-06 12:12:54,638 - INFO -   Title: Agusan Del Norte Elctric Cooperative, Inc & Horacio T. Santo...
2025-12-06 12:12:55,429 - INFO -   ✓ Saved: RESTRUCTURED_DB/2008/oct/167627.json
2025-12-06 12:12:55,929 - INFO - 
[992/1000] Processing G.R. No. 167648
2025-12-06 12:12:55,929 - INFO -   Title: Television & Production Exponents, Inc., et al. vs. Roberto ...
2025-12-06 12:12:56,429 - INFO -   ✓ Saved: RESTRUCTURED_DB/2008/jan/167648.json
2025-12-06 12:12:56,929 - INFO - 
[993/1000] Processing G.R. No. 167671
2025-12-06 12:12:56,929 - INFO -   Title: Ricardo S. Santos, Jr. vs. People of the Philippines...
2025-12-06 12:12:57,144 - INFO -   ✓ Saved: RESTRUCTURED_DB/2008/sep/167671.json
2025-12-06 12:12:57,644 - INFO - 
[994/1000] Processing G.R. No. 167674
2025-12-06 12:12:57,644 - INFO -   Title: Philippines Islands Corp. for Tourism Devt. Inc. vs. Victori...
2025-12-06 12:12:58,043 - INFO -   ✓ Saved: RESTRUCTURED_DB/2008/jun/167674.json
2025-12-06 12:12:58,543 - INFO - 
[995/1000] Processing G.R. No. 167691
2025-12-06 12:12:58,543 - INFO -   Title: Camarines Sur IV Electric Cooperative, Inc. vs. Expedita L. ...
2025-12-06 12:12:58,759 - INFO -   ✓ Saved: RESTRUCTURED_DB/2008/sep/167691.json
2025-12-06 12:12:59,259 - INFO - 
[996/1000] Processing G.R. No. 167707
2025-12-06 12:12:59,259 - INFO -   Title: DENR vs. Mayor Yap / Dr. Sacay vs. DENR...
2025-12-06 12:13:00,402 - INFO -   ✓ Saved: RESTRUCTURED_DB/2008/oct/167707.json
2025-12-06 12:13:00,902 - INFO - 
[997/1000] Processing G.R. No. 167708
2025-12-06 12:13:00,902 - INFO -   Title: The Hon. Secretary of Labor and Employment, et al. vs. Panay...
2025-12-06 12:13:01,119 - INFO -   ✓ Saved: RESTRUCTURED_DB/2008/aug/167708.json
2025-12-06 12:13:01,619 - INFO - 
[998/1000] Processing G.R. No. 167709
2025-12-06 12:13:01,619 - INFO -   Title: Republic of the Philippines vs. Heirs of Pascual Ocariza rep...
2025-12-06 12:13:01,835 - INFO -   ✓ Saved: RESTRUCTURED_DB/2008/sep/167709.json
2025-12-06 12:13:02,336 - INFO - 
[999/1000] Processing G.R. No. 167711
2025-12-06 12:13:02,336 - INFO -   Title: The Office of the Ombudsman vs. Ramon C. Galicia...
2025-12-06 12:13:02,737 - INFO -   ✓ Saved: RESTRUCTURED_DB/2008/oct/167711.json
2025-12-06 12:13:03,237 - INFO - 
[1000/1000] Processing G.R. No. 167755
2025-12-06 12:13:03,237 - INFO -   Title: People of the Philippines vs. Nestor Veluz...
2025-12-06 12:13:03,640 - INFO -   ✓ Saved: RESTRUCTURED_DB/2008/nov/167755.json
2025-12-06 12:13:04,202 - INFO - 
✓ Updated lawphil_missing_cases.json: removed 888 scraped cases
2025-12-06 12:13:04,202 - INFO -   Remaining cases: 10607
2025-12-06 12:13:04,203 - INFO - 
================================================================================
2025-12-06 12:13:04,203 - INFO - BATCH COMPLETE
2025-12-06 12:13:04,203 - INFO - ================================================================================
2025-12-06 12:13:04,203 - INFO - Cases attempted: 1000
2025-12-06 12:13:04,203 - INFO - Successfully scraped: 888
2025-12-06 12:13:04,203 - INFO - Already existed: 38
2025-12-06 12:13:04,203 - INFO - Failed: 74
2025-12-06 12:13:04,203 - INFO - Success rate: 88.8%
2025-12-06 12:13:04,203 - INFO - ================================================================================
