2025-12-06 17:44:42,272 - INFO - ================================================================================
2025-12-06 17:44:42,272 - INFO - CONTINUOUS SCRAPING SESSION
2025-12-06 17:44:42,272 - INFO - ================================================================================
2025-12-06 17:44:42,272 - INFO - Total cases remaining: 5320
2025-12-06 17:44:42,272 - INFO - Will process: 2500 cases
2025-12-06 17:44:42,272 - INFO - Database path: RESTRUCTURED_DB
2025-12-06 17:44:42,272 - INFO - ================================================================================
2025-12-06 17:44:42,272 - INFO - 
[1/2500] Processing G.R. No. 138792
2025-12-06 17:44:42,272 - INFO -   Title: Dante Guevarra, et al. vs. the Hon. Fourth Division of the S...
2025-12-06 17:44:43,886 - WARNING -   ✗ Could not fetch case from any URL
2025-12-06 17:44:43,887 - INFO - 
[2/2500] Processing G.R. No. 141675
2025-12-06 17:44:43,887 - INFO -   Title: Jesus T. Tanchanco, et al., vs. the Honorable Sandiganbayan ...
2025-12-06 17:44:44,708 - WARNING -   ✗ Could not fetch case from any URL
2025-12-06 17:44:44,708 - INFO - 
[3/2500] Processing G.R. No. 142286
2025-12-06 17:44:44,708 - INFO -   Title: Korea Exchange Bank vs. Hon. Rogelio C. Gonzales, et al....
2025-12-06 17:44:45,523 - WARNING -   ✗ Could not fetch case from any URL
2025-12-06 17:44:45,523 - INFO - 
[4/2500] Processing G.R. No. 142408
2025-12-06 17:44:45,523 - INFO -   Title: Spouses Ricardo Almendrala, et al. vs. Spouses Wing on Ngo, ...
2025-12-06 17:44:45,909 - INFO -   Case already exists: RESTRUCTURED_DB/2005/sep/126850.json
2025-12-06 17:44:46,409 - INFO - 
[5/2500] Processing G.R. No. 142619
2025-12-06 17:44:46,409 - INFO -   Title: Municipality of Taguig, et al. vs. the Hon. Court of Appeals...
2025-12-06 17:44:46,793 - INFO -   Case already exists: RESTRUCTURED_DB/2005/sep/142619.json
2025-12-06 17:44:47,294 - INFO - 
[6/2500] Processing G.R. No. 143573
2025-12-06 17:44:47,294 - INFO -   Title: Gregorio "George" Amante, et al. vs. Bibiano Serwelas...
2025-12-06 17:44:48,111 - WARNING -   ✗ Could not fetch case from any URL
2025-12-06 17:44:48,111 - INFO - 
[7/2500] Processing G.R. No. 148682
2025-12-06 17:44:48,111 - INFO -   Title: People of the Philippines vs. Angel A. Enfermo....
2025-12-06 17:44:48,927 - WARNING -   ✗ Could not fetch case from any URL
2025-12-06 17:44:48,927 - INFO - 
[8/2500] Processing G.R. No. 151373
2025-12-06 17:44:48,927 - INFO -   Title: Department of Health vs. C.V. Canchela and Associates, Archi...
2025-12-06 17:44:49,742 - WARNING -   ✗ Could not fetch case from any URL
2025-12-06 17:44:49,743 - INFO - 
[9/2500] Processing G.R. No. 151809
2025-12-06 17:44:49,743 - INFO -   Title: Presidential Commission on Good Government (PCGG) vs. Sandig...
2025-12-06 17:44:50,559 - WARNING -   ✗ Could not fetch case from any URL
2025-12-06 17:44:50,559 - INFO - 
[10/2500] Processing G.R. No. 153063
2025-12-06 17:44:50,559 - INFO -   Title: Amelia D. De Mesa, et al. vs. Pepsi Cola Products Phils., In...
2025-12-06 17:44:51,387 - WARNING -   ✗ Could not fetch case from any URL
2025-12-06 17:44:51,387 - INFO - 
[11/2500] Processing G.R. No. 156254
2025-12-06 17:44:51,387 - INFO -   Title: Crisanto Rafaelito Gualberto V vs. Court of Appeals, et al....
2025-12-06 17:44:52,220 - WARNING -   ✗ Could not fetch case from any URL
2025-12-06 17:44:52,220 - INFO - 
[12/2500] Processing G.R. No. 160577
2025-12-06 17:44:52,220 - INFO -   Title: Gregorio Singian, Jr. vs. the Honorable Sandiganbayan, et al...
2025-12-06 17:44:53,037 - WARNING -   ✗ Could not fetch case from any URL
2025-12-06 17:44:53,037 - INFO - 
[13/2500] Processing G.R. No. 160929
2025-12-06 17:44:53,037 - INFO -   Title: Rene P. Pondevida vs. the Hon. Sandiganbayan, et al....
2025-12-06 17:44:53,851 - WARNING -   ✗ Could not fetch case from any URL
2025-12-06 17:44:53,851 - INFO - 
[14/2500] Processing G.R. No. 161217
2025-12-06 17:44:53,851 - INFO -   Title: Blucor Minerals Corporation, et al. vs. Alfredo M. Amarilla,...
2025-12-06 17:44:54,665 - WARNING -   ✗ Could not fetch case from any URL
2025-12-06 17:44:54,665 - INFO - 
[15/2500] Processing G.R. No. 161784
2025-12-06 17:44:54,665 - INFO -   Title: Dinah C. Barriga vs. the Honorable Sandiganbayan (4th Divisi...
2025-12-06 17:44:55,480 - WARNING -   ✗ Could not fetch case from any URL
2025-12-06 17:44:55,480 - INFO - 
[16/2500] Processing G.R. No. 163619
2025-12-06 17:44:55,480 - INFO -   Title: In the Matter of the Petition for Disqualification of Tess D...
2025-12-06 17:44:56,296 - WARNING -   ✗ Could not fetch case from any URL
2025-12-06 17:44:56,296 - INFO - 
[17/2500] Processing G.R. No. 164684
2025-12-06 17:44:56,296 - INFO -   Title: Philippine Long Distance Telephone Company, Inc., vs. Antoni...
2025-12-06 17:44:57,114 - WARNING -   ✗ Could not fetch case from any URL
2025-12-06 17:44:57,115 - INFO - 
[18/2500] Processing G.R. No. 165510
2025-12-06 17:44:57,115 - INFO -   Title: Benjamin T. Romualdez vs. Hon. Simeon V. Marcelo, et al....
2025-12-06 17:44:57,930 - WARNING -   ✗ Could not fetch case from any URL
2025-12-06 17:44:57,931 - INFO - 
[19/2500] Processing G.R. No. 166299
2025-12-06 17:44:57,931 - INFO -   Title: Aurelio K. Litonjua Jr., vs. Eduardo K. Litonjua, Sr., et al...
2025-12-06 17:44:58,746 - WARNING -   ✗ Could not fetch case from any URL
2025-12-06 17:44:58,747 - INFO - 
[20/2500] Processing G.R. No. 168056
2025-12-06 17:44:58,747 - INFO -   Title: ABAKADA Guro Party List Officers Samson S. Alcantara, et al....
2025-12-06 17:44:59,706 - INFO -   Case already exists: RESTRUCTURED_DB/2005/sep/168056.json
2025-12-06 17:45:00,207 - INFO - 
[21/2500] Processing G.R. No. 200553
2025-12-06 17:45:00,207 - INFO -   Title: Spouses Gildardo C. Loquellano and Roslina Juliet B. Loquell...
2025-12-06 17:45:01,022 - WARNING -   ✗ Could not fetch case from any URL
2025-12-06 17:45:01,022 - INFO - 
[22/2500] Processing G.R. No. 52341
2025-12-06 17:45:01,022 - INFO -   Title: Delia Preagido et al. vs. Sandiganbayan, et al....
2025-12-06 17:45:01,837 - WARNING -   ✗ Could not fetch case from any URL
2025-12-06 17:45:01,837 - INFO - 
[23/2500] Processing G.R. No. 132361
2025-12-06 17:45:01,837 - INFO -   Title: Eduardo Adriano, et al. vs. Court of Appelas...
2025-12-06 17:45:02,652 - WARNING -   ✗ Could not fetch case from any URL
2025-12-06 17:45:02,652 - INFO - 
[24/2500] Processing G.R. No. 138526
2025-12-06 17:45:02,652 - INFO -   Title: Marcelino Tan vs. Court of Appeals, et al....
2025-12-06 17:45:03,467 - WARNING -   ✗ Could not fetch case from any URL
2025-12-06 17:45:03,467 - INFO - 
[25/2500] Processing G.R. No. 138624
2025-12-06 17:45:03,467 - INFO -   Title: Solomon Torrado, et al. vs. Veronica Baluyot, et al....
2025-12-06 17:45:04,282 - WARNING -   ✗ Could not fetch case from any URL
2025-12-06 17:45:04,282 - INFO - 
[26/2500] Processing G.R. No. 139565
2025-12-06 17:45:04,282 - INFO -   Title: Baltazar N. Endriga, et al. vs. Armita B. Rufino, et al....
2025-12-06 17:45:05,097 - WARNING -   ✗ Could not fetch case from any URL
2025-12-06 17:45:05,097 - INFO - 
[27/2500] Processing G.R. No. 140857
2025-12-06 17:45:05,097 - INFO -   Title: CityTrust Investment Phils. vs. Asianbank Corp...
2025-12-06 17:45:05,912 - WARNING -   ✗ Could not fetch case from any URL
2025-12-06 17:45:05,912 - INFO - 
[28/2500] Processing G.R. No. 141174
2025-12-06 17:45:05,912 - INFO -   Title: Aladdin F. Trinidad, et al. vs. Republic of the Philippines...
2025-12-06 17:45:07,176 - WARNING -   ✗ Could not fetch case from any URL
2025-12-06 17:45:07,176 - INFO - 
[29/2500] Processing G.R. No. 143177
2025-12-06 17:45:07,176 - INFO -   Title: New World Properties etc. vs. Advances Foundation Constructi...
2025-12-06 17:45:08,006 - WARNING -   ✗ Could not fetch case from any URL
2025-12-06 17:45:08,007 - INFO - 
[30/2500] Processing G.R. No. 144300
2025-12-06 17:45:08,007 - INFO -   Title: South Pacific Plastic Mfg. Corp vs. the Manila Electric Co....
2025-12-06 17:45:08,840 - WARNING -   ✗ Could not fetch case from any URL
2025-12-06 17:45:08,840 - INFO - 
[31/2500] Processing G.R. No. 145844
2025-12-06 17:45:08,840 - INFO -   Title: Nagkahiusang Namumuo sa Dasuceco-National et al. vs. Davao S...
2025-12-06 17:45:09,673 - WARNING -   ✗ Could not fetch case from any URL
2025-12-06 17:45:09,673 - INFO - 
[32/2500] Processing G.R. No. 146295
2025-12-06 17:45:09,673 - INFO -   Title: Pepsi-Cola Products Phil., Inc. vs. Court of Appeals, et al....
2025-12-06 17:45:10,511 - WARNING -   ✗ Could not fetch case from any URL
2025-12-06 17:45:10,511 - INFO - 
[33/2500] Processing G.R. No. 151991
2025-12-06 17:45:10,511 - INFO -   Title: Trans-asia Shipping Lines, Inc. vs. Prudential Guarantee and...
2025-12-06 17:45:11,342 - WARNING -   ✗ Could not fetch case from any URL
2025-12-06 17:45:11,342 - INFO - 
[34/2500] Processing G.R. No. 152619
2025-12-06 17:45:11,342 - INFO -   Title: Balite Communal Portal Mining Cooperative vs. Southeast Mind...
2025-12-06 17:45:12,172 - WARNING -   ✗ Could not fetch case from any URL
2025-12-06 17:45:12,172 - INFO - 
[35/2500] Processing G.R. No. 152870
2025-12-06 17:45:12,172 - INFO -   Title: Mines Adjucation Board & its Members vs. Southeast Mindanao ...
2025-12-06 17:45:13,006 - WARNING -   ✗ Could not fetch case from any URL
2025-12-06 17:45:13,007 - INFO - 
[36/2500] Processing G.R. No. 154694
2025-12-06 17:45:13,007 - INFO -   Title: Republic of the Philippines vs. R.A.B. Realty, Inc., et. al....
2025-12-06 17:45:13,837 - WARNING -   ✗ Could not fetch case from any URL
2025-12-06 17:45:13,837 - INFO - 
[37/2500] Processing G.R. No. 155554
2025-12-06 17:45:13,837 - INFO -   Title: Republic of the Philippines vs. Mario N. Misa, et. al....
2025-12-06 17:45:14,668 - WARNING -   ✗ Could not fetch case from any URL
2025-12-06 17:45:14,668 - INFO - 
[38/2500] Processing G.R. No. 155711
2025-12-06 17:45:14,668 - INFO -   Title: Republic of the Philippines vs. Alberto De Los Reyes, et. al...
2025-12-06 17:45:15,500 - WARNING -   ✗ Could not fetch case from any URL
2025-12-06 17:45:15,500 - INFO - 
[39/2500] Processing G.R. No. 156481
2025-12-06 17:45:15,500 - INFO -   Title: Civil Service Commission vs. Camilo P. Cabili, et al....
2025-12-06 17:45:16,331 - WARNING -   ✗ Could not fetch case from any URL
2025-12-06 17:45:16,331 - INFO - 
[40/2500] Processing G.R. No. 158276
2025-12-06 17:45:16,331 - INFO -   Title: Bagong Nagkakaisang Lakas sa Nissan Motors Phils., Inc. vs. ...
2025-12-06 17:45:17,162 - WARNING -   ✗ Could not fetch case from any URL
2025-12-06 17:45:17,162 - INFO - 
[41/2500] Processing G.R. No. 158687
2025-12-06 17:45:17,162 - INFO -   Title: Frisco F. Domalsin vs. Spouses Juanito Valenciano and Amalia...
2025-12-06 17:45:17,735 - INFO -   Case already exists: RESTRUCTURED_DB/2006/jan/158687.json
2025-12-06 17:45:18,235 - INFO - 
[42/2500] Processing G.R. No. 160179
2025-12-06 17:45:18,235 - INFO -   Title: Republic of the Philippines vs. Bank of the Philippine Islan...
2025-12-06 17:45:19,068 - WARNING -   ✗ Could not fetch case from any URL
2025-12-06 17:45:19,068 - INFO - 
[43/2500] Processing G.R. No. 163881
2025-12-06 17:45:19,068 - INFO -   Title: Metro Transit Organization, Inc. vs. Court of Appeals, et al...
2025-12-06 17:45:19,901 - WARNING -   ✗ Could not fetch case from any URL
2025-12-06 17:45:19,901 - INFO - 
[44/2500] Processing G.R. No. 165165
2025-12-06 17:45:19,901 - INFO -   Title: Sps. Johnny Lucero & Nona Ariete vs. Heirs of Estanislao Mil...
2025-12-06 17:45:20,736 - WARNING -   ✗ Could not fetch case from any URL
2025-12-06 17:45:20,737 - INFO - 
[45/2500] Processing G.R. No. 166326
2025-12-06 17:45:20,737 - INFO -   Title: Esmeraldo Rivera, et al. vs. People of the Philippines...
2025-12-06 17:45:20,947 - INFO -   Case already exists: RESTRUCTURED_DB/2006/jan/166326.json
2025-12-06 17:45:21,447 - INFO - 
[46/2500] Processing G.R. No. 166546
2025-12-06 17:45:21,448 - INFO -   Title: People of the Philippines vs. Rogelio Arsayo y Lavaquiz...
2025-12-06 17:45:22,279 - WARNING -   ✗ Could not fetch case from any URL
2025-12-06 17:45:22,279 - INFO - 
[47/2500] Processing G.R. No. 166891
2025-12-06 17:45:22,279 - INFO -   Title: Abdusakur M. Tan, et al. vs. Commission on Elections, et al....
2025-12-06 17:45:23,112 - WARNING -   ✗ Could not fetch case from any URL
2025-12-06 17:45:23,112 - INFO - 
[48/2500] Processing G.R. No. 168737
2025-12-06 17:45:23,112 - INFO -   Title: People of the Philippines vs. Edgardo Barcena y Poca...
2025-12-06 17:45:23,504 - INFO -   Case already exists: RESTRUCTURED_DB/2006/feb/168237.json
2025-12-06 17:45:24,004 - INFO - 
[49/2500] Processing G.R. No. 169083
2025-12-06 17:45:24,004 - INFO -   Title: People of the Philippines vs. Ardel Canuto...
2025-12-06 17:45:24,837 - WARNING -   ✗ Could not fetch case from any URL
2025-12-06 17:45:24,837 - INFO - 
[50/2500] Processing G.R. No. 170191
2025-12-06 17:45:24,837 - INFO -   Title: People of the Philippines vs. Rodolfo Suyu, et al....
2025-12-06 17:45:25,667 - WARNING -   ✗ Could not fetch case from any URL
2025-12-06 17:45:25,667 - INFO - 
[51/2500] Processing G.R. No. 170220
2025-12-06 17:45:25,667 - INFO -   Title: Josefina S. Lubrica vs. Land Bank of the Philippines...
2025-12-06 17:45:25,878 - INFO -   Case already exists: RESTRUCTURED_DB/2006/nov/170220.json
2025-12-06 17:45:26,379 - INFO - 
[52/2500] Processing G.R. No. 170470
2025-12-06 17:45:26,379 - INFO -   Title: People vs. Edna Malngan Mayo...
2025-12-06 17:45:27,210 - WARNING -   ✗ Could not fetch case from any URL
2025-12-06 17:45:27,210 - INFO - 
[53/2500] Processing G.R. No. 170474
2025-12-06 17:45:27,210 - INFO -   Title: People of the Phil. vs. Alex Candaza y Calvadores...
2025-12-06 17:45:28,042 - WARNING -   ✗ Could not fetch case from any URL
2025-12-06 17:45:28,043 - INFO - 
[54/2500] Processing G.R. No. 171400
2025-12-06 17:45:28,043 - INFO -   Title: Alternative Law Groups, Inc. vs. Ermita, Senga & Lomibao...
2025-12-06 17:45:28,876 - WARNING -   ✗ Could not fetch case from any URL
2025-12-06 17:45:28,877 - INFO - 
[55/2500] Processing G.R. No. 171409
2025-12-06 17:45:28,877 - INFO -   Title: Niñez Cacho-Olivares & Tribune Publishing Co., Inc. vs. Ermi...
2025-12-06 17:45:29,707 - WARNING -   ✗ Could not fetch case from any URL
2025-12-06 17:45:29,707 - INFO - 
[56/2500] Processing G.R. No. 171424
2025-12-06 17:45:29,707 - INFO -   Title: Loren Legarda vs. Pres. Gloria Macapagal-Arroyo, et al....
2025-12-06 17:45:31,090 - WARNING -   ✗ Could not fetch case from any URL
2025-12-06 17:45:31,090 - INFO - 
[57/2500] Processing G.R. No. 171483
2025-12-06 17:45:31,090 - INFO -   Title: Kilusang Mayo Uno, et al. vs. Pres. Gloria Macapagal-Arroyo,...
2025-12-06 17:45:31,922 - WARNING -   ✗ Could not fetch case from any URL
2025-12-06 17:45:31,922 - INFO - 
[58/2500] Processing G.R. No. 171485
2025-12-06 17:45:31,922 - INFO -   Title: Francis Joseph G. Escudero, et al. vs. Eduardo R. Ermita, et...
2025-12-06 17:45:32,754 - WARNING -   ✗ Could not fetch case from any URL
2025-12-06 17:45:32,754 - INFO - 
[59/2500] Processing G.R. No. 171489
2025-12-06 17:45:32,754 - INFO -   Title: Jose Anselmo I. Cadiz, et al. vs. Ermita, Senga & Lomibao...
2025-12-06 17:45:33,588 - WARNING -   ✗ Could not fetch case from any URL
2025-12-06 17:45:33,588 - INFO - 
[60/2500] Processing G.R. No. 200487
2025-12-06 17:45:33,588 - INFO -   Title: Biggs Inc. vs. Jay Boncacas, et al./Junnie Arines, et al. v...
2025-12-06 17:45:34,422 - WARNING -   ✗ Could not fetch case from any URL
2025-12-06 17:45:34,423 - INFO - 
[61/2500] Processing G.R. No. 200612
2025-12-06 17:45:34,423 - INFO -   Title: Rafael C. Uy vs. Estate of Vipa Fernandez...
2025-12-06 17:45:35,258 - WARNING -   ✗ Could not fetch case from any URL
2025-12-06 17:45:35,258 - INFO - 
[62/2500] Processing G.R. No. 200676
2025-12-06 17:45:35,258 - INFO -   Title: Spoues Luis G. Batalla and Salvacion Batalla vs. Prudential ...
2025-12-06 17:45:36,093 - WARNING -   ✗ Could not fetch case from any URL
2025-12-06 17:45:36,093 - INFO - 
[63/2500] Processing G.R. No. 126467
2025-12-06 17:45:36,093 - INFO -   Title: Natividad & Enrique Agana vs. Juan Fuentes...
2025-12-06 17:45:36,926 - WARNING -   ✗ Could not fetch case from any URL
2025-12-06 17:45:36,926 - INFO - 
[64/2500] Processing G.R. No. 127590
2025-12-06 17:45:36,927 - INFO -   Title: Miguel Ampil vs. Natividad Agana, et al....
2025-12-06 17:45:37,760 - WARNING -   ✗ Could not fetch case from any URL
2025-12-06 17:45:37,761 - INFO - 
[65/2500] Processing G.R. No. 131913
2025-12-06 17:45:37,761 - INFO -   Title: Sps. D. Guinyawan etc. vs. L. Ayogat et al....
2025-12-06 17:45:38,154 - INFO -   Case already exists: RESTRUCTURED_DB/2007/jun/163663.json
2025-12-06 17:45:38,655 - INFO - 
[66/2500] Processing G.R. No. 134029
2025-12-06 17:45:38,655 - INFO -   Title: Rodolfo San Luis vs. Felecidad Sagalongos...
2025-12-06 17:45:39,486 - WARNING -   ✗ Could not fetch case from any URL
2025-12-06 17:45:39,486 - INFO - 
[67/2500] Processing G.R. No. 135688
2025-12-06 17:45:39,486 - INFO -   Title: Ernesto B. Francisco, Jr. vs. Uem-Mara Phil. Corp., et al....
2025-12-06 17:45:39,882 - INFO -   Case already exists: RESTRUCTURED_DB/2007/oct/159245.json
2025-12-06 17:45:40,382 - INFO - 
[68/2500] Processing G.R. No. 137355
2025-12-06 17:45:40,382 - INFO -   Title: Eugen U. Caballero, et al. vs. Sandiganbayan, et al....
2025-12-06 17:45:40,775 - INFO -   Case already exists: RESTRUCTURED_DB/2007/sep/83754.json
2025-12-06 17:45:41,275 - INFO - 
[69/2500] Processing G.R. No. 140836
2025-12-06 17:45:41,275 - INFO -   Title: Iligan Bay Mfg. Corp. et al vs. Henry Dy....
2025-12-06 17:45:41,675 - INFO -   Case already exists: RESTRUCTURED_DB/2007/jun/119247.json
2025-12-06 17:45:42,175 - INFO - 
[70/2500] Processing G.R. No. 142732
2025-12-06 17:45:42,175 - INFO -   Title: Marilou S. Genuino vs. National Labor Relations Commission, ...
2025-12-06 17:45:42,569 - INFO -   Case already exists: RESTRUCTURED_DB/2007/dec/118023.json
2025-12-06 17:45:43,069 - INFO - 
[71/2500] Processing G.R. No. 145743
2025-12-06 17:45:43,069 - INFO -   Title: Antonio P. Calingin vs. Aniano A. Desierto, et al....
2025-12-06 17:45:43,281 - INFO -   Case already exists: RESTRUCTURED_DB/2007/aug/166062.json
2025-12-06 17:45:43,781 - INFO - 
[72/2500] Processing G.R. No. 149158
2025-12-06 17:45:43,781 - INFO -   Title: Kimberly Independent Labour Union for Solidarity, et al. vs....
2025-12-06 17:45:44,175 - INFO -   Case already exists: RESTRUCTURED_DB/2007/jul/156668.json
2025-12-06 17:45:44,675 - INFO - 
[73/2500] Processing G.R. No. 150329
2025-12-06 17:45:44,675 - INFO -   Title: Ronald K. Go, et al. vs. the Hon. Sandiganbayan, et al....
2025-12-06 17:45:44,887 - INFO -   Case already exists: RESTRUCTURED_DB/2007/sep/116526.json
2025-12-06 17:45:45,387 - INFO - 
[74/2500] Processing G.R. No. 152505
2025-12-06 17:45:45,387 - INFO -   Title: Prudential Guarantee & Assurance Inc. vs. Equinox Land Corpo...
2025-12-06 17:45:45,598 - INFO -   Case already exists: RESTRUCTURED_DB/2007/sep/132358.json
2025-12-06 17:45:46,098 - INFO - 
[75/2500] Processing G.R. No. 152687
2025-12-06 17:45:46,098 - INFO -   Title: Ernesto V. Yu, et al. vs. the Court of Appeals, et al....
2025-12-06 17:45:46,934 - WARNING -   ✗ Could not fetch case from any URL
2025-12-06 17:45:46,934 - INFO - 
[76/2500] Processing G.R. No. 153584
2025-12-06 17:45:46,934 - INFO -   Title: Benigno Mariano, Jr. vs. National Labor Relations Commission...
2025-12-06 17:45:47,769 - WARNING -   ✗ Could not fetch case from any URL
2025-12-06 17:45:47,769 - INFO - 
[77/2500] Processing G.R. No. 154014
2025-12-06 17:45:47,769 - INFO -   Title: Silot Bay Fisherman's Asso. Inc. vs. Republic of the Philipp...
2025-12-06 17:45:48,599 - WARNING -   ✗ Could not fetch case from any URL
2025-12-06 17:45:48,599 - INFO - 
[78/2500] Processing G.R. No. 154150
2025-12-06 17:45:48,600 - INFO -   Title: Nida Alejo, et al. vs. the Hon. Judge Erlinda Pestano-Buted,...
2025-12-06 17:45:48,809 - INFO -   Case already exists: RESTRUCTURED_DB/2007/dec/139381.json
2025-12-06 17:45:49,310 - INFO - 
[79/2500] Processing G.R. No. 155409
2025-12-06 17:45:49,310 - INFO -   Title: V. Maquilan vs. D. Maquilan....
2025-12-06 17:45:49,702 - INFO -   Case already exists: RESTRUCTURED_DB/2007/jun/139676.json
2025-12-06 17:45:50,202 - INFO - 
[80/2500] Processing G.R. No. 156542
2025-12-06 17:45:50,203 - INFO -   Title: Candelaria Q. Da Yot vs. Shell Chemical Co., Inc....
2025-12-06 17:45:50,596 - INFO -   Case already exists: RESTRUCTURED_DB/2007/jun/141523.json
2025-12-06 17:45:51,096 - INFO - 
[81/2500] Processing G.R. No. 156605
2025-12-06 17:45:51,096 - INFO -   Title: Edward T. Marcelo, et al. vs. Sandiganbayan, et al....
2025-12-06 17:45:51,492 - INFO -   Case already exists: RESTRUCTURED_DB/2007/aug/156505.json
2025-12-06 17:45:51,992 - INFO - 
[82/2500] Processing G.R. No. 156689
2025-12-06 17:45:51,992 - INFO -   Title: R. Dimaculangan vs. G. Casalla....
2025-12-06 17:45:52,203 - INFO -   Case already exists: RESTRUCTURED_DB/2007/jun/156752.json
2025-12-06 17:45:52,704 - INFO - 
[83/2500] Processing G.R. No. 157057
2025-12-06 17:45:52,704 - INFO -   Title: Leonidas Epifanio y Lazaro vs. People of the Phil....
2025-12-06 17:45:52,916 - INFO -   Case already exists: RESTRUCTURED_DB/2007/jun/143380.json
2025-12-06 17:45:53,416 - INFO - 
[84/2500] Processing G.R. No. 157370
2025-12-06 17:45:53,416 - INFO -   Title: R. P. Ortiz vs. Court of Appeals, et al....
2025-12-06 17:45:53,626 - INFO -   Case already exists: RESTRUCTURED_DB/2007/jun/142051.json
2025-12-06 17:45:54,127 - INFO - 
[85/2500] Processing G.R. No. 157975
2025-12-06 17:45:54,127 - INFO -   Title: Phil. Transmarine Carriers, Inc. vs. Felicisimo Carilla....
2025-12-06 17:45:54,520 - INFO -   Case already exists: RESTRUCTURED_DB/2007/jun/148893.json
2025-12-06 17:45:55,020 - INFO - 
[86/2500] Processing G.R. No. 158053
2025-12-06 17:45:55,020 - INFO -   Title: Edwin Razon y Lucea vs. People of the Phil....
2025-12-06 17:45:55,415 - INFO -   Case already exists: RESTRUCTURED_DB/2007/jun/147011.json
2025-12-06 17:45:55,915 - INFO - 
[87/2500] Processing G.R. No. 158643
2025-12-06 17:45:55,915 - INFO -   Title: Rosa Baricua, et al. vs. Romeo Caballero, et al....
2025-12-06 17:45:56,128 - INFO -   Case already exists: RESTRUCTURED_DB/2007/jun/151922.json
2025-12-06 17:45:56,628 - INFO - 
[88/2500] Processing G.R. No. 158786
2025-12-06 17:45:56,628 - INFO -   Title: Toyota Motor Phils. Corp. Workers Asso., et al. vs. National...
2025-12-06 17:45:57,207 - INFO -   Case already exists: RESTRUCTURED_DB/2007/oct/102672.json
2025-12-06 17:45:57,708 - INFO - 
[89/2500] Processing G.R. No. 159104
2025-12-06 17:45:57,708 - INFO -   Title: Rodolfo M. Cuenca, et al. vs. the PCGG, et al....
2025-12-06 17:45:57,921 - INFO -   Case already exists: RESTRUCTURED_DB/2007/oct/13516.json
2025-12-06 17:45:58,422 - INFO - 
[90/2500] Processing G.R. No. 159153
2025-12-06 17:45:58,422 - INFO -   Title: Isidro Anadon, et al. vs. Miguelina Herrera, et al....
2025-12-06 17:45:58,632 - INFO -   Case already exists: RESTRUCTURED_DB/2007/jul/159253.json
2025-12-06 17:45:59,132 - INFO - 
[91/2500] Processing G.R. No. 159222
2025-12-06 17:45:59,133 - INFO -   Title: People of the Philippines vs. Rafael Bitanga....
2025-12-06 17:45:59,525 - INFO -   Case already exists: RESTRUCTURED_DB/2007/jun/147995.json
2025-12-06 17:46:00,026 - INFO - 
[92/2500] Processing G.R. No. 163793
2025-12-06 17:46:00,026 - INFO -   Title: Philippine Long Distance Telephone Co. vs. Ernesto Borje...
2025-12-06 17:46:00,861 - WARNING -   ✗ Could not fetch case from any URL
2025-12-06 17:46:00,861 - INFO - 
[93/2500] Processing G.R. No. 164173
2025-12-06 17:46:00,861 - INFO -   Title: Rodolfo S. De Jesus vs. Hon. Sandiganbayan, et al....
2025-12-06 17:46:01,693 - WARNING -   ✗ Could not fetch case from any URL
2025-12-06 17:46:01,693 - INFO - 
[94/2500] Processing G.R. No. 165665
2025-12-06 17:46:01,693 - INFO -   Title: The Hon. A. Romulo, et al. vs. the Hon. Judge Eduardo B. Per...
2025-12-06 17:46:02,526 - WARNING -   ✗ Could not fetch case from any URL
2025-12-06 17:46:02,526 - INFO - 
[95/2500] Processing G.R. No. 167006
2025-12-06 17:46:02,526 - INFO -   Title: Danilo D. Collantes vs. Hon. Simeon Marcelo, et al....
2025-12-06 17:46:02,918 - INFO -   Case already exists: RESTRUCTURED_DB/2007/aug/164664.json
2025-12-06 17:46:03,418 - INFO - 
[96/2500] Processing G.R. No. 167006
2025-12-06 17:46:03,418 - INFO -   Title: Danilo D. Collantes vs. Hon. Simeon Marcelo, et al....
2025-12-06 17:46:03,811 - INFO -   Case already exists: RESTRUCTURED_DB/2007/aug/164664.json
2025-12-06 17:46:04,311 - INFO - 
[97/2500] Processing G.R. No. 167335
2025-12-06 17:46:04,311 - INFO -   Title: Dr. Ulysses A. Brito vs. Office of the Deputy Ombudsman for ...
2025-12-06 17:46:04,704 - INFO -   Case already exists: RESTRUCTURED_DB/2007/jul/173152.json
2025-12-06 17:46:05,204 - INFO - 
[98/2500] Processing G.R. No. 167829
2025-12-06 17:46:05,205 - INFO -   Title: Filipinas (Pre-Fab Bldg.) Systems, Inc. vs. MRT Devt., Corp....
2025-12-06 17:46:06,142 - INFO -   Case already exists: RESTRUCTURED_DB/2007/nov/150978.json
2025-12-06 17:46:06,642 - INFO - 
[99/2500] Processing G.R. No. 167994
2025-12-06 17:46:06,642 - INFO -   Title: Jorge Gonzales vs. Hon. Oscar B. Pimentel, et al....
2025-12-06 17:46:07,476 - WARNING -   ✗ Could not fetch case from any URL
2025-12-06 17:46:07,476 - INFO - 
[100/2500] Processing G.R. No. 168069
2025-12-06 17:46:07,476 - INFO -   Title: Albert Cordero Sy vs. People of the Philippines...
2025-12-06 17:46:08,308 - WARNING -   ✗ Could not fetch case from any URL
2025-12-06 17:46:08,308 - INFO - 
[101/2500] Processing G.R. No. 168543
2025-12-06 17:46:08,308 - INFO -   Title: Jaime Tan vs. People of the Philippines...
2025-12-06 17:46:09,140 - WARNING -   ✗ Could not fetch case from any URL
2025-12-06 17:46:09,140 - INFO - 
[102/2500] Processing G.R. No. 170577
2025-12-06 17:46:09,140 - INFO -   Title: Anthony D. Dee vs. Commission on Election, et al....
2025-12-06 17:46:10,490 - WARNING -   ✗ Could not fetch case from any URL
2025-12-06 17:46:10,490 - INFO - 
[103/2500] Processing G.R. No. 170602
2025-12-06 17:46:10,490 - INFO -   Title: Manuel V. Baviera vs. Standard Chartered Bank, et al....
2025-12-06 17:46:11,306 - WARNING -   ✗ Could not fetch case from any URL
2025-12-06 17:46:11,306 - INFO - 
[104/2500] Processing G.R. No. 170628
2025-12-06 17:46:11,306 - INFO -   Title: NAPOCOR vs. Local Board of Assessment Appeals of Batangas, e...
2025-12-06 17:46:12,123 - WARNING -   ✗ Could not fetch case from any URL
2025-12-06 17:46:12,124 - INFO - 
[105/2500] Processing G.R. No. 171354
2025-12-06 17:46:12,124 - INFO -   Title: Marylou B. Tolentino, M.D. vs. Court of Appeals, et al....
2025-12-06 17:46:12,508 - INFO -   Case already exists: RESTRUCTURED_DB/2007/mar/171354.json
2025-12-06 17:46:13,008 - INFO - 
[106/2500] Processing G.R. No. 175013
2025-12-06 17:46:13,008 - INFO -   Title: Crispin B. Beltran vs. People of the Philippines, et al....
2025-12-06 17:46:13,826 - WARNING -   ✗ Could not fetch case from any URL
2025-12-06 17:46:13,827 - INFO - 
[107/2500] Processing G.R. No. 175181
2025-12-06 17:46:13,827 - INFO -   Title: Metropolitan Bank & Trust Co. Inc. vs. SLGT Holdings, Inc., ...
2025-12-06 17:46:14,211 - INFO -   Case already exists: RESTRUCTURED_DB/2007/sep/104528.json
2025-12-06 17:46:14,711 - INFO - 
[108/2500] Processing G.R. No. 176349
2025-12-06 17:46:14,712 - INFO -   Title: People of the Philippines vs. Orlando Ubina y Aggalut...
2025-12-06 17:46:15,097 - INFO -   Case already exists: RESTRUCTURED_DB/2007/jul/176359.json
2025-12-06 17:46:15,597 - INFO - 
[109/2500] Processing G.R. No. 177314
2025-12-06 17:46:15,597 - INFO -   Title: Loretta Ann P. Rosales vs. Commission on Election...
2025-12-06 17:46:16,414 - WARNING -   ✗ Could not fetch case from any URL
2025-12-06 17:46:16,414 - INFO - 
[110/2500] Processing G.R. No. 200774
2025-12-06 17:46:16,414 - INFO -   Title: German Marine Agencies, Inc., et al. vs. Teodolah R. Caro...
2025-12-06 17:46:17,229 - WARNING -   ✗ Could not fetch case from any URL
2025-12-06 17:46:17,229 - INFO - 
[111/2500] Processing G.R. No. 160811
2025-12-06 17:46:17,229 - INFO -   Title: Ricky Bastian vs. Hon. Court of Appeals, et al....
2025-12-06 17:46:17,614 - INFO -   Case already exists: RESTRUCTURED_DB/2008/apr/160811.json
2025-12-06 17:46:18,115 - INFO - 
[112/2500] Processing G.R. No. 165318
2025-12-06 17:46:18,115 - INFO -   Title: Amando A. Pontaoe and Dr. Alejandro G. Pontaoe vs. Teodora A...
2025-12-06 17:46:18,934 - WARNING -   ✗ Could not fetch case from any URL
2025-12-06 17:46:18,934 - INFO - 
[113/2500] Processing G.R. No. 174649
2025-12-06 17:46:18,934 - INFO -   Title: Leopoldo Jeremias, et al. vs. the Estate of the Late Irene P...
2025-12-06 17:46:19,751 - WARNING -   ✗ Could not fetch case from any URL
2025-12-06 17:46:19,751 - INFO - 
[114/2500] Processing G.R. No. 178628
2025-12-06 17:46:19,751 - INFO -   Title: Bai Sandra S. A. Sema vs. Commission on Elections and Didage...
2025-12-06 17:46:20,568 - WARNING -   ✗ Could not fetch case from any URL
2025-12-06 17:46:20,569 - INFO - 
[115/2500] Processing G.R. No. 20089
2025-12-06 17:46:20,569 - INFO -   Title: Beatriz P. Wassmer, vs. Francisco X. Velez...
2025-12-06 17:46:21,384 - WARNING -   ✗ Could not fetch case from any URL
2025-12-06 17:46:21,384 - INFO - 
[116/2500] Processing G.R. No. 124557
2025-12-06 17:46:21,384 - INFO -   Title: Commissioner of Internal Revenue vs. Court of Appeals, et al...
2025-12-06 17:46:22,200 - WARNING -   ✗ Could not fetch case from any URL
2025-12-06 17:46:22,201 - INFO - 
[117/2500] Processing G.R. No. 131469
2025-12-06 17:46:22,201 - INFO -   Title: Tala Realy Services Corp., et al. vs. Hon. Alicia B. Gonzale...
2025-12-06 17:46:23,018 - WARNING -   ✗ Could not fetch case from any URL
2025-12-06 17:46:23,018 - INFO - 
[118/2500] Processing G.R. No. 140745
2025-12-06 17:46:23,018 - INFO -   Title: City Government of Tagaytay vs. Hon. Eleuterio F. Guerrero, ...
2025-12-06 17:46:23,834 - WARNING -   ✗ Could not fetch case from any URL
2025-12-06 17:46:23,834 - INFO - 
[119/2500] Processing G.R. No. 141018
2025-12-06 17:46:23,834 - INFO -   Title: Associated Citizens Bank vs. BA Finance Corporation, et al....
2025-12-06 17:46:24,650 - WARNING -   ✗ Could not fetch case from any URL
2025-12-06 17:46:24,651 - INFO - 
[120/2500] Processing G.R. No. 141451
2025-12-06 17:46:24,651 - INFO -   Title: Ameurfina Melencio-Herrera, et al. vs. Hon. Eleuterio F. Gue...
2025-12-06 17:46:25,466 - WARNING -   ✗ Could not fetch case from any URL
2025-12-06 17:46:25,466 - INFO - 
[121/2500] Processing G.R. No. 152619
2025-12-06 17:46:25,466 - INFO -   Title: Balite Communal Portal Mining Cooperative vs. Southest Minda...
2025-12-06 17:46:26,281 - WARNING -   ✗ Could not fetch case from any URL
2025-12-06 17:46:26,282 - INFO - 
[122/2500] Processing G.R. No. 152870
2025-12-06 17:46:26,282 - INFO -   Title: The Mines Adjudication Board and Its Members, vs. Southest M...
2025-12-06 17:46:27,097 - WARNING -   ✗ Could not fetch case from any URL
2025-12-06 17:46:27,098 - INFO - 
[123/2500] Processing G.R. No. 155171
2025-12-06 17:46:27,098 - INFO -   Title: Nancy L. Ty vs. Hon. Wenceslao E. Ebabao, etc. et al....
2025-12-06 17:46:27,914 - WARNING -   ✗ Could not fetch case from any URL
2025-12-06 17:46:27,915 - INFO - 
[124/2500] Processing G.R. No. 155201
2025-12-06 17:46:27,915 - INFO -   Title: Tala Realy Services Corp., et al. vs.Banco Filipino Savings ...
2025-12-06 17:46:28,731 - WARNING -   ✗ Could not fetch case from any URL
2025-12-06 17:46:28,731 - INFO - 
[125/2500] Processing G.R. No. 155573
2025-12-06 17:46:28,731 - INFO -   Title: Photokina Marketing Corporation vs. Alfredo L. Benipayo...
2025-12-06 17:46:29,548 - WARNING -   ✗ Could not fetch case from any URL
2025-12-06 17:46:29,548 - INFO - 
[126/2500] Processing G.R. No. 157381
2025-12-06 17:46:29,548 - INFO -   Title: Paterno Lu Ym, Sr., et al. vs. David Lu...
2025-12-06 17:46:30,367 - WARNING -   ✗ Could not fetch case from any URL
2025-12-06 17:46:30,367 - INFO - 
[127/2500] Processing G.R. No. 158252
2025-12-06 17:46:30,367 - INFO -   Title: Philippine Ports Authority vs. Remedios Rosales-Bondoc, et a...
2025-12-06 17:46:31,187 - WARNING -   ✗ Could not fetch case from any URL
2025-12-06 17:46:31,187 - INFO - 
[128/2500] Processing G.R. No. 162047
2025-12-06 17:46:31,187 - INFO -   Title: Joyce Y. Lim, represented by her attorney-in-fact Bernardo M...
2025-12-06 17:46:32,003 - WARNING -   ✗ Could not fetch case from any URL
2025-12-06 17:46:32,003 - INFO - 
[129/2500] Processing G.R. No. 164516
2025-12-06 17:46:32,003 - INFO -   Title: PICOP Resources, Inc. vs. Hon. Heherson T. Alavarez...
2025-12-06 17:46:32,820 - WARNING -   ✗ Could not fetch case from any URL
2025-12-06 17:46:32,820 - INFO - 
[130/2500] Processing G.R. No. 166086
2025-12-06 17:46:32,820 - INFO -   Title: Eleno T. Regidor, Jr. et al. vs. People of the Philippines, ...
2025-12-06 17:46:34,101 - WARNING -   ✗ Could not fetch case from any URL
2025-12-06 17:46:34,101 - INFO - 
[131/2500] Processing G.R. No. 166200
2025-12-06 17:46:34,101 - INFO -   Title: Philippine Ports Authority vs. Hon. Paterno Tac-an, et al.,...
2025-12-06 17:46:34,918 - WARNING -   ✗ Could not fetch case from any URL
2025-12-06 17:46:34,918 - INFO - 
[132/2500] Processing G.R. No. 166481
2025-12-06 17:46:34,918 - INFO -   Title: Clarita P. Navarro vs. Metropolitan Bank & Trust Company...
2025-12-06 17:46:35,736 - WARNING -   ✗ Could not fetch case from any URL
2025-12-06 17:46:35,737 - INFO - 
[133/2500] Processing G.R. No. 166608
2025-12-06 17:46:35,737 - INFO -   Title: Tala Realy Services Corp., et al. vs. Banco Filipino Savings...
2025-12-06 17:46:36,555 - WARNING -   ✗ Could not fetch case from any URL
2025-12-06 17:46:36,555 - INFO - 
[134/2500] Processing G.R. No. 166880
2025-12-06 17:46:36,555 - INFO -   Title: Felix T. Ripalda, et al. vs. People of the Philippines...
2025-12-06 17:46:37,374 - WARNING -   ✗ Could not fetch case from any URL
2025-12-06 17:46:37,375 - INFO - 
[135/2500] Processing G.R. No. 167088
2025-12-06 17:46:37,375 - INFO -   Title: Narcisa A. Grefiel vs. the Hon. Sandiganbayan, et al....
2025-12-06 17:46:38,194 - WARNING -   ✗ Could not fetch case from any URL
2025-12-06 17:46:38,195 - INFO - 
[136/2500] Processing G.R. No. 167505
2025-12-06 17:46:38,195 - INFO -   Title: Damayan ng mga manggagawang bukid sa asyenda Roxas-National ...
2025-12-06 17:46:39,012 - WARNING -   ✗ Could not fetch case from any URL
2025-12-06 17:46:39,012 - INFO - 
[137/2500] Processing G.R. No. 167540
2025-12-06 17:46:39,012 - INFO -   Title: Department of Land Reform, Formerly Department of Agrarian R...
2025-12-06 17:46:39,830 - WARNING -   ✗ Could not fetch case from any URL
2025-12-06 17:46:39,831 - INFO - 
[138/2500] Processing G.R. No. 167543
2025-12-06 17:46:39,831 - INFO -   Title: Katipunan ng mga Magbubukid sa Hacienda Roxas, Inc. (KAMAHAR...
2025-12-06 17:46:40,648 - WARNING -   ✗ Could not fetch case from any URL
2025-12-06 17:46:40,649 - INFO - 
[139/2500] Processing G.R. No. 167570
2025-12-06 17:46:40,649 - INFO -   Title: Jimmy T. Go vs. Luis T. Ramos...
2025-12-06 17:46:41,467 - WARNING -   ✗ Could not fetch case from any URL
2025-12-06 17:46:41,468 - INFO - 
[140/2500] Processing G.R. No. 168272
2025-12-06 17:46:41,468 - INFO -   Title: Rosalina Buenafe, et al. vs. Philippine Ports Authority,...
2025-12-06 17:46:42,286 - WARNING -   ✗ Could not fetch case from any URL
2025-12-06 17:46:42,286 - INFO - 
[141/2500] Processing G.R. No. 168897
2025-12-06 17:46:42,286 - INFO -   Title: E. Ganzon, Inc. vs. united Coconut Planters Bank, et al....
2025-12-06 17:46:43,113 - WARNING -   ✗ Could not fetch case from any URL
2025-12-06 17:46:43,114 - INFO - 
[142/2500] Processing G.R. No. 169019
2025-12-06 17:46:43,114 - INFO -   Title: Heirs of the late Jose Luzuriaga, etc., vs. Republic of the ...
2025-12-06 17:46:43,932 - WARNING -   ✗ Could not fetch case from any URL
2025-12-06 17:46:43,932 - INFO - 
[143/2500] Processing G.R. No. 169163
2025-12-06 17:46:43,933 - INFO -   Title: DAMBA-NFSW/DAMBANFSW), represented by Lauro Martin vs. Roxas...
2025-12-06 17:46:44,751 - WARNING -   ✗ Could not fetch case from any URL
2025-12-06 17:46:44,751 - INFO - 
[144/2500] Processing G.R. No. 169217
2025-12-06 17:46:44,751 - INFO -   Title: Cecilio C. Hernandez, Ma. Victoria C. Hernandez-Sagun and Te...
2025-12-06 17:46:45,570 - WARNING -   ✗ Could not fetch case from any URL
2025-12-06 17:46:45,570 - INFO - 
[145/2500] Processing G.R. No. 170621
2025-12-06 17:46:45,570 - INFO -   Title: Noel Rubber and Development Corp, et al. vs. Jose Esquivel, ...
2025-12-06 17:46:46,388 - WARNING -   ✗ Could not fetch case from any URL
2025-12-06 17:46:46,388 - INFO - 
[146/2500] Processing G.R. No. 170680
2025-12-06 17:46:46,388 - INFO -   Title: Fort Bonifacio Development Corp. vs. Commissioner of Interna...
2025-12-06 17:46:47,205 - WARNING -   ✗ Could not fetch case from any URL
2025-12-06 17:46:47,205 - INFO - 
[147/2500] Processing G.R. No. 170683
2025-12-06 17:46:47,205 - INFO -   Title: Philippine Ports Authority vs. Caroline B. Acosta, et al.,...
2025-12-06 17:46:48,023 - WARNING -   ✗ Could not fetch case from any URL
2025-12-06 17:46:48,023 - INFO - 
[148/2500] Processing G.R. No. 171875
2025-12-06 17:46:48,023 - INFO -   Title: Hon. Angelo T. Reyes vs. Paper Industries Corporation of the...
2025-12-06 17:46:48,841 - WARNING -   ✗ Could not fetch case from any URL
2025-12-06 17:46:48,841 - INFO - 
[149/2500] Processing G.R. No. 171946
2025-12-06 17:46:48,841 - INFO -   Title: Hon. Alipio F. Fernandez, etc., et al. vs. Jimmy T. Go a.k.a...
2025-12-06 17:46:49,660 - WARNING -   ✗ Could not fetch case from any URL
2025-12-06 17:46:49,660 - INFO - 
[150/2500] Processing G.R. No. 173163
2025-12-06 17:46:49,660 - INFO -   Title: Eastern Telecommunications Philippines Inc. vs. Atty. Virgil...
2025-12-06 17:46:50,487 - WARNING -   ✗ Could not fetch case from any URL
2025-12-06 17:46:50,487 - INFO - 
[151/2500] Processing G.R. No. 173607
2025-12-06 17:46:50,487 - INFO -   Title: Melchor G. Say and Josephine G. Say vs. Security Bank and Tr...
2025-12-06 17:46:51,306 - WARNING -   ✗ Could not fetch case from any URL
2025-12-06 17:46:51,306 - INFO - 
[152/2500] Processing G.R. No. 174166
2025-12-06 17:46:51,306 - INFO -   Title: Republic of the Philippines etc. et al. vs. Hon. Court of Ap...
2025-12-06 17:46:52,125 - WARNING -   ✗ Could not fetch case from any URL
2025-12-06 17:46:52,125 - INFO - 
[153/2500] Processing G.R. No. 174298
2025-12-06 17:46:52,125 - INFO -   Title: Sps. Simplicio and Mila Cuaresma vs. White Falcon Services, ...
2025-12-06 17:46:52,943 - WARNING -   ✗ Could not fetch case from any URL
2025-12-06 17:46:52,943 - INFO - 
[154/2500] Processing G.R. No. 174590
2025-12-06 17:46:52,943 - INFO -   Title: Lowe, Inc., et al. vs. Court of Appeals and Irma Mutuc...
2025-12-06 17:46:53,761 - WARNING -   ✗ Could not fetch case from any URL
2025-12-06 17:46:53,761 - INFO - 
[155/2500] Processing G.R. No. 175071
2025-12-06 17:46:53,761 - INFO -   Title: Philippine Stock Exchange, Inc. vs. Finvest Securities Co., ...
2025-12-06 17:46:54,944 - WARNING -   ✗ Could not fetch case from any URL
2025-12-06 17:46:54,944 - INFO - 
[156/2500] Processing G.R. No. 175467
2025-12-06 17:46:54,944 - INFO -   Title: Guido Catuiran y Necudemus vs. People of the Philippines...
2025-12-06 17:46:55,757 - WARNING -   ✗ Could not fetch case from any URL
2025-12-06 17:46:55,757 - INFO - 
[157/2500] Processing G.R. No. 176919
2025-12-06 17:46:55,757 - INFO -   Title: Filipinas (PREFAB) Systems, inc. vs. Continental Cement Corp...
2025-12-06 17:46:56,569 - WARNING -   ✗ Could not fetch case from any URL
2025-12-06 17:46:56,569 - INFO - 
[158/2500] Processing G.R. No. 177133
2025-12-06 17:46:56,569 - INFO -   Title: Citibank, N.A. vs. Spouses Azucena B. Corpuz and Renato S. C...
2025-12-06 17:46:57,384 - WARNING -   ✗ Could not fetch case from any URL
2025-12-06 17:46:57,384 - INFO - 
[159/2500] Processing G.R. No. 177731
2025-12-06 17:46:57,384 - INFO -   Title: Government Service Insurance System vs. Hon. Celso Laviña, P...
2025-12-06 17:46:58,198 - WARNING -   ✗ Could not fetch case from any URL
2025-12-06 17:46:58,198 - INFO - 
[160/2500] Processing G.R. No. 178097
2025-12-06 17:46:58,198 - INFO -   Title: Kumassie Plantation Company Incorporated vs. Land Bank of th...
2025-12-06 17:46:59,018 - WARNING -   ✗ Could not fetch case from any URL
2025-12-06 17:46:59,018 - INFO - 
[161/2500] Processing G.R. No. 178097
2025-12-06 17:46:59,018 - INFO -   Title: Kumassie Plantation Company Incorporated vs. Land Bank of th...
2025-12-06 17:46:59,831 - WARNING -   ✗ Could not fetch case from any URL
2025-12-06 17:46:59,832 - INFO - 
[162/2500] Processing G.R. No. 178935
2025-12-06 17:46:59,832 - INFO -   Title: Oscar A. Ojeda vs. People of the Philippines...
2025-12-06 17:47:00,646 - WARNING -   ✗ Could not fetch case from any URL
2025-12-06 17:47:00,646 - INFO - 
[163/2500] Processing G.R. No. 179120
2025-12-06 17:47:00,646 - INFO -   Title: Biraogo vs. Nograles, et al....
2025-12-06 17:47:01,459 - WARNING -   ✗ Could not fetch case from any URL
2025-12-06 17:47:01,459 - INFO - 
[164/2500] Processing G.R. No. 179120
2025-12-06 17:47:01,459 - INFO -   Title: Louis C. Biraogo vs. Hon. Prospero Nograles and Jocelyn C. L...
2025-12-06 17:47:02,271 - WARNING -   ✗ Could not fetch case from any URL
2025-12-06 17:47:02,272 - INFO - 
[165/2500] Processing G.R. No. 179295
2025-12-06 17:47:02,272 - INFO -   Title: Bayan Muna, et al. vs. Commission on Elections...
2025-12-06 17:47:03,087 - WARNING -   ✗ Could not fetch case from any URL
2025-12-06 17:47:03,087 - INFO - 
[166/2500] Processing G.R. No. 179319
2025-12-06 17:47:03,088 - INFO -   Title: Eugene C. Firaza vs. People of the Philippines...
2025-12-06 17:47:03,470 - INFO -   Case already exists: RESTRUCTURED_DB/2009/sep/179319.json
2025-12-06 17:47:03,970 - INFO - 
[167/2500] Processing G.R. No. 179404
2025-12-06 17:47:03,970 - INFO -   Title: Nataniel B. Juane vs. Iglesia Evangelisca Metodista En Las I...
2025-12-06 17:47:04,783 - WARNING -   ✗ Could not fetch case from any URL
2025-12-06 17:47:04,784 - INFO - 
[168/2500] Processing G.R. No. 179650
2025-12-06 17:47:04,784 - INFO -   Title: DAMBA-NFSW vs. Roxas & Co. Inc....
2025-12-06 17:47:05,601 - WARNING -   ✗ Could not fetch case from any URL
2025-12-06 17:47:05,601 - INFO - 
[169/2500] Processing G.R. No. 180209
2025-12-06 17:47:05,601 - INFO -   Title: Premier Shipping LInes, Inc. vs. National Power Corporation...
2025-12-06 17:47:06,416 - WARNING -   ✗ Could not fetch case from any URL
2025-12-06 17:47:06,417 - INFO - 
[170/2500] Processing G.R. No. 180674
2025-12-06 17:47:06,417 - INFO -   Title: Citinickel Mines and Development Corporation vs. Hon. Judge ...
2025-12-06 17:47:07,233 - WARNING -   ✗ Could not fetch case from any URL
2025-12-06 17:47:07,233 - INFO - 
[171/2500] Processing G.R. No. 180893
2025-12-06 17:47:07,233 - INFO -   Title: Pacific Wide Realty and Development Corporation vs. Puerto A...
2025-12-06 17:47:08,047 - WARNING -   ✗ Could not fetch case from any URL
2025-12-06 17:47:08,047 - INFO - 
[172/2500] Processing G.R. No. 180896
2025-12-06 17:47:08,047 - INFO -   Title: Pioneer Insurance and Surety Corporation vs. Keppel Cebu Shi...
2025-12-06 17:47:08,860 - WARNING -   ✗ Could not fetch case from any URL
2025-12-06 17:47:08,861 - INFO - 
[173/2500] Processing G.R. No. 181141
2025-12-06 17:47:08,861 - INFO -   Title: Platinum Group Metals Corporation vs. Citinickel Mines and D...
2025-12-06 17:47:09,678 - WARNING -   ✗ Could not fetch case from any URL
2025-12-06 17:47:09,678 - INFO - 
[174/2500] Processing G.R. No. 181141
2025-12-06 17:47:09,678 - INFO -   Title: Platinum Group of Metals vs. Citinickel Mines and Developmen...
2025-12-06 17:47:10,495 - WARNING -   ✗ Could not fetch case from any URL
2025-12-06 17:47:10,495 - INFO - 
[175/2500] Processing G.R. No. 181415
2025-12-06 17:47:10,495 - INFO -   Title: Finvest Securities, Co., Inc. vs. Trans-Phil Marine Ent., In...
2025-12-06 17:47:11,309 - WARNING -   ✗ Could not fetch case from any URL
2025-12-06 17:47:11,310 - INFO - 
[176/2500] Processing G.R. No. 181726
2025-12-06 17:47:11,310 - INFO -   Title: Alagad Party-list represented by Diogenes S. Osabel, Preside...
2025-12-06 17:47:12,124 - WARNING -   ✗ Could not fetch case from any URL
2025-12-06 17:47:12,124 - INFO - 
[177/2500] Processing G.R. No. 182001
2025-12-06 17:47:12,124 - INFO -   Title: Ofelia Caunan vs. People of the Philippines, et al....
2025-12-06 17:47:12,937 - WARNING -   ✗ Could not fetch case from any URL
2025-12-06 17:47:12,937 - INFO - 
[178/2500] Processing G.R. No. 182008
2025-12-06 17:47:12,937 - INFO -   Title: Santiago Cua, Sr., et al. vs. Court of Appeals, et al....
2025-12-06 17:47:13,751 - WARNING -   ✗ Could not fetch case from any URL
2025-12-06 17:47:13,752 - INFO - 
[179/2500] Processing G.R. No. 182020
2025-12-06 17:47:13,752 - INFO -   Title: Joey P. Marquez vs. the Sandiganbayan Fourt Division, et al....
2025-12-06 17:47:14,565 - WARNING -   ✗ Could not fetch case from any URL
2025-12-06 17:47:14,565 - INFO - 
[180/2500] Processing G.R. No. 183055
2025-12-06 17:47:14,565 - INFO -   Title: Sen. Ma. Ana Consuelo A.S. Madrigal vs. Sen. Manuel Villar, ...
2025-12-06 17:47:15,378 - WARNING -   ✗ Could not fetch case from any URL
2025-12-06 17:47:15,378 - INFO - 
[181/2500] Processing G.R. No. 183527
2025-12-06 17:47:15,378 - INFO -   Title: Platinum Group Metals Corporation vs. Court of Appeals and P...
2025-12-06 17:47:16,625 - WARNING -   ✗ Could not fetch case from any URL
2025-12-06 17:47:16,625 - INFO - 
[182/2500] Processing G.R. No. 183527
2025-12-06 17:47:16,625 - INFO -   Title: Platinum Group of Metals Corporation vs. Court of Appeals an...
2025-12-06 17:47:17,453 - WARNING -   ✗ Could not fetch case from any URL
2025-12-06 17:47:17,453 - INFO - 
[183/2500] Processing G.R. No. 184275
2025-12-06 17:47:17,453 - INFO -   Title: Security Exchange Commission, et al. vs. Anthony Rosete, et ...
2025-12-06 17:47:18,271 - WARNING -   ✗ Could not fetch case from any URL
2025-12-06 17:47:18,272 - INFO - 
[184/2500] Processing G.R. No. 186016
2025-12-06 17:47:18,272 - INFO -   Title: Salvador Divinagracia, Jr. vs. Commission on Elections and A...
2025-12-06 17:47:19,093 - WARNING -   ✗ Could not fetch case from any URL
2025-12-06 17:47:19,093 - INFO - 
[185/2500] Processing G.R. No. 200972
2025-12-06 17:47:19,093 - INFO -   Title: Philippine National Bank vs. Manuel C. Bulatao...
2025-12-06 17:47:19,912 - WARNING -   ✗ Could not fetch case from any URL
2025-12-06 17:47:19,912 - INFO - 
[186/2500] Processing G.R. No. 200984
2025-12-06 17:47:19,912 - INFO -   Title: Nona S. Ricafort, in her capacity as Chairman of the Board o...
2025-12-06 17:47:20,731 - WARNING -   ✗ Could not fetch case from any URL
2025-12-06 17:47:20,731 - INFO - 
[187/2500] Processing G.R. No. 126467
2025-12-06 17:47:20,731 - INFO -   Title: Professional Services, Inc. vs. the Court of Appeals, et al....
2025-12-06 17:47:21,550 - WARNING -   ✗ Could not fetch case from any URL
2025-12-06 17:47:21,551 - INFO - 
[188/2500] Processing G.R. No. 154662
2025-12-06 17:47:21,551 - INFO -   Title: Land Bank of the Philippines vs. Ramon P. Jacinto...
2025-12-06 17:47:22,369 - WARNING -   ✗ Could not fetch case from any URL
2025-12-06 17:47:22,369 - INFO - 
[189/2500] Processing G.R. No. 158627
2025-12-06 17:47:22,369 - INFO -   Title: People of the Philippines vs. Maritess Martinez y Dulay...
2025-12-06 17:47:22,755 - INFO -   Case already exists: RESTRUCTURED_DB/2010/mar/158627.json
2025-12-06 17:47:23,256 - INFO - 
[190/2500] Processing G.R. No. 160422
2025-12-06 17:47:23,256 - INFO -   Title: Meralco vs. Sps. Edito and Felicidad Chua, et al....
2025-12-06 17:47:24,075 - WARNING -   ✗ Could not fetch case from any URL
2025-12-06 17:47:24,075 - INFO - 
[191/2500] Processing G.R. No. 164747
2025-12-06 17:47:24,075 - INFO -   Title: Mortimer F. Cordero vs. Allan C. Go, doing business under th...
2025-12-06 17:47:24,893 - WARNING -   ✗ Could not fetch case from any URL
2025-12-06 17:47:24,893 - INFO - 
[192/2500] Processing G.R. No. 166536
2025-12-06 17:47:24,893 - INFO -   Title: Flor Martinez, represented by Macario Martinez, authorized r...
2025-12-06 17:47:25,711 - WARNING -   ✗ Could not fetch case from any URL
2025-12-06 17:47:25,711 - INFO - 
[193/2500] Processing G.R. No. 168726
2025-12-06 17:47:25,711 - INFO -   Title: Pio Delos Reyes, represented by heirs Fidel delos Reyes, et ...
2025-12-06 17:47:26,095 - INFO -   Case already exists: RESTRUCTURED_DB/2010/mar/168726.json
2025-12-06 17:47:26,595 - INFO - 
[194/2500] Processing G.R. No. 169202
2025-12-06 17:47:26,595 - INFO -   Title: Ma. Virginia V. Remo vs. the Honorable Secretary of Foreign ...
2025-12-06 17:47:26,981 - INFO -   Case already exists: RESTRUCTURED_DB/2010/mar/169202.json
2025-12-06 17:47:27,481 - INFO - 
[195/2500] Processing G.R. No. 169958
2025-12-06 17:47:27,481 - INFO -   Title: Department of Justice Secretary Raul M. Gonzalez, et al. vs....
2025-12-06 17:47:27,868 - INFO -   Case already exists: RESTRUCTURED_DB/2010/mar/169958.json
2025-12-06 17:47:28,368 - INFO - 
[196/2500] Processing G.R. No. 170673
2025-12-06 17:47:28,368 - INFO -   Title: Presidential Commission on Good Government vs. Silangan Inve...
2025-12-06 17:47:29,188 - WARNING -   ✗ Could not fetch case from any URL
2025-12-06 17:47:29,188 - INFO - 
[197/2500] Processing G.R. No. 174149
2025-12-06 17:47:29,188 - INFO -   Title: J. Tiosejo Investment Corporation vs. Sps. Benjamin and Elea...
2025-12-06 17:47:30,401 - WARNING -   ✗ Could not fetch case from any URL
2025-12-06 17:47:30,402 - INFO - 
[198/2500] Processing G.R. No. 175849
2025-12-06 17:47:30,402 - INFO -   Title: Manuel Almagro, joined by his spouse, Elizabeth Almagro vs. ...
2025-12-06 17:47:31,221 - WARNING -   ✗ Could not fetch case from any URL
2025-12-06 17:47:31,221 - INFO - 
[199/2500] Processing G.R. No. 176640
2025-12-06 17:47:31,221 - INFO -   Title: Antonio A. Aboc vs. Metropolitan Bank and Trust Company / Me...
2025-12-06 17:47:32,039 - WARNING -   ✗ Could not fetch case from any URL
2025-12-06 17:47:32,039 - INFO - 
[200/2500] Processing G.R. No. 176657
2025-12-06 17:47:32,039 - INFO -   Title: Department of Foreign Affairs and Bangko Sentral ng Pilipina...
2025-12-06 17:47:33,140 - INFO -   Case already exists: RESTRUCTURED_DB/2010/sep/176657.json
2025-12-06 17:47:33,640 - INFO - 
[201/2500] Processing G.R. No. 176686
2025-12-06 17:47:33,640 - INFO -   Title: Solar Harvest Incorporated vs. Davao Corrugated Carton Corpo...
2025-12-06 17:47:34,459 - WARNING -   ✗ Could not fetch case from any URL
2025-12-06 17:47:34,459 - INFO - 
[202/2500] Processing G.R. No. 177779
2025-12-06 17:47:34,459 - INFO -   Title: People of the Philippines vs. Felipe Nachor y Omayan...
2025-12-06 17:47:34,846 - INFO -   Case already exists: RESTRUCTURED_DB/2010/dec/177779.json
2025-12-06 17:47:35,346 - INFO - 
[203/2500] Processing G.R. No. 178193
2025-12-06 17:47:35,346 - INFO -   Title: Philippine Coconut Producers Federation, Inc. (COCOFED), et ...
2025-12-06 17:47:36,169 - WARNING -   ✗ Could not fetch case from any URL
2025-12-06 17:47:36,169 - INFO - 
[204/2500] Processing G.R. No. 178274
2025-12-06 17:47:36,169 - INFO -   Title: People of the Philippines vs. Aurelio Matunhay...
2025-12-06 17:47:36,554 - INFO -   Case already exists: RESTRUCTURED_DB/2010/mar/178274.json
2025-12-06 17:47:37,055 - INFO - 
[205/2500] Processing G.R. No. 179045
2025-12-06 17:47:37,055 - INFO -   Title: Commissioner of Internal Revenue vs. Smart Communication, In...
2025-12-06 17:47:37,875 - WARNING -   ✗ Could not fetch case from any URL
2025-12-06 17:47:37,875 - INFO - 
[206/2500] Processing G.R. No. 179792
2025-12-06 17:47:37,875 - INFO -   Title: LNS International Manpower Services vs. Armando Padua, Jr....
2025-12-06 17:47:38,259 - INFO -   Case already exists: RESTRUCTURED_DB/2010/mar/179792.json
2025-12-06 17:47:38,760 - INFO - 
[207/2500] Processing G.R. No. 180443
2025-12-06 17:47:38,760 - INFO -   Title: Luis K. Lokin vs. Commission on Elections, et al....
2025-12-06 17:47:39,579 - WARNING -   ✗ Could not fetch case from any URL
2025-12-06 17:47:39,580 - INFO - 
[208/2500] Processing G.R. No. 180595
2025-12-06 17:47:39,580 - INFO -   Title: Arthur Del Rosario, et al. vs. Hellenor D. Doanto, Jr. et al...
2025-12-06 17:47:39,964 - INFO -   Case already exists: RESTRUCTURED_DB/2010/mar/180595.json
2025-12-06 17:47:40,464 - INFO - 
[209/2500] Processing G.R. No. 180776
2025-12-06 17:47:40,464 - INFO -   Title: Land Bank of the Philippines vs. Domingo and Mamerto Soriano...
2025-12-06 17:47:41,283 - WARNING -   ✗ Could not fetch case from any URL
2025-12-06 17:47:41,283 - INFO - 
[210/2500] Processing G.R. No. 181913
2025-12-06 17:47:41,283 - INFO -   Title: Daniel P. Javellana, Jr. vs. Albino Belen/Albino Belen vs. D...
2025-12-06 17:47:41,670 - INFO -   Case already exists: RESTRUCTURED_DB/2010/mar/181913.json
2025-12-06 17:47:42,170 - INFO - 
[211/2500] Processing G.R. No. 182434
2025-12-06 17:47:42,170 - INFO -   Title: Sultan Yahya "Jerry" M. Tomawis vs. Hon Rasad G. Balindong, ...
2025-12-06 17:47:42,557 - INFO -   Case already exists: RESTRUCTURED_DB/2010/mar/182434.json
2025-12-06 17:47:43,057 - INFO - 
[212/2500] Processing G.R. No. 182948
2025-12-06 17:47:43,057 - INFO -   Title: Gen. Avelino I. Razon, Jr. Chief, Philippine National Police...
2025-12-06 17:47:43,876 - WARNING -   ✗ Could not fetch case from any URL
2025-12-06 17:47:43,876 - INFO - 
[213/2500] Processing G.R. No. 183670
2025-12-06 17:47:43,876 - INFO -   Title: Food Fest Land, Inc. vs. Daniel T. So...
2025-12-06 17:47:44,693 - WARNING -   ✗ Could not fetch case from any URL
2025-12-06 17:47:44,693 - INFO - 
[214/2500] Processing G.R. No. 183713
2025-12-06 17:47:44,693 - INFO -   Title: Edita T. Burgos vs. Chief of Staff of the Armed Forces of th...
2025-12-06 17:47:45,511 - WARNING -   ✗ Could not fetch case from any URL
2025-12-06 17:47:45,511 - INFO - 
[215/2500] Processing G.R. No. 183812
2025-12-06 17:47:45,512 - INFO -   Title: Edita T. Burgos vs. President Gloria Macapagal-Arroyo, et al...
2025-12-06 17:47:46,680 - WARNING -   ✗ Could not fetch case from any URL
2025-12-06 17:47:46,680 - INFO - 
[216/2500] Processing G.R. No. 185012
2025-12-06 17:47:46,680 - INFO -   Title: People of the Philippines vs. Victor Villarino y Mabute...
2025-12-06 17:47:47,056 - INFO -   Case already exists: RESTRUCTURED_DB/2010/mar/185012.json
2025-12-06 17:47:47,556 - INFO - 
[217/2500] Processing G.R. No. 185123
2025-12-06 17:47:47,556 - INFO -   Title: Lenido Lumanog, et al. vs. People of the Philippines/Cesar F...
2025-12-06 17:47:48,353 - WARNING -   ✗ Could not fetch case from any URL
2025-12-06 17:47:48,353 - INFO - 
[218/2500] Processing G.R. No. 186359
2025-12-06 17:47:48,353 - INFO -   Title: Jesus O. Typoco vs. Commission on Elections, et al....
2025-12-06 17:47:48,908 - INFO -   Case already exists: RESTRUCTURED_DB/2010/mar/186359.json
2025-12-06 17:47:49,409 - INFO - 
[219/2500] Processing G.R. No. 186450
2025-12-06 17:47:49,409 - INFO -   Title: National Water Resources Board (NWRB) vs. A.L. Ang Network, ...
2025-12-06 17:47:49,611 - INFO -   Case already exists: RESTRUCTURED_DB/2010/apr/186450.json
2025-12-06 17:47:50,111 - INFO - 
[220/2500] Processing G.R. No. 186526
2025-12-06 17:47:50,112 - INFO -   Title: People of the Philippines vs. Federico Campos y Ranile...
2025-12-06 17:47:50,908 - WARNING -   ✗ Could not fetch case from any URL
2025-12-06 17:47:50,908 - INFO - 
[221/2500] Processing G.R. No. 187961
2025-12-06 17:47:50,908 - INFO -   Title: Mayor Abraham N. Tolentino vs. Commission on Elections, et a...
2025-12-06 17:47:51,706 - WARNING -   ✗ Could not fetch case from any URL
2025-12-06 17:47:51,706 - INFO - 
[222/2500] Processing G.R. No. 187966
2025-12-06 17:47:51,706 - INFO -   Title: Vice-Mayor Celso P. De Castro vs. Commission on Elections, e...
2025-12-06 17:47:52,508 - WARNING -   ✗ Could not fetch case from any URL
2025-12-06 17:47:52,508 - INFO - 
[223/2500] Processing G.R. No. 188900
2025-12-06 17:47:52,508 - INFO -   Title: People of the Philippines vs. Fernando Habana y Orante...
2025-12-06 17:47:52,711 - INFO -   Case already exists: RESTRUCTURED_DB/2010/mar/188900.json
2025-12-06 17:47:53,211 - INFO - 
[224/2500] Processing G.R. No. 190078
2025-12-06 17:47:53,211 - INFO -   Title: Spouses Norman K. Certeza, Jr. et al. vs. Philippines Saving...
2025-12-06 17:47:53,586 - INFO -   Case already exists: RESTRUCTURED_DB/2010/mar/190078.json
2025-12-06 17:47:54,086 - INFO - 
[225/2500] Processing G.R. No. 190582
2025-12-06 17:47:54,086 - INFO -   Title: Ang Ladlad LGBT Party vs. Commission on Elections...
2025-12-06 17:47:54,820 - INFO -   Case already exists: RESTRUCTURED_DB/2010/apr/190582.json
2025-12-06 17:47:55,320 - INFO - 
[226/2500] Processing G.R. No. 191032
2025-12-06 17:47:55,320 - INFO -   Title: Jaime N. Soriano vs. Judicial and Bar Council, et al....
2025-12-06 17:47:56,121 - WARNING -   ✗ Could not fetch case from any URL
2025-12-06 17:47:56,121 - INFO - 
[227/2500] Processing G.R. No. 191057
2025-12-06 17:47:56,121 - INFO -   Title: Philippine Constitution Association (PHILCONSA), vs. Judicia...
2025-12-06 17:47:56,918 - WARNING -   ✗ Could not fetch case from any URL
2025-12-06 17:47:56,918 - INFO - 
[228/2500] Processing G.R. No. 191149
2025-12-06 17:47:56,918 - INFO -   Title: John G. Peralta vs. Judicial and Bar Council, et al....
2025-12-06 17:47:57,714 - WARNING -   ✗ Could not fetch case from any URL
2025-12-06 17:47:57,714 - INFO - 
[229/2500] Processing G.R. No. 191342
2025-12-06 17:47:57,714 - INFO -   Title: Atty. Amador Z. Tolentino, JR., (IBP Governor-Southern Luzon...
2025-12-06 17:47:58,511 - WARNING -   ✗ Could not fetch case from any URL
2025-12-06 17:47:58,511 - INFO - 
[230/2500] Processing G.R. No. 191420
2025-12-06 17:47:58,511 - INFO -   Title: Philippine Bar Association, Inc., vs. Judicial and Bar Counc...
2025-12-06 17:47:59,310 - WARNING -   ✗ Could not fetch case from any URL
2025-12-06 17:47:59,310 - INFO - 
[231/2500] Processing G.R. No. 201021
2025-12-06 17:47:59,310 - INFO -   Title: Pillars Property Corporation vs. Century Communities Corpora...
2025-12-06 17:48:00,116 - WARNING -   ✗ Could not fetch case from any URL
2025-12-06 17:48:00,116 - INFO - 
[232/2500] Processing G.R. No. 201031
2025-12-06 17:48:00,116 - INFO -   Title: Tomas R. Leonidas vs. Tancredo Vargas and Republic of the Ph...
2025-12-06 17:48:00,913 - WARNING -   ✗ Could not fetch case from any URL
2025-12-06 17:48:00,914 - INFO - 
[233/2500] Processing G.R. No. 125078
2025-12-06 17:48:00,914 - INFO -   Title: Bernabe Navida, et al. vs. Shell Oil Co., et al./The Dow Che...
2025-12-06 17:48:01,122 - INFO -   Case already exists: RESTRUCTURED_DB/2011/may/125078.json
2025-12-06 17:48:01,622 - INFO - 
[234/2500] Processing G.R. No. 156375
2025-12-06 17:48:01,622 - INFO -   Title: Dolores Adora Macaslang vs. Renato and Melba Zamora...
2025-12-06 17:48:01,828 - INFO -   Case already exists: RESTRUCTURED_DB/2011/may/156375.json
2025-12-06 17:48:02,328 - INFO - 
[235/2500] Processing G.R. No. 157549
2025-12-06 17:48:02,328 - INFO -   Title: Donnina C. Halley vs. Printwell Inc....
2025-12-06 17:48:02,706 - INFO -   Case already exists: RESTRUCTURED_DB/2011/may/157549.json
2025-12-06 17:48:03,207 - INFO - 
[236/2500] Processing G.R. No. 164281
2025-12-06 17:48:03,207 - INFO -   Title: Jose Teofilo Marcado vs. Court of Appeals, et al./Heirs of J...
2025-12-06 17:48:04,005 - WARNING -   ✗ Could not fetch case from any URL
2025-12-06 17:48:04,005 - INFO - 
[237/2500] Processing G.R. No. 165399
2025-12-06 17:48:04,005 - INFO -   Title: Theron V. Lacson vs. the Hon. Executive Secretary, et al./Ja...
2025-12-06 17:48:04,209 - INFO -   Case already exists: RESTRUCTURED_DB/2011/may/165399.json
2025-12-06 17:48:04,709 - INFO - 
[238/2500] Processing G.R. No. 166355
2025-12-06 17:48:04,709 - INFO -   Title: People of the Philippines vs. Luis J. Morales...
2025-12-06 17:48:04,913 - INFO -   Case already exists: RESTRUCTURED_DB/2011/may/166355.json
2025-12-06 17:48:05,413 - INFO - 
[239/2500] Processing G.R. No. 168666
2025-12-06 17:48:05,413 - INFO -   Title: Luzon Development Bank vs. Angeles Catherine Enriquez / Delt...
2025-12-06 17:48:06,213 - WARNING -   ✗ Could not fetch case from any URL
2025-12-06 17:48:06,214 - INFO - 
[240/2500] Processing G.R. No. 171673
2025-12-06 17:48:06,214 - INFO -   Title: Banahaw Broadcasting Corporation vs. Cayetano PACANa III, et...
2025-12-06 17:48:06,591 - INFO -   Case already exists: RESTRUCTURED_DB/2011/may/171673.json
2025-12-06 17:48:07,091 - INFO - 
[241/2500] Processing G.R. No. 171805
2025-12-06 17:48:07,091 - INFO -   Title: Philippine National Bank vs. Merelo B. Aznar, et al./Merelo ...
2025-12-06 17:48:07,468 - INFO -   Case already exists: RESTRUCTURED_DB/2011/may/171805.json
2025-12-06 17:48:07,968 - INFO - 
[242/2500] Processing G.R. No. 173575
2025-12-06 17:48:07,968 - INFO -   Title: Immaculate Conception Academy, et al. vs. AMA Computer Colle...
2025-12-06 17:48:08,367 - WARNING -   ✗ Could not fetch case from any URL
2025-12-06 17:48:08,367 - INFO - 
[243/2500] Processing G.R. No. 174660
2025-12-06 17:48:08,367 - INFO -   Title: People of the Philippines vs. Ricky Ladiana y Davao, accused...
2025-12-06 17:48:08,746 - INFO -   Case already exists: RESTRUCTURED_DB/2011/may/174660.json
2025-12-06 17:48:09,246 - INFO - 
[244/2500] Processing G.R. No. 175251
2025-12-06 17:48:09,246 - INFO -   Title: Rodolfo Luna vs. Allado Construction Company, Inc. and/or Ra...
2025-12-06 17:48:09,451 - INFO -   Case already exists: RESTRUCTURED_DB/2011/may/175251.json
2025-12-06 17:48:09,951 - INFO - 
[245/2500] Processing G.R. No. 175276
2025-12-06 17:48:09,951 - INFO -   Title: Isabelo L. Galang vs. Land Bank of the Philippines...
2025-12-06 17:48:10,156 - INFO -   Case already exists: RESTRUCTURED_DB/2011/may/175276.json
2025-12-06 17:48:10,656 - INFO - 
[246/2500] Processing G.R. No. 175512
2025-12-06 17:48:10,656 - INFO -   Title: Vallacar Transit, Inc. vs. Jocelyn G. Catubig...
2025-12-06 17:48:10,860 - INFO -   Case already exists: RESTRUCTURED_DB/2011/may/175512.json
2025-12-06 17:48:11,360 - INFO - 
[247/2500] Processing G.R. No. 177191
2025-12-06 17:48:11,360 - INFO -   Title: Michael San Juan y Cruz vs. People of the Philippines...
2025-12-06 17:48:11,566 - INFO -   Case already exists: RESTRUCTURED_DB/2011/may/177191.json
2025-12-06 17:48:12,066 - INFO - 
[248/2500] Processing G.R. No. 177771
2025-12-06 17:48:12,066 - INFO -   Title: People of the Philippines vs. Arielito Alivio, et al....
2025-12-06 17:48:12,270 - INFO -   Case already exists: RESTRUCTURED_DB/2011/may/177771.json
2025-12-06 17:48:12,770 - INFO - 
[249/2500] Processing G.R. No. 178903
2025-12-06 17:48:12,770 - INFO -   Title: Juliet G. Apacible vs. Multimed Industries, et al....
2025-12-06 17:48:12,972 - INFO -   Case already exists: RESTRUCTURED_DB/2011/may/178903.json
2025-12-06 17:48:13,473 - INFO - 
[250/2500] Processing G.R. No. 179024
2025-12-06 17:48:13,473 - INFO -   Title: Estate of Pasto Samson vs. Mercedes & Ruberto Susano/Julian ...
2025-12-06 17:48:13,851 - INFO -   Case already exists: RESTRUCTURED_DB/2011/may/179024.json
2025-12-06 17:48:14,351 - INFO - 
[251/2500] Processing G.R. No. 179532
2025-12-06 17:48:14,351 - INFO -   Title: Claudio S. Yap vs. Thenamaris Ship's Management and Intermar...
2025-12-06 17:48:14,555 - INFO -   Case already exists: RESTRUCTURED_DB/2011/may/179532.json
2025-12-06 17:48:15,055 - INFO - 
[252/2500] Processing G.R. No. 181626
2025-12-06 17:48:15,055 - INFO -   Title: Santiago Paera vs. People of the Philippines...
2025-12-06 17:48:15,259 - INFO -   Case already exists: RESTRUCTURED_DB/2011/may/181626.json
2025-12-06 17:48:15,760 - INFO - 
[253/2500] Processing G.R. No. 182758
2025-12-06 17:48:15,760 - INFO -   Title: Land Bank of the Philippines vs. Heirs of Severino Listana...
2025-12-06 17:48:16,135 - INFO -   Case already exists: RESTRUCTURED_DB/2011/may/182758.json
2025-12-06 17:48:16,636 - INFO - 
[254/2500] Processing G.R. No. 183092
2025-12-06 17:48:16,636 - INFO -   Title: People of the Philippines vs. Antonio Sabella y Bragais...
2025-12-06 17:48:16,839 - INFO -   Case already exists: RESTRUCTURED_DB/2011/may/183092.json
2025-12-06 17:48:17,339 - INFO - 
[255/2500] Processing G.R. No. 183576
2025-12-06 17:48:17,339 - INFO -   Title: Diamond Drilling Corporation of the Philippines vs. Newmont ...
2025-12-06 17:48:17,717 - INFO -   Case already exists: RESTRUCTURED_DB/2011/may/183576.json
2025-12-06 17:48:18,218 - INFO - 
[256/2500] Processing G.R. No. 183811
2025-12-06 17:48:18,218 - INFO -   Title: Rosalia N. Espino vs. Sps. Sharon Sampani Bulut and Celebi B...
2025-12-06 17:48:18,420 - INFO -   Case already exists: RESTRUCTURED_DB/2011/may/183811.json
2025-12-06 17:48:18,921 - INFO - 
[257/2500] Processing G.R. No. 184495
2025-12-06 17:48:18,921 - INFO -   Title: Lt. Col. Rogelio Boac, et al. vs. Erlinda T. Cadapan and Con...
2025-12-06 17:48:19,717 - WARNING -   ✗ Could not fetch case from any URL
2025-12-06 17:48:19,718 - INFO - 
[258/2500] Processing G.R. No. 187720
2025-12-06 17:48:19,718 - INFO -   Title: Trinidad Alicer, et al. vs. Alberto Compas, et al....
2025-12-06 17:48:19,920 - INFO -   Case already exists: RESTRUCTURED_DB/2011/may/187720.json
2025-12-06 17:48:20,420 - INFO - 
[259/2500] Processing G.R. No. 188296
2025-12-06 17:48:20,420 - INFO -   Title: Barangay Captain Beda Torrecampo vs. Metropolitan Waterworks...
2025-12-06 17:48:20,796 - INFO -   Case already exists: RESTRUCTURED_DB/2011/may/188296.json
2025-12-06 17:48:21,296 - INFO - 
[260/2500] Processing G.R. No. 188818
2025-12-06 17:48:21,296 - INFO -   Title: Tomas R. Osmena, in his personal capacity as City Mayor of C...
2025-12-06 17:48:21,500 - INFO -   Case already exists: RESTRUCTURED_DB/2011/may/188818.json
2025-12-06 17:48:22,000 - INFO - 
[261/2500] Processing G.R. No. 189847
2025-12-06 17:48:22,000 - INFO -   Title: People of the Philippines vs. Ernesto Mercado...
2025-12-06 17:48:22,204 - INFO -   Case already exists: RESTRUCTURED_DB/2011/may/189847.json
2025-12-06 17:48:22,704 - INFO - 
[262/2500] Processing G.R. No. 191218
2025-12-06 17:48:22,704 - INFO -   Title: Government Service Insurance System (GSIS), et al. vs. Arwin...
2025-12-06 17:48:23,081 - INFO -   Case already exists: RESTRUCTURED_DB/2011/may/191218.json
2025-12-06 17:48:23,581 - INFO - 
[263/2500] Processing G.R. No. 193105
2025-12-06 17:48:23,581 - INFO -   Title: Clay & Feather International, Inc., et al. vs. Alexander T. ...
2025-12-06 17:48:23,785 - INFO -   Case already exists: RESTRUCTURED_DB/2011/may/193105.json
2025-12-06 17:48:24,285 - INFO - 
[264/2500] Processing G.R. No. 193178
2025-12-06 17:48:24,285 - INFO -   Title: Philippine Savings Bank vs. Sps. Alfredo M. Castillo and Eli...
2025-12-06 17:48:24,660 - INFO -   Case already exists: RESTRUCTURED_DB/2011/may/193178.json
2025-12-06 17:48:25,161 - INFO - 
[265/2500] Processing G.R. No. 201116
2025-12-06 17:48:25,161 - INFO -   Title: Philam Insurance Co., Inc. now Chartis Philippines Insurance...
2025-12-06 17:48:25,960 - WARNING -   ✗ Could not fetch case from any URL
2025-12-06 17:48:25,961 - INFO - 
[266/2500] Processing G.R. No. 201147
2025-12-06 17:48:25,961 - INFO -   Title: People of the Philippines vs. Freddie SernadillaConcurring O...
2025-12-06 17:48:27,150 - WARNING -   ✗ Could not fetch case from any URL
2025-12-06 17:48:27,150 - INFO - 
[267/2500] Processing G.R. No. 201225
2025-12-06 17:48:27,150 - INFO -   Title: Team Sual Corporation vs. Commissioner of Internal Revenue/C...
2025-12-06 17:48:27,966 - WARNING -   ✗ Could not fetch case from any URL
2025-12-06 17:48:27,966 - INFO - 
[268/2500] Processing G.R. No. 147811
2025-12-06 17:48:27,967 - INFO -   Title: Petitioner-Organizations, namely: Pambansang Koalisyon ng mg...
2025-12-06 17:48:28,782 - WARNING -   ✗ Could not fetch case from any URL
2025-12-06 17:48:28,783 - INFO - 
[269/2500] Processing G.R. No. 166642
2025-12-06 17:48:28,783 - INFO -   Title: P.L. Uy Realty Corporation vs. ALS Management and Developmen...
2025-12-06 17:48:29,601 - WARNING -   ✗ Could not fetch case from any URL
2025-12-06 17:48:29,601 - INFO - 
[270/2500] Processing G.R. No. 170892
2025-12-06 17:48:29,601 - INFO -   Title: Philippine National Bank vs. Spouses Cheah Chee Chong and Of...
2025-12-06 17:48:30,418 - WARNING -   ✗ Could not fetch case from any URL
2025-12-06 17:48:30,418 - INFO - 
[271/2500] Processing G.R. No. 174369
2025-12-06 17:48:30,418 - INFO -   Title: People of the Philippines vs. Michael Biglete y Camacho...
2025-12-06 17:48:30,802 - INFO -   Case already exists: RESTRUCTURED_DB/2012/jun/174369.json
2025-12-06 17:48:31,302 - INFO - 
[272/2500] Processing G.R. No. 177270
2025-12-06 17:48:31,302 - INFO -   Title: Express Investments III Private Ltd. and Export Development ...
2025-12-06 17:48:32,120 - WARNING -   ✗ Could not fetch case from any URL
2025-12-06 17:48:32,120 - INFO - 
[273/2500] Processing G.R. No. 178193
2025-12-06 17:48:32,120 - INFO -   Title: Philippine Coconut Producers Federation, Inc. (COCOFED), et ...
2025-12-06 17:48:33,340 - WARNING -   ✗ Could not fetch case from any URL
2025-12-06 17:48:33,340 - INFO - 
[274/2500] Processing G.R. No. 179054
2025-12-06 17:48:33,340 - INFO -   Title: Bagong Kapisanan sa Punta Tenement, Inc., represented by Enr...
2025-12-06 17:48:34,177 - WARNING -   ✗ Could not fetch case from any URL
2025-12-06 17:48:34,177 - INFO - 
[275/2500] Processing G.R. No. 182069
2025-12-06 17:48:34,177 - INFO -   Title: Arnold D. Vicencio vs. Hon. Reynaldo A. Villar, et al....
2025-12-06 17:48:34,738 - INFO -   Case already exists: RESTRUCTURED_DB/2012/jul/182069.json
2025-12-06 17:48:35,239 - INFO - 
[276/2500] Processing G.R. No. 187298
2025-12-06 17:48:35,239 - INFO -   Title: Jamar M. Kulayan, et al. vs. Gov. Abdusakur M. Tan etc., et ...
2025-12-06 17:48:36,158 - INFO -   Case already exists: RESTRUCTURED_DB/2012/jul/187298.json
2025-12-06 17:48:36,658 - INFO - 
[277/2500] Processing G.R. No. 189767
2025-12-06 17:48:36,658 - INFO -   Title: Philippine Economic Zone Authority (PEZA) vs. Commission on ...
2025-12-06 17:48:37,221 - INFO -   Case already exists: RESTRUCTURED_DB/2012/jul/189767.json
2025-12-06 17:48:37,721 - INFO - 
[278/2500] Processing G.R. No. 199238
2025-12-06 17:48:37,721 - INFO -   Title: RCBC Capital Corporation vs. Banco De Oro Unibank, Inc./Banc...
2025-12-06 17:48:38,540 - WARNING -   ✗ Could not fetch case from any URL
2025-12-06 17:48:38,540 - INFO - 
[279/2500] Processing G.R. No. 2012
2025-12-06 17:48:38,540 - INFO -   Title: United States vs. Engracio Angel, et al....
2025-12-06 17:48:39,357 - WARNING -   ✗ Could not fetch case from any URL
2025-12-06 17:48:39,357 - INFO - 
[280/2500] Processing G.R. No. 201292
2025-12-06 17:48:39,357 - INFO -   Title: Pension and Gratuity Management Center (PGMC), GHQ, AFP, Cam...
2025-12-06 17:48:40,175 - WARNING -   ✗ Could not fetch case from any URL
2025-12-06 17:48:40,175 - INFO - 
[281/2500] Processing G.R. No. 168279
2025-12-06 17:48:40,175 - INFO -   Title: Land Bank of the Philppines vs. Artemio S. San Juan, Jr....
2025-12-06 17:48:40,991 - WARNING -   ✗ Could not fetch case from any URL
2025-12-06 17:48:40,991 - INFO - 
[282/2500] Processing G.R. No. 172701
2025-12-06 17:48:40,991 - INFO -   Title: People of the Philippines vs. Halil Gambao, et al....
2025-12-06 17:48:41,810 - WARNING -   ✗ Could not fetch case from any URL
2025-12-06 17:48:41,810 - INFO - 
[283/2500] Processing G.R. No. 1733373
2025-12-06 17:48:41,810 - INFO -   Title: H. Tambunting Pawnshop, Inc. vs. Commissioner on Internal Re...
2025-12-06 17:48:42,627 - WARNING -   ✗ Could not fetch case from any URL
2025-12-06 17:48:42,627 - INFO - 
[284/2500] Processing G.R. No. 174493
2025-12-06 17:48:42,627 - INFO -   Title: Victor Africa vs. the Hon. Sandiganbayan and Barbara Anne C....
2025-12-06 17:48:43,445 - WARNING -   ✗ Could not fetch case from any URL
2025-12-06 17:48:43,445 - INFO - 
[285/2500] Processing G.R. No. 179079
2025-12-06 17:48:43,445 - INFO -   Title: People of the Philippines vs. Timothy J. Desmond/Virginia De...
2025-12-06 17:48:44,263 - WARNING -   ✗ Could not fetch case from any URL
2025-12-06 17:48:44,263 - INFO - 
[286/2500] Processing G.R. No. 187979
2025-12-06 17:48:44,263 - INFO -   Title: Rafael H. Galvez and Katherine L. Guy vs. Asia United Bank/A...
2025-12-06 17:48:45,079 - WARNING -   ✗ Could not fetch case from any URL
2025-12-06 17:48:45,079 - INFO - 
[287/2500] Processing G.R. No. 188285
2025-12-06 17:48:45,079 - INFO -   Title: Benito E. Lorenzo vs. Government Service Insurance System (G...
2025-12-06 17:48:45,895 - WARNING -   ✗ Could not fetch case from any URL
2025-12-06 17:48:45,896 - INFO - 
[288/2500] Processing G.R. No. 190834
2025-12-06 17:48:45,896 - INFO -   Title: Republic of the Philippines represented by the Commissioner ...
2025-12-06 17:48:46,712 - WARNING -   ✗ Could not fetch case from any URL
2025-12-06 17:48:46,712 - INFO - 
[289/2500] Processing G.R. No. 192576
2025-12-06 17:48:46,712 - INFO -   Title: CIR; Fortune Tobacco Corporation/Fortune Tobacco Corporation...
2025-12-06 17:48:47,529 - WARNING -   ✗ Could not fetch case from any URL
2025-12-06 17:48:47,529 - INFO - 
[290/2500] Processing G.R. No. 195395
2025-12-06 17:48:47,529 - INFO -   Title: Engineer Manolito P. Mendoza vs. Commission on Audit...
2025-12-06 17:48:48,346 - WARNING -   ✗ Could not fetch case from any URL
2025-12-06 17:48:48,347 - INFO - 
[291/2500] Processing G.R. No. 197098
2025-12-06 17:48:48,347 - INFO -   Title: Loreli LIm Po vs. Department of the Justice, et al./Antonio ...
2025-12-06 17:48:49,164 - WARNING -   ✗ Could not fetch case from any URL
2025-12-06 17:48:49,164 - INFO - 
[292/2500] Processing G.R. No. 198457
2025-12-06 17:48:49,164 - INFO -   Title: Filomena G. Delos Santos, Josefa A. Bacaltos, Nelanie A. Ant...
2025-12-06 17:48:49,980 - WARNING -   ✗ Could not fetch case from any URL
2025-12-06 17:48:49,981 - INFO - 
[293/2500] Processing G.R. No. 201302
2025-12-06 17:48:49,981 - INFO -   Title: Hygienic Packaging Corp. vs. Nutri-Asia, Inc. Doing Business...
2025-12-06 17:48:50,799 - WARNING -   ✗ Could not fetch case from any URL
2025-12-06 17:48:50,800 - INFO - 
[294/2500] Processing G.R. No. 201326
2025-12-06 17:48:50,800 - INFO -   Title: Sitel Philippines Corporation vs. Commissioner of Internal R...
2025-12-06 17:48:52,005 - WARNING -   ✗ Could not fetch case from any URL
2025-12-06 17:48:52,005 - INFO - 
[295/2500] Processing G.R. No. 201620
2025-12-06 17:48:52,005 - INFO -   Title: Ramoncito O. Senador vs. People of the Philippines and Cynth...
2025-12-06 17:48:52,382 - INFO -   Case already exists: RESTRUCTURED_DB/2013/mar/201620.json
2025-12-06 17:48:52,882 - INFO - 
[296/2500] Processing G.R. No. 206982
2025-12-06 17:48:52,882 - INFO -   Title: Coalition of Association of Senior Citizen in the Philippine...
2025-12-06 17:48:53,684 - WARNING -   ✗ Could not fetch case from any URL
2025-12-06 17:48:53,684 - INFO - 
[297/2500] Processing G.R. No. 177332
2025-12-06 17:48:53,684 - INFO -   Title: National Power Corporation vs. City of Cabanatuan, represent...
2025-12-06 17:48:54,485 - WARNING -   ✗ Could not fetch case from any URL
2025-12-06 17:48:54,485 - INFO - 
[298/2500] Processing G.R. No. 178733
2025-12-06 17:48:54,486 - INFO -   Title: Elisa Angeles vs. Court of Appeals, et al....
2025-12-06 17:48:55,286 - WARNING -   ✗ Could not fetch case from any URL
2025-12-06 17:48:55,287 - INFO - 
[299/2500] Processing G.R. No. 187061
2025-12-06 17:48:55,287 - INFO -   Title: Celerina J. Santos vs. Ricardo T. Santos...
2025-12-06 17:48:56,089 - WARNING -   ✗ Could not fetch case from any URL
2025-12-06 17:48:56,089 - INFO - 
[300/2500] Processing G.R. No. 188828
2025-12-06 17:48:56,089 - INFO -   Title: Co Say Products Phils., et al. vs Benjamin Baltasar, et al....
2025-12-06 17:48:56,890 - WARNING -   ✗ Could not fetch case from any URL
2025-12-06 17:48:56,890 - INFO - 
[301/2500] Processing G.R. No. 193768
2025-12-06 17:48:56,890 - INFO -   Title: People of the Philippines vs Jerry Caranto y Propeta...
2025-12-06 17:48:57,691 - WARNING -   ✗ Could not fetch case from any URL
2025-12-06 17:48:57,691 - INFO - 
[302/2500] Processing G.R. No. 195542
2025-12-06 17:48:57,691 - INFO -   Title: Securities and Exchange Commission vs Oudine Santos...
2025-12-06 17:48:58,243 - INFO -   Case already exists: RESTRUCTURED_DB/2014/mar/195542.json
2025-12-06 17:48:58,743 - INFO - 
[303/2500] Processing G.R. No. 195549
2025-12-06 17:48:58,743 - INFO -   Title: Willaware Products Corporation vs. Jesichris Manufacturing C...
2025-12-06 17:48:58,952 - INFO -   Case already exists: RESTRUCTURED_DB/2014/sep/195549.json
2025-12-06 17:48:59,452 - INFO - 
[304/2500] Processing G.R. No. 195594
2025-12-06 17:48:59,452 - INFO -   Title: Republic of the Philippines, represented by the National Irr...
2025-12-06 17:48:59,833 - INFO -   Case already exists: RESTRUCTURED_DB/2014/sep/195594.json
2025-12-06 17:49:00,333 - INFO - 
[305/2500] Processing G.R. No. 195598
2025-12-06 17:49:00,333 - INFO -   Title: Teekay Shipping Philippines, Inc., et al. vs. Exequiel O. Ja...
2025-12-06 17:49:00,539 - INFO -   Case already exists: RESTRUCTURED_DB/2014/jun/195598.json
2025-12-06 17:49:01,039 - INFO - 
[306/2500] Processing G.R. No. 195615
2025-12-06 17:49:01,039 - INFO -   Title: Bank of Commerce vs. Radio Philippines Network, Inc., et al....
2025-12-06 17:49:01,417 - INFO -   Case already exists: RESTRUCTURED_DB/2014/apr/195615.json
2025-12-06 17:49:01,917 - INFO - 
[307/2500] Processing G.R. No. 195668
2025-12-06 17:49:01,917 - INFO -   Title: People of the Philippines vs. Ma. Harleta Velasco y Briones,...
2025-12-06 17:49:02,121 - INFO -   Case already exists: RESTRUCTURED_DB/2014/jun/195668.json
2025-12-06 17:49:02,621 - INFO - 
[308/2500] Processing G.R. No. 195687
2025-12-06 17:49:02,621 - INFO -   Title: Land Bank of the Philippines vs. David G. Naval, Jr., et al....
2025-12-06 17:49:03,001 - INFO -   Case already exists: RESTRUCTURED_DB/2014/apr/195687.json
2025-12-06 17:49:03,501 - INFO - 
[309/2500] Processing G.R. No. 195792
2025-12-06 17:49:03,502 - INFO -   Title: Abosta Shipmanagement Corporation vs. Wilhilm M. Hilario...
2025-12-06 17:49:03,705 - INFO -   Case already exists: RESTRUCTURED_DB/2014/nov/195792.json
2025-12-06 17:49:04,205 - INFO - 
[310/2500] Processing G.R. No. 195832
2025-12-06 17:49:04,205 - INFO -   Title: Formerly INC Shipmanagement Incorporated (now INC Navigation...
2025-12-06 17:49:04,581 - INFO -   Case already exists: RESTRUCTURED_DB/2014/oct/195832.json
2025-12-06 17:49:05,082 - INFO - 
[311/2500] Processing G.R. No. 195872
2025-12-06 17:49:05,082 - INFO -   Title: Fortune Medicare, Inc. vs David Robert U. Amorin...
2025-12-06 17:49:05,285 - INFO -   Case already exists: RESTRUCTURED_DB/2014/mar/195872.json
2025-12-06 17:49:05,785 - INFO - 
[312/2500] Processing G.R. No. 195889
2025-12-06 17:49:05,785 - INFO -   Title: Philippine National Bank vs. Spouses Eduardo and Ma. Rosario...
2025-12-06 17:49:06,163 - INFO -   Case already exists: RESTRUCTURED_DB/2014/sep/195889.json
2025-12-06 17:49:06,663 - INFO - 
[313/2500] Processing G.R. No. 196005
2025-12-06 17:49:06,663 - INFO -   Title: People of the Philippines vs. Charlie Fieldad, et al....
2025-12-06 17:49:07,042 - INFO -   Case already exists: RESTRUCTURED_DB/2014/oct/196005.json
2025-12-06 17:49:07,542 - INFO - 
[314/2500] Processing G.R. No. 196023
2025-12-06 17:49:07,542 - INFO -   Title: Jose Juan Tong, et al. vs. Go Tiat Kun, et al....
2025-12-06 17:49:07,746 - INFO -   Case already exists: RESTRUCTURED_DB/2014/apr/196023.json
2025-12-06 17:49:08,246 - INFO - 
[315/2500] Processing G.R. No. 196040
2025-12-06 17:49:08,246 - INFO -   Title: Fe H. Okabe vs. Ernesto A. Saturnino...
2025-12-06 17:49:08,624 - INFO -   Case already exists: RESTRUCTURED_DB/2014/aug/196040.json
2025-12-06 17:49:09,124 - INFO - 
[316/2500] Processing G.R. No. 196047
2025-12-06 17:49:09,124 - INFO -   Title: Lepanto Consolidated Mining Corporation vs. Belio Icao...
2025-12-06 17:49:09,501 - INFO -   Case already exists: RESTRUCTURED_DB/2014/jan/196047.json
2025-12-06 17:49:10,002 - INFO - 
[317/2500] Processing G.R. No. 196102
2025-12-06 17:49:10,002 - INFO -   Title: Government Service Insurance System vs. Aurelia Y. Calumpian...
2025-12-06 17:49:10,380 - INFO -   Case already exists: RESTRUCTURED_DB/2014/nov/196102.json
2025-12-06 17:49:10,880 - INFO - 
[318/2500] Processing G.R. No. 196112
2025-12-06 17:49:10,880 - INFO -   Title: GMA Network, Inc. vs. National Telecommunications Commission...
2025-12-06 17:49:11,257 - INFO -   Case already exists: RESTRUCTURED_DB/2014/feb/196112.json
2025-12-06 17:49:11,757 - INFO - 
[319/2500] Processing G.R. No. 196117
2025-12-06 17:49:11,757 - INFO -   Title: Krystle Realty Development Corporation, rep. by Chairman of ...
2025-12-06 17:49:11,962 - INFO -   Case already exists: RESTRUCTURED_DB/2014/aug/196117.json
2025-12-06 17:49:12,462 - INFO - 
[320/2500] Processing G.R. No. 196118
2025-12-06 17:49:12,462 - INFO -   Title: Leonardo C. Castillo represented by Lennard V. Castillo vs. ...
2025-12-06 17:49:12,671 - INFO -   Case already exists: RESTRUCTURED_DB/2014/jul/196118.json
2025-12-06 17:49:13,171 - INFO - 
[321/2500] Processing G.R. No. 196122
2025-12-06 17:49:13,171 - INFO -   Title: Joel b. Monana vs. MEC Global Shipmanagement and Manning Cor...
2025-12-06 17:49:13,550 - INFO -   Case already exists: RESTRUCTURED_DB/2014/nov/196122.json
2025-12-06 17:49:14,050 - INFO - 
[322/2500] Processing G.R. No. 196142
2025-12-06 17:49:14,050 - INFO -   Title: Venus B. Castillo, et al. vs Prudentiallife Plans, Inc. et a...
2025-12-06 17:49:14,428 - INFO -   Case already exists: RESTRUCTURED_DB/2014/mar/196142.json
2025-12-06 17:49:14,928 - INFO - 
[323/2500] Processing G.R. No. 196146
2025-12-06 17:49:14,928 - INFO -   Title: People of the Philippines vs Freddie Ladip y Rubio...
2025-12-06 17:49:15,315 - INFO -   Case already exists: RESTRUCTURED_DB/2014/mar/196146.json
2025-12-06 17:49:15,815 - INFO - 
[324/2500] Processing G.R. No. 196156
2025-12-06 17:49:15,815 - INFO -   Title: Visayas Community Medical Center (VCMC) formerly known as Me...
2025-12-06 17:49:16,201 - INFO -   Case already exists: RESTRUCTURED_DB/2014/jan/196156.json
2025-12-06 17:49:16,701 - INFO - 
[325/2500] Processing G.R. No. 196182
2025-12-06 17:49:16,702 - INFO -   Title: ECE Realty and Development, Inc. vs. Rachel G. Mandap...
2025-12-06 17:49:16,906 - INFO -   Case already exists: RESTRUCTURED_DB/2014/sep/196182.json
2025-12-06 17:49:17,406 - INFO - 
[326/2500] Processing G.R. No. 196219
2025-12-06 17:49:17,407 - INFO -   Title: Spouses Mauricio M. Tabino and Leonila Dela Cruz-Tabino vs. ...
2025-12-06 17:49:17,784 - INFO -   Case already exists: RESTRUCTURED_DB/2014/jul/196219.json
2025-12-06 17:49:18,284 - INFO - 
[327/2500] Processing G.R. No. 196228
2025-12-06 17:49:18,284 - INFO -   Title: People of the Philippines vs. Renato Besmonte...
2025-12-06 17:49:18,662 - INFO -   Case already exists: RESTRUCTURED_DB/2014/jun/196228.json
2025-12-06 17:49:19,162 - INFO - 
[328/2500] Processing G.R. No. 196231
2025-12-06 17:49:19,162 - INFO -   Title: Emilio A. Gonzales III vs. Office of the President, etc., et...
2025-12-06 17:49:19,545 - INFO -   Case already exists: RESTRUCTURED_DB/2014/jan/196231.json
2025-12-06 17:49:20,045 - INFO - 
[329/2500] Processing G.R. No. 196249
2025-12-06 17:49:20,045 - INFO -   Title: Rose Hana Angeles, etc., et al. vs. Ferdinand M. Bucad, et a...
2025-12-06 17:49:20,251 - INFO -   Case already exists: RESTRUCTURED_DB/2014/jul/196249.json
2025-12-06 17:49:20,752 - INFO - 
[330/2500] Processing G.R. No. 196251
2025-12-06 17:49:20,752 - INFO -   Title: Olivarez Realty Corporation and Dr. Pablo R. Olivarez vs. Be...
2025-12-06 17:49:21,134 - INFO -   Case already exists: RESTRUCTURED_DB/2014/jul/196251.json
2025-12-06 17:49:21,635 - INFO - 
[331/2500] Processing G.R. No. 196315
2025-12-06 17:49:21,635 - INFO -   Title: People of the Philippines vs. Leonardo Cataytay y Silvano...
2025-12-06 17:49:21,839 - INFO -   Case already exists: RESTRUCTURED_DB/2014/oct/196315.json
2025-12-06 17:49:22,340 - INFO - 
[332/2500] Processing G.R. No. 196435
2025-12-06 17:49:22,340 - INFO -   Title: People of the Philippines vs. Joel Crisostomo y Malliar...
2025-12-06 17:49:22,717 - INFO -   Case already exists: RESTRUCTURED_DB/2014/jan/196435.json
2025-12-06 17:49:23,217 - INFO - 
[333/2500] Processing G.R. No. 196508
2025-12-06 17:49:23,217 - INFO -   Title: Leonardo A. Villalon and Erlinda Talde-Villalon vs. Amelia C...
2025-12-06 17:49:23,421 - INFO -   Case already exists: RESTRUCTURED_DB/2014/sep/196508.json
2025-12-06 17:49:23,921 - INFO - 
[334/2500] Processing G.R. No. 196735
2025-12-06 17:49:23,921 - INFO -   Title: People of the Philippines vs. Danilo Feliciano, Jr., et al....
2025-12-06 17:49:24,477 - INFO -   Case already exists: RESTRUCTURED_DB/2014/may/196735.json
2025-12-06 17:49:24,977 - INFO - 
[335/2500] Processing G.R. No. 196753
2025-12-06 17:49:24,977 - INFO -   Title: People of the Philippines vs. Erwin Lalog, et al....
2025-12-06 17:49:25,181 - INFO -   Case already exists: RESTRUCTURED_DB/2014/apr/196753.json
2025-12-06 17:49:25,681 - INFO - 
[336/2500] Processing G.R. No. 196786
2025-12-06 17:49:25,681 - INFO -   Title: People of the Philippines vs. Stanley Bunagan y Juan...
2025-12-06 17:49:25,886 - INFO -   Case already exists: RESTRUCTURED_DB/2014/jul/196786.json
2025-12-06 17:49:26,386 - INFO - 
[337/2500] Processing G.R. No. 196894
2025-12-06 17:49:26,386 - INFO -   Title: Jesus G. Crisologo and Nanette B. Crisoslogo vs JEWM Agro-In...
2025-12-06 17:49:26,763 - INFO -   Case already exists: RESTRUCTURED_DB/2014/mar/196894.json
2025-12-06 17:49:27,264 - INFO - 
[338/2500] Processing G.R. No. 196936
2025-12-06 17:49:27,264 - INFO -   Title: Monchito R. Ampeloquio vs. Jaka Distribution, Inc....
2025-12-06 17:49:27,641 - INFO -   Case already exists: RESTRUCTURED_DB/2014/jul/196936.json
2025-12-06 17:49:28,141 - INFO - 
[339/2500] Processing G.R. No. 196950
2025-12-06 17:49:28,141 - INFO -   Title: Helen E. Cabling, assisted by her husband, Arnel Cabling vs....
2025-12-06 17:49:28,354 - INFO -   Case already exists: RESTRUCTURED_DB/2014/jun/196950.json
2025-12-06 17:49:28,854 - INFO - 
[340/2500] Processing G.R. No. 196960
2025-12-06 17:49:28,854 - INFO -   Title: People of the Philippines vs Erwin Tamayo y Bautisa...
2025-12-06 17:49:29,057 - INFO -   Case already exists: RESTRUCTURED_DB/2014/mar/196960.json
2025-12-06 17:49:29,558 - INFO - 
[341/2500] Processing G.R. No. 196970
2025-12-06 17:49:29,558 - INFO -   Title: People of the Philippines vs. Rene Santiago...
2025-12-06 17:49:29,934 - INFO -   Case already exists: RESTRUCTURED_DB/2014/apr/196970.json
2025-12-06 17:49:30,434 - INFO - 
[342/2500] Processing G.R. No. 197005
2025-12-06 17:49:30,434 - INFO -   Title: Princess Joy Placement and General Services, Inc. vs. German...
2025-12-06 17:49:30,812 - INFO -   Case already exists: RESTRUCTURED_DB/2014/jun/197005.json
2025-12-06 17:49:31,312 - INFO - 
[343/2500] Processing G.R. No. 197046
2025-12-06 17:49:31,312 - INFO -   Title: People of the Philippines vs. George Zapata y Viana...
2025-12-06 17:49:31,515 - INFO -   Case already exists: RESTRUCTURED_DB/2014/jul/197046.json
2025-12-06 17:49:32,016 - INFO - 
[344/2500] Processing G.R. No. 197174
2025-12-06 17:49:32,016 - INFO -   Title: Francler P. Onde vs. the Office of the Local Civil Registrar...
2025-12-06 17:49:32,218 - INFO -   Case already exists: RESTRUCTURED_DB/2014/sep/197174.json
2025-12-06 17:49:32,719 - INFO - 
[345/2500] Processing G.R. No. 197192
2025-12-06 17:49:32,719 - INFO -   Title: Commissioner of Internal Revenue vs. the Insular Life Assura...
2025-12-06 17:49:33,096 - INFO -   Case already exists: RESTRUCTURED_DB/2014/jun/197192.json
2025-12-06 17:49:33,596 - INFO - 
[346/2500] Processing G.R. No. 197204
2025-12-06 17:49:33,596 - INFO -   Title: Danilo O. Garcia and Joven SD. Brizuela vs Sandiganbayan and...
2025-12-06 17:49:33,975 - INFO -   Case already exists: RESTRUCTURED_DB/2014/mar/197204.json
2025-12-06 17:49:34,475 - INFO - 
[347/2500] Processing G.R. No. 197228
2025-12-06 17:49:34,475 - INFO -   Title: Duty Free Philippines vs. Bureau of Internal Revenue, repres...
2025-12-06 17:49:34,684 - INFO -   Case already exists: RESTRUCTURED_DB/2014/oct/197228.json
2025-12-06 17:49:35,185 - INFO - 
[348/2500] Processing G.R. No. 197293
2025-12-06 17:49:35,185 - INFO -   Title: Alfredo C. Mendoza vs. People of the Philippines and Juno Ca...
2025-12-06 17:49:35,562 - INFO -   Case already exists: RESTRUCTURED_DB/2014/apr/197293.json
2025-12-06 17:49:36,062 - INFO - 
[349/2500] Processing G.R. No. 197303
2025-12-06 17:49:36,062 - INFO -   Title: APQ Shipmanagement Co., Ltd., and APQ Crew Management USA, I...
2025-12-06 17:49:36,440 - INFO -   Case already exists: RESTRUCTURED_DB/2014/jun/197303.json
2025-12-06 17:49:36,940 - INFO - 
[350/2500] Processing G.R. No. 197329
2025-12-06 17:49:36,940 - INFO -   Title: National Power Corporation vs. Luis Samar and Magdalena Sama...
2025-12-06 17:49:37,144 - INFO -   Case already exists: RESTRUCTURED_DB/2014/sep/197329.json
2025-12-06 17:49:37,645 - INFO - 
[351/2500] Processing G.R. No. 197336
2025-12-06 17:49:37,645 - INFO -   Title: Meyr Enterprises Corporation vs. Rolando Cordero...
2025-12-06 17:49:38,022 - INFO -   Case already exists: RESTRUCTURED_DB/2014/sep/197336.json
2025-12-06 17:49:38,522 - INFO - 
[352/2500] Processing G.R. No. 197380
2025-12-06 17:49:38,522 - INFO -   Title: Eliza Zuniga-Santos, represented by her attorney-in-fact, Ny...
2025-12-06 17:49:38,899 - INFO -   Case already exists: RESTRUCTURED_DB/2014/oct/197380.json
2025-12-06 17:49:39,400 - INFO - 
[353/2500] Processing G.R. No. 197442
2025-12-06 17:49:39,400 - INFO -   Title: Majestic Finance and Investment Co., Inc. vs. Jose D. Tito/C...
2025-12-06 17:49:39,604 - INFO -   Case already exists: RESTRUCTURED_DB/2014/oct/197442.json
2025-12-06 17:49:40,104 - INFO - 
[354/2500] Processing G.R. No. 197486
2025-12-06 17:49:40,104 - INFO -   Title: Renato L. Delfino, Sr., (deceased) represented by his Heirs,...
2025-12-06 17:49:40,483 - INFO -   Case already exists: RESTRUCTURED_DB/2014/sep/197486.json
2025-12-06 17:49:40,984 - INFO - 
[355/2500] Processing G.R. No. 197515
2025-12-06 17:49:40,984 - INFO -   Title: Commissioner of Internal Revenue vs. United Salvage and Towa...
2025-12-06 17:49:41,362 - INFO -   Case already exists: RESTRUCTURED_DB/2014/jul/197515.json
2025-12-06 17:49:41,862 - INFO - 
[356/2500] Processing G.R. No. 197525
2025-12-06 17:49:41,862 - INFO -   Title: Visayas Geothermal Power Company vs. Commissioner of Interna...
2025-12-06 17:49:42,067 - INFO -   Case already exists: RESTRUCTURED_DB/2014/jun/197525.json
2025-12-06 17:49:42,567 - INFO - 
[357/2500] Processing G.R. No. 197530
2025-12-06 17:49:42,567 - INFO -   Title: Aboitiz Equity Ventures, Inc. vs. Victor S. Chiongbian, Benj...
2025-12-06 17:49:42,948 - INFO -   Case already exists: RESTRUCTURED_DB/2014/jul/197530.json
2025-12-06 17:49:43,448 - INFO - 
[358/2500] Processing G.R. No. 197539
2025-12-06 17:49:43,448 - INFO -   Title: People of the Philippines vs. Angelita I. Daud, et al....
2025-12-06 17:49:43,827 - INFO -   Case already exists: RESTRUCTURED_DB/2014/jun/197539.json
2025-12-06 17:49:44,327 - INFO - 
[359/2500] Processing G.R. No. 197561
2025-12-06 17:49:44,327 - INFO -   Title: Coca-Cola Bottlers Philippines, Inc. vs. City of Manila, et ...
2025-12-06 17:49:44,533 - INFO -   Case already exists: RESTRUCTURED_DB/2014/apr/197561.json
2025-12-06 17:49:45,033 - INFO - 
[360/2500] Processing G.R. No. 197567
2025-12-06 17:49:45,033 - INFO -   Title: Governor Enrique T. Garcia, Jr. vs. Office of the Ombudsman,...
2025-12-06 17:49:45,413 - INFO -   Case already exists: RESTRUCTURED_DB/2014/nov/197567.json
2025-12-06 17:49:45,913 - INFO - 
[361/2500] Processing G.R. No. 197590
2025-12-06 17:49:45,913 - INFO -   Title: Bureau of Internal Revenue, as represented by the Commission...
2025-12-06 17:49:46,293 - INFO -   Case already exists: RESTRUCTURED_DB/2014/nov/197590.json
2025-12-06 17:49:46,794 - INFO - 
[362/2500] Processing G.R. No. 197591
2025-12-06 17:49:46,794 - INFO -   Title: Taganito Mining Corporation vs. Commissioner of Internal Rev...
2025-12-06 17:49:46,998 - INFO -   Case already exists: RESTRUCTURED_DB/2014/jun/197591.json
2025-12-06 17:49:47,498 - INFO - 
[363/2500] Processing G.R. No. 197676
2025-12-06 17:49:47,498 - INFO -   Title: Remman Enterprises, Inc., et al. vs. Professional Regulatory...
2025-12-06 17:49:47,876 - INFO -   Case already exists: RESTRUCTURED_DB/2014/feb/197676.json
2025-12-06 17:49:48,376 - INFO - 
[364/2500] Processing G.R. No. 197760
2025-12-06 17:49:48,376 - INFO -   Title: Team Energy Corporation (formerly Mirant Pagbilao Corp.) vs....
2025-12-06 17:49:48,580 - INFO -   Case already exists: RESTRUCTURED_DB/2014/jan/197760.json
2025-12-06 17:49:49,080 - INFO - 
[365/2500] Processing G.R. No. 197857
2025-12-06 17:49:49,080 - INFO -   Title: Spouses Francisco Sierra (substituted by Donato, Teresita Te...
2025-12-06 17:49:49,458 - INFO -   Case already exists: RESTRUCTURED_DB/2014/sep/197857.json
2025-12-06 17:49:49,958 - INFO - 
[366/2500] Processing G.R. No. 197942
2025-12-06 17:49:49,958 - INFO -   Title: Philippine Amusement and Gaming Corporation vs Thunderbird P...
2025-12-06 17:49:50,346 - INFO -   Case already exists: RESTRUCTURED_DB/2014/mar/197942.json
2025-12-06 17:49:50,846 - INFO - 
[367/2500] Processing G.R. No. 198022
2025-12-06 17:49:50,846 - INFO -   Title: People of the Philippines vs. Sonny Gatarin y Caballero @ "J...
2025-12-06 17:49:51,052 - INFO -   Case already exists: RESTRUCTURED_DB/2014/apr/198022.json
2025-12-06 17:49:51,552 - INFO - 
[368/2500] Processing G.R. No. 198059
2025-12-06 17:49:51,552 - INFO -   Title: People of the Philippines vs. Antonio Lujeco y Macanoquit al...
2025-12-06 17:49:51,756 - INFO -   Case already exists: RESTRUCTURED_DB/2014/apr/198059.json
2025-12-06 17:49:52,256 - INFO - 
[369/2500] Processing G.R. No. 198076
2025-12-06 17:49:52,256 - INFO -   Title: Taganito Mining Corporation vs. Commissioner of Internal Rev...
2025-12-06 17:49:52,633 - INFO -   Case already exists: RESTRUCTURED_DB/2014/nov/198076.json
2025-12-06 17:49:53,133 - INFO - 
[370/2500] Processing G.R. No. 198093
2025-12-06 17:49:53,133 - INFO -   Title: FLP Enterprises Inc.-Francesco Shoes/Emilio Francisco B. Paj...
2025-12-06 17:49:53,337 - INFO -   Case already exists: RESTRUCTURED_DB/2014/jul/198093.json
2025-12-06 17:49:53,837 - INFO - 
[371/2500] Processing G.R. No. 198097
2025-12-06 17:49:53,837 - INFO -   Title: Status Maritime Corporation, et al. vs. Spouses Margarito B....
2025-12-06 17:49:54,216 - INFO -   Case already exists: RESTRUCTURED_DB/2014/jul/198097.json
2025-12-06 17:49:54,716 - INFO - 
[372/2500] Processing G.R. No. 198139
2025-12-06 17:49:54,716 - INFO -   Title: National Power Corporation vs. Felicisimo Tarcelo, et al....
2025-12-06 17:49:55,094 - INFO -   Case already exists: RESTRUCTURED_DB/2014/sep/198139.json
2025-12-06 17:49:55,594 - INFO - 
[373/2500] Processing G.R. No. 198226
2025-12-06 17:49:55,594 - INFO -   Title: Aboitiz Transport System Corp., et al. vs. Carlos A. Gothong...
2025-12-06 17:49:55,801 - INFO -   Case already exists: RESTRUCTURED_DB/2014/jul/198226.json
2025-12-06 17:49:56,301 - INFO - 
[374/2500] Processing G.R. No. 198271
2025-12-06 17:49:56,301 - INFO -   Title: Arnaldo M. Espinas, Lillian N. Asprer, and Eleanora R. De Je...
2025-12-06 17:49:56,678 - INFO -   Case already exists: RESTRUCTURED_DB/2014/apr/198271.json
2025-12-06 17:49:57,178 - INFO - 
[375/2500] Processing G.R. No. 198314
2025-12-06 17:49:57,178 - INFO -   Title: People of the Philippines vs. Richard Guinto y San Andres...
2025-12-06 17:49:57,382 - INFO -   Case already exists: RESTRUCTURED_DB/2014/sep/198314.json
2025-12-06 17:49:57,883 - INFO - 
[376/2500] Processing G.R. No. 198342
2025-12-06 17:49:57,883 - INFO -   Title: Remedios O. Yap vs. Rover Maritime Services Corporation, et ...
2025-12-06 17:49:58,260 - INFO -   Case already exists: RESTRUCTURED_DB/2014/aug/198342.json
2025-12-06 17:49:58,761 - INFO - 
[377/2500] Processing G.R. No. 198367
2025-12-06 17:49:58,761 - INFO -   Title: OSG Shipmanagement Manila Inc., Mercedes M. Ravanopolous, OS...
2025-12-06 17:49:59,526 - INFO -   Case already exists: RESTRUCTURED_DB/2014/aug/198367.json
2025-12-06 17:50:00,026 - INFO - 
[378/2500] Processing G.R. No. 198388
2025-12-06 17:50:00,027 - INFO -   Title: Joraina Dragon Talosig vs. United Philippine Lines, Inc., et...
2025-12-06 17:50:00,411 - INFO -   Case already exists: RESTRUCTURED_DB/2014/jul/198388.json
2025-12-06 17:50:00,911 - INFO - 
[379/2500] Processing G.R. No. 198408
2025-12-06 17:50:00,911 - INFO -   Title: Conchita J. Racelis vs. United Philippine Lines, Inc. and/or...
2025-12-06 17:50:01,297 - INFO -   Case already exists: RESTRUCTURED_DB/2014/nov/198408.json
2025-12-06 17:50:01,797 - INFO - 
[380/2500] Processing G.R. No. 198528
2025-12-06 17:50:01,797 - INFO -   Title: Magsaysay Mitsui Osk Marine, Inc. and/or MOL Tankship Manage...
2025-12-06 17:50:02,006 - INFO -   Case already exists: RESTRUCTURED_DB/2014/oct/198528.json
2025-12-06 17:50:02,506 - INFO - 
[381/2500] Processing G.R. No. 198538
2025-12-06 17:50:02,506 - INFO -   Title: Exocet Security and Allied Services Corporation and/or Ma. T...
2025-12-06 17:50:02,720 - INFO -   Case already exists: RESTRUCTURED_DB/2014/sep/198538.json
2025-12-06 17:50:03,220 - INFO - 
[382/2500] Processing G.R. No. 198620
2025-12-06 17:50:03,220 - INFO -   Title: P.J. Lhuillier, Inc. and Mario Ramon Ludeña vs. Flodeliz Vel...
2025-12-06 17:50:03,604 - INFO -   Case already exists: RESTRUCTURED_DB/2014/nov/198620.json
2025-12-06 17:50:04,104 - INFO - 
[383/2500] Processing G.R. No. 198636
2025-12-06 17:50:04,104 - INFO -   Title: Esperanza C. Carinan vs. Sps. Gavino Cuento, et al....
2025-12-06 17:50:04,311 - INFO -   Case already exists: RESTRUCTURED_DB/2014/oct/198636.json
2025-12-06 17:50:04,812 - INFO - 
[384/2500] Processing G.R. No. 198640
2025-12-06 17:50:04,812 - INFO -   Title: Carlo F. Sunga vs. Virjen Shipping Corporation, Nissho Odyss...
2025-12-06 17:50:05,195 - INFO -   Case already exists: RESTRUCTURED_DB/2014/apr/198640.json
2025-12-06 17:50:05,695 - INFO - 
[385/2500] Processing G.R. No. 198656
2025-12-06 17:50:05,696 - INFO -   Title: Nancy S. Montinola vs. Court of Appeals...
2025-12-06 17:50:06,082 - INFO -   Case already exists: RESTRUCTURED_DB/2014/sep/198656.json
2025-12-06 17:50:06,582 - INFO - 
[386/2500] Processing G.R. No. 198677
2025-12-06 17:50:06,582 - INFO -   Title: Commissioner of Internal Revenue vs. Basf + Inks Phils, Inc....
2025-12-06 17:50:06,791 - INFO -   Case already exists: RESTRUCTURED_DB/2014/nov/198677.json
2025-12-06 17:50:07,291 - INFO - 
[387/2500] Processing G.R. No. 198729
2025-12-06 17:50:07,291 - INFO -   Title: CBK Power Company Limited vs. Commissioner of Internal Reven...
2025-12-06 17:50:07,499 - INFO -   Case already exists: RESTRUCTURED_DB/2014/jan/172129.json
2025-12-06 17:50:08,000 - INFO - 
[388/2500] Processing G.R. No. 198804
2025-12-06 17:50:08,000 - INFO -   Title: Carlito Valencia y Candelaria vs. People of the Philippines...
2025-12-06 17:50:08,384 - INFO -   Case already exists: RESTRUCTURED_DB/2014/jan/198804.json
2025-12-06 17:50:08,884 - INFO - 
[389/2500] Processing G.R. No. 198878
2025-12-06 17:50:08,884 - INFO -   Title: Residents of Lower Atab & Teachers' Village, Sto. Tomas Prop...
2025-12-06 17:50:09,092 - INFO -   Case already exists: RESTRUCTURED_DB/2014/oct/198878.json
2025-12-06 17:50:09,592 - INFO - 
[390/2500] Processing G.R. No. 198928
2025-12-06 17:50:09,592 - INFO -   Title: CBK Power Company Limited vs. Commissioner of Internal Reven...
2025-12-06 17:50:09,799 - INFO -   Case already exists: RESTRUCTURED_DB/2014/dec/198928.json
2025-12-06 17:50:10,299 - INFO - 
[391/2500] Processing G.R. No. 199008
2025-12-06 17:50:10,299 - INFO -   Title: Danilo Almero, et al. vs. Heirs of Miguel Pacquing, as repre...
2025-12-06 17:50:10,683 - INFO -   Case already exists: RESTRUCTURED_DB/2014/nov/199008.json
2025-12-06 17:50:11,183 - INFO - 
[392/2500] Processing G.R. No. 199022
2025-12-06 17:50:11,183 - INFO -   Title: Magsaysay Maritime Corporation vs. Oscar D. Chin, Jr....
2025-12-06 17:50:11,389 - INFO -   Case already exists: RESTRUCTURED_DB/2014/apr/199022.json
2025-12-06 17:50:11,890 - INFO - 
[393/2500] Processing G.R. No. 199027
2025-12-06 17:50:11,890 - INFO -   Title: The Office of the Solicitor General vs. the Court of Appeals...
2025-12-06 17:50:12,273 - INFO -   Case already exists: RESTRUCTURED_DB/2014/jun/199027.json
2025-12-06 17:50:12,773 - INFO - 
[394/2500] Processing G.R. No. 199028
2025-12-06 17:50:12,773 - INFO -   Title: Cosmos Bottling Corporation vs. Commission En Banc of the Se...
2025-12-06 17:50:13,156 - INFO -   Case already exists: RESTRUCTURED_DB/2014/nov/199028.json
2025-12-06 17:50:13,657 - INFO - 
[395/2500] Processing G.R. No. 199032
2025-12-06 17:50:13,657 - INFO -   Title: Retired SPO4 Bienvenido Laud vs. People of the Philippines...
2025-12-06 17:50:14,041 - INFO -   Case already exists: RESTRUCTURED_DB/2014/nov/199032.json
2025-12-06 17:50:14,542 - INFO - 
[396/2500] Processing G.R. No. 199042
2025-12-06 17:50:14,542 - INFO -   Title: Danilo Villanueva y Alcaraz vs. People of the Philippines...
2025-12-06 17:50:14,748 - INFO -   Case already exists: RESTRUCTURED_DB/2014/nov/199042.json
2025-12-06 17:50:15,248 - INFO - 
[397/2500] Processing G.R. No. 199070
2025-12-06 17:50:15,248 - INFO -   Title: People of the Philippines vs. Vicente R. Espinosa and Lindse...
2025-12-06 17:50:15,633 - INFO -   Case already exists: RESTRUCTURED_DB/2014/apr/199070.json
2025-12-06 17:50:16,133 - INFO - 
[398/2500] Processing G.R. No. 199096
2025-12-06 17:50:16,134 - INFO -   Title: People of the Philippines vs. Fred Traigo...
2025-12-06 17:50:16,340 - INFO -   Case already exists: RESTRUCTURED_DB/2014/jun/199096.json
2025-12-06 17:50:16,841 - INFO - 
[399/2500] Processing G.R. No. 199100
2025-12-06 17:50:16,841 - INFO -   Title: People of the Philippines vs. Rosendo Amaro...
2025-12-06 17:50:17,225 - INFO -   Case already exists: RESTRUCTURED_DB/2014/jul/199100.json
2025-12-06 17:50:17,725 - INFO - 
[400/2500] Processing G.R. No. 199133
2025-12-06 17:50:17,725 - INFO -   Title: Esperanza Tumpag substituted by her son Pablito Tumpag Belna...
2025-12-06 17:50:18,110 - INFO -   Case already exists: RESTRUCTURED_DB/2014/sep/199133.json
2025-12-06 17:50:18,610 - INFO - 
[401/2500] Processing G.R. No. 199139
2025-12-06 17:50:18,610 - INFO -   Title: Elsie S. Causing vs. Commission on Elections and Hernan D. B...
2025-12-06 17:50:18,995 - INFO -   Case already exists: RESTRUCTURED_DB/2014/sep/199139.json
2025-12-06 17:50:19,495 - INFO - 
[402/2500] Processing G.R. No. 199146
2025-12-06 17:50:19,495 - INFO -   Title: Heirs of Pacifico Pocido, et al. vs Arsenia Avila and Emelin...
2025-12-06 17:50:19,707 - INFO -   Case already exists: RESTRUCTURED_DB/2014/mar/199146.json
2025-12-06 17:50:20,208 - INFO - 
[403/2500] Processing G.R. No. 199208
2025-12-06 17:50:20,208 - INFO -   Title: People of the Philippines vs. Trinidad A. Cahilig...
2025-12-06 17:50:20,592 - INFO -   Case already exists: RESTRUCTURED_DB/2014/jul/199208.json
2025-12-06 17:50:21,092 - INFO - 
[404/2500] Processing G.R. No. 199211
2025-12-06 17:50:21,093 - INFO -   Title: People of the Philippines vs. Jeric Fernandez y Jaurigue...
2025-12-06 17:50:21,310 - INFO -   Case already exists: RESTRUCTURED_DB/2014/jun/199211.json
2025-12-06 17:50:21,810 - INFO - 
[405/2500] Processing G.R. No. 199226
2025-12-06 17:50:21,811 - INFO -   Title: People of the Philippines vs. Roel Vergara y Clavero...
2025-12-06 17:50:22,195 - INFO -   Case already exists: RESTRUCTURED_DB/2014/jan/199226.json
2025-12-06 17:50:22,695 - INFO - 
[406/2500] Processing G.R. No. 199268
2025-12-06 17:50:22,696 - INFO -   Title: People of the Philippines vs. Aurelio Jastiva...
2025-12-06 17:50:23,095 - INFO -   Case already exists: RESTRUCTURED_DB/2014/feb/199268.json
2025-12-06 17:50:23,595 - INFO - 
[407/2500] Processing G.R. No. 199283
2025-12-06 17:50:23,595 - INFO -   Title: Juliet Vitug Madarang and Romeo Bartolome, represented by hi...
2025-12-06 17:50:23,804 - INFO -   Case already exists: RESTRUCTURED_DB/2014/jun/199283.json
2025-12-06 17:50:24,304 - INFO - 
[408/2500] Processing G.R. No. 199310
2025-12-06 17:50:24,304 - INFO -   Title: Republic of the Philippines vs. Remman Enterprises, Inc. rep...
2025-12-06 17:50:24,687 - INFO -   Case already exists: RESTRUCTURED_DB/2014/feb/199310.json
2025-12-06 17:50:25,188 - INFO - 
[409/2500] Processing G.R. No. 199344
2025-12-06 17:50:25,188 - INFO -   Title: Vetyard Terminals & Shipping Services, Inc./Miguel S. Perez,...
2025-12-06 17:50:25,394 - INFO -   Case already exists: RESTRUCTURED_DB/2014/mar/199344.json
2025-12-06 17:50:25,894 - INFO - 
[410/2500] Processing G.R. No. 199388
2025-12-06 17:50:25,894 - INFO -   Title: Omni Hauling Services, Inc., Lolita Franco, Aniceto Franco v...
2025-12-06 17:50:26,278 - INFO -   Case already exists: RESTRUCTURED_DB/2014/sep/199388.json
2025-12-06 17:50:26,778 - INFO - 
[411/2500] Processing G.R. No. 199402
2025-12-06 17:50:26,778 - INFO -   Title: People of the Philippines vs. Enrique Quintos y Badilla...
2025-12-06 17:50:27,164 - INFO -   Case already exists: RESTRUCTURED_DB/2014/nov/199402.json
2025-12-06 17:50:27,664 - INFO - 
[412/2500] Processing G.R. No. 199439
2025-12-06 17:50:27,664 - INFO -   Title: City of General Santos, represented by its Mayor, Hon. Darle...
2025-12-06 17:50:28,051 - INFO -   Case already exists: RESTRUCTURED_DB/2014/apr/199439.json
2025-12-06 17:50:28,551 - INFO - 
[413/2500] Processing G.R. No. 199442
2025-12-06 17:50:28,551 - INFO -   Title: People of the Philippines vs. Francisco Abaigar...
2025-12-06 17:50:28,757 - INFO -   Case already exists: RESTRUCTURED_DB/2014/apr/199442.json
2025-12-06 17:50:29,257 - INFO - 
[414/2500] Processing G.R. No. 199448
2025-12-06 17:50:29,257 - INFO -   Title: Rolando S. Abadilla, Jr. vs. Sps. Bonifacio P. Obrero and Be...
2025-12-06 17:50:29,641 - INFO -   Case already exists: RESTRUCTURED_DB/2014/nov/199448.json
2025-12-06 17:50:30,141 - INFO - 
[415/2500] Processing G.R. No. 199549
2025-12-06 17:50:30,141 - INFO -   Title: Civil Service Commission and Department of Science and Techn...
2025-12-06 17:50:30,356 - INFO -   Case already exists: RESTRUCTURED_DB/2014/apr/199549.json
2025-12-06 17:50:30,856 - INFO - 
[416/2500] Processing G.R. No. 199595
2025-12-06 17:50:30,856 - INFO -   Title: Philippine Woman's Christian Temperance Union, Inc. vs. Teod...
2025-12-06 17:50:31,241 - INFO -   Case already exists: RESTRUCTURED_DB/2014/apr/199595.json
2025-12-06 17:50:31,741 - INFO - 
[417/2500] Processing G.R. No. 199687
2025-12-06 17:50:31,741 - INFO -   Title: Pacific Rehouse Corporation vs Court of Appeals and Export a...
2025-12-06 17:50:32,128 - INFO -   Case already exists: RESTRUCTURED_DB/2014/mar/199687.json
2025-12-06 17:50:32,628 - INFO - 
[418/2500] Processing G.R. No. 199689
2025-12-06 17:50:32,628 - INFO -   Title: People of the Philippines vs Hermanos Constantino, Jr. y Bin...
2025-12-06 17:50:32,836 - INFO -   Case already exists: RESTRUCTURED_DB/2014/mar/199689.json
2025-12-06 17:50:33,336 - INFO - 
[419/2500] Processing G.R. No. 199740
2025-12-06 17:50:33,336 - INFO -   Title: People of the Philippines vs Jerry Obogne...
2025-12-06 17:50:33,544 - INFO -   Case already exists: RESTRUCTURED_DB/2014/mar/199740.json
2025-12-06 17:50:34,044 - INFO - 
[420/2500] Processing G.R. No. 199780
2025-12-06 17:50:34,044 - INFO -   Title: Government Service Insurance Corporation vs. Jose M. Capacit...
2025-12-06 17:50:34,427 - INFO -   Case already exists: RESTRUCTURED_DB/2014/sep/199780.json
2025-12-06 17:50:34,927 - INFO - 
[421/2500] Processing G.R. No. 199852
2025-12-06 17:50:34,927 - INFO -   Title: Sps. Felipe Solitarios and Julia Torda vs. Sps. Gaston Jaque...
2025-12-06 17:50:35,312 - INFO -   Case already exists: RESTRUCTURED_DB/2014/nov/199852.json
2025-12-06 17:50:35,812 - INFO - 
[422/2500] Processing G.R. No. 199871
2025-12-06 17:50:35,812 - INFO -   Title: People of the Philippines vs. Wilfredo Solano, Jr. y Gecita...
2025-12-06 17:50:36,019 - INFO -   Case already exists: RESTRUCTURED_DB/2014/jun/199871.json
2025-12-06 17:50:36,519 - INFO - 
[423/2500] Processing G.R. No. 199874
2025-12-06 17:50:36,519 - INFO -   Title: People of the Philippines vs. Peter Fang y Gamboa a.k.a. "Fr...
2025-12-06 17:50:36,902 - INFO -   Case already exists: RESTRUCTURED_DB/2014/jul/199874.json
2025-12-06 17:50:37,403 - INFO - 
[424/2500] Processing G.R. No. 199886
2025-12-06 17:50:37,403 - INFO -   Title: Cagayan II Electric Cooperative, Inc. represented by its Gen...
2025-12-06 17:50:37,786 - INFO -   Case already exists: RESTRUCTURED_DB/2014/dec/199886.json
2025-12-06 17:50:38,287 - INFO - 
[425/2500] Processing G.R. No. 199898
2025-12-06 17:50:38,287 - INFO -   Title: People of the Philippines vs. Leo Dela Trinidad y Oballes...
2025-12-06 17:50:38,671 - INFO -   Case already exists: RESTRUCTURED_DB/2014/sep/199898.json
2025-12-06 17:50:39,171 - INFO - 
[426/2500] Processing G.R. No. 200065
2025-12-06 17:50:39,171 - INFO -   Title: Capital Shoes Factory, Ltd. vs. Traveler Kids, Inc....
2025-12-06 17:50:39,567 - INFO -   Case already exists: RESTRUCTURED_DB/2014/sep/200065.json
2025-12-06 17:50:40,068 - INFO - 
[427/2500] Processing G.R. No. 200077
2025-12-06 17:50:40,068 - INFO -   Title: People of the Philippines vs. Adel Ramos y Abellana...
2025-12-06 17:50:40,630 - INFO -   Case already exists: RESTRUCTURED_DB/2014/sep/200077.json
2025-12-06 17:50:41,130 - INFO - 
[428/2500] Processing G.R. No. 200103
2025-12-06 17:50:41,130 - INFO -   Title: Civil Service Commission vs. Maricelle M. Cortes...
2025-12-06 17:50:41,336 - INFO -   Case already exists: RESTRUCTURED_DB/2014/apr/200103.json
2025-12-06 17:50:41,836 - INFO - 
[429/2500] Processing G.R. No. 200148
2025-12-06 17:50:41,836 - INFO -   Title: Ramon A. Syhunliong vs. Teresita D. Rivera...
2025-12-06 17:50:42,398 - INFO -   Case already exists: RESTRUCTURED_DB/2014/jun/200148.json
2025-12-06 17:50:42,898 - INFO - 
[430/2500] Processing G.R. No. 200191
2025-12-06 17:50:42,898 - INFO -   Title: Lourdes C. Fernandez vs. Norma Villegas and any person actin...
2025-12-06 17:50:43,283 - INFO -   Case already exists: RESTRUCTURED_DB/2014/aug/200191.json
2025-12-06 17:50:43,783 - INFO - 
[431/2500] Processing G.R. No. 200250
2025-12-06 17:50:43,783 - INFO -   Title: UPSI Property Holdings, Inc. vs. Diesel Construction Co., In...
2025-12-06 17:50:44,168 - INFO -   Case already exists: RESTRUCTURED_DB/2014/aug/200250.json
2025-12-06 17:50:44,668 - INFO - 
[432/2500] Processing G.R. No. 200304
2025-12-06 17:50:44,668 - INFO -   Title: People of the Philippines vs. Donald Vasquez y Sandigan...
2025-12-06 17:50:45,231 - INFO -   Case already exists: RESTRUCTURED_DB/2014/jan/200304.json
2025-12-06 17:50:45,731 - INFO - 
[433/2500] Processing G.R. No. 200334
2025-12-06 17:50:45,731 - INFO -   Title: The People of the Philippines vs. Victor Cogaed y Romana...
2025-12-06 17:50:46,295 - INFO -   Case already exists: RESTRUCTURED_DB/2014/jul/200334.json
2025-12-06 17:50:46,795 - INFO - 
[434/2500] Processing G.R. No. 200358
2025-12-06 17:50:46,796 - INFO -   Title: People of the Philippines vs. Gerry Yable y Usman...
2025-12-06 17:50:47,179 - INFO -   Case already exists: RESTRUCTURED_DB/2014/apr/200358.json
2025-12-06 17:50:47,679 - INFO - 
[435/2500] Processing G.R. No. 200454
2025-12-06 17:50:47,679 - INFO -   Title: Holy Trinity Realty and Development Corporation vs. Victorio...
2025-12-06 17:50:48,421 - INFO -   Case already exists: RESTRUCTURED_DB/2014/oct/200454.json
2025-12-06 17:50:48,921 - INFO - 
[436/2500] Processing G.R. No. 200468
2025-12-06 17:50:48,921 - INFO -   Title: Macaria Arguelles and the Heirs of the Deceased Petronio Arg...
2025-12-06 17:50:49,305 - INFO -   Case already exists: RESTRUCTURED_DB/2014/mar/200468.json
2025-12-06 17:50:49,805 - INFO - 
[437/2500] Processing G.R. No. 200491
2025-12-06 17:50:49,805 - INFO -   Title: Kasamaka-Canlubang, Inc. represented by Pablito M. Egildo vs...
2025-12-06 17:50:50,189 - INFO -   Case already exists: RESTRUCTURED_DB/2014/jun/200491.json
2025-12-06 17:50:50,689 - INFO - 
[438/2500] Processing G.R. No. 200538
2025-12-06 17:50:50,689 - INFO -   Title: City of Davao vs. Court of Appeals and Benjamin C. De Guzman...
2025-12-06 17:50:51,073 - INFO -   Case already exists: RESTRUCTURED_DB/2014/aug/200538.json
2025-12-06 17:50:51,573 - INFO - 
[439/2500] Processing G.R. No. 200566
2025-12-06 17:50:51,573 - INFO -   Title: Jebsen Maritime Inc., et al. vs. Wilfredo E. Ravena...
2025-12-06 17:50:52,135 - INFO -   Case already exists: RESTRUCTURED_DB/2014/sep/200566.json
2025-12-06 17:50:52,635 - INFO - 
[440/2500] Processing G.R. No. 200575
2025-12-06 17:50:52,635 - INFO -   Title: Intel Technology Philippines, Inc. vs. National Labor Relati...
2025-12-06 17:50:53,020 - INFO -   Case already exists: RESTRUCTURED_DB/2014/feb/200575.json
2025-12-06 17:50:53,520 - INFO - 
[441/2500] Processing G.R. No. 200598
2025-12-06 17:50:53,520 - INFO -   Title: People of the Philippines vs. Dennis E. Tancinco...
2025-12-06 17:50:53,903 - INFO -   Case already exists: RESTRUCTURED_DB/2014/jun/200598.json
2025-12-06 17:50:54,404 - INFO - 
[442/2500] Processing G.R. No. 200645
2025-12-06 17:50:54,404 - INFO -   Title: People of the Philippines vs. Wendel Ocodl y Mendova...
2025-12-06 17:50:54,787 - INFO -   Case already exists: RESTRUCTURED_DB/2014/aug/200645.json
2025-12-06 17:50:55,287 - INFO - 
[443/2500] Processing G.R. No. 200729
2025-12-06 17:50:55,287 - INFO -   Title: Temic Automotive (Phils), Inc. vs. Renato...
2025-12-06 17:50:55,672 - INFO -   Case already exists: RESTRUCTURED_DB/2014/sep/200729.json
2025-12-06 17:50:56,173 - INFO - 
[444/2500] Processing G.R. No. 200746
2025-12-06 17:50:56,173 - INFO -   Title: Benson Industries Employees Union-ALU-TUCP and/or Vilma Geno...
2025-12-06 17:50:56,556 - INFO -   Case already exists: RESTRUCTURED_DB/2014/aug/200746.json
2025-12-06 17:50:57,056 - INFO - 
[445/2500] Processing G.R. No. 200748
2025-12-06 17:50:57,057 - INFO -   Title: Jaime Dela Cruz vs. People of the Philippines...
2025-12-06 17:50:57,440 - INFO -   Case already exists: RESTRUCTURED_DB/2014/jul/200748.json
2025-12-06 17:50:57,940 - INFO - 
[446/2500] Processing G.R. No. 200804
2025-12-06 17:50:57,940 - INFO -   Title: A.L. Ang Network, Inc. vs. Emma Mondejar, accompanied by her...
2025-12-06 17:50:58,323 - INFO -   Case already exists: RESTRUCTURED_DB/2014/jan/200804.json
2025-12-06 17:50:58,823 - INFO - 
[447/2500] Processing G.R. No. 200857
2025-12-06 17:50:58,823 - INFO -   Title: FVR Skills and Services Exponents, Inc. (SKILLEX), Fulgencio...
2025-12-06 17:50:59,208 - INFO -   Case already exists: RESTRUCTURED_DB/2014/oct/200857.json
2025-12-06 17:50:59,708 - INFO - 
[448/2500] Processing G.R. No. 200877
2025-12-06 17:50:59,708 - INFO -   Title: People of the Philippines vs. Charve John Lagahit...
2025-12-06 17:51:00,092 - INFO -   Case already exists: RESTRUCTURED_DB/2014/nov/200877.json
2025-12-06 17:51:00,592 - INFO - 
[449/2500] Processing G.R. No. 200884
2025-12-06 17:51:00,592 - INFO -   Title: The People of the Philippines vs. Mildred Salvatierra y Matu...
2025-12-06 17:51:00,976 - INFO -   Case already exists: RESTRUCTURED_DB/2014/jun/200884.json
2025-12-06 17:51:01,477 - INFO - 
[450/2500] Processing G.R. No. 200894
2025-12-06 17:51:01,477 - INFO -   Title: Luzviminda Apran Canlas vs. Republic of the Philippines...
2025-12-06 17:51:02,039 - INFO -   Case already exists: RESTRUCTURED_DB/2014/nov/200894.json
2025-12-06 17:51:02,539 - INFO - 
[451/2500] Processing G.R. No. 200903
2025-12-06 17:51:02,540 - INFO -   Title: Kalipunan ng Damayang Mahihirap, Inc. etc., et al. vs. Jessi...
2025-12-06 17:51:02,924 - INFO -   Case already exists: RESTRUCTURED_DB/2014/jul/200903.json
2025-12-06 17:51:03,424 - INFO - 
[452/2500] Processing G.R. No. 200915
2025-12-06 17:51:03,424 - INFO -   Title: People of the Philippines vs. Merlita Palomares y Costuna...
2025-12-06 17:51:03,631 - INFO -   Case already exists: RESTRUCTURED_DB/2014/feb/200915.json
2025-12-06 17:51:04,131 - INFO - 
[453/2500] Processing G.R. No. 200987
2025-12-06 17:51:04,131 - INFO -   Title: People of the Philippines vs. Ronaldo Bayan y Neri...
2025-12-06 17:51:04,514 - INFO -   Case already exists: RESTRUCTURED_DB/2014/aug/200987.json
2025-12-06 17:51:05,014 - INFO - 
[454/2500] Processing G.R. No. 201001
2025-12-06 17:51:05,015 - INFO -   Title: MCMP Construction Corp., vs. Monark Equipment Corp....
2025-12-06 17:51:05,398 - INFO -   Case already exists: RESTRUCTURED_DB/2014/nov/201001.json
2025-12-06 17:51:05,898 - INFO - 
[455/2500] Processing G.R. No. 201011
2025-12-06 17:51:05,898 - INFO -   Title: Theresita, Juan, Asuncion, Patrocinia, Ricardo, and Gloria, ...
2025-12-06 17:51:06,284 - INFO -   Case already exists: RESTRUCTURED_DB/2014/jan/201011.json
2025-12-06 17:51:06,784 - INFO - 
[456/2500] Processing G.R. No. 201043
2025-12-06 17:51:06,784 - INFO -   Title: Republic of the Philippines, represented by the Armed Forces...
2025-12-06 17:51:07,169 - INFO -   Case already exists: RESTRUCTURED_DB/2014/jun/201043.json
2025-12-06 17:51:07,669 - INFO - 
[457/2500] Processing G.R. No. 201072
2025-12-06 17:51:07,669 - INFO -   Title: United Philippine Lines, Inc. and Holland America Line vs. G...
2025-12-06 17:51:07,877 - INFO -   Case already exists: RESTRUCTURED_DB/2014/apr/201072.json
2025-12-06 17:51:08,377 - INFO - 
[458/2500] Processing G.R. No. 201111
2025-12-06 17:51:08,377 - INFO -   Title: People of the Philippines vs. Alfredo Cerdon y Sanchez...
2025-12-06 17:51:08,761 - INFO -   Case already exists: RESTRUCTURED_DB/2014/aug/201111.json
2025-12-06 17:51:09,261 - INFO - 
[459/2500] Processing G.R. No. 201156
2025-12-06 17:51:09,261 - INFO -   Title: People of the Philippines vs. Joselito Morate y Tarnate...
2025-12-06 17:51:09,646 - INFO -   Case already exists: RESTRUCTURED_DB/2014/jan/201156.json
2025-12-06 17:51:10,146 - INFO - 
[460/2500] Processing G.R. No. 201195
2025-12-06 17:51:10,146 - INFO -   Title: Taganito Mining Corporation vs. Commissioner of Internal Rev...
2025-12-06 17:51:10,530 - INFO -   Case already exists: RESTRUCTURED_DB/2014/nov/201195.json
2025-12-06 17:51:11,030 - INFO - 
[461/2500] Processing G.R. No. 201234
2025-12-06 17:51:11,030 - INFO -   Title: Heirs of Amada A. Zaulda, namely: Eleseo A. Zaulda and Rodol...
2025-12-06 17:51:11,414 - INFO -   Case already exists: RESTRUCTURED_DB/2014/mar/201234.json
2025-12-06 17:51:11,914 - INFO - 
[462/2500] Processing G.R. No. 201237
2025-12-06 17:51:11,914 - INFO -   Title: Philippine Touristers, Inc. and/or Alejandro R. Yague, Jr. v...
2025-12-06 17:51:12,299 - INFO -   Case already exists: RESTRUCTURED_DB/2014/sep/201237.json
2025-12-06 17:51:12,799 - INFO - 
[463/2500] Processing G.R. No. 201284
2025-12-06 17:51:12,799 - INFO -   Title: Luvimin Cebu Minig Corp. and Luvimin Port Services Company, ...
2025-12-06 17:51:13,183 - INFO -   Case already exists: RESTRUCTURED_DB/2014/nov/201284.json
2025-12-06 17:51:13,683 - INFO - 
[464/2500] Processing G.R. No. 201286
2025-12-06 17:51:13,683 - INFO -   Title: Inocencia Tagalog vs. Maria Lim Vda. De Gonzalez, et al....
2025-12-06 17:51:13,890 - INFO -   Case already exists: RESTRUCTURED_DB/2014/jul/201286.json
2025-12-06 17:51:14,390 - INFO - 
[465/2500] Processing G.R. No. 201298
2025-12-06 17:51:14,390 - INFO -   Title: Raul C. Cosare vs. Broadcom Asia, Inc., et al....
2025-12-06 17:51:14,777 - INFO -   Case already exists: RESTRUCTURED_DB/2014/feb/201298.json
2025-12-06 17:51:15,277 - INFO - 
[466/2500] Processing G.R. No. 201414
2025-12-06 17:51:15,278 - INFO -   Title: Pedro Perez vs. People of the Philippines...
2025-12-06 17:51:16,093 - WARNING -   ✗ Could not fetch case from any URL
2025-12-06 17:51:16,093 - INFO - 
[467/2500] Processing G.R. No. 201483
2025-12-06 17:51:16,093 - INFO -   Title: Conrado A. Lim vs. HMR Philippines, Inc., et al....
2025-12-06 17:51:16,479 - INFO -   Case already exists: RESTRUCTURED_DB/2014/aug/201483.json
2025-12-06 17:51:16,979 - INFO - 
[468/2500] Processing G.R. No. 201565
2025-12-06 17:51:16,980 - INFO -   Title: People of the Philippines vs. Ex-Mayor Carlos Estonilo, Sr.,...
2025-12-06 17:51:17,365 - INFO -   Case already exists: RESTRUCTURED_DB/2014/oct/201565.json
2025-12-06 17:51:17,865 - INFO - 
[469/2500] Processing G.R. No. 201572
2025-12-06 17:51:17,865 - INFO -   Title: People of the Philippines vs. Rael Delfin...
2025-12-06 17:51:18,072 - INFO -   Case already exists: RESTRUCTURED_DB/2014/jul/201572.json
2025-12-06 17:51:18,573 - INFO - 
[470/2500] Processing G.R. No. 201601
2025-12-06 17:51:18,573 - INFO -   Title: Marylou Cabrera vs Felix Ng...
2025-12-06 17:51:18,780 - INFO -   Case already exists: RESTRUCTURED_DB/2014/mar/201601.json
2025-12-06 17:51:19,280 - INFO - 
[471/2500] Processing G.R. No. 201643
2025-12-06 17:51:19,280 - INFO -   Title: Office of the Ombudsman vs Jose T. Capulong...
2025-12-06 17:51:19,664 - INFO -   Case already exists: RESTRUCTURED_DB/2014/mar/201643.json
2025-12-06 17:51:20,164 - INFO - 
[472/2500] Processing G.R. No. 201644
2025-12-06 17:51:20,164 - INFO -   Title: People of the Philippines vs. Jose C. Go and Aida C. Dela Ro...
2025-12-06 17:51:20,371 - INFO -   Case already exists: RESTRUCTURED_DB/2014/sep/201644.json
2025-12-06 17:51:20,871 - INFO - 
[473/2500] Processing G.R. No. 201663
2025-12-06 17:51:20,871 - INFO -   Title: Emmanuel M. Olores vs Manila Doctors College and/or Teresita...
2025-12-06 17:51:21,255 - INFO -   Case already exists: RESTRUCTURED_DB/2014/mar/201663.json
2025-12-06 17:51:21,755 - INFO - 
[474/2500] Processing G.R. No. 201725
2025-12-06 17:51:21,755 - INFO -   Title: People of the Philippines vs. Joy Alcala y Novilla...
2025-12-06 17:51:22,139 - INFO -   Case already exists: RESTRUCTURED_DB/2014/jul/201725.json
2025-12-06 17:51:22,639 - INFO - 
[475/2500] Processing G.R. No. 201732
2025-12-06 17:51:22,639 - INFO -   Title: People of the Philippines vs Jesus Burce...
2025-12-06 17:51:23,416 - INFO -   Case already exists: RESTRUCTURED_DB/2014/mar/201732.json
2025-12-06 17:51:23,917 - INFO - 
[476/2500] Processing G.R. No. 201781
2025-12-06 17:51:23,917 - INFO -   Title: Annie Geronimo, Susan Geronimo and Silverland Alliance Chris...
2025-12-06 17:51:24,309 - INFO -   Case already exists: RESTRUCTURED_DB/2014/dec/201781.json
2025-12-06 17:51:24,809 - INFO - 
[477/2500] Processing G.R. No. 201860
2025-12-06 17:51:24,809 - INFO -   Title: People of the Philippines vs. Marcelino Dadao, Antonio Sulin...
2025-12-06 17:51:25,202 - INFO -   Case already exists: RESTRUCTURED_DB/2014/jan/201860.json
2025-12-06 17:51:25,702 - INFO - 
[478/2500] Processing G.R. No. 202066
2025-12-06 17:51:25,702 - INFO -   Title: CNK Power Company Limited vs. Commissioner of Internal Reven...
2025-12-06 17:51:26,097 - INFO -   Case already exists: RESTRUCTURED_DB/2014/sep/202066.json
2025-12-06 17:51:26,597 - INFO - 
[479/2500] Processing G.R. No. 202071
2025-12-06 17:51:26,597 - INFO -   Title: Procted and Gamble Asia Pte Ltd. vs. Commissioner of Interna...
2025-12-06 17:51:26,807 - INFO -   Case already exists: RESTRUCTURED_DB/2014/feb/202071.json
2025-12-06 17:51:27,308 - INFO - 
[480/2500] Processing G.R. No. 202122
2025-12-06 17:51:27,308 - INFO -   Title: People of the Philippines vs. Bernabe Pareja y Cruz...
2025-12-06 17:51:27,702 - INFO -   Case already exists: RESTRUCTURED_DB/2014/jan/202122.json
2025-12-06 17:51:28,202 - INFO - 
[481/2500] Processing G.R. No. 202303
2025-12-06 17:51:28,202 - INFO -   Title: Gerardo R. Villaseñor and Rodel A. Mesa vs. Ombudsman and Ho...
2025-12-06 17:51:28,414 - INFO -   Case already exists: RESTRUCTURED_DB/2014/jun/202303.json
2025-12-06 17:51:28,914 - INFO - 
[482/2500] Processing G.R. No. 202354
2025-12-06 17:51:28,914 - INFO -   Title: Amanda C. Zacarias vs. Victoria Anacay, Edna Anacay, et al....
2025-12-06 17:51:29,307 - INFO -   Case already exists: RESTRUCTURED_DB/2014/sep/202354.json
2025-12-06 17:51:29,807 - INFO - 
[483/2500] Processing G.R. No. 202414
2025-12-06 17:51:29,807 - INFO -   Title: Josephine Wee vs. Felicidad Mardo...
2025-12-06 17:51:30,199 - INFO -   Case already exists: RESTRUCTURED_DB/2014/jun/202414.json
2025-12-06 17:51:30,699 - INFO - 
[484/2500] Processing G.R. No. 202666
2025-12-06 17:51:30,699 - INFO -   Title: Rhonda Ave S. Vivares and Sps. Margarita and David Suzara vs...
2025-12-06 17:51:31,095 - INFO -   Case already exists: RESTRUCTURED_DB/2014/sep/202666.json
2025-12-06 17:51:31,595 - INFO - 
[485/2500] Processing G.R. No. 202692
2025-12-06 17:51:31,595 - INFO -   Title: Edmund Sydeco y Sionzon vs. People of the Philippines...
2025-12-06 17:51:31,807 - INFO -   Case already exists: RESTRUCTURED_DB/2014/nov/202692.json
2025-12-06 17:51:32,307 - INFO - 
[486/2500] Processing G.R. No. 202701
2025-12-06 17:51:32,307 - INFO -   Title: People of the Philippines vs. Edilberto Balibay y Labis and ...
2025-12-06 17:51:32,519 - INFO -   Case already exists: RESTRUCTURED_DB/2014/sep/202701.json
2025-12-06 17:51:33,019 - INFO - 
[487/2500] Processing G.R. No. 202704
2025-12-06 17:51:33,020 - INFO -   Title: People of the Philippines vs. Joel Abat y Cometa...
2025-12-06 17:51:33,412 - INFO -   Case already exists: RESTRUCTURED_DB/2014/apr/202704.json
2025-12-06 17:51:33,912 - INFO - 
[488/2500] Processing G.R. No. 202733
2025-12-06 17:51:33,912 - INFO -   Title: Development Bank of the Philippines vs. Commission on Audit,...
2025-12-06 17:51:34,307 - INFO -   Case already exists: RESTRUCTURED_DB/2014/sep/202733.json
2025-12-06 17:51:34,807 - INFO - 
[489/2500] Processing G.R. No. 202733
2025-12-06 17:51:34,807 - INFO -   Title: Development Bank of the Phil. vs. Commission on Audit, et al...
2025-12-06 17:51:35,199 - INFO -   Case already exists: RESTRUCTURED_DB/2014/sep/202733.json
2025-12-06 17:51:35,699 - INFO - 
[490/2500] Processing G.R. No. 202809
2025-12-06 17:51:35,699 - INFO -   Title: Dennis L. Go vs. Republic of the Philippines...
2025-12-06 17:51:36,091 - INFO -   Case already exists: RESTRUCTURED_DB/2014/jul/202809.json
2025-12-06 17:51:36,591 - INFO - 
[491/2500] Processing G.R. No. 202838
2025-12-06 17:51:36,591 - INFO -   Title: People of the Philippines vs. Julito Gerandoy...
2025-12-06 17:51:36,985 - INFO -   Case already exists: RESTRUCTURED_DB/2014/sep/202838.json
2025-12-06 17:51:37,486 - INFO - 
[492/2500] Processing G.R. No. 202976
2025-12-06 17:51:37,486 - INFO -   Title: People of the Philippines vs. Mervin Gahi...
2025-12-06 17:51:37,879 - INFO -   Case already exists: RESTRUCTURED_DB/2014/aug/202976.json
2025-12-06 17:51:38,380 - INFO - 
[493/2500] Processing G.R. No. 202996
2025-12-06 17:51:38,380 - INFO -   Title: Marlo A. Deoferio vs. Intel Technology Philippines, Inc., et...
2025-12-06 17:51:38,600 - INFO -   Case already exists: RESTRUCTURED_DB/2014/jun/202996.json
2025-12-06 17:51:39,100 - INFO - 
[494/2500] Processing G.R. No. 203022
2025-12-06 17:51:39,100 - INFO -   Title: Antonio Martinez vs. Hon. Ronaldo B. Martin, Presiding Judge...
2025-12-06 17:51:39,311 - INFO -   Case already exists: RESTRUCTURED_DB/2014/dec/203022.json
2025-12-06 17:51:39,811 - INFO - 
[495/2500] Processing G.R. No. 203028
2025-12-06 17:51:39,812 - INFO -   Title: People of the Philippines vs. Joselito Beran y Zapanta...
2025-12-06 17:51:40,389 - INFO -   Case already exists: RESTRUCTURED_DB/2014/jan/203028.json
2025-12-06 17:51:40,889 - INFO - 
[496/2500] Processing G.R. No. 203048
2025-12-06 17:51:40,889 - INFO -   Title: People of the Philippines vs. Rusty Bala...
2025-12-06 17:51:41,101 - INFO -   Case already exists: RESTRUCTURED_DB/2014/aug/203048.json
2025-12-06 17:51:41,602 - INFO - 
[497/2500] Processing G.R. No. 203080
2025-12-06 17:51:41,602 - INFO -   Title: Dr. Idol L. Bondoc vs. Marilou R. Mantala...
2025-12-06 17:51:41,995 - INFO -   Case already exists: RESTRUCTURED_DB/2014/nov/203080.json
2025-12-06 17:51:42,495 - INFO - 
[498/2500] Processing G.R. No. 203086
2025-12-06 17:51:42,495 - INFO -   Title: People of the Philippines vs. Jose Dalan y Paldingan...
2025-12-06 17:51:42,705 - INFO -   Case already exists: RESTRUCTURED_DB/2014/jun/203086.json
2025-12-06 17:51:43,205 - INFO - 
[499/2500] Processing G.R. No. 203254
2025-12-06 17:51:43,205 - INFO -   Title: Dr. Joy Margate Lee vs. Pssupt. Neri A. Ilagan...
2025-12-06 17:51:43,417 - INFO -   Case already exists: RESTRUCTURED_DB/2014/oct/203254.json
2025-12-06 17:51:43,917 - INFO - 
[500/2500] Processing G.R. No. 203288
2025-12-06 17:51:43,917 - INFO -   Title: Remedios M. Mauleon vs. Lolina Moran Porter rep. by Ervin C....
2025-12-06 17:51:44,309 - INFO -   Case already exists: RESTRUCTURED_DB/2014/jul/203288.json
2025-12-06 17:51:44,809 - INFO - 
[501/2500] Processing G.R. No. 203332
2025-12-06 17:51:44,809 - INFO -   Title: Florencio Libongcogon, et al. vs. Phimco Industries, Inc....
2025-12-06 17:51:45,202 - INFO -   Case already exists: RESTRUCTURED_DB/2014/jun/203332.json
2025-12-06 17:51:45,702 - INFO - 
[502/2500] Processing G.R. No. 203335
2025-12-06 17:51:45,702 - INFO -   Title: Jose Jesus M. Disini, Jr., et al., vs. the Secretary of Just...
2025-12-06 17:51:46,095 - INFO -   Case already exists: RESTRUCTURED_DB/2014/apr/203335.json
2025-12-06 17:51:46,595 - INFO - 
[503/2500] Processing G.R. No. 203335
2025-12-06 17:51:46,595 - INFO -   Title: Jose Jesus M. Disini, Jr., et al. vs. the Secretary of Justi...
2025-12-06 17:51:47,176 - INFO -   Case already exists: RESTRUCTURED_DB/2014/feb/203335.json
2025-12-06 17:51:47,676 - INFO - 
[504/2500] Processing G.R. No. 203434
2025-12-06 17:51:47,676 - INFO -   Title: People of the Philippines vs. Marcelino Viterbo y Realubit a...
2025-12-06 17:51:47,889 - INFO -   Case already exists: RESTRUCTURED_DB/2014/jul/203434.json
2025-12-06 17:51:48,389 - INFO - 
[505/2500] Processing G.R. No. 203472
2025-12-06 17:51:48,389 - INFO -   Title: Magsaysay Maritime Corporation, et al. vs. Henry M. Simbajon...
2025-12-06 17:51:48,783 - INFO -   Case already exists: RESTRUCTURED_DB/2014/jul/203472.json
2025-12-06 17:51:49,284 - INFO - 
[506/2500] Processing G.R. No. 203560
2025-12-06 17:51:49,284 - INFO -   Title: Republic of the Philippines vs. Apostolita San Mateo, Brigid...
2025-12-06 17:51:49,495 - INFO -   Case already exists: RESTRUCTURED_DB/2014/nov/203560.json
2025-12-06 17:51:49,995 - INFO - 
[507/2500] Processing G.R. No. 203583
2025-12-06 17:51:49,995 - INFO -   Title: Leonora Rimando vs. Spouses Winston and Elenita Aldaba, and ...
2025-12-06 17:51:50,206 - INFO -   Case already exists: RESTRUCTURED_DB/2014/oct/203583.json
2025-12-06 17:51:50,707 - INFO - 
[508/2500] Processing G.R. No. 203605
2025-12-06 17:51:50,707 - INFO -   Title: P/C Insp. Lawrence B. Cajipe, et al. vs. People of the Phili...
2025-12-06 17:51:51,098 - INFO -   Case already exists: RESTRUCTURED_DB/2014/apr/203605.json
2025-12-06 17:51:51,598 - INFO - 
[509/2500] Processing G.R. No. 203655
2025-12-06 17:51:51,598 - INFO -   Title: SM Land, Inc. vs. Bases Conversion Development Authority and...
2025-12-06 17:51:52,175 - INFO -   Case already exists: RESTRUCTURED_DB/2014/aug/203655.json
2025-12-06 17:51:52,675 - INFO - 
[510/2500] Processing G.R. No. 203696
2025-12-06 17:51:52,675 - INFO -   Title: Jesse Philip B. Eijansantos vs. Special Presidential Task Fo...
2025-12-06 17:51:52,886 - INFO -   Case already exists: RESTRUCTURED_DB/2014/jun/203696.json
2025-12-06 17:51:53,387 - INFO - 
[511/2500] Processing G.R. No. 203760
2025-12-06 17:51:53,387 - INFO -   Title: Homer C. Javier, represented by his mother and natural guard...
2025-12-06 17:51:53,608 - INFO -   Case already exists: RESTRUCTURED_DB/2014/dec/203760.json
2025-12-06 17:51:54,108 - INFO - 
[512/2500] Processing G.R. No. 203775
2025-12-06 17:51:54,108 - INFO -   Title: Association of Flood Victims, et al. vs. Commission on Elect...
2025-12-06 17:51:54,320 - INFO -   Case already exists: RESTRUCTURED_DB/2014/aug/203775.json
2025-12-06 17:51:54,820 - INFO - 
[513/2500] Processing G.R. No. 203834
2025-12-06 17:51:54,820 - INFO -   Title: Heirs of Diosdado M. Mendoza, namely: Licinia V. Mendoza, et...
2025-12-06 17:51:55,213 - INFO -   Case already exists: RESTRUCTURED_DB/2014/jul/203834.json
2025-12-06 17:51:55,713 - INFO - 
[514/2500] Processing G.R. No. 203947
2025-12-06 17:51:55,713 - INFO -   Title: Rufa A. Rubio, et al. vs. Lourdes Alabata...
2025-12-06 17:51:55,924 - INFO -   Case already exists: RESTRUCTURED_DB/2014/feb/203947.json
2025-12-06 17:51:56,424 - INFO - 
[515/2500] Processing G.R. No. 203957
2025-12-06 17:51:56,424 - INFO -   Title: University of Santo Tomas Faculty Union vs. University of Sa...
2025-12-06 17:51:57,002 - INFO -   Case already exists: RESTRUCTURED_DB/2014/jul/203957.json
2025-12-06 17:51:57,502 - INFO - 
[516/2500] Processing G.R. No. 203974
2025-12-06 17:51:57,502 - INFO -   Title: Aurelio M. Umali vs. Commission on Elections, Julius Cesar v...
2025-12-06 17:51:57,896 - INFO -   Case already exists: RESTRUCTURED_DB/2014/apr/203974.json
2025-12-06 17:51:58,396 - INFO - 
[517/2500] Processing G.R. No. 203984
2025-12-06 17:51:58,396 - INFO -   Title: People of the Philippines vs. Medario Calatiao y Dimalanta...
2025-12-06 17:51:58,607 - INFO -   Case already exists: RESTRUCTURED_DB/2014/jun/203984.json
2025-12-06 17:51:59,107 - INFO - 
[518/2500] Processing G.R. No. 204025
2025-12-06 17:51:59,108 - INFO -   Title: Maria Lina S. Velayo vs. Poeple of the Philippines...
2025-12-06 17:51:59,500 - INFO -   Case already exists: RESTRUCTURED_DB/2014/nov/204025.json
2025-12-06 17:52:00,001 - INFO - 
[519/2500] Processing G.R. No. 204029
2025-12-06 17:52:00,001 - INFO -   Title: Avelina Abarientos Rebusquillo (substituted by her heirs, ex...
2025-12-06 17:52:00,213 - INFO -   Case already exists: RESTRUCTURED_DB/2014/jun/204029.json
2025-12-06 17:52:00,713 - INFO - 
[520/2500] Processing G.R. No. 204101
2025-12-06 17:52:00,713 - INFO -   Title: The Late Alberto B. Javier, as substituted by his surviving ...
2025-12-06 17:52:01,111 - INFO -   Case already exists: RESTRUCTURED_DB/2014/jul/204101.json
2025-12-06 17:52:01,612 - INFO - 
[521/2500] Processing G.R. No. 204142
2025-12-06 17:52:01,612 - INFO -   Title: Honda Cars Philippines, Inc. vs. Honda Cars Technical Specia...
2025-12-06 17:52:01,823 - INFO -   Case already exists: RESTRUCTURED_DB/2014/nov/204142.json
2025-12-06 17:52:02,323 - INFO - 
[522/2500] Processing G.R. No. 204160
2025-12-06 17:52:02,323 - INFO -   Title: Spouses Michelle M. Noynay and Noel S. Noynay vs. Cityhomes ...
2025-12-06 17:52:02,716 - INFO -   Case already exists: RESTRUCTURED_DB/2014/sep/204160.json
2025-12-06 17:52:03,216 - INFO - 
[523/2500] Processing G.R. No. 204233
2025-12-06 17:52:03,216 - INFO -   Title: Ricardo A. Dalusong vs. Eagle Clarc Shipping Philippines, In...
2025-12-06 17:52:03,609 - INFO -   Case already exists: RESTRUCTURED_DB/2014/sep/204233.json
2025-12-06 17:52:04,109 - INFO - 
[524/2500] Processing G.R. No. 204369
2025-12-06 17:52:04,110 - INFO -   Title: Enriqueta M. Locsin vs. Bernardo Hizon, Carlos Hizon, Sps. J...
2025-12-06 17:52:04,502 - INFO -   Case already exists: RESTRUCTURED_DB/2014/sep/204369.json
2025-12-06 17:52:05,002 - INFO - 
[525/2500] Processing G.R. No. 204406
2025-12-06 17:52:05,002 - INFO -   Title: Macarthur Melicdem and Hermenigildo Flores vs. Marulas Indus...
2025-12-06 17:52:05,214 - INFO -   Case already exists: RESTRUCTURED_DB/2014/feb/204406.json
2025-12-06 17:52:05,714 - INFO - 
[526/2500] Processing G.R. No. 204429
2025-12-06 17:52:05,714 - INFO -   Title: Smart Communications, Inc. vs. Municipality of Malvar, Batan...
2025-12-06 17:52:06,107 - INFO -   Case already exists: RESTRUCTURED_DB/2014/feb/204429.json
2025-12-06 17:52:06,607 - INFO - 
[527/2500] Processing G.R. No. 204589
2025-12-06 17:52:06,607 - INFO -   Title: Rizaldy Sanchez y Cajili vs. People of the Philippines...
2025-12-06 17:52:07,001 - INFO -   Case already exists: RESTRUCTURED_DB/2014/nov/204589.json
2025-12-06 17:52:07,501 - INFO - 
[528/2500] Processing G.R. No. 204626
2025-12-06 17:52:07,501 - INFO -   Title: Paul P. Gabriel, Jr., Ireneo C. Calwag, Thomas L. Tingga-an ...
2025-12-06 17:52:07,713 - INFO -   Case already exists: RESTRUCTURED_DB/2014/jun/204626.json
2025-12-06 17:52:08,213 - INFO - 
[529/2500] Processing G.R. No. 204651
2025-12-06 17:52:08,214 - INFO -   Title: Our Haus Realty Development Corporation vs. Alexander Parian...
2025-12-06 17:52:08,607 - INFO -   Case already exists: RESTRUCTURED_DB/2014/aug/204651.json
2025-12-06 17:52:09,108 - INFO - 
[530/2500] Processing G.R. No. 204699
2025-12-06 17:52:09,108 - INFO -   Title: Bahia Shipping Services, Inc., et al. vs. Joel P. Hipe, Jr....
2025-12-06 17:52:09,320 - INFO -   Case already exists: RESTRUCTURED_DB/2014/nov/204699.json
2025-12-06 17:52:09,821 - INFO - 
[531/2500] Processing G.R. No. 204700
2025-12-06 17:52:09,821 - INFO -   Title: Eagleridge Development Corporation, Marcelo N. Naval and Cri...
2025-12-06 17:52:10,214 - INFO -   Case already exists: RESTRUCTURED_DB/2014/nov/204700.json
2025-12-06 17:52:10,715 - INFO - 
[532/2500] Processing G.R. No. 204729
2025-12-06 17:52:10,715 - INFO -   Title: Lourdes Suites (Crown Hotel Management Corp.) vs. Noemi Bina...
2025-12-06 17:52:10,926 - INFO -   Case already exists: RESTRUCTURED_DB/2014/aug/204729.json
2025-12-06 17:52:11,426 - INFO - 
[533/2500] Processing G.R. No. 204745
2025-12-06 17:52:11,426 - INFO -   Title: Mindanao II Geothermal Partnership vs. Commissioner of Inter...
2025-12-06 17:52:11,820 - INFO -   Case already exists: RESTRUCTURED_DB/2014/dec/204745.json
2025-12-06 17:52:12,320 - INFO - 
[534/2500] Processing G.R. No. 204755
2025-12-06 17:52:12,320 - INFO -   Title: Soledad Tria vs. People of the Philippines...
2025-12-06 17:52:12,713 - INFO -   Case already exists: RESTRUCTURED_DB/2014/sep/204755.json
2025-12-06 17:52:13,213 - INFO - 
[535/2500] Processing G.R. No. 204761
2025-12-06 17:52:13,213 - INFO -   Title: Emeritus Security and Maintenance Systems, Inc. vs. Janrie C...
2025-12-06 17:52:13,425 - INFO -   Case already exists: RESTRUCTURED_DB/2014/apr/204761.json
2025-12-06 17:52:13,925 - INFO - 
[536/2500] Processing G.R. No. 204800
2025-12-06 17:52:13,925 - INFO -   Title: National Transmission Corporation vs. Commission on Audit, A...
2025-12-06 17:52:14,318 - INFO -   Case already exists: RESTRUCTURED_DB/2014/oct/204800.json
2025-12-06 17:52:14,818 - INFO - 
[537/2500] Processing G.R. No. 204869
2025-12-06 17:52:14,818 - INFO -   Title: Technical Education and Skills Development Authority (TESDA)...
2025-12-06 17:52:15,210 - INFO -   Case already exists: RESTRUCTURED_DB/2014/mar/204869.json
2025-12-06 17:52:15,710 - INFO - 
[538/2500] Processing G.R. No. 204894
2025-12-06 17:52:15,710 - INFO -   Title: People of the Philippines vs Noel Enojas y Hingpit, Arnold G...
2025-12-06 17:52:15,928 - INFO -   Case already exists: RESTRUCTURED_DB/2014/mar/204894.json
2025-12-06 17:52:16,428 - INFO - 
[539/2500] Processing G.R. No. 204911
2025-12-06 17:52:16,428 - INFO -   Title: People of the Philippines vs. Mike Steve y Basman and Rashid...
2025-12-06 17:52:16,820 - INFO -   Case already exists: RESTRUCTURED_DB/2014/aug/204911.json
2025-12-06 17:52:17,320 - INFO - 
[540/2500] Processing G.R. No. 204926
2025-12-06 17:52:17,320 - INFO -   Title: Analceto C. Mangaser represented by his Attorney-in-fact Eus...
2025-12-06 17:52:17,712 - INFO -   Case already exists: RESTRUCTURED_DB/2014/dec/204926.json
2025-12-06 17:52:18,213 - INFO - 
[541/2500] Processing G.R. No. 204964
2025-12-06 17:52:18,213 - INFO -   Title: Remigio D. Espiritu and Noel Agustin vs. Lutgarda Torres Del...
2025-12-06 17:52:18,607 - INFO -   Case already exists: RESTRUCTURED_DB/2014/oct/204964.json
2025-12-06 17:52:19,107 - INFO - 
[542/2500] Processing G.R. No. 205015
2025-12-06 17:52:19,107 - INFO -   Title: Ma. Mimie Cresencio vs. People of the Philippines...
2025-12-06 17:52:19,320 - INFO -   Case already exists: RESTRUCTURED_DB/2014/nov/205015.json
2025-12-06 17:52:19,820 - INFO - 
[543/2500] Processing G.R. No. 205055
2025-12-06 17:52:19,820 - INFO -   Title: Commissioner of Internal Revenue vs. Team Sual Corporation, ...
2025-12-06 17:52:20,214 - INFO -   Case already exists: RESTRUCTURED_DB/2014/jul/205055.json
2025-12-06 17:52:20,714 - INFO - 
[544/2500] Processing G.R. No. 205136
2025-12-06 17:52:20,715 - INFO -   Title: Olivia De Silva Cerafica vs. Commission on Elections...
2025-12-06 17:52:20,927 - INFO -   Case already exists: RESTRUCTURED_DB/2014/dec/205136.json
2025-12-06 17:52:21,428 - INFO - 
[545/2500] Processing G.R. No. 205144
2025-12-06 17:52:21,428 - INFO -   Title: Margie Balerta vs. People of the Philippines...
2025-12-06 17:52:21,825 - INFO -   Case already exists: RESTRUCTURED_DB/2014/nov/205144.json
2025-12-06 17:52:22,325 - INFO - 
[546/2500] Processing G.R. No. 205179
2025-12-06 17:52:22,325 - INFO -   Title: Gerve Magallanes vs. Palmer Asia, Inc....
2025-12-06 17:52:22,538 - INFO -   Case already exists: RESTRUCTURED_DB/2014/jul/205179.json
2025-12-06 17:52:23,038 - INFO - 
[547/2500] Processing G.R. No. 205202
2025-12-06 17:52:23,038 - INFO -   Title: People of the Philippines vs. Nenita Gamata y Valdez...
2025-12-06 17:52:23,431 - INFO -   Case already exists: RESTRUCTURED_DB/2014/jun/205202.json
2025-12-06 17:52:23,931 - INFO - 
[548/2500] Processing G.R. No. 205227
2025-12-06 17:52:23,931 - INFO -   Title: People of the Philippines vs. Marco P. Alejandro...
2025-12-06 17:52:24,325 - INFO -   Case already exists: RESTRUCTURED_DB/2014/apr/205227.json
2025-12-06 17:52:24,825 - INFO - 
[549/2500] Processing G.R. No. 205230
2025-12-06 17:52:24,825 - INFO -   Title: People of the Philippines V.s Ernesto Ventura, Sr....
2025-12-06 17:52:25,037 - INFO -   Case already exists: RESTRUCTURED_DB/2014/mar/205230.json
2025-12-06 17:52:25,537 - INFO - 
[550/2500] Processing G.R. No. 205249
2025-12-06 17:52:25,538 - INFO -   Title: Spouses Benedict and Sandra Manuel vs. Ramon Ong...
2025-12-06 17:52:25,931 - INFO -   Case already exists: RESTRUCTURED_DB/2014/oct/205249.json
2025-12-06 17:52:26,431 - INFO - 
[551/2500] Processing G.R. No. 205278
2025-12-06 17:52:26,431 - INFO -   Title: Philippine Spring Water Resources, Inc./Danilo Y. Lua vs. Co...
2025-12-06 17:52:26,824 - INFO -   Case already exists: RESTRUCTURED_DB/2014/jun/205278.json
2025-12-06 17:52:27,324 - INFO - 
[552/2500] Processing G.R. No. 205298
2025-12-06 17:52:27,324 - INFO -   Title: Leopoldo Quintos y Del Amor vs. People of the Philippines...
2025-12-06 17:52:27,537 - INFO -   Case already exists: RESTRUCTURED_DB/2014/sep/205298.json
2025-12-06 17:52:28,037 - INFO - 
[553/2500] Processing G.R. No. 205357
2025-12-06 17:52:28,037 - INFO -   Title: GMA Network, Inc. vs. Commission on Elections/ABC Devt. Corp...
2025-12-06 17:52:28,617 - INFO -   Case already exists: RESTRUCTURED_DB/2014/sep/205357.json
2025-12-06 17:52:29,118 - INFO - 
[554/2500] Processing G.R. No. 205382
2025-12-06 17:52:29,118 - INFO -   Title: People of the Philippines vs. Mauricio Hallarte y Mendoza...
2025-12-06 17:52:29,331 - INFO -   Case already exists: RESTRUCTURED_DB/2014/apr/205382.json
2025-12-06 17:52:29,831 - INFO - 
[555/2500] Processing G.R. No. 205453
2025-12-06 17:52:29,831 - INFO -   Title: United Tourist Promotions (UTP), et al. vs. Harland B. Kempl...
2025-12-06 17:52:30,228 - INFO -   Case already exists: RESTRUCTURED_DB/2014/feb/205453.json
2025-12-06 17:52:30,728 - INFO - 
[556/2500] Processing G.R. No. 205487
2025-12-06 17:52:30,728 - INFO -   Title: Orion Savings Bank vs. Shigekane Suzuki...
2025-12-06 17:52:31,122 - INFO -   Case already exists: RESTRUCTURED_DB/2014/nov/205487.json
2025-12-06 17:52:31,622 - INFO - 
[557/2500] Processing G.R. No. 205543
2025-12-06 17:52:31,622 - INFO -   Title: San Roque Power Corporation vs. Commissioner of Internal Rev...
2025-12-06 17:52:32,016 - INFO -   Case already exists: RESTRUCTURED_DB/2014/jun/205543.json
2025-12-06 17:52:32,516 - INFO - 
[558/2500] Processing G.R. No. 205561
2025-12-06 17:52:32,516 - INFO -   Title: Dionisio B. Coloma, Jr. vs. Hon. Sandiganbayan and People of...
2025-12-06 17:52:32,731 - INFO -   Case already exists: RESTRUCTURED_DB/2014/sep/205561.json
2025-12-06 17:52:33,232 - INFO - 
[559/2500] Processing G.R. No. 205610
2025-12-06 17:52:33,232 - INFO -   Title: People of the Philippines vs. Ramonito Villarta y Rivera and...
2025-12-06 17:52:33,444 - INFO -   Case already exists: RESTRUCTURED_DB/2014/jul/205610.json
2025-12-06 17:52:33,945 - INFO - 
[560/2500] Processing G.R. No. 205664
2025-12-06 17:52:33,945 - INFO -   Title: Department of Education, represented by its Regional Directo...
2025-12-06 17:52:34,157 - INFO -   Case already exists: RESTRUCTURED_DB/2014/jun/205664.json
2025-12-06 17:52:34,657 - INFO - 
[561/2500] Processing G.R. No. 205741
2025-12-06 17:52:34,657 - INFO -   Title: People of the Philippines vs. Reyman Endaya y Laig...
2025-12-06 17:52:35,052 - INFO -   Case already exists: RESTRUCTURED_DB/2014/jul/205741.json
2025-12-06 17:52:35,552 - INFO - 
[562/2500] Processing G.R. No. 205800
2025-12-06 17:52:35,552 - INFO -   Title: Microsoft Corporation and Adobe Systems Incorporated vs. Sam...
2025-12-06 17:52:35,768 - INFO -   Case already exists: RESTRUCTURED_DB/2014/sep/205800.json
2025-12-06 17:52:36,268 - INFO - 
[563/2500] Processing G.R. No. 205821
2025-12-06 17:52:36,268 - INFO -   Title: People of the Philippines vs. Garry Dela Cruz y De Guzman...
2025-12-06 17:52:36,662 - INFO -   Case already exists: RESTRUCTURED_DB/2014/oct/205821.json
2025-12-06 17:52:37,162 - INFO - 
[564/2500] Processing G.R. No. 205870
2025-12-06 17:52:37,163 - INFO -   Title: Lei Sheryll Fernandez vs. Botica Claudio, represented by Gua...
2025-12-06 17:52:37,375 - INFO -   Case already exists: RESTRUCTURED_DB/2014/aug/205870.json
2025-12-06 17:52:37,875 - INFO - 
[565/2500] Processing G.R. No. 205879
2025-12-06 17:52:37,875 - INFO -   Title: Skunac Corporation and Alfonso F. Enriquez vs. Roberto S. Sy...
2025-12-06 17:52:38,269 - INFO -   Case already exists: RESTRUCTURED_DB/2014/apr/205879.json
2025-12-06 17:52:38,769 - INFO - 
[566/2500] Processing G.R. No. 206162
2025-12-06 17:52:38,769 - INFO -   Title: Alex M. Valencerina vs. People of the Philippines...
2025-12-06 17:52:39,164 - INFO -   Case already exists: RESTRUCTURED_DB/2014/dec/206162.json
2025-12-06 17:52:39,664 - INFO - 
[567/2500] Processing G.R. No. 206234
2025-12-06 17:52:39,664 - INFO -   Title: Heirs of Julio Sobremonte, et al. vs. Court of Appeals, et a...
2025-12-06 17:52:39,876 - INFO -   Case already exists: RESTRUCTURED_DB/2014/oct/206234.json
2025-12-06 17:52:40,376 - INFO - 
[568/2500] Processing G.R. No. 206248
2025-12-06 17:52:40,376 - INFO -   Title: Grace M. Grande vs. Patricio T. Antonio...
2025-12-06 17:52:40,769 - INFO -   Case already exists: RESTRUCTURED_DB/2014/feb/206248.json
2025-12-06 17:52:41,269 - INFO - 
[569/2500] Processing G.R. No. 206357
2025-12-06 17:52:41,270 - INFO -   Title: Presidential Commission on Good Government (PCGG) vs. the Ho...
2025-12-06 17:52:41,662 - INFO -   Case already exists: RESTRUCTURED_DB/2014/nov/206357.json
2025-12-06 17:52:42,163 - INFO - 
[570/2500] Processing G.R. No. 206366
2025-12-06 17:52:42,163 - INFO -   Title: People of the Philippines vs. Eduardo Balaquit y Balderama...
2025-12-06 17:52:42,375 - INFO -   Case already exists: RESTRUCTURED_DB/2014/aug/206366.json
2025-12-06 17:52:42,875 - INFO - 
[571/2500] Processing G.R. No. 206368
2025-12-06 17:52:42,875 - INFO -   Title: People of the Philippines vs. Leonardo Battad and Marcelino ...
2025-12-06 17:52:43,088 - INFO -   Case already exists: RESTRUCTURED_DB/2014/aug/206368.json
2025-12-06 17:52:43,588 - INFO - 
[572/2500] Processing G.R. No. 206379
2025-12-06 17:52:43,588 - INFO -   Title: Cecilia Pagaduan vs. Civil Service Commission and Rema Marti...
2025-12-06 17:52:43,982 - INFO -   Case already exists: RESTRUCTURED_DB/2014/nov/206379.json
2025-12-06 17:52:44,482 - INFO - 
[573/2500] Processing G.R. No. 206510
2025-12-06 17:52:44,482 - INFO -   Title: Most Rev. Pedro D. Arigo, et al. vs. Scott H. Swift, et al....
2025-12-06 17:52:44,876 - INFO -   Case already exists: RESTRUCTURED_DB/2014/sep/206510.json
2025-12-06 17:52:45,376 - INFO - 
[574/2500] Processing G.R. No. 206555
2025-12-06 17:52:45,376 - INFO -   Title: Atty. Fortunato Pagdanganan, Jr., et al. vs. Florentino P. S...
2025-12-06 17:52:45,589 - INFO -   Case already exists: RESTRUCTURED_DB/2014/sep/206555.json
2025-12-06 17:52:46,089 - INFO - 
[575/2500] Processing G.R. No. 206599
2025-12-06 17:52:46,090 - INFO -   Title: 680 Home Appliance, Inc. vs. Hon. Court of Appeals, et al....
2025-12-06 17:52:46,482 - INFO -   Case already exists: RESTRUCTURED_DB/2014/sep/206599.json
2025-12-06 17:52:46,983 - INFO - 
[576/2500] Processing G.R. No. 206661
2025-12-06 17:52:46,983 - INFO -   Title: Hon. Orlando C. Casimiro, in his capacity as Acting Ombudsma...
2025-12-06 17:52:47,749 - INFO -   Case already exists: RESTRUCTURED_DB/2014/dec/206661.json
2025-12-06 17:52:48,250 - INFO - 
[577/2500] Processing G.R. No. 206698
2025-12-06 17:52:48,250 - INFO -   Title: Luis R. Villafuerte vs. Commission on Elections, et al....
2025-12-06 17:52:48,642 - INFO -   Case already exists: RESTRUCTURED_DB/2014/feb/206698.json
2025-12-06 17:52:49,142 - INFO - 
[578/2500] Processing G.R. No. 206716
2025-12-06 17:52:49,142 - INFO -   Title: Ruben C. Jordan vs. Grandeur Security Services, Inc....
2025-12-06 17:52:49,535 - INFO -   Case already exists: RESTRUCTURED_DB/2014/jun/206716.json
2025-12-06 17:52:50,035 - INFO - 
[579/2500] Processing G.R. No. 206728
2025-12-06 17:52:50,035 - INFO -   Title: Apo Cement Corporation vs. Mingson Mining Industries Corpora...
2025-12-06 17:52:50,247 - INFO -   Case already exists: RESTRUCTURED_DB/2014/nov/206728.json
2025-12-06 17:52:50,747 - INFO - 
[580/2500] Processing G.R. No. 206768
2025-12-06 17:52:50,747 - INFO -   Title: People of the Philippines vs. Leonardo Castrodes...
2025-12-06 17:52:50,961 - INFO -   Case already exists: RESTRUCTURED_DB/2014/dec/206768.json
2025-12-06 17:52:51,462 - INFO - 
[581/2500] Processing G.R. No. 206770
2025-12-06 17:52:51,462 - INFO -   Title: People of the Philippines vs. Noel Prajes and Alipa Mala...
2025-12-06 17:52:51,853 - INFO -   Case already exists: RESTRUCTURED_DB/2014/apr/206770.json
2025-12-06 17:52:52,354 - INFO - 
[582/2500] Processing G.R. No. 206806
2025-12-06 17:52:52,354 - INFO -   Title: Arco Pulp and Paper Co., Inc. and Candida A. Santos vs. Dan....
2025-12-06 17:52:52,748 - INFO -   Case already exists: RESTRUCTURED_DB/2014/jun/206806.json
2025-12-06 17:52:53,248 - INFO - 
[583/2500] Processing G.R. No. 206912
2025-12-06 17:52:53,248 - INFO -   Title: People of the Philippines vs. Demosthenes Bontuyan...
2025-12-06 17:52:53,460 - INFO -   Case already exists: RESTRUCTURED_DB/2014/sep/206912.json
2025-12-06 17:52:53,960 - INFO - 
[584/2500] Processing G.R. No. 207175
2025-12-06 17:52:53,961 - INFO -   Title: Eduardo Magsumbol vs. People of the Philippines...
2025-12-06 17:52:54,172 - INFO -   Case already exists: RESTRUCTURED_DB/2014/nov/207175.json
2025-12-06 17:52:54,672 - INFO - 
[585/2500] Processing G.R. No. 207176
2025-12-06 17:52:54,672 - INFO -   Title: Spouses Victor and Edna Binua vs. Lucia P. Ong...
2025-12-06 17:52:54,884 - INFO -   Case already exists: RESTRUCTURED_DB/2014/jun/207176.json
2025-12-06 17:52:55,384 - INFO - 
[586/2500] Processing G.R. No. 207253
2025-12-06 17:52:55,384 - INFO -   Title: Crispin B. Lopez vs. Irvine Construction Corp. and Tomas Sy ...
2025-12-06 17:52:55,777 - INFO -   Case already exists: RESTRUCTURED_DB/2014/aug/207253.json
2025-12-06 17:52:56,277 - INFO - 
[587/2500] Processing G.R. No. 207266
2025-12-06 17:52:56,277 - INFO -   Title: Heirs fo Paciano Yabao, Represented by Remedios Chan vs. Paz...
2025-12-06 17:52:56,669 - INFO -   Case already exists: RESTRUCTURED_DB/2014/jun/207266.json
2025-12-06 17:52:57,169 - INFO - 
[588/2500] Processing G.R. No. 207348
2025-12-06 17:52:57,169 - INFO -   Title: Rowena R. Solante vs. Commission on Audit, Chairperson Ma. G...
2025-12-06 17:52:57,380 - INFO -   Case already exists: RESTRUCTURED_DB/2014/aug/207348.json
2025-12-06 17:52:57,880 - INFO - 
[589/2500] Processing G.R. No. 207376
2025-12-06 17:52:57,880 - INFO -   Title: Aida Padilla vs. Globe Asiatique Realty Holdings Corporation...
2025-12-06 17:52:58,273 - INFO -   Case already exists: RESTRUCTURED_DB/2014/aug/207376.json
2025-12-06 17:52:58,773 - INFO - 
[590/2500] Processing G.R. No. 207392
2025-12-06 17:52:58,773 - INFO -   Title: People of the Philippines vs. Ramie Ortega y Kalbi...
2025-12-06 17:52:58,985 - INFO -   Case already exists: RESTRUCTURED_DB/2014/jul/207392.json
2025-12-06 17:52:59,485 - INFO - 
[591/2500] Processing G.R. No. 207443
2025-12-06 17:52:59,485 - INFO -   Title: Genato Investments, Inc. vs. Hon. Judge Oscar P Barrientos, ...
2025-12-06 17:52:59,877 - INFO -   Case already exists: RESTRUCTURED_DB/2014/jul/207443.json
2025-12-06 17:53:00,378 - INFO - 
[592/2500] Processing G.R. No. 207513
2025-12-06 17:53:00,378 - INFO -   Title: People of the Philippines vs. Briccio Baculanta...
2025-12-06 17:53:00,589 - INFO -   Case already exists: RESTRUCTURED_DB/2014/jun/207513.json
2025-12-06 17:53:01,089 - INFO - 
[593/2500] Processing G.R. No. 207525
2025-12-06 17:53:01,089 - INFO -   Title: Bonifacio Peidad, represented by Maria Inspiracion Peidad-Da...
2025-12-06 17:53:01,301 - INFO -   Case already exists: RESTRUCTURED_DB/2014/jun/207525.json
2025-12-06 17:53:01,801 - INFO - 
[594/2500] Processing G.R. No. 207629
2025-12-06 17:53:01,801 - INFO -   Title: People of the Philippines vs. Arnel Villalba y Duran, et al....
2025-12-06 17:53:02,194 - INFO -   Case already exists: RESTRUCTURED_DB/2014/oct/207629.json
2025-12-06 17:53:02,695 - INFO - 
[595/2500] Processing G.R. No. 207664
2025-12-06 17:53:02,695 - INFO -   Title: People of the Philippines vs. Gil Salvidar y Garlan...
2025-12-06 17:53:03,087 - INFO -   Case already exists: RESTRUCTURED_DB/2014/jun/207664.json
2025-12-06 17:53:03,587 - INFO - 
[596/2500] Processing G.R. No. 207682
2025-12-06 17:53:03,587 - INFO -   Title: Conrado B. Nicart, Jr. as Provincial Governor of LGU-Eastern...
2025-12-06 17:53:03,799 - INFO -   Case already exists: RESTRUCTURED_DB/2014/dec/207682.json
2025-12-06 17:53:04,300 - INFO - 
[597/2500] Processing G.R. No. 207763
2025-12-06 17:53:04,300 - INFO -   Title: People of the Philippines vs. Rolando Rondina...
2025-12-06 17:53:04,695 - INFO -   Case already exists: RESTRUCTURED_DB/2014/jun/207763.json
2025-12-06 17:53:05,195 - INFO - 
[598/2500] Processing G.R. No. 207774
2025-12-06 17:53:05,195 - INFO -   Title: People of the Philippines vs. Carlos Alhambra y Masing...
2025-12-06 17:53:05,407 - INFO -   Case already exists: RESTRUCTURED_DB/2014/jun/207774.json
2025-12-06 17:53:05,907 - INFO - 
[599/2500] Processing G.R. No. 207818
2025-12-06 17:53:05,907 - INFO -   Title: People of the Philippines vs. Alex Delos Santos...
2025-12-06 17:53:06,120 - INFO -   Case already exists: RESTRUCTURED_DB/2014/jul/207818.json
2025-12-06 17:53:06,620 - INFO - 
[600/2500] Processing G.R. No. 207819
2025-12-06 17:53:06,620 - INFO -   Title: People of the Philippines vs Guillermo B. Candano, Jr....
2025-12-06 17:53:06,832 - INFO -   Case already exists: RESTRUCTURED_DB/2014/mar/207819.json
2025-12-06 17:53:07,332 - INFO - 
[601/2500] Processing G.R. No. 207851
2025-12-06 17:53:07,332 - INFO -   Title: Angel G. Naval vs. Commission on Elections and Nelson B. Jul...
2025-12-06 17:53:07,728 - INFO -   Case already exists: RESTRUCTURED_DB/2014/jul/207851.json
2025-12-06 17:53:08,228 - INFO - 
[602/2500] Processing G.R. No. 207900
2025-12-06 17:53:08,228 - INFO -   Title: Mayor Gamal S. Hayudini vs. Commission on Elections and Must...
2025-12-06 17:53:08,450 - INFO -   Case already exists: RESTRUCTURED_DB/2014/apr/207900.json
2025-12-06 17:53:08,951 - INFO - 
[603/2500] Processing G.R. No. 207949
2025-12-06 17:53:08,951 - INFO -   Title: People of the Philippines vs. Armando Dionaldo y Ebron, et a...
2025-12-06 17:53:09,163 - INFO -   Case already exists: RESTRUCTURED_DB/2014/jul/207949.json
2025-12-06 17:53:09,663 - INFO - 
[604/2500] Processing G.R. No. 207950
2025-12-06 17:53:09,663 - INFO -   Title: People of the Philippines vs. Mark Jason Chavez y Bitangcor...
2025-12-06 17:53:10,058 - INFO -   Case already exists: RESTRUCTURED_DB/2014/sep/207950.json
2025-12-06 17:53:10,558 - INFO - 
[605/2500] Processing G.R. No. 207983
2025-12-06 17:53:10,558 - INFO -   Title: Wenphil Corporation vs. Almer R. Abing and Anabelle M. Tuazo...
2025-12-06 17:53:10,771 - INFO -   Case already exists: RESTRUCTURED_DB/2014/apr/207983.json
2025-12-06 17:53:11,271 - INFO - 
[606/2500] Processing G.R. No. 207992
2025-12-06 17:53:11,272 - INFO -   Title: People of the Philippines vs. Roberto Holgado y Dela Cruz an...
2025-12-06 17:53:11,665 - INFO -   Case already exists: RESTRUCTURED_DB/2014/aug/207992.json
2025-12-06 17:53:12,165 - INFO - 
[607/2500] Processing G.R. No. 208007
2025-12-06 17:53:12,165 - INFO -   Title: People of the Philippines vs. Rodrigo Gutierez y Robles, et ...
2025-12-06 17:53:12,377 - INFO -   Case already exists: RESTRUCTURED_DB/2014/apr/208007.json
2025-12-06 17:53:12,877 - INFO - 
[608/2500] Processing G.R. No. 208169
2025-12-06 17:53:12,877 - INFO -   Title: People of the Philippines vs. Edward Adriano y Sales...
2025-12-06 17:53:13,088 - INFO -   Case already exists: RESTRUCTURED_DB/2014/oct/208169.json
2025-12-06 17:53:13,589 - INFO - 
[609/2500] Processing G.R. No. 208170
2025-12-06 17:53:13,589 - INFO -   Title: People of the Philippines vs. Petrus a.k.a. "John" and "Rick...
2025-12-06 17:53:13,981 - INFO -   Case already exists: RESTRUCTURED_DB/2014/aug/208170.json
2025-12-06 17:53:14,481 - INFO - 
[610/2500] Processing G.R. No. 208173
2025-12-06 17:53:14,482 - INFO -   Title: People of the Philippines vs. Oliver A. Buclao...
2025-12-06 17:53:14,875 - INFO -   Case already exists: RESTRUCTURED_DB/2014/jun/208173.json
2025-12-06 17:53:15,375 - INFO - 
[611/2500] Processing G.R. No. 208232
2025-12-06 17:53:15,375 - INFO -   Title: Surviving Heirs of Alfredo R. Bautista, namely: Epifania G. ...
2025-12-06 17:53:15,594 - INFO -   Case already exists: RESTRUCTURED_DB/2014/mar/208232.json
2025-12-06 17:53:16,095 - INFO - 
[612/2500] Processing G.R. No. 208261
2025-12-06 17:53:16,095 - INFO -   Title: Philippine Amusement and Gaming Corporatioin vs. Lorenia P. ...
2025-12-06 17:53:16,306 - INFO -   Case already exists: RESTRUCTURED_DB/2014/dec/208261.json
2025-12-06 17:53:16,807 - INFO - 
[613/2500] Processing G.R. No. 208293
2025-12-06 17:53:16,807 - INFO -   Title: Philippine National Bank vs. Carmelita S. Santos, et al....
2025-12-06 17:53:17,205 - INFO -   Case already exists: RESTRUCTURED_DB/2014/dec/208293.json
2025-12-06 17:53:17,705 - INFO - 
[614/2500] Processing G.R. No. 208321
2025-12-06 17:53:17,705 - INFO -   Title: Wesleyan University-Philippines vs. Nowella Reyes...
2025-12-06 17:53:18,099 - INFO -   Case already exists: RESTRUCTURED_DB/2014/jul/208321.json
2025-12-06 17:53:18,599 - INFO - 
[615/2500] Processing G.R. No. 208462
2025-12-06 17:53:18,599 - INFO -   Title: Sps. Carlos J. Suntay and Rosario R. Suntay vs. Keyser Marca...
2025-12-06 17:53:18,814 - INFO -   Case already exists: RESTRUCTURED_DB/2014/dec/208462.json
2025-12-06 17:53:19,314 - INFO - 
[616/2500] Processing G.R. No. 208469
2025-12-06 17:53:19,314 - INFO -   Title: People of the Philippines vs. Samuel "TIW-TIW" Sanico...
2025-12-06 17:53:19,708 - INFO -   Case already exists: RESTRUCTURED_DB/2014/aug/208469.json
2025-12-06 17:53:20,208 - INFO - 
[617/2500] Processing G.R. No. 208567
2025-12-06 17:53:20,208 - INFO -   Title: Jeannete V. Manalo, Vilma P. Barrious, Lourdes Lynn Michelle...
2025-12-06 17:53:20,420 - INFO -   Case already exists: RESTRUCTURED_DB/2014/nov/208567.json
2025-12-06 17:53:20,920 - INFO - 
[618/2500] Processing G.R. No. 208623
2025-12-06 17:53:20,920 - INFO -   Title: People of the Philippines vs. Virgilio Antonio y Rivera...
2025-12-06 17:53:21,312 - INFO -   Case already exists: RESTRUCTURED_DB/2014/jul/208623.json
2025-12-06 17:53:21,812 - INFO - 
[619/2500] Processing G.R. No. 208660
2025-12-06 17:53:21,812 - INFO -   Title: Peñafrancia Sugar Mill, Inc. vs Sugar Regulatory Administrat...
2025-12-06 17:53:22,023 - INFO -   Case already exists: RESTRUCTURED_DB/2014/mar/208660.json
2025-12-06 17:53:22,524 - INFO - 
[620/2500] Processing G.R. No. 208678
2025-12-06 17:53:22,524 - INFO -   Title: People of the Philippines vs. Jefferson Warriner y Nicdao...
2025-12-06 17:53:22,916 - INFO -   Case already exists: RESTRUCTURED_DB/2014/jun/208678.json
2025-12-06 17:53:23,416 - INFO - 
[621/2500] Processing G.R. No. 208716
2025-12-06 17:53:23,416 - INFO -   Title: People of the Philippines vs. Eladio B. Lumaho alias "Attump...
2025-12-06 17:53:23,809 - INFO -   Case already exists: RESTRUCTURED_DB/2014/sep/208716.json
2025-12-06 17:53:24,309 - INFO - 
[622/2500] Processing G.R. No. 208719
2025-12-06 17:53:24,309 - INFO -   Title: People of the Philippines vs. Roger Ringor Umawid...
2025-12-06 17:53:24,701 - INFO -   Case already exists: RESTRUCTURED_DB/2014/jun/208719.json
2025-12-06 17:53:25,201 - INFO - 
[623/2500] Processing G.R. No. 208740
2025-12-06 17:53:25,201 - INFO -   Title: Corporate Strategies Development Corporation and Rafael R. P...
2025-12-06 17:53:25,593 - INFO -   Case already exists: RESTRUCTURED_DB/2014/nov/208740.json
2025-12-06 17:53:26,093 - INFO - 
[624/2500] Processing G.R. No. 208749
2025-12-06 17:53:26,093 - INFO -   Title: People of the Philippines vs. Anecito Estibal y Calungsag...
2025-12-06 17:53:26,488 - INFO -   Case already exists: RESTRUCTURED_DB/2014/nov/208749.json
2025-12-06 17:53:26,988 - INFO - 
[625/2500] Processing G.R. No. 208760
2025-12-06 17:53:26,988 - INFO -   Title: People of the Philippines vs. Floro Buban Barcela...
2025-12-06 17:53:27,201 - INFO -   Case already exists: RESTRUCTURED_DB/2014/apr/208760.json
2025-12-06 17:53:27,701 - INFO - 
[626/2500] Processing G.R. No. 208761
2025-12-06 17:53:27,701 - INFO -   Title: People of the Philippines vs. Rolando Baraga y Arcilla...
2025-12-06 17:53:27,913 - INFO -   Case already exists: RESTRUCTURED_DB/2014/jun/208761.json
2025-12-06 17:53:28,413 - INFO - 
[627/2500] Processing G.R. No. 208890
2025-12-06 17:53:28,413 - INFO -   Title: Joel N. Montellana vs. La Consolacion College Manila, Sr. Im...
2025-12-06 17:53:28,806 - INFO -   Case already exists: RESTRUCTURED_DB/2014/dec/208890.json
2025-12-06 17:53:29,306 - INFO - 
[628/2500] Processing G.R. No. 208976
2025-12-06 17:53:29,306 - INFO -   Title: The Honorable Office of the Ombudsman vs. Leovigildo Delos R...
2025-12-06 17:53:29,700 - INFO -   Case already exists: RESTRUCTURED_DB/2014/oct/208976.json
2025-12-06 17:53:30,200 - INFO - 
[629/2500] Processing G.R. No. 209185
2025-12-06 17:53:30,200 - INFO -   Title: Marc Douglas IV C. Cagas vs. Commission on Elections, etc., ...
2025-12-06 17:53:30,412 - INFO -   Case already exists: RESTRUCTURED_DB/2014/feb/209185.json
2025-12-06 17:53:30,912 - INFO - 
[630/2500] Processing G.R. No. 209195
2025-12-06 17:53:30,912 - INFO -   Title: Manuel J. Jimenez, Jr. vs. People of the Philippines/People ...
2025-12-06 17:53:31,306 - INFO -   Case already exists: RESTRUCTURED_DB/2014/sep/209195.json
2025-12-06 17:53:31,806 - INFO - 
[631/2500] Processing G.R. No. 209201
2025-12-06 17:53:31,806 - INFO -   Title: New Filipino Maritime Agencies Inc., St. Paul Maritime Corp....
2025-12-06 17:53:32,199 - INFO -   Case already exists: RESTRUCTURED_DB/2014/nov/209201.json
2025-12-06 17:53:32,699 - INFO - 
[632/2500] Processing G.R. No. 209202
2025-12-06 17:53:32,699 - INFO -   Title: Catalino B. Belmonte, Jr. vs. C.F. Sharp Crew Management, et...
2025-12-06 17:53:32,910 - INFO -   Case already exists: RESTRUCTURED_DB/2014/nov/209202.json
2025-12-06 17:53:33,410 - INFO - 
[633/2500] Processing G.R. No. 209219
2025-12-06 17:53:33,411 - INFO -   Title: Bases Conversion and Development Authority (BCDA) vs. Commis...
2025-12-06 17:53:33,623 - INFO -   Case already exists: RESTRUCTURED_DB/2014/dec/209219.json
2025-12-06 17:53:34,123 - INFO - 
[634/2500] Processing G.R. No. 209286
2025-12-06 17:53:34,123 - INFO -   Title: Lina Dela Peña Jalover, et al. vs. John Henry R. Osmeña, et ...
2025-12-06 17:53:34,517 - INFO -   Case already exists: RESTRUCTURED_DB/2014/sep/209286.json
2025-12-06 17:53:35,017 - INFO - 
[635/2500] Processing G.R. No. 209287
2025-12-06 17:53:35,017 - INFO -   Title: Maria Carolina P. Araullo, et al. vs. Benigno Simeon C. Aqui...
2025-12-06 17:53:35,787 - INFO -   Case already exists: RESTRUCTURED_DB/2014/jul/209287.json
2025-12-06 17:53:36,287 - INFO - 
[636/2500] Processing G.R. No. 209302
2025-12-06 17:53:36,288 - INFO -   Title: Alone Amar P. Tagle vs. Anglo-Eastern Crew Management, Phils...
2025-12-06 17:53:36,504 - INFO -   Case already exists: RESTRUCTURED_DB/2014/jul/209302.json
2025-12-06 17:53:37,004 - INFO - 
[637/2500] Processing G.R. No. 209373
2025-12-06 17:53:37,004 - INFO -   Title: Joel Yongco and Julieto Lañojan vs. People of the Philippine...
2025-12-06 17:53:37,216 - INFO -   Case already exists: RESTRUCTURED_DB/2014/jul/209373.json
2025-12-06 17:53:37,716 - INFO - 
[638/2500] Processing G.R. No. 209386
2025-12-06 17:53:37,716 - INFO -   Title: Mel Caprizo Candelaria vs. People of the Philippines...
2025-12-06 17:53:37,929 - INFO -   Case already exists: RESTRUCTURED_DB/2014/dec/209386.json
2025-12-06 17:53:38,429 - INFO - 
[639/2500] Processing G.R. No. 209590
2025-12-06 17:53:38,429 - INFO -   Title: People of the Philippines vs. Gabriel Ducay y Balan...
2025-12-06 17:53:38,642 - INFO -   Case already exists: RESTRUCTURED_DB/2014/nov/209590.json
2025-12-06 17:53:39,142 - INFO - 
[640/2500] Processing G.R. No. 209651
2025-12-06 17:53:39,142 - INFO -   Title: Marcelo Investment and Management Corp. and the Heirs of Edw...
2025-12-06 17:53:39,537 - INFO -   Case already exists: RESTRUCTURED_DB/2014/nov/209651.json
2025-12-06 17:53:40,037 - INFO - 
[641/2500] Processing G.R. No. 210148
2025-12-06 17:53:40,037 - INFO -   Title: Antonio L. Daluraya vs. Marla Oliva...
2025-12-06 17:53:40,249 - INFO -   Case already exists: RESTRUCTURED_DB/2014/dec/210148.json
2025-12-06 17:53:40,749 - INFO - 
[642/2500] Processing G.R. No. 210252
2025-12-06 17:53:40,749 - INFO -   Title: Vilma Quintos, represented by her Attorney-in-Facts Fidel I....
2025-12-06 17:53:41,142 - INFO -   Case already exists: RESTRUCTURED_DB/2014/jun/210252.json
2025-12-06 17:53:41,642 - INFO - 
[643/2500] Processing G.R. No. 210619
2025-12-06 17:53:41,642 - INFO -   Title: People of the Philippines vs. Charles Reyes y Marasigan...
2025-12-06 17:53:41,854 - INFO -   Case already exists: RESTRUCTURED_DB/2014/aug/210619.json
2025-12-06 17:53:42,355 - INFO - 
[644/2500] Processing G.R. No. 210636
2025-12-06 17:53:42,355 - INFO -   Title: Ma. Hazelina A. Tujan-Militante in behalf of the Minor Crise...
2025-12-06 17:53:42,566 - INFO -   Case already exists: RESTRUCTURED_DB/2014/jul/210636.json
2025-12-06 17:53:43,066 - INFO - 
[645/2500] Processing G.R. No. 210658
2025-12-06 17:53:43,066 - INFO -   Title: People of the Philippines vs. Primo P. Japson alias "Longlon...
2025-12-06 17:53:43,458 - INFO -   Case already exists: RESTRUCTURED_DB/2014/sep/210658.json
2025-12-06 17:53:43,958 - INFO - 
[646/2500] Processing G.R. No. 210831
2025-12-06 17:53:43,959 - INFO -   Title: Sps. Tagumpay N. Albos and Aida C. Albos vs. Sps. Nestor M. ...
2025-12-06 17:53:44,352 - INFO -   Case already exists: RESTRUCTURED_DB/2014/nov/210831.json
2025-12-06 17:53:44,852 - INFO - 
[647/2500] Processing G.R. No. 210987
2025-12-06 17:53:44,853 - INFO -   Title: The Philippine American Life and General Insurance Company v...
2025-12-06 17:53:45,245 - INFO -   Case already exists: RESTRUCTURED_DB/2014/nov/210987.json
2025-12-06 17:53:45,745 - INFO - 
[648/2500] Processing G.R. No. 211049
2025-12-06 17:53:45,746 - INFO -   Title: People of the Philippines vs. Romeo Closa y Lualhati...
2025-12-06 17:53:45,958 - INFO -   Case already exists: RESTRUCTURED_DB/2014/aug/211049.json
2025-12-06 17:53:46,458 - INFO - 
[649/2500] Processing G.R. No. 211228
2025-12-06 17:53:46,458 - INFO -   Title: University of Pangasinan, Inc., et al. vs. Fernandez, et al....
2025-12-06 17:53:46,852 - INFO -   Case already exists: RESTRUCTURED_DB/2014/nov/211228.json
2025-12-06 17:53:47,352 - INFO - 
[650/2500] Processing G.R. No. 211356
2025-12-06 17:53:47,352 - INFO -   Title: Crisostomo B. Aquino vs. Municipality of Malay, Aklan, repre...
2025-12-06 17:53:47,745 - INFO -   Case already exists: RESTRUCTURED_DB/2014/sep/211356.json
2025-12-06 17:53:48,245 - INFO - 
[651/2500] Processing G.R. No. 211424
2025-12-06 17:53:48,245 - INFO -   Title: Davao Holiday Transport Services Corporation vs. Spouses Eul...
2025-12-06 17:53:48,455 - INFO -   Case already exists: RESTRUCTURED_DB/2014/nov/211424.json
2025-12-06 17:53:48,956 - INFO - 
[652/2500] Processing G.R. No. 211465
2025-12-06 17:53:48,956 - INFO -   Title: People of the Philippines vs. Shirley A. Casio...
2025-12-06 17:53:49,351 - INFO -   Case already exists: RESTRUCTURED_DB/2014/dec/211465.json
2025-12-06 17:53:49,851 - INFO - 
[653/2500] Processing G.R. No. 211703
2025-12-06 17:53:49,851 - INFO -   Title: Edelbert C. Uyboco vs. People of the Philippines...
2025-12-06 17:53:50,065 - INFO -   Case already exists: RESTRUCTURED_DB/2014/dec/211703.json
2025-12-06 17:53:50,565 - INFO - 
[654/2500] Processing G.R. No. 212388
2025-12-06 17:53:50,565 - INFO -   Title: Republic of the Philippine vs. Heirs of Spouses Donato Sanch...
2025-12-06 17:53:50,956 - INFO -   Case already exists: RESTRUCTURED_DB/2014/dec/212388.json
2025-12-06 17:53:51,456 - INFO - 
[655/2500] Processing G.R. No. 212398
2025-12-06 17:53:51,456 - INFO -   Title: Emilio Ramon "E.R." P. Ejercito vs. Hon. Commission on Elect...
2025-12-06 17:53:52,217 - INFO -   Case already exists: RESTRUCTURED_DB/2014/nov/212398.json
2025-12-06 17:53:52,717 - INFO - 
[656/2500] Processing G.R. No. 212584
2025-12-06 17:53:52,717 - INFO -   Title: Alroben J. Goh vs. Hon. Lucilo R. Bayron and Commission on E...
2025-12-06 17:53:52,936 - INFO -   Case already exists: RESTRUCTURED_DB/2014/nov/212584.json
2025-12-06 17:53:53,437 - INFO - 
[657/2500] Processing G.R. No. 212689
2025-12-06 17:53:53,437 - INFO -   Title: Ece Realty & Development, Inc. vs. Haydyn Hernandez...
2025-12-06 17:53:53,648 - INFO -   Case already exists: RESTRUCTURED_DB/2014/aug/212689.json
2025-12-06 17:53:54,148 - INFO - 
[658/2500] Processing G.R. No. 212705
2025-12-06 17:53:54,148 - INFO -   Title: Roberto Co vs. Keng Huan Jerry Yeung and Emma Yeung...
2025-12-06 17:53:54,359 - INFO -   Case already exists: RESTRUCTURED_DB/2014/sep/212705.json
2025-12-06 17:53:54,860 - INFO - 
[659/2500] Processing G.R. No. 212953
2025-12-06 17:53:54,860 - INFO -   Title: Jose Tapales Villarosa vs. Romulo De Mesa Festin and Commiss...
2025-12-06 17:53:55,254 - INFO -   Case already exists: RESTRUCTURED_DB/2014/aug/212953.json
2025-12-06 17:53:55,755 - INFO - 
[660/2500] Processing G.R. No. 213181
2025-12-06 17:53:55,755 - INFO -   Title: Francis H. Jardeleza vs. Chief Justice Maria Lourdes P. A. S...
2025-12-06 17:53:56,330 - INFO -   Case already exists: RESTRUCTURED_DB/2014/aug/213181.json
2025-12-06 17:53:56,830 - INFO - 
[661/2500] Processing G.R. No. 215427
2025-12-06 17:53:56,830 - INFO -   Title: Philippine Amusement and Gaming Corporation (PAGCOR) vs. the...
2025-12-06 17:53:57,043 - INFO -   Case already exists: RESTRUCTURED_DB/2014/dec/215427.json
2025-12-06 17:53:57,543 - INFO - 
[662/2500] Processing G.R. No. 223610
2025-12-06 17:53:57,543 - INFO -   Title: Conchita S. Uy, et al. vs. Crispulo Del Castillo, substitute...
2025-12-06 17:53:58,378 - WARNING -   ✗ Could not fetch case from any URL
2025-12-06 17:53:58,378 - INFO - 
[663/2500] Processing G.R. No. 148748
2025-12-06 17:53:58,378 - INFO -   Title: Imelda, Leonardo, Fidelino, Azucena, Josefina, Anita and Sis...
2025-12-06 17:53:58,773 - INFO -   Case already exists: RESTRUCTURED_DB/2015/jan/148748.json
2025-12-06 17:53:59,273 - INFO - 
[664/2500] Processing G.R. No. 153810
2025-12-06 17:53:59,273 - INFO -   Title: Winston F. Garcia, in his Capacity as President and General ...
2025-12-06 17:53:59,668 - INFO -   Case already exists: RESTRUCTURED_DB/2015/aug/153810.json
2025-12-06 17:54:00,169 - INFO - 
[665/2500] Processing G.R. No. 154262
2025-12-06 17:54:00,169 - INFO -   Title: Herminio M. De Guzman, et al. vs. Tabangao Realty, Incorpora...
2025-12-06 17:54:00,922 - INFO -   Case already exists: RESTRUCTURED_DB/2015/feb/154262.json
2025-12-06 17:54:01,422 - INFO - 
[666/2500] Processing G.R. No. 155580
2025-12-06 17:54:01,423 - INFO -   Title: Romeo T. Caluzor vs. Deogracias Llanillo and the heirs of th...
2025-12-06 17:54:01,815 - INFO -   Case already exists: RESTRUCTURED_DB/2015/jul/155580.json
2025-12-06 17:54:02,315 - INFO - 
[667/2500] Processing G.R. No. 155701
2025-12-06 17:54:02,315 - INFO -   Title: Lim Teck Chuan vs Serafin Uy and Leopolda Cecilio, Lim Sing ...
2025-12-06 17:54:02,709 - INFO -   Case already exists: RESTRUCTURED_DB/2015/mar/155701.json
2025-12-06 17:54:03,209 - INFO - 
[668/2500] Processing G.R. No. 156022
2025-12-06 17:54:03,209 - INFO -   Title: Aurellano Agnes, et al. vs. Republic of the Philippines...
2025-12-06 17:54:03,603 - INFO -   Case already exists: RESTRUCTURED_DB/2015/jul/156022.json
2025-12-06 17:54:04,103 - INFO - 
[669/2500] Processing G.R. No. 156162
2025-12-06 17:54:04,103 - INFO -   Title: CCC Insurance Corporation vs. Kawasaki Steel Corporation, et...
2025-12-06 17:54:04,679 - INFO -   Case already exists: RESTRUCTURED_DB/2015/jun/156162.json
2025-12-06 17:54:05,179 - INFO - 
[670/2500] Processing G.R. No. 156995
2025-12-06 17:54:05,179 - INFO -   Title: Ruben Manalang, et al. vs. Spouses Bienvenido and Mercedes B...
2025-12-06 17:54:05,391 - INFO -   Case already exists: RESTRUCTURED_DB/2015/jan/156995.json
2025-12-06 17:54:05,891 - INFO - 
[671/2500] Processing G.R. No. 158836
2025-12-06 17:54:05,891 - INFO -   Title: Sunrise Corporation vs Court of Appeals and First Alliance R...
2025-12-06 17:54:06,472 - INFO -   Case already exists: RESTRUCTURED_DB/2015/sep/158836.json
2025-12-06 17:54:06,972 - INFO - 
[672/2500] Processing G.R. No. 159271
2025-12-06 17:54:06,973 - INFO -   Title: Spouses Benito Baysa and Victoria Baysa vs. Spouses Fidel Pl...
2025-12-06 17:54:07,185 - INFO -   Case already exists: RESTRUCTURED_DB/2015/jul/159271.json
2025-12-06 17:54:07,686 - INFO - 
[673/2500] Processing G.R. No. 159611
2025-12-06 17:54:07,686 - INFO -   Title: Heirs of Antero Soliva vs. Severino, Joel, Grace, Cenon, Jr....
2025-12-06 17:54:08,081 - INFO -   Case already exists: RESTRUCTURED_DB/2015/apr/159611.json
2025-12-06 17:54:08,581 - INFO - 
[674/2500] Processing G.R. No. 159979
2025-12-06 17:54:08,581 - INFO -   Title: Capital Insurance and Surety Co., Inc. vs. Del Monte Motor W...
2025-12-06 17:54:09,557 - INFO -   Case already exists: RESTRUCTURED_DB/2015/dec/159979.json
2025-12-06 17:54:10,057 - INFO - 
[675/2500] Processing G.R. No. 160033
2025-12-06 17:54:10,057 - INFO -   Title: Tagaytay Realty Co., Inc. vs. Arturo G. Gacutan...
2025-12-06 17:54:10,443 - INFO -   Case already exists: RESTRUCTURED_DB/2015/jul/160033.json
2025-12-06 17:54:10,944 - INFO - 
[676/2500] Processing G.R. No. 160123
2025-12-06 17:54:10,944 - INFO -   Title: Centro Project Manpower Services Corporation vs. Aguinaldo N...
2025-12-06 17:54:11,152 - INFO -   Case already exists: RESTRUCTURED_DB/2015/jun/160123.json
2025-12-06 17:54:11,652 - INFO - 
[677/2500] Processing G.R. No. 160206
2025-12-06 17:54:11,652 - INFO -   Title: M/V "Don Martin" Voy 047 and Cargoes of 6500 Sacks of Import...
2025-12-06 17:54:12,041 - INFO -   Case already exists: RESTRUCTURED_DB/2015/jul/160206.json
2025-12-06 17:54:12,541 - INFO - 
[678/2500] Processing G.R. No. 160399
2025-12-06 17:54:12,541 - INFO -   Title: The City of Iloilo, Represented by Hon. Mayor Jerry P. Treña...
2025-12-06 17:54:12,751 - INFO -   Case already exists: RESTRUCTURED_DB/2015/dec/160399.json
2025-12-06 17:54:13,251 - INFO - 
[679/2500] Processing G.R. No. 160619
2025-12-06 17:54:13,251 - INFO -   Title: People of the Philippines vs Sandiganbayan, et al....
2025-12-06 17:54:13,637 - INFO -   Case already exists: RESTRUCTURED_DB/2015/sep/160619.json
2025-12-06 17:54:14,138 - INFO - 
[680/2500] Processing G.R. No. 160684
2025-12-06 17:54:14,138 - INFO -   Title: CLT Realty Development Corporation vs Hi-Grade Feeds Corpora...
2025-12-06 17:54:14,527 - INFO -   Case already exists: RESTRUCTURED_DB/2015/sep/160684.json
2025-12-06 17:54:15,027 - INFO - 
[681/2500] Processing G.R. No. 160728
2025-12-06 17:54:15,027 - INFO -   Title: CLT Realty Development Corporation vs Phil-Ville Development...
2025-12-06 17:54:15,419 - INFO -   Case already exists: RESTRUCTURED_DB/2015/mar/160728.json
2025-12-06 17:54:15,919 - INFO - 
[682/2500] Processing G.R. No. 160914
2025-12-06 17:54:15,919 - INFO -   Title: Marcela M. Dela Cruz vs Antonio O. Hermano, et al....
2025-12-06 17:54:16,128 - INFO -   Case already exists: RESTRUCTURED_DB/2015/mar/160914.json
2025-12-06 17:54:16,628 - INFO - 
[683/2500] Processing G.R. No. 160924
2025-12-06 17:54:16,629 - INFO -   Title: Terelay Investment and Development Corporation vs. Cecilia T...
2025-12-06 17:54:16,837 - INFO -   Case already exists: RESTRUCTURED_DB/2015/aug/160924.json
2025-12-06 17:54:17,338 - INFO - 
[684/2500] Processing G.R. No. 161006
2025-12-06 17:54:17,338 - INFO -   Title: Rogelio Baronda vs. Hon. Court of Appeals and Hideco Sugar M...
2025-12-06 17:54:17,724 - INFO -   Case already exists: RESTRUCTURED_DB/2015/oct/161006.json
2025-12-06 17:54:18,225 - INFO - 
[685/2500] Processing G.R. No. 162217
2025-12-06 17:54:18,225 - INFO -   Title: Heirs of Arturo Garcia I vs. Municipality of Zambales...
2025-12-06 17:54:18,433 - INFO -   Case already exists: RESTRUCTURED_DB/2015/jul/162217.json
2025-12-06 17:54:18,934 - INFO - 
[686/2500] Processing G.R. No. 162489
2025-12-06 17:54:18,934 - INFO -   Title: Bernardo U. Mesina vs. People of the Philippines...
2025-12-06 17:54:19,320 - INFO -   Case already exists: RESTRUCTURED_DB/2015/jun/162489.json
2025-12-06 17:54:19,820 - INFO - 
[687/2500] Processing G.R. No. 162692
2025-12-06 17:54:19,820 - INFO -   Title: Nilo V. Chipongian vs. Victoria Benitez-Lirio, et al....
2025-12-06 17:54:20,207 - INFO -   Case already exists: RESTRUCTURED_DB/2015/aug/162692.json
2025-12-06 17:54:20,707 - INFO - 
[688/2500] Processing G.R. No. 163116
2025-12-06 17:54:20,707 - INFO -   Title: Allied Banking Corporation vs. Jesus S. Yujuico (deceased), ...
2025-12-06 17:54:21,094 - INFO -   Case already exists: RESTRUCTURED_DB/2015/jun/163116.json
2025-12-06 17:54:21,594 - INFO - 
[689/2500] Processing G.R. No. 163362
2025-12-06 17:54:21,594 - INFO -   Title: Alejandra Arado, et al. vs. Anacleto Alcoran and Elenette Su...
2025-12-06 17:54:21,981 - INFO -   Case already exists: RESTRUCTURED_DB/2015/jul/163362.json
2025-12-06 17:54:22,481 - INFO - 
[690/2500] Processing G.R. No. 163504
2025-12-06 17:54:22,481 - INFO -   Title: Berlinda Oribello vs. Court of Appeals (Special Former Tenth...
2025-12-06 17:54:22,867 - INFO -   Case already exists: RESTRUCTURED_DB/2015/aug/163504.json
2025-12-06 17:54:23,368 - INFO - 
[691/2500] Processing G.R. No. 163598
2025-12-06 17:54:23,368 - INFO -   Title: Agrarian Reform Beneficiaries Association (ARBA), et al. vs....
2025-12-06 17:54:23,756 - INFO -   Case already exists: RESTRUCTURED_DB/2015/aug/163598.json
2025-12-06 17:54:24,257 - INFO - 
[692/2500] Processing G.R. No. 163662
2025-12-06 17:54:24,257 - INFO -   Title: People of the Philippines vs. Julie Grace K. Villanueva...
2025-12-06 17:54:24,467 - INFO -   Case already exists: RESTRUCTURED_DB/2015/feb/163662.json
2025-12-06 17:54:24,967 - INFO - 
[693/2500] Processing G.R. No. 163928
2025-12-06 17:54:24,967 - INFO -   Title: Manuel Jusayan, et al. vs. Heirs of Jorge Sombilla, Sr., nam...
2025-12-06 17:54:25,189 - INFO -   Case already exists: RESTRUCTURED_DB/2015/jan/163928.json
2025-12-06 17:54:25,689 - INFO - 
[694/2500] Processing G.R. No. 164594
2025-12-06 17:54:25,690 - INFO -   Title: Michael Sebastian vs. Annabel Lagmay Ng, rep. by her Attorne...
2025-12-06 17:54:26,075 - INFO -   Case already exists: RESTRUCTURED_DB/2015/apr/164594.json
2025-12-06 17:54:26,576 - INFO - 
[695/2500] Processing G.R. No. 164974
2025-12-06 17:54:26,576 - INFO -   Title: Charlie Te vs. Hon. Augusto V. Breva, et al....
2025-12-06 17:54:26,784 - INFO -   Case already exists: RESTRUCTURED_DB/2015/aug/164974.json
2025-12-06 17:54:27,284 - INFO - 
[696/2500] Processing G.R. No. 165146
2025-12-06 17:54:27,284 - INFO -   Title: Securities and Exchange Commission and Vernette G. Umali vs....
2025-12-06 17:54:27,673 - INFO -   Case already exists: RESTRUCTURED_DB/2015/aug/165146.json
2025-12-06 17:54:28,173 - INFO - 
[697/2500] Processing G.R. No. 165354
2025-12-06 17:54:28,173 - INFO -   Title: Republic of the Philippines, represented by the National Pow...
2025-12-06 17:54:28,560 - INFO -   Case already exists: RESTRUCTURED_DB/2015/jan/165354.json
2025-12-06 17:54:29,060 - INFO - 
[698/2500] Processing G.R. No. 166102
2025-12-06 17:54:29,061 - INFO -   Title: Manila Electric Company vs. the City Assessor and City Treas...
2025-12-06 17:54:29,451 - INFO -   Case already exists: RESTRUCTURED_DB/2015/aug/166102.json
2025-12-06 17:54:29,951 - INFO - 
[699/2500] Processing G.R. No. 166357
2025-12-06 17:54:29,952 - INFO -   Title: Velerio E. Kalaw vs. Ma. Elena Fernandez...
2025-12-06 17:54:30,340 - INFO -   Case already exists: RESTRUCTURED_DB/2015/jan/166357.json
2025-12-06 17:54:30,840 - INFO - 
[700/2500] Processing G.R. No. 166391
2025-12-06 17:54:30,840 - INFO -   Title: Microsoft Corporation vs. Rolando D. Manansala, et al....
2025-12-06 17:54:31,049 - INFO -   Case already exists: RESTRUCTURED_DB/2015/oct/166391.json
2025-12-06 17:54:31,550 - INFO - 
[701/2500] Processing G.R. No. 166573
2025-12-06 17:54:31,550 - INFO -   Title: Nememcio C. Pulumbarit, Sr. vs. the Court of Appeals, et al....
2025-12-06 17:54:32,372 - WARNING -   ✗ Could not fetch case from any URL
2025-12-06 17:54:32,373 - INFO - 
[702/2500] Processing G.R. No. 166581
2025-12-06 17:54:32,373 - INFO -   Title: Solidbank Corporation vs. Court of Appeals, et al./Danilo H....
2025-12-06 17:54:32,764 - INFO -   Case already exists: RESTRUCTURED_DB/2015/dec/166581.json
2025-12-06 17:54:33,264 - INFO - 
[703/2500] Processing G.R. No. 167052
2025-12-06 17:54:33,264 - INFO -   Title: BPI Securities Corporation vs Edgardo V. Guevarra, substitut...
2025-12-06 17:54:33,675 - INFO -   Case already exists: RESTRUCTURED_DB/2015/mar/167052.json
2025-12-06 17:54:34,175 - INFO - 
[704/2500] Processing G.R. No. 167134
2025-12-06 17:54:34,175 - INFO -   Title: Commissioner of Internal Revenue vs Traders Royal Bank...
2025-12-06 17:54:34,563 - INFO -   Case already exists: RESTRUCTURED_DB/2015/mar/167134.json
2025-12-06 17:54:35,064 - INFO - 
[705/2500] Processing G.R. No. 167510
2025-12-06 17:54:35,064 - INFO -   Title: Alvin Mercado vs. People of the Philippines...
2025-12-06 17:54:35,274 - INFO -   Case already exists: RESTRUCTURED_DB/2015/jul/167510.json
2025-12-06 17:54:35,775 - INFO - 
[706/2500] Processing G.R. No. 167519
2025-12-06 17:54:35,775 - INFO -   Title: The Wellex Group, Inc. vs. U-Land Airlines, Co., Ltd....
2025-12-06 17:54:36,347 - INFO -   Case already exists: RESTRUCTURED_DB/2015/jan/167519.json
2025-12-06 17:54:36,847 - INFO - 
[707/2500] Processing G.R. No. 167679
2025-12-06 17:54:36,847 - INFO -   Title: ING Bank N.V. vs. Commissioner of Internal Revenue...
2025-12-06 17:54:37,240 - INFO -   Case already exists: RESTRUCTURED_DB/2015/jul/167679.json
2025-12-06 17:54:37,740 - INFO - 
[708/2500] Processing G.R. No. 167797
2025-12-06 17:54:37,740 - INFO -   Title: Metro Manila Transit Corp. vs. Reynaldo Cuevas and Junnel Cu...
2025-12-06 17:54:37,957 - INFO -   Case already exists: RESTRUCTURED_DB/2015/jun/167797.json
2025-12-06 17:54:38,458 - INFO - 
[709/2500] Processing G.R. No. 167838
2025-12-06 17:54:38,458 - INFO -   Title: Jose V. Toledo, et al. vs. Court of Appeals, et al....
2025-12-06 17:54:38,846 - INFO -   Case already exists: RESTRUCTURED_DB/2015/aug/167838.json
2025-12-06 17:54:39,346 - INFO - 
[710/2500] Processing G.R. No. 167975
2025-12-06 17:54:39,346 - INFO -   Title: Gilda Jardeleza (deceased), substituted by her heirs, namely...
2025-12-06 17:54:39,554 - INFO -   Case already exists: RESTRUCTURED_DB/2015/jun/167975.json
2025-12-06 17:54:40,054 - INFO - 
[711/2500] Processing G.R. No. 168157
2025-12-06 17:54:40,054 - INFO -   Title: Hilario P. Soriano vs. Deputy Ombudsman for Luzon Victor C. ...
2025-12-06 17:54:40,441 - INFO -   Case already exists: RESTRUCTURED_DB/2015/aug/168157.json
2025-12-06 17:54:40,941 - INFO - 
[712/2500] Processing G.R. No. 168258
2025-12-06 17:54:40,941 - INFO -   Title: Ricardo V. Quintos vs. Development Bank of the Philippines, ...
2025-12-06 17:54:41,509 - INFO -   Case already exists: RESTRUCTURED_DB/2015/aug/168258.json
2025-12-06 17:54:42,009 - INFO - 
[713/2500] Processing G.R. No. 168406
2025-12-06 17:54:42,009 - INFO -   Title: Club Filipino, Inc. and Atty. Roberto F. De Leon vs. Benjami...
2025-12-06 17:54:42,229 - INFO -   Case already exists: RESTRUCTURED_DB/2015/jan/168406.json
2025-12-06 17:54:42,729 - INFO - 
[714/2500] Processing G.R. No. 168616
2025-12-06 17:54:42,730 - INFO -   Title: Home Guaranty Corporation vs. La Savoie Development Corporat...
2025-12-06 17:54:43,125 - INFO -   Case already exists: RESTRUCTURED_DB/2015/jan/168616.json
2025-12-06 17:54:43,625 - INFO - 
[715/2500] Processing G.R. No. 168950
2025-12-06 17:54:43,625 - INFO -   Title: ROHM Apollo Semiconductor Philippines, Inc. vs. Commissioner...
2025-12-06 17:54:43,834 - INFO -   Case already exists: RESTRUCTURED_DB/2015/jan/168950.json
2025-12-06 17:54:44,334 - INFO - 
[716/2500] Processing G.R. No. 169158
2025-12-06 17:54:44,334 - INFO -   Title: Pentagon International Shipping Services, Inc. vs. the Court...
2025-12-06 17:54:44,543 - INFO -   Case already exists: RESTRUCTURED_DB/2015/jul/169158.json
2025-12-06 17:54:45,043 - INFO - 
[717/2500] Processing G.R. No. 169303
2025-12-06 17:54:45,043 - INFO -   Title: Protective Maximum Security Agency, Inc. vs. Celso E. Fuente...
2025-12-06 17:54:45,612 - INFO -   Case already exists: RESTRUCTURED_DB/2015/feb/169303.json
2025-12-06 17:54:46,113 - INFO - 
[718/2500] Processing G.R. No. 169343
2025-12-06 17:54:46,113 - INFO -   Title: San Miguel Properties, Inc. vs. BF Homes, Inc....
2025-12-06 17:54:46,502 - INFO -   Case already exists: RESTRUCTURED_DB/2015/aug/169343.json
2025-12-06 17:54:47,003 - INFO - 
[719/2500] Processing G.R. No. 169385
2025-12-06 17:54:47,003 - INFO -   Title: Teofilo Giangan, Santos Bontia (deceased), and Liberato Duma...
2025-12-06 17:54:47,211 - INFO -   Case already exists: RESTRUCTURED_DB/2015/aug/169385.json
2025-12-06 17:54:47,712 - INFO - 
[720/2500] Processing G.R. No. 169407
2025-12-06 17:54:47,712 - INFO -   Title: Bank of the Philippine Islands vs Amador Domingo (deceased) ...
2025-12-06 17:54:48,100 - INFO -   Case already exists: RESTRUCTURED_DB/2015/mar/169407.json
2025-12-06 17:54:48,600 - INFO - 
[721/2500] Processing G.R. No. 169442
2025-12-06 17:54:48,600 - INFO -   Title: Republic of the Philippines vs. Antonio V. Bañez, et al....
2025-12-06 17:54:48,810 - INFO -   Case already exists: RESTRUCTURED_DB/2015/oct/169442.json
2025-12-06 17:54:49,311 - INFO - 
[722/2500] Processing G.R. No. 169457
2025-12-06 17:54:49,311 - INFO -   Title: The Consolidated Bank and Trust Corporation vs. the Court of...
2025-12-06 17:54:49,701 - INFO -   Case already exists: RESTRUCTURED_DB/2015/oct/169457.json
2025-12-06 17:54:50,201 - INFO - 
[723/2500] Processing G.R. No. 169457
2025-12-06 17:54:50,201 - INFO -   Title: The Consolidated Bank and Trust Corporation vs. the Court of...
2025-12-06 17:54:50,591 - INFO -   Case already exists: RESTRUCTURED_DB/2015/oct/169457.json
2025-12-06 17:54:51,092 - INFO - 
[724/2500] Processing G.R. No. 169710
2025-12-06 17:54:51,092 - INFO -   Title: Republic of the Philippines vs. Jose Alberto Alba, represent...
2025-12-06 17:54:51,309 - INFO -   Case already exists: RESTRUCTURED_DB/2015/aug/169710.json
2025-12-06 17:54:51,809 - INFO - 
[725/2500] Processing G.R. No. 170134
2025-12-06 17:54:51,809 - INFO -   Title: Angel V. Talampas, Jr. vs. Moldex Realty, Inc....
2025-12-06 17:54:52,197 - INFO -   Case already exists: RESTRUCTURED_DB/2015/jun/170134.json
2025-12-06 17:54:52,697 - INFO - 
[726/2500] Processing G.R. No. 170671
2025-12-06 17:54:52,697 - INFO -   Title: Filadelta T. Lausa, et al. vs. Mauricia Quilanton, et al....
2025-12-06 17:54:53,084 - INFO -   Case already exists: RESTRUCTURED_DB/2015/aug/170671.json
2025-12-06 17:54:53,584 - INFO - 
[727/2500] Processing G.R. No. 170706
2025-12-06 17:54:53,584 - INFO -   Title: Prudencio Caranto vs. Bergesen D.Y. Phils. and/or Bergesen D...
2025-12-06 17:54:53,793 - INFO -   Case already exists: RESTRUCTURED_DB/2015/aug/170706.json
2025-12-06 17:54:54,293 - INFO - 
[728/2500] Processing G.R. No. 171095
2025-12-06 17:54:54,293 - INFO -   Title: Mayor Marcial Vargas and Engr. Ramund Del Rosario vs. Fortun...
2025-12-06 17:54:54,681 - INFO -   Case already exists: RESTRUCTURED_DB/2015/jun/171095.json
2025-12-06 17:54:55,181 - INFO - 
[729/2500] Processing G.R. No. 171172
2025-12-06 17:54:55,181 - INFO -   Title: Bank of the Philippines vs. Spouses Johnson & Evelyn Co & Ju...
2025-12-06 17:54:55,568 - INFO -   Case already exists: RESTRUCTURED_DB/2015/nov/171172.json
2025-12-06 17:54:56,068 - INFO - 
[730/2500] Processing G.R. No. 171222
2025-12-06 17:54:56,068 - INFO -   Title: People of the Philippines vs. Ltsg. Dominador Bayabos, et al...
2025-12-06 17:54:56,277 - INFO -   Case already exists: RESTRUCTURED_DB/2015/feb/171222.json
2025-12-06 17:54:56,777 - INFO - 
[731/2500] Processing G.R. No. 171247
2025-12-06 17:54:56,777 - INFO -   Title: Alfredo L. Villamor, Jr. vs. Hon. Amelia C. Manalastas, et a...
2025-12-06 17:54:57,164 - INFO -   Case already exists: RESTRUCTURED_DB/2015/jul/171247.json
2025-12-06 17:54:57,664 - INFO - 
[732/2500] Processing G.R. No. 171284
2025-12-06 17:54:57,665 - INFO -   Title: Alfredo Dulin y Narag vs. People of the Philippines...
2025-12-06 17:54:57,885 - INFO -   Case already exists: RESTRUCTURED_DB/2015/jun/171284.json
2025-12-06 17:54:58,385 - INFO - 
[733/2500] Processing G.R. No. 171582
2025-12-06 17:54:58,385 - INFO -   Title: Alberto T. Lasala vs. the National Food Authority...
2025-12-06 17:54:58,774 - INFO -   Case already exists: RESTRUCTURED_DB/2015/aug/171582.json
2025-12-06 17:54:59,274 - INFO - 
[734/2500] Processing G.R. No. 171601
2025-12-06 17:54:59,274 - INFO -   Title: Spouses Bonifacio and Lucia Paras vs. Kimwa Construction and...
2025-12-06 17:54:59,490 - INFO -   Case already exists: RESTRUCTURED_DB/2015/apr/171601.json
2025-12-06 17:54:59,990 - INFO - 
[735/2500] Processing G.R. No. 171672
2025-12-06 17:54:59,990 - INFO -   Title: Marieta De Castro vs. People of the Philippines...
2025-12-06 17:55:00,199 - INFO -   Case already exists: RESTRUCTURED_DB/2015/feb/171672.json
2025-12-06 17:55:00,700 - INFO - 
[736/2500] Processing G.R. No. 171804
2025-12-06 17:55:00,700 - INFO -   Title: The Register of Deeds of Negros Occidental and the National ...
2025-12-06 17:55:01,090 - INFO -   Case already exists: RESTRUCTURED_DB/2015/aug/171804.json
2025-12-06 17:55:01,590 - INFO - 
[737/2500] Processing G.R. No. 171897
2025-12-06 17:55:01,590 - INFO -   Title: Philippine Trust Company vs. Floro Roxas and Eufemia Roxas...
2025-12-06 17:55:01,800 - INFO -   Case already exists: RESTRUCTURED_DB/2015/oct/171897.json
2025-12-06 17:55:02,301 - INFO - 
[738/2500] Processing G.R. No. 171953
2025-12-06 17:55:02,301 - INFO -   Title: National Housing Authority vs. Ernesto Roxas...
2025-12-06 17:55:02,510 - INFO -   Case already exists: RESTRUCTURED_DB/2015/oct/171953.json
2025-12-06 17:55:03,010 - INFO - 
[739/2500] Processing G.R. No. 172301
2025-12-06 17:55:03,010 - INFO -   Title: Philippine National Construction Corporation vs. Asiavest Me...
2025-12-06 17:55:03,402 - INFO -   Case already exists: RESTRUCTURED_DB/2015/aug/172301.json
2025-12-06 17:55:03,902 - INFO - 
[740/2500] Processing G.R. No. 172509
2025-12-06 17:55:03,902 - INFO -   Title: China Banking Corporation vs. Commisssioner of Internal Reve...
2025-12-06 17:55:04,112 - INFO -   Case already exists: RESTRUCTURED_DB/2015/feb/172509.json
2025-12-06 17:55:04,612 - INFO - 
[741/2500] Processing G.R. No. 172637
2025-12-06 17:55:04,612 - INFO -   Title: Office of the Ombudsman-Visayas and Emily Rose Ko Lim Chao v...
2025-12-06 17:55:04,821 - INFO -   Case already exists: RESTRUCTURED_DB/2015/apr/172637.json
2025-12-06 17:55:05,321 - INFO - 
[742/2500] Processing G.R. No. 172720
2025-12-06 17:55:05,322 - INFO -   Title: Eliseo Maltos and Rosita Maltos vs. Heirs of Eusebio Borrome...
2025-12-06 17:55:05,714 - INFO -   Case already exists: RESTRUCTURED_DB/2015/sep/172720.json
2025-12-06 17:55:06,214 - INFO - 
[743/2500] Processing G.R. No. 172902
2025-12-06 17:55:06,214 - INFO -   Title: Ramon Ike V. Señeres vs. Delfin Jay M. Sabido IX, et al....
2025-12-06 17:55:06,604 - INFO -   Case already exists: RESTRUCTURED_DB/2015/oct/172902.json
2025-12-06 17:55:07,104 - INFO - 
[744/2500] Processing G.R. No. 172961
2025-12-06 17:55:07,104 - INFO -   Title: Pedro Mendoza, et al. vs. Reynosa Valte...
2025-12-06 17:55:07,497 - INFO -   Case already exists: RESTRUCTURED_DB/2015/sep/172961.json
2025-12-06 17:55:07,997 - INFO - 
[745/2500] Processing G.R. No. 172980
2025-12-06 17:55:07,998 - INFO -   Title: Celso F. Pascual, Sr. and Serafin Terncio vs. Canigan Credit...
2025-12-06 17:55:08,207 - INFO -   Case already exists: RESTRUCTURED_DB/2015/jul/172980.json
2025-12-06 17:55:08,707 - INFO - 
[746/2500] Processing G.R. No. 172983
2025-12-06 17:55:08,707 - INFO -   Title: Far East Bank and Trust Company vs. Philippine Deposit Insur...
2025-12-06 17:55:09,099 - INFO -   Case already exists: RESTRUCTURED_DB/2015/jul/172983.json
2025-12-06 17:55:09,599 - INFO - 
[747/2500] Processing G.R. No. 173134
2025-12-06 17:55:09,599 - INFO -   Title: Bank of the Philippine Islands vs. Tacila Fernandez...
2025-12-06 17:55:09,811 - INFO -   Case already exists: RESTRUCTURED_DB/2015/sep/173134.json
2025-12-06 17:55:10,311 - INFO - 
[748/2500] Processing G.R. No. 173148
2025-12-06 17:55:10,311 - INFO -   Title: Elisa Degayo vs. Cecilia Magbanua-Dinglasan, et al....
2025-12-06 17:55:10,521 - INFO -   Case already exists: RESTRUCTURED_DB/2015/apr/173148.json
2025-12-06 17:55:11,021 - INFO - 
[749/2500] Processing G.R. No. 173186
2025-12-06 17:55:11,021 - INFO -   Title: Aniceto Uy vs Court of Appeals, Mindanao Station, Cagayan de...
2025-12-06 17:55:11,409 - INFO -   Case already exists: RESTRUCTURED_DB/2015/sep/173186.json
2025-12-06 17:55:11,910 - INFO - 
[750/2500] Processing G.R. No. 173241
2025-12-06 17:55:11,910 - INFO -   Title: Silicon Philippines, Inc. (formerly Intel Philippines Manufa...
2025-12-06 17:55:12,119 - INFO -   Case already exists: RESTRUCTURED_DB/2015/mar/173241.json
2025-12-06 17:55:12,619 - INFO - 
[751/2500] Processing G.R. No. 173277
2025-12-06 17:55:12,619 - INFO -   Title: Office of the Ombudsman vs. Prudencio C. Quimbo...
2025-12-06 17:55:12,829 - INFO -   Case already exists: RESTRUCTURED_DB/2015/feb/173277.json
2025-12-06 17:55:13,329 - INFO - 
[752/2500] Processing G.R. No. 173783
2025-12-06 17:55:13,329 - INFO -   Title: Reviera Golf Club, Inc. vs. CCA Holdings, B.V....
2025-12-06 17:55:13,715 - INFO -   Case already exists: RESTRUCTURED_DB/2015/jun/173783.json
2025-12-06 17:55:14,215 - INFO - 
[753/2500] Processing G.R. No. 173864
2025-12-06 17:55:14,215 - INFO -   Title: Bangko Sentral Ng Pilipinas vs. Agustin Libo-On...
2025-12-06 17:55:15,359 - INFO -   Case already exists: RESTRUCTURED_DB/2015/nov/173864.json
2025-12-06 17:55:15,860 - INFO - 
[754/2500] Processing G.R. No. 174115
2025-12-06 17:55:15,860 - INFO -   Title: Punongbayan and Araullo (P&A), et al. vs. Roberto Ponce Lepo...
2025-12-06 17:55:16,426 - INFO -   Case already exists: RESTRUCTURED_DB/2015/nov/174115.json
2025-12-06 17:55:16,926 - INFO - 
[755/2500] Processing G.R. No. 174161
2025-12-06 17:55:16,926 - INFO -   Title: R. Transport Corporation vs. Luisito G. Yu...
2025-12-06 17:55:17,312 - INFO -   Case already exists: RESTRUCTURED_DB/2015/feb/174161.json
2025-12-06 17:55:17,813 - INFO - 
[756/2500] Processing G.R. No. 174184
2025-12-06 17:55:17,813 - INFO -   Title: G.J.T. Rebuilders Machine Shop, Godofredo Trillana and Julia...
2025-12-06 17:55:18,379 - INFO -   Case already exists: RESTRUCTURED_DB/2015/jan/174184.json
2025-12-06 17:55:18,879 - INFO - 
[757/2500] Processing G.R. No. 174185
2025-12-06 17:55:18,879 - INFO -   Title: Republic of the Philippines vs. Wilfredo Mancao...
2025-12-06 17:55:19,265 - INFO -   Case already exists: RESTRUCTURED_DB/2015/jul/174185.json
2025-12-06 17:55:19,765 - INFO - 
[758/2500] Processing G.R. No. 174202
2025-12-06 17:55:19,765 - INFO -   Title: Dynamic Builders & Construction Co. (Phils.), Inc. vs. Hon. ...
2025-12-06 17:55:20,333 - INFO -   Case already exists: RESTRUCTURED_DB/2015/apr/174202.json
2025-12-06 17:55:20,833 - INFO - 
[759/2500] Processing G.R. No. 174387
2025-12-06 17:55:20,833 - INFO -   Title: BF Corporation vs. Verdenberg International Corporation...
2025-12-06 17:55:21,404 - INFO -   Case already exists: RESTRUCTURED_DB/2015/dec/174387.json
2025-12-06 17:55:21,904 - INFO - 
[760/2500] Processing G.R. No. 174542
2025-12-06 17:55:21,904 - INFO -   Title: Karen Go vs. Lamberto Echavez...
2025-12-06 17:55:22,292 - INFO -   Case already exists: RESTRUCTURED_DB/2015/aug/174542.json
2025-12-06 17:55:22,792 - INFO - 
[761/2500] Processing G.R. No. 174581
2025-12-06 17:55:22,792 - INFO -   Title: Atty. Leo N. Caubang vs. Jesus G. Crisologo and Nanette B. C...
2025-12-06 17:55:23,000 - INFO -   Case already exists: RESTRUCTURED_DB/2015/feb/174581.json
2025-12-06 17:55:23,500 - INFO - 
[762/2500] Processing G.R. No. 175098
2025-12-06 17:55:23,500 - INFO -   Title: Ismael V. Crisostomo vs. Martin P. Victoria...
2025-12-06 17:55:23,887 - INFO -   Case already exists: RESTRUCTURED_DB/2015/aug/175098.json
2025-12-06 17:55:24,387 - INFO - 
[763/2500] Processing G.R. No. 175188
2025-12-06 17:55:24,388 - INFO -   Title: Commissioner of Internal Revenue vs. La Tondeña Distillers, ...
2025-12-06 17:55:24,774 - INFO -   Case already exists: RESTRUCTURED_DB/2015/jul/175188.json
2025-12-06 17:55:25,274 - INFO - 
[764/2500] Processing G.R. No. 175198
2025-12-06 17:55:25,274 - INFO -   Title: Alejandro Ceprado, Jr., Ronilo Sebial, Nicanor Olivar, Alvin...
2025-12-06 17:55:25,662 - INFO -   Case already exists: RESTRUCTURED_DB/2015/sep/175198.json
2025-12-06 17:55:26,162 - INFO - 
[765/2500] Processing G.R. No. 175278
2025-12-06 17:55:26,162 - INFO -   Title: GSIS Family Bank-Thrift Bank (Formerly Comsavings Bank, Inc....
2025-12-06 17:55:26,553 - INFO -   Case already exists: RESTRUCTURED_DB/2015/sep/175278.json
2025-12-06 17:55:27,053 - INFO - 
[766/2500] Processing G.R. No. 175378
2025-12-06 17:55:27,053 - INFO -   Title: Multi-International Business Data System, Inc. vs. Ruel Mart...
2025-12-06 17:55:27,440 - INFO -   Case already exists: RESTRUCTURED_DB/2015/nov/175378.json
2025-12-06 17:55:27,940 - INFO - 
[767/2500] Processing G.R. No. 175417
2025-12-06 17:55:27,940 - INFO -   Title: General Miariano Alvarez Services Cooperative, Inc. (GEMASCO...
2025-12-06 17:55:28,325 - INFO -   Case already exists: RESTRUCTURED_DB/2015/feb/175417.json
2025-12-06 17:55:28,826 - INFO - 
[768/2500] Processing G.R. No. 175433
2025-12-06 17:55:28,826 - INFO -   Title: Atty. Jacinto C. Gonzales vs Maila Clemen F. Serrano...
2025-12-06 17:55:29,391 - INFO -   Case already exists: RESTRUCTURED_DB/2015/mar/175433.json
2025-12-06 17:55:29,891 - INFO - 
[769/2500] Processing G.R. No. 175483
2025-12-06 17:55:29,891 - INFO -   Title: Valentino S. Clemente vs. the Court of Appeals, Annie Shotwe...
2025-12-06 17:55:30,289 - INFO -   Case already exists: RESTRUCTURED_DB/2015/oct/175483.json
2025-12-06 17:55:30,790 - INFO - 
[770/2500] Processing G.R. No. 175493
2025-12-06 17:55:30,790 - INFO -   Title: Republic of the Philippines vs. Heirs of Gabriel Q. Fernande...
2025-12-06 17:55:31,355 - INFO -   Case already exists: RESTRUCTURED_DB/2015/mar/175493.json
2025-12-06 17:55:31,856 - INFO - 
[771/2500] Processing G.R. No. 175733
2025-12-06 17:55:31,856 - INFO -   Title: Westmont Bank (now United Overseas Bank Phils.) vs. Funai Ph...
2025-12-06 17:55:32,245 - INFO -   Case already exists: RESTRUCTURED_DB/2015/jul/175733.json
2025-12-06 17:55:32,745 - INFO - 
[772/2500] Processing G.R. No. 175795
2025-12-06 17:55:32,745 - INFO -   Title: Normilito R. Cagatin vs. Magsaysay Maritime Corporation and ...
2025-12-06 17:55:33,680 - INFO -   Case already exists: RESTRUCTURED_DB/2015/jun/175795.json
2025-12-06 17:55:34,181 - INFO - 
[773/2500] Processing G.R. No. 175796
2025-12-06 17:55:34,181 - INFO -   Title: BPI Family Savings Bank, Inc. vs. Spouses Benedicto & Teresi...
2025-12-06 17:55:34,385 - INFO -   Case already exists: RESTRUCTURED_DB/2015/jul/175796.json
2025-12-06 17:55:34,885 - INFO - 
[774/2500] Processing G.R. No. 175842
2025-12-06 17:55:34,885 - INFO -   Title: Nilo Macayan, Jr. y Malana vs People of the Philippines...
2025-12-06 17:55:35,264 - INFO -   Case already exists: RESTRUCTURED_DB/2015/mar/175842.json
2025-12-06 17:55:35,764 - INFO - 
[775/2500] Processing G.R. No. 175863
2025-12-06 17:55:35,764 - INFO -   Title: National Power Corporation vs. Lucman M. Ibrahim (represente...
2025-12-06 17:55:36,142 - INFO -   Case already exists: RESTRUCTURED_DB/2015/feb/175863.json
2025-12-06 17:55:36,642 - INFO - 
[776/2500] Processing G.R. No. 175999
2025-12-06 17:55:36,642 - INFO -   Title: Nelson Lai y Bilbao vs. People of the Philippines...
2025-12-06 17:55:36,847 - INFO -   Case already exists: RESTRUCTURED_DB/2015/jul/175999.json
2025-12-06 17:55:37,347 - INFO - 
[777/2500] Processing G.R. No. 176022
2025-12-06 17:55:37,347 - INFO -   Title: Republic of the Philippines vs. Cecilia Grace L. Roasa, marr...
2025-12-06 17:55:37,551 - INFO -   Case already exists: RESTRUCTURED_DB/2015/feb/176022.json
2025-12-06 17:55:38,051 - INFO - 
[778/2500] Processing G.R. No. 176033
2025-12-06 17:55:38,051 - INFO -   Title: Fililibeth Aguinaldo, et al. vs Judge Felixberto T. Olalia, ...
2025-12-06 17:55:38,428 - INFO -   Case already exists: RESTRUCTURED_DB/2015/mar/176033.json
2025-12-06 17:55:38,929 - INFO - 
[779/2500] Processing G.R. No. 176114
2025-12-06 17:55:38,929 - INFO -   Title: Grace San Diego y Trinidad vs. the People of the Philippines...
2025-12-06 17:55:39,305 - INFO -   Case already exists: RESTRUCTURED_DB/2015/apr/176114.json
2025-12-06 17:55:39,805 - INFO - 
[780/2500] Processing G.R. No. 176394
2025-12-06 17:55:39,805 - INFO -   Title: Col. Orlando E. De Leon vs. Lt. Gen. Hermogenes C. Esperon, ...
2025-12-06 17:55:40,184 - INFO -   Case already exists: RESTRUCTURED_DB/2015/oct/176394.json
2025-12-06 17:55:40,684 - INFO - 
[781/2500] Processing G.R. No. 176508
2025-12-06 17:55:40,684 - INFO -   Title: Saint Mary Crusade to Alleviate Poverty of Brethren Foundati...
2025-12-06 17:55:40,888 - INFO -   Case already exists: RESTRUCTURED_DB/2015/jan/176508.json
2025-12-06 17:55:41,388 - INFO - 
[782/2500] Processing G.R. No. 176908
2025-12-06 17:55:41,388 - INFO -   Title: Purisimo M. Cabaobas, et al. vs Pepsi-Cola Products, Philipp...
2025-12-06 17:55:41,592 - INFO -   Case already exists: RESTRUCTURED_DB/2015/nov/176908.json
2025-12-06 17:55:42,092 - INFO - 
[783/2500] Processing G.R. No. 176908
2025-12-06 17:55:42,092 - INFO -   Title: Purisimo M. Cabaobas, et al. vs Pepsi-Cola Products Philippi...
2025-12-06 17:55:42,470 - INFO -   Case already exists: RESTRUCTURED_DB/2015/mar/176908.json
2025-12-06 17:55:42,971 - INFO - 
[784/2500] Processing G.R. No. 176973
2025-12-06 17:55:42,971 - INFO -   Title: David M. David vs. Federico M. Paragas Jr....
2025-12-06 17:55:43,348 - INFO -   Case already exists: RESTRUCTURED_DB/2015/feb/176973.json
2025-12-06 17:55:43,848 - INFO - 
[785/2500] Processing G.R. No. 177168
2025-12-06 17:55:43,848 - INFO -   Title: Navy Officer's Village Association, Inc. (NOVAI) vs. Republi...
2025-12-06 17:55:44,228 - INFO -   Case already exists: RESTRUCTURED_DB/2015/aug/177168.json
2025-12-06 17:55:44,728 - INFO - 
[786/2500] Processing G.R. No. 177600
2025-12-06 17:55:44,728 - INFO -   Title: Mayor Anwar Berua Balindong, et al. vs. Court of Appeals, et...
2025-12-06 17:55:44,934 - INFO -   Case already exists: RESTRUCTURED_DB/2015/oct/177600.json
2025-12-06 17:55:45,434 - INFO - 
[787/2500] Processing G.R. No. 177600
2025-12-06 17:55:45,434 - INFO -   Title: Mayor Anwar Berua Balindong, et al. vs. Court of Appeals, et...
2025-12-06 17:55:45,812 - INFO -   Case already exists: RESTRUCTURED_DB/2015/oct/177600.json
2025-12-06 17:55:46,312 - INFO - 
[788/2500] Processing G.R. No. 177803
2025-12-06 17:55:46,312 - INFO -   Title: Spouses Emiliano L. Jalbay, Sr. vs. Mamerta C. Jalbay vs. Ph...
2025-12-06 17:55:46,515 - INFO -   Case already exists: RESTRUCTURED_DB/2015/aug/177803.json
2025-12-06 17:55:47,015 - INFO - 
[789/2500] Processing G.R. No. 178169
2025-12-06 17:55:47,016 - INFO -   Title: NFF Industrial Corporation vs. G & L Associates Brokerage an...
2025-12-06 17:55:47,395 - INFO -   Case already exists: RESTRUCTURED_DB/2015/jan/178169.json
2025-12-06 17:55:47,895 - INFO - 
[790/2500] Processing G.R. No. 178317
2025-12-06 17:55:47,895 - INFO -   Title: Spouses Ricardo and Elena C. Golez vs Meliton Nemeño...
2025-12-06 17:55:48,273 - INFO -   Case already exists: RESTRUCTURED_DB/2015/sep/178317.json
2025-12-06 17:55:48,773 - INFO - 
[791/2500] Processing G.R. No. 178407
2025-12-06 17:55:48,773 - INFO -   Title: Metropolitan Bank and Trust Company vs S.F. Naguiat Enterpri...
2025-12-06 17:55:49,154 - INFO -   Case already exists: RESTRUCTURED_DB/2015/mar/178407.json
2025-12-06 17:55:49,654 - INFO - 
[792/2500] Processing G.R. No. 179025
2025-12-06 17:55:49,654 - INFO -   Title: Cebu State College of Science and Technology (CSCST), repres...
2025-12-06 17:55:49,864 - INFO -   Case already exists: RESTRUCTURED_DB/2015/jun/179025.json
2025-12-06 17:55:50,365 - INFO - 
[793/2500] Processing G.R. No. 179121
2025-12-06 17:55:50,365 - INFO -   Title: Margarita M. Benedicto-Muñoz vs Maria Angeles Cacho-Olivares...
2025-12-06 17:55:50,744 - INFO -   Case already exists: RESTRUCTURED_DB/2015/nov/179121.json
2025-12-06 17:55:51,244 - INFO - 
[794/2500] Processing G.R. No. 179226
2025-12-06 17:55:51,244 - INFO -   Title: Ma. Susana A. Awatin and on behalf of the heirs/beneficiarie...
2025-12-06 17:55:51,448 - INFO -   Case already exists: RESTRUCTURED_DB/2015/jun/179226.json
2025-12-06 17:55:51,948 - INFO - 
[795/2500] Processing G.R. No. 179257
2025-12-06 17:55:51,948 - INFO -   Title: United Alloy Philippines Corporation vs. United Coconut Plan...
2025-12-06 17:55:52,328 - INFO -   Case already exists: RESTRUCTURED_DB/2015/nov/179257.json
2025-12-06 17:55:52,828 - INFO - 
[796/2500] Processing G.R. No. 179334
2025-12-06 17:55:52,828 - INFO -   Title: Secretary of the Department of Public Works and Highways and...
2025-12-06 17:55:53,208 - INFO -   Case already exists: RESTRUCTURED_DB/2015/apr/179334.json
2025-12-06 17:55:53,708 - INFO - 
[797/2500] Processing G.R. No. 179457
2025-12-06 17:55:53,708 - INFO -   Title: Wilfredo De Vera, et al. vs. Spouses Eugenio Santiago, Sr. a...
2025-12-06 17:55:53,912 - INFO -   Case already exists: RESTRUCTURED_DB/2015/jun/179457.json
2025-12-06 17:55:54,412 - INFO - 
[798/2500] Processing G.R. No. 179491
2025-12-06 17:55:54,413 - INFO -   Title: Alejandro C. Almendras, Jr. vs. Alexis C. Almendras...
2025-12-06 17:55:54,625 - INFO -   Case already exists: RESTRUCTURED_DB/2015/jan/179491.json
2025-12-06 17:55:55,125 - INFO - 
[799/2500] Processing G.R. No. 179640
2025-12-06 17:55:55,125 - INFO -   Title: Hacienda Cataywa/Manuel Villanueva, owner, et al. vs Rosario...
2025-12-06 17:55:55,502 - INFO -   Case already exists: RESTRUCTURED_DB/2015/mar/179640.json
2025-12-06 17:55:56,003 - INFO - 
[800/2500] Processing G.R. No. 179741
2025-12-06 17:55:56,003 - INFO -   Title: Heirs of Spouses Hilario Marinas and Bernardina N. Marinas v...
2025-12-06 17:55:56,383 - INFO -   Case already exists: RESTRUCTURED_DB/2015/dec/179741.json
2025-12-06 17:55:56,883 - INFO - 
[801/2500] Processing G.R. No. 179751
2025-12-06 17:55:56,883 - INFO -   Title: Herminia L. Mendoza, in her capacity as OIC of the Register ...
2025-12-06 17:55:57,089 - INFO -   Case already exists: RESTRUCTURED_DB/2015/aug/179751.json
2025-12-06 17:55:57,589 - INFO - 
[802/2500] Processing G.R. No. 179789
2025-12-06 17:55:57,589 - INFO -   Title: Pinewoo Marine (Phils.), Inc. vs. EMCO Plywood Corporation, ...
2025-12-06 17:55:57,967 - INFO -   Case already exists: RESTRUCTURED_DB/2015/jun/179789.json
2025-12-06 17:55:58,467 - INFO - 
[803/2500] Processing G.R. No. 179814
2025-12-06 17:55:58,467 - INFO -   Title: Wilfred N. Chiok vs. People of the Philippines / Rufina Chua...
2025-12-06 17:55:58,847 - INFO -   Case already exists: RESTRUCTURED_DB/2015/dec/179814.json
2025-12-06 17:55:59,348 - INFO - 
[804/2500] Processing G.R. No. 179874
2025-12-06 17:55:59,348 - INFO -   Title: Adelfa Dio Tolentino, et al. vs. Spouses Maria Jerera and Eb...
2025-12-06 17:55:59,727 - INFO -   Case already exists: RESTRUCTURED_DB/2015/jun/179874.json
2025-12-06 17:56:00,227 - INFO - 
[805/2500] Processing G.R. No. 180147
2025-12-06 17:56:00,227 - INFO -   Title: Sara Lee Philippines, Inc. vs. Emilinda D. Macatlang, et al....
2025-12-06 17:56:00,431 - INFO -   Case already exists: RESTRUCTURED_DB/2015/jan/180147.json
2025-12-06 17:56:00,932 - INFO - 
[806/2500] Processing G.R. No. 180323
2025-12-06 17:56:00,932 - INFO -   Title: Purina Philippines, Inc. vs Hon. Waldo Q. Flores, etc....
2025-12-06 17:56:01,136 - INFO -   Case already exists: RESTRUCTURED_DB/2015/sep/180323.json
2025-12-06 17:56:01,636 - INFO - 
[807/2500] Processing G.R. No. 180771
2025-12-06 17:56:01,637 - INFO -   Title: Resident Marine Mammals of the Protected Seascape Tañon Stra...
2025-12-06 17:56:02,191 - INFO -   Case already exists: RESTRUCTURED_DB/2015/apr/180771.json
2025-12-06 17:56:02,691 - INFO - 
[808/2500] Processing G.R. No. 181057
2025-12-06 17:56:02,691 - INFO -   Title: Josefina C. Billote, represented by her Attorneys-in-Fact, W...
2025-12-06 17:56:02,896 - INFO -   Case already exists: RESTRUCTURED_DB/2015/jun/181057.json
2025-12-06 17:56:03,396 - INFO - 
[809/2500] Processing G.R. No. 181111
2025-12-06 17:56:03,396 - INFO -   Title: Jackson Q. Padiermos Jackie G. Roxas and Rolando J. Mesina v...
2025-12-06 17:56:03,601 - INFO -   Case already exists: RESTRUCTURED_DB/2015/aug/181111.json
2025-12-06 17:56:04,102 - INFO - 
[810/2500] Processing G.R. No. 181284
2025-12-06 17:56:04,102 - INFO -   Title: Loloy Unduran, et al. vs. Ramon Aberasturi, et al.Separate O...
2025-12-06 17:56:04,480 - INFO -   Case already exists: RESTRUCTURED_DB/2015/oct/181284.json
2025-12-06 17:56:04,980 - INFO - 
[811/2500] Processing G.R. No. 181293
2025-12-06 17:56:04,980 - INFO -   Title: Ana Theresia "Risa" Hontiveros-Baraquel, et al. vs. Toll Reg...
2025-12-06 17:56:05,362 - INFO -   Case already exists: RESTRUCTURED_DB/2015/feb/181293.json
2025-12-06 17:56:05,862 - INFO - 
[812/2500] Processing G.R. No. 181381
2025-12-06 17:56:05,862 - INFO -   Title: Securities and Exchange Commission vs. Universal Rightfield ...
2025-12-06 17:56:06,068 - INFO -   Case already exists: RESTRUCTURED_DB/2015/jul/181381.json
2025-12-06 17:56:06,568 - INFO - 
[813/2500] Processing G.R. No. 181426
2025-12-06 17:56:06,568 - INFO -   Title: Games and Garments Developers, Inc. vs. Allied Banking Corpo...
2025-12-06 17:56:06,948 - INFO -   Case already exists: RESTRUCTURED_DB/2015/jul/181426.json
2025-12-06 17:56:07,448 - INFO - 
[814/2500] Processing G.R. No. 181517
2025-12-06 17:56:07,448 - INFO -   Title: Green Star Express, Inc. and Fruto Sayson, Jr. vs. Nissin-Un...
2025-12-06 17:56:07,652 - INFO -   Case already exists: RESTRUCTURED_DB/2015/jul/181517.json
2025-12-06 17:56:08,152 - INFO - 
[815/2500] Processing G.R. No. 181683
2025-12-06 17:56:08,152 - INFO -   Title: Lorenzo Shipping Corporation vs.  National Power Corporation...
2025-12-06 17:56:08,531 - INFO -   Case already exists: RESTRUCTURED_DB/2015/oct/181683.json
2025-12-06 17:56:09,031 - INFO - 
[816/2500] Processing G.R. No. 181721
2025-12-06 17:56:09,031 - INFO -   Title: Watercraft Venture Corporation, represented by its Vice-Pres...
2025-12-06 17:56:09,409 - INFO -   Case already exists: RESTRUCTURED_DB/2015/sep/181721.json
2025-12-06 17:56:09,909 - INFO - 
[817/2500] Processing G.R. No. 181756
2025-12-06 17:56:09,909 - INFO -   Title: Macan Cebu International Airport Authority (MCIAA) vs. City ...
2025-12-06 17:56:10,293 - INFO -   Case already exists: RESTRUCTURED_DB/2015/jun/181756.json
2025-12-06 17:56:10,793 - INFO - 
[818/2500] Processing G.R. No. 181892
2025-12-06 17:56:10,793 - INFO -   Title: Republic of the Philippines, represented by Executive Secret...
2025-12-06 17:56:11,381 - INFO -   Case already exists: RESTRUCTURED_DB/2015/sep/181892.json
2025-12-06 17:56:11,882 - INFO - 
[819/2500] Processing G.R. No. 182133
2025-12-06 17:56:11,882 - INFO -   Title: United Overseas Bank of the Philippines, Inc. vs. the Board ...
2025-12-06 17:56:12,086 - INFO -   Case already exists: RESTRUCTURED_DB/2015/jun/182133.json
2025-12-06 17:56:12,586 - INFO - 
[820/2500] Processing G.R. No. 182151
2025-12-06 17:56:12,586 - INFO -   Title: Igliceria Vda. De Karaan vs Atty. Salvador Aguinaldo, et al....
2025-12-06 17:56:12,791 - INFO -   Case already exists: RESTRUCTURED_DB/2015/sep/182151.json
2025-12-06 17:56:13,291 - INFO - 
[821/2500] Processing G.R. No. 182151
2025-12-06 17:56:13,291 - INFO -   Title: Igliceria Vda. De Karaan vs Atty. Salvador Aguinaldo, et al....
2025-12-06 17:56:13,496 - INFO -   Case already exists: RESTRUCTURED_DB/2015/sep/182151.json
2025-12-06 17:56:13,996 - INFO - 
[822/2500] Processing G.R. No. 182157
2025-12-06 17:56:13,997 - INFO -   Title: Anlud Metal Recycling Corporation, as represented by Alfredo...
2025-12-06 17:56:14,374 - INFO -   Case already exists: RESTRUCTURED_DB/2015/aug/182157.json
2025-12-06 17:56:14,874 - INFO - 
[823/2500] Processing G.R. No. 182208
2025-12-06 17:56:14,875 - INFO -   Title: Asian Terminals, Inc. vs. Allied Guarantee Insurance, Co., I...
2025-12-06 17:56:15,253 - INFO -   Case already exists: RESTRUCTURED_DB/2015/oct/182208.json
2025-12-06 17:56:15,753 - INFO - 
[824/2500] Processing G.R. No. 182210
2025-12-06 17:56:15,753 - INFO -   Title: Paz T. Bernardo, et al. vs. People of the Philippines...
2025-12-06 17:56:16,132 - INFO -   Case already exists: RESTRUCTURED_DB/2015/oct/182210.json
2025-12-06 17:56:16,632 - INFO - 
[825/2500] Processing G.R. No. 182255
2025-12-06 17:56:16,632 - INFO -   Title: Petron Corporation vs. Armz Caberte, et al....
2025-12-06 17:56:16,838 - INFO -   Case already exists: RESTRUCTURED_DB/2015/jun/182255.json
2025-12-06 17:56:17,338 - INFO - 
[826/2500] Processing G.R. No. 182375
2025-12-06 17:56:17,338 - INFO -   Title: Hadja Rawiya Suib vs. Emong Ebbah and Hon. Court of Appeals...
2025-12-06 17:56:17,552 - INFO -   Case already exists: RESTRUCTURED_DB/2015/dec/182375.json
2025-12-06 17:56:18,053 - INFO - 
[827/2500] Processing G.R. No. 182395
2025-12-06 17:56:18,053 - INFO -   Title: Marito T. Bernales vs. Northwest Airlines...
2025-12-06 17:56:18,257 - INFO -   Case already exists: RESTRUCTURED_DB/2015/oct/182395.json
2025-12-06 17:56:18,757 - INFO - 
[828/2500] Processing G.R. No. 182534
2025-12-06 17:56:18,757 - INFO -   Title: Ongcoma Hadji Homar vs People of the Philippines...
2025-12-06 17:56:19,133 - INFO -   Case already exists: RESTRUCTURED_DB/2015/sep/182534.json
2025-12-06 17:56:19,634 - INFO - 
[829/2500] Processing G.R. No. 182648
2025-12-06 17:56:19,634 - INFO -   Title: Herman Medina vs. People of the Philippines...
2025-12-06 17:56:20,011 - INFO -   Case already exists: RESTRUCTURED_DB/2015/jun/182648.json
2025-12-06 17:56:20,511 - INFO - 
[830/2500] Processing G.R. No. 182754
2025-12-06 17:56:20,511 - INFO -   Title: Spouses Crispin Aquino and Teresa V. Aquino, herein represen...
2025-12-06 17:56:20,889 - INFO -   Case already exists: RESTRUCTURED_DB/2015/jun/182754.json
2025-12-06 17:56:21,389 - INFO - 
[831/2500] Processing G.R. No. 182800
2025-12-06 17:56:21,389 - INFO -   Title: Manila Mining Corporation vs. Lowito R. Amor, et al....
2025-12-06 17:56:21,766 - INFO -   Case already exists: RESTRUCTURED_DB/2015/apr/182800.json
2025-12-06 17:56:22,266 - INFO - 
[832/2500] Processing G.R. No. 182805
2025-12-06 17:56:22,267 - INFO -   Title: Heirs of Serapio Mabborang; Lauriano Mabborang, et al. vs. H...
2025-12-06 17:56:22,649 - INFO -   Case already exists: RESTRUCTURED_DB/2015/apr/182805.json
2025-12-06 17:56:23,149 - INFO - 
[833/2500] Processing G.R. No. 182814
2025-12-06 17:56:23,149 - INFO -   Title: Ligaya Mendoza and Adelia Mendoza vs. the Honorable Court of...
2025-12-06 17:56:23,353 - INFO -   Case already exists: RESTRUCTURED_DB/2015/jul/182814.json
2025-12-06 17:56:23,853 - INFO - 
[834/2500] Processing G.R. No. 182864
2025-12-06 17:56:23,853 - INFO -   Title: Eastern Shipping Line, Inc. vs. BPI/MS Insurance Corp., & Mi...
2025-12-06 17:56:24,233 - INFO -   Case already exists: RESTRUCTURED_DB/2015/jan/182864.json
2025-12-06 17:56:24,733 - INFO - 
[835/2500] Processing G.R. No. 182886
2025-12-06 17:56:24,733 - INFO -   Title: Spouses Salvador P. Norbete, Jr. and Elizabeth S. Norbete vs...
2025-12-06 17:56:24,937 - INFO -   Case already exists: RESTRUCTURED_DB/2015/mar/182886.json
2025-12-06 17:56:25,437 - INFO - 
[836/2500] Processing G.R. No. 182926
2025-12-06 17:56:25,437 - INFO -   Title: Ana Lou B. Navaja vs. Hon. Manuel A. De Castro, or the Actin...
2025-12-06 17:56:25,815 - INFO -   Case already exists: RESTRUCTURED_DB/2015/jun/182926.json
2025-12-06 17:56:26,315 - INFO - 
[837/2500] Processing G.R. No. 183212
2025-12-06 17:56:26,315 - INFO -   Title: Wallem Philippines Services, Inc. and Wallem Ship Managment,...
2025-12-06 17:56:26,519 - INFO -   Case already exists: RESTRUCTURED_DB/2015/mar/183212.json
2025-12-06 17:56:27,019 - INFO - 
[838/2500] Processing G.R. No. 183370
2025-12-06 17:56:27,019 - INFO -   Title: Nation Petroleum Gas, et al. vs. Rizal Commercial Banking Co...
2025-12-06 17:56:27,398 - INFO -   Case already exists: RESTRUCTURED_DB/2015/aug/183370.json
2025-12-06 17:56:27,898 - INFO - 
[839/2500] Processing G.R. No. 183398
2025-12-06 17:56:27,898 - INFO -   Title: Clodualda D. Daaco vs. Valeriana Rosaldo Yu...
2025-12-06 17:56:28,103 - INFO -   Case already exists: RESTRUCTURED_DB/2015/jun/183398.json
2025-12-06 17:56:28,603 - INFO - 
[840/2500] Processing G.R. No. 183511
2025-12-06 17:56:28,603 - INFO -   Title: Republic of the Philippines vs Emeteria G. Lualhati...
2025-12-06 17:56:28,980 - INFO -   Case already exists: RESTRUCTURED_DB/2015/mar/183511.json
2025-12-06 17:56:29,480 - INFO - 
[841/2500] Processing G.R. No. 183531
2025-12-06 17:56:29,480 - INFO -   Title: Eastern Telecommunications Philippines, Inc. vs Commissioner...
2025-12-06 17:56:29,856 - INFO -   Case already exists: RESTRUCTURED_DB/2015/mar/183531.json
2025-12-06 17:56:30,357 - INFO - 
[842/2500] Processing G.R. No. 183587
2025-12-06 17:56:30,357 - INFO -   Title: Lexber, Inc. vs. Caesar M. Conchita B. Dalman...
2025-12-06 17:56:30,734 - INFO -   Case already exists: RESTRUCTURED_DB/2015/apr/183587.json
2025-12-06 17:56:31,234 - INFO - 
[843/2500] Processing G.R. No. 183641
2025-12-06 17:56:31,234 - INFO -   Title: Benjamin Guerrero vs. Director, Land Management Bureau, Flor...
2025-12-06 17:56:31,612 - INFO -   Case already exists: RESTRUCTURED_DB/2015/apr/183641.json
2025-12-06 17:56:32,112 - INFO - 
[844/2500] Processing G.R. No. 183652
2025-12-06 17:56:32,112 - INFO -   Title: People of the Philippines and AAA vs. Court of Appeals 21st ...
2025-12-06 17:56:32,493 - INFO -   Case already exists: RESTRUCTURED_DB/2015/feb/183652.json
2025-12-06 17:56:32,993 - INFO - 
[845/2500] Processing G.R. No. 183681
2025-12-06 17:56:32,993 - INFO -   Title: SPO2 Rolando Jamaca vs. People of the Philippines...
2025-12-06 17:56:33,196 - INFO -   Case already exists: RESTRUCTURED_DB/2015/jul/183681.json
2025-12-06 17:56:33,696 - INFO - 
[846/2500] Processing G.R. No. 183735
2025-12-06 17:56:33,696 - INFO -   Title: Segifredo T. Vilchez vs. Free Port Services Corporation and ...
2025-12-06 17:56:33,900 - INFO -   Case already exists: RESTRUCTURED_DB/2015/jul/183735.json
2025-12-06 17:56:34,401 - INFO - 
[847/2500] Processing G.R. No. 183869
2025-12-06 17:56:34,401 - INFO -   Title: Leonardo L. Villalon vs. Renato E. Lirio...
2025-12-06 17:56:34,605 - INFO -   Case already exists: RESTRUCTURED_DB/2015/aug/183869.json
2025-12-06 17:56:35,105 - INFO - 
[848/2500] Processing G.R. No. 184076
2025-12-06 17:56:35,105 - INFO -   Title: St. Raphael Montessori School, Inc., represented by Teresita...
2025-12-06 17:56:35,481 - INFO -   Case already exists: RESTRUCTURED_DB/2015/oct/184076.json
2025-12-06 17:56:35,981 - INFO - 
[849/2500] Processing G.R. No. 184130
2025-12-06 17:56:35,981 - INFO -   Title: Sandra M. Cam vs. Orlando C. Casimiro, in his capacity as Ac...
2025-12-06 17:56:36,360 - INFO -   Case already exists: RESTRUCTURED_DB/2015/jun/184130.json
2025-12-06 17:56:36,860 - INFO - 
[850/2500] Processing G.R. No. 184301
2025-12-06 17:56:36,860 - INFO -   Title: GE Money Bank, Inc. (formerly Keppel Philippines, Inc.) vs S...
2025-12-06 17:56:37,238 - INFO -   Case already exists: RESTRUCTURED_DB/2015/mar/184301.json
2025-12-06 17:56:37,738 - INFO - 
[851/2500] Processing G.R. No. 184320
2025-12-06 17:56:37,738 - INFO -   Title: Clarita Estrellado-Mainar vs. People of the Philippines...
2025-12-06 17:56:37,946 - INFO -   Case already exists: RESTRUCTURED_DB/2015/jul/184320.json
2025-12-06 17:56:38,446 - INFO - 
[852/2500] Processing G.R. No. 184355
2025-12-06 17:56:38,446 - INFO -   Title: Arnulfo a.k.a. Arnold Jacaban vs People of the Philippines...
2025-12-06 17:56:38,650 - INFO -   Case already exists: RESTRUCTURED_DB/2015/mar/184355.json
2025-12-06 17:56:39,150 - INFO - 
[853/2500] Processing G.R. No. 184397
2025-12-06 17:56:39,150 - INFO -   Title: Rosalinda G. Paredes vs Feed the Children Philippines, Inc. ...
2025-12-06 17:56:39,528 - INFO -   Case already exists: RESTRUCTURED_DB/2015/sep/184397.json
2025-12-06 17:56:40,028 - INFO - 
[854/2500] Processing G.R. No. 184762
2025-12-06 17:56:40,028 - INFO -   Title: People of the Philippines vs. Domingo Gallano y Jaranilla...
2025-12-06 17:56:40,233 - INFO -   Case already exists: RESTRUCTURED_DB/2015/feb/184762.json
2025-12-06 17:56:40,733 - INFO - 
[855/2500] Processing G.R. No. 184789
2025-12-06 17:56:40,733 - INFO -   Title: People of the Philippines vs. Beverly Alagarme y Citoy...
2025-12-06 17:56:40,939 - INFO -   Case already exists: RESTRUCTURED_DB/2015/feb/184789.json
2025-12-06 17:56:41,439 - INFO - 
[856/2500] Processing G.R. No. 184827
2025-12-06 17:56:41,439 - INFO -   Title: Felipe Jhonny A. Frias, Jr. and Heirs of Rogelio B. Veneraci...
2025-12-06 17:56:41,642 - INFO -   Case already exists: RESTRUCTURED_DB/2015/feb/184827.json
2025-12-06 17:56:42,142 - INFO - 
[857/2500] Processing G.R. No. 185058
2025-12-06 17:56:42,142 - INFO -   Title: Jovita S. Manalo vs. Ateneo De Naga University...
2025-12-06 17:56:42,520 - INFO -   Case already exists: RESTRUCTURED_DB/2015/nov/185058.json
2025-12-06 17:56:43,020 - INFO - 
[858/2500] Processing G.R. No. 185115
2025-12-06 17:56:43,020 - INFO -   Title: Northern Mindanao Power Corporation vs. Commissioner of Inte...
2025-12-06 17:56:43,224 - INFO -   Case already exists: RESTRUCTURED_DB/2015/feb/185115.json
2025-12-06 17:56:43,724 - INFO - 
[859/2500] Processing G.R. No. 185224
2025-12-06 17:56:43,724 - INFO -   Title: Amelia Carmela Constantino Zoleta vs. the Honorable Sandigan...
2025-12-06 17:56:44,100 - INFO -   Case already exists: RESTRUCTURED_DB/2015/jul/185224.json
2025-12-06 17:56:44,601 - INFO - 
[860/2500] Processing G.R. No. 185374
2025-12-06 17:56:44,601 - INFO -   Title: Simplicia Cercado-Siga, et al. vs Vicente Cercado, Jr., et a...
2025-12-06 17:56:44,977 - INFO -   Case already exists: RESTRUCTURED_DB/2015/mar/185374.json
2025-12-06 17:56:45,477 - INFO - 
[861/2500] Processing G.R. No. 185407
2025-12-06 17:56:45,477 - INFO -   Title: Sio Tiat King vs. Vicente G. Lim, et al....
2025-12-06 17:56:45,682 - INFO -   Case already exists: RESTRUCTURED_DB/2015/jun/185407.json
2025-12-06 17:56:46,182 - INFO - 
[862/2500] Processing G.R. No. 185544
2025-12-06 17:56:46,182 - INFO -   Title: The Law Firm of Laguesma Magsalin Consulta and Gastardo vs. ...
2025-12-06 17:56:46,562 - INFO -   Case already exists: RESTRUCTURED_DB/2015/jan/185544.json
2025-12-06 17:56:47,063 - INFO - 
[863/2500] Processing G.R. No. 185592
2025-12-06 17:56:47,063 - INFO -   Title: George C. Fong vs. Jose V. Duenas...
2025-12-06 17:56:47,268 - INFO -   Case already exists: RESTRUCTURED_DB/2015/jun/185592.json
2025-12-06 17:56:47,768 - INFO - 
[864/2500] Processing G.R. No. 185664
2025-12-06 17:56:47,768 - INFO -   Title: Angeles P. Balinghasay, et al. vs. Cecilia Castillo, et al....
2025-12-06 17:56:48,145 - INFO -   Case already exists: RESTRUCTURED_DB/2015/apr/185664.json
2025-12-06 17:56:48,646 - INFO - 
[865/2500] Processing G.R. No. 185666
2025-12-06 17:56:48,646 - INFO -   Title: Nippon Express (Philippines) Corporation vs. Commissioner of...
2025-12-06 17:56:49,023 - INFO -   Case already exists: RESTRUCTURED_DB/2015/feb/185666.json
2025-12-06 17:56:49,523 - INFO - 
[866/2500] Processing G.R. No. 185812
2025-12-06 17:56:49,523 - INFO -   Title: Maritime Industry Authority vs. Commission on Audit...
2025-12-06 17:56:49,910 - INFO -   Case already exists: RESTRUCTURED_DB/2015/jan/185812.json
2025-12-06 17:56:50,410 - INFO - 
[867/2500] Processing G.R. No. 186114
2025-12-06 17:56:50,410 - INFO -   Title: Chevron (Phils.), Inc. vs. Vitalino C. Galit, SJS and Sons C...
2025-12-06 17:56:50,627 - INFO -   Case already exists: RESTRUCTURED_DB/2015/oct/186114.json
2025-12-06 17:56:51,128 - INFO - 
[868/2500] Processing G.R. No. 186204
2025-12-06 17:56:51,128 - INFO -   Title: Spouses Romeo T. Javier and Adorina F. Javier vs Spouses Eva...
2025-12-06 17:56:51,331 - INFO -   Case already exists: RESTRUCTURED_DB/2015/sep/186204.json
2025-12-06 17:56:51,831 - INFO - 
[869/2500] Processing G.R. No. 186305
2025-12-06 17:56:51,831 - INFO -   Title: V-Gent, Inc. vs. Morning Star Travel and Tours, Inc....
2025-12-06 17:56:52,034 - INFO -   Case already exists: RESTRUCTURED_DB/2015/jul/186305.json
2025-12-06 17:56:52,534 - INFO - 
[870/2500] Processing G.R. No. 186322
2025-12-06 17:56:52,534 - INFO -   Title: Enrico S. Eulogio and Natividad V. Eulogio vs. Paterno C. Be...
2025-12-06 17:56:52,911 - INFO -   Case already exists: RESTRUCTURED_DB/2015/jul/186322.json
2025-12-06 17:56:53,412 - INFO - 
[871/2500] Processing G.R. No. 186375
2025-12-06 17:56:53,412 - INFO -   Title: Elena Alcedo vs. Sps. Jesus Sagudang and Marlene Padua-Sagud...
2025-12-06 17:56:53,614 - INFO -   Case already exists: RESTRUCTURED_DB/2015/jun/186375.json
2025-12-06 17:56:54,115 - INFO - 
[872/2500] Processing G.R. No. 186522
2025-12-06 17:56:54,115 - INFO -   Title: Rowena C. De Leon as substituted by her children John Kevin ...
2025-12-06 17:56:54,323 - INFO -   Case already exists: RESTRUCTURED_DB/2015/sep/186522.json
2025-12-06 17:56:54,823 - INFO - 
[873/2500] Processing G.R. No. 186597
2025-12-06 17:56:54,823 - INFO -   Title: People of the Philippines vs. Victoria R. Arambulo, et al....
2025-12-06 17:56:55,574 - INFO -   Case already exists: RESTRUCTURED_DB/2015/jun/186597.json
2025-12-06 17:56:56,074 - INFO - 
[874/2500] Processing G.R. No. 187013
2025-12-06 17:56:56,074 - INFO -   Title: Spouses Magalino and Cleofe Badilla vs. Fe Bragat...
2025-12-06 17:56:56,460 - INFO -   Case already exists: RESTRUCTURED_DB/2015/apr/187013.json
2025-12-06 17:56:56,960 - INFO - 
[875/2500] Processing G.R. No. 187226
2025-12-06 17:56:56,960 - INFO -   Title: Cheryll Santos Leus vs. St. Scholastica's College Westgrove ...
2025-12-06 17:56:57,347 - INFO -   Case already exists: RESTRUCTURED_DB/2015/jan/187226.json
2025-12-06 17:56:57,847 - INFO - 
[876/2500] Processing G.R. No. 187418
2025-12-06 17:56:57,847 - INFO -   Title: Rapid Manpower Consultants, Inc. vs Eduardo P. De Guzman...
2025-12-06 17:56:58,055 - INFO -   Case already exists: RESTRUCTURED_DB/2015/sep/187418.json
2025-12-06 17:56:58,555 - INFO - 
[877/2500] Processing G.R. No. 187487
2025-12-06 17:56:58,555 - INFO -   Title: Go Tong Electrical Supply Co., Inc. and George C. Go vs. BPI...
2025-12-06 17:56:58,941 - INFO -   Case already exists: RESTRUCTURED_DB/2015/jun/187487.json
2025-12-06 17:56:59,441 - INFO - 
[878/2500] Processing G.R. No. 187491
2025-12-06 17:56:59,441 - INFO -   Title: Far East Bank and Trust Company vs. Lilia S. Chua...
2025-12-06 17:56:59,827 - INFO -   Case already exists: RESTRUCTURED_DB/2015/jul/187491.json
2025-12-06 17:57:00,328 - INFO - 
[879/2500] Processing G.R. No. 187524
2025-12-06 17:57:00,328 - INFO -   Title: Sps. Maria Butiong and Francisco Villafria, substituted by D...
2025-12-06 17:57:00,716 - INFO -   Case already exists: RESTRUCTURED_DB/2015/aug/187524.json
2025-12-06 17:57:01,216 - INFO - 
[880/2500] Processing G.R. No. 187606
2025-12-06 17:57:01,216 - INFO -   Title: Norma V. Javate vs Spouses Renato J. Tiotuico and Lerma C. T...
2025-12-06 17:57:01,422 - INFO -   Case already exists: RESTRUCTURED_DB/2015/mar/187606.json
2025-12-06 17:57:01,923 - INFO - 
[881/2500] Processing G.R. No. 187631
2025-12-06 17:57:01,923 - INFO -   Title: Batangas City, Maria Teresa Geron, in her capacity as City T...
2025-12-06 17:57:02,308 - INFO -   Case already exists: RESTRUCTURED_DB/2015/jul/187631.json
2025-12-06 17:57:02,808 - INFO - 
[882/2500] Processing G.R. No. 187727
2025-12-06 17:57:02,808 - INFO -   Title: Tomasa J. Sabelllina vs Dolores Buray, et al....
2025-12-06 17:57:03,193 - INFO -   Case already exists: RESTRUCTURED_DB/2015/sep/187727.json
2025-12-06 17:57:03,693 - INFO - 
[883/2500] Processing G.R. No. 187882
2025-12-06 17:57:03,693 - INFO -   Title: Philippine National Bank vs. Spouses Hippocrates and Melanie...
2025-12-06 17:57:03,900 - INFO -   Case already exists: RESTRUCTURED_DB/2015/aug/187882.json
2025-12-06 17:57:04,400 - INFO - 
[884/2500] Processing G.R. No. 187892
2025-12-06 17:57:04,400 - INFO -   Title: Ungay Malobago Mines, Inc. vs. Republic of the Philippines...
2025-12-06 17:57:04,785 - INFO -   Case already exists: RESTRUCTURED_DB/2015/jan/187892.json
2025-12-06 17:57:05,285 - INFO - 
[885/2500] Processing G.R. No. 188016
2025-12-06 17:57:05,285 - INFO -   Title: Republic of the Philippines, represented by the Commissioner...
2025-12-06 17:57:05,669 - INFO -   Case already exists: RESTRUCTURED_DB/2015/jan/188016.json
2025-12-06 17:57:06,170 - INFO - 
[886/2500] Processing G.R. No. 188069
2025-12-06 17:57:06,170 - INFO -   Title: Reynaldo P. Bascara vs. Sheriff Rolando G. Javier and Evange...
2025-12-06 17:57:06,554 - INFO -   Case already exists: RESTRUCTURED_DB/2015/jun/188069.json
2025-12-06 17:57:07,054 - INFO - 
[887/2500] Processing G.R. No. 188118
2025-12-06 17:57:07,054 - INFO -   Title: Federal Phoenix Assurance Co., Ltd. vs. Fortune Sea Carrier,...
2025-12-06 17:57:07,262 - INFO -   Case already exists: RESTRUCTURED_DB/2015/nov/188118.json
2025-12-06 17:57:07,763 - INFO - 
[888/2500] Processing G.R. No. 188174
2025-12-06 17:57:07,763 - INFO -   Title: Department of Agrarian Reform through its Provincial Agraria...
2025-12-06 17:57:08,146 - INFO -   Case already exists: RESTRUCTURED_DB/2015/jun/188174.json
2025-12-06 17:57:08,647 - INFO - 
[889/2500] Processing G.R. No. 188364
2025-12-06 17:57:08,647 - INFO -   Title: K&G Mining Corporation vs. Acoje Mining Company, Incorporate...
2025-12-06 17:57:09,032 - INFO -   Case already exists: RESTRUCTURED_DB/2015/feb/188364.json
2025-12-06 17:57:09,533 - INFO - 
[890/2500] Processing G.R. No. 188464
2025-12-06 17:57:09,533 - INFO -   Title: Alberto J. Raza vs. Daikoku Electronics Phils., Inc. and Mam...
2025-12-06 17:57:09,919 - INFO -   Case already exists: RESTRUCTURED_DB/2015/jul/188464.json
2025-12-06 17:57:10,419 - INFO - 
[891/2500] Processing G.R. No. 188638
2025-12-06 17:57:10,419 - INFO -   Title: Philippine Transmarine Carriers, Inc. and Northern Marine Ma...
2025-12-06 17:57:10,806 - INFO -   Case already exists: RESTRUCTURED_DB/2015/dec/188638.json
2025-12-06 17:57:11,306 - INFO - 
[892/2500] Processing G.R. No. 188639
2025-12-06 17:57:11,307 - INFO -   Title: Securities and Exchange Commission vs Hon. Reynaldo M. Laigo...
2025-12-06 17:57:11,693 - INFO -   Case already exists: RESTRUCTURED_DB/2015/sep/188639.json
2025-12-06 17:57:12,193 - INFO - 
[893/2500] Processing G.R. No. 188698
2025-12-06 17:57:12,193 - INFO -   Title: People of the Philippines vs. Sonia Bernel Nuarin...
2025-12-06 17:57:12,401 - INFO -   Case already exists: RESTRUCTURED_DB/2015/jul/188698.json
2025-12-06 17:57:12,901 - INFO - 
[894/2500] Processing G.R. No. 188739
2025-12-06 17:57:12,901 - INFO -   Title: Benjamin E. Ravago vs. Metropolitan Bank & Trust Company, su...
2025-12-06 17:57:13,108 - INFO -   Case already exists: RESTRUCTURED_DB/2015/aug/188739.json
2025-12-06 17:57:13,608 - INFO - 
[895/2500] Processing G.R. No. 188794
2025-12-06 17:57:13,608 - INFO -   Title: Honesto D. Ogayon vs People of the Philippines...
2025-12-06 17:57:13,994 - INFO -   Case already exists: RESTRUCTURED_DB/2015/sep/188794.json
2025-12-06 17:57:14,494 - INFO - 
[896/2500] Processing G.R. No. 188839
2025-12-06 17:57:14,494 - INFO -   Title: Cesar Naguit vs. San Miguel Corporation...
2025-12-06 17:57:14,702 - INFO -   Case already exists: RESTRUCTURED_DB/2015/jun/188839.json
2025-12-06 17:57:15,202 - INFO - 
[897/2500] Processing G.R. No. 189229
2025-12-06 17:57:15,202 - INFO -   Title: Reynaldo Noblado, et al. vs. Princesita K. Alfonso...
2025-12-06 17:57:15,587 - INFO -   Case already exists: RESTRUCTURED_DB/2015/nov/189229.json
2025-12-06 17:57:16,087 - INFO - 
[898/2500] Processing G.R. No. 189255
2025-12-06 17:57:16,087 - INFO -   Title: Jesus G. Reyes vs. Glaucoma Reasearch Foundation, Inc., Eye ...
2025-12-06 17:57:16,472 - INFO -   Case already exists: RESTRUCTURED_DB/2015/jun/189255.json
2025-12-06 17:57:16,973 - INFO - 
[899/2500] Processing G.R. No. 189262
2025-12-06 17:57:16,973 - INFO -   Title: GBMLT Manpower Services, Inc. vs. Ma. Victoria H. Malinao...
2025-12-06 17:57:17,361 - INFO -   Case already exists: RESTRUCTURED_DB/2015/jul/189262.json
2025-12-06 17:57:17,862 - INFO - 
[900/2500] Processing G.R. No. 189272
2025-12-06 17:57:17,862 - INFO -   Title: People of the Philippines vs. Chi Chan Liu a.k.a. Chan Que a...
2025-12-06 17:57:18,248 - INFO -   Case already exists: RESTRUCTURED_DB/2015/jan/189272.json
2025-12-06 17:57:18,748 - INFO - 
[901/2500] Processing G.R. No. 189296
2025-12-06 17:57:18,748 - INFO -   Title: People of the Philippines vs Recto Angngao y Makay, et al....
2025-12-06 17:57:18,971 - INFO -   Case already exists: RESTRUCTURED_DB/2015/mar/189296.json
2025-12-06 17:57:19,471 - INFO - 
[902/2500] Processing G.R. No. 189571
2025-12-06 17:57:19,471 - INFO -   Title: The Honorable Monetary Board and and Gail U. Fule, Director,...
2025-12-06 17:57:19,688 - INFO -   Case already exists: RESTRUCTURED_DB/2015/jan/189571.json
2025-12-06 17:57:20,188 - INFO - 
[903/2500] Processing G.R. No. 189649
2025-12-06 17:57:20,188 - INFO -   Title: Adoracion Carolino (spouse and in substitution of the deceas...
2025-12-06 17:57:21,183 - WARNING -   ✗ Could not fetch case from any URL
2025-12-06 17:57:21,183 - INFO - 
[904/2500] Processing G.R. No. 189669
2025-12-06 17:57:21,183 - INFO -   Title: Pilipinas Shell Petroleum Corporation and Petron Corporation...
2025-12-06 17:57:21,390 - INFO -   Case already exists: RESTRUCTURED_DB/2015/feb/189669.json
2025-12-06 17:57:21,890 - INFO - 
[905/2500] Processing G.R. No. 189949
2025-12-06 17:57:21,890 - INFO -   Title: Castillejos Consumners Association, Inc. (CASCONA) vs Jose S...
2025-12-06 17:57:22,274 - INFO -   Case already exists: RESTRUCTURED_DB/2015/mar/189949.json
2025-12-06 17:57:22,774 - INFO - 
[906/2500] Processing G.R. No. 190112
2025-12-06 17:57:22,774 - INFO -   Title: Primo Co, Sr., et al. vs. the Philippine Canine Club, Inc....
2025-12-06 17:57:23,604 - WARNING -   ✗ Could not fetch case from any URL
2025-12-06 17:57:23,604 - INFO - 
[907/2500] Processing G.R. No. 190134
2025-12-06 17:57:23,604 - INFO -   Title: Spouses Rogelio and Shirley T. Lim, et al. vs. Honorable Cou...
2025-12-06 17:57:23,810 - INFO -   Case already exists: RESTRUCTURED_DB/2015/jul/190134.json
2025-12-06 17:57:24,310 - INFO - 
[908/2500] Processing G.R. No. 190348
2025-12-06 17:57:24,311 - INFO -   Title: People of the Philippines vs. Nilo Colentava...
2025-12-06 17:57:24,696 - INFO -   Case already exists: RESTRUCTURED_DB/2015/feb/190348.json
2025-12-06 17:57:25,197 - INFO - 
[909/2500] Processing G.R. No. 190482
2025-12-06 17:57:25,197 - INFO -   Title: Department of Agrarian Reform vs. Igmidio D. Robles, et al....
2025-12-06 17:57:25,584 - INFO -   Case already exists: RESTRUCTURED_DB/2015/dec/190482.json
2025-12-06 17:57:26,085 - INFO - 
[910/2500] Processing G.R. No. 190583
2025-12-06 17:57:26,085 - INFO -   Title: Maria Paz Frontreras y Ilagan vs. People of the Philippines...
2025-12-06 17:57:26,474 - INFO -   Case already exists: RESTRUCTURED_DB/2015/dec/190583.json
2025-12-06 17:57:26,974 - INFO - 
[911/2500] Processing G.R. No. 190641
2025-12-06 17:57:26,974 - INFO -   Title: Valley Golf and Country Club, Inc vs. Dr. Victor Reyes...
2025-12-06 17:57:27,181 - INFO -   Case already exists: RESTRUCTURED_DB/2015/nov/190641.json
2025-12-06 17:57:27,682 - INFO - 
[912/2500] Processing G.R. No. 190828
2025-12-06 17:57:27,682 - INFO -   Title: Onofre V. Montero, et al. vs Times Transporation Co., Inc., ...
2025-12-06 17:57:28,066 - INFO -   Case already exists: RESTRUCTURED_DB/2015/mar/190828.json
2025-12-06 17:57:28,566 - INFO - 
[913/2500] Processing G.R. No. 190892
2025-12-06 17:57:28,566 - INFO -   Title: Vicente H. Manualat, Jr. vs. People of the Philippines...
2025-12-06 17:57:28,952 - INFO -   Case already exists: RESTRUCTURED_DB/2015/aug/190892.json
2025-12-06 17:57:29,452 - INFO - 
[914/2500] Processing G.R. No. 190912
2025-12-06 17:57:29,452 - INFO -   Title: Gary Fantastico and Rolando Villanueva vs. Elpidio Malicse, ...
2025-12-06 17:57:29,837 - INFO -   Case already exists: RESTRUCTURED_DB/2015/jan/190912.json
2025-12-06 17:57:30,337 - INFO - 
[915/2500] Processing G.R. No. 190983
2025-12-06 17:57:30,337 - INFO -   Title: Banco de Oro Universal Bank and Register of Deeds of Makati ...
2025-12-06 17:57:30,545 - INFO -   Case already exists: RESTRUCTURED_DB/2015/jul/190983.json
2025-12-06 17:57:31,045 - INFO - 
[916/2500] Processing G.R. No. 190984
2025-12-06 17:57:31,046 - INFO -   Title: Acomarit Phils., and/or Acomarit Hongkong Limited vs. Gomer ...
2025-12-06 17:57:31,431 - INFO -   Case already exists: RESTRUCTURED_DB/2015/aug/190984.json
2025-12-06 17:57:31,931 - INFO - 
[917/2500] Processing G.R. No. 190998
2025-12-06 17:57:31,931 - INFO -   Title: Spouses Robert C. Paderanga and Jovita M. Paderanga vs. Spou...
2025-12-06 17:57:32,138 - INFO -   Case already exists: RESTRUCTURED_DB/2015/jul/190998.json
2025-12-06 17:57:32,638 - INFO - 
[918/2500] Processing G.R. No. 191031
2025-12-06 17:57:32,638 - INFO -   Title: Dolores L. Hacbang and Bernardo J. Hacbang vs. Atty. Basilio...
2025-12-06 17:57:33,021 - INFO -   Case already exists: RESTRUCTURED_DB/2015/oct/191031.json
2025-12-06 17:57:33,522 - INFO - 
[919/2500] Processing G.R. No. 191060
2025-12-06 17:57:33,522 - INFO -   Title: People of the Philippines vs. Tomas Dimacuha, et al....
2025-12-06 17:57:33,905 - INFO -   Case already exists: RESTRUCTURED_DB/2015/feb/191060.json
2025-12-06 17:57:34,405 - INFO - 
[920/2500] Processing G.R. No. 191176
2025-12-06 17:57:34,406 - INFO -   Title: Department of the Interior and Local Government (DILG) vs. R...
2025-12-06 17:57:34,612 - INFO -   Case already exists: RESTRUCTURED_DB/2015/oct/191176.json
2025-12-06 17:57:35,112 - INFO - 
[921/2500] Processing G.R. No. 191197
2025-12-06 17:57:35,112 - INFO -   Title: People of the Philippines vs. Rodrigo Lapore alias "Diging"...
2025-12-06 17:57:35,496 - INFO -   Case already exists: RESTRUCTURED_DB/2015/jun/191197.json
2025-12-06 17:57:35,996 - INFO - 
[922/2500] Processing G.R. No. 191258
2025-12-06 17:57:35,996 - INFO -   Title: People of the Philippines vs. Vincent Garrido y Elorde...
2025-12-06 17:57:36,381 - INFO -   Case already exists: RESTRUCTURED_DB/2015/jul/191258.json
2025-12-06 17:57:36,881 - INFO - 
[923/2500] Processing G.R. No. 191432
2025-12-06 17:57:36,881 - INFO -   Title: Teresa D. Tuazon vs. Spouses Angel and Marcosa Isagon...
2025-12-06 17:57:37,698 - WARNING -   ✗ Could not fetch case from any URL
2025-12-06 17:57:37,698 - INFO - 
[924/2500] Processing G.R. No. 191479
2025-12-06 17:57:37,698 - INFO -   Title: Jesus Velasquez vs Spouses Paterno C. Cruz and Rosario Cruz...
2025-12-06 17:57:38,081 - INFO -   Case already exists: RESTRUCTURED_DB/2015/sep/191479.json
2025-12-06 17:57:38,581 - INFO - 
[925/2500] Processing G.R. No. 191526
2025-12-06 17:57:38,581 - INFO -   Title: Spouses Florentino and Consolacion Tabalno vs. Paulino T. Di...
2025-12-06 17:57:38,965 - INFO -   Case already exists: RESTRUCTURED_DB/2015/oct/191526.json
2025-12-06 17:57:39,465 - INFO - 
[926/2500] Processing G.R. No. 191540
2025-12-06 17:57:39,465 - INFO -   Title: Spouses Jose O. Gatuslao and Ermila Leonila Limsiaco-Gatusla...
2025-12-06 17:57:39,850 - INFO -   Case already exists: RESTRUCTURED_DB/2015/jan/191540.json
2025-12-06 17:57:40,350 - INFO - 
[927/2500] Processing G.R. No. 191591
2025-12-06 17:57:40,350 - INFO -   Title: Department of Public Works and Highways vs. Foundation Speci...
2025-12-06 17:57:40,735 - INFO -   Case already exists: RESTRUCTURED_DB/2015/jun/191591.json
2025-12-06 17:57:41,236 - INFO - 
[928/2500] Processing G.R. No. 191641
2025-12-06 17:57:41,236 - INFO -   Title: Edmundo Navarez vs Atty. Manuel Abrogar III...
2025-12-06 17:57:41,445 - INFO -   Case already exists: RESTRUCTURED_DB/2015/sep/191641.json
2025-12-06 17:57:41,945 - INFO - 
[929/2500] Processing G.R. No. 191667
2025-12-06 17:57:41,945 - INFO -   Title: Land Bank of the Philippines vs. Eduardo M. Cacayuran, respo...
2025-12-06 17:57:42,760 - WARNING -   ✗ Could not fetch case from any URL
2025-12-06 17:57:42,760 - INFO - 
[930/2500] Processing G.R. No. 191710
2025-12-06 17:57:42,760 - INFO -   Title: Demetria De Guzman, et al. vs. Filinvest Development Corpora...
2025-12-06 17:57:42,973 - INFO -   Case already exists: RESTRUCTURED_DB/2015/jan/191710.json
2025-12-06 17:57:43,473 - INFO - 
[931/2500] Processing G.R. No. 191787
2025-12-06 17:57:43,473 - INFO -   Title: Macario Catipon, Jr. vs. Jerome Japson...
2025-12-06 17:57:43,682 - INFO -   Case already exists: RESTRUCTURED_DB/2015/jun/191787.json
2025-12-06 17:57:44,182 - INFO - 
[932/2500] Processing G.R. No. 191810
2025-12-06 17:57:44,182 - INFO -   Title: Jimmy T. Go a.k.a. Jaime T. Gaisano vs. Bureau of Immigratio...
2025-12-06 17:57:44,393 - INFO -   Case already exists: RESTRUCTURED_DB/2015/jun/191810.json
2025-12-06 17:57:44,894 - INFO - 
[933/2500] Processing G.R. No. 191810
2025-12-06 17:57:44,894 - INFO -   Title: Jimmy T. Go a.k.a. Jaime T. Gaisano vs. Bureau of Immigratio...
2025-12-06 17:57:45,101 - INFO -   Case already exists: RESTRUCTURED_DB/2015/jun/191810.json
2025-12-06 17:57:45,601 - INFO - 
[934/2500] Processing G.R. No. 191849
2025-12-06 17:57:45,601 - INFO -   Title: Frederick F. Felipe vs MGM Motor Trading Corporation, et al....
2025-12-06 17:57:45,814 - INFO -   Case already exists: RESTRUCTURED_DB/2015/sep/191849.json
2025-12-06 17:57:46,314 - INFO - 
[935/2500] Processing G.R. No. 191874
2025-12-06 17:57:46,314 - INFO -   Title: Roasters Philippines, Inc., etc. vs George Gaviola, et al....
2025-12-06 17:57:46,697 - INFO -   Case already exists: RESTRUCTURED_DB/2015/sep/191874.json
2025-12-06 17:57:47,197 - INFO - 
[936/2500] Processing G.R. No. 191894
2025-12-06 17:57:47,197 - INFO -   Title: Danilo A. Duncano vs. Hon. Sandiganbayan (2nd Division), and...
2025-12-06 17:57:47,581 - INFO -   Case already exists: RESTRUCTURED_DB/2015/jul/191894.json
2025-12-06 17:57:48,081 - INFO - 
[937/2500] Processing G.R. No. 191899
2025-12-06 17:57:48,081 - INFO -   Title: Julius R. Tagalog vs. Crossworld Marine Services, Inc., et a...
2025-12-06 17:57:48,465 - INFO -   Case already exists: RESTRUCTURED_DB/2015/jun/191899.json
2025-12-06 17:57:48,965 - INFO - 
[938/2500] Processing G.R. No. 191945
2025-12-06 17:57:48,965 - INFO -   Title: National Power Corporation vs Socorro T. Posada, Renato Buen...
2025-12-06 17:57:49,353 - INFO -   Case already exists: RESTRUCTURED_DB/2015/mar/191945.json
2025-12-06 17:57:49,853 - INFO - 
[939/2500] Processing G.R. No. 191972
2025-12-06 17:57:49,853 - INFO -   Title: Henry Ong Lay Hin vs. Court of Appeals (2nd Division), Hon. ...
2025-12-06 17:57:50,063 - INFO -   Case already exists: RESTRUCTURED_DB/2015/jan/191972.json
2025-12-06 17:57:50,563 - INFO - 
[940/2500] Processing G.R. No. 192024
2025-12-06 17:57:50,563 - INFO -   Title: Fortune Tobacco Corporation vs. Commissioner of Internal Rev...
2025-12-06 17:57:50,948 - INFO -   Case already exists: RESTRUCTURED_DB/2015/jul/192024.json
2025-12-06 17:57:51,448 - INFO - 
[941/2500] Processing G.R. No. 192099
2025-12-06 17:57:51,448 - INFO -   Title: Paulino M. Ejercito, et al. vs. Oriental Assurance Corporati...
2025-12-06 17:57:51,655 - INFO -   Case already exists: RESTRUCTURED_DB/2015/jul/192099.json
2025-12-06 17:57:52,155 - INFO - 
[942/2500] Processing G.R. No. 192173
2025-12-06 17:57:52,155 - INFO -   Title: Commssioner of Internal Revenue vs. Standard Chartered Bank...
2025-12-06 17:57:52,540 - INFO -   Case already exists: RESTRUCTURED_DB/2015/jul/192173.json
2025-12-06 17:57:53,040 - INFO - 
[943/2500] Processing G.R. No. 192270
2025-12-06 17:57:53,040 - INFO -   Title: Irene D. Ofilada vs. Sps. Ruben and Miraflor Andal...
2025-12-06 17:57:53,425 - INFO -   Case already exists: RESTRUCTURED_DB/2015/jan/192270.json
2025-12-06 17:57:53,925 - INFO - 
[944/2500] Processing G.R. No. 192284
2025-12-06 17:57:53,925 - INFO -   Title: Alex Ortega Tionco vs People of the Philippines...
2025-12-06 17:57:54,138 - INFO -   Case already exists: RESTRUCTURED_DB/2015/mar/192284.json
2025-12-06 17:57:54,638 - INFO - 
[945/2500] Processing G.R. No. 192389
2025-12-06 17:57:54,638 - INFO -   Title: C.F. Sharp Crew Management vs Rolando F. Obligado...
2025-12-06 17:57:55,030 - INFO -   Case already exists: RESTRUCTURED_DB/2015/sep/192389.json
2025-12-06 17:57:55,530 - INFO - 
[946/2500] Processing G.R. No. 192443
2025-12-06 17:57:55,530 - INFO -   Title: Allied Banking Corporation vs. Cristina B. Fukuoka...
2025-12-06 17:57:55,914 - INFO -   Case already exists: RESTRUCTURED_DB/2015/nov/192443.json
2025-12-06 17:57:56,415 - INFO - 
[947/2500] Processing G.R. No. 192463
2025-12-06 17:57:56,415 - INFO -   Title: Omaira Lomondot and Saripa Lomondot vs. Hon. Rasad G. Balind...
2025-12-06 17:57:56,799 - INFO -   Case already exists: RESTRUCTURED_DB/2015/jul/192463.json
2025-12-06 17:57:57,299 - INFO - 
[948/2500] Processing G.R. No. 192659
2025-12-06 17:57:57,299 - INFO -   Title: Philippine Race Horse Trainer's Association, Inc. vs. Piedra...
2025-12-06 17:57:57,684 - INFO -   Case already exists: RESTRUCTURED_DB/2015/dec/192659.json
2025-12-06 17:57:58,184 - INFO - 
[949/2500] Processing G.R. No. 192698
2025-12-06 17:57:58,184 - INFO -   Title: Raymundo E. Zapanta vs. People of the Philippines...
2025-12-06 17:57:59,184 - WARNING -   ✗ Could not fetch case from any URL
2025-12-06 17:57:59,184 - INFO - 
[950/2500] Processing G.R. No. 192718
2025-12-06 17:57:59,184 - INFO -   Title: Robert Mallillin vs. Luz G. Jamesolamin and the Republic of ...
2025-12-06 17:57:59,393 - INFO -   Case already exists: RESTRUCTURED_DB/2015/feb/192718.json
2025-12-06 17:57:59,893 - INFO - 
[951/2500] Processing G.R. No. 192785
2025-12-06 17:57:59,893 - INFO -   Title: People of the Philippines vs. Jomer Butial...
2025-12-06 17:58:00,101 - INFO -   Case already exists: RESTRUCTURED_DB/2015/feb/192785.json
2025-12-06 17:58:00,601 - INFO - 
[952/2500] Processing G.R. No. 192943
2025-12-06 17:58:00,601 - INFO -   Title: United Dumangas Port Development Corporation vs. Philippine ...
2025-12-06 17:58:00,987 - INFO -   Case already exists: RESTRUCTURED_DB/2015/aug/192943.json
2025-12-06 17:58:01,488 - INFO - 
[953/2500] Processing G.R. No. 192947
2025-12-06 17:58:01,488 - INFO -   Title: Melanie E. De Ocampo vs. RPN-9/Radio Philippines Network, In...
2025-12-06 17:58:01,696 - INFO -   Case already exists: RESTRUCTURED_DB/2015/dec/192947.json
2025-12-06 17:58:02,196 - INFO - 
[954/2500] Processing G.R. No. 192955
2025-12-06 17:58:02,196 - INFO -   Title: Edilberto P. Etom, Jr. vs. Aroma Lodging House...
2025-12-06 17:58:02,404 - INFO -   Case already exists: RESTRUCTURED_DB/2015/nov/192955.json
2025-12-06 17:58:02,904 - INFO - 
[955/2500] Processing G.R. No. 193034
2025-12-06 17:58:02,904 - INFO -   Title: Rodging Reyes vs. People of the Philippines and Salud M. Geg...
2025-12-06 17:58:03,289 - INFO -   Case already exists: RESTRUCTURED_DB/2015/jul/193034.json
2025-12-06 17:58:03,789 - INFO - 
[956/2500] Processing G.R. No. 193058
2025-12-06 17:58:03,789 - INFO -   Title: Edgar C. Nuque vs. Fidel Aquino and Spouses Alejandro and Er...
2025-12-06 17:58:03,996 - INFO -   Case already exists: RESTRUCTURED_DB/2015/jul/193058.json
2025-12-06 17:58:04,497 - INFO - 
[957/2500] Processing G.R. No. 193101
2025-12-06 17:58:04,497 - INFO -   Title: Nicanor Ceriola (deceased), substituted by his heirs, repres...
2025-12-06 17:58:05,915 - WARNING -   ✗ Could not fetch case from any URL
2025-12-06 17:58:05,916 - INFO - 
[958/2500] Processing G.R. No. 193158
2025-12-06 17:58:05,916 - INFO -   Title: Philippine Health Insurance Corporation vs Our Lady of Lourd...
2025-12-06 17:58:06,308 - INFO -   Case already exists: RESTRUCTURED_DB/2015/nov/193158.json
2025-12-06 17:58:06,808 - INFO - 
[959/2500] Processing G.R. No. 193169
2025-12-06 17:58:06,808 - INFO -   Title: Rogelio Roque vs. People of the Philippines...
2025-12-06 17:58:07,643 - WARNING -   ✗ Could not fetch case from any URL
2025-12-06 17:58:07,643 - INFO - 
[960/2500] Processing G.R. No. 193219
2025-12-06 17:58:07,643 - INFO -   Title: Copy Central Digital Copy Solution and/or Virgilio Montano v...
2025-12-06 17:58:07,855 - INFO -   Case already exists: RESTRUCTURED_DB/2015/jul/193219.json
2025-12-06 17:58:08,355 - INFO - 
[961/2500] Processing G.R. No. 193225
2025-12-06 17:58:08,355 - INFO -   Title: BBB vs. AAA...
2025-12-06 17:58:08,749 - INFO -   Case already exists: RESTRUCTURED_DB/2015/feb/193225.json
2025-12-06 17:58:09,249 - INFO - 
[962/2500] Processing G.R. No. 193253
2025-12-06 17:58:09,249 - INFO -   Title: Bureau of Customs vs the Honorable Agnes Vst Devanadera, et ...
2025-12-06 17:58:09,828 - INFO -   Case already exists: RESTRUCTURED_DB/2015/sep/193253.json
2025-12-06 17:58:10,328 - INFO - 
[963/2500] Processing G.R. No. 193271
2025-12-06 17:58:10,328 - INFO -   Title: Lolita M. Santiago vs.  Silvestre H. Bello IV...
2025-12-06 17:58:10,540 - INFO -   Case already exists: RESTRUCTURED_DB/2015/oct/193271.json
2025-12-06 17:58:11,040 - INFO - 
[964/2500] Processing G.R. No. 193383
2025-12-06 17:58:11,040 - INFO -   Title: CBK Power Company Limited vs. Commissioner of Internal Reven...
2025-12-06 17:58:11,434 - INFO -   Case already exists: RESTRUCTURED_DB/2015/jan/193383.json
2025-12-06 17:58:11,935 - INFO - 
[965/2500] Processing G.R. No. 193388
2025-12-06 17:58:11,935 - INFO -   Title: People of the Philippines vs. Rodolfo Bocadi y Apatan, et al...
2025-12-06 17:58:12,147 - INFO -   Case already exists: RESTRUCTURED_DB/2015/jul/193388.json
2025-12-06 17:58:12,647 - INFO - 
[966/2500] Processing G.R. No. 193420
2025-12-06 17:58:12,647 - INFO -   Title: 7107 Islands Publishing, Inc. vs. the House Printers Corpora...
2025-12-06 17:58:12,863 - INFO -   Case already exists: RESTRUCTURED_DB/2015/oct/193420.json
2025-12-06 17:58:13,363 - INFO - 
[967/2500] Processing G.R. No. 193468
2025-12-06 17:58:13,363 - INFO -   Title: Ai O. Eyana vs. Philippine Transmarine Carriers, Inc., Alain...
2025-12-06 17:58:13,938 - INFO -   Case already exists: RESTRUCTURED_DB/2015/jan/193468.json
2025-12-06 17:58:14,438 - INFO - 
[968/2500] Processing G.R. No. 193659
2025-12-06 17:58:14,438 - INFO -   Title: Sps. Fernando Vergara and Herminia Vergara vs. Erlinda Torre...
2025-12-06 17:58:14,832 - INFO -   Case already exists: RESTRUCTURED_DB/2015/jun/193659.json
2025-12-06 17:58:15,332 - INFO - 
[969/2500] Processing G.R. No. 193798
2025-12-06 17:58:15,332 - INFO -   Title: Coca-Cola Bottlers Philippines, Inc. vs Ilocos Professional ...
2025-12-06 17:58:15,725 - INFO -   Case already exists: RESTRUCTURED_DB/2015/sep/193798.json
2025-12-06 17:58:16,225 - INFO - 
[970/2500] Processing G.R. No. 193809
2025-12-06 17:58:16,225 - INFO -   Title: Saturnino Novecio, et al. vs Hon. Rodrigo F. Lim, Jr., as Ch...
2025-12-06 17:58:16,618 - INFO -   Case already exists: RESTRUCTURED_DB/2015/mar/193809.json
2025-12-06 17:58:17,119 - INFO - 
[971/2500] Processing G.R. No. 193821
2025-12-06 17:58:17,119 - INFO -   Title: Phil-Air Conditioning Center vs. RCJ Lines and Rolando Abadi...
2025-12-06 17:58:17,696 - INFO -   Case already exists: RESTRUCTURED_DB/2015/nov/193821.json
2025-12-06 17:58:18,196 - INFO - 
[972/2500] Processing G.R. No. 193855
2025-12-06 17:58:18,196 - INFO -   Title: People of the Philippines vs. Virgilio Largo Perondo...
2025-12-06 17:58:18,589 - INFO -   Case already exists: RESTRUCTURED_DB/2015/feb/193855.json
2025-12-06 17:58:19,090 - INFO - 
[973/2500] Processing G.R. No. 193890
2025-12-06 17:58:19,090 - INFO -   Title: Estanislao and Africa Sinamban vs China Banking Corporation...
2025-12-06 17:58:19,484 - INFO -   Case already exists: RESTRUCTURED_DB/2015/mar/193890.json
2025-12-06 17:58:19,984 - INFO - 
[974/2500] Processing G.R. No. 193919
2025-12-06 17:58:19,984 - INFO -   Title: Binan Rural Bank vs. Jose Willelmio G. Carlos and Martina Ro...
2025-12-06 17:58:20,195 - INFO -   Case already exists: RESTRUCTURED_DB/2015/jun/193919.json
2025-12-06 17:58:20,696 - INFO - 
[975/2500] Processing G.R. No. 193945
2025-12-06 17:58:20,696 - INFO -   Title: Remington Industrial Sales Corporation vs. Maricalum Mining ...
2025-12-06 17:58:21,088 - INFO -   Case already exists: RESTRUCTURED_DB/2015/jun/193945.json
2025-12-06 17:58:21,588 - INFO - 
[976/2500] Processing G.R. No. 193964
2025-12-06 17:58:21,589 - INFO -   Title: Engineer Ben Y. Lim, et al. vs. Hon. Sulpicio G. Gamosa, et ...
2025-12-06 17:58:22,347 - INFO -   Case already exists: RESTRUCTURED_DB/2015/dec/193964.json
2025-12-06 17:58:22,847 - INFO - 
[977/2500] Processing G.R. No. 193990
2025-12-06 17:58:22,847 - INFO -   Title: Eastern Shipping Lines, Inc. and/or Congressman Erwin L. Chi...
2025-12-06 17:58:23,240 - INFO -   Case already exists: RESTRUCTURED_DB/2015/oct/193990.json
2025-12-06 17:58:23,740 - INFO - 
[978/2500] Processing G.R. No. 194061
2025-12-06 17:58:23,740 - INFO -   Title: Emelie L. Besaga vs. Spouses Felipe Acosta and Luzviminda Ac...
2025-12-06 17:58:24,754 - WARNING -   ✗ Could not fetch case from any URL
2025-12-06 17:58:24,755 - INFO - 
[979/2500] Processing G.R. No. 194129
2025-12-06 17:58:24,755 - INFO -   Title: PO1 Crispin Ocampo y Santos vs. People of the Philippines...
2025-12-06 17:58:24,966 - INFO -   Case already exists: RESTRUCTURED_DB/2015/jun/194129.json
2025-12-06 17:58:25,466 - INFO - 
[980/2500] Processing G.R. No. 194159
2025-12-06 17:58:25,466 - INFO -   Title: Presidential Commission on Good Government vs. Ma. Mercedita...
2025-12-06 17:58:25,860 - INFO -   Case already exists: RESTRUCTURED_DB/2015/oct/194159.json
2025-12-06 17:58:26,361 - INFO - 
[981/2500] Processing G.R. No. 194192
2025-12-06 17:58:26,361 - INFO -   Title: Davao City Water District represented by its General Manager...
2025-12-06 17:58:26,936 - INFO -   Case already exists: RESTRUCTURED_DB/2015/jun/194192.json
2025-12-06 17:58:27,437 - INFO - 
[982/2500] Processing G.R. No. 194239
2025-12-06 17:58:27,437 - INFO -   Title: West Tower Condominium Corporation, etc. vs. First Philippin...
2025-12-06 17:58:28,194 - INFO -   Case already exists: RESTRUCTURED_DB/2015/jun/194239.json
2025-12-06 17:58:28,694 - INFO - 
[983/2500] Processing G.R. No. 194328
2025-12-06 17:58:28,694 - INFO -   Title: Stronghold Insurance Company, Incorporated vs. Interpacific ...
2025-12-06 17:58:29,086 - INFO -   Case already exists: RESTRUCTURED_DB/2015/jul/194328.json
2025-12-06 17:58:29,587 - INFO - 
[984/2500] Processing G.R. No. 194410
2025-12-06 17:58:29,587 - INFO -   Title: Ocean East Agency, et al. vs. Allan I. Lopez...
2025-12-06 17:58:30,162 - INFO -   Case already exists: RESTRUCTURED_DB/2015/oct/194410.json
2025-12-06 17:58:30,662 - INFO - 
[985/2500] Processing G.R. No. 194488
2025-12-06 17:58:30,662 - INFO -   Title: Alicia B. Reyes vs. Spouses Francisco S. Valentin and Anatal...
2025-12-06 17:58:31,058 - INFO -   Case already exists: RESTRUCTURED_DB/2015/feb/194488.json
2025-12-06 17:58:31,558 - INFO - 
[986/2500] Processing G.R. No. 194499
2025-12-06 17:58:31,558 - INFO -   Title: Manuel R. Portuguez vs. People of the Philippines...
2025-12-06 17:58:31,950 - INFO -   Case already exists: RESTRUCTURED_DB/2015/jan/194499.json
2025-12-06 17:58:32,451 - INFO - 
[987/2500] Processing G.R. No. 194515
2025-12-06 17:58:32,451 - INFO -   Title: Sps. Oscar and Gina Gironella vs Philippine National Bank...
2025-12-06 17:58:32,843 - INFO -   Case already exists: RESTRUCTURED_DB/2015/sep/194515.json
2025-12-06 17:58:33,343 - INFO - 
[988/2500] Processing G.R. No. 194516
2025-12-06 17:58:33,343 - INFO -   Title: Baldomera Foculan-Fudalan vs. Spouses Danilo Ocial and Divid...
2025-12-06 17:58:33,736 - INFO -   Case already exists: RESTRUCTURED_DB/2015/jun/194516.json
2025-12-06 17:58:34,236 - INFO - 
[989/2500] Processing G.R. No. 194589
2025-12-06 17:58:34,236 - INFO -   Title: Balayan Bay Rural Bank, Inc. represented by its Statutory Li...
2025-12-06 17:58:34,627 - INFO -   Case already exists: RESTRUCTURED_DB/2015/sep/194589.json
2025-12-06 17:58:35,128 - INFO - 
[990/2500] Processing G.R. No. 194589
2025-12-06 17:58:35,128 - INFO -   Title: Balayan Bay Rural Bank, Inc. represented by its Statutory Li...
2025-12-06 17:58:35,519 - INFO -   Case already exists: RESTRUCTURED_DB/2015/sep/194589.json
2025-12-06 17:58:36,019 - INFO - 
[991/2500] Processing G.R. No. 194606
2025-12-06 17:58:36,019 - INFO -   Title: People of the Philippines vs. Alfredo Santos Reyes...
2025-12-06 17:58:36,411 - INFO -   Case already exists: RESTRUCTURED_DB/2015/feb/194606.json
2025-12-06 17:58:36,911 - INFO - 
[992/2500] Processing G.R. No. 194617
2025-12-06 17:58:36,912 - INFO -   Title: La Tondena, Inc. vs. Republic of the Philippines Concurring ...
2025-12-06 17:58:37,306 - INFO -   Case already exists: RESTRUCTURED_DB/2015/aug/194617.json
2025-12-06 17:58:37,806 - INFO - 
[993/2500] Processing G.R. No. 194642
2025-12-06 17:58:37,806 - INFO -   Title: Nunelon R. Marquez vs. Elisan Credit Corporation...
2025-12-06 17:58:38,200 - INFO -   Case already exists: RESTRUCTURED_DB/2015/apr/194642.json
2025-12-06 17:58:38,700 - INFO - 
[994/2500] Processing G.R. No. 194686
2025-12-06 17:58:38,700 - INFO -   Title: Tri-C General Services vs Nolasco B. Matuto, Romeo E. Magno ...
2025-12-06 17:58:39,099 - INFO -   Case already exists: RESTRUCTURED_DB/2015/sep/194686.json
2025-12-06 17:58:39,599 - INFO - 
[995/2500] Processing G.R. No. 194702
2025-12-06 17:58:39,599 - INFO -   Title: San Lorenzo Ruiz Builders and Developers Group, Inc. and Osc...
2025-12-06 17:58:40,433 - WARNING -   ✗ Could not fetch case from any URL
2025-12-06 17:58:40,433 - INFO - 
[996/2500] Processing G.R. No. 194767
2025-12-06 17:58:40,433 - INFO -   Title: Edgar T. Barroso vs. Hon. Judge George E. Omelio, Presiding ...
2025-12-06 17:58:40,643 - INFO -   Case already exists: RESTRUCTURED_DB/2015/oct/194767.json
2025-12-06 17:58:41,143 - INFO - 
[997/2500] Processing G.R. No. 194814
2025-12-06 17:58:41,143 - INFO -   Title: Rosario Enriquez Vda. De Santiago vs. Atty. Jose A. Suing/Ja...
2025-12-06 17:58:41,722 - INFO -   Case already exists: RESTRUCTURED_DB/2015/oct/194814.json
2025-12-06 17:58:42,222 - INFO - 
[998/2500] Processing G.R. No. 194885
2025-12-06 17:58:42,222 - INFO -   Title: C.F. Sharp Crew Management, Inc. and Reederei Claus Peter Of...
2025-12-06 17:58:42,615 - INFO -   Case already exists: RESTRUCTURED_DB/2015/jan/194885.json
2025-12-06 17:58:43,115 - INFO - 
[999/2500] Processing G.R. No. 194906
2025-12-06 17:58:43,115 - INFO -   Title: Loralei P. Halili vs Justice for Children International, et ...
2025-12-06 17:58:43,328 - INFO -   Case already exists: RESTRUCTURED_DB/2015/sep/194906.json
2025-12-06 17:58:43,828 - INFO - 
[1000/2500] Processing G.R. No. 194969
2025-12-06 17:58:43,828 - INFO -   Title: Convoy Marketing Corporation and/or Arnold Laab vs. Oliver B...
2025-12-06 17:58:44,224 - INFO -   Case already exists: RESTRUCTURED_DB/2015/oct/194969.json
2025-12-06 17:58:44,724 - INFO - 
[1001/2500] Processing G.R. No. 194999
2025-12-06 17:58:44,724 - INFO -   Title: People of the Philippines vs. Gloria Nepomuceno y Pedraza...
2025-12-06 17:58:44,936 - INFO -   Case already exists: RESTRUCTURED_DB/2015/feb/194999.json
2025-12-06 17:58:45,436 - INFO - 
[1002/2500] Processing G.R. No. 195109
2025-12-06 17:58:45,436 - INFO -   Title: Andy D. Balite, Delfin M. Anzaldo and Monaliza Dl. Bihasa vs...
2025-12-06 17:58:45,829 - INFO -   Case already exists: RESTRUCTURED_DB/2015/feb/195109.json
2025-12-06 17:58:46,329 - INFO - 
[1003/2500] Processing G.R. No. 195166
2025-12-06 17:58:46,329 - INFO -   Title: Spouses Salvador Abella and Alma Abella vs. Spouses Romeo Ab...
2025-12-06 17:58:46,725 - INFO -   Case already exists: RESTRUCTURED_DB/2015/jul/195166.json
2025-12-06 17:58:47,225 - INFO - 
[1004/2500] Processing G.R. No. 195196
2025-12-06 17:58:47,225 - INFO -   Title: People of the Philippines vs. Estanly OCTA y Bas...
2025-12-06 17:58:47,619 - INFO -   Case already exists: RESTRUCTURED_DB/2015/jul/195196.json
2025-12-06 17:58:48,119 - INFO - 
[1005/2500] Processing G.R. No. 195203
2025-12-06 17:58:48,119 - INFO -   Title: Antonio Pagarigan vs. Angelita Yague and Shirley Asuncion...
2025-12-06 17:58:48,970 - WARNING -   ✗ Could not fetch case from any URL
2025-12-06 17:58:48,970 - INFO - 
[1006/2500] Processing G.R. No. 195244
2025-12-06 17:58:48,970 - INFO -   Title: People of the Philippines vs. Alvin Esugon y Avila...
2025-12-06 17:58:49,182 - INFO -   Case already exists: RESTRUCTURED_DB/2015/jun/195244.json
2025-12-06 17:58:49,682 - INFO - 
[1007/2500] Processing G.R. No. 195245
2025-12-06 17:58:49,682 - INFO -   Title: People of the Philippines vs. Jimmy Adlawan Gabuya...
2025-12-06 17:58:50,075 - INFO -   Case already exists: RESTRUCTURED_DB/2015/feb/195245.json
2025-12-06 17:58:50,575 - INFO - 
[1008/2500] Processing G.R. No. 195247
2025-12-06 17:58:50,575 - INFO -   Title: Anastacio Tingalan, substituted by his heirs, namely: Romeo ...
2025-12-06 17:58:50,968 - INFO -   Case already exists: RESTRUCTURED_DB/2015/jun/195247.json
2025-12-06 17:58:51,468 - INFO - 
[1009/2500] Processing G.R. No. 195272
2025-12-06 17:58:51,468 - INFO -   Title: Bank of the Philippine Islands vs. Spouses David M. Castro a...
2025-12-06 17:58:51,860 - INFO -   Case already exists: RESTRUCTURED_DB/2015/jan/195272.json
2025-12-06 17:58:52,360 - INFO - 
[1010/2500] Processing G.R. No. 195412
2025-12-06 17:58:52,361 - INFO -   Title: The Hon. Secretary of the Department of Agrarian Reform vs. ...
2025-12-06 17:58:52,756 - INFO -   Case already exists: RESTRUCTURED_DB/2015/feb/195412.json
2025-12-06 17:58:53,256 - INFO - 
[1011/2500] Processing G.R. No. 195424
2025-12-06 17:58:53,256 - INFO -   Title: People of the Philippines vs. Rudy Nuyok...
2025-12-06 17:58:53,649 - INFO -   Case already exists: RESTRUCTURED_DB/2015/jun/195424.json
2025-12-06 17:58:54,149 - INFO - 
[1012/2500] Processing G.R. No. 195513
2025-12-06 17:58:54,149 - INFO -   Title: Marlon Beduya, Rosario Dumas, Alex Leonoza, et al. vs. Ace P...
2025-12-06 17:58:54,543 - INFO -   Case already exists: RESTRUCTURED_DB/2015/jun/195513.json
2025-12-06 17:58:55,043 - INFO - 
[1013/2500] Processing G.R. No. 195547
2025-12-06 17:58:55,043 - INFO -   Title: Ma. Corazon M. Ola vs. People of the Philippines...
2025-12-06 17:58:55,266 - INFO -   Case already exists: RESTRUCTURED_DB/2015/dec/195547.json
2025-12-06 17:58:55,766 - INFO - 
[1014/2500] Processing G.R. No. 195654
2025-12-06 17:58:55,766 - INFO -   Title: Reynaldo Inutan, et al.vs. Napar Contracting & Allied Servic...
2025-12-06 17:58:56,160 - INFO -   Case already exists: RESTRUCTURED_DB/2015/nov/195654.json
2025-12-06 17:58:56,660 - INFO - 
[1015/2500] Processing G.R. No. 195661
2025-12-06 17:58:56,660 - INFO -   Title: Unknown Owner of the Vessel M/V China Joy, Samsun Shipping L...
2025-12-06 17:58:57,236 - INFO -   Case already exists: RESTRUCTURED_DB/2015/mar/195661.json
2025-12-06 17:58:57,736 - INFO - 
[1016/2500] Processing G.R. No. 195671
2025-12-06 17:58:57,736 - INFO -   Title: Rogelio J. Gonzaga vs. People of the Philippines...
2025-12-06 17:58:58,129 - INFO -   Case already exists: RESTRUCTURED_DB/2015/jan/195671.json
2025-12-06 17:58:58,630 - INFO - 
[1017/2500] Processing G.R. No. 195774
2025-12-06 17:58:58,630 - INFO -   Title: People of the Philippines vs. Larry Hernandez Basilio...
2025-12-06 17:58:59,022 - INFO -   Case already exists: RESTRUCTURED_DB/2015/feb/195774.json
2025-12-06 17:58:59,522 - INFO - 
[1018/2500] Processing G.R. No. 195850
2025-12-06 17:58:59,522 - INFO -   Title: People of the Philippines vs. Abola Panayangan Bio...
2025-12-06 17:58:59,915 - INFO -   Case already exists: RESTRUCTURED_DB/2015/feb/195850.json
2025-12-06 17:59:00,415 - INFO - 
[1019/2500] Processing G.R. No. 195956
2025-12-06 17:59:00,415 - INFO -   Title: ABS-CBN Corporation vs Felipe Gozon, Gilberto R. Duavit, Jr....
2025-12-06 17:59:01,540 - INFO -   Case already exists: RESTRUCTURED_DB/2015/mar/195956.json
2025-12-06 17:59:02,040 - INFO - 
[1020/2500] Processing G.R. No. 195978
2025-12-06 17:59:02,040 - INFO -   Title: Jose Yoac Estrella vs. BSM Crew Service Centre Phils., et al...
2025-12-06 17:59:02,433 - INFO -   Case already exists: RESTRUCTURED_DB/2015/aug/195978.json
2025-12-06 17:59:02,933 - INFO - 
[1021/2500] Processing G.R. No. 195990
2025-12-06 17:59:02,933 - INFO -   Title: Heirs of Rafael Gozo represented by Castillo Gozo and Rafael...
2025-12-06 17:59:03,326 - INFO -   Case already exists: RESTRUCTURED_DB/2015/aug/195990.json
2025-12-06 17:59:03,827 - INFO - 
[1022/2500] Processing G.R. No. 196052
2025-12-06 17:59:03,827 - INFO -   Title: People of the Philippines vs Jocelyn S. Posada and Francisco...
2025-12-06 17:59:04,038 - INFO -   Case already exists: RESTRUCTURED_DB/2015/sep/196052.json
2025-12-06 17:59:04,538 - INFO - 
[1023/2500] Processing G.R. No. 196083
2025-12-06 17:59:04,538 - INFO -   Title: Milagros C. Reyes vs Felix P. Asuncion...
2025-12-06 17:59:04,930 - INFO -   Case already exists: RESTRUCTURED_DB/2015/nov/196083.json
2025-12-06 17:59:05,430 - INFO - 
[1024/2500] Processing G.R. No. 196258
2025-12-06 17:59:05,430 - INFO -   Title: People of the Philippines vs Bonifacio Dandanon y Iligan a.k...
2025-12-06 17:59:05,824 - INFO -   Case already exists: RESTRUCTURED_DB/2015/sep/196258.json
2025-12-06 17:59:06,324 - INFO - 
[1025/2500] Processing G.R. No. 196278
2025-12-06 17:59:06,324 - INFO -   Title: CE Casecnan Water and Energy Company Inc. vs. the Province o...
2025-12-06 17:59:06,717 - INFO -   Case already exists: RESTRUCTURED_DB/2015/jun/196278.json
2025-12-06 17:59:07,217 - INFO - 
[1026/2500] Processing G.R. No. 196357
2025-12-06 17:59:07,217 - INFO -   Title: The Heirs of the Late Delfin Dela Cruz, represented by his S...
2025-12-06 17:59:08,234 - WARNING -   ✗ Could not fetch case from any URL
2025-12-06 17:59:08,235 - INFO - 
[1027/2500] Processing G.R. No. 196415
2025-12-06 17:59:08,235 - INFO -   Title: Commissioner of Internal Revenue vs. Toledo Power Company/To...
2025-12-06 17:59:08,630 - INFO -   Case already exists: RESTRUCTURED_DB/2015/dec/196415.json
2025-12-06 17:59:09,131 - INFO - 
[1028/2500] Processing G.R. No. 196418
2025-12-06 17:59:09,131 - INFO -   Title: Technical Education and Skills Development Authority (TESDA)...
2025-12-06 17:59:09,524 - INFO -   Case already exists: RESTRUCTURED_DB/2015/feb/196418.json
2025-12-06 17:59:10,024 - INFO - 
[1029/2500] Processing G.R. No. 196461
2025-12-06 17:59:10,025 - INFO -   Title: Warlito C. Vicente vs. Acil Corporation...
2025-12-06 17:59:10,418 - INFO -   Case already exists: RESTRUCTURED_DB/2015/jul/196461.json
2025-12-06 17:59:10,918 - INFO - 
[1030/2500] Processing G.R. No. 196592
2025-12-06 17:59:10,918 - INFO -   Title: Spouses Juvy Maraño and Maria Luisa G. Maraño vs. Pryce Gase...
2025-12-06 17:59:11,935 - WARNING -   ✗ Could not fetch case from any URL
2025-12-06 17:59:11,935 - INFO - 
[1031/2500] Processing G.R. No. 196597
2025-12-06 17:59:11,935 - INFO -   Title: Modesto W. Rivera vs. Allied Banking Corporation, et al....
2025-12-06 17:59:12,330 - INFO -   Case already exists: RESTRUCTURED_DB/2015/oct/196597.json
2025-12-06 17:59:12,830 - INFO - 
[1032/2500] Processing G.R. No. 196707
2025-12-06 17:59:12,830 - INFO -   Title: Spouses Nilo and Erlinda Mercado vs. Land Bank of the Philip...
2025-12-06 17:59:13,225 - INFO -   Case already exists: RESTRUCTURED_DB/2015/jun/196707.json
2025-12-06 17:59:13,725 - INFO - 
[1033/2500] Processing G.R. No. 196750
2025-12-06 17:59:13,725 - INFO -   Title: Ma. Elena R. Divinagracia as Administratrix of the Estate of...
2025-12-06 17:59:14,117 - INFO -   Case already exists: RESTRUCTURED_DB/2015/mar/196750.json
2025-12-06 17:59:14,617 - INFO - 
[1034/2500] Processing G.R. No. 196853
2025-12-06 17:59:14,618 - INFO -   Title: Robert Chua vs. People of the Philippines...
2025-12-06 17:59:15,194 - INFO -   Case already exists: RESTRUCTURED_DB/2015/jul/196853.json
2025-12-06 17:59:15,694 - INFO - 
[1035/2500] Processing G.R. No. 196864
2025-12-06 17:59:15,694 - INFO -   Title: Spouses Victor P. Dulnuan and Jacqueline C. Dulnuan vs. Metr...
2025-12-06 17:59:16,087 - INFO -   Case already exists: RESTRUCTURED_DB/2015/jul/196864.json
2025-12-06 17:59:16,587 - INFO - 
[1036/2500] Processing G.R. No. 196875
2025-12-06 17:59:16,587 - INFO -   Title: Teddy Maravilla vs. Joseph Rios...
2025-12-06 17:59:16,980 - INFO -   Case already exists: RESTRUCTURED_DB/2015/aug/196875.json
2025-12-06 17:59:17,480 - INFO - 
[1037/2500] Processing G.R. No. 197011
2025-12-06 17:59:17,480 - INFO -   Title: Essencia Q. Manarpiis vs. Texan Philippine, Inc. Richard Tan...
2025-12-06 17:59:17,878 - INFO -   Case already exists: RESTRUCTURED_DB/2015/jan/197011.json
2025-12-06 17:59:18,378 - INFO - 
[1038/2500] Processing G.R. No. 197058
2025-12-06 17:59:18,378 - INFO -   Title: Gregory Baluyo y Gamora vs. Spouses Joaquin and Rebecca De L...
2025-12-06 17:59:18,771 - INFO -   Case already exists: RESTRUCTURED_DB/2015/oct/197058.json
2025-12-06 17:59:19,271 - INFO - 
[1039/2500] Processing G.R. No. 197099
2025-12-06 17:59:19,271 - INFO -   Title: Eugenio San Juan Geronimo vs Karen Santos...
2025-12-06 17:59:20,245 - INFO -   Case already exists: RESTRUCTURED_DB/2015/sep/197099.json
2025-12-06 17:59:20,745 - INFO - 
[1040/2500] Processing G.R. No. 197115
2025-12-06 17:59:20,745 - INFO -   Title: Republic of the Philippines, rep. by the Secretary of Agricu...
2025-12-06 17:59:21,139 - INFO -   Case already exists: RESTRUCTURED_DB/2015/mar/197115.json
2025-12-06 17:59:21,639 - INFO - 
[1041/2500] Processing G.R. No. 197127
2025-12-06 17:59:21,639 - INFO -   Title: Noel L. Ong, et al. vs. Nicolasa O. Imperial, et al....
2025-12-06 17:59:22,035 - INFO -   Case already exists: RESTRUCTURED_DB/2015/jul/197127.json
2025-12-06 17:59:22,535 - INFO - 
[1042/2500] Processing G.R. No. 197458
2025-12-06 17:59:22,535 - INFO -   Title: Nicanor Pinlac y Resolme vs. People of the Philippines...
2025-12-06 17:59:22,746 - INFO -   Case already exists: RESTRUCTURED_DB/2015/nov/197458.json
2025-12-06 17:59:23,246 - INFO - 
[1043/2500] Processing G.R. No. 197472
2025-12-06 17:59:23,246 - INFO -   Title: Republic of the Philippines, represented by Commander Raymon...
2025-12-06 17:59:23,639 - INFO -   Case already exists: RESTRUCTURED_DB/2015/sep/197472.json
2025-12-06 17:59:24,139 - INFO - 
[1044/2500] Processing G.R. No. 197484
2025-12-06 17:59:24,140 - INFO -   Title: Gerardo A. Carique vs Philippine Scout Veterans Security and...
2025-12-06 17:59:24,352 - INFO -   Case already exists: RESTRUCTURED_DB/2015/sep/197484.json
2025-12-06 17:59:24,852 - INFO - 
[1045/2500] Processing G.R. No. 197546
2025-12-06 17:59:24,852 - INFO -   Title: People of the Philippines vs Bayani De Leon, et al....
2025-12-06 17:59:25,246 - INFO -   Case already exists: RESTRUCTURED_DB/2015/mar/197546.json
2025-12-06 17:59:25,746 - INFO - 
[1046/2500] Processing G.R. No. 197556
2025-12-06 17:59:25,746 - INFO -   Title: Waterfront Cebu City Casino Hotel, Inc. and Marco Protacio v...
2025-12-06 17:59:26,139 - INFO -   Case already exists: RESTRUCTURED_DB/2015/mar/197556.json
2025-12-06 17:59:26,639 - INFO - 
[1047/2500] Processing G.R. No. 197562
2025-12-06 17:59:26,639 - INFO -   Title: Aurora Engson Fransdilla vs. People of the Philippines...
2025-12-06 17:59:27,653 - WARNING -   ✗ Could not fetch case from any URL
2025-12-06 17:59:27,653 - INFO - 
[1048/2500] Processing G.R. No. 197582
2025-12-06 17:59:27,653 - INFO -   Title: Julie S. Subilla vs. Matrix Finance Corporation...
2025-12-06 17:59:27,864 - INFO -   Case already exists: RESTRUCTURED_DB/2015/jun/197582.json
2025-12-06 17:59:28,365 - INFO - 
[1049/2500] Processing G.R. No. 197597
2025-12-06 17:59:28,365 - INFO -   Title: (In the matter of the Petition for habeas corpus of Datukan ...
2025-12-06 17:59:29,375 - WARNING -   ✗ Could not fetch case from any URL
2025-12-06 17:59:29,376 - INFO - 
[1050/2500] Processing G.R. No. 197709
2025-12-06 17:59:29,376 - INFO -   Title: Jose Yulo Agricultural Corporation vs. Spouses Perla Cabaylo...
2025-12-06 17:59:29,586 - INFO -   Case already exists: RESTRUCTURED_DB/2015/aug/197709.json
2025-12-06 17:59:30,087 - INFO - 
[1051/2500] Processing G.R. No. 197712
2025-12-06 17:59:30,087 - INFO -   Title: Nonito Imbo y Gamores vs. People of the Philippines...
2025-12-06 17:59:30,921 - WARNING -   ✗ Could not fetch case from any URL
2025-12-06 17:59:30,921 - INFO - 
[1052/2500] Processing G.R. No. 197728
2025-12-06 17:59:30,921 - INFO -   Title: Spouses Armado and Lorna Trinidad vs Dona Marie Glenn Imson...
2025-12-06 17:59:31,144 - INFO -   Case already exists: RESTRUCTURED_DB/2015/sep/197728.json
2025-12-06 17:59:31,644 - INFO - 
[1053/2500] Processing G.R. No. 197731
2025-12-06 17:59:31,644 - INFO -   Title: Hermie T. Olarte, et al. vs. People of the Philippines...
2025-12-06 17:59:31,857 - INFO -   Case already exists: RESTRUCTURED_DB/2015/jul/197731.json
2025-12-06 17:59:32,357 - INFO - 
[1054/2500] Processing G.R. No. 197763
2025-12-06 17:59:32,357 - INFO -   Title: Smart Communications, Inc., Mr. Napoleon L. Nazareno and Mr....
2025-12-06 17:59:32,750 - INFO -   Case already exists: RESTRUCTURED_DB/2015/dec/197763.json
2025-12-06 17:59:33,250 - INFO - 
[1055/2500] Processing G.R. No. 197792
2025-12-06 17:59:33,251 - INFO -   Title: Civil Service Commission vs. Madlawi B. Magoyag...
2025-12-06 17:59:33,470 - INFO -   Case already exists: RESTRUCTURED_DB/2015/dec/197792.json
2025-12-06 17:59:33,971 - INFO - 
[1056/2500] Processing G.R. No. 197802
2025-12-06 17:59:33,971 - INFO -   Title: Zuneca Pharmaceutical, Akram Arain and/or Venus Arain M.D. d...
2025-12-06 17:59:34,361 - INFO -   Case already exists: RESTRUCTURED_DB/2015/nov/197802.json
2025-12-06 17:59:34,862 - INFO - 
[1057/2500] Processing G.R. No. 197818
2025-12-06 17:59:34,862 - INFO -   Title: People of the Philippines vs. Allan Roxas Diaz...
2025-12-06 17:59:35,072 - INFO -   Case already exists: RESTRUCTURED_DB/2015/feb/197818.json
2025-12-06 17:59:35,572 - INFO - 
[1058/2500] Processing G.R. No. 197852
2025-12-06 17:59:35,572 - INFO -   Title: Pasig Agricultural Development and Industrial Supply Corpora...
2025-12-06 17:59:35,965 - INFO -   Case already exists: RESTRUCTURED_DB/2015/oct/197852.json
2025-12-06 17:59:36,465 - INFO - 
[1059/2500] Processing G.R. No. 197852
2025-12-06 17:59:36,465 - INFO -   Title: Pasig Agricultural Development and Industrial Supply Corpora...
2025-12-06 17:59:36,857 - INFO -   Case already exists: RESTRUCTURED_DB/2015/oct/197852.json
2025-12-06 17:59:37,357 - INFO - 
[1060/2500] Processing G.R. No. 197923
2025-12-06 17:59:37,358 - INFO -   Title: Ruby Ruth S. Serrano Mahilum vs. Spouses Edilberto and Lourd...
2025-12-06 17:59:37,751 - INFO -   Case already exists: RESTRUCTURED_DB/2015/jun/197923.json
2025-12-06 17:59:38,252 - INFO - 
[1061/2500] Processing G.R. No. 197925
2025-12-06 17:59:38,252 - INFO -   Title: People of the Philippines vs Edwin Dalawis y Hidalgo...
2025-12-06 17:59:38,470 - INFO -   Case already exists: RESTRUCTURED_DB/2015/nov/197925.json
2025-12-06 17:59:38,970 - INFO - 
[1062/2500] Processing G.R. No. 197953
2025-12-06 17:59:38,970 - INFO -   Title: People of the Philippines vs. Sandiganbayan (2nd Division), ...
2025-12-06 17:59:39,362 - INFO -   Case already exists: RESTRUCTURED_DB/2015/aug/197953.json
2025-12-06 17:59:39,862 - INFO - 
[1063/2500] Processing G.R. No. 198012
2025-12-06 17:59:39,862 - INFO -   Title: People of the Philippines vs. Angel Mateo y Jacinto and Vice...
2025-12-06 17:59:40,696 - WARNING -   ✗ Could not fetch case from any URL
2025-12-06 17:59:40,696 - INFO - 
[1064/2500] Processing G.R. No. 198024
2025-12-06 17:59:40,696 - INFO -   Title: People of the Philippines vs Rafael David Cunanan...
2025-12-06 17:59:40,906 - INFO -   Case already exists: RESTRUCTURED_DB/2015/mar/198024.json
2025-12-06 17:59:41,406 - INFO - 
[1065/2500] Processing G.R. No. 198057
2025-12-06 17:59:41,407 - INFO -   Title: The People of the Philippines vs Randy Bañez y Baylon and Fe...
2025-12-06 17:59:41,617 - INFO -   Case already exists: RESTRUCTURED_DB/2015/sep/198057.json
2025-12-06 17:59:42,117 - INFO - 
[1066/2500] Processing G.R. No. 198057
2025-12-06 17:59:42,117 - INFO -   Title: The People of the Philippines vs Randy Bañez y Baylon and Fe...
2025-12-06 17:59:42,328 - INFO -   Case already exists: RESTRUCTURED_DB/2015/sep/198057.json
2025-12-06 17:59:42,828 - INFO - 
[1067/2500] Processing G.R. No. 198096
2025-12-06 17:59:42,828 - INFO -   Title: Centennial Transmarine, Inc., et al. vs. Pastor M. Quiambao...
2025-12-06 17:59:43,221 - INFO -   Case already exists: RESTRUCTURED_DB/2015/jul/198096.json
2025-12-06 17:59:43,721 - INFO - 
[1068/2500] Processing G.R. No. 198223
2025-12-06 17:59:43,721 - INFO -   Title: Heirs of Timbang Daromimbang Dimaampao, namely; Cabib D. Ala...
2025-12-06 17:59:44,112 - INFO -   Case already exists: RESTRUCTURED_DB/2015/feb/198223.json
2025-12-06 17:59:44,612 - INFO - 
[1069/2500] Processing G.R. No. 198270
2025-12-06 17:59:44,612 - INFO -   Title: Armilyn Morillo vs. People of the Philippines and Richard Na...
2025-12-06 17:59:45,006 - INFO -   Case already exists: RESTRUCTURED_DB/2015/dec/198270.json
2025-12-06 17:59:45,506 - INFO - 
[1070/2500] Processing G.R. No. 198309
2025-12-06 17:59:45,506 - INFO -   Title: The People of the Philippines vs Andy Regaspi...
2025-12-06 17:59:45,718 - INFO -   Case already exists: RESTRUCTURED_DB/2015/sep/198309.json
2025-12-06 17:59:46,218 - INFO - 
[1071/2500] Processing G.R. No. 198356
2025-12-06 17:59:46,218 - INFO -   Title: Esperanza Supapo and the Heirs of Romeo Supapo, namely, Espe...
2025-12-06 17:59:47,230 - WARNING -   ✗ Could not fetch case from any URL
2025-12-06 17:59:47,231 - INFO - 
[1072/2500] Processing G.R. No. 198426
2025-12-06 17:59:47,231 - INFO -   Title: Republic of the Philippines represented by Philippine Overse...
2025-12-06 17:59:47,441 - INFO -   Case already exists: RESTRUCTURED_DB/2015/sep/198426.json
2025-12-06 17:59:47,941 - INFO - 
[1073/2500] Processing G.R. No. 198436
2025-12-06 17:59:47,941 - INFO -   Title: Pioneer Insurance Surety Corporation vs. Morning Star Travel...
2025-12-06 17:59:48,337 - INFO -   Case already exists: RESTRUCTURED_DB/2015/jul/198436.json
2025-12-06 17:59:48,837 - INFO - 
[1074/2500] Processing G.R. No. 198465
2025-12-06 17:59:48,837 - INFO -   Title: Litex Glass and Aluminum Supply and/or Ronald Ong-Sitco...
2025-12-06 17:59:49,674 - WARNING -   ✗ Could not fetch case from any URL
2025-12-06 17:59:49,674 - INFO - 
[1075/2500] Processing G.R. No. 198515
2025-12-06 17:59:49,674 - INFO -   Title: Dominador Malabunga, Jr. vs. Cathay Pacific Steel Corporatio...
2025-12-06 17:59:49,889 - INFO -   Case already exists: RESTRUCTURED_DB/2015/jun/198515.json
2025-12-06 17:59:50,389 - INFO - 
[1076/2500] Processing G.R. No. 198531
2025-12-06 17:59:50,389 - INFO -   Title: Ethel Acampado, et al. vs Sps. Lourdes R. Cosmilla, et al....
2025-12-06 17:59:50,610 - INFO -   Case already exists: RESTRUCTURED_DB/2015/sep/198531.json
2025-12-06 17:59:51,110 - INFO - 
[1077/2500] Processing G.R. No. 198543
2025-12-06 17:59:51,111 - INFO -   Title: Republic of the Philippines vs. Cesar C. Pasicolan and Grego...
2025-12-06 17:59:52,125 - WARNING -   ✗ Could not fetch case from any URL
2025-12-06 17:59:52,125 - INFO - 
[1078/2500] Processing G.R. No. 198587
2025-12-06 17:59:52,126 - INFO -   Title: Saudi Arabian Airlines (Saudia) and Brenda J. Betia vs. Ma. ...
2025-12-06 17:59:52,522 - INFO -   Case already exists: RESTRUCTURED_DB/2015/jan/198587.json
2025-12-06 17:59:53,022 - INFO - 
[1079/2500] Processing G.R. No. 198643
2025-12-06 17:59:53,022 - INFO -   Title: Marsman & Company and Quirino R. Iledan vs. Artemio M. Ligo...
2025-12-06 17:59:53,416 - INFO -   Case already exists: RESTRUCTURED_DB/2015/aug/198643.json
2025-12-06 17:59:53,916 - INFO - 
[1080/2500] Processing G.R. No. 198675
2025-12-06 17:59:53,917 - INFO -   Title: Ilaw Buklod ng Manggawa (IBM) Nestle Philippines, Inc. Chapt...
2025-12-06 17:59:54,128 - INFO -   Case already exists: RESTRUCTURED_DB/2015/sep/198675.json
2025-12-06 17:59:54,628 - INFO - 
[1081/2500] Processing G.R. No. 198751
2025-12-06 17:59:54,628 - INFO -   Title: Flor Cañas-Manuel vs. Andres D. Egano...
2025-12-06 17:59:55,020 - INFO -   Case already exists: RESTRUCTURED_DB/2015/aug/198751.json
2025-12-06 17:59:55,520 - INFO - 
[1082/2500] Processing G.R. No. 198753
2025-12-06 17:59:55,521 - INFO -   Title: Jose "Pepe" Sanico vs People of the Philippines and Jennifer...
2025-12-06 17:59:55,732 - INFO -   Case already exists: RESTRUCTURED_DB/2015/mar/198753.json
2025-12-06 17:59:56,232 - INFO - 
[1083/2500] Processing G.R. No. 198756
2025-12-06 17:59:56,232 - INFO -   Title: Banco De Oro, Bank of Commerce, China Banking Corporation, M...
2025-12-06 17:59:56,817 - INFO -   Case already exists: RESTRUCTURED_DB/2015/jan/198756.json
2025-12-06 17:59:57,317 - INFO - 
[1084/2500] Processing G.R. No. 198796
2025-12-06 17:59:57,317 - INFO -   Title: The People of the Philippines vs Abdul Mammad y Macdirol, La...
2025-12-06 17:59:57,537 - INFO -   Case already exists: RESTRUCTURED_DB/2015/sep/198796.json
2025-12-06 17:59:58,037 - INFO - 
[1085/2500] Processing G.R. No. 198908
2025-12-06 17:59:58,037 - INFO -   Title: Virginia Ocampo vs. Deogracia Ocampo...
2025-12-06 17:59:58,249 - INFO -   Case already exists: RESTRUCTURED_DB/2015/aug/198908.json
2025-12-06 17:59:58,749 - INFO - 
[1086/2500] Processing G.R. No. 199087
2025-12-06 17:59:58,749 - INFO -   Title: People of the Philippines vs Jerry Punzalan and Patricia Pun...
2025-12-06 17:59:59,142 - INFO -   Case already exists: RESTRUCTURED_DB/2015/nov/199087.json
2025-12-06 17:59:59,642 - INFO - 
[1087/2500] Processing G.R. No. 199113
2025-12-06 17:59:59,642 - INFO -   Title: Renato M. David vs Editha A. Agbay and People of the Philipp...
2025-12-06 18:00:00,035 - INFO -   Case already exists: RESTRUCTURED_DB/2015/mar/199113.json
2025-12-06 18:00:00,535 - INFO - 
[1088/2500] Processing G.R. No. 199166
2025-12-06 18:00:00,535 - INFO -   Title: Nelson V. Begino, Gener Del Valle, Monina Avila-Llorin and M...
2025-12-06 18:00:01,549 - WARNING -   ✗ Could not fetch case from any URL
2025-12-06 18:00:01,549 - INFO - 
[1089/2500] Processing G.R. No. 199270
2025-12-06 18:00:01,549 - INFO -   Title: People of the Philippines vs. Vergel Ancajas and Allain Anca...
2025-12-06 18:00:01,768 - INFO -   Case already exists: RESTRUCTURED_DB/2015/oct/199270.json
2025-12-06 18:00:02,268 - INFO - 
[1090/2500] Processing G.R. No. 199314
2025-12-06 18:00:02,268 - INFO -   Title: Tamblot Security & General Services, Inc. vs. Florencio Item...
2025-12-06 18:00:02,479 - INFO -   Case already exists: RESTRUCTURED_DB/2015/dec/199314.json
2025-12-06 18:00:02,979 - INFO - 
[1091/2500] Processing G.R. No. 199384
2025-12-06 18:00:02,979 - INFO -   Title: Le Soleil International Logistic Co., Inc. et al. vs Vicente...
2025-12-06 18:00:03,190 - INFO -   Case already exists: RESTRUCTURED_DB/2015/sep/199384.json
2025-12-06 18:00:03,690 - INFO - 
[1092/2500] Processing G.R. No. 199445
2025-12-06 18:00:03,690 - INFO -   Title: People of the Philippines vs. Pacito Espejon y Lebios...
2025-12-06 18:00:04,082 - INFO -   Case already exists: RESTRUCTURED_DB/2015/feb/199445.json
2025-12-06 18:00:04,582 - INFO - 
[1093/2500] Processing G.R. No. 199522
2025-12-06 18:00:04,582 - INFO -   Title: Ricky Dinamling vs. People of the Philippines...
2025-12-06 18:00:04,976 - INFO -   Case already exists: RESTRUCTURED_DB/2015/jun/199522.json
2025-12-06 18:00:05,476 - INFO - 
[1094/2500] Processing G.R. No. 199554
2025-12-06 18:00:05,476 - INFO -   Title: Zenaida Paz vs. Northern Tobacco Redrying, Inc., and/or Ange...
2025-12-06 18:00:05,872 - INFO -   Case already exists: RESTRUCTURED_DB/2015/feb/199554.json
2025-12-06 18:00:06,372 - INFO - 
[1095/2500] Processing G.R. No. 199568
2025-12-06 18:00:06,372 - INFO -   Title: Dohle-Philman Manning Angency, Inc., et al. vs. Heirs of And...
2025-12-06 18:00:06,584 - INFO -   Case already exists: RESTRUCTURED_DB/2015/jun/199568.json
2025-12-06 18:00:07,084 - INFO - 
[1096/2500] Processing G.R. No. 199601
2025-12-06 18:00:07,084 - INFO -   Title: Philippine Commercial International Bank(Now Bdo Unibank, In...
2025-12-06 18:00:07,296 - INFO -   Case already exists: RESTRUCTURED_DB/2015/nov/199601.json
2025-12-06 18:00:07,796 - INFO - 
[1097/2500] Processing G.R. No. 199617
2025-12-06 18:00:07,796 - INFO -   Title: Rey Torrecampo, et al. vs National Labor Relations Commissio...
2025-12-06 18:00:08,007 - INFO -   Case already exists: RESTRUCTURED_DB/2015/sep/199617.json
2025-12-06 18:00:08,507 - INFO - 
[1098/2500] Processing G.R. No. 199648
2025-12-06 18:00:08,507 - INFO -   Title: First Optima Realty Corporation vs. Securitron Security Serv...
2025-12-06 18:00:08,899 - INFO -   Case already exists: RESTRUCTURED_DB/2015/jan/199648.json
2025-12-06 18:00:09,400 - INFO - 
[1099/2500] Processing G.R. No. 199660
2025-12-06 18:00:09,400 - INFO -   Title: U-Bix Corporation and Edilberto B. Bravo vs. Valerie Anne H....
2025-12-06 18:00:09,793 - INFO -   Case already exists: RESTRUCTURED_DB/2015/jul/199660.json
2025-12-06 18:00:10,293 - INFO - 
[1100/2500] Processing G.R. No. 199752
2025-12-06 18:00:10,293 - INFO -   Title: Lucena D. Demaala vs. Commission on Audit, represented by it...
2025-12-06 18:00:10,686 - INFO -   Case already exists: RESTRUCTURED_DB/2015/feb/199752.json
2025-12-06 18:00:11,186 - INFO - 
[1101/2500] Processing G.R. No. 199777
2025-12-06 18:00:11,186 - INFO -   Title: Heirs of Datu Dalandag Kuli, represented by Datu Culot Dalan...
2025-12-06 18:00:11,397 - INFO -   Case already exists: RESTRUCTURED_DB/2015/jun/199777.json
2025-12-06 18:00:11,897 - INFO - 
[1102/2500] Processing G.R. No. 199931
2025-12-06 18:00:11,897 - INFO -   Title: INC Shipmanagement, Inc., et al. vs Ranulfo Camporedondo...
2025-12-06 18:00:12,289 - INFO -   Case already exists: RESTRUCTURED_DB/2015/sep/199931.json
2025-12-06 18:00:12,789 - INFO - 
[1103/2500] Processing G.R. No. 199990
2025-12-06 18:00:12,789 - INFO -   Title: Spouses Rolando and Herminia Salvador vs. Spouses Rogelio an...
2025-12-06 18:00:13,182 - INFO -   Case already exists: RESTRUCTURED_DB/2015/feb/199990.json
2025-12-06 18:00:13,683 - INFO - 
[1104/2500] Processing G.R. No. 200013
2025-12-06 18:00:13,683 - INFO -   Title: Betty Gepulle-Garbo, represented by Attorney-in-Fact, Minda ...
2025-12-06 18:00:13,894 - INFO -   Case already exists: RESTRUCTURED_DB/2015/jan/200013.json
2025-12-06 18:00:14,394 - INFO - 
[1105/2500] Processing G.R. No. 200018
2025-12-06 18:00:14,395 - INFO -   Title: Citystate Savings Bank, Inc. vs. Maximiano P. Aguinaldo...
2025-12-06 18:00:14,605 - INFO -   Case already exists: RESTRUCTURED_DB/2015/apr/200018.json
2025-12-06 18:00:15,105 - INFO - 
[1106/2500] Processing G.R. No. 200114
2025-12-06 18:00:15,105 - INFO -   Title: Social Security System vs. Debbie Ubana Dissenting OpinionJu...
2025-12-06 18:00:15,496 - INFO -   Case already exists: RESTRUCTURED_DB/2015/aug/200114.json
2025-12-06 18:00:15,997 - INFO - 
[1107/2500] Processing G.R. No. 200169
2025-12-06 18:00:15,997 - INFO -   Title: Rodolfo S. Aguilar vs. Edna G. Siasat...
2025-12-06 18:00:16,388 - INFO -   Case already exists: RESTRUCTURED_DB/2015/jan/200169.json
2025-12-06 18:00:16,888 - INFO - 
[1108/2500] Processing G.R. No. 200233
2025-12-06 18:00:16,888 - INFO -   Title: Leonila G. Santiago vs. People of the Philippines...
2025-12-06 18:00:17,281 - INFO -   Case already exists: RESTRUCTURED_DB/2015/jul/200233.json
2025-12-06 18:00:17,781 - INFO - 
[1109/2500] Processing G.R. No. 200295
2025-12-06 18:00:17,781 - INFO -   Title: People of the Philippines vs. Edgar Bolo y Franco...
2025-12-06 18:00:18,173 - INFO -   Case already exists: RESTRUCTURED_DB/2015/aug/200295.json
2025-12-06 18:00:18,673 - INFO - 
[1110/2500] Processing G.R. No. 200308
2025-12-06 18:00:18,673 - INFO -   Title: People of the Philippines vs. Mera "Joy" Eleuterio Nielles @...
2025-12-06 18:00:18,883 - INFO -   Case already exists: RESTRUCTURED_DB/2015/feb/200308.json
2025-12-06 18:00:19,384 - INFO - 
[1111/2500] Processing G.R. No. 200333
2025-12-06 18:00:19,384 - INFO -   Title: People of the Philippines vs. Domingo Dilla y Paular...
2025-12-06 18:00:19,594 - INFO -   Case already exists: RESTRUCTURED_DB/2015/jan/200333.json
2025-12-06 18:00:20,094 - INFO - 
[1112/2500] Processing G.R. No. 200336
2025-12-06 18:00:20,094 - INFO -   Title: People of the Philippines vs. Rowena Tapugay y Ventura...
2025-12-06 18:00:20,486 - INFO -   Case already exists: RESTRUCTURED_DB/2015/feb/200336.json
2025-12-06 18:00:20,986 - INFO - 
[1113/2500] Processing G.R. No. 200465
2025-12-06 18:00:20,986 - INFO -   Title: Jocelyn Asistio y Consino vs. People of the Philippines and ...
2025-12-06 18:00:22,377 - WARNING -   ✗ Could not fetch case from any URL
2025-12-06 18:00:22,377 - INFO - 
[1114/2500] Processing G.R. No. 200558
2025-12-06 18:00:22,377 - INFO -   Title: Consuelo V. Pangasinan and Annabella V. Borromeo vs. Cristin...
2025-12-06 18:00:22,765 - INFO -   Case already exists: RESTRUCTURED_DB/2015/jul/200558.json
2025-12-06 18:00:23,265 - INFO - 
[1115/2500] Processing G.R. No. 200567
2025-12-06 18:00:23,265 - INFO -   Title: Metropolitan Bank and Trust Company vs. CPR Promotions and M...
2025-12-06 18:00:23,656 - INFO -   Case already exists: RESTRUCTURED_DB/2015/jun/200567.json
2025-12-06 18:00:24,157 - INFO - 
[1116/2500] Processing G.R. No. 200580
2025-12-06 18:00:24,157 - INFO -   Title: Marian B. Navarette vs. Manila International Freight Fowarde...
2025-12-06 18:00:24,366 - INFO -   Case already exists: RESTRUCTURED_DB/2015/feb/200580.json
2025-12-06 18:00:24,866 - INFO - 
[1117/2500] Processing G.R. No. 200620
2025-12-06 18:00:24,866 - INFO -   Title: Roberto L. Abad, et al. vs Philippine Communications Satelli...
2025-12-06 18:00:25,251 - INFO -   Case already exists: RESTRUCTURED_DB/2015/mar/200620.json
2025-12-06 18:00:25,752 - INFO - 
[1118/2500] Processing G.R. No. 200628
2025-12-06 18:00:25,752 - INFO -   Title: Maria Theresa G. Gutierrez vs. Commission on Audit and Audit...
2025-12-06 18:00:26,139 - INFO -   Case already exists: RESTRUCTURED_DB/2015/jan/200628.json
2025-12-06 18:00:26,640 - INFO - 
[1119/2500] Processing G.R. No. 200670
2025-12-06 18:00:26,640 - INFO -   Title: Clark Investors and Locators Association, Inc. vs. Secretary...
2025-12-06 18:00:26,848 - INFO -   Case already exists: RESTRUCTURED_DB/2015/jul/200670.json
2025-12-06 18:00:27,348 - INFO - 
[1120/2500] Processing G.R. No. 200751
2025-12-06 18:00:27,348 - INFO -   Title: Monico Ligtas vs. People of the Philippines...
2025-12-06 18:00:27,740 - INFO -   Case already exists: RESTRUCTURED_DB/2015/aug/200751.json
2025-12-06 18:00:28,240 - INFO - 
[1121/2500] Processing G.R. No. 200759
2025-12-06 18:00:28,240 - INFO -   Title: FAJ Construction & Development Corporation vs Susan M. Saulo...
2025-12-06 18:00:28,452 - INFO -   Case already exists: RESTRUCTURED_DB/2015/mar/200759.json
2025-12-06 18:00:28,952 - INFO - 
[1122/2500] Processing G.R. No. 200773
2025-12-06 18:00:28,952 - INFO -   Title: Republic of the Philippines vs. Angeline L. Dayaoen, et al....
2025-12-06 18:00:29,339 - INFO -   Case already exists: RESTRUCTURED_DB/2015/jul/200773.json
2025-12-06 18:00:29,839 - INFO - 
[1123/2500] Processing G.R. No. 200797
2025-12-06 18:00:29,839 - INFO -   Title: People of the Philippines vs. Manolito Opiana y Tanel...
2025-12-06 18:00:30,053 - INFO -   Case already exists: RESTRUCTURED_DB/2015/jan/200797.json
2025-12-06 18:00:30,553 - INFO - 
[1124/2500] Processing G.R. No. 200800
2025-12-06 18:00:30,553 - INFO -   Title: People of the Philippines vs. Oscar Sevillano y Retanal...
2025-12-06 18:00:30,761 - INFO -   Case already exists: RESTRUCTURED_DB/2015/feb/200800.json
2025-12-06 18:00:31,261 - INFO - 
[1125/2500] Processing G.R. No. 200841
2025-12-06 18:00:31,261 - INFO -   Title: Ce Luzon Geothermal Power Company, Inc. vs. Commissioner of ...
2025-12-06 18:00:31,647 - INFO -   Case already exists: RESTRUCTURED_DB/2015/aug/200841.json
2025-12-06 18:00:32,147 - INFO - 
[1126/2500] Processing G.R. No. 200898
2025-12-06 18:00:32,147 - INFO -   Title: Brown Madonna Press, Inc., Thaddeus Anthony A. Cabangon, et ...
2025-12-06 18:00:32,534 - INFO -   Case already exists: RESTRUCTURED_DB/2015/jun/200898.json
2025-12-06 18:00:33,034 - INFO - 
[1127/2500] Processing G.R. No. 200901
2025-12-06 18:00:33,034 - INFO -   Title: SM Investments Corporation vs. Estela Marfori Posadas, et al...
2025-12-06 18:00:33,242 - INFO -   Case already exists: RESTRUCTURED_DB/2015/dec/200901.json
2025-12-06 18:00:33,742 - INFO - 
[1128/2500] Processing G.R. No. 200940
2025-12-06 18:00:33,742 - INFO -   Title: People of the Philippines vs. Martin Nerio, Jr....
2025-12-06 18:00:33,950 - INFO -   Case already exists: RESTRUCTURED_DB/2015/jul/200940.json
2025-12-06 18:00:34,450 - INFO - 
[1129/2500] Processing G.R. No. 200942
2025-12-06 18:00:34,450 - INFO -   Title: People of the Philippines vs. Jorie Wahiman y RayosConcurrin...
2025-12-06 18:00:34,658 - INFO -   Case already exists: RESTRUCTURED_DB/2015/jun/200942.json
2025-12-06 18:00:35,158 - INFO - 
[1130/2500] Processing G.R. No. 200983
2025-12-06 18:00:35,158 - INFO -   Title: Republic of the Philippines vs Huang Te Fu...
2025-12-06 18:00:35,544 - INFO -   Case already exists: RESTRUCTURED_DB/2015/mar/200983.json
2025-12-06 18:00:36,044 - INFO - 
[1131/2500] Processing G.R. No. 201042
2025-12-06 18:00:36,044 - INFO -   Title: Daraga Press, Inc. vs. Commission on Audit and Department of...
2025-12-06 18:00:36,431 - INFO -   Case already exists: RESTRUCTURED_DB/2015/jun/201042.json
2025-12-06 18:00:36,932 - INFO - 
[1132/2500] Processing G.R. No. 201100
2025-12-06 18:00:36,932 - INFO -   Title: People of the Philippines vs. Mhods Usman y Gogo...
2025-12-06 18:00:37,140 - INFO -   Case already exists: RESTRUCTURED_DB/2015/feb/201100.json
2025-12-06 18:00:37,640 - INFO - 
[1133/2500] Processing G.R. No. 201110
2025-12-06 18:00:37,641 - INFO -   Title: People of the Philippines vs. Jeffrey Victoria y Cristobal...
2025-12-06 18:00:37,849 - INFO -   Case already exists: RESTRUCTURED_DB/2015/jul/201110.json
2025-12-06 18:00:38,349 - INFO - 
[1134/2500] Processing G.R. No. 201146
2025-12-06 18:00:38,350 - INFO -   Title: People of the Philippines vs. Michael Ros y Ortega, Rodolfo ...
2025-12-06 18:00:39,348 - WARNING -   ✗ Could not fetch case from any URL
2025-12-06 18:00:39,348 - INFO - 
[1135/2500] Processing G.R. No. 201151
2025-12-06 18:00:39,348 - INFO -   Title: People of the Philippines vs. Nestor Suarez y Magtagnob...
2025-12-06 18:00:39,556 - INFO -   Case already exists: RESTRUCTURED_DB/2015/jan/201151.json
2025-12-06 18:00:40,056 - INFO - 
[1136/2500] Processing G.R. No. 201248
2025-12-06 18:00:40,056 - INFO -   Title: Leticia Naguit Aquino, Melvin Naguit, et al. vs Cesar B. Qui...
2025-12-06 18:00:40,443 - INFO -   Case already exists: RESTRUCTURED_DB/2015/mar/201248.json
2025-12-06 18:00:40,944 - INFO - 
[1137/2500] Processing G.R. No. 201359
2025-12-06 18:00:40,944 - INFO -   Title: Magsaysay Maritime Corporation, et al. vs Vigilio L. Mazared...
2025-12-06 18:00:41,331 - INFO -   Case already exists: RESTRUCTURED_DB/2015/sep/201359.json
2025-12-06 18:00:41,832 - INFO - 
[1138/2500] Processing G.R. No. 201365
2025-12-06 18:00:41,832 - INFO -   Title: The People of the Philippines vs. Manuela Flores y Salazar @...
2025-12-06 18:00:42,040 - INFO -   Case already exists: RESTRUCTURED_DB/2015/aug/201365.json
2025-12-06 18:00:42,540 - INFO - 
[1139/2500] Processing G.R. No. 201405
2025-12-06 18:00:42,540 - INFO -   Title: Liwayway Andres, et al. vs. Sta. Lucia Realty & Development,...
2025-12-06 18:00:42,749 - INFO -   Case already exists: RESTRUCTURED_DB/2015/aug/201405.json
2025-12-06 18:00:43,249 - INFO - 
[1140/2500] Processing G.R. No. 201427
2025-12-06 18:00:43,249 - INFO -   Title: Teofilo B. Adolfo vs Fe T. Adolfo...
2025-12-06 18:00:43,637 - INFO -   Case already exists: RESTRUCTURED_DB/2015/mar/201427.json
2025-12-06 18:00:44,137 - INFO - 
[1141/2500] Processing G.R. No. 201494
2025-12-06 18:00:44,137 - INFO -   Title: Marites R. Cusap vs. Adidas Philippines Inc., Promotion Reso...
2025-12-06 18:00:44,523 - INFO -   Case already exists: RESTRUCTURED_DB/2015/jul/201494.json
2025-12-06 18:00:45,023 - INFO - 
[1142/2500] Processing G.R. No. 201535
2025-12-06 18:00:45,023 - INFO -   Title: Nec System Integrated Construction (NESIC) Phils., Inc vs. R...
2025-12-06 18:00:45,412 - INFO -   Case already exists: RESTRUCTURED_DB/2015/oct/201535.json
2025-12-06 18:00:45,912 - INFO - 
[1143/2500] Processing G.R. No. 201536
2025-12-06 18:00:45,912 - INFO -   Title: Grace Marine Shipping Corporation and/or Capt. Jimmy Boado v...
2025-12-06 18:00:46,299 - INFO -   Case already exists: RESTRUCTURED_DB/2015/sep/201536.json
2025-12-06 18:00:46,799 - INFO - 
[1144/2500] Processing G.R. No. 201580
2025-12-06 18:00:46,799 - INFO -   Title: Alcid C. Balbarino (now deceased) substituted by his survivi...
2025-12-06 18:00:47,619 - WARNING -   ✗ Could not fetch case from any URL
2025-12-06 18:00:47,619 - INFO - 
[1145/2500] Processing G.R. No. 201652
2025-12-06 18:00:47,619 - INFO -   Title: Heirs of Simeon Latayan, et al. vs. Peing Tan, et al....
2025-12-06 18:00:47,827 - INFO -   Case already exists: RESTRUCTURED_DB/2015/dec/201652.json
2025-12-06 18:00:48,327 - INFO - 
[1146/2500] Processing G.R. No. 201793
2025-12-06 18:00:48,328 - INFO -   Title: Philippine Transmarine Carriers, Inc./Norwegian Crew Managem...
2025-12-06 18:00:48,536 - INFO -   Case already exists: RESTRUCTURED_DB/2015/sep/201793.json
2025-12-06 18:00:49,036 - INFO - 
[1147/2500] Processing G.R. No. 201822
2025-12-06 18:00:49,036 - INFO -   Title: Marina Port Services vs. American Home Assurance Corporation...
2025-12-06 18:00:49,422 - INFO -   Case already exists: RESTRUCTURED_DB/2015/aug/201822.json
2025-12-06 18:00:49,923 - INFO - 
[1148/2500] Processing G.R. No. 201830
2025-12-06 18:00:49,923 - INFO -   Title: Office of the Ombudsman vs. Roger F. Borja...
2025-12-06 18:00:50,131 - INFO -   Case already exists: RESTRUCTURED_DB/2015/nov/201830.json
2025-12-06 18:00:50,631 - INFO - 
[1149/2500] Processing G.R. No. 201836
2025-12-06 18:00:50,632 - INFO -   Title: People of the Philippines vs. Allan Britanico and Jojo Brita...
2025-12-06 18:00:50,839 - INFO -   Case already exists: RESTRUCTURED_DB/2015/jun/201836.json
2025-12-06 18:00:51,339 - INFO - 
[1150/2500] Processing G.R. No. 201892
2025-12-06 18:00:51,339 - INFO -   Title: Norlinda S. Marilag vs. Marcelino B. Martinez...
2025-12-06 18:00:51,726 - INFO -   Case already exists: RESTRUCTURED_DB/2015/jul/201892.json
2025-12-06 18:00:52,226 - INFO - 
[1151/2500] Processing G.R. No. 201931
2025-12-06 18:00:52,226 - INFO -   Title: Doña Adela Export International, Inc. vs. TIDCORP and BPI...
2025-12-06 18:00:52,612 - INFO -   Case already exists: RESTRUCTURED_DB/2015/feb/201931.json
2025-12-06 18:00:53,112 - INFO - 
[1152/2500] Processing G.R. No. 201945
2025-12-06 18:00:53,112 - INFO -   Title: Maersk-Filipinas Crewing, Inc./A.P. Moller A/C vs Rommel Ren...
2025-12-06 18:00:53,501 - INFO -   Case already exists: RESTRUCTURED_DB/2015/sep/201945.json
2025-12-06 18:00:54,002 - INFO - 
[1153/2500] Processing G.R. No. 201945
2025-12-06 18:00:54,002 - INFO -   Title: Maersk-Filipinas Crewing, Inc./A.P. Moller A/C vs Rommel Ren...
2025-12-06 18:00:54,390 - INFO -   Case already exists: RESTRUCTURED_DB/2015/sep/201945.json
2025-12-06 18:00:54,890 - INFO - 
[1154/2500] Processing G.R. No. 202090
2025-12-06 18:00:54,890 - INFO -   Title: ICT Marketing Services Inc. (now known as Skykes Marketing S...
2025-12-06 18:00:55,277 - INFO -   Case already exists: RESTRUCTURED_DB/2015/sep/202090.json
2025-12-06 18:00:55,777 - INFO - 
[1155/2500] Processing G.R. No. 202181
2025-12-06 18:00:55,777 - INFO -   Title: People of the Philippines vs. Carolina Boquecosa...
2025-12-06 18:00:55,985 - INFO -   Case already exists: RESTRUCTURED_DB/2015/aug/202181.json
2025-12-06 18:00:56,485 - INFO - 
[1156/2500] Processing G.R. No. 202215
2025-12-06 18:00:56,485 - INFO -   Title: Vicmar Development Corporation vs. Camilo Elarcosa, et al....
2025-12-06 18:00:56,873 - INFO -   Case already exists: RESTRUCTURED_DB/2015/dec/202215.json
2025-12-06 18:00:57,373 - INFO - 
[1157/2500] Processing G.R. No. 202262
2025-12-06 18:00:57,373 - INFO -   Title: Jose C. Go, et al. vs. Bangko Sentral ng Pilipinas, and Regi...
2025-12-06 18:00:57,581 - INFO -   Case already exists: RESTRUCTURED_DB/2015/jul/202262.json
2025-12-06 18:00:58,081 - INFO - 
[1158/2500] Processing G.R. No. 202322
2025-12-06 18:00:58,081 - INFO -   Title: Light Rail Transit Authority vs. Romulo S. Mendoza, et al....
2025-12-06 18:00:58,466 - INFO -   Case already exists: RESTRUCTURED_DB/2015/aug/202322.json
2025-12-06 18:00:58,966 - INFO - 
[1159/2500] Processing G.R. No. 202331
2025-12-06 18:00:58,967 - INFO -   Title: The Provincial Government of Aurora vs. Hilario M. Marco...
2025-12-06 18:00:59,965 - WARNING -   ✗ Could not fetch case from any URL
2025-12-06 18:00:59,965 - INFO - 
[1160/2500] Processing G.R. No. 202446
2025-12-06 18:00:59,965 - INFO -   Title: Eduardo Bandillion, et al. vs La Filipina Uygongco Corporati...
2025-12-06 18:01:00,178 - INFO -   Case already exists: RESTRUCTURED_DB/2015/sep/202446.json
2025-12-06 18:01:00,678 - INFO - 
[1161/2500] Processing G.R. No. 202515
2025-12-06 18:01:00,678 - INFO -   Title: Lucena B. Rallos vs Honorable Justices Gabriel T. Ingles, Pa...
2025-12-06 18:01:00,888 - INFO -   Case already exists: RESTRUCTURED_DB/2015/sep/202515.json
2025-12-06 18:01:01,388 - INFO - 
[1162/2500] Processing G.R. No. 202611
2025-12-06 18:01:01,388 - INFO -   Title: Abner Mangubat vs. Belen Morga-Sey a...
2025-12-06 18:01:01,619 - INFO -   Case already exists: RESTRUCTURED_DB/2015/nov/202611.json
2025-12-06 18:01:02,119 - INFO - 
[1163/2500] Processing G.R. No. 202632
2025-12-06 18:01:02,119 - INFO -   Title: Roberto Sta. Ana Dy, et al. vs. Bonifacio A. Yu, et al....
2025-12-06 18:01:02,510 - INFO -   Case already exists: RESTRUCTURED_DB/2015/jul/202632.json
2025-12-06 18:01:03,010 - INFO - 
[1164/2500] Processing G.R. No. 202645
2025-12-06 18:01:03,010 - INFO -   Title: Fortunato R. Baron, et al. vs. EPE Transport, Inc. and/or Er...
2025-12-06 18:01:03,219 - INFO -   Case already exists: RESTRUCTURED_DB/2015/aug/202645.json
2025-12-06 18:01:03,719 - INFO - 
[1165/2500] Processing G.R. No. 202664
2025-12-06 18:01:03,719 - INFO -   Title: Manuel Luis C. Gonzales and Francis Martin D. Gonzales vs. G...
2025-12-06 18:01:04,107 - INFO -   Case already exists: RESTRUCTURED_DB/2015/nov/202664.json
2025-12-06 18:01:04,607 - INFO - 
[1166/2500] Processing G.R. No. 202708
2025-12-06 18:01:04,608 - INFO -   Title: People of the Philippines vs. Vicoriano Villar @ Boy...
2025-12-06 18:01:05,432 - WARNING -   ✗ Could not fetch case from any URL
2025-12-06 18:01:05,432 - INFO - 
[1167/2500] Processing G.R. No. 202789
2025-12-06 18:01:05,432 - INFO -   Title: Commssioner of Internal Revenue vs. Puregold Duty Free, Inc....
2025-12-06 18:01:05,818 - INFO -   Case already exists: RESTRUCTURED_DB/2015/jun/202789.json
2025-12-06 18:01:06,318 - INFO - 
[1168/2500] Processing G.R. No. 202805
2025-12-06 18:01:06,318 - INFO -   Title: Rosario Baguis-Tambuyat vs Wenifreda Balcom-Tambuyat...
2025-12-06 18:01:06,528 - INFO -   Case already exists: RESTRUCTURED_DB/2015/mar/202805.json
2025-12-06 18:01:07,028 - INFO - 
[1169/2500] Processing G.R. No. 202859
2025-12-06 18:01:07,028 - INFO -   Title: New Filipino Maritime Agencies, Inc. vs. Vincent H. Datayan...
2025-12-06 18:01:07,237 - INFO -   Case already exists: RESTRUCTURED_DB/2015/nov/202859.json
2025-12-06 18:01:07,737 - INFO - 
[1170/2500] Processing G.R. No. 202877
2025-12-06 18:01:07,737 - INFO -   Title: Narra Nickel Mining and Development Corporation, et al. vs. ...
2025-12-06 18:01:08,125 - INFO -   Case already exists: RESTRUCTURED_DB/2015/dec/202877.json
2025-12-06 18:01:08,625 - INFO - 
[1171/2500] Processing G.R. No. 202943
2025-12-06 18:01:08,625 - INFO -   Title: The Department of Health, represented by Enrique T. Ona and ...
2025-12-06 18:01:08,834 - INFO -   Case already exists: RESTRUCTURED_DB/2015/mar/202943.json
2025-12-06 18:01:09,335 - INFO - 
[1172/2500] Processing G.R. No. 202947
2025-12-06 18:01:09,335 - INFO -   Title: ASB Realty Corporation vs. Ortigas & Company Limited Partner...
2025-12-06 18:01:09,722 - INFO -   Case already exists: RESTRUCTURED_DB/2015/dec/202947.json
2025-12-06 18:01:10,222 - INFO - 
[1173/2500] Processing G.R. No. 202950
2025-12-06 18:01:10,223 - INFO -   Title: Baltazar Ibot vs. Heirs of Francisco Tayco, represented by F...
2025-12-06 18:01:11,042 - WARNING -   ✗ Could not fetch case from any URL
2025-12-06 18:01:11,042 - INFO - 
[1174/2500] Processing G.R. No. 202961
2025-12-06 18:01:11,042 - INFO -   Title: Emer Milan, Randy Masangkay, Wilfredo Javier, et al. vs. Nat...
2025-12-06 18:01:11,252 - INFO -   Case already exists: RESTRUCTURED_DB/2015/feb/202961.json
2025-12-06 18:01:11,752 - INFO - 
[1175/2500] Processing G.R. No. 202967
2025-12-06 18:01:11,752 - INFO -   Title: Alicia Y. Laurel vs. Ferdinand M. Vardeleon...
2025-12-06 18:01:11,972 - INFO -   Case already exists: RESTRUCTURED_DB/2015/aug/202967.json
2025-12-06 18:01:12,472 - INFO - 
[1176/2500] Processing G.R. No. 202970
2025-12-06 18:01:12,472 - INFO -   Title: Natanya Joana D. Argel vs Gov. Luis C. Singson, in his capac...
2025-12-06 18:01:12,681 - INFO -   Case already exists: RESTRUCTURED_DB/2015/mar/202970.json
2025-12-06 18:01:13,181 - INFO - 
[1177/2500] Processing G.R. No. 202989
2025-12-06 18:01:13,182 - INFO -   Title: Comglasco Corporation/Aguila Glass vs Santos Car Check Cente...
2025-12-06 18:01:13,390 - INFO -   Case already exists: RESTRUCTURED_DB/2015/mar/202989.json
2025-12-06 18:01:13,890 - INFO - 
[1178/2500] Processing G.R. No. 203023
2025-12-06 18:01:13,890 - INFO -   Title: Philippine Communications Satellite Corporation, et al. vs. ...
2025-12-06 18:01:14,277 - INFO -   Case already exists: RESTRUCTURED_DB/2015/jun/203023.json
2025-12-06 18:01:14,777 - INFO - 
[1179/2500] Processing G.R. No. 203026
2025-12-06 18:01:14,777 - INFO -   Title: People of the Philippines vs. Nathaniel Pasion y Dela Cruz a...
2025-12-06 18:01:15,163 - INFO -   Case already exists: RESTRUCTURED_DB/2015/jan/203026.json
2025-12-06 18:01:15,663 - INFO - 
[1180/2500] Processing G.R. No. 203066
2025-12-06 18:01:15,663 - INFO -   Title: People of the Philippines vs. Rodelio Llobera y Ofiza...
2025-12-06 18:01:15,873 - INFO -   Case already exists: RESTRUCTURED_DB/2015/aug/203066.json
2025-12-06 18:01:16,373 - INFO - 
[1181/2500] Processing G.R. No. 203087
2025-12-06 18:01:16,373 - INFO -   Title: People of the Philippines vs Edgardo Zabala y Balada and Rom...
2025-12-06 18:01:16,583 - INFO -   Case already exists: RESTRUCTURED_DB/2015/nov/203087.json
2025-12-06 18:01:17,083 - INFO - 
[1182/2500] Processing G.R. No. 203115
2025-12-06 18:01:17,083 - INFO -   Title: Island Overseas Transport Corporation vs. Armando N. Beja...
2025-12-06 18:01:17,470 - INFO -   Case already exists: RESTRUCTURED_DB/2015/dec/203115.json
2025-12-06 18:01:17,970 - INFO - 
[1183/2500] Processing G.R. No. 203124
2025-12-06 18:01:17,970 - INFO -   Title: Province of Leyte, herein represented by Mr. Rodolfo Badiabl...
2025-12-06 18:01:18,178 - INFO -   Case already exists: RESTRUCTURED_DB/2015/jun/203124.json
2025-12-06 18:01:18,678 - INFO - 
[1184/2500] Processing G.R. No. 203133
2025-12-06 18:01:18,678 - INFO -   Title: Yulim International Company Ltd., et al vs. International Ex...
2025-12-06 18:01:19,063 - INFO -   Case already exists: RESTRUCTURED_DB/2015/feb/203133.json
2025-12-06 18:01:19,563 - INFO - 
[1185/2500] Processing G.R. No. 203142
2025-12-06 18:01:19,564 - INFO -   Title: The Philippine Ports Authority (PPA) vs. Coalition of PPA Of...
2025-12-06 18:01:19,950 - INFO -   Case already exists: RESTRUCTURED_DB/2015/aug/203142.json
2025-12-06 18:01:20,450 - INFO - 
[1186/2500] Processing G.R. No. 203240
2025-12-06 18:01:20,450 - INFO -   Title: Northern Islands, Co., Inc. vs Sps. Dennis and Cherylin Garc...
2025-12-06 18:01:20,658 - INFO -   Case already exists: RESTRUCTURED_DB/2015/mar/203240.json
2025-12-06 18:01:21,158 - INFO - 
[1187/2500] Processing G.R. No. 203313
2025-12-06 18:01:21,158 - INFO -   Title: People of the Philippines vs Roberto Hidalgo, et al....
2025-12-06 18:01:21,544 - INFO -   Case already exists: RESTRUCTURED_DB/2015/sep/203313.json
2025-12-06 18:01:22,044 - INFO - 
[1188/2500] Processing G.R. No. 203351
2025-12-06 18:01:22,044 - INFO -   Title: Panay Power Corporation (Formerly Avon River Power Holdings ...
2025-12-06 18:01:22,264 - INFO -   Case already exists: RESTRUCTURED_DB/2015/jan/203351.json
2025-12-06 18:01:22,764 - INFO - 
[1189/2500] Processing G.R. No. 203355
2025-12-06 18:01:22,764 - INFO -   Title: Leo R. Rosales, et al. vs. New A.N.J.H. Enterprises & N.H. O...
2025-12-06 18:01:23,150 - INFO -   Case already exists: RESTRUCTURED_DB/2015/aug/203355.json
2025-12-06 18:01:23,651 - INFO - 
[1190/2500] Processing G.R. No. 203372
2025-12-06 18:01:23,651 - INFO -   Title: Atty. Cheloy E. Velicaira-Garafil vs. Office of the Presiden...
2025-12-06 18:01:24,041 - INFO -   Case already exists: RESTRUCTURED_DB/2015/jun/203372.json
2025-12-06 18:01:24,541 - INFO - 
[1191/2500] Processing G.R. No. 203384
2025-12-06 18:01:24,542 - INFO -   Title: Republic of the Philippines vs. Sps. Jose Castura and Castue...
2025-12-06 18:01:24,749 - INFO -   Case already exists: RESTRUCTURED_DB/2015/jan/203384.json
2025-12-06 18:01:25,250 - INFO - 
[1192/2500] Processing G.R. No. 203397
2025-12-06 18:01:25,250 - INFO -   Title: Augusto Ong Trinidad II, et al. vs. Spouses Bonifacio Palad ...
2025-12-06 18:01:25,635 - INFO -   Case already exists: RESTRUCTURED_DB/2015/dec/203397.json
2025-12-06 18:01:26,135 - INFO - 
[1193/2500] Processing G.R. No. 203466
2025-12-06 18:01:26,135 - INFO -   Title: Cherry Ann M. Benabaye vs. People of the Philippines...
2025-12-06 18:01:26,344 - INFO -   Case already exists: RESTRUCTURED_DB/2015/feb/203466.json
2025-12-06 18:01:26,844 - INFO - 
[1194/2500] Processing G.R. No. 203530
2025-12-06 18:01:26,844 - INFO -   Title: Luzon Development Bank, Tomas Clemente, Jr., and Oscar Ramir...
2025-12-06 18:01:27,666 - WARNING -   ✗ Could not fetch case from any URL
2025-12-06 18:01:27,666 - INFO - 
[1195/2500] Processing G.R. No. 203655
2025-12-06 18:01:27,666 - INFO -   Title: SM Land, Inc. vs Bases Conversion and Developement Authority...
2025-12-06 18:01:28,051 - INFO -   Case already exists: RESTRUCTURED_DB/2015/sep/203655.json
2025-12-06 18:01:28,552 - INFO - 
[1196/2500] Processing G.R. No. 203655
2025-12-06 18:01:28,552 - INFO -   Title: SM Land, Inc. vs Bases Conversion and Development Authority ...
2025-12-06 18:01:29,522 - INFO -   Case already exists: RESTRUCTURED_DB/2015/mar/203655.json
2025-12-06 18:01:30,022 - INFO - 
[1197/2500] Processing G.R. No. 203774
2025-12-06 18:01:30,022 - INFO -   Title: Cargill Philippines, Inc. vs Commissioner of Internal Revenu...
2025-12-06 18:01:30,226 - INFO -   Case already exists: RESTRUCTURED_DB/2015/mar/203774.json
2025-12-06 18:01:30,726 - INFO - 
[1198/2500] Processing G.R. No. 203804
2025-12-06 18:01:30,726 - INFO -   Title: Dario A. Carcedo, substituted by his wife Pricilla Dela Cruz...
2025-12-06 18:01:31,699 - WARNING -   ✗ Could not fetch case from any URL
2025-12-06 18:01:31,700 - INFO - 
[1199/2500] Processing G.R. No. 203883
2025-12-06 18:01:31,700 - INFO -   Title: Homeowners Association of Talayan Village, Inc. vs J.M. Tuas...
2025-12-06 18:01:31,903 - INFO -   Case already exists: RESTRUCTURED_DB/2015/nov/203883.json
2025-12-06 18:01:32,403 - INFO - 
[1200/2500] Processing G.R. No. 203918
2025-12-06 18:01:32,403 - INFO -   Title: Spouses Amador C. Cayago, Jr. and Ermalinda B. Cayago vs. Sp...
2025-12-06 18:01:32,614 - INFO -   Case already exists: RESTRUCTURED_DB/2015/dec/203918.json
2025-12-06 18:01:33,114 - INFO - 
[1201/2500] Processing G.R. No. 203961
2025-12-06 18:01:33,114 - INFO -   Title: People of the Philippines vs. Roderinc Licayan, Roberto Lara...
2025-12-06 18:01:33,498 - INFO -   Case already exists: RESTRUCTURED_DB/2015/jul/203961.json
2025-12-06 18:01:33,998 - INFO - 
[1202/2500] Processing G.R. No. 203969
2025-12-06 18:01:33,998 - INFO -   Title: Ernesto Oppen, Inc. vs. Alberto Compas, Substituted by his h...
2025-12-06 18:01:34,202 - INFO -   Case already exists: RESTRUCTURED_DB/2015/oct/203969.json
2025-12-06 18:01:34,702 - INFO - 
[1203/2500] Processing G.R. No. 203993
2025-12-06 18:01:34,702 - INFO -   Title: Priscilo B. Paz vs. New International Environmental Universi...
2025-12-06 18:01:35,677 - WARNING -   ✗ Could not fetch case from any URL
2025-12-06 18:01:35,677 - INFO - 
[1204/2500] Processing G.R. No. 204089
2025-12-06 18:01:35,677 - INFO -   Title: Grace Borgona Insigne, et al. vs. Abra Valley Colleges, Inc....
2025-12-06 18:01:35,882 - INFO -   Case already exists: RESTRUCTURED_DB/2015/jul/204089.json
2025-12-06 18:01:36,382 - INFO - 
[1205/2500] Processing G.R. No. 204095
2025-12-06 18:01:36,382 - INFO -   Title: Dr. Jaime T. Cruz vs. Felicisimo V. Agas...
2025-12-06 18:01:36,592 - INFO -   Case already exists: RESTRUCTURED_DB/2015/jun/204095.json
2025-12-06 18:01:37,092 - INFO - 
[1206/2500] Processing G.R. No. 204105
2025-12-06 18:01:37,092 - INFO -   Title: Geronimo S. Rosas vs. Dilausan Montor and Imra-Ali M. Sabdul...
2025-12-06 18:01:37,469 - INFO -   Case already exists: RESTRUCTURED_DB/2015/oct/204105.json
2025-12-06 18:01:37,970 - INFO - 
[1207/2500] Processing G.R. No. 204117
2025-12-06 18:01:37,970 - INFO -   Title: China Banking Corporation vs. City Treasurer of Manila...
2025-12-06 18:01:38,348 - INFO -   Case already exists: RESTRUCTURED_DB/2015/jul/204117.json
2025-12-06 18:01:38,848 - INFO - 
[1208/2500] Processing G.R. No. 204171
2025-12-06 18:01:38,848 - INFO -   Title: Office of the Ombudsman vs. Wilfredo B. Agustino, et al....
2025-12-06 18:01:39,824 - WARNING -   ✗ Could not fetch case from any URL
2025-12-06 18:01:39,824 - INFO - 
[1209/2500] Processing G.R. No. 204172
2025-12-06 18:01:39,825 - INFO -   Title: Hon. Hermogenes E. Ebdane, Jr., et al. vs. Alvaro Y. Apurill...
2025-12-06 18:01:40,028 - INFO -   Case already exists: RESTRUCTURED_DB/2015/dec/204172.json
2025-12-06 18:01:40,528 - INFO - 
[1210/2500] Processing G.R. No. 204275
2025-12-06 18:01:40,528 - INFO -   Title: Liliosa C. Lisondra vs. Megacraft International Corporation ...
2025-12-06 18:01:40,731 - INFO -   Case already exists: RESTRUCTURED_DB/2015/dec/204275.json
2025-12-06 18:01:41,231 - INFO - 
[1211/2500] Processing G.R. No. 204641
2025-12-06 18:01:41,231 - INFO -   Title: Camarines Sur IV Electric Cooperative, Inc. and Atty. Veroni...
2025-12-06 18:01:41,607 - INFO -   Case already exists: RESTRUCTURED_DB/2015/jun/204641.json
2025-12-06 18:01:42,107 - INFO - 
[1212/2500] Processing G.R. No. 204644
2025-12-06 18:01:42,107 - INFO -   Title: Angelita Cruz Benito vs. People of the Philippines...
2025-12-06 18:01:42,485 - INFO -   Case already exists: RESTRUCTURED_DB/2015/feb/204644.json
2025-12-06 18:01:42,985 - INFO - 
[1213/2500] Processing G.R. No. 204646
2025-12-06 18:01:42,985 - INFO -   Title: Smart Communications, Inc., Napoleon L. Nazareno, and Ricard...
2025-12-06 18:01:43,786 - WARNING -   ✗ Could not fetch case from any URL
2025-12-06 18:01:43,786 - INFO - 
[1214/2500] Processing G.R. No. 204672
2025-12-06 18:01:43,786 - INFO -   Title: Sps. Rodolfo Guevarra and Marcelina Guevarra vs. the Commone...
2025-12-06 18:01:43,991 - INFO -   Case already exists: RESTRUCTURED_DB/2015/feb/204672.json
2025-12-06 18:01:44,491 - INFO - 
[1215/2500] Processing G.R. No. 204689
2025-12-06 18:01:44,491 - INFO -   Title: Stronghold Insurance Company Inc. vs. Spouses Rune and Lea S...
2025-12-06 18:01:44,869 - INFO -   Case already exists: RESTRUCTURED_DB/2015/jan/204689.json
2025-12-06 18:01:45,369 - INFO - 
[1216/2500] Processing G.R. No. 204702
2025-12-06 18:01:45,369 - INFO -   Title: Ricardo C. Honrado vs. GMA Network Films, Inc....
2025-12-06 18:01:45,572 - INFO -   Case already exists: RESTRUCTURED_DB/2015/jan/204702.json
2025-12-06 18:01:46,072 - INFO - 
[1217/2500] Processing G.R. No. 204738
2025-12-06 18:01:46,072 - INFO -   Title: Glenda Rodriguez-Angat vs. Government Service Insurance Syst...
2025-12-06 18:01:46,449 - INFO -   Case already exists: RESTRUCTURED_DB/2015/jul/204738.json
2025-12-06 18:01:46,950 - INFO - 
[1218/2500] Processing G.R. No. 204757
2025-12-06 18:01:46,950 - INFO -   Title: Atty. Janet D. Nacion vs Commission on Audit, Ma. Gracia Pul...
2025-12-06 18:01:47,154 - INFO -   Case already exists: RESTRUCTURED_DB/2015/mar/204757.json
2025-12-06 18:01:47,654 - INFO - 
[1219/2500] Processing G.R. No. 204796
2025-12-06 18:01:47,654 - INFO -   Title: Reicon Realty Builders Corporation vs. Diamond Dragon Realty...
2025-12-06 18:01:48,031 - INFO -   Case already exists: RESTRUCTURED_DB/2015/feb/204796.json
2025-12-06 18:01:48,532 - INFO - 
[1220/2500] Processing G.R. No. 204835
2025-12-06 18:01:48,532 - INFO -   Title: Movertrade Corporation vs the Commission on Audit and the De...
2025-12-06 18:01:48,737 - INFO -   Case already exists: RESTRUCTURED_DB/2015/sep/204835.json
2025-12-06 18:01:49,238 - INFO - 
[1221/2500] Processing G.R. No. 204845
2025-12-06 18:01:49,238 - INFO -   Title: Belchem Philippines Inc. vs. Eduardo A. Zafra, Jr....
2025-12-06 18:01:49,442 - INFO -   Case already exists: RESTRUCTURED_DB/2015/jun/204845.json
2025-12-06 18:01:49,942 - INFO - 
[1222/2500] Processing G.R. No. 204866
2025-12-06 18:01:49,943 - INFO -   Title: Ruks Konsult and Construction vs. Adworld Sign and Advertisi...
2025-12-06 18:01:50,152 - INFO -   Case already exists: RESTRUCTURED_DB/2015/jan/204866.json
2025-12-06 18:01:50,652 - INFO - 
[1223/2500] Processing G.R. No. 205039
2025-12-06 18:01:50,652 - INFO -   Title: Spouses Rozelle Raymond Martin and Claudine Margaret Santiag...
2025-12-06 18:01:51,028 - INFO -   Case already exists: RESTRUCTURED_DB/2015/oct/205039.json
2025-12-06 18:01:51,528 - INFO - 
[1224/2500] Processing G.R. No. 205113
2025-12-06 18:01:51,528 - INFO -   Title: Honorlita Ascano-Cupino and Flaviana Ascano-Colocado vs. Pac...
2025-12-06 18:01:51,905 - INFO -   Case already exists: RESTRUCTURED_DB/2015/aug/205113.json
2025-12-06 18:01:52,405 - INFO - 
[1225/2500] Processing G.R. No. 205153
2025-12-06 18:01:52,405 - INFO -   Title: People of the Philippines vs Suzette Arnaiz a.k.a. "Baby Ros...
2025-12-06 18:01:52,612 - INFO -   Case already exists: RESTRUCTURED_DB/2015/sep/205153.json
2025-12-06 18:01:53,112 - INFO - 
[1226/2500] Processing G.R. No. 205188
2025-12-06 18:01:53,112 - INFO -   Title: Republic of the Philippines, represented by Honorable Lourde...
2025-12-06 18:01:54,086 - WARNING -   ✗ Could not fetch case from any URL
2025-12-06 18:01:54,086 - INFO - 
[1227/2500] Processing G.R. No. 205228
2025-12-06 18:01:54,086 - INFO -   Title: People of the Philippines vs. Rolly Adriano y Samson, et al....
2025-12-06 18:01:54,289 - INFO -   Case already exists: RESTRUCTURED_DB/2015/jul/205228.json
2025-12-06 18:01:54,789 - INFO - 
[1228/2500] Processing G.R. No. 205271
2025-12-06 18:01:54,789 - INFO -   Title: Land Bank of the Philippines vs Belle Corporation...
2025-12-06 18:01:55,167 - INFO -   Case already exists: RESTRUCTURED_DB/2015/sep/205271.json
2025-12-06 18:01:55,667 - INFO - 
[1229/2500] Processing G.R. No. 205300
2025-12-06 18:01:55,667 - INFO -   Title: Fonterra Brands Phils., Inc. vs Leonardo Largado and Teotimo...
2025-12-06 18:01:55,870 - INFO -   Case already exists: RESTRUCTURED_DB/2015/mar/205300.json
2025-12-06 18:01:56,370 - INFO - 
[1230/2500] Processing G.R. No. 205308
2025-12-06 18:01:56,370 - INFO -   Title: People of the Philippines vs. Oscar Santos y Encinas...
2025-12-06 18:01:56,747 - INFO -   Case already exists: RESTRUCTURED_DB/2015/feb/205308.json
2025-12-06 18:01:57,247 - INFO - 
[1231/2500] Processing G.R. No. 205316
2025-12-06 18:01:57,247 - INFO -   Title: People of the Philippines vs. Romeo De Castro and Randolf Pa...
2025-12-06 18:01:57,450 - INFO -   Case already exists: RESTRUCTURED_DB/2015/jun/205316.json
2025-12-06 18:01:57,951 - INFO - 
[1232/2500] Processing G.R. No. 205379
2025-12-06 18:01:57,951 - INFO -   Title: People of the Philippines vs Henry Caladcadan...
2025-12-06 18:01:58,327 - INFO -   Case already exists: RESTRUCTURED_DB/2015/sep/205379.json
2025-12-06 18:01:58,827 - INFO - 
[1233/2500] Processing G.R. No. 205412
2025-12-06 18:01:58,827 - INFO -   Title: People of the Philippines vs Adrian Guting y Tomas...
2025-12-06 18:01:59,204 - INFO -   Case already exists: RESTRUCTURED_DB/2015/sep/205412.json
2025-12-06 18:01:59,704 - INFO - 
[1234/2500] Processing G.R. No. 205433
2025-12-06 18:01:59,704 - INFO -   Title: Office of the Ombudsman vs. Avelino De Zosa and Bartolome De...
2025-12-06 18:01:59,907 - INFO -   Case already exists: RESTRUCTURED_DB/2015/jan/205433.json
2025-12-06 18:02:00,407 - INFO - 
[1235/2500] Processing G.R. No. 205469
2025-12-06 18:02:00,407 - INFO -   Title: BPI Family Savings Bank, Inc. vs St. Michael Medical Center,...
2025-12-06 18:02:00,785 - INFO -   Case already exists: RESTRUCTURED_DB/2015/mar/205469.json
2025-12-06 18:02:01,286 - INFO - 
[1236/2500] Processing G.R. No. 205492
2025-12-06 18:02:01,286 - INFO -   Title: People of the Philippines vs Sps. Dante and Lolita Benigno...
2025-12-06 18:02:01,662 - INFO -   Case already exists: RESTRUCTURED_DB/2015/mar/205492.json
2025-12-06 18:02:02,162 - INFO - 
[1237/2500] Processing G.R. No. 205505
2025-12-06 18:02:02,163 - INFO -   Title: Atty. Isidro Q. Lico, et al. vs the Commission on Elections ...
2025-12-06 18:02:02,540 - INFO -   Case already exists: RESTRUCTURED_DB/2015/sep/205505.json
2025-12-06 18:02:03,040 - INFO - 
[1238/2500] Processing G.R. No. 205575
2025-12-06 18:02:03,040 - INFO -   Title: Visayan Electric Company Employees UNION-ALU-TUCP and Casmer...
2025-12-06 18:02:03,418 - INFO -   Case already exists: RESTRUCTURED_DB/2015/jul/205575.json
2025-12-06 18:02:03,918 - INFO - 
[1239/2500] Processing G.R. No. 205590
2025-12-06 18:02:03,918 - INFO -   Title: Philippine National Bank vs Ligaya M. Pasimio...
2025-12-06 18:02:04,297 - INFO -   Case already exists: RESTRUCTURED_DB/2015/sep/205590.json
2025-12-06 18:02:04,797 - INFO - 
[1240/2500] Processing G.R. No. 205681
2025-12-06 18:02:04,797 - INFO -   Title: Janet V. Carbonell vs. Julita A. Carbonell-Mendes...
2025-12-06 18:02:05,000 - INFO -   Case already exists: RESTRUCTURED_DB/2015/jul/205681.json
2025-12-06 18:02:05,500 - INFO - 
[1241/2500] Processing G.R. No. 205705
2025-12-06 18:02:05,500 - INFO -   Title: Dominador M. Apique vs. Evangeline Fahnenstich...
2025-12-06 18:02:05,704 - INFO -   Case already exists: RESTRUCTURED_DB/2015/aug/205705.json
2025-12-06 18:02:06,205 - INFO - 
[1242/2500] Processing G.R. No. 205728
2025-12-06 18:02:06,205 - INFO -   Title: The Diocese of Bacolod, represented by the Most. Rev. Bishop...
2025-12-06 18:02:06,942 - INFO -   Case already exists: RESTRUCTURED_DB/2015/jan/205728.json
2025-12-06 18:02:07,443 - INFO - 
[1243/2500] Processing G.R. No. 205735
2025-12-06 18:02:07,443 - INFO -   Title: Concepcion A. Villena vs. Batangas II Electric Cooperative, ...
2025-12-06 18:02:07,652 - INFO -   Case already exists: RESTRUCTURED_DB/2015/feb/205735.json
2025-12-06 18:02:08,152 - INFO - 
[1244/2500] Processing G.R. No. 205760
2025-12-06 18:02:08,152 - INFO -   Title: Francisco T. Inocencio vs. People of the Philippines...
2025-12-06 18:02:08,358 - INFO -   Case already exists: RESTRUCTURED_DB/2015/nov/205760.json
2025-12-06 18:02:08,858 - INFO - 
[1245/2500] Processing G.R. No. 205823
2025-12-06 18:02:08,858 - INFO -   Title: People of the Philippines vs. Regie A. Breis and Gary T. Yum...
2025-12-06 18:02:09,237 - INFO -   Case already exists: RESTRUCTURED_DB/2015/aug/205823.json
2025-12-06 18:02:09,737 - INFO - 
[1246/2500] Processing G.R. No. 205867
2025-12-06 18:02:09,737 - INFO -   Title: Mariflor T. Hortizuela (represented by Jovier Tagufa) vs. Gr...
2025-12-06 18:02:09,941 - INFO -   Case already exists: RESTRUCTURED_DB/2015/feb/205867.json
2025-12-06 18:02:10,441 - INFO - 
[1247/2500] Processing G.R. No. 205875
2025-12-06 18:02:10,441 - INFO -   Title: Liberty Broadcasting Network, Inc. now known as Wi-Tribe Tel...
2025-12-06 18:02:10,819 - INFO -   Case already exists: RESTRUCTURED_DB/2015/jun/205875.json
2025-12-06 18:02:11,319 - INFO - 
[1248/2500] Processing G.R. No. 205889
2025-12-06 18:02:11,319 - INFO -   Title: People of the Philippines vs. Sander Daduma y Lunsod...
2025-12-06 18:02:11,523 - INFO -   Case already exists: RESTRUCTURED_DB/2015/feb/205889.json
2025-12-06 18:02:12,023 - INFO - 
[1249/2500] Processing G.R. No. 205915
2025-12-06 18:02:12,023 - INFO -   Title: Asset Pool a (SPV-AMC), Inc. vs. Clark Development Corporati...
2025-12-06 18:02:12,232 - INFO -   Case already exists: RESTRUCTURED_DB/2015/nov/205915.json
2025-12-06 18:02:12,732 - INFO - 
[1250/2500] Processing G.R. No. 205926
2025-12-06 18:02:12,733 - INFO -   Title: Alvin Comerciante y Gonzales vs. People of the Philippines...
2025-12-06 18:02:13,109 - INFO -   Case already exists: RESTRUCTURED_DB/2015/jul/205926.json
2025-12-06 18:02:13,609 - INFO - 
[1251/2500] Processing G.R. No. 205952
2025-12-06 18:02:13,610 - INFO -   Title: Atty. Segundo B. Bonsubre, Jr. vs. Erwin Yerro, Erico Yerro ...
2025-12-06 18:02:13,987 - INFO -   Case already exists: RESTRUCTURED_DB/2015/feb/205952.json
2025-12-06 18:02:14,487 - INFO - 
[1252/2500] Processing G.R. No. 206004
2025-12-06 18:02:14,487 - INFO -   Title: Joseph B. Timbol vs. Commssion on Elections...
2025-12-06 18:02:14,864 - INFO -   Case already exists: RESTRUCTURED_DB/2015/feb/206004.json
2025-12-06 18:02:15,364 - INFO - 
[1253/2500] Processing G.R. No. 206019
2025-12-06 18:02:15,364 - INFO -   Title: Philippine National Bank vs Commissioner of Internal Revenue...
2025-12-06 18:02:15,740 - INFO -   Case already exists: RESTRUCTURED_DB/2015/mar/206019.json
2025-12-06 18:02:16,240 - INFO - 
[1254/2500] Processing G.R. No. 206020
2025-12-06 18:02:16,240 - INFO -   Title: 1-United Transport Koalisyo (1-Utak) vs. Commission on Elect...
2025-12-06 18:02:17,216 - WARNING -   ✗ Could not fetch case from any URL
2025-12-06 18:02:17,216 - INFO - 
[1255/2500] Processing G.R. No. 206032
2025-12-06 18:02:17,216 - INFO -   Title: Jose Rudy L. Bautista vs. Elburg Shipmanagement Philippines,...
2025-12-06 18:02:17,419 - INFO -   Case already exists: RESTRUCTURED_DB/2015/aug/206032.json
2025-12-06 18:02:17,919 - INFO - 
[1256/2500] Processing G.R. No. 206220
2025-12-06 18:02:17,919 - INFO -   Title: Luis Uy, substituted by Lydia Uy Velasquez and Shirley Uy Ma...
2025-12-06 18:02:18,123 - INFO -   Case already exists: RESTRUCTURED_DB/2015/aug/206220.json
2025-12-06 18:02:18,624 - INFO - 
[1257/2500] Processing G.R. No. 206229
2025-12-06 18:02:18,624 - INFO -   Title: People of the Philippines vs. Amy Dasigan y Oliva...
2025-12-06 18:02:19,001 - INFO -   Case already exists: RESTRUCTURED_DB/2015/feb/206229.json
2025-12-06 18:02:19,501 - INFO - 
[1258/2500] Processing G.R. No. 206267
2025-12-06 18:02:19,501 - INFO -   Title: People of the Philippines vs Ronnie Buat alias Datu Sinsuat...
2025-12-06 18:02:19,716 - INFO -   Case already exists: RESTRUCTURED_DB/2015/mar/206267.json
2025-12-06 18:02:20,216 - INFO - 
[1259/2500] Processing G.R. No. 206285
2025-12-06 18:02:20,216 - INFO -   Title: Veritas Maritime Corporation and/or Erickson Marquez...
2025-12-06 18:02:20,593 - INFO -   Case already exists: RESTRUCTURED_DB/2015/feb/206285.json
2025-12-06 18:02:21,093 - INFO - 
[1260/2500] Processing G.R. No. 206296
2025-12-06 18:02:21,093 - INFO -   Title: People of the Philippines vs. Rodolfo Omilig y Mancia, et al...
2025-12-06 18:02:21,469 - INFO -   Case already exists: RESTRUCTURED_DB/2015/aug/206296.json
2025-12-06 18:02:21,969 - INFO - 
[1261/2500] Processing G.R. No. 206381
2025-12-06 18:02:21,970 - INFO -   Title: People of the Philippines vs Daniel Matibag y De Villa @ "Da...
2025-12-06 18:02:22,174 - INFO -   Case already exists: RESTRUCTURED_DB/2015/mar/206381.json
2025-12-06 18:02:22,674 - INFO - 
[1262/2500] Processing G.R. No. 206393
2025-12-06 18:02:22,674 - INFO -   Title: People of the Philippines vs. Michael Joson y Rogando...
2025-12-06 18:02:22,889 - INFO -   Case already exists: RESTRUCTURED_DB/2015/jan/206393.json
2025-12-06 18:02:23,389 - INFO - 
[1263/2500] Processing G.R. No. 206423
2025-12-06 18:02:23,389 - INFO -   Title: Leoncio Alangdeo Arthur Verceles and Danny Vergara vs. the C...
2025-12-06 18:02:23,766 - INFO -   Case already exists: RESTRUCTURED_DB/2015/jul/206423.json
2025-12-06 18:02:24,266 - INFO - 
[1264/2500] Processing G.R. No. 206442
2025-12-06 18:02:24,267 - INFO -   Title: Jovito Canceran vs. People of the Philippines...
2025-12-06 18:02:24,470 - INFO -   Case already exists: RESTRUCTURED_DB/2015/jul/206442.json
2025-12-06 18:02:24,970 - INFO - 
[1265/2500] Processing G.R. No. 206513
2025-12-06 18:02:24,970 - INFO -   Title: Mustapha Dimakuta Maruhom vs. People of the PhilippinesConcu...
2025-12-06 18:02:25,349 - INFO -   Case already exists: RESTRUCTURED_DB/2015/oct/206513.json
2025-12-06 18:02:25,849 - INFO - 
[1266/2500] Processing G.R. No. 206526
2025-12-06 18:02:25,849 - INFO -   Title: Winebrenner & Inigo Insurance Brokers, Inc. vs. Commissioner...
2025-12-06 18:02:26,226 - INFO -   Case already exists: RESTRUCTURED_DB/2015/jan/206526.json
2025-12-06 18:02:26,726 - INFO - 
[1267/2500] Processing G.R. No. 206540
2025-12-06 18:02:26,726 - INFO -   Title: Alice G. Agrica vs. Insurance Savings and Investment Agency,...
2025-12-06 18:02:27,533 - WARNING -   ✗ Could not fetch case from any URL
2025-12-06 18:02:27,533 - INFO - 
[1268/2500] Processing G.R. No. 206593
2025-12-06 18:02:27,533 - INFO -   Title: People of the Philippines vs. Ramonito B. Asignar...
2025-12-06 18:02:27,735 - INFO -   Case already exists: RESTRUCTURED_DB/2015/nov/206593.json
2025-12-06 18:02:28,235 - INFO - 
[1269/2500] Processing G.R. No. 206612
2025-12-06 18:02:28,235 - INFO -   Title: Toyota Alabang, Inc. vs. Edwin Games Dissenting OpinionJusti...
2025-12-06 18:02:28,438 - INFO -   Case already exists: RESTRUCTURED_DB/2015/aug/206612.json
2025-12-06 18:02:28,939 - INFO - 
[1270/2500] Processing G.R. No. 206653
2025-12-06 18:02:28,939 - INFO -   Title: Yuk Ling Ong vs. Benjamin T. Co...
2025-12-06 18:02:29,141 - INFO -   Case already exists: RESTRUCTURED_DB/2015/feb/206653.json
2025-12-06 18:02:29,642 - INFO - 
[1271/2500] Processing G.R. No. 206832
2025-12-06 18:02:29,642 - INFO -   Title: People of the Philippines vs. Alfredo Morales y Lam...
2025-12-06 18:02:29,844 - INFO -   Case already exists: RESTRUCTURED_DB/2015/jan/206832.json
2025-12-06 18:02:30,344 - INFO - 
[1272/2500] Processing G.R. No. 206866
2025-12-06 18:02:30,344 - INFO -   Title: Philippine Deposit Insurance Corporation (PDIC) vs Hon. Orla...
2025-12-06 18:02:30,721 - INFO -   Case already exists: RESTRUCTURED_DB/2015/sep/206866.json
2025-12-06 18:02:31,221 - INFO - 
[1273/2500] Processing G.R. No. 206910
2025-12-06 18:02:31,221 - INFO -   Title: People of the Philippines vs. Juliet Pancho...
2025-12-06 18:02:31,597 - INFO -   Case already exists: RESTRUCTURED_DB/2015/oct/206910.json
2025-12-06 18:02:32,097 - INFO - 
[1274/2500] Processing G.R. No. 206942
2025-12-06 18:02:32,098 - INFO -   Title: Vicente C. Tatel vs. JLFP Investigation and Security Agency,...
2025-12-06 18:02:32,475 - INFO -   Case already exists: RESTRUCTURED_DB/2015/dec/206942.json
2025-12-06 18:02:32,975 - INFO - 
[1275/2500] Processing G.R. No. 206942
2025-12-06 18:02:32,975 - INFO -   Title: Vicente C. Tatel vs. JLFP Investigation Security Agency, Inc...
2025-12-06 18:02:33,352 - INFO -   Case already exists: RESTRUCTURED_DB/2015/feb/206942.json
2025-12-06 18:02:33,852 - INFO - 
[1276/2500] Processing G.R. No. 206957
2025-12-06 18:02:33,852 - INFO -   Title: Cherith A. Bucal vs. Manny P. Bucal...
2025-12-06 18:02:34,618 - INFO -   Case already exists: RESTRUCTURED_DB/2015/jun/206957.json
2025-12-06 18:02:35,119 - INFO - 
[1277/2500] Processing G.R. No. 206970
2025-12-06 18:02:35,119 - INFO -   Title: People of the Philippines vs. Antonio Edaño and Nestor Edaño...
2025-12-06 18:02:35,514 - INFO -   Case already exists: RESTRUCTURED_DB/2015/jul/206970.json
2025-12-06 18:02:36,014 - INFO - 
[1278/2500] Processing G.R. No. 206972
2025-12-06 18:02:36,014 - INFO -   Title: People of the Philippines vs. Pamuel A. Magno...
2025-12-06 18:02:36,221 - INFO -   Case already exists: RESTRUCTURED_DB/2015/dec/206972.json
2025-12-06 18:02:36,721 - INFO - 
[1279/2500] Processing G.R. No. 207010
2025-12-06 18:02:36,721 - INFO -   Title: Maersk-Filipinas Crewing, Inc., A.P. Moller Singapore PTE Li...
2025-12-06 18:02:37,106 - INFO -   Case already exists: RESTRUCTURED_DB/2015/feb/207010.json
2025-12-06 18:02:37,606 - INFO - 
[1280/2500] Processing G.R. No. 207041
2025-12-06 18:02:37,606 - INFO -   Title: People of the Philippines vs Jesus A. Arrojado...
2025-12-06 18:02:37,828 - INFO -   Case already exists: RESTRUCTURED_DB/2015/nov/207041.json
2025-12-06 18:02:38,328 - INFO - 
[1281/2500] Processing G.R. No. 207098
2025-12-06 18:02:38,328 - INFO -   Title: People of the Philippines vs. Nonieto Gersamio...
2025-12-06 18:02:38,712 - INFO -   Case already exists: RESTRUCTURED_DB/2015/jul/207098.json
2025-12-06 18:02:39,213 - INFO - 
[1282/2500] Processing G.R. No. 207105
2025-12-06 18:02:39,213 - INFO -   Title: Arsenio A. Agustin vs. Commission on Elections...
2025-12-06 18:02:39,598 - INFO -   Case already exists: RESTRUCTURED_DB/2015/nov/207105.json
2025-12-06 18:02:40,098 - INFO - 
[1283/2500] Processing G.R. No. 207112
2025-12-06 18:02:40,098 - INFO -   Title: Pilipinas Total Gas, Inc. vs. Commissioner of Internal Reven...
2025-12-06 18:02:40,484 - INFO -   Case already exists: RESTRUCTURED_DB/2015/dec/207112.json
2025-12-06 18:02:40,984 - INFO - 
[1284/2500] Processing G.R. No. 207133
2025-12-06 18:02:40,984 - INFO -   Title: Swire Realty Development Corporation vs Jayne Yu...
2025-12-06 18:02:41,192 - INFO -   Case already exists: RESTRUCTURED_DB/2015/jan/207133.json
2025-12-06 18:02:41,692 - INFO - 
[1285/2500] Processing G.R. No. 207134
2025-12-06 18:02:41,692 - INFO -   Title: Aksyon Magsasaka-Partido Tinig ng Masa (AKMA-PTM) vs. Commis...
2025-12-06 18:02:42,081 - INFO -   Case already exists: RESTRUCTURED_DB/2015/jun/207134.json
2025-12-06 18:02:42,581 - INFO - 
[1286/2500] Processing G.R. No. 207145
2025-12-06 18:02:42,581 - INFO -   Title: Gil G. Cawad, et al. vs. Florencio B. Abad, in his capacity ...
2025-12-06 18:02:42,966 - INFO -   Case already exists: RESTRUCTURED_DB/2015/jul/207145.json
2025-12-06 18:02:43,466 - INFO - 
[1287/2500] Processing G.R. No. 207161
2025-12-06 18:02:43,466 - INFO -   Title: Y-1 Leisure Philippines, Inc., Yats International Ltd. and Y...
2025-12-06 18:02:43,852 - INFO -   Case already exists: RESTRUCTURED_DB/2015/sep/207161.json
2025-12-06 18:02:44,352 - INFO - 
[1288/2500] Processing G.R. No. 207257
2025-12-06 18:02:44,352 - INFO -   Title: Hon. Ramon Jesus P. Paje, in his capacity as Secretary of th...
2025-12-06 18:02:44,938 - INFO -   Case already exists: RESTRUCTURED_DB/2015/feb/207257.json
2025-12-06 18:02:45,438 - INFO - 
[1289/2500] Processing G.R. No. 207286
2025-12-06 18:02:45,438 - INFO -   Title: Dela Rosa Liner, Inc. and/or Rosauro Dela Rosa Sr. and Nora ...
2025-12-06 18:02:45,645 - INFO -   Case already exists: RESTRUCTURED_DB/2015/jul/207286.json
2025-12-06 18:02:46,145 - INFO - 
[1290/2500] Processing G.R. No. 207328
2025-12-06 18:02:46,145 - INFO -   Title: Wilhelmsen-Smith Bell Manning/Wilhelmsen Ship Management Ltd...
2025-12-06 18:02:46,959 - WARNING -   ✗ Could not fetch case from any URL
2025-12-06 18:02:46,960 - INFO - 
[1291/2500] Processing G.R. No. 207422
2025-12-06 18:02:46,960 - INFO -   Title: Angel Abad vs Herminio Dela Cruz...
2025-12-06 18:02:47,169 - INFO -   Case already exists: RESTRUCTURED_DB/2015/mar/207422.json
2025-12-06 18:02:47,669 - INFO - 
[1292/2500] Processing G.R. No. 207435
2025-12-06 18:02:47,669 - INFO -   Title: Norma Edita R. Dy Sun-Ong vs. Jose Victory R. Dy Sun...
2025-12-06 18:02:47,877 - INFO -   Case already exists: RESTRUCTURED_DB/2015/jul/207435.json
2025-12-06 18:02:48,377 - INFO - 
[1293/2500] Processing G.R. No. 207575
2025-12-06 18:02:48,377 - INFO -   Title: Hedcor, Inc. vs. Commissioner of Internal Revenue...
2025-12-06 18:02:48,584 - INFO -   Case already exists: RESTRUCTURED_DB/2015/jul/207575.json
2025-12-06 18:02:49,084 - INFO - 
[1294/2500] Processing G.R. No. 207633
2025-12-06 18:02:49,084 - INFO -   Title: People of the Philippines vs. Johnlie Lagangga y Dumpa...
2025-12-06 18:02:49,291 - INFO -   Case already exists: RESTRUCTURED_DB/2015/dec/207633.json
2025-12-06 18:02:49,791 - INFO - 
[1295/2500] Processing G.R. No. 207635
2025-12-06 18:02:49,792 - INFO -   Title: People of the Philippines vs. Dante Dela Peña and Dennis Del...
2025-12-06 18:02:50,177 - INFO -   Case already exists: RESTRUCTURED_DB/2015/feb/207635.json
2025-12-06 18:02:50,677 - INFO - 
[1296/2500] Processing G.R. No. 207639
2025-12-06 18:02:50,678 - INFO -   Title: Bahia Shipping Services, Inc. and/or V-Ship Norway and/or Cy...
2025-12-06 18:02:50,885 - INFO -   Case already exists: RESTRUCTURED_DB/2015/jul/207639.json
2025-12-06 18:02:51,385 - INFO - 
[1297/2500] Processing G.R. No. 207747
2025-12-06 18:02:51,385 - INFO -   Title: Spouses Chin Kong Wong Choi and Ana O. Chua vs United Coconu...
2025-12-06 18:02:51,768 - INFO -   Case already exists: RESTRUCTURED_DB/2015/mar/207747.json
2025-12-06 18:02:52,268 - INFO - 
[1298/2500] Processing G.R. No. 207791
2025-12-06 18:02:52,268 - INFO -   Title: The City of Davao represented by the City Treasurer of Davao...
2025-12-06 18:02:52,653 - INFO -   Case already exists: RESTRUCTURED_DB/2015/jul/207791.json
2025-12-06 18:02:53,153 - INFO - 
[1299/2500] Processing G.R. No. 207804
2025-12-06 18:02:53,153 - INFO -   Title: ACE Navigation Company, et al. vs. Santos D. Garcia...
2025-12-06 18:02:53,361 - INFO -   Case already exists: RESTRUCTURED_DB/2015/jun/207804.json
2025-12-06 18:02:53,862 - INFO - 
[1300/2500] Processing G.R. No. 207815
2025-12-06 18:02:53,862 - INFO -   Title: People of the Philippines vs. Jose Salvador a.k.a. "Felix"...
2025-12-06 18:02:54,246 - INFO -   Case already exists: RESTRUCTURED_DB/2015/jun/207815.json
2025-12-06 18:02:54,746 - INFO - 
[1301/2500] Processing G.R. No. 207843
2025-12-06 18:02:54,746 - INFO -   Title: Commissioner of Internal Revenue vs. Court of Tax Appeals (S...
2025-12-06 18:02:55,131 - INFO -   Case already exists: RESTRUCTURED_DB/2015/jul/207843.json
2025-12-06 18:02:55,631 - INFO - 
[1302/2500] Processing G.R. No. 207942
2025-12-06 18:02:55,632 - INFO -   Title: Yinlu Bicol Mining Corporation vs. Trans-Asia Oil and Energy...
2025-12-06 18:02:56,018 - INFO -   Case already exists: RESTRUCTURED_DB/2015/jan/207942.json
2025-12-06 18:02:56,518 - INFO - 
[1303/2500] Processing G.R. No. 207949
2025-12-06 18:02:56,518 - INFO -   Title: People of the Philippines vs Armando Dionaldo y Ebron, et al...
2025-12-06 18:02:56,724 - INFO -   Case already exists: RESTRUCTURED_DB/2015/sep/207949.json
2025-12-06 18:02:57,224 - INFO - 
[1304/2500] Processing G.R. No. 207964
2025-12-06 18:02:57,224 - INFO -   Title: Spouses Alfonso Alcuitas Sr. (deceased-represented by his he...
2025-12-06 18:02:57,434 - INFO -   Case already exists: RESTRUCTURED_DB/2015/sep/207964.json
2025-12-06 18:02:57,934 - INFO - 
[1305/2500] Processing G.R. No. 207988
2025-12-06 18:02:57,934 - INFO -   Title: People of the Philippines vs Brian Mercado Y Sarmiento...
2025-12-06 18:02:58,318 - INFO -   Case already exists: RESTRUCTURED_DB/2015/mar/207988.json
2025-12-06 18:02:58,819 - INFO - 
[1306/2500] Processing G.R. No. 208015
2025-12-06 18:02:58,819 - INFO -   Title: People of the Philippines vs. Ronwaldo Lafaran y Aclan...
2025-12-06 18:02:59,204 - INFO -   Case already exists: RESTRUCTURED_DB/2015/oct/208015.json
2025-12-06 18:02:59,704 - INFO - 
[1307/2500] Processing G.R. No. 208062
2025-12-06 18:02:59,704 - INFO -   Title: Social Weather Stations, Inc. and Pulse Asia, Inc. vs. Commi...
2025-12-06 18:03:00,873 - WARNING -   ✗ Could not fetch case from any URL
2025-12-06 18:03:00,874 - INFO - 
[1308/2500] Processing G.R. No. 208113
2025-12-06 18:03:00,874 - INFO -   Title: Dolores Diaz vs. People of the Philippines and Leticias S. A...
2025-12-06 18:03:01,080 - INFO -   Case already exists: RESTRUCTURED_DB/2015/dec/208113.json
2025-12-06 18:03:01,580 - INFO - 
[1309/2500] Processing G.R. No. 208163
2025-12-06 18:03:01,580 - INFO -   Title: Roque B. Benitez and Santa Fe Labor Union-Federation of Free...
2025-12-06 18:03:02,395 - WARNING -   ✗ Could not fetch case from any URL
2025-12-06 18:03:02,395 - INFO - 
[1310/2500] Processing G.R. No. 208320
2025-12-06 18:03:02,395 - INFO -   Title: Grace David vs. People of the Philippines...
2025-12-06 18:03:02,609 - INFO -   Case already exists: RESTRUCTURED_DB/2015/aug/208320.json
2025-12-06 18:03:03,109 - INFO - 
[1311/2500] Processing G.R. No. 208341
2025-12-06 18:03:03,109 - INFO -   Title: Hon. Office of the Ombudsman vs. Ma. Nimfa De Villa...
2025-12-06 18:03:03,317 - INFO -   Case already exists: RESTRUCTURED_DB/2015/jun/208341.json
2025-12-06 18:03:03,817 - INFO - 
[1312/2500] Processing G.R. No. 208354
2025-12-06 18:03:03,817 - INFO -   Title: People of the Philippines vs. Ricardo Bacus...
2025-12-06 18:03:04,203 - INFO -   Case already exists: RESTRUCTURED_DB/2015/aug/208354.json
2025-12-06 18:03:04,703 - INFO - 
[1313/2500] Processing G.R. No. 208587
2025-12-06 18:03:04,703 - INFO -   Title: JM Dominguez Agronomic Company, et al. vs. Cecilia Liclican,...
2025-12-06 18:03:04,910 - INFO -   Case already exists: RESTRUCTURED_DB/2015/jul/208587.json
2025-12-06 18:03:05,411 - INFO - 
[1314/2500] Processing G.R. No. 208686
2025-12-06 18:03:05,411 - INFO -   Title: People of the Philippines vs. Alelie Tolentino...
2025-12-06 18:03:05,795 - INFO -   Case already exists: RESTRUCTURED_DB/2015/jul/208686.json
2025-12-06 18:03:06,295 - INFO - 
[1315/2500] Processing G.R. No. 208790
2025-12-06 18:03:06,295 - INFO -   Title: Glenn Viñas vs. Mary Grace Parel-Viñas...
2025-12-06 18:03:06,503 - INFO -   Case already exists: RESTRUCTURED_DB/2015/jan/208790.json
2025-12-06 18:03:07,003 - INFO - 
[1316/2500] Processing G.R. No. 208792
2025-12-06 18:03:07,003 - INFO -   Title: Bank of the Philippine Islands vs. Spouses Roberto and Teres...
2025-12-06 18:03:07,211 - INFO -   Case already exists: RESTRUCTURED_DB/2015/jul/208792.json
2025-12-06 18:03:07,712 - INFO - 
[1317/2500] Processing G.R. No. 208802
2025-12-06 18:03:07,712 - INFO -   Title: G.V. Florida Transport, Inc. vs. Heirs of Romeo L. Battung, ...
2025-12-06 18:03:07,920 - INFO -   Case already exists: RESTRUCTURED_DB/2015/oct/208802.json
2025-12-06 18:03:08,420 - INFO - 
[1318/2500] Processing G.R. No. 208842
2025-12-06 18:03:08,420 - INFO -   Title: People of the Philippines, vs. Reynaldo Simbulan Arceo...
2025-12-06 18:03:08,628 - INFO -   Case already exists: RESTRUCTURED_DB/2015/nov/208842.json
2025-12-06 18:03:09,128 - INFO - 
[1319/2500] Processing G.R. No. 208844
2025-12-06 18:03:09,128 - INFO -   Title: F & S Velasco Company, Inc., Irwin J. Sev A, Rosina B. Velas...
2025-12-06 18:03:09,512 - INFO -   Case already exists: RESTRUCTURED_DB/2015/nov/208844.json
2025-12-06 18:03:10,012 - INFO - 
[1320/2500] Processing G.R. No. 208908
2025-12-06 18:03:10,012 - INFO -   Title: The Coffee Bean and Tea Leaf Philippines, Inc. and Walden Ch...
2025-12-06 18:03:10,219 - INFO -   Case already exists: RESTRUCTURED_DB/2015/mar/208908.json
2025-12-06 18:03:10,719 - INFO - 
[1321/2500] Processing G.R. No. 208928
2025-12-06 18:03:10,719 - INFO -   Title: Andy Ang vs. Severino Pacunio, et al....
2025-12-06 18:03:11,102 - INFO -   Case already exists: RESTRUCTURED_DB/2015/jul/208928.json
2025-12-06 18:03:11,602 - INFO - 
[1322/2500] Processing G.R. No. 208984
2025-12-06 18:03:11,602 - INFO -   Title: WT Construction, Inc. vs the Province of Cebu/Province of Ce...
2025-12-06 18:03:11,985 - INFO -   Case already exists: RESTRUCTURED_DB/2015/sep/208984.json
2025-12-06 18:03:12,486 - INFO - 
[1323/2500] Processing G.R. No. 209039
2025-12-06 18:03:12,486 - INFO -   Title: People of the Philippines vs. Miraflor Uganiel Lerio...
2025-12-06 18:03:12,692 - INFO -   Case already exists: RESTRUCTURED_DB/2015/dec/209039.json
2025-12-06 18:03:13,192 - INFO - 
[1324/2500] Processing G.R. No. 209040
2025-12-06 18:03:13,192 - INFO -   Title: People of the Philippines vs. Rodolfo Pateño Dayapdapan...
2025-12-06 18:03:13,399 - INFO -   Case already exists: RESTRUCTURED_DB/2015/dec/209040.json
2025-12-06 18:03:13,899 - INFO - 
[1325/2500] Processing G.R. No. 209137
2025-12-06 18:03:13,899 - INFO -   Title: Eduardo Celedonia vs. People of the Philippines...
2025-12-06 18:03:14,283 - INFO -   Case already exists: RESTRUCTURED_DB/2015/jul/209137.json
2025-12-06 18:03:14,783 - INFO - 
[1326/2500] Processing G.R. No. 209227
2025-12-06 18:03:14,783 - INFO -   Title: People of the Philippines vs Charlie Orosco...
2025-12-06 18:03:15,167 - INFO -   Case already exists: RESTRUCTURED_DB/2015/mar/209227.json
2025-12-06 18:03:15,667 - INFO - 
[1327/2500] Processing G.R. No. 209276
2025-12-06 18:03:15,667 - INFO -   Title: International Service for the Aquisition of Agri-Biotech App...
2025-12-06 18:03:16,483 - WARNING -   ✗ Could not fetch case from any URL
2025-12-06 18:03:16,483 - INFO - 
[1328/2500] Processing G.R. No. 209283
2025-12-06 18:03:16,483 - INFO -   Title: Cecilia Rachel V. Quisumbing vs Loretta Ann P. Rosales, Ma. ...
2025-12-06 18:03:16,689 - INFO -   Case already exists: RESTRUCTURED_DB/2015/mar/209283.json
2025-12-06 18:03:17,190 - INFO - 
[1329/2500] Processing G.R. No. 209537
2025-12-06 18:03:17,190 - INFO -   Title: The Plaza, Inc. vs. Ayala Land, Inc....
2025-12-06 18:03:18,183 - WARNING -   ✗ Could not fetch case from any URL
2025-12-06 18:03:18,184 - INFO - 
[1330/2500] Processing G.R. No. 209741
2025-12-06 18:03:18,184 - INFO -   Title: Social Security Commission vs. Edna A. AzoteDissenting Opini...
2025-12-06 18:03:19,011 - WARNING -   ✗ Could not fetch case from any URL
2025-12-06 18:03:19,011 - INFO - 
[1331/2500] Processing G.R. No. 211833
2025-12-06 18:03:19,011 - INFO -   Title: Ferdinand R. Villanueva, Presiding Judge, MCTC, Compostela-N...
2025-12-06 18:03:19,826 - WARNING -   ✗ Could not fetch case from any URL
2025-12-06 18:03:19,827 - INFO - 
[1332/2500] Processing G.R. No. 212092
2025-12-06 18:03:19,827 - INFO -   Title: People's General Insurance Corporation vs. Col. Felix Mateo ...
2025-12-06 18:03:20,641 - WARNING -   ✗ Could not fetch case from any URL
2025-12-06 18:03:20,641 - INFO - 
[1333/2500] Processing G.R. No. 212381
2025-12-06 18:03:20,641 - INFO -   Title: Reynaldo M. Jacomille vs. Hon. Joseph Emilio A. Abaya, in hi...
2025-12-06 18:03:22,346 - WARNING -   ✗ Could not fetch case from any URL
2025-12-06 18:03:22,347 - INFO - 
[1334/2500] Processing G.R. No. 213847
2025-12-06 18:03:22,347 - INFO -   Title: Juan Ponce Enrile vs Sandiganbayan (Third Division), and Peo...
2025-12-06 18:03:22,555 - INFO -   Case already exists: RESTRUCTURED_DB/2015/aug/213847.json
2025-12-06 18:03:23,055 - INFO - 
[1335/2500] Processing G.R. No. 214057
2025-12-06 18:03:23,055 - INFO -   Title: Florentina Baustista-Spille, rep. by her attorney-in-fact, M...
2025-12-06 18:03:23,265 - INFO -   Case already exists: RESTRUCTURED_DB/2015/oct/214057.json
2025-12-06 18:03:23,765 - INFO - 
[1336/2500] Processing G.R. No. 214506
2025-12-06 18:03:23,765 - INFO -   Title: People of the Philippines vs. Oscar Parba y Solon...
2025-12-06 18:03:23,973 - INFO -   Case already exists: RESTRUCTURED_DB/2015/oct/214506.json
2025-12-06 18:03:24,473 - INFO - 
[1337/2500] Processing G.R. No. 158464
2025-12-06 18:03:24,473 - INFO -   Title: Jocelyn S. Limkaichong vs. Land Bank of the Philippines, et ...
2025-12-06 18:03:24,858 - INFO -   Case already exists: RESTRUCTURED_DB/2016/aug/158464.json
2025-12-06 18:03:25,358 - INFO - 
[1338/2500] Processing G.R. No. 159350
2025-12-06 18:03:25,358 - INFO -   Title: Alumamay O. Jamias, et al. vs. National Labor Relations Comm...
2025-12-06 18:03:25,566 - INFO -   Case already exists: RESTRUCTURED_DB/2016/mar/159350.json
2025-12-06 18:03:26,066 - INFO - 
[1339/2500] Processing G.R. No. 160864
2025-12-06 18:03:26,067 - INFO -   Title: People of the Philippines vs. Eduardo M. Cojuangco, Jr./Repu...
2025-12-06 18:03:26,451 - INFO -   Case already exists: RESTRUCTURED_DB/2016/nov/160864.json
2025-12-06 18:03:26,951 - INFO - 
[1340/2500] Processing G.R. No. 161425
2025-12-06 18:03:26,951 - INFO -   Title: Aniano Desierto and Maucencia Ordonez vs. Ruth Epistola and ...
2025-12-06 18:03:27,157 - INFO -   Case already exists: RESTRUCTURED_DB/2016/nov/161425.json
2025-12-06 18:03:27,658 - INFO - 
[1341/2500] Processing G.R. No. 163157
2025-12-06 18:03:27,658 - INFO -   Title: Sps. Bernabe Mercade, Jr., et al. vs. Sps. Jesus Bardillas a...
2025-12-06 18:03:28,043 - INFO -   Case already exists: RESTRUCTURED_DB/2016/jun/163157.json
2025-12-06 18:03:28,543 - INFO - 
[1342/2500] Processing G.R. No. 163494
2025-12-06 18:03:28,543 - INFO -   Title: Jesusa T. Dela Cruz vs. People of the Philippines...
2025-12-06 18:03:28,931 - INFO -   Case already exists: RESTRUCTURED_DB/2016/aug/163494.json
2025-12-06 18:03:29,431 - INFO - 
[1343/2500] Processing G.R. No. 166890
2025-12-06 18:03:29,431 - INFO -   Title: Republic of the Philippines vs. Apolonio Bautista, Jr....
2025-12-06 18:03:29,637 - INFO -   Case already exists: RESTRUCTURED_DB/2016/jun/166890.json
2025-12-06 18:03:30,138 - INFO - 
[1344/2500] Processing G.R. No. 167082
2025-12-06 18:03:30,138 - INFO -   Title: Teresita I. Buenaventura vs. Metropolitan Bank and Trust Com...
2025-12-06 18:03:30,524 - INFO -   Case already exists: RESTRUCTURED_DB/2016/aug/167082.json
2025-12-06 18:03:31,024 - INFO - 
[1345/2500] Processing G.R. No. 167679
2025-12-06 18:03:31,024 - INFO -   Title: Ing Bank N.V., Engaged in Banking Operations in the Philippi...
2025-12-06 18:03:31,233 - INFO -   Case already exists: RESTRUCTURED_DB/2016/apr/167679.json
2025-12-06 18:03:31,733 - INFO - 
[1346/2500] Processing G.R. No. 167838
2025-12-06 18:03:31,733 - INFO -   Title: Jose V. Toledo, Glenn Padiernos and Danilo Padiernos vs. Cou...
2025-12-06 18:03:31,939 - INFO -   Case already exists: RESTRUCTURED_DB/2016/apr/167838.json
2025-12-06 18:03:32,439 - INFO - 
[1347/2500] Processing G.R. No. 168749
2025-12-06 18:03:32,439 - INFO -   Title: Sugarsteel Industrial, Inc. and Mr. Ben Yapjoco vs. Victor A...
2025-12-06 18:03:32,823 - INFO -   Case already exists: RESTRUCTURED_DB/2016/jun/168749.json
2025-12-06 18:03:33,323 - INFO - 
[1348/2500] Processing G.R. No. 169967
2025-12-06 18:03:33,323 - INFO -   Title: Coca-Cola Bottlers Phils., Inc., et al. vs. IBM Local I, Reg...
2025-12-06 18:03:33,709 - INFO -   Case already exists: RESTRUCTURED_DB/2016/nov/169967.json
2025-12-06 18:03:34,210 - INFO - 
[1349/2500] Processing G.R. No. 170004
2025-12-06 18:03:34,210 - INFO -   Title: Ilona Hapitan vs. Sps. Jimmy Lagradilla and Warlily Lagradil...
2025-12-06 18:03:35,405 - WARNING -   ✗ Could not fetch case from any URL
2025-12-06 18:03:35,405 - INFO - 
[1350/2500] Processing G.R. No. 170060
2025-12-06 18:03:35,405 - INFO -   Title: Development Bank of the Philippines vs. Clarges Corporation...
2025-12-06 18:03:35,954 - INFO -   Case already exists: RESTRUCTURED_DB/2016/aug/170060.json
2025-12-06 18:03:36,454 - INFO - 
[1351/2500] Processing G.R. No. 170192
2025-12-06 18:03:36,454 - INFO -   Title: People of the Philippines vs Marissa Bayker...
2025-12-06 18:03:36,830 - INFO -   Case already exists: RESTRUCTURED_DB/2016/feb/170192.json
2025-12-06 18:03:37,330 - INFO - 
[1352/2500] Processing G.R. No. 170631
2025-12-06 18:03:37,330 - INFO -   Title: Caravan Travel and Tours International, Inc. vs. Ermilinda R...
2025-12-06 18:03:37,718 - INFO -   Case already exists: RESTRUCTURED_DB/2016/feb/170631.json
2025-12-06 18:03:38,218 - INFO - 
[1353/2500] Processing G.R. No. 170679
2025-12-06 18:03:38,218 - INFO -   Title: Tung Hui Chung and Tong Hong Chung vs. Shih Chiu Huang a.k.a...
2025-12-06 18:03:38,422 - INFO -   Case already exists: RESTRUCTURED_DB/2016/mar/170679.json
2025-12-06 18:03:38,922 - INFO - 
[1354/2500] Processing G.R. No. 170966
2025-12-06 18:03:38,922 - INFO -   Title: Republic of the Philippines represented by the Department of...
2025-12-06 18:03:39,309 - INFO -   Case already exists: RESTRUCTURED_DB/2016/jun/170966.json
2025-12-06 18:03:39,809 - INFO - 
[1355/2500] Processing G.R. No. 172507
2025-12-06 18:03:39,809 - INFO -   Title: National Power Corporation vs.  Sps. Margarito Asoque and Ta...
2025-12-06 18:03:40,190 - INFO -   Case already exists: RESTRUCTURED_DB/2016/sep/172507.json
2025-12-06 18:03:40,690 - INFO - 
[1356/2500] Processing G.R. No. 172539
2025-12-06 18:03:40,690 - INFO -   Title: Alberto Garong y Villanueva vs. People of the Philippines...
2025-12-06 18:03:40,893 - INFO -   Case already exists: RESTRUCTURED_DB/2016/nov/172539.json
2025-12-06 18:03:41,394 - INFO - 
[1357/2500] Processing G.R. No. 172593
2025-12-06 18:03:41,394 - INFO -   Title: Napoleon S. Ronquillo, Jr., Edna G. Raña, Romeo Refruto, Pon...
2025-12-06 18:03:41,773 - INFO -   Case already exists: RESTRUCTURED_DB/2016/apr/172593.json
2025-12-06 18:03:42,273 - INFO - 
[1358/2500] Processing G.R. No. 172682
2025-12-06 18:03:42,273 - INFO -   Title: Sulpicio Lines, Inc. vs. Napoleon Sesante, et al....
2025-12-06 18:03:42,650 - INFO -   Case already exists: RESTRUCTURED_DB/2016/jul/172682.json
2025-12-06 18:03:43,150 - INFO - 
[1359/2500] Processing G.R. No. 172948
2025-12-06 18:03:43,150 - INFO -   Title: Philippine Associated Smelting and Refining Corporation vs. ...
2025-12-06 18:03:43,528 - INFO -   Case already exists: RESTRUCTURED_DB/2016/oct/172948.json
2025-12-06 18:03:44,028 - INFO - 
[1360/2500] Processing G.R. No. 173140
2025-12-06 18:03:44,028 - INFO -   Title: Mactan Cebu International Airport Authority (MCIAA) vs. Heir...
2025-12-06 18:03:44,826 - WARNING -   ✗ Could not fetch case from any URL
2025-12-06 18:03:44,826 - INFO - 
[1361/2500] Processing G.R. No. 173263
2025-12-06 18:03:44,826 - INFO -   Title: Diamond Farms, Inc. vs. Southern Philippines Federation of L...
2025-12-06 18:03:45,623 - WARNING -   ✗ Could not fetch case from any URL
2025-12-06 18:03:45,623 - INFO - 
[1362/2500] Processing G.R. No. 173921
2025-12-06 18:03:45,623 - INFO -   Title: Philippine Airlines, Inc. vs. Isagani Dawal, Lorna Concepcio...
2025-12-06 18:03:46,008 - INFO -   Case already exists: RESTRUCTURED_DB/2016/feb/173921.json
2025-12-06 18:03:46,508 - INFO - 
[1363/2500] Processing G.R. No. 174379
2025-12-06 18:03:46,508 - INFO -   Title: E.I. Dupont De Nemours and Co. vs. Director Emma C. Francisc...
2025-12-06 18:03:46,893 - INFO -   Case already exists: RESTRUCTURED_DB/2016/aug/174379.json
2025-12-06 18:03:47,393 - INFO - 
[1364/2500] Processing G.R. No. 174481
2025-12-06 18:03:47,393 - INFO -   Title: The People of the Philippines vs Cristy Dimaano y Tipdas Dis...
2025-12-06 18:03:47,600 - INFO -   Case already exists: RESTRUCTURED_DB/2016/feb/174481.json
2025-12-06 18:03:48,100 - INFO - 
[1365/2500] Processing G.R. No. 174838
2025-12-06 18:03:48,100 - INFO -   Title: Stronghold Insurance Co., Inc. vs. Pamana Island Resort Hote...
2025-12-06 18:03:48,304 - INFO -   Case already exists: RESTRUCTURED_DB/2016/jun/174838.json
2025-12-06 18:03:48,804 - INFO - 
[1366/2500] Processing G.R. No. 175085
2025-12-06 18:03:48,804 - INFO -   Title: Tan Siok Kuan and Pute Ching vs. Felicisimo "Boy" Ho, et al....
2025-12-06 18:03:49,179 - INFO -   Case already exists: RESTRUCTURED_DB/2016/jun/175085.json
2025-12-06 18:03:49,679 - INFO - 
[1367/2500] Processing G.R. No. 175210
2025-12-06 18:03:49,680 - INFO -   Title: Mario Jose E. Sereno, et al. vs Committee on Trade and Relat...
2025-12-06 18:03:50,056 - INFO -   Case already exists: RESTRUCTURED_DB/2016/feb/175210.json
2025-12-06 18:03:50,556 - INFO - 
[1368/2500] Processing G.R. No. 175592
2025-12-06 18:03:50,556 - INFO -   Title: People of the Philippines vs. Edison C. Magbitang...
2025-12-06 18:03:50,759 - INFO -   Case already exists: RESTRUCTURED_DB/2016/jun/175592.json
2025-12-06 18:03:51,259 - INFO - 
[1369/2500] Processing G.R. No. 175651
2025-12-06 18:03:51,259 - INFO -   Title: Pilmico-Mauri Foods Corp. vs. Commissioner of Internal Reven...
2025-12-06 18:03:51,636 - INFO -   Case already exists: RESTRUCTURED_DB/2016/sep/175651.json
2025-12-06 18:03:52,136 - INFO - 
[1370/2500] Processing G.R. No. 175869
2025-12-06 18:03:52,136 - INFO -   Title: Robina Farms Cebu/Universal Robina Corporation vs. Elizabeth...
2025-12-06 18:03:52,512 - INFO -   Case already exists: RESTRUCTURED_DB/2016/apr/175869.json
2025-12-06 18:03:53,013 - INFO - 
[1371/2500] Processing G.R. No. 177250
2025-12-06 18:03:53,013 - INFO -   Title: Rosita B. Lim vs. Luis Tan, et al./Luis Tan, et al. vs. Rosi...
2025-12-06 18:03:53,217 - INFO -   Case already exists: RESTRUCTURED_DB/2016/nov/177250.json
2025-12-06 18:03:53,717 - INFO - 
[1372/2500] Processing G.R. No. 177382
2025-12-06 18:03:53,717 - INFO -   Title: Viva Shipping Lines, Inc. vs Keppel Philippines, Inc., et al...
2025-12-06 18:03:54,272 - INFO -   Case already exists: RESTRUCTURED_DB/2016/feb/177382.json
2025-12-06 18:03:54,772 - INFO - 
[1373/2500] Processing G.R. No. 177387
2025-12-06 18:03:54,772 - INFO -   Title: Commissioner of Internal Revenue vs. Secretary of Justice, a...
2025-12-06 18:03:55,152 - INFO -   Case already exists: RESTRUCTURED_DB/2016/nov/177387.json
2025-12-06 18:03:55,652 - INFO - 
[1374/2500] Processing G.R. No. 177875
2025-12-06 18:03:55,652 - INFO -   Title: Atty. Rodolfo D. Mateo vs. Executive Secretary Alberto G. Ro...
2025-12-06 18:03:55,865 - INFO -   Case already exists: RESTRUCTURED_DB/2016/aug/177875.json
2025-12-06 18:03:56,365 - INFO - 
[1375/2500] Processing G.R. No. 179287
2025-12-06 18:03:56,365 - INFO -   Title: PCI Jimmy M. Fortaleza and SPO2 Freddie A. Natividad vs Hon....
2025-12-06 18:03:56,740 - INFO -   Case already exists: RESTRUCTURED_DB/2016/feb/179287.json
2025-12-06 18:03:57,240 - INFO - 
[1376/2500] Processing G.R. No. 180060
2025-12-06 18:03:57,241 - INFO -   Title: Sps. Augusto and Nora Nararro vs. Rural Bank of Tarlac, Inc....
2025-12-06 18:03:57,617 - INFO -   Case already exists: RESTRUCTURED_DB/2016/jul/180060.json
2025-12-06 18:03:58,117 - INFO - 
[1377/2500] Processing G.R. No. 180402
2025-12-06 18:03:58,117 - INFO -   Title: Commissioner of Internal Revenue vs Pilipinas Shell Petroleu...
2025-12-06 18:03:58,320 - INFO -   Case already exists: RESTRUCTURED_DB/2016/feb/180402.json
2025-12-06 18:03:58,820 - INFO - 
[1378/2500] Processing G.R. No. 180642
2025-12-06 18:03:58,820 - INFO -   Title: Nueva Ecija I Electric Cooperative Incorporated (NEECO I)...
2025-12-06 18:03:59,204 - INFO -   Case already exists: RESTRUCTURED_DB/2016/feb/180642.json
2025-12-06 18:03:59,704 - INFO - 
[1379/2500] Processing G.R. No. 180993
2025-12-06 18:03:59,705 - INFO -   Title: Republic of the Philippines vs. Raymundo Viaje, et al....
2025-12-06 18:03:59,917 - INFO -   Case already exists: RESTRUCTURED_DB/2016/jan/180993.json
2025-12-06 18:04:00,417 - INFO - 
[1380/2500] Processing G.R. No. 181007
2025-12-06 18:04:00,418 - INFO -   Title: Commissioner of Customs vs. William Singson and Triton Shipp...
2025-12-06 18:04:00,621 - INFO -   Case already exists: RESTRUCTURED_DB/2016/nov/181007.json
2025-12-06 18:04:01,121 - INFO - 
[1381/2500] Processing G.R. No. 181186
2025-12-06 18:04:01,121 - INFO -   Title: Siguion Reyna Motecillo and Ongsiako Law Offices vs Hon. Nor...
2025-12-06 18:04:01,496 - INFO -   Case already exists: RESTRUCTURED_DB/2016/feb/181186.json
2025-12-06 18:04:01,997 - INFO - 
[1382/2500] Processing G.R. No. 181268
2025-12-06 18:04:01,997 - INFO -   Title: Milagros Hernandez vs. Edwina C. Ocampo, et al....
2025-12-06 18:04:02,373 - INFO -   Case already exists: RESTRUCTURED_DB/2016/aug/181268.json
2025-12-06 18:04:02,873 - INFO - 
[1383/2500] Processing G.R. No. 181335
2025-12-06 18:04:02,874 - INFO -   Title: Mario Saluta vs. People of the Philippines...
2025-12-06 18:04:03,077 - INFO -   Case already exists: RESTRUCTURED_DB/2016/jul/181335.json
2025-12-06 18:04:03,577 - INFO - 
[1384/2500] Processing G.R. No. 181353
2025-12-06 18:04:03,577 - INFO -   Title: HGL Development Corporation represented by its President, He...
2025-12-06 18:04:04,131 - INFO -   Case already exists: RESTRUCTURED_DB/2016/jun/181353.json
2025-12-06 18:04:04,631 - INFO - 
[1385/2500] Processing G.R. No. 181375
2025-12-06 18:04:04,631 - INFO -   Title: Phil-Nippon Kyoei, Corp. vs. Rosalia T. Gudelosao, et al....
2025-12-06 18:04:04,838 - INFO -   Case already exists: RESTRUCTURED_DB/2016/jul/181375.json
2025-12-06 18:04:05,338 - INFO - 
[1386/2500] Processing G.R. No. 181387
2025-12-06 18:04:05,338 - INFO -   Title: Cameron Granville 3 Asset Management, Inc. vs. UE Monthly As...
2025-12-06 18:04:05,550 - INFO -   Case already exists: RESTRUCTURED_DB/2016/sep/181387.json
2025-12-06 18:04:06,050 - INFO - 
[1387/2500] Processing G.R. No. 181789
2025-12-06 18:04:06,051 - INFO -   Title: GMA Network, Inc. vs National Telecommunications Commission,...
2025-12-06 18:04:06,255 - INFO -   Case already exists: RESTRUCTURED_DB/2016/feb/181789.json
2025-12-06 18:04:06,755 - INFO - 
[1388/2500] Processing G.R. No. 181892
2025-12-06 18:04:06,755 - INFO -   Title: Republic of the Philippines, et al. vs. Hon. Jesus M. Mupas,...
2025-12-06 18:04:07,312 - INFO -   Case already exists: RESTRUCTURED_DB/2016/apr/181892.json
2025-12-06 18:04:07,812 - INFO - 
[1389/2500] Processing G.R. No. 182201
2025-12-06 18:04:07,813 - INFO -   Title: Universal International Investment (BVI) Limited vs. Ray Bur...
2025-12-06 18:04:08,029 - INFO -   Case already exists: RESTRUCTURED_DB/2016/nov/182201.json
2025-12-06 18:04:08,529 - INFO - 
[1390/2500] Processing G.R. No. 182252
2025-12-06 18:04:08,529 - INFO -   Title: Jose Norberto Ang vs. the Estate of Sy So...
2025-12-06 18:04:08,732 - INFO -   Case already exists: RESTRUCTURED_DB/2016/aug/182252.json
2025-12-06 18:04:09,233 - INFO - 
[1391/2500] Processing G.R. No. 182537
2025-12-06 18:04:09,233 - INFO -   Title: Mactan-Cebu International Airport Authority vs. Richard E. U...
2025-12-06 18:04:09,609 - INFO -   Case already exists: RESTRUCTURED_DB/2016/jun/182537.json
2025-12-06 18:04:10,109 - INFO - 
[1392/2500] Processing G.R. No. 182604
2025-12-06 18:04:10,109 - INFO -   Title: Dr. Rolando B. Mangune, et al. vs. Honorable Secretary Eduar...
2025-12-06 18:04:10,487 - INFO -   Case already exists: RESTRUCTURED_DB/2016/sep/182604.json
2025-12-06 18:04:10,987 - INFO - 
[1393/2500] Processing G.R. No. 182737
2025-12-06 18:04:10,987 - INFO -   Title: Silicon Philippines, Inc. vs. Commissioner of Internal Reven...
2025-12-06 18:04:11,191 - INFO -   Case already exists: RESTRUCTURED_DB/2016/mar/182737.json
2025-12-06 18:04:11,691 - INFO - 
[1394/2500] Processing G.R. No. 183129
2025-12-06 18:04:11,691 - INFO -   Title: Cocoplans, Inc. and Caesar T. Michelena vs. Ma. Socorro R. V...
2025-12-06 18:04:12,067 - INFO -   Case already exists: RESTRUCTURED_DB/2016/may/183129.json
2025-12-06 18:04:12,567 - INFO - 
[1395/2500] Processing G.R. No. 183486
2025-12-06 18:04:12,567 - INFO -   Title: The Hongkong & Shanghai Banking Corporation, Limited vs Nati...
2025-12-06 18:04:12,949 - INFO -   Case already exists: RESTRUCTURED_DB/2016/feb/183486.json
2025-12-06 18:04:13,449 - INFO - 
[1396/2500] Processing G.R. No. 183529
2025-12-06 18:04:13,449 - INFO -   Title: Ofelia C. Caunan vs People of the Philippines and the Sandig...
2025-12-06 18:04:13,652 - INFO -   Case already exists: RESTRUCTURED_DB/2016/feb/183529.json
2025-12-06 18:04:14,153 - INFO - 
[1397/2500] Processing G.R. No. 183543
2025-12-06 18:04:14,153 - INFO -   Title: National Housing Authority vs. Manila Seedling Bank Foundati...
2025-12-06 18:04:14,355 - INFO -   Case already exists: RESTRUCTURED_DB/2016/jun/183543.json
2025-12-06 18:04:14,855 - INFO - 
[1398/2500] Processing G.R. No. 183645
2025-12-06 18:04:14,856 - INFO -   Title: Heirs of Gamaliel Albano, represented by Alexander Albano an...
2025-12-06 18:04:15,234 - INFO -   Case already exists: RESTRUCTURED_DB/2016/jul/183645.json
2025-12-06 18:04:15,734 - INFO - 
[1399/2500] Processing G.R. No. 183794
2025-12-06 18:04:15,734 - INFO -   Title: Spouses Jaime and Matilde Poon vs. Prime Savings Bank repres...
2025-12-06 18:04:16,111 - INFO -   Case already exists: RESTRUCTURED_DB/2016/jun/183794.json
2025-12-06 18:04:16,611 - INFO - 
[1400/2500] Processing G.R. No. 183934
2025-12-06 18:04:16,611 - INFO -   Title: Ernest Galang and Ma. Olga Jasmin Chan vs. BOIE Takeda Chemi...
2025-12-06 18:04:16,989 - INFO -   Case already exists: RESTRUCTURED_DB/2016/jul/183934.json
2025-12-06 18:04:17,489 - INFO - 
[1401/2500] Processing G.R. No. 183947
2025-12-06 18:04:17,489 - INFO -   Title: Rizal Commercial Banking Corporation vs. Teodoro G. Bernardi...
2025-12-06 18:04:17,866 - INFO -   Case already exists: RESTRUCTURED_DB/2016/sep/183947.json
2025-12-06 18:04:18,366 - INFO - 
[1402/2500] Processing G.R. No. 184008
2025-12-06 18:04:18,366 - INFO -   Title: Indian Chamber of Commerce Phils., Inc. vs. Filipino Indian ...
2025-12-06 18:04:18,571 - INFO -   Case already exists: RESTRUCTURED_DB/2016/aug/184008.json
2025-12-06 18:04:19,071 - INFO - 
[1403/2500] Processing G.R. No. 184068
2025-12-06 18:04:19,071 - INFO -   Title: Simmy G. Guy vs. Gilbert G. Guy, et al....
2025-12-06 18:04:19,448 - INFO -   Case already exists: RESTRUCTURED_DB/2016/apr/184068.json
2025-12-06 18:04:19,948 - INFO - 
[1404/2500] Processing G.R. No. 184237
2025-12-06 18:04:19,948 - INFO -   Title: Henry H. Teng vs. Lawrence C. Ting, Edmund Ting and Anthony ...
2025-12-06 18:04:20,151 - INFO -   Case already exists: RESTRUCTURED_DB/2016/sep/184237.json
2025-12-06 18:04:20,651 - INFO - 
[1405/2500] Processing G.R. No. 184251
2025-12-06 18:04:20,651 - INFO -   Title: Estate of Dr. Juvencio P. Ortañez, et al. vs. Jose C. Lee, e...
2025-12-06 18:04:21,026 - INFO -   Case already exists: RESTRUCTURED_DB/2016/mar/184251.json
2025-12-06 18:04:21,526 - INFO - 
[1406/2500] Processing G.R. No. 184288
2025-12-06 18:04:21,526 - INFO -   Title: Eric N. Estrellado and Jossie M. Borja vs Karina Constantino...
2025-12-06 18:04:21,903 - INFO -   Case already exists: RESTRUCTURED_DB/2016/feb/184288.json
2025-12-06 18:04:22,403 - INFO - 
[1407/2500] Processing G.R. No. 184332
2025-12-06 18:04:22,403 - INFO -   Title: Anna Teng vs Securities and Exchange Commission (SEC) and Ti...
2025-12-06 18:04:22,779 - INFO -   Case already exists: RESTRUCTURED_DB/2016/feb/184332.json
2025-12-06 18:04:23,280 - INFO - 
[1408/2500] Processing G.R. No. 184466
2025-12-06 18:04:23,280 - INFO -   Title: Luz Anatolia E. Crispino, Caridad O. Echaves Reese and Zenai...
2025-12-06 18:04:23,657 - INFO -   Case already exists: RESTRUCTURED_DB/2016/dec/184466.json
2025-12-06 18:04:24,157 - INFO - 
[1409/2500] Processing G.R. No. 184466
2025-12-06 18:04:24,157 - INFO -   Title: Luz Anatolia E. Crispino, et al. vs. Anatolia Tansay...
2025-12-06 18:04:24,534 - INFO -   Case already exists: RESTRUCTURED_DB/2016/dec/184466.json
2025-12-06 18:04:25,034 - INFO - 
[1410/2500] Processing G.R. No. 184513
2025-12-06 18:04:25,034 - INFO -   Title: Designer Basktets, Inc. vs. Air Sea Transport, Inc., et al....
2025-12-06 18:04:25,411 - INFO -   Case already exists: RESTRUCTURED_DB/2016/mar/184513.json
2025-12-06 18:04:25,911 - INFO - 
[1411/2500] Processing G.R. No. 184666
2025-12-06 18:04:25,911 - INFO -   Title: Republic of the Philippines vs. Mega Pacific eSolutions, Inc...
2025-12-06 18:04:26,469 - INFO -   Case already exists: RESTRUCTURED_DB/2016/jun/184666.json
2025-12-06 18:04:26,969 - INFO - 
[1412/2500] Processing G.R. No. 184841
2025-12-06 18:04:26,969 - INFO -   Title: Gerino Yukit, et al. vs. Tritran, Inc., et al....
2025-12-06 18:04:27,175 - INFO -   Case already exists: RESTRUCTURED_DB/2016/nov/184841.json
2025-12-06 18:04:27,675 - INFO - 
[1413/2500] Processing G.R. No. 184933
2025-12-06 18:04:27,675 - INFO -   Title: Violeta Balba, for and in behalf of her minor children Roy V...
2025-12-06 18:04:27,878 - INFO -   Case already exists: RESTRUCTURED_DB/2016/apr/184933.json
2025-12-06 18:04:28,379 - INFO - 
[1414/2500] Processing G.R. No. 185082
2025-12-06 18:04:28,379 - INFO -   Title: Mandaue Realty & Resources Corporation and Mandaue City Regi...
2025-12-06 18:04:28,754 - INFO -   Case already exists: RESTRUCTURED_DB/2016/nov/185082.json
2025-12-06 18:04:29,255 - INFO - 
[1415/2500] Processing G.R. No. 185312
2025-12-06 18:04:29,255 - INFO -   Title: Nicanor Malabanan, et al. vs. Heirs of Alfredo Restrivera...
2025-12-06 18:04:29,631 - INFO -   Case already exists: RESTRUCTURED_DB/2016/dec/185312.json
2025-12-06 18:04:30,131 - INFO - 
[1416/2500] Processing G.R. No. 185331
2025-12-06 18:04:30,131 - INFO -   Title: Sps. Abelardo Valarao and Francisca Valarao vs. MSC and Comp...
2025-12-06 18:04:30,334 - INFO -   Case already exists: RESTRUCTURED_DB/2016/jun/185331.json
2025-12-06 18:04:30,834 - INFO - 
[1417/2500] Processing G.R. No. 185365
2025-12-06 18:04:30,834 - INFO -   Title: Ramon Pacon, et al. vs. Benjamin Tan...
2025-12-06 18:04:31,209 - INFO -   Case already exists: RESTRUCTURED_DB/2016/mar/185365.json
2025-12-06 18:04:31,710 - INFO - 
[1418/2500] Processing G.R. No. 185369
2025-12-06 18:04:31,710 - INFO -   Title: J. Tobias M. Javier and Vincent H. Piccio III vs. Rhodora J....
2025-12-06 18:04:32,086 - INFO -   Case already exists: RESTRUCTURED_DB/2016/aug/185369.json
2025-12-06 18:04:32,587 - INFO - 
[1419/2500] Processing G.R. No. 185473
2025-12-06 18:04:32,587 - INFO -   Title: Bernadette Ida ang Higa vs. People of the Philippines...
2025-12-06 18:04:32,802 - INFO -   Case already exists: RESTRUCTURED_DB/2016/aug/185473.json
2025-12-06 18:04:33,303 - INFO - 
[1420/2500] Processing G.R. No. 185603
2025-12-06 18:04:33,303 - INFO -   Title: Republic of the Philippines vs. Local Superior of the Instit...
2025-12-06 18:04:33,506 - INFO -   Case already exists: RESTRUCTURED_DB/2016/feb/185603.json
2025-12-06 18:04:34,006 - INFO - 
[1421/2500] Processing G.R. No. 185638
2025-12-06 18:04:34,006 - INFO -   Title: Hon. Alvin P. Vergara, in his capacity as City Mayor of Caba...
2025-12-06 18:04:34,382 - INFO -   Case already exists: RESTRUCTURED_DB/2016/aug/185638.json
2025-12-06 18:04:34,882 - INFO - 
[1422/2500] Processing G.R. No. 185757
2025-12-06 18:04:34,882 - INFO -   Title: Spouses Virgilio De Guzman, Jr. Lydia S. De Guzman vs. Court...
2025-12-06 18:04:35,259 - INFO -   Case already exists: RESTRUCTURED_DB/2016/mar/185757.json
2025-12-06 18:04:35,759 - INFO - 
[1423/2500] Processing G.R. No. 185765
2025-12-06 18:04:35,759 - INFO -   Title: Philippine Economic Zone Authority, vs. Pilhino Sales Corpor...
2025-12-06 18:04:35,964 - INFO -   Case already exists: RESTRUCTURED_DB/2016/sep/185765.json
2025-12-06 18:04:36,464 - INFO - 
[1424/2500] Processing G.R. No. 185979
2025-12-06 18:04:36,464 - INFO -   Title: Bangko Sentral Ng Pilipinas vs. Vicente Jose Campa, Jr., Et ...
2025-12-06 18:04:36,840 - INFO -   Case already exists: RESTRUCTURED_DB/2016/mar/185979.json
2025-12-06 18:04:37,340 - INFO - 
[1425/2500] Processing G.R. No. 186050
2025-12-06 18:04:37,340 - INFO -   Title: Arthur Balao, et al. vs. Eduardo Ermita, et al./Secretary Ed...
2025-12-06 18:04:37,545 - INFO -   Case already exists: RESTRUCTURED_DB/2016/jun/186050.json
2025-12-06 18:04:38,046 - INFO - 
[1426/2500] Processing G.R. No. 186102
2025-12-06 18:04:38,046 - INFO -   Title: National Transmission Cororation vs Heirs of Teodulo Ebesa, ...
2025-12-06 18:04:38,250 - INFO -   Case already exists: RESTRUCTURED_DB/2016/feb/186102.json
2025-12-06 18:04:38,750 - INFO - 
[1427/2500] Processing G.R. No. 186107
2025-12-06 18:04:38,750 - INFO -   Title: Narcisa M. Nicolas vs. People of the Philippines, et al....
2025-12-06 18:04:38,953 - INFO -   Case already exists: RESTRUCTURED_DB/2016/apr/186107.json
2025-12-06 18:04:39,453 - INFO - 
[1428/2500] Processing G.R. No. 186199
2025-12-06 18:04:39,453 - INFO -   Title: Edgardo A. Quilo and Adnaloy Villahermosa vs. Teodula Bajao...
2025-12-06 18:04:39,828 - INFO -   Case already exists: RESTRUCTURED_DB/2016/sep/186199.json
2025-12-06 18:04:40,328 - INFO - 
[1429/2500] Processing G.R. No. 186635
2025-12-06 18:04:40,328 - INFO -   Title: Republic of the Philippines vs. Segundina Rosario, joined by...
2025-12-06 18:04:40,704 - INFO -   Case already exists: RESTRUCTURED_DB/2016/jan/186635.json
2025-12-06 18:04:41,204 - INFO - 
[1430/2500] Processing G.R. No. 187349
2025-12-06 18:04:41,205 - INFO -   Title: Barangay Mayamot, Antipolo City vs. Antipolo City, Sanggunia...
2025-12-06 18:04:41,417 - INFO -   Case already exists: RESTRUCTURED_DB/2016/aug/187349.json
2025-12-06 18:04:41,917 - INFO - 
[1431/2500] Processing G.R. No. 187400
2025-12-06 18:04:41,917 - INFO -   Title: Felicisimo Fernandez, et al. vs. Sps. Isaac and Concepcion R...
2025-12-06 18:04:42,296 - INFO -   Case already exists: RESTRUCTURED_DB/2016/jul/187400.json
2025-12-06 18:04:42,796 - INFO - 
[1432/2500] Processing G.R. No. 187417
2025-12-06 18:04:42,796 - INFO -   Title: Christine Joy Capin-Cadiz vs Brent Hospital and Colleges, In...
2025-12-06 18:04:43,174 - INFO -   Case already exists: RESTRUCTURED_DB/2016/feb/187417.json
2025-12-06 18:04:43,675 - INFO - 
[1433/2500] Processing G.R. No. 187462
2025-12-06 18:04:43,675 - INFO -   Title: Raquel G. Kho vs. Republic of the Philippines vs. Veronica B...
2025-12-06 18:04:43,878 - INFO -   Case already exists: RESTRUCTURED_DB/2016/jun/187462.json
2025-12-06 18:04:44,378 - INFO - 
[1434/2500] Processing G.R. No. 187633
2025-12-06 18:04:44,379 - INFO -   Title: Heirs of Delfin and Maria Tappa vs. Heirs of Jose Bacud, et ...
2025-12-06 18:04:44,757 - INFO -   Case already exists: RESTRUCTURED_DB/2016/apr/187633.json
2025-12-06 18:04:45,257 - INFO - 
[1435/2500] Processing G.R. No. 187696
2025-12-06 18:04:45,257 - INFO -   Title: Filomena Cabling vs. Rodrigo Dangcalan...
2025-12-06 18:04:45,461 - INFO -   Case already exists: RESTRUCTURED_DB/2016/jun/187696.json
2025-12-06 18:04:45,961 - INFO - 
[1436/2500] Processing G.R. No. 187850
2025-12-06 18:04:45,961 - INFO -   Title: Anita U. Lorenzana vs. Rodolfo Lelina...
2025-12-06 18:04:46,338 - INFO -   Case already exists: RESTRUCTURED_DB/2016/aug/187850.json
2025-12-06 18:04:46,838 - INFO - 
[1437/2500] Processing G.R. No. 187922
2025-12-06 18:04:46,839 - INFO -   Title: Marphil Export Corporation and Ireneo Lim vs. Allied Banking...
2025-12-06 18:04:47,218 - INFO -   Case already exists: RESTRUCTURED_DB/2016/sep/187922.json
2025-12-06 18:04:47,718 - INFO - 
[1438/2500] Processing G.R. No. 187942
2025-12-06 18:04:47,718 - INFO -   Title: The Roman Catholic Bishop of Tuguegarao vs. Florentina Prude...
2025-12-06 18:04:47,924 - INFO -   Case already exists: RESTRUCTURED_DB/2016/sep/187942.json
2025-12-06 18:04:48,424 - INFO - 
[1439/2500] Processing G.R. No. 188020
2025-12-06 18:04:48,424 - INFO -   Title: Ren Transport Corp. and/or Reynaldo Pazcoguin III vs. Nation...
2025-12-06 18:04:48,628 - INFO -   Case already exists: RESTRUCTURED_DB/2016/jun/188020.json
2025-12-06 18:04:49,128 - INFO - 
[1440/2500] Processing G.R. No. 188047
2025-12-06 18:04:49,128 - INFO -   Title: Light Rail Transit Authority vs. Bienbenido R. Alvarez, et a...
2025-12-06 18:04:49,506 - INFO -   Case already exists: RESTRUCTURED_DB/2016/nov/188047.json
2025-12-06 18:04:50,006 - INFO - 
[1441/2500] Processing G.R. No. 188145
2025-12-06 18:04:50,006 - INFO -   Title: Spouses Primo Inalvez and Juliana Inalvez vs. Bayang Nool, A...
2025-12-06 18:04:50,210 - INFO -   Case already exists: RESTRUCTURED_DB/2016/apr/188145.json
2025-12-06 18:04:50,710 - INFO - 
[1442/2500] Processing G.R. No. 188283
2025-12-06 18:04:50,710 - INFO -   Title: Cathay Pacific Airways, Ltd. vs. Sps. Arnulfo and Evelyn Fue...
2025-12-06 18:04:51,670 - INFO -   Case already exists: RESTRUCTURED_DB/2016/jul/188283.json
2025-12-06 18:04:52,170 - INFO - 
[1443/2500] Processing G.R. No. 1886646
2025-12-06 18:04:52,170 - INFO -   Title: George C. Cordero vs. Board of Nursing...
2025-12-06 18:04:53,004 - WARNING -   ✗ Could not fetch case from any URL
2025-12-06 18:04:53,004 - INFO - 
[1444/2500] Processing G.R. No. 188720
2025-12-06 18:04:53,004 - INFO -   Title: Quezon City PTCA Federation, Inc. vs Department of Education...
2025-12-06 18:04:53,585 - INFO -   Case already exists: RESTRUCTURED_DB/2016/feb/188720.json
2025-12-06 18:04:54,085 - INFO - 
[1445/2500] Processing G.R. No. 188751
2025-12-06 18:04:54,085 - INFO -   Title: Bonifacio Nieva y Montero vs. People of the Philippines...
2025-12-06 18:04:54,300 - INFO -   Case already exists: RESTRUCTURED_DB/2016/nov/188751.json
2025-12-06 18:04:54,800 - INFO - 
[1446/2500] Processing G.R. No. 188769
2025-12-06 18:04:54,800 - INFO -   Title: Joseph Omar O. Andaya vs. Rural Bank of Cabadbaran, Inc., et...
2025-12-06 18:04:55,012 - INFO -   Case already exists: RESTRUCTURED_DB/2016/aug/188769.json
2025-12-06 18:04:55,513 - INFO - 
[1447/2500] Processing G.R. No. 188888
2025-12-06 18:04:55,513 - INFO -   Title: Agdao Landless Residents Association, Inc., et al. vs. Rolan...
2025-12-06 18:04:56,346 - WARNING -   ✗ Could not fetch case from any URL
2025-12-06 18:04:56,346 - INFO - 
[1448/2500] Processing G.R. No. 188952
2025-12-06 18:04:56,346 - INFO -   Title: Peñafrancia Shipping Corporation and Santa Clara Shipping Co...
2025-12-06 18:04:56,740 - INFO -   Case already exists: RESTRUCTURED_DB/2016/sep/188952.json
2025-12-06 18:04:57,240 - INFO - 
[1449/2500] Processing G.R. No. 189026
2025-12-06 18:04:57,240 - INFO -   Title: Philippine Telegraph & Telephone Corp. vs. Smart Communicati...
2025-12-06 18:04:57,633 - INFO -   Case already exists: RESTRUCTURED_DB/2016/nov/189026.json
2025-12-06 18:04:58,133 - INFO - 
[1450/2500] Processing G.R. No. 189077
2025-12-06 18:04:58,133 - INFO -   Title: Lina M. Bernardo vs. Honorable Court of Appeals...
2025-12-06 18:04:58,351 - INFO -   Case already exists: RESTRUCTURED_DB/2016/nov/189077.json
2025-12-06 18:04:58,851 - INFO - 
[1451/2500] Processing G.R. No. 189081
2025-12-06 18:04:58,852 - INFO -   Title: Gloria S. Dy vs. People of the Philippines, Mandy Commoditie...
2025-12-06 18:04:59,245 - INFO -   Case already exists: RESTRUCTURED_DB/2016/aug/189081.json
2025-12-06 18:04:59,746 - INFO - 
[1452/2500] Processing G.R. No. 189185
2025-12-06 18:04:59,746 - INFO -   Title: Wilfredo Mosqueda, et al. vs. Pilipino Banana Growers & Expo...
2025-12-06 18:05:00,326 - INFO -   Case already exists: RESTRUCTURED_DB/2016/aug/189185.json
2025-12-06 18:05:00,826 - INFO - 
[1453/2500] Processing G.R. No. 189220
2025-12-06 18:05:00,826 - INFO -   Title: Albert Wilson vs. the Honorable Executive Secretary Eduardo ...
2025-12-06 18:05:01,042 - INFO -   Case already exists: RESTRUCTURED_DB/2016/dec/189220.json
2025-12-06 18:05:01,542 - INFO - 
[1454/2500] Processing G.R. No. 189289
2025-12-06 18:05:01,542 - INFO -   Title: Gloria Zoleta-San Agustin vs. Ernesto Sales...
2025-12-06 18:05:01,754 - INFO -   Case already exists: RESTRUCTURED_DB/2016/aug/189289.json
2025-12-06 18:05:02,255 - INFO - 
[1455/2500] Processing G.R. No. 189312
2025-12-06 18:05:02,255 - INFO -   Title: Fe B. Saguinsin vs. Agapito Liban, et al....
2025-12-06 18:05:02,649 - INFO -   Case already exists: RESTRUCTURED_DB/2016/jul/189312.json
2025-12-06 18:05:03,150 - INFO - 
[1456/2500] Processing G.R. No. 189401
2025-12-06 18:05:03,150 - INFO -   Title: Vil-Rey Planners and Builders vs. Lexber, Inc./Stronghold In...
2025-12-06 18:05:03,545 - INFO -   Case already exists: RESTRUCTURED_DB/2016/jun/189401.json
2025-12-06 18:05:04,046 - INFO - 
[1457/2500] Processing G.R. No. 189607
2025-12-06 18:05:04,046 - INFO -   Title: Renato A. Castillo vs. Lea P. De Leon Castillo...
2025-12-06 18:05:04,260 - INFO -   Case already exists: RESTRUCTURED_DB/2016/apr/189607.json
2025-12-06 18:05:04,760 - INFO - 
[1458/2500] Processing G.R. No. 189851
2025-12-06 18:05:04,760 - INFO -   Title: Intec Cebu Inc., et al. vs. Hon. Court of Appeals, et al....
2025-12-06 18:05:04,972 - INFO -   Case already exists: RESTRUCTURED_DB/2016/jun/189851.json
2025-12-06 18:05:05,472 - INFO - 
[1459/2500] Processing G.R. No. 189852
2025-12-06 18:05:05,472 - INFO -   Title: Thomas Begnaen vs. Spouses Leo Caligtan and Elma Caligtan...
2025-12-06 18:05:05,865 - INFO -   Case already exists: RESTRUCTURED_DB/2016/aug/189852.json
2025-12-06 18:05:06,365 - INFO - 
[1460/2500] Processing G.R. No. 189878
2025-12-06 18:05:06,365 - INFO -   Title: Wilson Fenix, et al. vs. the Honorable Court of Appeals and ...
2025-12-06 18:05:06,759 - INFO -   Case already exists: RESTRUCTURED_DB/2016/jul/189878.json
2025-12-06 18:05:07,259 - INFO - 
[1461/2500] Processing G.R. No. 190143
2025-12-06 18:05:07,259 - INFO -   Title: Sps. Lolita Orencia and Pedro D. Orencia vs. Felisa Cruz Vda...
2025-12-06 18:05:07,478 - INFO -   Case already exists: RESTRUCTURED_DB/2016/aug/190143.json
2025-12-06 18:05:07,979 - INFO - 
[1462/2500] Processing G.R. No. 190158
2025-12-06 18:05:07,979 - INFO -   Title: Heirs of Libereto Castillejos and Rural Bank of Agoo, La Uni...
2025-12-06 18:05:08,191 - INFO -   Case already exists: RESTRUCTURED_DB/2016/jul/190158.json
2025-12-06 18:05:08,691 - INFO - 
[1463/2500] Processing G.R. No. 190187
2025-12-06 18:05:08,691 - INFO -   Title: The Philippine Geothermal, Inc. Employees Union vs. Unocal P...
2025-12-06 18:05:09,087 - INFO -   Case already exists: RESTRUCTURED_DB/2016/sep/190187.json
2025-12-06 18:05:09,587 - INFO - 
[1464/2500] Processing G.R. No. 190203
2025-12-06 18:05:09,587 - INFO -   Title: Powerhouse Staffbuilders International, Inc. vs. Romelia Rey...
2025-12-06 18:05:09,981 - INFO -   Case already exists: RESTRUCTURED_DB/2016/nov/190203.json
2025-12-06 18:05:10,481 - INFO - 
[1465/2500] Processing G.R. No. 190271
2025-12-06 18:05:10,482 - INFO -   Title: Transimex Co. vs. Mafre Asian Insurance Corp....
2025-12-06 18:05:10,704 - INFO -   Case already exists: RESTRUCTURED_DB/2016/sep/190271.json
2025-12-06 18:05:11,205 - INFO - 
[1466/2500] Processing G.R. No. 190385
2025-12-06 18:05:11,205 - INFO -   Title: UCPB General Insurance Company, Inc. vs. Hughes Electronics ...
2025-12-06 18:05:11,418 - INFO -   Case already exists: RESTRUCTURED_DB/2016/nov/190385.json
2025-12-06 18:05:11,918 - INFO - 
[1467/2500] Processing G.R. No. 190408
2025-12-06 18:05:11,918 - INFO -   Title: Benjie B. Georg vs. Holy Trinity College, Inc....
2025-12-06 18:05:12,313 - INFO -   Case already exists: RESTRUCTURED_DB/2016/jul/190408.json
2025-12-06 18:05:12,814 - INFO - 
[1468/2500] Processing G.R. No. 190466
2025-12-06 18:05:12,814 - INFO -   Title: Luis Derilo y Gepoleo vs. People of the Philippines...
2025-12-06 18:05:13,027 - INFO -   Case already exists: RESTRUCTURED_DB/2016/apr/190466.json
2025-12-06 18:05:13,528 - INFO - 
[1469/2500] Processing G.R. No. 190506
2025-12-06 18:05:13,528 - INFO -   Title: Coral Bay Nickel Corporation vs. Commissioner of Internal Re...
2025-12-06 18:05:13,739 - INFO -   Case already exists: RESTRUCTURED_DB/2016/jun/190506.json
2025-12-06 18:05:14,240 - INFO - 
[1470/2500] Processing G.R. No. 190520
2025-12-06 18:05:14,240 - INFO -   Title: Land Bank of the Philippines vs. Spouses Antonio and Carmen ...
2025-12-06 18:05:14,632 - INFO -   Case already exists: RESTRUCTURED_DB/2016/may/190520.json
2025-12-06 18:05:15,132 - INFO - 
[1471/2500] Processing G.R. No. 190534
2025-12-06 18:05:15,132 - INFO -   Title: C.F. Sharp Crew Management, Inc., Ronald Austria, and Abu Dh...
2025-12-06 18:05:15,528 - INFO -   Case already exists: RESTRUCTURED_DB/2016/feb/190534.json
2025-12-06 18:05:16,028 - INFO - 
[1472/2500] Processing G.R. No. 190644
2025-12-06 18:05:16,028 - INFO -   Title: NDC Tagum Foundation, Inc., et al. vs. Evelyn B. Sumakote...
2025-12-06 18:05:16,240 - INFO -   Case already exists: RESTRUCTURED_DB/2016/jun/190644.json
2025-12-06 18:05:16,740 - INFO - 
[1473/2500] Processing G.R. No. 190798
2025-12-06 18:05:16,740 - INFO -   Title: Ronald Ibañez, et al. vs. People of the Philippines...
2025-12-06 18:05:17,134 - INFO -   Case already exists: RESTRUCTURED_DB/2016/jan/190798.json
2025-12-06 18:05:17,634 - INFO - 
[1474/2500] Processing G.R. No. 190876
2025-12-06 18:05:17,634 - INFO -   Title: Yellow Bus Line Employees Union (YBLEU) vs. Yellow Bus Line,...
2025-12-06 18:05:17,846 - INFO -   Case already exists: RESTRUCTURED_DB/2016/jun/190876.json
2025-12-06 18:05:18,346 - INFO - 
[1475/2500] Processing G.R. No. 191079
2025-12-06 18:05:18,346 - INFO -   Title: Joel Cardenas, Heir of the late Elinaida L. Alcantara, repre...
2025-12-06 18:05:18,558 - INFO -   Case already exists: RESTRUCTURED_DB/2016/mar/191079.json
2025-12-06 18:05:19,058 - INFO - 
[1476/2500] Processing G.R. No. 191087
2025-12-06 18:05:19,058 - INFO -   Title: Delia L. Belita, et al. vs. Antonio S. Sy, et al....
2025-12-06 18:05:20,191 - INFO -   Case already exists: RESTRUCTURED_DB/2016/jun/191087.json
2025-12-06 18:05:20,692 - INFO - 
[1477/2500] Processing G.R. No. 191088
2025-12-06 18:05:20,692 - INFO -   Title: Frilou Construction, Inc. vs. Aegis Integrated Structure Cor...
2025-12-06 18:05:21,083 - INFO -   Case already exists: RESTRUCTURED_DB/2016/aug/191088.json
2025-12-06 18:05:21,583 - INFO - 
[1478/2500] Processing G.R. No. 191132
2025-12-06 18:05:21,584 - INFO -   Title: Apostolic Vicar of Tabuk, Inc. vs. Sps. Ernesto and Elizabet...
2025-12-06 18:05:21,975 - INFO -   Case already exists: RESTRUCTURED_DB/2016/jan/191132.json
2025-12-06 18:05:22,475 - INFO - 
[1479/2500] Processing G.R. No. 191170
2025-12-06 18:05:22,475 - INFO -   Title: Cameron Granville 3 Asset Management, Inc. vs. Fidel O. Chua...
2025-12-06 18:05:22,868 - INFO -   Case already exists: RESTRUCTURED_DB/2016/sep/191170.json
2025-12-06 18:05:23,368 - INFO - 
[1480/2500] Processing G.R. No. 191442
2025-12-06 18:05:23,368 - INFO -   Title: The Municipality of Alfonso Lista, Ifugao, represented by Ch...
2025-12-06 18:05:23,587 - INFO -   Case already exists: RESTRUCTURED_DB/2016/jul/191442.json
2025-12-06 18:05:24,087 - INFO - 
[1481/2500] Processing G.R. No. 191492
2025-12-06 18:05:24,087 - INFO -   Title: Patricia Sibayan vs. Emilio Costales, et al....
2025-12-06 18:05:24,479 - INFO -   Case already exists: RESTRUCTURED_DB/2016/jul/191492.json
2025-12-06 18:05:24,979 - INFO - 
[1482/2500] Processing G.R. No. 191527
2025-12-06 18:05:24,979 - INFO -   Title: Balibago Faith Baptist Church, Inc. and Philippine Baptist S...
2025-12-06 18:05:25,371 - INFO -   Case already exists: RESTRUCTURED_DB/2016/aug/191527.json
2025-12-06 18:05:25,872 - INFO - 
[1483/2500] Processing G.R. No. 191537
2025-12-06 18:05:25,872 - INFO -   Title: Paulino M. Alecha, et al. vs.  Jose L. Atienza Jr., the Depa...
2025-12-06 18:05:26,265 - INFO -   Case already exists: RESTRUCTURED_DB/2016/sep/191537.json
2025-12-06 18:05:26,765 - INFO - 
[1484/2500] Processing G.R. No. 191616
2025-12-06 18:05:26,765 - INFO -   Title: Francis C. Cervantes vs. City Service Corporation and Valent...
2025-12-06 18:05:26,976 - INFO -   Case already exists: RESTRUCTURED_DB/2016/apr/191616.json
2025-12-06 18:05:27,476 - INFO - 
[1485/2500] Processing G.R. No. 191699
2025-12-06 18:05:27,477 - INFO -   Title: William Go Que Construction And/Or William Go Que vs. Court ...
2025-12-06 18:05:27,870 - INFO -   Case already exists: RESTRUCTURED_DB/2016/apr/191699.json
2025-12-06 18:05:28,370 - INFO - 
[1486/2500] Processing G.R. No. 191705
2025-12-06 18:05:28,370 - INFO -   Title: Basiana Mining Exploration Corporation, et al. vs. Honorable...
2025-12-06 18:05:28,762 - INFO -   Case already exists: RESTRUCTURED_DB/2016/mar/191705.json
2025-12-06 18:05:29,262 - INFO - 
[1487/2500] Processing G.R. No. 191856
2025-12-06 18:05:29,263 - INFO -   Title: Republic of the Philippines vs. Gmcc United Development Corp...
2025-12-06 18:05:29,655 - INFO -   Case already exists: RESTRUCTURED_DB/2016/dec/191856.json
2025-12-06 18:05:30,155 - INFO - 
[1488/2500] Processing G.R. No. 192075
2025-12-06 18:05:30,155 - INFO -   Title: Roberto Palo y De Gula vs People of the Philippines...
2025-12-06 18:05:30,548 - INFO -   Case already exists: RESTRUCTURED_DB/2016/feb/192075.json
2025-12-06 18:05:31,048 - INFO - 
[1489/2500] Processing G.R. No. 192132
2025-12-06 18:05:31,048 - INFO -   Title: Heirs of Zosimo Q. Maravilla vs. Privaldo Tupas...
2025-12-06 18:05:31,441 - INFO -   Case already exists: RESTRUCTURED_DB/2016/sep/192132.json
2025-12-06 18:05:31,941 - INFO - 
[1490/2500] Processing G.R. No. 192268
2025-12-06 18:05:31,941 - INFO -   Title: Department of Education vs. Delfina C. Casibang, et al....
2025-12-06 18:05:32,334 - INFO -   Case already exists: RESTRUCTURED_DB/2016/jan/192268.json
2025-12-06 18:05:32,835 - INFO - 
[1491/2500] Processing G.R. No. 192297
2025-12-06 18:05:32,835 - INFO -   Title: Supre Multi-Services, Inc., et al. vs. Lanie M. Labitigan...
2025-12-06 18:05:33,410 - INFO -   Case already exists: RESTRUCTURED_DB/2016/aug/192297.json
2025-12-06 18:05:33,910 - INFO - 
[1492/2500] Processing G.R. No. 192318
2025-12-06 18:05:33,910 - INFO -   Title: Reyno C. Dimson vs. Gerry T. Chua...
2025-12-06 18:05:34,122 - INFO -   Case already exists: RESTRUCTURED_DB/2016/dec/192318.json
2025-12-06 18:05:34,622 - INFO - 
[1493/2500] Processing G.R. No. 192320
2025-12-06 18:05:34,623 - INFO -   Title: Benjamin L. Vergara, et al. vs. Atty. Eusebio I. Otadoy, Jr....
2025-12-06 18:05:34,835 - INFO -   Case already exists: RESTRUCTURED_DB/2016/apr/192320.json
2025-12-06 18:05:35,335 - INFO - 
[1494/2500] Processing G.R. No. 192369
2025-12-06 18:05:35,335 - INFO -   Title: Maria Tolentino-Prieto vs. Robert S. Elvas/Robert S. Elvas v...
2025-12-06 18:05:35,729 - INFO -   Case already exists: RESTRUCTURED_DB/2016/nov/192369.json
2025-12-06 18:05:36,229 - INFO - 
[1495/2500] Processing G.R. No. 192428
2025-12-06 18:05:36,229 - INFO -   Title: Poeple of the Philippines vs. Elpedio Castañas y Espinosa...
2025-12-06 18:05:36,621 - INFO -   Case already exists: RESTRUCTURED_DB/2016/apr/192428.json
2025-12-06 18:05:37,121 - INFO - 
[1496/2500] Processing G.R. No. 192477
2025-12-06 18:05:37,121 - INFO -   Title: Momarco Import Company, Inc. vs. Felicidad Villamena...
2025-12-06 18:05:37,514 - INFO -   Case already exists: RESTRUCTURED_DB/2016/jul/192477.json
2025-12-06 18:05:38,014 - INFO - 
[1497/2500] Processing G.R. No. 192491
2025-12-06 18:05:38,014 - INFO -   Title: Mary Jane G. Dy Chiao vs. Sebastian Bolivar, et al....
2025-12-06 18:05:38,226 - INFO -   Case already exists: RESTRUCTURED_DB/2016/aug/192491.json
2025-12-06 18:05:38,726 - INFO - 
[1498/2500] Processing G.R. No. 192754
2025-12-06 18:05:38,726 - INFO -   Title: Leonis Navigation Co., Inc. and World Marine Panama S.A. vs....
2025-12-06 18:05:39,120 - INFO -   Case already exists: RESTRUCTURED_DB/2016/sep/192754.json
2025-12-06 18:05:39,620 - INFO - 
[1499/2500] Processing G.R. No. 192790
2025-12-06 18:05:39,620 - INFO -   Title: People of the Philippines vs. Yolanda Libre alias "Nonoy"...
2025-12-06 18:05:40,014 - INFO -   Case already exists: RESTRUCTURED_DB/2016/aug/192790.json
2025-12-06 18:05:40,514 - INFO - 
[1500/2500] Processing G.R. No. 193075
2025-12-06 18:05:40,514 - INFO -   Title: Emmanuel Reyes, Sr. and Mutya M. Reyes vs. Heirs of Deograci...
2025-12-06 18:05:40,906 - INFO -   Case already exists: RESTRUCTURED_DB/2016/jun/193075.json
2025-12-06 18:05:41,406 - INFO - 
[1501/2500] Processing G.R. No. 193176
2025-12-06 18:05:41,407 - INFO -   Title: Presidential Commission on Good Government vs. Office of the...
2025-12-06 18:05:41,799 - INFO -   Case already exists: RESTRUCTURED_DB/2016/feb/193176.json
2025-12-06 18:05:42,299 - INFO - 
[1502/2500] Processing G.R. No. 193313
2025-12-06 18:05:42,299 - INFO -   Title: Ernie Idanan, Nanly Del Barrio and Marlon Plopenio vs. Peopl...
2025-12-06 18:05:42,691 - INFO -   Case already exists: RESTRUCTURED_DB/2016/mar/193313.json
2025-12-06 18:05:43,191 - INFO - 
[1503/2500] Processing G.R. No. 193374
2025-12-06 18:05:43,191 - INFO -   Title: Heirs of the Late Gerry Ecarma vs. Court of Appeals and Rena...
2025-12-06 18:05:43,584 - INFO -   Case already exists: RESTRUCTURED_DB/2016/jun/193374.json
2025-12-06 18:05:44,084 - INFO - 
[1504/2500] Processing G.R. No. 193455
2025-12-06 18:05:44,084 - INFO -   Title: National Power Corporation vs. Heirs of Gregorio Ramoran, et...
2025-12-06 18:05:44,296 - INFO -   Case already exists: RESTRUCTURED_DB/2016/jun/193455.json
2025-12-06 18:05:44,797 - INFO - 
[1505/2500] Processing G.R. No. 193554
2025-12-06 18:05:44,797 - INFO -   Title: Spouses Rodrigo Imperial, Jr. and Jocelyn Imperial, and Fe I...
2025-12-06 18:05:45,188 - INFO -   Case already exists: RESTRUCTURED_DB/2016/apr/193554.json
2025-12-06 18:05:45,688 - INFO - 
[1506/2500] Processing G.R. No. 193748
2025-12-06 18:05:45,688 - INFO -   Title: Mervic Realty, Inc. and Viccy Realty, Inc. vs China Banking ...
2025-12-06 18:05:46,081 - INFO -   Case already exists: RESTRUCTURED_DB/2016/feb/193748.json
2025-12-06 18:05:46,581 - INFO - 
[1507/2500] Processing G.R. No. 193816
2025-12-06 18:05:46,581 - INFO -   Title: Erson Ang Lee Doing Business as "Super Lamination vs. Samaha...
2025-12-06 18:05:46,974 - INFO -   Case already exists: RESTRUCTURED_DB/2016/nov/193816.json
2025-12-06 18:05:47,474 - INFO - 
[1508/2500] Processing G.R. No. 193837
2025-12-06 18:05:47,475 - INFO -   Title: People of the Philippines vs. Renato M. Pangan...
2025-12-06 18:05:47,866 - INFO -   Case already exists: RESTRUCTURED_DB/2016/sep/193837.json
2025-12-06 18:05:48,367 - INFO - 
[1509/2500] Processing G.R. No. 194065
2025-12-06 18:05:48,367 - INFO -   Title: Philippine Bank Communications vs. Commissioner of Internal ...
2025-12-06 18:05:48,578 - INFO -   Case already exists: RESTRUCTURED_DB/2016/jun/194065.json
2025-12-06 18:05:49,078 - INFO - 
[1510/2500] Processing G.R. No. 194119
2025-12-06 18:05:49,078 - INFO -   Title: Sonia F. Mariano vs. Martinez Memorial Colleges, Inc....
2025-12-06 18:05:49,471 - INFO -   Case already exists: RESTRUCTURED_DB/2016/apr/194119.json
2025-12-06 18:05:49,971 - INFO - 
[1511/2500] Processing G.R. No. 194121
2025-12-06 18:05:49,971 - INFO -   Title: Torres-Madrid Brokerage, Inc. vs. FEB Mitsu Marine Insurance...
2025-12-06 18:05:50,364 - INFO -   Case already exists: RESTRUCTURED_DB/2016/jul/194121.json
2025-12-06 18:05:50,864 - INFO - 
[1512/2500] Processing G.R. No. 194134
2025-12-06 18:05:50,864 - INFO -   Title: Jose Romulo L. Francisco vs Loyola Plans Consolidated, Inc.,...
2025-12-06 18:05:51,257 - INFO -   Case already exists: RESTRUCTURED_DB/2016/feb/194134.json
2025-12-06 18:05:51,757 - INFO - 
[1513/2500] Processing G.R. No. 194260
2025-12-06 18:05:51,757 - INFO -   Title: Heirs of Feliciano Yambao, Chona Yambao, et al. vs. Heirs of...
2025-12-06 18:05:51,968 - INFO -   Case already exists: RESTRUCTURED_DB/2016/apr/194260.json
2025-12-06 18:05:52,469 - INFO - 
[1514/2500] Processing G.R. No. 194412
2025-12-06 18:05:52,469 - INFO -   Title: Samsoden Pangcatan vs. Alexandro "Dodong" Maghuyop and Belin...
2025-12-06 18:05:52,861 - INFO -   Case already exists: RESTRUCTURED_DB/2016/nov/194412.json
2025-12-06 18:05:53,361 - INFO - 
[1515/2500] Processing G.R. No. 194417
2025-12-06 18:05:53,361 - INFO -   Title: Heirs of Teodoro Cadliña represented by Soledad Cadiz Vda. D...
2025-12-06 18:05:53,753 - INFO -   Case already exists: RESTRUCTURED_DB/2016/nov/194417.json
2025-12-06 18:05:54,253 - INFO - 
[1516/2500] Processing G.R. No. 194548
2025-12-06 18:05:54,253 - INFO -   Title: Juana Vda. De Rojales, substituted by her heirs, represented...
2025-12-06 18:05:54,647 - INFO -   Case already exists: RESTRUCTURED_DB/2016/feb/194548.json
2025-12-06 18:05:55,147 - INFO - 
[1517/2500] Processing G.R. No. 194554
2025-12-06 18:05:55,148 - INFO -   Title: Edgar Peñalosa, et al. vs. William C. Limqueco...
2025-12-06 18:05:55,541 - INFO -   Case already exists: RESTRUCTURED_DB/2016/dec/194554.json
2025-12-06 18:05:56,041 - INFO - 
[1518/2500] Processing G.R. No. 194561
2025-12-06 18:05:56,041 - INFO -   Title: Drugstores Association of the Philippines, Inc. and Northern...
2025-12-06 18:05:56,436 - INFO -   Case already exists: RESTRUCTURED_DB/2016/sep/194561.json
2025-12-06 18:05:56,936 - INFO - 
[1519/2500] Processing G.R. No. 194605
2025-12-06 18:05:56,936 - INFO -   Title: People of the Philippines vs. Mariano Oadasan, Jr....
2025-12-06 18:05:57,330 - INFO -   Case already exists: RESTRUCTURED_DB/2016/jun/194605.json
2025-12-06 18:05:57,830 - INFO - 
[1520/2500] Processing G.R. No. 194649
2025-12-06 18:05:57,831 - INFO -   Title: Soliman Security Services, Inc. and Teresita L. Soliman vs. ...
2025-12-06 18:05:58,043 - INFO -   Case already exists: RESTRUCTURED_DB/2016/aug/194649.json
2025-12-06 18:05:58,543 - INFO - 
[1521/2500] Processing G.R. No. 194664
2025-12-06 18:05:58,543 - INFO -   Title: Florita Liam vs. United Coconut Planters Bank...
2025-12-06 18:05:58,935 - INFO -   Case already exists: RESTRUCTURED_DB/2016/jun/194664.json
2025-12-06 18:05:59,436 - INFO - 
[1522/2500] Processing G.R. No. 194960
2025-12-06 18:05:59,436 - INFO -   Title: Pro Builders, Inc. vs TG Universal Business Ventures, Inc....
2025-12-06 18:05:59,831 - INFO -   Case already exists: RESTRUCTURED_DB/2016/feb/194960.json
2025-12-06 18:06:00,331 - INFO - 
[1523/2500] Processing G.R. No. 194962
2025-12-06 18:06:00,332 - INFO -   Title: Cagayan Economic Zone Authority vs. Meridien Vista Gaming Co...
2025-12-06 18:06:00,723 - INFO -   Case already exists: RESTRUCTURED_DB/2016/jan/194962.json
2025-12-06 18:06:01,224 - INFO - 
[1524/2500] Processing G.R. No. 195026
2025-12-06 18:06:01,224 - INFO -   Title: Central Mindanao University, represented by its President, D...
2025-12-06 18:06:01,617 - INFO -   Case already exists: RESTRUCTURED_DB/2016/feb/195026.json
2025-12-06 18:06:02,118 - INFO - 
[1525/2500] Processing G.R. No. 195072
2025-12-06 18:06:02,118 - INFO -   Title: Bonifacio Dana vs. Spouses Gregorio Serrano and Adelaida Rey...
2025-12-06 18:06:02,510 - INFO -   Case already exists: RESTRUCTURED_DB/2016/aug/195072.json
2025-12-06 18:06:03,010 - INFO - 
[1526/2500] Processing G.R. No. 195138
2025-12-06 18:06:03,010 - INFO -   Title: National Transmission Corporation vs. Misamis Oriental I Ele...
2025-12-06 18:06:03,222 - INFO -   Case already exists: RESTRUCTURED_DB/2016/aug/195138.json
2025-12-06 18:06:03,722 - INFO - 
[1527/2500] Processing G.R. No. 195145
2025-12-06 18:06:03,722 - INFO -   Title: Manila Electric Company vs Spouses Sulpicio and Patricia Ram...
2025-12-06 18:06:04,115 - INFO -   Case already exists: RESTRUCTURED_DB/2016/feb/195145.json
2025-12-06 18:06:04,615 - INFO - 
[1528/2500] Processing G.R. No. 195147
2025-12-06 18:06:04,615 - INFO -   Title: Commissioner of Internal Revenue vs. Philippine National Ban...
2025-12-06 18:06:05,446 - WARNING -   ✗ Could not fetch case from any URL
2025-12-06 18:06:05,446 - INFO - 
[1529/2500] Processing G.R. No. 195155
2025-12-06 18:06:05,446 - INFO -   Title: Divine Word College of Laoag vs. Shirley B. Mina, as hier su...
2025-12-06 18:06:05,838 - INFO -   Case already exists: RESTRUCTURED_DB/2016/apr/195155.json
2025-12-06 18:06:06,339 - INFO - 
[1530/2500] Processing G.R. No. 195224
2025-12-06 18:06:06,339 - INFO -   Title: Virginia Jabalde y Jamandron vs. People of the Philippines...
2025-12-06 18:06:06,731 - INFO -   Case already exists: RESTRUCTURED_DB/2016/jun/195224.json
2025-12-06 18:06:07,232 - INFO - 
[1531/2500] Processing G.R. No. 195382
2025-12-06 18:06:07,232 - INFO -   Title: Orion Water District, represented by its General Manager, Cr...
2025-12-06 18:06:07,442 - INFO -   Case already exists: RESTRUCTURED_DB/2016/jun/195382.json
2025-12-06 18:06:07,942 - INFO - 
[1532/2500] Processing G.R. No. 195552
2025-12-06 18:06:07,943 - INFO -   Title: ACS Development & Property Managers, Inc. vs. Montaire Realt...
2025-12-06 18:06:08,335 - INFO -   Case already exists: RESTRUCTURED_DB/2016/apr/195552.json
2025-12-06 18:06:08,835 - INFO - 
[1533/2500] Processing G.R. No. 195641
2025-12-06 18:06:08,835 - INFO -   Title: Tarcisio S. Calilung vs. Paramount Insurance Corporation, et...
2025-12-06 18:06:09,227 - INFO -   Case already exists: RESTRUCTURED_DB/2016/jul/195641.json
2025-12-06 18:06:09,727 - INFO - 
[1534/2500] Processing G.R. No. 195669
2025-12-06 18:06:09,728 - INFO -   Title: Bradford United Church of Christ, Inc. vs. Dante Ando, et al...
2025-12-06 18:06:10,481 - INFO -   Case already exists: RESTRUCTURED_DB/2016/may/195669.json
2025-12-06 18:06:10,981 - INFO - 
[1535/2500] Processing G.R. No. 195728
2025-12-06 18:06:10,981 - INFO -   Title: Paramount Life & General Insurance Corporation vs. Cherry T....
2025-12-06 18:06:11,368 - INFO -   Case already exists: RESTRUCTURED_DB/2016/apr/195728.json
2025-12-06 18:06:11,868 - INFO - 
[1536/2500] Processing G.R. No. 195834
2025-12-06 18:06:11,868 - INFO -   Title: Guillermo Salvador, et al. vs. Patricia, Inc....
2025-12-06 18:06:12,255 - INFO -   Case already exists: RESTRUCTURED_DB/2016/nov/195834.json
2025-12-06 18:06:12,756 - INFO - 
[1537/2500] Processing G.R. No. 195835
2025-12-06 18:06:12,756 - INFO -   Title: Sison Olaño, et al. vs. Lim Eng Co...
2025-12-06 18:06:13,143 - INFO -   Case already exists: RESTRUCTURED_DB/2016/mar/195835.json
2025-12-06 18:06:13,643 - INFO - 
[1538/2500] Processing G.R. No. 196028
2025-12-06 18:06:13,643 - INFO -   Title: Samahan ng Magsasaka at Mangingisda ng Sitio Naswe, Inc. vs....
2025-12-06 18:06:13,853 - INFO -   Case already exists: RESTRUCTURED_DB/2016/apr/196028.json
2025-12-06 18:06:14,353 - INFO - 
[1539/2500] Processing G.R. No. 196140
2025-12-06 18:06:14,353 - INFO -   Title: National Corporation V.s Elizabeth Manalastas and Bea Castil...
2025-12-06 18:06:14,561 - INFO -   Case already exists: RESTRUCTURED_DB/2016/jan/196140.json
2025-12-06 18:06:15,061 - INFO - 
[1540/2500] Processing G.R. No. 196256
2025-12-06 18:06:15,061 - INFO -   Title: People of the Philippines vs. Willy Vallar, Heracleo Vallar,...
2025-12-06 18:06:15,447 - INFO -   Case already exists: RESTRUCTURED_DB/2016/dec/196256.json
2025-12-06 18:06:15,947 - INFO - 
[1541/2500] Processing G.R. No. 196289
2025-12-06 18:06:15,947 - INFO -   Title: Elizabeth Alburo vs. People of the Philippines...
2025-12-06 18:06:16,334 - INFO -   Case already exists: RESTRUCTURED_DB/2016/aug/196289.json
2025-12-06 18:06:16,834 - INFO - 
[1542/2500] Processing G.R. No. 196470
2025-12-06 18:06:16,834 - INFO -   Title: Rosario Victoria and Elma Pidlaoan vs. Normita Jacob Pidlaoa...
2025-12-06 18:06:17,043 - INFO -   Case already exists: RESTRUCTURED_DB/2016/apr/196470.json
2025-12-06 18:06:17,544 - INFO - 
[1543/2500] Processing G.R. No. 196557
2025-12-06 18:06:17,544 - INFO -   Title: Gregorio Balais, Jr. vs. Se'Lon by Aimee, Amelita Revilla dn...
2025-12-06 18:06:17,929 - INFO -   Case already exists: RESTRUCTURED_DB/2016/jun/196557.json
2025-12-06 18:06:18,430 - INFO - 
[1544/2500] Processing G.R. No. 196596
2025-12-06 18:06:18,430 - INFO -   Title: Commissioner of Internal Revenue vs. De La Salle University,...
2025-12-06 18:06:19,002 - INFO -   Case already exists: RESTRUCTURED_DB/2016/nov/196596.json
2025-12-06 18:06:19,503 - INFO - 
[1545/2500] Processing G.R. No. 196735
2025-12-06 18:06:19,503 - INFO -   Title: People of the Philippines vs. Danilo Feliciano, Jr., et al....
2025-12-06 18:06:19,716 - INFO -   Case already exists: RESTRUCTURED_DB/2016/aug/196735.json
2025-12-06 18:06:20,216 - INFO - 
[1546/2500] Processing G.R. No. 196962
2025-12-06 18:06:20,216 - INFO -   Title: People of the Philippines vs. Joan Sonjaco y Sta. Ana...
2025-12-06 18:06:20,425 - INFO -   Case already exists: RESTRUCTURED_DB/2016/jun/196962.json
2025-12-06 18:06:20,925 - INFO - 
[1547/2500] Processing G.R. No. 197056
2025-12-06 18:06:20,925 - INFO -   Title: Fe P. Zaldivar accompanied by her husband Eliezer Zaldivar v...
2025-12-06 18:06:21,133 - INFO -   Case already exists: RESTRUCTURED_DB/2016/mar/197056.json
2025-12-06 18:06:21,634 - INFO - 
[1548/2500] Processing G.R. No. 197122
2025-12-06 18:06:21,634 - INFO -   Title: Ingrid Sala Santamaria and Astrid Sala Boza vs. Thomas Clear...
2025-12-06 18:06:22,024 - INFO -   Case already exists: RESTRUCTURED_DB/2016/jun/197122.json
2025-12-06 18:06:22,524 - INFO - 
[1549/2500] Processing G.R. No. 197136
2025-12-06 18:06:22,524 - INFO -   Title: Romeo Pucyutan, for and in behalf of the City of Muntinlupa,...
2025-12-06 18:06:22,911 - INFO -   Case already exists: RESTRUCTURED_DB/2016/apr/197136.json
2025-12-06 18:06:23,412 - INFO - 
[1550/2500] Processing G.R. No. 197191
2025-12-06 18:06:23,412 - INFO -   Title: Oasis Park Hotel vs. Leslee G. Navaluna, et al....
2025-12-06 18:06:23,799 - INFO -   Case already exists: RESTRUCTURED_DB/2016/nov/197191.json
2025-12-06 18:06:24,299 - INFO - 
[1551/2500] Processing G.R. No. 197356
2025-12-06 18:06:24,299 - INFO -   Title: Emilio A. Aquino vs. Carmelita Tangkengko, et al....
2025-12-06 18:06:24,506 - INFO -   Case already exists: RESTRUCTURED_DB/2016/aug/197356.json
2025-12-06 18:06:25,007 - INFO - 
[1552/2500] Processing G.R. No. 197393
2025-12-06 18:06:25,007 - INFO -   Title: Philippine Savings Bank vs. Manuel P. Barrera...
2025-12-06 18:06:25,393 - INFO -   Case already exists: RESTRUCTURED_DB/2016/jun/197393.json
2025-12-06 18:06:25,894 - INFO - 
[1553/2500] Processing G.R. No. 197634
2025-12-06 18:06:25,894 - INFO -   Title: Julius B. Campol vs. Mayor Ronald S. Balao-As and Vice-Mayor...
2025-12-06 18:06:26,280 - INFO -   Case already exists: RESTRUCTURED_DB/2016/nov/197634.json
2025-12-06 18:06:26,780 - INFO - 
[1554/2500] Processing G.R. No. 198127
2025-12-06 18:06:26,780 - INFO -   Title: Co It A.K.A. Gonzalo Co It vs. Anthony Co, Mary Co Cho, Pete...
2025-12-06 18:06:27,166 - INFO -   Case already exists: RESTRUCTURED_DB/2016/oct/198127.json
2025-12-06 18:06:27,666 - INFO - 
[1555/2500] Processing G.R. No. 198160
2025-12-06 18:06:27,666 - INFO -   Title: Victoria P. Cabral vs. Gregoria Adolfo, et al....
2025-12-06 18:06:28,055 - INFO -   Case already exists: RESTRUCTURED_DB/2016/aug/198160.json
2025-12-06 18:06:28,555 - INFO - 
[1556/2500] Processing G.R. No. 198350
2025-12-06 18:06:28,555 - INFO -   Title: Atty. Marcos D. Risonar, Jr. vs.  Cor Jesu College And/Or Ed...
2025-12-06 18:06:28,764 - INFO -   Case already exists: RESTRUCTURED_DB/2016/sep/198350.json
2025-12-06 18:06:29,264 - INFO - 
[1557/2500] Processing G.R. No. 198434
2025-12-06 18:06:29,265 - INFO -   Title: Heirs of Lenadro Natividad and Juliana V. Natividad vs Juana...
2025-12-06 18:06:29,486 - INFO -   Case already exists: RESTRUCTURED_DB/2016/feb/198434.json
2025-12-06 18:06:29,986 - INFO - 
[1558/2500] Processing G.R. No. 198664
2025-12-06 18:06:29,986 - INFO -   Title: People of the Philippines vs. Owen Marcelo Cagalingan and Be...
2025-12-06 18:06:30,374 - INFO -   Case already exists: RESTRUCTURED_DB/2016/nov/198664.json
2025-12-06 18:06:30,874 - INFO - 
[1559/2500] Processing G.R. No. 198756
2025-12-06 18:06:30,874 - INFO -   Title: Banco De Oro, et al. vs. Republic of the Philippines, et al....
2025-12-06 18:06:31,449 - INFO -   Case already exists: RESTRUCTURED_DB/2016/aug/198756.json
2025-12-06 18:06:31,949 - INFO - 
[1560/2500] Processing G.R. No. 198920
2025-12-06 18:06:31,949 - INFO -   Title: Malayan Insurance Company, Inc. vs. St. Francis Square Realt...
2025-12-06 18:06:32,770 - WARNING -   ✗ Could not fetch case from any URL
2025-12-06 18:06:32,771 - INFO - 
[1561/2500] Processing G.R. No. 198925
2025-12-06 18:06:32,771 - INFO -   Title: Sps. Archibal Latoja and Charito Latoja vs. Honorable Elvie ...
2025-12-06 18:06:32,979 - INFO -   Case already exists: RESTRUCTURED_DB/2016/jul/198925.json
2025-12-06 18:06:33,479 - INFO - 
[1562/2500] Processing G.R. No. 198967
2025-12-06 18:06:33,479 - INFO -   Title: Jose Emmanuel P. Guillermo vs. Crisanto P. Uson...
2025-12-06 18:06:33,689 - INFO -   Case already exists: RESTRUCTURED_DB/2016/mar/198967.json
2025-12-06 18:06:34,189 - INFO - 
[1563/2500] Processing G.R. No. 198994
2025-12-06 18:06:34,189 - INFO -   Title: Iris Morales vs Ana Maria Olondriz, et al....
2025-12-06 18:06:34,397 - INFO -   Case already exists: RESTRUCTURED_DB/2016/feb/198994.json
2025-12-06 18:06:34,897 - INFO - 
[1564/2500] Processing G.R. No. 199151
2025-12-06 18:06:34,897 - INFO -   Title: People of the Philippines vs. the Sandiganbayan, et al....
2025-12-06 18:06:35,285 - INFO -   Case already exists: RESTRUCTURED_DB/2016/jul/199151.json
2025-12-06 18:06:35,785 - INFO - 
[1565/2500] Processing G.R. No. 199180
2025-12-06 18:06:35,785 - INFO -   Title: Thelma Rodriguez vs. Spouses Jaime Sioson and Armi Sioson, e...
2025-12-06 18:06:35,995 - INFO -   Case already exists: RESTRUCTURED_DB/2016/jul/199180.json
2025-12-06 18:06:36,495 - INFO - 
[1566/2500] Processing G.R. No. 199194
2025-12-06 18:06:36,495 - INFO -   Title: Republic of the Philippines vs Jose B. Sareñogon, Jr.Dissent...
2025-12-06 18:06:36,882 - INFO -   Case already exists: RESTRUCTURED_DB/2016/feb/199194.json
2025-12-06 18:06:37,382 - INFO - 
[1567/2500] Processing G.R. No. 199239
2025-12-06 18:06:37,383 - INFO -   Title: Percy Malonesio vs. Arturo M. Jizmundo...
2025-12-06 18:06:37,594 - INFO -   Case already exists: RESTRUCTURED_DB/2016/aug/199239.json
2025-12-06 18:06:38,094 - INFO - 
[1568/2500] Processing G.R. No. 199371
2025-12-06 18:06:38,094 - INFO -   Title: Petron LPG Dealers Association and Total Gaz LPG Dealers Ass...
2025-12-06 18:06:38,482 - INFO -   Case already exists: RESTRUCTURED_DB/2016/feb/199371.json
2025-12-06 18:06:38,982 - INFO - 
[1569/2500] Processing G.R. No. 199397
2025-12-06 18:06:38,983 - INFO -   Title: People of the Philippines vs. Darwin Gito y Corlin...
2025-12-06 18:06:39,192 - INFO -   Case already exists: RESTRUCTURED_DB/2016/sep/199397.json
2025-12-06 18:06:39,692 - INFO - 
[1570/2500] Processing G.R. No. 199422
2025-12-06 18:06:39,692 - INFO -   Title: Commissioer of Internal Revenue vs. Kepco Corporation...
2025-12-06 18:06:40,080 - INFO -   Case already exists: RESTRUCTURED_DB/2016/jun/199422.json
2025-12-06 18:06:40,580 - INFO - 
[1571/2500] Processing G.R. No. 199431
2025-12-06 18:06:40,580 - INFO -   Title: Sta. Fe Realty, Inc. and Victoria Sandejas Fabregas vs. Jesu...
2025-12-06 18:06:40,790 - INFO -   Case already exists: RESTRUCTURED_DB/2016/aug/199431.json
2025-12-06 18:06:41,291 - INFO - 
[1572/2500] Processing G.R. No. 199464
2025-12-06 18:06:41,291 - INFO -   Title: Rogelio Rosario, et al. vs. Rizalito F. Alba...
2025-12-06 18:06:41,500 - INFO -   Case already exists: RESTRUCTURED_DB/2016/apr/199464.json
2025-12-06 18:06:42,000 - INFO - 
[1573/2500] Processing G.R. No. 199497
2025-12-06 18:06:42,000 - INFO -   Title: People of the Philippines vs. Delia Camannong...
2025-12-06 18:06:42,386 - INFO -   Case already exists: RESTRUCTURED_DB/2016/aug/199497.json
2025-12-06 18:06:42,886 - INFO - 
[1574/2500] Processing G.R. No. 199537
2025-12-06 18:06:42,886 - INFO -   Title: Republic of the Philippines vs Andrea Tan Concurring Opinion...
2025-12-06 18:06:43,095 - INFO -   Case already exists: RESTRUCTURED_DB/2016/feb/199537.json
2025-12-06 18:06:43,595 - INFO - 
[1575/2500] Processing G.R. No. 199628
2025-12-06 18:06:43,595 - INFO -   Title: Heirs of Exequiel Hagoriles, et al. vs. Romeo Hernaez, et al...
2025-12-06 18:06:43,982 - INFO -   Case already exists: RESTRUCTURED_DB/2016/apr/199628.json
2025-12-06 18:06:44,482 - INFO - 
[1576/2500] Processing G.R. No. 199683
2025-12-06 18:06:44,482 - INFO -   Title: Arlene T. Samonte, Vladimir P. Samonte, Ma. Aurea S. Elepaño...
2025-12-06 18:06:44,869 - INFO -   Case already exists: RESTRUCTURED_DB/2016/feb/199683.json
2025-12-06 18:06:45,369 - INFO - 
[1577/2500] Processing G.R. No. 200072
2025-12-06 18:06:45,369 - INFO -   Title: Philip Yu Vs Viveca Lim Yu...
2025-12-06 18:06:45,755 - INFO -   Case already exists: RESTRUCTURED_DB/2016/jun/200072.json
2025-12-06 18:06:46,255 - INFO - 
[1578/2500] Processing G.R. No. 200081
2025-12-06 18:06:46,255 - INFO -   Title: People of the Philippines vs. Edgardo T. Cruz...
2025-12-06 18:06:46,463 - INFO -   Case already exists: RESTRUCTURED_DB/2016/jun/200081.json
2025-12-06 18:06:46,963 - INFO - 
[1579/2500] Processing G.R. No. 200150
2025-12-06 18:06:46,964 - INFO -   Title: Catherine Ching, et al. vs. Quezon City Sports Club, Inc., e...
2025-12-06 18:06:47,363 - INFO -   Case already exists: RESTRUCTURED_DB/2016/nov/200150.json
2025-12-06 18:06:47,863 - INFO - 
[1580/2500] Processing G.R. No. 200157
2025-12-06 18:06:47,863 - INFO -   Title: People of the Philippines vs. Joery Deliola y Barrido...
2025-12-06 18:06:48,074 - INFO -   Case already exists: RESTRUCTURED_DB/2016/aug/200157.json
2025-12-06 18:06:48,574 - INFO - 
[1581/2500] Processing G.R. No. 200180
2025-12-06 18:06:48,574 - INFO -   Title: Benjamin H. Cabañez vs. Marie Josephine Cordero Solano a.k.a...
2025-12-06 18:06:48,784 - INFO -   Case already exists: RESTRUCTURED_DB/2016/jun/200180.json
2025-12-06 18:06:49,284 - INFO - 
[1582/2500] Processing G.R. No. 200274
2025-12-06 18:06:49,284 - INFO -   Title: Melecio Domingo vs. Sps. Genaro Molina and Elena B. Molina...
2025-12-06 18:06:49,493 - INFO -   Case already exists: RESTRUCTURED_DB/2016/apr/200274.json
2025-12-06 18:06:49,993 - INFO - 
[1583/2500] Processing G.R. No. 200299
2025-12-06 18:06:49,993 - INFO -   Title: Spouses Juan Chuy Tan and Mary Tan vs. China Banking Corpora...
2025-12-06 18:06:50,202 - INFO -   Case already exists: RESTRUCTURED_DB/2016/aug/200299.json
2025-12-06 18:06:50,702 - INFO - 
[1584/2500] Processing G.R. No. 200302
2025-12-06 18:06:50,702 - INFO -   Title: People of the Philippines vs. Gerry Lipata y Ortiza...
2025-12-06 18:06:51,089 - INFO -   Case already exists: RESTRUCTURED_DB/2016/apr/200302.json
2025-12-06 18:06:51,589 - INFO - 
[1585/2500] Processing G.R. No. 200352
2025-12-06 18:06:51,589 - INFO -   Title: Mary June Celiz vs. Cord Chemicals, Inc., Leonor G. Sanz, an...
2025-12-06 18:06:51,797 - INFO -   Case already exists: RESTRUCTURED_DB/2016/jul/200352.json
2025-12-06 18:06:52,297 - INFO - 
[1586/2500] Processing G.R. No. 200537
2025-12-06 18:06:52,297 - INFO -   Title: People of the Philippines vs. Rodrido Quitola y Balmonte...
2025-12-06 18:06:52,684 - INFO -   Case already exists: RESTRUCTURED_DB/2016/jul/200537.json
2025-12-06 18:06:53,184 - INFO - 
[1587/2500] Processing G.R. No. 200577
2025-12-06 18:06:53,184 - INFO -   Title: Civil Service Commission vs. Carolina P. Juen...
2025-12-06 18:06:53,393 - INFO -   Case already exists: RESTRUCTURED_DB/2016/aug/200577.json
2025-12-06 18:06:53,893 - INFO - 
[1588/2500] Processing G.R. No. 200693
2025-12-06 18:06:53,893 - INFO -   Title: Nena C. Ang, et al. vs. China Trust Commercial Bank Corporat...
2025-12-06 18:06:54,280 - INFO -   Case already exists: RESTRUCTURED_DB/2016/apr/200693.json
2025-12-06 18:06:54,780 - INFO - 
[1589/2500] Processing G.R. No. 200726
2025-12-06 18:06:54,780 - INFO -   Title: Republic of the Philippines vs. Mateo Lao...
2025-12-06 18:06:54,988 - INFO -   Case already exists: RESTRUCTURED_DB/2016/nov/200726.json
2025-12-06 18:06:55,488 - INFO - 
[1590/2500] Processing G.R. No. 200765
2025-12-06 18:06:55,488 - INFO -   Title: Desiderio Ranara, Jr. vs. Zacarias De Los Angeles, Jr....
2025-12-06 18:06:55,874 - INFO -   Case already exists: RESTRUCTURED_DB/2016/aug/200765.json
2025-12-06 18:06:56,374 - INFO - 
[1591/2500] Processing G.R. No. 200973
2025-12-06 18:06:56,375 - INFO -   Title: Republic of the Philippines vs. Amor Hachero and the Registe...
2025-12-06 18:06:56,760 - INFO -   Case already exists: RESTRUCTURED_DB/2016/may/200973.json
2025-12-06 18:06:57,261 - INFO - 
[1592/2500] Processing G.R. No. 201070
2025-12-06 18:06:57,261 - INFO -   Title: Luz S. Nicolas vs. Leonora C. Mariano...
2025-12-06 18:06:57,647 - INFO -   Case already exists: RESTRUCTURED_DB/2016/aug/201070.json
2025-12-06 18:06:58,147 - INFO - 
[1593/2500] Processing G.R. No. 201073
2025-12-06 18:06:58,147 - INFO -   Title: Philippine Airlines, Inc. vs PAL Employees Savings & Loan As...
2025-12-06 18:06:58,534 - INFO -   Case already exists: RESTRUCTURED_DB/2016/feb/201073.json
2025-12-06 18:06:59,034 - INFO - 
[1594/2500] Processing G.R. No. 201074
2025-12-06 18:06:59,035 - INFO -   Title: Spouses Ramon Sy and Anita Ng, Richard Sy, Josie Ong, Willia...
2025-12-06 18:06:59,244 - INFO -   Case already exists: RESTRUCTURED_DB/2016/oct/201074.json
2025-12-06 18:06:59,744 - INFO - 
[1595/2500] Processing G.R. No. 201106
2025-12-06 18:06:59,744 - INFO -   Title: People of the Philippines vs. Gerald Ballacillo...
2025-12-06 18:07:00,130 - INFO -   Case already exists: RESTRUCTURED_DB/2016/aug/201106.json
2025-12-06 18:07:00,630 - INFO - 
[1596/2500] Processing G.R. No. 201289
2025-12-06 18:07:00,631 - INFO -   Title: Spouses Rolando and Susie Golez vs. Heirs of Domingo Bertuld...
2025-12-06 18:07:00,849 - INFO -   Case already exists: RESTRUCTURED_DB/2016/may/201289.json
2025-12-06 18:07:01,349 - INFO - 
[1597/2500] Processing G.R. No. 201320
2025-12-06 18:07:01,350 - INFO -   Title: Wilson T. Lim vs. Office of the Deputy Ombudsman for the Mil...
2025-12-06 18:07:01,559 - INFO -   Case already exists: RESTRUCTURED_DB/2016/sep/201320.json
2025-12-06 18:07:02,059 - INFO - 
[1598/2500] Processing G.R. No. 201354
2025-12-06 18:07:02,059 - INFO -   Title: Pablo M. Padilla, Jr. and Maria Luisa P. Padilla vs. Leopold...
2025-12-06 18:07:02,447 - INFO -   Case already exists: RESTRUCTURED_DB/2016/sep/201354.json
2025-12-06 18:07:02,948 - INFO - 
[1599/2500] Processing G.R. No. 201436
2025-12-06 18:07:02,948 - INFO -   Title: Sps. Mamerto and Adelia Timado vs. Rural Bank of San Jose, I...
2025-12-06 18:07:03,166 - INFO -   Case already exists: RESTRUCTURED_DB/2016/jul/201436.json
2025-12-06 18:07:03,666 - INFO - 
[1600/2500] Processing G.R. No. 201501
2025-12-06 18:07:03,666 - INFO -   Title: Republic of the Philippines vs. N. Dela Merced & Sons, Inc./...
2025-12-06 18:07:04,488 - WARNING -   ✗ Could not fetch case from any URL
2025-12-06 18:07:04,488 - INFO - 
[1601/2500] Processing G.R. No. 201607
2025-12-06 18:07:04,488 - INFO -   Title: Hon. Cesar D. Buenaflor vs. Jose R. Ramirez, Jr....
2025-12-06 18:07:05,306 - WARNING -   ✗ Could not fetch case from any URL
2025-12-06 18:07:05,306 - INFO - 
[1602/2500] Processing G.R. No. 201834
2025-12-06 18:07:05,306 - INFO -   Title: Andres L. Dizon vs. Naess Shipping Philippines, Inc. and DOL...
2025-12-06 18:07:05,692 - INFO -   Case already exists: RESTRUCTURED_DB/2016/jun/201834.json
2025-12-06 18:07:06,192 - INFO - 
[1603/2500] Processing G.R. No. 201852
2025-12-06 18:07:06,192 - INFO -   Title: Roberto G. Rosales, et al. vs. Energy Regulatory Commission ...
2025-12-06 18:07:06,759 - INFO -   Case already exists: RESTRUCTURED_DB/2016/apr/201852.json
2025-12-06 18:07:07,259 - INFO - 
[1604/2500] Processing G.R. No. 201883
2025-12-06 18:07:07,259 - INFO -   Title: Sps. Desiderio and Teresa Domingo vs. Sps. Emmanuel and Tita...
2025-12-06 18:07:07,469 - INFO -   Case already exists: RESTRUCTURED_DB/2016/nov/201883.json
2025-12-06 18:07:07,969 - INFO - 
[1605/2500] Processing G.R. No. 201917
2025-12-06 18:07:07,969 - INFO -   Title: Zenaida P. Maamo and Juliet O. Silor vs. People of the Phili...
2025-12-06 18:07:08,359 - INFO -   Case already exists: RESTRUCTURED_DB/2016/dec/201917.json
2025-12-06 18:07:08,860 - INFO - 
[1606/2500] Processing G.R. No. 201927
2025-12-06 18:07:08,860 - INFO -   Title: Vicente D. Cabanting and Lalaine V. Cabanting vs BPI Family ...
2025-12-06 18:07:09,068 - INFO -   Case already exists: RESTRUCTURED_DB/2016/feb/201927.json
2025-12-06 18:07:09,569 - INFO - 
[1607/2500] Processing G.R. No. 202015
2025-12-06 18:07:09,569 - INFO -   Title: Antonio Valeroso and Allan Legatona vs. Skycable Corporation...
2025-12-06 18:07:09,955 - INFO -   Case already exists: RESTRUCTURED_DB/2016/jul/202015.json
2025-12-06 18:07:10,455 - INFO - 
[1608/2500] Processing G.R. No. 202050
2025-12-06 18:07:10,455 - INFO -   Title: Philippine National Oil Company and PNOC Dockyard & Engineer...
2025-12-06 18:07:10,846 - INFO -   Case already exists: RESTRUCTURED_DB/2016/jul/202050.json
2025-12-06 18:07:11,346 - INFO - 
[1609/2500] Processing G.R. No. 202051
2025-12-06 18:07:11,346 - INFO -   Title: Republic of the Philippines, et al. vs. Sps. Ildefonso B. Re...
2025-12-06 18:07:11,557 - INFO -   Case already exists: RESTRUCTURED_DB/2016/apr/202051.json
2025-12-06 18:07:12,057 - INFO - 
[1610/2500] Processing G.R. No. 202114
2025-12-06 18:07:12,057 - INFO -   Title: Elmer A. Apines vs. Elburg Shipmanagement Philippines, Inc.,...
2025-12-06 18:07:12,447 - INFO -   Case already exists: RESTRUCTURED_DB/2016/nov/202114.json
2025-12-06 18:07:12,947 - INFO - 
[1611/2500] Processing G.R. No. 202124
2025-12-06 18:07:12,947 - INFO -   Title: People of the Philippines vs. Ireneo Jugueta...
2025-12-06 18:07:13,342 - INFO -   Case already exists: RESTRUCTURED_DB/2016/apr/202124.json
2025-12-06 18:07:13,842 - INFO - 
[1612/2500] Processing G.R. No. 202176
2025-12-06 18:07:13,842 - INFO -   Title: Metropolitan Bank & Trust Company vs. Chuy Lu Tan, et al....
2025-12-06 18:07:14,051 - INFO -   Case already exists: RESTRUCTURED_DB/2016/aug/202176.json
2025-12-06 18:07:14,551 - INFO - 
[1613/2500] Processing G.R. No. 202187
2025-12-06 18:07:14,551 - INFO -   Title: People of the Philippines vs Eliseo D. Villamor...
2025-12-06 18:07:14,761 - INFO -   Case already exists: RESTRUCTURED_DB/2016/feb/202187.json
2025-12-06 18:07:15,261 - INFO - 
[1614/2500] Processing G.R. No. 202223
2025-12-06 18:07:15,261 - INFO -   Title: Joey R. Peña vs. Jesus Delos Santos and the Heirs of Rosita ...
2025-12-06 18:07:15,469 - INFO -   Case already exists: RESTRUCTURED_DB/2016/mar/202223.json
2025-12-06 18:07:15,970 - INFO - 
[1615/2500] Processing G.R. No. 202426
2025-12-06 18:07:15,970 - INFO -   Title: Gina Endaya vs. Ernesto V. Villaos...
2025-12-06 18:07:16,356 - INFO -   Case already exists: RESTRUCTURED_DB/2016/jan/202426.json
2025-12-06 18:07:16,856 - INFO - 
[1616/2500] Processing G.R. No. 202514
2025-12-06 18:07:16,856 - INFO -   Title: Anna Marie L. Gumabon vs. Philippine National Bank...
2025-12-06 18:07:17,244 - INFO -   Case already exists: RESTRUCTURED_DB/2016/jul/202514.json
2025-12-06 18:07:17,744 - INFO - 
[1617/2500] Processing G.R. No. 202531
2025-12-06 18:07:17,744 - INFO -   Title: Gomeco Metal Corporation vs. the Court of Appeals, et al....
2025-12-06 18:07:18,134 - INFO -   Case already exists: RESTRUCTURED_DB/2016/aug/202531.json
2025-12-06 18:07:18,634 - INFO - 
[1618/2500] Processing G.R. No. 202618
2025-12-06 18:07:18,634 - INFO -   Title: Consular Area Residents Association, Inc. vs. Arnel Paciano ...
2025-12-06 18:07:18,847 - INFO -   Case already exists: RESTRUCTURED_DB/2016/apr/202618.json
2025-12-06 18:07:19,347 - INFO - 
[1619/2500] Processing G.R. No. 202621
2025-12-06 18:07:19,347 - INFO -   Title: Zaida R. Inocente vs. St. Vincent Foundation for Children an...
2025-12-06 18:07:19,736 - INFO -   Case already exists: RESTRUCTURED_DB/2016/jun/202621.json
2025-12-06 18:07:20,236 - INFO - 
[1620/2500] Processing G.R. No. 202639
2025-12-06 18:07:20,236 - INFO -   Title: Federated LPG Dealers Association vs. Ms. Cristina L. Del Ro...
2025-12-06 18:07:20,623 - INFO -   Case already exists: RESTRUCTURED_DB/2016/nov/202639.json
2025-12-06 18:07:21,124 - INFO - 
[1621/2500] Processing G.R. No. 202695
2025-12-06 18:07:21,124 - INFO -   Title: Commissioner of Internal Revenue vs GJM Philippines Manufact...
2025-12-06 18:07:21,340 - INFO -   Case already exists: RESTRUCTURED_DB/2016/feb/202695.json
2025-12-06 18:07:21,840 - INFO - 
[1622/2500] Processing G.R. No. 202808
2025-12-06 18:07:21,840 - INFO -   Title: Eduardo C. Silangan vs. Southfield Agencies, Inc., et al....
2025-12-06 18:07:22,226 - INFO -   Case already exists: RESTRUCTURED_DB/2016/aug/202808.json
2025-12-06 18:07:22,726 - INFO - 
[1623/2500] Processing G.R. No. 202830
2025-12-06 18:07:22,726 - INFO -   Title: Sps. Adriano Salise and Natividad Pagudar, et al. vs. Depart...
2025-12-06 18:07:23,112 - INFO -   Case already exists: RESTRUCTURED_DB/2016/jun/202830.json
2025-12-06 18:07:23,612 - INFO - 
[1624/2500] Processing G.R. No. 203005
2025-12-06 18:07:23,612 - INFO -   Title: Tabuk Multi-Purpose Cooperative, Inc. (TAMPCO), et al. vs. M...
2025-12-06 18:07:24,000 - INFO -   Case already exists: RESTRUCTURED_DB/2016/mar/203005.json
2025-12-06 18:07:24,500 - INFO - 
[1625/2500] Processing G.R. No. 203075
2025-12-06 18:07:24,500 - INFO -   Title: Milagros Diaz, et al. vs. Spouses Gaundencio Punzalan and Te...
2025-12-06 18:07:24,711 - INFO -   Case already exists: RESTRUCTURED_DB/2016/mar/203075.json
2025-12-06 18:07:25,212 - INFO - 
[1626/2500] Processing G.R. No. 203152
2025-12-06 18:07:25,212 - INFO -   Title: Georgia Royo Adlawan vs. Nicetas I. Joaquino, et al....
2025-12-06 18:07:26,165 - INFO -   Case already exists: RESTRUCTURED_DB/2016/jun/203152.json
2025-12-06 18:07:26,665 - INFO - 
[1627/2500] Processing G.R. No. 203179
2025-12-06 18:07:26,665 - INFO -   Title: Techno Development & Chemical Corporation vs. Viking Metal I...
2025-12-06 18:07:27,058 - INFO -   Case already exists: RESTRUCTURED_DB/2016/jul/203179.json
2025-12-06 18:07:27,558 - INFO - 
[1628/2500] Processing G.R. No. 203192
2025-12-06 18:07:27,558 - INFO -   Title: IBM Philippines, Inc. vs. Prime Systems Plus, Inc....
2025-12-06 18:07:27,771 - INFO -   Case already exists: RESTRUCTURED_DB/2016/aug/203192.json
2025-12-06 18:07:28,271 - INFO - 
[1629/2500] Processing G.R. No. 203284
2025-12-06 18:07:28,271 - INFO -   Title: Nicolas S. Matudan vs. Republic of the Philippines and Maril...
2025-12-06 18:07:28,665 - INFO -   Case already exists: RESTRUCTURED_DB/2016/nov/203284.json
2025-12-06 18:07:29,166 - INFO - 
[1630/2500] Processing G.R. No. 203293
2025-12-06 18:07:29,166 - INFO -   Title: People of the Philippines vs. Mardan Ameril...
2025-12-06 18:07:29,386 - INFO -   Case already exists: RESTRUCTURED_DB/2016/nov/203293.json
2025-12-06 18:07:29,886 - INFO - 
[1631/2500] Processing G.R. No. 203322
2025-12-06 18:07:29,886 - INFO -   Title: People of the Philippines vs Reman Sariego...
2025-12-06 18:07:30,280 - INFO -   Case already exists: RESTRUCTURED_DB/2016/feb/203322.json
2025-12-06 18:07:30,780 - INFO - 
[1632/2500] Processing G.R. No. 203380
2025-12-06 18:07:30,780 - INFO -   Title: Victoria Echanes vs. Sps. Patricio Hailar and Adoracion Hail...
2025-12-06 18:07:31,614 - WARNING -   ✗ Could not fetch case from any URL
2025-12-06 18:07:31,614 - INFO - 
[1633/2500] Processing G.R. No. 203527
2025-12-06 18:07:31,614 - INFO -   Title: Sps. Aurelio Hiteroza and Cynthia Hiteroza vs. Charito S. Cr...
2025-12-06 18:07:32,007 - INFO -   Case already exists: RESTRUCTURED_DB/2016/jun/203527.json
2025-12-06 18:07:32,508 - INFO - 
[1634/2500] Processing G.R. No. 203538
2025-12-06 18:07:32,508 - INFO -   Title: Artex Development Co., Inc. vs. Office of the Ombudsman, et ...
2025-12-06 18:07:32,902 - INFO -   Case already exists: RESTRUCTURED_DB/2016/jun/203538.json
2025-12-06 18:07:33,402 - INFO - 
[1635/2500] Processing G.R. No. 203576
2025-12-06 18:07:33,403 - INFO -   Title: Naga Centrum, Inc. vs. Spouses Ramon J. Orzales and Nenita F...
2025-12-06 18:07:33,795 - INFO -   Case already exists: RESTRUCTURED_DB/2016/sep/203576.json
2025-12-06 18:07:34,295 - INFO - 
[1636/2500] Processing G.R. No. 203642
2025-12-06 18:07:34,296 - INFO -   Title: Thomasites Center for International Studies (TCIS)...
2025-12-06 18:07:34,508 - INFO -   Case already exists: RESTRUCTURED_DB/2016/jan/203642.json
2025-12-06 18:07:35,008 - INFO - 
[1637/2500] Processing G.R. No. 203657
2025-12-06 18:07:35,009 - INFO -   Title: Aileen Angela S. Alfornon vs. Rodulfo Delos Santos and Edsel...
2025-12-06 18:07:35,402 - INFO -   Case already exists: RESTRUCTURED_DB/2016/jul/203657.json
2025-12-06 18:07:35,902 - INFO - 
[1638/2500] Processing G.R. No. 203750
2025-12-06 18:07:35,903 - INFO -   Title: Jorge B. Navarra vs. People of the Philippines, Hongkong and...
2025-12-06 18:07:36,114 - INFO -   Case already exists: RESTRUCTURED_DB/2016/jun/203750.json
2025-12-06 18:07:36,614 - INFO - 
[1639/2500] Processing G.R. No. 203770
2025-12-06 18:07:36,615 - INFO -   Title: Manuela Azucena Mayor vs. Edwin Tiu and Damiana Charito Mart...
2025-12-06 18:07:37,009 - INFO -   Case already exists: RESTRUCTURED_DB/2016/nov/203770.json
2025-12-06 18:07:37,509 - INFO - 
[1640/2500] Processing G.R. No. 203924
2025-12-06 18:07:37,509 - INFO -   Title: Roger Cabuhat and Conchita Cabuhat vs. Development Bank of t...
2025-12-06 18:07:37,721 - INFO -   Case already exists: RESTRUCTURED_DB/2016/jun/203924.json
2025-12-06 18:07:38,221 - INFO - 
[1641/2500] Processing G.R. No. 203932
2025-12-06 18:07:38,221 - INFO -   Title: Philippine Airlines, Inc. vs. Enrique Ligan, et al....
2025-12-06 18:07:38,614 - INFO -   Case already exists: RESTRUCTURED_DB/2016/jun/203932.json
2025-12-06 18:07:39,114 - INFO - 
[1642/2500] Processing G.R. No. 203949
2025-12-06 18:07:39,115 - INFO -   Title: Sps. George A. Gallent, Sr. and Mercedes M. Gallent vs. Juan...
2025-12-06 18:07:39,510 - INFO -   Case already exists: RESTRUCTURED_DB/2016/apr/203949.json
2025-12-06 18:07:40,010 - INFO - 
[1643/2500] Processing G.R. No. 204063
2025-12-06 18:07:40,010 - INFO -   Title: People of the Philippines vs. Dr. David A. Sobrepeña, et al....
2025-12-06 18:07:40,221 - INFO -   Case already exists: RESTRUCTURED_DB/2016/dec/204063.json
2025-12-06 18:07:40,721 - INFO - 
[1644/2500] Processing G.R. No. 204197
2025-12-06 18:07:40,721 - INFO -   Title: Freuhauf Electronics Philippines Corporation vs. Technology ...
2025-12-06 18:07:41,302 - INFO -   Case already exists: RESTRUCTURED_DB/2016/nov/204197.json
2025-12-06 18:07:41,802 - INFO - 
[1645/2500] Processing G.R. No. 204222
2025-12-06 18:07:41,802 - INFO -   Title: Neptune Metal Scrap Recycling, Inc. vs. Manila Electric Comp...
2025-12-06 18:07:42,020 - INFO -   Case already exists: RESTRUCTURED_DB/2016/jul/204222.json
2025-12-06 18:07:42,520 - INFO - 
[1646/2500] Processing G.R. No. 204264
2025-12-06 18:07:42,520 - INFO -   Title: Jennefer Figuera vs. Maria Remedios Ang...
2025-12-06 18:07:42,913 - INFO -   Case already exists: RESTRUCTURED_DB/2016/jun/204264.json
2025-12-06 18:07:43,413 - INFO - 
[1647/2500] Processing G.R. No. 204267
2025-12-06 18:07:43,413 - INFO -   Title: Luz S. Almeda vs. Office of the Ombudsman and the People of ...
2025-12-06 18:07:43,807 - INFO -   Case already exists: RESTRUCTURED_DB/2016/jul/204267.json
2025-12-06 18:07:44,307 - INFO - 
[1648/2500] Processing G.R. No. 204277
2025-12-06 18:07:44,307 - INFO -   Title: Procter and Gamble Asia Pte Ltd vs. Commissioner of Internal...
2025-12-06 18:07:44,519 - INFO -   Case already exists: RESTRUCTURED_DB/2016/may/204277.json
2025-12-06 18:07:45,019 - INFO - 
[1649/2500] Processing G.R. No. 204280
2025-12-06 18:07:45,019 - INFO -   Title: Evelyn V. Ruiz vs. Bernardo F. Dimailig...
2025-12-06 18:07:45,231 - INFO -   Case already exists: RESTRUCTURED_DB/2016/nov/204280.json
2025-12-06 18:07:45,732 - INFO - 
[1650/2500] Processing G.R. No. 204314
2025-12-06 18:07:45,732 - INFO -   Title: Heirs of Danilo Arrienda, Rosa G. Arienda, et al. vs. Rosari...
2025-12-06 18:07:45,943 - INFO -   Case already exists: RESTRUCTURED_DB/2016/apr/204314.json
2025-12-06 18:07:46,443 - INFO - 
[1651/2500] Processing G.R. No. 204325
2025-12-06 18:07:46,443 - INFO -   Title: Lynman Bacolor, et al. vs. VL Makabali Memorial Hospital, In...
2025-12-06 18:07:46,836 - INFO -   Case already exists: RESTRUCTURED_DB/2016/apr/204325.json
2025-12-06 18:07:47,336 - INFO - 
[1652/2500] Processing G.R. No. 204419
2025-12-06 18:07:47,336 - INFO -   Title: People of the Philippines vs. Hon. Edmar P. Castillo, Sr. an...
2025-12-06 18:07:47,548 - INFO -   Case already exists: RESTRUCTURED_DB/2016/nov/204419.json
2025-12-06 18:07:48,048 - INFO - 
[1653/2500] Processing G.R. No. 204422
2025-12-06 18:07:48,048 - INFO -   Title: Jesus B. Villamor vs. Employees' Compensation Commission (EC...
2025-12-06 18:07:48,442 - INFO -   Case already exists: RESTRUCTURED_DB/2016/nov/204422.json
2025-12-06 18:07:48,942 - INFO - 
[1654/2500] Processing G.R. No. 204423
2025-12-06 18:07:48,942 - INFO -   Title: Philippine Science High School-Cagayan Valley Campus vs. Pir...
2025-12-06 18:07:49,336 - INFO -   Case already exists: RESTRUCTURED_DB/2016/sep/204423.json
2025-12-06 18:07:49,837 - INFO - 
[1655/2500] Processing G.R. No. 204441
2025-12-06 18:07:49,837 - INFO -   Title: People of Philippines vs. Michael Kurt John Bulawan y Andale...
2025-12-06 18:07:50,050 - INFO -   Case already exists: RESTRUCTURED_DB/2016/jun/204441.json
2025-12-06 18:07:50,550 - INFO - 
[1656/2500] Processing G.R. No. 204494
2025-12-06 18:07:50,550 - INFO -   Title: Jo-Ann Diaz-Salgado and Dr. Gerard C. Salgado vs. Luis G. An...
2025-12-06 18:07:50,946 - INFO -   Case already exists: RESTRUCTURED_DB/2016/jul/204494.json
2025-12-06 18:07:51,446 - INFO - 
[1657/2500] Processing G.R. No. 204605
2025-12-06 18:07:51,446 - INFO -   Title: Intellectual Property Association of the Philippines vs. Hon...
2025-12-06 18:07:51,659 - INFO -   Case already exists: RESTRUCTURED_DB/2016/jul/204605.json
2025-12-06 18:07:52,160 - INFO - 
[1658/2500] Processing G.R. No. 204620
2025-12-06 18:07:52,160 - INFO -   Title: Rowena A. Santos vs. Integrated Pharmaceutical, Inc. and Kat...
2025-12-06 18:07:52,372 - INFO -   Case already exists: RESTRUCTURED_DB/2016/jul/204620.json
2025-12-06 18:07:52,872 - INFO - 
[1659/2500] Processing G.R. No. 204659
2025-12-06 18:07:52,872 - INFO -   Title: Jester Mabunot vs. People of the Philippines...
2025-12-06 18:07:53,091 - INFO -   Case already exists: RESTRUCTURED_DB/2016/sep/204659.json
2025-12-06 18:07:53,591 - INFO - 
[1660/2500] Processing G.R. No. 204693
2025-12-06 18:07:53,591 - INFO -   Title: Guagua National Colleges vs. Guagua National Colleges Facult...
2025-12-06 18:07:53,986 - INFO -   Case already exists: RESTRUCTURED_DB/2016/jul/204693.json
2025-12-06 18:07:54,487 - INFO - 
[1661/2500] Processing G.R. No. 204736
2025-12-06 18:07:54,487 - INFO -   Title: Manulife Philippines, Inc. vs. Hermenegilda Ybañez...
2025-12-06 18:07:54,706 - INFO -   Case already exists: RESTRUCTURED_DB/2016/nov/204736.json
2025-12-06 18:07:55,206 - INFO - 
[1662/2500] Processing G.R. No. 204750
2025-12-06 18:07:55,206 - INFO -   Title: Susan D. Capili vs. Philippine National Bank...
2025-12-06 18:07:55,600 - INFO -   Case already exists: RESTRUCTURED_DB/2016/jul/204750.json
2025-12-06 18:07:56,100 - INFO - 
[1663/2500] Processing G.R. No. 204873
2025-12-06 18:07:56,100 - INFO -   Title: Esther Pascual vs. People of the Philippines...
2025-12-06 18:07:56,318 - INFO -   Case already exists: RESTRUCTURED_DB/2016/jul/204873.json
2025-12-06 18:07:56,818 - INFO - 
[1664/2500] Processing G.R. No. 204891
2025-12-06 18:07:56,818 - INFO -   Title: People of the Philippines vs. Reynaldo Abayon y Aponte...
2025-12-06 18:07:57,029 - INFO -   Case already exists: RESTRUCTURED_DB/2016/sep/204891.json
2025-12-06 18:07:57,529 - INFO - 
[1665/2500] Processing G.R. No. 204899
2025-12-06 18:07:57,529 - INFO -   Title: Heirs of Babai Guiambangan vs. Municipality of Kalamansig, S...
2025-12-06 18:07:57,924 - INFO -   Case already exists: RESTRUCTURED_DB/2016/jul/204899.json
2025-12-06 18:07:58,424 - INFO - 
[1666/2500] Processing G.R. No. 204965
2025-12-06 18:07:58,424 - INFO -   Title: Spouses Romulo H. Espiritu and Evelyn Espiritu vs. Spouses N...
2025-12-06 18:07:58,637 - INFO -   Case already exists: RESTRUCTURED_DB/2016/mar/204965.json
2025-12-06 18:07:59,137 - INFO - 
[1667/2500] Processing G.R. No. 204970
2025-12-06 18:07:59,137 - INFO -   Title: Spouses Claudio and Carmencita Trayvilla vs Bernardo Sejas a...
2025-12-06 18:07:59,530 - INFO -   Case already exists: RESTRUCTURED_DB/2016/feb/204970.json
2025-12-06 18:08:00,030 - INFO - 
[1668/2500] Processing G.R. No. 205002
2025-12-06 18:08:00,030 - INFO -   Title: Commissioner of Customs, Collector of Customs of the Port of...
2025-12-06 18:08:00,424 - INFO -   Case already exists: RESTRUCTURED_DB/2016/apr/205002.json
2025-12-06 18:08:00,924 - INFO - 
[1669/2500] Processing G.R. No. 205004
2025-12-06 18:08:00,924 - INFO -   Title: Sps. Ernesto Ibias, Sr. and Gonigonda Ibias vs. Benita Perez...
2025-12-06 18:08:01,135 - INFO -   Case already exists: RESTRUCTURED_DB/2016/aug/205004.json
2025-12-06 18:08:01,636 - INFO - 
[1670/2500] Processing G.R. No. 205010
2025-12-06 18:08:01,636 - INFO -   Title: Petron Gasul Lpg Dealers Association and Total Gaz Lpg Deale...
2025-12-06 18:08:02,029 - INFO -   Case already exists: RESTRUCTURED_DB/2016/jul/205010.json
2025-12-06 18:08:02,529 - INFO - 
[1671/2500] Processing G.R. No. 205035
2025-12-06 18:08:02,529 - INFO -   Title: Sps. Gemino C. Miano, Jr. and Juliet Miano vs. Manila Electr...
2025-12-06 18:08:02,746 - INFO -   Case already exists: RESTRUCTURED_DB/2016/nov/205035.json
2025-12-06 18:08:03,246 - INFO - 
[1672/2500] Processing G.R. No. 205148
2025-12-06 18:08:03,246 - INFO -   Title: People of the Philippines vs. Ramil Prudencio y Bajamonde...
2025-12-06 18:08:03,640 - INFO -   Case already exists: RESTRUCTURED_DB/2016/nov/205148.json
2025-12-06 18:08:04,141 - INFO - 
[1673/2500] Processing G.R. No. 205200
2025-12-06 18:08:04,141 - INFO -   Title: People of the Philippines vs. Leonardo Cruz y Roco...
2025-12-06 18:08:04,535 - INFO -   Case already exists: RESTRUCTURED_DB/2016/sep/205200.json
2025-12-06 18:08:05,035 - INFO - 
[1674/2500] Processing G.R. No. 205206
2025-12-06 18:08:05,035 - INFO -   Title: Bank of the Philippine Islands and FGU Insurance Corporation...
2025-12-06 18:08:06,156 - INFO -   Case already exists: RESTRUCTURED_DB/2016/mar/205206.json
2025-12-06 18:08:06,657 - INFO - 
[1675/2500] Processing G.R. No. 205573
2025-12-06 18:08:06,657 - INFO -   Title: Helen Lorenzo Cunanan vs. Court of Appeals, et al....
2025-12-06 18:08:07,049 - INFO -   Case already exists: RESTRUCTURED_DB/2016/aug/205573.json
2025-12-06 18:08:07,550 - INFO - 
[1676/2500] Processing G.R. No. 205623
2025-12-06 18:08:07,550 - INFO -   Title: Conchita A. Sonley vs. Anchor Savings Bank/Equicom Savings B...
2025-12-06 18:08:07,942 - INFO -   Case already exists: RESTRUCTURED_DB/2016/aug/205623.json
2025-12-06 18:08:08,442 - INFO - 
[1677/2500] Processing G.R. No. 205703
2025-12-06 18:08:08,442 - INFO -   Title: Industrial Personnel & Management Services, Inc. (IPAMS), et...
2025-12-06 18:08:08,836 - INFO -   Case already exists: RESTRUCTURED_DB/2016/mar/205703.json
2025-12-06 18:08:09,337 - INFO - 
[1678/2500] Processing G.R. No. 205711
2025-12-06 18:08:09,337 - INFO -   Title: Pedro De Leon vs. Nenita De Leon-Reyes, Jesus Reyes, Myeth R...
2025-12-06 18:08:09,730 - INFO -   Case already exists: RESTRUCTURED_DB/2016/may/205711.json
2025-12-06 18:08:10,230 - INFO - 
[1679/2500] Processing G.R. No. 205721
2025-12-06 18:08:10,230 - INFO -   Title: Harte-Hanks Philippines, Inc. vs. Commissioner of Internal R...
2025-12-06 18:08:10,622 - INFO -   Case already exists: RESTRUCTURED_DB/2016/sep/205721.json
2025-12-06 18:08:11,122 - INFO - 
[1680/2500] Processing G.R. No. 205728
2025-12-06 18:08:11,122 - INFO -   Title: The Diocese of Bacolod vs. Commission on Elections Dissentin...
2025-12-06 18:08:11,514 - INFO -   Case already exists: RESTRUCTURED_DB/2016/jul/205728.json
2025-12-06 18:08:12,015 - INFO - 
[1681/2500] Processing G.R. No. 205764
2025-12-06 18:08:12,015 - INFO -   Title: People of the Philippines vs Lee Quijano Enad...
2025-12-06 18:08:12,589 - INFO -   Case already exists: RESTRUCTURED_DB/2016/feb/205764.json
2025-12-06 18:08:13,090 - INFO - 
[1682/2500] Processing G.R. No. 205814
2025-12-06 18:08:13,090 - INFO -   Title: Spouses Alfredo Teaño and Veronica Teaño vs the Municipality...
2025-12-06 18:08:13,483 - INFO -   Case already exists: RESTRUCTURED_DB/2016/feb/205814.json
2025-12-06 18:08:13,983 - INFO - 
[1683/2500] Processing G.R. No. 205839
2025-12-06 18:08:13,983 - INFO -   Title: Land Bank of the Philippines vs. Narciso L. Kho/Ma. Lorena F...
2025-12-06 18:08:14,377 - INFO -   Case already exists: RESTRUCTURED_DB/2016/jul/205839.json
2025-12-06 18:08:14,877 - INFO - 
[1684/2500] Processing G.R. No. 205966
2025-12-06 18:08:14,877 - INFO -   Title: Bangko Sentral ng Pilipinas vs. Feliciano P. Legaspi...
2025-12-06 18:08:15,269 - INFO -   Case already exists: RESTRUCTURED_DB/2016/mar/205966.json
2025-12-06 18:08:15,769 - INFO - 
[1685/2500] Processing G.R. No. 205972
2025-12-06 18:08:15,769 - INFO -   Title: Caterpillar, Inc. vs. Manolo P. Samson/Caterpillar, Inc. vs....
2025-12-06 18:08:16,345 - INFO -   Case already exists: RESTRUCTURED_DB/2016/nov/205972.json
2025-12-06 18:08:16,846 - INFO - 
[1686/2500] Processing G.R. No. 206054
2025-12-06 18:08:16,846 - INFO -   Title: People of the Philippines vs. Minnie Tumulak y Cuenca...
2025-12-06 18:08:17,238 - INFO -   Case already exists: RESTRUCTURED_DB/2016/jul/206054.json
2025-12-06 18:08:17,738 - INFO - 
[1687/2500] Processing G.R. No. 206227
2025-12-06 18:08:17,738 - INFO -   Title: People of the Philippines vs. Stanley Buenamer y Mandane...
2025-12-06 18:08:18,135 - INFO -   Case already exists: RESTRUCTURED_DB/2016/aug/206227.json
2025-12-06 18:08:18,635 - INFO - 
[1688/2500] Processing G.R. No. 206256
2025-12-06 18:08:18,635 - INFO -   Title: Albert C. Austria vs Crystal Shipping, Inc., et al....
2025-12-06 18:08:19,028 - INFO -   Case already exists: RESTRUCTURED_DB/2016/feb/206256.json
2025-12-06 18:08:19,528 - INFO - 
[1689/2500] Processing G.R. No. 206294
2025-12-06 18:08:19,528 - INFO -   Title: People of the Philippines vs. Cerilo "Iloy" Ilogon...
2025-12-06 18:08:19,921 - INFO -   Case already exists: RESTRUCTURED_DB/2016/jun/206294.json
2025-12-06 18:08:20,421 - INFO - 
[1690/2500] Processing G.R. No. 206419
2025-12-06 18:08:20,421 - INFO -   Title: People of the Philippines vs. Ruben Dela Rosa...
2025-12-06 18:08:20,995 - INFO -   Case already exists: RESTRUCTURED_DB/2016/jun/206419.json
2025-12-06 18:08:21,495 - INFO - 
[1691/2500] Processing G.R. No. 206425
2025-12-06 18:08:21,495 - INFO -   Title: Vilma N. Clave vs. Office of the Ombudsman [Visayas], Cebu C...
2025-12-06 18:08:21,888 - INFO -   Case already exists: RESTRUCTURED_DB/2016/dec/206425.json
2025-12-06 18:08:22,388 - INFO - 
[1692/2500] Processing G.R. No. 206451
2025-12-06 18:08:22,388 - INFO -   Title: Elpidio Magno, et al. vs. Lorenzo Magno, et al....
2025-12-06 18:08:23,146 - INFO -   Case already exists: RESTRUCTURED_DB/2016/aug/206451.json
2025-12-06 18:08:23,646 - INFO - 
[1693/2500] Processing G.R. No. 206459
2025-12-06 18:08:23,646 - INFO -   Title: Sps. Florante E. Jonsay, et al. vs. Solidbank Corporation...
2025-12-06 18:08:24,405 - INFO -   Case already exists: RESTRUCTURED_DB/2016/apr/206459.json
2025-12-06 18:08:24,905 - INFO - 
[1694/2500] Processing G.R. No. 206484
2025-12-06 18:08:24,905 - INFO -   Title: Department of Transportation and Communication (DOTC) vs. Sp...
2025-12-06 18:08:25,298 - INFO -   Case already exists: RESTRUCTURED_DB/2016/jun/206484.json
2025-12-06 18:08:25,798 - INFO - 
[1695/2500] Processing G.R. No. 206522
2025-12-06 18:08:25,798 - INFO -   Title: Doehle-Philman Manning Agency Inc., et al. vs. Henry C. Haro...
2025-12-06 18:08:26,192 - INFO -   Case already exists: RESTRUCTURED_DB/2016/apr/206522.json
2025-12-06 18:08:26,692 - INFO - 
[1696/2500] Processing G.R. No. 206528
2025-12-06 18:08:26,692 - INFO -   Title: Philippine Asset Growth Two, Inc. and Planters Development B...
2025-12-06 18:08:27,453 - INFO -   Case already exists: RESTRUCTURED_DB/2016/jun/206528.json
2025-12-06 18:08:27,953 - INFO - 
[1697/2500] Processing G.R. No. 206629
2025-12-06 18:08:27,953 - INFO -   Title: Narciso T. Matis vs. Manila Electric Company...
2025-12-06 18:08:28,346 - INFO -   Case already exists: RESTRUCTURED_DB/2016/sep/206629.json
2025-12-06 18:08:28,846 - INFO - 
[1698/2500] Processing G.R. No. 206649
2025-12-06 18:08:28,846 - INFO -   Title: Forest Hells Golf and Country Club, Inc. vs. Fil-Estate Prop...
2025-12-06 18:08:29,239 - INFO -   Case already exists: RESTRUCTURED_DB/2016/jul/206649.json
2025-12-06 18:08:29,739 - INFO - 
[1699/2500] Processing G.R. No. 206690
2025-12-06 18:08:29,740 - INFO -   Title: Bario Fiesta Restaurant, et al. vs. Helen C. Beronia...
2025-12-06 18:08:30,316 - INFO -   Case already exists: RESTRUCTURED_DB/2016/jul/206690.json
2025-12-06 18:08:30,816 - INFO - 
[1700/2500] Processing G.R. No. 206758
2025-12-06 18:08:30,816 - INFO -   Title: Maricel S. Nonay vs Bahia Shipping Servives, Inc., et al....
2025-12-06 18:08:31,394 - INFO -   Case already exists: RESTRUCTURED_DB/2016/feb/206758.json
2025-12-06 18:08:31,895 - INFO - 
[1701/2500] Processing G.R. No. 206766
2025-12-06 18:08:31,895 - INFO -   Title: People of the Philippines vs. Eduardo Yepes...
2025-12-06 18:08:32,287 - INFO -   Case already exists: RESTRUCTURED_DB/2016/apr/206766.json
2025-12-06 18:08:32,788 - INFO - 
[1702/2500] Processing G.R. No. 206779
2025-12-06 18:08:32,788 - INFO -   Title: Levi Strauss & Co. vs. Atty. Ricardo R. Blancaflor, in his o...
2025-12-06 18:08:33,181 - INFO -   Case already exists: RESTRUCTURED_DB/2016/apr/206779.json
2025-12-06 18:08:33,681 - INFO - 
[1703/2500] Processing G.R. No. 206808
2025-12-06 18:08:33,681 - INFO -   Title: Local Water Utilities Administration Employees Association f...
2025-12-06 18:08:34,074 - INFO -   Case already exists: RESTRUCTURED_DB/2016/sep/183869.json
2025-12-06 18:08:34,574 - INFO - 
[1704/2500] Processing G.R. No. 206878
2025-12-06 18:08:34,574 - INFO -   Title: People of the Philippines vs. Marcelino Caga y Fabre...
2025-12-06 18:08:34,967 - INFO -   Case already exists: RESTRUCTURED_DB/2016/aug/206878.json
2025-12-06 18:08:35,467 - INFO - 
[1705/2500] Processing G.R. No. 206880
2025-12-06 18:08:35,467 - INFO -   Title: People of the Philippines vs. Enrique Miranda, Jr. y Paña an...
2025-12-06 18:08:35,859 - INFO -   Case already exists: RESTRUCTURED_DB/2016/jun/206880.json
2025-12-06 18:08:36,359 - INFO - 
[1706/2500] Processing G.R. No. 206888
2025-12-06 18:08:36,359 - INFO -   Title: People of the Philippines vs. Maritess Cayas y Calitis...
2025-12-06 18:08:36,752 - INFO -   Case already exists: RESTRUCTURED_DB/2016/jul/206888.json
2025-12-06 18:08:37,252 - INFO - 
[1707/2500] Processing G.R. No. 206906
2025-12-06 18:08:37,252 - INFO -   Title: People of the Philippines vs. Flordilina Ramos...
2025-12-06 18:08:37,645 - INFO -   Case already exists: RESTRUCTURED_DB/2016/jul/206906.json
2025-12-06 18:08:38,145 - INFO - 
[1708/2500] Processing G.R. No. 206927
2025-12-06 18:08:38,146 - INFO -   Title: People of the Philippines vs. Darius Reniedo y Caulan...
2025-12-06 18:08:38,538 - INFO -   Case already exists: RESTRUCTURED_DB/2016/jul/206927.json
2025-12-06 18:08:39,039 - INFO - 
[1709/2500] Processing G.R. No. 206936
2025-12-06 18:08:39,039 - INFO -   Title: Picop Resources, Inc. vs. Social Security Commission and Mat...
2025-12-06 18:08:39,431 - INFO -   Case already exists: RESTRUCTURED_DB/2016/aug/206936.json
2025-12-06 18:08:39,932 - INFO - 
[1710/2500] Processing G.R. No. 207147
2025-12-06 18:08:39,932 - INFO -   Title: Emelita Basilio Gan vs. Republic of the Philippines...
2025-12-06 18:08:40,143 - INFO -   Case already exists: RESTRUCTURED_DB/2016/sep/207147.json
2025-12-06 18:08:40,643 - INFO - 
[1711/2500] Processing G.R. No. 207231
2025-12-06 18:08:40,643 - INFO -   Title: People of the Philippines vs. Roger Galagati y Gardoce...
2025-12-06 18:08:41,038 - INFO -   Case already exists: RESTRUCTURED_DB/2016/jun/207231.json
2025-12-06 18:08:41,538 - INFO - 
[1712/2500] Processing G.R. No. 207246
2025-12-06 18:08:41,538 - INFO -   Title: Jose M. Roy III vs. Chairperson Teresita Herbosa, the Securi...
2025-12-06 18:08:42,299 - INFO -   Case already exists: RESTRUCTURED_DB/2016/nov/207246.json
2025-12-06 18:08:42,799 - INFO - 
[1713/2500] Processing G.R. No. 207315
2025-12-06 18:08:42,799 - INFO -   Title: Interadent Zahntechnik Philippines, Inc., et al. vs. Rebecca...
2025-12-06 18:08:43,193 - INFO -   Case already exists: RESTRUCTURED_DB/2016/nov/207315.json
2025-12-06 18:08:43,693 - INFO - 
[1714/2500] Processing G.R. No. 207342
2025-12-06 18:08:43,693 - INFO -   Title: Government of Hongkong Special Administrative Region vs. Jua...
2025-12-06 18:08:44,087 - INFO -   Case already exists: RESTRUCTURED_DB/2016/aug/207342.json
2025-12-06 18:08:44,587 - INFO - 
[1715/2500] Processing G.R. No. 207355
2025-12-06 18:08:44,587 - INFO -   Title: Jennifer Agustin-Se, et al. vs Office of the President repre...
2025-12-06 18:08:44,981 - INFO -   Case already exists: RESTRUCTURED_DB/2016/feb/207355.json
2025-12-06 18:08:45,482 - INFO - 
[1716/2500] Processing G.R. No. 207389
2025-12-06 18:08:45,482 - INFO -   Title: People of the Philippines vs Federico Dela Cruz y Santos...
2025-12-06 18:08:45,693 - INFO -   Case already exists: RESTRUCTURED_DB/2016/feb/207389.json
2025-12-06 18:08:46,193 - INFO - 
[1717/2500] Processing G.R. No. 207408
2025-12-06 18:08:46,193 - INFO -   Title: Heirs of Felino M. Timbol, Jr., et al. vs. Philippine Nation...
2025-12-06 18:08:46,587 - INFO -   Case already exists: RESTRUCTURED_DB/2016/apr/207408.json
2025-12-06 18:08:47,087 - INFO - 
[1718/2500] Processing G.R. No. 207500
2025-12-06 18:08:47,087 - INFO -   Title: Efren S. Quesada, et al. vs. Bonanza Restaurants, Inc....
2025-12-06 18:08:47,481 - INFO -   Case already exists: RESTRUCTURED_DB/2016/nov/207500.json
2025-12-06 18:08:47,981 - INFO - 
[1719/2500] Processing G.R. No. 207517
2025-12-06 18:08:47,981 - INFO -   Title: People of the Philippines vs. Raul Amaro y Catubay...
2025-12-06 18:08:48,194 - INFO -   Case already exists: RESTRUCTURED_DB/2016/jun/207517.json
2025-12-06 18:08:48,694 - INFO - 
[1720/2500] Processing G.R. No. 207586
2025-12-06 18:08:48,694 - INFO -   Title: AFP Retirement and Separation Benefits System (AFPRSBS) vs. ...
2025-12-06 18:08:48,906 - INFO -   Case already exists: RESTRUCTURED_DB/2016/aug/207586.json
2025-12-06 18:08:49,406 - INFO - 
[1721/2500] Processing G.R. No. 207659
2025-12-06 18:08:49,406 - INFO -   Title: People of the Philippines vs. Fundador Camposano y Tiolanto ...
2025-12-06 18:08:49,799 - INFO -   Case already exists: RESTRUCTURED_DB/2016/apr/207659.json
2025-12-06 18:08:50,300 - INFO - 
[1722/2500] Processing G.R. No. 207662
2025-12-06 18:08:50,300 - INFO -   Title: People of the Philippines vs. Fabian Urzais y Lanurias, et a...
2025-12-06 18:08:50,693 - INFO -   Case already exists: RESTRUCTURED_DB/2016/apr/207662.json
2025-12-06 18:08:51,193 - INFO - 
[1723/2500] Processing G.R. No. 207811
2025-12-06 18:08:51,193 - INFO -   Title: People of the Philippines vs. Delia Molina y Cabral...
2025-12-06 18:08:51,585 - INFO -   Case already exists: RESTRUCTURED_DB/2016/jun/207811.json
2025-12-06 18:08:52,085 - INFO - 
[1724/2500] Processing G.R. No. 207816
2025-12-06 18:08:52,085 - INFO -   Title: People of the Philippines vs Raul Yamon Tuando...
2025-12-06 18:08:52,855 - INFO -   Case already exists: RESTRUCTURED_DB/2016/feb/207816.json
2025-12-06 18:08:53,356 - INFO - 
[1725/2500] Processing G.R. No. 208009
2025-12-06 18:08:53,356 - INFO -   Title: People of the Philippines vs. Edilberto Pusing y Tamor...
2025-12-06 18:08:53,744 - INFO -   Case already exists: RESTRUCTURED_DB/2016/jul/208009.json
2025-12-06 18:08:54,244 - INFO - 
[1726/2500] Processing G.R. No. 208021
2025-12-06 18:08:54,244 - INFO -   Title: Oscar S. Villarta vs Gaudioso Talavera, Jr....
2025-12-06 18:08:54,452 - INFO -   Case already exists: RESTRUCTURED_DB/2016/feb/208021.json
2025-12-06 18:08:54,952 - INFO - 
[1727/2500] Processing G.R. No. 208066
2025-12-06 18:08:54,952 - INFO -   Title: People of the Philippines vs. John Glen Wile, Efren Buenafe,...
2025-12-06 18:08:55,342 - INFO -   Case already exists: RESTRUCTURED_DB/2016/apr/208066.json
2025-12-06 18:08:55,842 - INFO - 
[1728/2500] Processing G.R. No. 208067
2025-12-06 18:08:55,842 - INFO -   Title: People of the Philippines vs. Ronnie R. Librias...
2025-12-06 18:08:56,051 - INFO -   Case already exists: RESTRUCTURED_DB/2016/sep/208067.json
2025-12-06 18:08:56,551 - INFO - 
[1729/2500] Processing G.R. No. 208071
2025-12-06 18:08:56,551 - INFO -   Title: People of the Philippines vs. Edgardo Perez y Alavado...
2025-12-06 18:08:56,935 - INFO -   Case already exists: RESTRUCTURED_DB/2016/mar/208071.json
2025-12-06 18:08:57,436 - INFO - 
[1730/2500] Processing G.R. No. 208086
2025-12-06 18:08:57,436 - INFO -   Title: Florencio Morales, Jr. vs. Ombudsman Conchita Carpio-Morales...
2025-12-06 18:08:57,822 - INFO -   Case already exists: RESTRUCTURED_DB/2016/jul/208086.json
2025-12-06 18:08:58,322 - INFO - 
[1731/2500] Processing G.R. No. 208089
2025-12-06 18:08:58,322 - INFO -   Title: Philippine Transmarine Carriers, Inc., Stealth Maritime Corp...
2025-12-06 18:08:58,529 - INFO -   Case already exists: RESTRUCTURED_DB/2016/sep/208089.json
2025-12-06 18:08:59,029 - INFO - 
[1732/2500] Processing G.R. No. 208090
2025-12-06 18:08:59,029 - INFO -   Title: Ferdinand V. Tomas vs. Criminal Investigation and Detection ...
2025-12-06 18:08:59,416 - INFO -   Case already exists: RESTRUCTURED_DB/2016/nov/208090.json
2025-12-06 18:08:59,916 - INFO - 
[1733/2500] Processing G.R. No. 208181
2025-12-06 18:08:59,916 - INFO -   Title: Manila Electric Company vs. N.E. Magno Construction, Inc....
2025-12-06 18:09:00,129 - INFO -   Case already exists: RESTRUCTURED_DB/2016/aug/208181.json
2025-12-06 18:09:00,629 - INFO - 
[1734/2500] Processing G.R. No. 208264
2025-12-06 18:09:00,629 - INFO -   Title: Office of the Ombudsman vs. Rico Manalastas...
2025-12-06 18:09:01,013 - INFO -   Case already exists: RESTRUCTURED_DB/2016/jul/208264.json
2025-12-06 18:09:01,513 - INFO - 
[1735/2500] Processing G.R. No. 208343
2025-12-06 18:09:01,513 - INFO -   Title: Spouses Ceferino C. Laus and Monina P. Laus and Spouses Anto...
2025-12-06 18:09:01,730 - INFO -   Case already exists: RESTRUCTURED_DB/2016/feb/208343.json
2025-12-06 18:09:02,230 - INFO - 
[1736/2500] Processing G.R. No. 208350
2025-12-06 18:09:02,231 - INFO -   Title: Republic of the Philippines vs. Heirs of Spouses Tomasa Esta...
2025-12-06 18:09:02,616 - INFO -   Case already exists: RESTRUCTURED_DB/2016/nov/208350.json
2025-12-06 18:09:03,116 - INFO - 
[1737/2500] Processing G.R. No. 208353
2025-12-06 18:09:03,117 - INFO -   Title: People of the Philippines vs. Steve Siaton y Bate...
2025-12-06 18:09:03,502 - INFO -   Case already exists: RESTRUCTURED_DB/2016/jul/208353.json
2025-12-06 18:09:04,002 - INFO - 
[1738/2500] Processing G.R. No. 208393
2025-12-06 18:09:04,003 - INFO -   Title: City of Taguig vs. City of Makati...
2025-12-06 18:09:04,392 - INFO -   Case already exists: RESTRUCTURED_DB/2016/jun/208393.json
2025-12-06 18:09:04,892 - INFO - 
[1739/2500] Processing G.R. No. 208404
2025-12-06 18:09:04,892 - INFO -   Title: People of the Philippines vs Vicente Lugnasin and Devincio G...
2025-12-06 18:09:05,101 - INFO -   Case already exists: RESTRUCTURED_DB/2016/feb/208404.json
2025-12-06 18:09:05,601 - INFO - 
[1740/2500] Processing G.R. No. 208406
2025-12-06 18:09:05,601 - INFO -   Title: People of the Philippines vs Allan Rodriguez y Grajo...
2025-12-06 18:09:05,809 - INFO -   Case already exists: RESTRUCTURED_DB/2016/feb/208406.json
2025-12-06 18:09:06,309 - INFO - 
[1741/2500] Processing G.R. No. 208451
2025-12-06 18:09:06,310 - INFO -   Title: Manila Memorial Park Cemetery vs Ezard D. Lluz, et al....
2025-12-06 18:09:06,694 - INFO -   Case already exists: RESTRUCTURED_DB/2016/feb/208451.json
2025-12-06 18:09:07,194 - INFO - 
[1742/2500] Processing G.R. No. 208475
2025-12-06 18:09:07,194 - INFO -   Title: People of the Philippines vs. Manuel Rebauel y Nadera...
2025-12-06 18:09:07,402 - INFO -   Case already exists: RESTRUCTURED_DB/2016/jun/208475.json
2025-12-06 18:09:07,902 - INFO - 
[1743/2500] Processing G.R. No. 208524
2025-12-06 18:09:07,903 - INFO -   Title: People of the Philippines vs. Bernardino Peralta y Morillo a...
2025-12-06 18:09:08,109 - INFO -   Case already exists: RESTRUCTURED_DB/2016/jun/208524.json
2025-12-06 18:09:08,610 - INFO - 
[1744/2500] Processing G.R. No. 208527
2025-12-06 18:09:08,610 - INFO -   Title: People of the Philippines vs. Ardo Bacero y Casabon...
2025-12-06 18:09:08,996 - INFO -   Case already exists: RESTRUCTURED_DB/2016/jul/208527.json
2025-12-06 18:09:09,496 - INFO - 
[1745/2500] Processing G.R. No. 208646
2025-12-06 18:09:09,496 - INFO -   Title: People of the Philippines vs. Loreto Sonido y Coronel...
2025-12-06 18:09:09,703 - INFO -   Case already exists: RESTRUCTURED_DB/2016/jun/208646.json
2025-12-06 18:09:10,203 - INFO - 
[1746/2500] Processing G.R. No. 208676
2025-12-06 18:09:10,203 - INFO -   Title: People of the Philippines vs. Allan Menaling y Canedo...
2025-12-06 18:09:10,589 - INFO -   Case already exists: RESTRUCTURED_DB/2016/apr/208676.json
2025-12-06 18:09:11,089 - INFO - 
[1747/2500] Processing G.R. No. 208731
2025-12-06 18:09:11,089 - INFO -   Title: Philippine Amusement and Gaming Corporation vs. Bureau of In...
2025-12-06 18:09:11,473 - INFO -   Case already exists: RESTRUCTURED_DB/2016/jan/208731.json
2025-12-06 18:09:11,973 - INFO - 
[1748/2500] Processing G.R. No. 208758
2025-12-06 18:09:11,973 - INFO -   Title: People of the Philippines vs. Joven Geron y Yema...
2025-12-06 18:09:12,181 - INFO -   Case already exists: RESTRUCTURED_DB/2016/aug/208758.json
2025-12-06 18:09:12,681 - INFO - 
[1749/2500] Processing G.R. No. 208837
2025-12-06 18:09:12,681 - INFO -   Title: People of the Philippines vs. Donna Rivera y Dumo...
2025-12-06 18:09:12,888 - INFO -   Case already exists: RESTRUCTURED_DB/2016/jul/208837.json
2025-12-06 18:09:13,388 - INFO - 
[1750/2500] Processing G.R. No. 208948
2025-12-06 18:09:13,388 - INFO -   Title: Jose B. Luriz vs Republic of the Philippines...
2025-12-06 18:09:13,774 - INFO -   Case already exists: RESTRUCTURED_DB/2016/feb/208948.json
2025-12-06 18:09:14,274 - INFO - 
[1751/2500] Processing G.R. No. 208976
2025-12-06 18:09:14,274 - INFO -   Title: The Honorable Office of the Ombudsman vs. Leovigildo Delos R...
2025-12-06 18:09:14,659 - INFO -   Case already exists: RESTRUCTURED_DB/2016/feb/208976.json
2025-12-06 18:09:15,160 - INFO - 
[1752/2500] Processing G.R. No. 208979
2025-12-06 18:09:15,160 - INFO -   Title: Government Service Insurance System vs. Rogelio F. Manalo...
2025-12-06 18:09:15,545 - INFO -   Case already exists: RESTRUCTURED_DB/2016/sep/208979.json
2025-12-06 18:09:16,045 - INFO - 
[1753/2500] Processing G.R. No. 209011
2025-12-06 18:09:16,045 - INFO -   Title: Malayan Insurance Company, Inc. vs. Diana P. Alibudbud...
2025-12-06 18:09:16,261 - INFO -   Case already exists: RESTRUCTURED_DB/2016/apr/209011.json
2025-12-06 18:09:16,761 - INFO - 
[1754/2500] Processing G.R. No. 209032
2025-12-06 18:09:16,761 - INFO -   Title: People of the Philippines vs. Vivencio Ausa...
2025-12-06 18:09:16,969 - INFO -   Case already exists: RESTRUCTURED_DB/2016/aug/209032.json
2025-12-06 18:09:17,470 - INFO - 
[1755/2500] Processing G.R. No. 209098
2025-12-06 18:09:17,470 - INFO -   Title: Juan B. Hernandez vs. Crossworld Marines Services, Inc., et ...
2025-12-06 18:09:17,855 - INFO -   Case already exists: RESTRUCTURED_DB/2016/nov/209098.json
2025-12-06 18:09:18,355 - INFO - 
[1756/2500] Processing G.R. No. 209165
2025-12-06 18:09:18,355 - INFO -   Title: LNL Archipelago Minerals, Inc. vs. Agham Party List...
2025-12-06 18:09:18,742 - INFO -   Case already exists: RESTRUCTURED_DB/2016/apr/209165.json
2025-12-06 18:09:19,243 - INFO - 
[1757/2500] Processing G.R. No. 209212
2025-12-06 18:09:19,243 - INFO -   Title: People of the Philippines vs Romel Sapitula y Paculan...
2025-12-06 18:09:19,451 - INFO -   Case already exists: RESTRUCTURED_DB/2016/feb/209212.json
2025-12-06 18:09:19,951 - INFO - 
[1758/2500] Processing G.R. No. 209264
2025-12-06 18:09:19,951 - INFO -   Title: Damaso T. Ambray and Ceferino T. Ambray, Jr. vs. Sylvia A. T...
2025-12-06 18:09:20,336 - INFO -   Case already exists: RESTRUCTURED_DB/2016/jul/209264.json
2025-12-06 18:09:20,836 - INFO - 
[1759/2500] Processing G.R. No. 209271
2025-12-06 18:09:20,836 - INFO -   Title: International Service for the Acquisition of Agri-Biotech Ap...
2025-12-06 18:09:21,227 - INFO -   Case already exists: RESTRUCTURED_DB/2016/jul/209271.json
2025-12-06 18:09:21,727 - INFO - 
[1760/2500] Processing G.R. No. 209303
2025-12-06 18:09:21,727 - INFO -   Title: National Power Corporation vs. the Provincial Treasurer of B...
2025-12-06 18:09:21,935 - INFO -   Case already exists: RESTRUCTURED_DB/2016/nov/209303.json
2025-12-06 18:09:22,435 - INFO - 
[1761/2500] Processing G.R. No. 209344
2025-12-06 18:09:22,435 - INFO -   Title: People of the Philippines vs. Jaime Brioso alias Talap-Talap...
2025-12-06 18:09:22,821 - INFO -   Case already exists: RESTRUCTURED_DB/2016/jun/209344.json
2025-12-06 18:09:23,321 - INFO - 
[1762/2500] Processing G.R. No. 209384
2025-12-06 18:09:23,321 - INFO -   Title: Urbano F. Estrella vs. Priscilla P. Francisco...
2025-12-06 18:09:23,530 - INFO -   Case already exists: RESTRUCTURED_DB/2016/jun/209384.json
2025-12-06 18:09:24,030 - INFO - 
[1763/2500] Processing G.R. No. 209385
2025-12-06 18:09:24,031 - INFO -   Title: Republic of the Philippines vs. Salud Abalos and Justina Cla...
2025-12-06 18:09:24,238 - INFO -   Case already exists: RESTRUCTURED_DB/2016/aug/209385.json
2025-12-06 18:09:24,738 - INFO - 
[1764/2500] Processing G.R. No. 209714
2025-12-06 18:09:24,738 - INFO -   Title: Raphael C. Fontanilla vs. the Commissioner Proper, Commissio...
2025-12-06 18:09:25,124 - INFO -   Case already exists: RESTRUCTURED_DB/2016/jun/209714.json
2025-12-06 18:09:25,624 - INFO - 
[1765/2500] Processing G.R. No. 209776
2025-12-06 18:09:25,624 - INFO -   Title: Commissioner of Internal Revenue vs. United Cadiz Sugar Farm...
2025-12-06 18:09:26,010 - INFO -   Case already exists: RESTRUCTURED_DB/2016/dec/209776.json
2025-12-06 18:09:26,510 - INFO - 
[1766/2500] Processing G.R. No. 209794
2025-12-06 18:09:26,510 - INFO -   Title: Land Bank of the Philippines vs. Sps. Jose Amagan and Aurora...
2025-12-06 18:09:26,717 - INFO -   Case already exists: RESTRUCTURED_DB/2016/jun/209794.json
2025-12-06 18:09:27,218 - INFO - 
[1767/2500] Processing G.R. No. 210002
2025-12-06 18:09:27,218 - INFO -   Title: Jocelyn "Joy" Lim-Bungcaras vs. Commission on Elections and ...
2025-12-06 18:09:28,032 - WARNING -   ✗ Could not fetch case from any URL
2025-12-06 18:09:28,032 - INFO - 
[1768/2500] Processing G.R. No. 210128
2025-12-06 18:09:28,032 - INFO -   Title: Atty. Amado Q. Navarro vs. Office of the Ombudsman and Depar...
2025-12-06 18:09:28,417 - INFO -   Case already exists: RESTRUCTURED_DB/2016/aug/210128.json
2025-12-06 18:09:28,918 - INFO - 
[1769/2500] Processing G.R. No. 210192
2025-12-06 18:09:28,918 - INFO -   Title: Rosalinda S. Khitri and Fernando S. Khitri vs. People of the...
2025-12-06 18:09:29,303 - INFO -   Case already exists: RESTRUCTURED_DB/2016/jul/210192.json
2025-12-06 18:09:29,803 - INFO - 
[1770/2500] Processing G.R. No. 210200
2025-12-06 18:09:29,803 - INFO -   Title: Juliet B. Dano vs. Commission on Elections and Marie Karen J...
2025-12-06 18:09:30,011 - INFO -   Case already exists: RESTRUCTURED_DB/2016/sep/210200.json
2025-12-06 18:09:30,511 - INFO - 
[1771/2500] Processing G.R. No. 210218
2025-12-06 18:09:30,511 - INFO -   Title: National Power Corporation vs. Heirs of Antonia Rabie...
2025-12-06 18:09:30,896 - INFO -   Case already exists: RESTRUCTURED_DB/2016/aug/210218.json
2025-12-06 18:09:31,396 - INFO - 
[1772/2500] Processing G.R. No. 210233
2025-12-06 18:09:31,396 - INFO -   Title: Republic of the Philippines vs the Court of Appeals, et al....
2025-12-06 18:09:31,604 - INFO -   Case already exists: RESTRUCTURED_DB/2016/feb/210233.json
2025-12-06 18:09:32,104 - INFO - 
[1773/2500] Processing G.R. No. 210308
2025-12-06 18:09:32,104 - INFO -   Title: Asian International Manpower Services, Inc. vs. Department o...
2025-12-06 18:09:32,488 - INFO -   Case already exists: RESTRUCTURED_DB/2016/apr/210308.json
2025-12-06 18:09:32,988 - INFO - 
[1774/2500] Processing G.R. No. 210316
2025-12-06 18:09:32,989 - INFO -   Title: The Securities and Exchange Commission (SEC) Chairperson Ter...
2025-12-06 18:09:33,373 - INFO -   Case already exists: RESTRUCTURED_DB/2016/nov/210316.json
2025-12-06 18:09:33,873 - INFO - 
[1775/2500] Processing G.R. No. 210540
2025-12-06 18:09:33,873 - INFO -   Title: Republic of the Philippines vs. Homer and Ma. Susana Dagondo...
2025-12-06 18:09:34,081 - INFO -   Case already exists: RESTRUCTURED_DB/2016/apr/210540.json
2025-12-06 18:09:34,581 - INFO - 
[1776/2500] Processing G.R. No. 210565
2025-12-06 18:09:34,581 - INFO -   Title: Emmanuel D. Quintanar, et al. vs. Coca-Cola Bottlers, Philip...
2025-12-06 18:09:34,968 - INFO -   Case already exists: RESTRUCTURED_DB/2016/jun/210565.json
2025-12-06 18:09:35,468 - INFO - 
[1777/2500] Processing G.R. No. 210588
2025-12-06 18:09:35,468 - INFO -   Title: Secretary of Finance Cesar B. Purisima and Commissioner of I...
2025-12-06 18:09:35,857 - INFO -   Case already exists: RESTRUCTURED_DB/2016/nov/210588.json
2025-12-06 18:09:36,357 - INFO - 
[1778/2500] Processing G.R. No. 210606
2025-12-06 18:09:36,357 - INFO -   Title: Grace Park International Cororation and Woodlink Realty Corp...
2025-12-06 18:09:36,567 - INFO -   Case already exists: RESTRUCTURED_DB/2016/jul/210606.json
2025-12-06 18:09:37,068 - INFO - 
[1779/2500] Processing G.R. No. 210617
2025-12-06 18:09:37,068 - INFO -   Title: People of the Philippines vs. Orlando Fernandez y Abarquiz...
2025-12-06 18:09:37,276 - INFO -   Case already exists: RESTRUCTURED_DB/2016/dec/210617.json
2025-12-06 18:09:37,776 - INFO - 
[1780/2500] Processing G.R. No. 210656
2025-12-06 18:09:37,776 - INFO -   Title: People of the Philippines vs. Rosario Bayot Mahinay...
2025-12-06 18:09:38,160 - INFO -   Case already exists: RESTRUCTURED_DB/2016/dec/210656.json
2025-12-06 18:09:38,660 - INFO - 
[1781/2500] Processing G.R. No. 210673
2025-12-06 18:09:38,660 - INFO -   Title: People of the Philippines vs. Gilbert Caballero y Garsola...
2025-12-06 18:09:38,867 - INFO -   Case already exists: RESTRUCTURED_DB/2016/jun/210673.json
2025-12-06 18:09:39,367 - INFO - 
[1782/2500] Processing G.R. No. 210710
2025-12-06 18:09:39,367 - INFO -   Title: People of the Philippines vs. Luisito Gaborne y Cinco...
2025-12-06 18:09:39,753 - INFO -   Case already exists: RESTRUCTURED_DB/2016/jul/210710.json
2025-12-06 18:09:40,253 - INFO - 
[1783/2500] Processing G.R. No. 210715
2025-12-06 18:09:40,253 - INFO -   Title: People of the Philippines vs. Rustico Ygot y Repuela...
2025-12-06 18:09:40,467 - INFO -   Case already exists: RESTRUCTURED_DB/2016/jul/210715.json
2025-12-06 18:09:40,968 - INFO - 
[1784/2500] Processing G.R. No. 210752
2025-12-06 18:09:40,968 - INFO -   Title: People of the Philippines vs. Eddie Regalado...
2025-12-06 18:09:41,180 - INFO -   Case already exists: RESTRUCTURED_DB/2016/aug/210752.json
2025-12-06 18:09:41,680 - INFO - 
[1785/2500] Processing G.R. No. 210761
2025-12-06 18:09:41,680 - INFO -   Title: Kilusang Mayo Uno, et al. vs. Hon. Benigno Simeon C. Aquino ...
2025-12-06 18:09:42,068 - INFO -   Case already exists: RESTRUCTURED_DB/2016/jun/210761.json
2025-12-06 18:09:42,568 - INFO - 
[1786/2500] Processing G.R. No. 210798
2025-12-06 18:09:42,568 - INFO -   Title: People of the Philippines vs. Beverly Villanueva y Manalili...
2025-12-06 18:09:42,953 - INFO -   Case already exists: RESTRUCTURED_DB/2016/sep/210798.json
2025-12-06 18:09:43,453 - INFO - 
[1787/2500] Processing G.R. No. 210801
2025-12-06 18:09:43,454 - INFO -   Title: People of the Philippines vs. Alvin Cenido y Picones and Rem...
2025-12-06 18:09:43,660 - INFO -   Case already exists: RESTRUCTURED_DB/2016/jul/210801.json
2025-12-06 18:09:44,160 - INFO - 
[1788/2500] Processing G.R. No. 210858
2025-12-06 18:09:44,161 - INFO -   Title: Department of Foreign Affairs vs. BCA International Corporat...
2025-12-06 18:09:44,725 - INFO -   Case already exists: RESTRUCTURED_DB/2016/jun/210858.json
2025-12-06 18:09:45,225 - INFO - 
[1789/2500] Processing G.R. No. 210936
2025-12-06 18:09:45,225 - INFO -   Title: Teodoro B. Cruz, Jr., et al. vs. Commission on Audit...
2025-12-06 18:09:45,435 - INFO -   Case already exists: RESTRUCTURED_DB/2016/jun/210936.json
2025-12-06 18:09:45,935 - INFO - 
[1790/2500] Processing G.R. No. 210940
2025-12-06 18:09:45,935 - INFO -   Title: Social Security System vs. Commission on Audit...
2025-12-06 18:09:46,320 - INFO -   Case already exists: RESTRUCTURED_DB/2016/sep/210940.json
2025-12-06 18:09:46,820 - INFO - 
[1791/2500] Processing G.R. No. 210972
2025-12-06 18:09:46,820 - INFO -   Title: Roger Allen Bigler vs. People of the Philippines and Linda S...
2025-12-06 18:09:47,037 - INFO -   Case already exists: RESTRUCTURED_DB/2016/mar/210972.json
2025-12-06 18:09:47,537 - INFO - 
[1792/2500] Processing G.R. No. 210991
2025-12-06 18:09:47,537 - INFO -   Title: Duty Free Philippines Corporation vs. Commission on Audit...
2025-12-06 18:09:47,923 - INFO -   Case already exists: RESTRUCTURED_DB/2016/jul/210991.json
2025-12-06 18:09:48,423 - INFO - 
[1793/2500] Processing G.R. No. 211015
2025-12-06 18:09:48,423 - INFO -   Title: Cagayan Electric Power & Light Company, Inc. (CELPALCO), et ...
2025-12-06 18:09:48,808 - INFO -   Case already exists: RESTRUCTURED_DB/2016/jun/211015.json
2025-12-06 18:09:49,309 - INFO - 
[1794/2500] Processing G.R. No. 211026
2025-12-06 18:09:49,309 - INFO -   Title: People of the Philippines vs. Renato B. Suedad...
2025-12-06 18:09:49,516 - INFO -   Case already exists: RESTRUCTURED_DB/2016/jun/211026.json
2025-12-06 18:09:50,016 - INFO - 
[1795/2500] Processing G.R. No. 211028
2025-12-06 18:09:50,017 - INFO -   Title: People of the Philippines vs. Jonathan Arcillo...
2025-12-06 18:09:50,224 - INFO -   Case already exists: RESTRUCTURED_DB/2016/jul/211028.json
2025-12-06 18:09:50,724 - INFO - 
[1796/2500] Processing G.R. No. 211072
2025-12-06 18:09:50,724 - INFO -   Title: Commissioner of Internal Revenue vs. Deutsche Knowledge Serv...
2025-12-06 18:09:51,110 - INFO -   Case already exists: RESTRUCTURED_DB/2016/nov/211072.json
2025-12-06 18:09:51,610 - INFO - 
[1797/2500] Processing G.R. No. 211141
2025-12-06 18:09:51,610 - INFO -   Title: Hilario Dasco, et al. vs. Philtranco Service Enterprises Inc...
2025-12-06 18:09:51,994 - INFO -   Case already exists: RESTRUCTURED_DB/2016/jun/211141.json
2025-12-06 18:09:52,495 - INFO - 
[1798/2500] Processing G.R. No. 211212
2025-12-06 18:09:52,495 - INFO -   Title: Sun Life of Canada (Philippines), Inc. vs. Ma. Daisy S. Siby...
2025-12-06 18:09:52,702 - INFO -   Case already exists: RESTRUCTURED_DB/2016/jun/211212.json
2025-12-06 18:09:53,202 - INFO - 
[1799/2500] Processing G.R. No. 211269
2025-12-06 18:09:53,202 - INFO -   Title: Ruben E. Tiu vs. Hon. Natividad G. Dizon, et al....
2025-12-06 18:09:53,587 - INFO -   Case already exists: RESTRUCTURED_DB/2016/jun/211269.json
2025-12-06 18:09:54,087 - INFO - 
[1800/2500] Processing G.R. No. 211312
2025-12-06 18:09:54,087 - INFO -   Title: People's Security, Inc. and Nestor Racho vs. Julius S. Flore...
2025-12-06 18:09:54,295 - INFO -   Case already exists: RESTRUCTURED_DB/2016/dec/211312.json
2025-12-06 18:09:54,795 - INFO - 
[1801/2500] Processing G.R. No. 211411
2025-12-06 18:09:54,795 - INFO -   Title: Silvertex Weaving Corporation vs. Teodora F. Campo...
2025-12-06 18:09:55,002 - INFO -   Case already exists: RESTRUCTURED_DB/2016/mar/211411.json
2025-12-06 18:09:55,502 - INFO - 
[1802/2500] Processing G.R. No. 211485
2025-12-06 18:09:55,502 - INFO -   Title: Magallanes Watercraft Association, Inc vs. Margarito C. Augu...
2025-12-06 18:09:55,885 - INFO -   Case already exists: RESTRUCTURED_DB/2016/may/211485.json
2025-12-06 18:09:56,385 - INFO - 
[1803/2500] Processing G.R. No. 211526
2025-12-06 18:09:56,385 - INFO -   Title: PMI-Faculty and Employees Union vs. PMI Colleges Bohol...
2025-12-06 18:09:56,771 - INFO -   Case already exists: RESTRUCTURED_DB/2016/jun/211526.json
2025-12-06 18:09:57,271 - INFO - 
[1804/2500] Processing G.R. No. 211553
2025-12-06 18:09:57,271 - INFO -   Title: Leandro B. Verceles, Jr. vs. Commission on Audit...
2025-12-06 18:09:57,659 - INFO -   Case already exists: RESTRUCTURED_DB/2016/sep/211553.json
2025-12-06 18:09:58,159 - INFO - 
[1805/2500] Processing G.R. No. 211608
2025-12-06 18:09:58,159 - INFO -   Title: People of the Philippines vs. Menardo Bombasi y Vergara...
2025-12-06 18:09:58,366 - INFO -   Case already exists: RESTRUCTURED_DB/2016/sep/211608.json
2025-12-06 18:09:58,866 - INFO - 
[1806/2500] Processing G.R. No. 211642
2025-12-06 18:09:58,866 - INFO -   Title: Nelson Teñido y Silvestre vs. People of the Philippines...
2025-12-06 18:09:59,249 - INFO -   Case already exists: RESTRUCTURED_DB/2016/mar/211642.json
2025-12-06 18:09:59,750 - INFO - 
[1807/2500] Processing G.R. No. 211672
2025-12-06 18:09:59,750 - INFO -   Title: People of the Philippines vs. John Happy Domingo y Carag...
2025-12-06 18:10:00,133 - INFO -   Case already exists: RESTRUCTURED_DB/2016/jun/211672.json
2025-12-06 18:10:00,633 - INFO - 
[1808/2500] Processing G.R. No. 211680
2025-12-06 18:10:00,633 - INFO -   Title: People of the Philippines vs. Belban Sic-Open y Dimas...
2025-12-06 18:10:01,017 - INFO -   Case already exists: RESTRUCTURED_DB/2016/sep/211680.json
2025-12-06 18:10:01,518 - INFO - 
[1809/2500] Processing G.R. No. 211698
2025-12-06 18:10:01,518 - INFO -   Title: Republic of the Philippines vs. Cesar P. Rayos Del Sol, et a...
2025-12-06 18:10:01,902 - INFO -   Case already exists: RESTRUCTURED_DB/2016/may/211698.json
2025-12-06 18:10:02,402 - INFO - 
[1810/2500] Processing G.R. No. 211724
2025-12-06 18:10:02,402 - INFO -   Title: In the Matter of the Petition for Correction of Entry (Chang...
2025-12-06 18:10:02,610 - INFO -   Case already exists: RESTRUCTURED_DB/2016/feb/211724.json
2025-12-06 18:10:03,110 - INFO - 
[1811/2500] Processing G.R. No. 211731
2025-12-06 18:10:03,110 - INFO -   Title: National Power Corporation vs. Sps. Conchita Malapascua-Mali...
2025-12-06 18:10:03,496 - INFO -   Case already exists: RESTRUCTURED_DB/2016/dec/211731.json
2025-12-06 18:10:03,996 - INFO - 
[1812/2500] Processing G.R. No. 212008
2025-12-06 18:10:03,997 - INFO -   Title: William Enriquez and Nelia-Vela Enriquez vs. Isarog Line Tra...
2025-12-06 18:10:04,204 - INFO -   Case already exists: RESTRUCTURED_DB/2016/nov/212008.json
2025-12-06 18:10:04,704 - INFO - 
[1813/2500] Processing G.R. No. 212070
2025-12-06 18:10:04,704 - INFO -   Title: Cebu People's Multi-purpose Cooperative and Macario G. Queve...
2025-12-06 18:10:05,092 - INFO -   Case already exists: RESTRUCTURED_DB/2016/jan/212070.json
2025-12-06 18:10:05,592 - INFO - 
[1814/2500] Processing G.R. No. 212157
2025-12-06 18:10:05,592 - INFO -   Title: People of the Philippines vs. Rodrigo Rusco...
2025-12-06 18:10:05,800 - INFO -   Case already exists: RESTRUCTURED_DB/2016/sep/212157.json
2025-12-06 18:10:06,300 - INFO - 
[1815/2500] Processing G.R. No. 212171
2025-12-06 18:10:06,300 - INFO -   Title: People of the Philippines vs. Mercury Dela Cruz...
2025-12-06 18:10:06,507 - INFO -   Case already exists: RESTRUCTURED_DB/2016/sep/212171.json
2025-12-06 18:10:07,007 - INFO - 
[1816/2500] Processing G.R. No. 212186
2025-12-06 18:10:07,008 - INFO -   Title: Ariel Lopez vs. People of the Philippines...
2025-12-06 18:10:07,394 - INFO -   Case already exists: RESTRUCTURED_DB/2016/jun/212186.json
2025-12-06 18:10:07,894 - INFO - 
[1817/2500] Processing G.R. No. 212206
2025-12-06 18:10:07,895 - INFO -   Title: People of the Philippines vs. Gabby Concepcion y Nimenda and...
2025-12-06 18:10:08,102 - INFO -   Case already exists: RESTRUCTURED_DB/2016/jul/212206.json
2025-12-06 18:10:08,602 - INFO - 
[1818/2500] Processing G.R. No. 212337
2025-12-06 18:10:08,602 - INFO -   Title: People of the Philippines vs. Beltran Fuentes, Jr....
2025-12-06 18:10:08,809 - INFO -   Case already exists: RESTRUCTURED_DB/2016/jul/212337.json
2025-12-06 18:10:09,310 - INFO - 
[1819/2500] Processing G.R. No. 212340
2025-12-06 18:10:09,310 - INFO -   Title: People of the Philippines vs. Gerrjan Manago y Acut...
2025-12-06 18:10:09,694 - INFO -   Case already exists: RESTRUCTURED_DB/2016/aug/212340.json
2025-12-06 18:10:10,194 - INFO - 
[1820/2500] Processing G.R. No. 212382
2025-12-06 18:10:10,194 - INFO -   Title: Scanmar Maritime Services, Inc., et al. vs. Emilio Conag...
2025-12-06 18:10:10,579 - INFO -   Case already exists: RESTRUCTURED_DB/2016/apr/212382.json
2025-12-06 18:10:11,080 - INFO - 
[1821/2500] Processing G.R. No. 212426
2025-12-06 18:10:11,080 - INFO -   Title: Rene A.V. Saguisag, et al. vs. Executive Secretary Paquito N...
2025-12-06 18:10:11,466 - INFO -   Case already exists: RESTRUCTURED_DB/2016/jan/212426.json
2025-12-06 18:10:11,966 - INFO - 
[1822/2500] Processing G.R. No. 212426
2025-12-06 18:10:11,966 - INFO -   Title: Rene A.V. Saguisag, et al. vs. Executive Secretary Paquito N...
2025-12-06 18:10:13,302 - INFO -   Case already exists: RESTRUCTURED_DB/2016/jan/212426.json
2025-12-06 18:10:13,802 - INFO - 
[1823/2500] Processing G.R. No. 212530
2025-12-06 18:10:13,802 - INFO -   Title: Bloomberry Resorts and Hotels, Inc. vs. Bureau of Internal R...
2025-12-06 18:10:14,006 - INFO -   Case already exists: RESTRUCTURED_DB/2016/aug/212530.json
2025-12-06 18:10:14,506 - INFO - 
[1824/2500] Processing G.R. No. 212615
2025-12-06 18:10:14,506 - INFO -   Title: Leodegario A. Labao, Jr. vs. Commission on Elections and Lud...
2025-12-06 18:10:14,720 - INFO -   Case already exists: RESTRUCTURED_DB/2016/jul/212615.json
2025-12-06 18:10:15,220 - INFO - 
[1825/2500] Processing G.R. No. 212631
2025-12-06 18:10:15,220 - INFO -   Title: People of the Philippines vs. Dandito Lastrollo y Doe...
2025-12-06 18:10:15,425 - INFO -   Case already exists: RESTRUCTURED_DB/2016/nov/212631.json
2025-12-06 18:10:15,925 - INFO - 
[1826/2500] Processing G.R. No. 212632
2025-12-06 18:10:15,926 - INFO -   Title: People of the Philippines vs. Den Ando y Sadullah and Sarah ...
2025-12-06 18:10:16,129 - INFO -   Case already exists: RESTRUCTURED_DB/2016/aug/212632.json
2025-12-06 18:10:16,629 - INFO - 
[1827/2500] Processing G.R. No. 212848
2025-12-06 18:10:16,629 - INFO -   Title: Isidro Cosme and Fernan Cosme vs. People of the Philippines...
2025-12-06 18:10:17,005 - INFO -   Case already exists: RESTRUCTURED_DB/2016/aug/212848.json
2025-12-06 18:10:17,506 - INFO - 
[1828/2500] Processing G.R. No. 212878
2025-12-06 18:10:17,506 - INFO -   Title: Marlow Navigation Phil., Inc., et al. vs Wilfredo L. Cabatay...
2025-12-06 18:10:17,883 - INFO -   Case already exists: RESTRUCTURED_DB/2016/feb/212878.json
2025-12-06 18:10:18,383 - INFO - 
[1829/2500] Processing G.R. No. 212930
2025-12-06 18:10:18,383 - INFO -   Title: People of the Philippines vs. Angelo Buenafe y Briones...
2025-12-06 18:10:18,587 - INFO -   Case already exists: RESTRUCTURED_DB/2016/aug/212930.json
2025-12-06 18:10:19,088 - INFO - 
[1830/2500] Processing G.R. No. 213054
2025-12-06 18:10:19,088 - INFO -   Title: Teresita Tan vs. Jovencio F. Cinco, et al....
2025-12-06 18:10:19,291 - INFO -   Case already exists: RESTRUCTURED_DB/2016/jun/213054.json
2025-12-06 18:10:19,792 - INFO - 
[1831/2500] Processing G.R. No. 213157
2025-12-06 18:10:19,792 - INFO -   Title: National Grid Corporation of the Philippines vs. Ofelia M. O...
2025-12-06 18:10:20,347 - INFO -   Case already exists: RESTRUCTURED_DB/2016/aug/213157.json
2025-12-06 18:10:20,847 - INFO - 
[1832/2500] Processing G.R. No. 213187
2025-12-06 18:10:20,847 - INFO -   Title: Haide Bulalacao-Soriano vs. Ernesto Papina...
2025-12-06 18:10:21,052 - INFO -   Case already exists: RESTRUCTURED_DB/2016/aug/213187.json
2025-12-06 18:10:21,552 - INFO - 
[1833/2500] Processing G.R. No. 213221
2025-12-06 18:10:21,553 - INFO -   Title: People of the Philippines vs. Biyan Mohammad y Asdori a.k.a....
2025-12-06 18:10:21,759 - INFO -   Case already exists: RESTRUCTURED_DB/2016/nov/213221.json
2025-12-06 18:10:22,259 - INFO - 
[1834/2500] Processing G.R. No. 213241
2025-12-06 18:10:22,259 - INFO -   Title: Philippine National Bank vs. Juan F. Vila...
2025-12-06 18:10:22,636 - INFO -   Case already exists: RESTRUCTURED_DB/2016/aug/213241.json
2025-12-06 18:10:23,136 - INFO - 
[1835/2500] Processing G.R. No. 213279
2025-12-06 18:10:23,136 - INFO -   Title: C.F. Sharp Crew Management, Inc., et al. vs. William C. Aliv...
2025-12-06 18:10:23,513 - INFO -   Case already exists: RESTRUCTURED_DB/2016/jul/213279.json
2025-12-06 18:10:24,013 - INFO - 
[1836/2500] Processing G.R. No. 213380
2025-12-06 18:10:24,013 - INFO -   Title: People of the Philippines vs. Roman Espia...
2025-12-06 18:10:24,218 - INFO -   Case already exists: RESTRUCTURED_DB/2016/aug/213380.json
2025-12-06 18:10:24,718 - INFO - 
[1837/2500] Processing G.R. No. 213394
2025-12-06 18:10:24,718 - INFO -   Title: Spouses Emmanuel D. Paquiao and Jinkee J. Paquiao vs. the Co...
2025-12-06 18:10:25,098 - INFO -   Case already exists: RESTRUCTURED_DB/2016/apr/213394.json
2025-12-06 18:10:25,598 - INFO - 
[1838/2500] Processing G.R. No. 213418
2025-12-06 18:10:25,599 - INFO -   Title: Alfredo S. Ramos, et al. vs. China Southern Airlines Co. Ltd...
2025-12-06 18:10:25,803 - INFO -   Case already exists: RESTRUCTURED_DB/2016/sep/213418.json
2025-12-06 18:10:26,303 - INFO - 
[1839/2500] Processing G.R. No. 213453
2025-12-06 18:10:26,303 - INFO -   Title: Philippine Health Insurance Corporation vs. Commission on Au...
2025-12-06 18:10:26,856 - INFO -   Case already exists: RESTRUCTURED_DB/2016/nov/213453.json
2025-12-06 18:10:27,356 - INFO - 
[1840/2500] Processing G.R. No. 213488
2025-12-06 18:10:27,356 - INFO -   Title: Toyota Pasig, Inc. vs. Vilma S. De Peralta...
2025-12-06 18:10:27,561 - INFO -   Case already exists: RESTRUCTURED_DB/2016/nov/213488.json
2025-12-06 18:10:28,061 - INFO - 
[1841/2500] Processing G.R. No. 213529
2025-12-06 18:10:28,061 - INFO -   Title: Janet Lim Napoles vs. Hon. Secretary Leila De Lima, et al....
2025-12-06 18:10:28,440 - INFO -   Case already exists: RESTRUCTURED_DB/2016/jul/213529.json
2025-12-06 18:10:28,940 - INFO - 
[1842/2500] Processing G.R. No. 213568
2025-12-06 18:10:28,940 - INFO -   Title: Alicia P. Logarta vs. Catalino M. Mangahis...
2025-12-06 18:10:29,145 - INFO -   Case already exists: RESTRUCTURED_DB/2016/jul/213598.json
2025-12-06 18:10:29,645 - INFO - 
[1843/2500] Processing G.R. No. 213582
2025-12-06 18:10:29,645 - INFO -   Title: Nympha S. Odiamar vs. Linda Odiamar Valencia...
2025-12-06 18:10:29,855 - INFO -   Case already exists: RESTRUCTURED_DB/2016/jun/213582.json
2025-12-06 18:10:30,356 - INFO - 
[1844/2500] Processing G.R. No. 213598
2025-12-06 18:10:30,356 - INFO -   Title: People of the Philippines vs. Mercelita Arenas y Bonzo...
2025-12-06 18:10:30,734 - INFO -   Case already exists: RESTRUCTURED_DB/2016/jul/213598.json
2025-12-06 18:10:31,234 - INFO - 
[1845/2500] Processing G.R. No. 213601
2025-12-06 18:10:31,234 - INFO -   Title: People of the Philippines vs. Frankie Gerero, et al....
2025-12-06 18:10:31,437 - INFO -   Case already exists: RESTRUCTURED_DB/2016/jul/213601.json
2025-12-06 18:10:31,937 - INFO - 
[1846/2500] Processing G.R. No. 213660
2025-12-06 18:10:31,937 - INFO -   Title: Dr. Wenifredo T. Oñate vs. Commission on Audit...
2025-12-06 18:10:32,314 - INFO -   Case already exists: RESTRUCTURED_DB/2016/jul/213660.json
2025-12-06 18:10:32,815 - INFO - 
[1847/2500] Processing G.R. No. 213699
2025-12-06 18:10:32,815 - INFO -   Title: The Office of the Ombudsman vs. P/Supt. Roger James Brillant...
2025-12-06 18:10:33,192 - INFO -   Case already exists: RESTRUCTURED_DB/2016/sep/213699.json
2025-12-06 18:10:33,692 - INFO - 
[1848/2500] Processing G.R. No. 213847
2025-12-06 18:10:33,692 - INFO -   Title: Juan Ponce Enrile vs. Sandiganbayan, and People of the Phili...
2025-12-06 18:10:33,895 - INFO -   Case already exists: RESTRUCTURED_DB/2016/jul/213847.json
2025-12-06 18:10:34,395 - INFO - 
[1849/2500] Processing G.R. No. 213863
2025-12-06 18:10:34,395 - INFO -   Title: Land Bank of the Philippines vs. Edgardo L Santos/Edgardo L....
2025-12-06 18:10:34,776 - INFO -   Case already exists: RESTRUCTURED_DB/2016/jan/213863.json
2025-12-06 18:10:35,276 - INFO - 
[1850/2500] Processing G.R. No. 213910
2025-12-06 18:10:35,276 - INFO -   Title: Vinson D. Young, et al. vs People of the Philippines...
2025-12-06 18:10:35,481 - INFO -   Case already exists: RESTRUCTURED_DB/2016/feb/213910.json
2025-12-06 18:10:35,981 - INFO - 
[1851/2500] Processing G.R. No. 213919
2025-12-06 18:10:35,981 - INFO -   Title: People of the Philippines vs. Virgilio A. Quim...
2025-12-06 18:10:36,185 - INFO -   Case already exists: RESTRUCTURED_DB/2016/jun/213919.json
2025-12-06 18:10:36,685 - INFO - 
[1852/2500] Processing G.R. No. 213934
2025-12-06 18:10:36,686 - INFO -   Title: Mary Ann G. Venzon, et al. vs. Zameco II Electric Cooperativ...
2025-12-06 18:10:37,064 - INFO -   Case already exists: RESTRUCTURED_DB/2016/nov/213934.json
2025-12-06 18:10:37,564 - INFO - 
[1853/2500] Processing G.R. No. 214077
2025-12-06 18:10:37,564 - INFO -   Title: Republic of the Philippines vs. Danilo A. Pangasinan...
2025-12-06 18:10:37,768 - INFO -   Case already exists: RESTRUCTURED_DB/2016/aug/214077.json
2025-12-06 18:10:38,268 - INFO - 
[1854/2500] Processing G.R. No. 214186
2025-12-06 18:10:38,268 - INFO -   Title: Rodfhel Baclaan Torrefiel, et al. vs. Beauty Lane Phils., In...
2025-12-06 18:10:38,645 - INFO -   Case already exists: RESTRUCTURED_DB/2016/aug/214186.json
2025-12-06 18:10:39,145 - INFO - 
[1855/2500] Processing G.R. No. 214230
2025-12-06 18:10:39,145 - INFO -   Title: Security Bank Savings Corporation/Herminio M. Famatigan, Jr....
2025-12-06 18:10:39,350 - INFO -   Case already exists: RESTRUCTURED_DB/2016/feb/214230.json
2025-12-06 18:10:39,850 - INFO - 
[1856/2500] Processing G.R. No. 214238
2025-12-06 18:10:39,850 - INFO -   Title: People of the Philippines vs. Esmael Zacaria y Wagas...
2025-12-06 18:10:40,056 - INFO -   Case already exists: RESTRUCTURED_DB/2016/sep/214238.json
2025-12-06 18:10:40,556 - INFO - 
[1857/2500] Processing G.R. No. 214243
2025-12-06 18:10:40,556 - INFO -   Title: Republic of the Philippines vs. Nilda B. Tampus...
2025-12-06 18:10:40,759 - INFO -   Case already exists: RESTRUCTURED_DB/2016/mar/214243.json
2025-12-06 18:10:41,259 - INFO - 
[1858/2500] Processing G.R. No. 214349
2025-12-06 18:10:41,259 - INFO -   Title: People of the Philippines vs. Leo Mendoza...
2025-12-06 18:10:41,638 - INFO -   Case already exists: RESTRUCTURED_DB/2016/apr/214349.json
2025-12-06 18:10:42,138 - INFO - 
[1859/2500] Processing G.R. No. 214399
2025-12-06 18:10:42,138 - INFO -   Title: Armando N. Puncia vs. Toyota/Pasig, Inc....
2025-12-06 18:10:42,516 - INFO -   Case already exists: RESTRUCTURED_DB/2016/jun/214399.json
2025-12-06 18:10:43,017 - INFO - 
[1860/2500] Processing G.R. No. 214430
2025-12-06 18:10:43,017 - INFO -   Title: Felicito M. Mejorado vs. Hon. Florencio B. Abad...
2025-12-06 18:10:43,221 - INFO -   Case already exists: RESTRUCTURED_DB/2016/mar/214430.json
2025-12-06 18:10:43,721 - INFO - 
[1861/2500] Processing G.R. No. 214440
2025-12-06 18:10:43,721 - INFO -   Title: People of the Philippines vs. Alex Mendez Rafols...
2025-12-06 18:10:43,926 - INFO -   Case already exists: RESTRUCTURED_DB/2016/jun/214440.json
2025-12-06 18:10:44,426 - INFO - 
[1862/2500] Processing G.R. No. 214450
2025-12-06 18:10:44,426 - INFO -   Title: People of the Philippines vs. Manuel Prado y Marasigan...
2025-12-06 18:10:44,630 - INFO -   Case already exists: RESTRUCTURED_DB/2016/aug/214450.json
2025-12-06 18:10:45,130 - INFO - 
[1863/2500] Processing G.R. No. 214473
2025-12-06 18:10:45,130 - INFO -   Title: People of the Philippines vs. Emeterio Medina Y Damo...
2025-12-06 18:10:45,506 - INFO -   Case already exists: RESTRUCTURED_DB/2016/jun/214473.json
2025-12-06 18:10:46,007 - INFO - 
[1864/2500] Processing G.R. No. 214503
2025-12-06 18:10:46,007 - INFO -   Title: People of the Philippines vs. Rico Enriquez y Cruz...
2025-12-06 18:10:46,383 - INFO -   Case already exists: RESTRUCTURED_DB/2016/jun/214503.json
2025-12-06 18:10:46,883 - INFO - 
[1865/2500] Processing G.R. No. 214567
2025-12-06 18:10:46,883 - INFO -   Title: Dra. Mercedes Oliver vs. Philippine Savings Bank and Lilia C...
2025-12-06 18:10:47,262 - INFO -   Case already exists: RESTRUCTURED_DB/2016/apr/214567.json
2025-12-06 18:10:47,762 - INFO - 
[1866/2500] Processing G.R. No. 214752
2025-12-06 18:10:47,762 - INFO -   Title: Equitable Savings Bank vs. Rosalinda C. Palces...
2025-12-06 18:10:47,966 - INFO -   Case already exists: RESTRUCTURED_DB/2016/mar/214752.json
2025-12-06 18:10:48,467 - INFO - 
[1867/2500] Processing G.R. No. 214772
2025-12-06 18:10:48,467 - INFO -   Title: People of the Philippines vs. Elson Santuille...
2025-12-06 18:10:48,670 - INFO -   Case already exists: RESTRUCTURED_DB/2016/nov/214772.json
2025-12-06 18:10:49,170 - INFO - 
[1868/2500] Processing G.R. No. 214901
2025-12-06 18:10:49,170 - INFO -   Title: Land Bank of the Philippines vs. Apolonio Kho...
2025-12-06 18:10:49,548 - INFO -   Case already exists: RESTRUCTURED_DB/2016/jun/214901.json
2025-12-06 18:10:50,049 - INFO - 
[1869/2500] Processing G.R. No. 214934
2025-12-06 18:10:50,049 - INFO -   Title: Pacific Rehouse Corporation vs. Joven L. Ngo, as Represented...
2025-12-06 18:10:50,426 - INFO -   Case already exists: RESTRUCTURED_DB/2016/apr/214934.json
2025-12-06 18:10:50,926 - INFO - 
[1870/2500] Processing G.R. No. 215014
2025-12-06 18:10:50,926 - INFO -   Title: Rebecca Fullido vs Gino Grill...
2025-12-06 18:10:51,303 - INFO -   Case already exists: RESTRUCTURED_DB/2016/feb/215014.json
2025-12-06 18:10:51,803 - INFO - 
[1871/2500] Processing G.R. No. 215038
2025-12-06 18:10:51,804 - INFO -   Title: Norma C. Magsano, Et Al. vs.  Pangasinan Savings and Loan Ba...
2025-12-06 18:10:52,008 - INFO -   Case already exists: RESTRUCTURED_DB/2016/oct/215038.json
2025-12-06 18:10:52,508 - INFO - 
[1872/2500] Processing G.R. No. 215047
2025-12-06 18:10:52,508 - INFO -   Title: Universal Canning Inc., et al. vs. Court of Appeals, et al....
2025-12-06 18:10:52,711 - INFO -   Case already exists: RESTRUCTURED_DB/2016/nov/215047.json
2025-12-06 18:10:53,211 - INFO - 
[1873/2500] Processing G.R. No. 215072
2025-12-06 18:10:53,211 - INFO -   Title: Philippine National Bank vs. Heirs of the Late Ireneo and Ca...
2025-12-06 18:10:53,589 - INFO -   Case already exists: RESTRUCTURED_DB/2016/sep/215072.json
2025-12-06 18:10:54,089 - INFO - 
[1874/2500] Processing G.R. No. 215107
2025-12-06 18:10:54,089 - INFO -   Title: Republic of the Philippines vs C.C. Unson Company, Inc....
2025-12-06 18:10:54,467 - INFO -   Case already exists: RESTRUCTURED_DB/2016/feb/215107.json
2025-12-06 18:10:54,967 - INFO - 
[1875/2500] Processing G.R. No. 215192
2025-12-06 18:10:54,967 - INFO -   Title: People of the Philippines vs. Bernabe M. Bartolini...
2025-12-06 18:10:55,344 - INFO -   Case already exists: RESTRUCTURED_DB/2016/jul/215192.json
2025-12-06 18:10:55,844 - INFO - 
[1876/2500] Processing G.R. No. 215198
2025-12-06 18:10:55,844 - INFO -   Title: The People of the Philippines vs. Jhun Villalon y Ordono...
2025-12-06 18:10:56,047 - INFO -   Case already exists: RESTRUCTURED_DB/2016/nov/215198.json
2025-12-06 18:10:56,548 - INFO - 
[1877/2500] Processing G.R. No. 215340
2025-12-06 18:10:56,548 - INFO -   Title: People of the Philippines vs. Gloria Caiz y Talvo...
2025-12-06 18:10:57,102 - INFO -   Case already exists: RESTRUCTURED_DB/2016/jul/215340.json
2025-12-06 18:10:57,602 - INFO - 
[1878/2500] Processing G.R. No. 215341
2025-12-06 18:10:57,602 - INFO -   Title: The People of the Philippines vs. Marlon Manson y Resultay...
2025-12-06 18:10:57,807 - INFO -   Case already exists: RESTRUCTURED_DB/2016/nov/215341.json
2025-12-06 18:10:58,307 - INFO - 
[1879/2500] Processing G.R. No. 215534
2025-12-06 18:10:58,307 - INFO -   Title: Commissioner of Internal Revenue vs. Liquigaz Philippines Co...
2025-12-06 18:10:58,685 - INFO -   Case already exists: RESTRUCTURED_DB/2016/apr/215534.json
2025-12-06 18:10:59,185 - INFO - 
[1880/2500] Processing G.R. No. 215551
2025-12-06 18:10:59,185 - INFO -   Title: Jakerson G. Gargallo vs. DOHLE Seafront Crewing, Inc., et al...
2025-12-06 18:10:59,390 - INFO -   Case already exists: RESTRUCTURED_DB/2016/aug/215551.json
2025-12-06 18:10:59,890 - INFO - 
[1881/2500] Processing G.R. No. 215640
2025-12-06 18:10:59,890 - INFO -   Title: Nestor Cabrera vs. Arnel Clarin, et al....
2025-12-06 18:11:00,267 - INFO -   Case already exists: RESTRUCTURED_DB/2016/nov/215640.json
2025-12-06 18:11:00,767 - INFO - 
[1882/2500] Processing G.R. No. 215715
2025-12-06 18:11:00,767 - INFO -   Title: People of the Philippines vs. Edcel Colorada...
2025-12-06 18:11:00,972 - INFO -   Case already exists: RESTRUCTURED_DB/2016/aug/215715.json
2025-12-06 18:11:01,473 - INFO - 
[1883/2500] Processing G.R. No. 215723
2025-12-06 18:11:01,473 - INFO -   Title: Doreen Grace Parilla Medina vs. Michiyuki Koike, et al....
2025-12-06 18:11:01,676 - INFO -   Case already exists: RESTRUCTURED_DB/2016/jul/215723.json
2025-12-06 18:11:02,176 - INFO - 
[1884/2500] Processing G.R. No. 215750
2025-12-06 18:11:02,177 - INFO -   Title: People of the Philippines vs. Carlito Tayao y Laya...
2025-12-06 18:11:02,552 - INFO -   Case already exists: RESTRUCTURED_DB/2016/aug/215750.json
2025-12-06 18:11:03,053 - INFO - 
[1885/2500] Processing G.R. No. 215759
2025-12-06 18:11:03,053 - INFO -   Title: Heirs of Andres Naya; Teresita B. Naya, Norma N. Orbiso, Car...
2025-12-06 18:11:03,256 - INFO -   Case already exists: RESTRUCTURED_DB/2016/nov/215759.json
2025-12-06 18:11:03,757 - INFO - 
[1886/2500] Processing G.R. No. 215764
2025-12-06 18:11:03,757 - INFO -   Title: Richard K. Tom vs. Samuel N. Rodriguez...
2025-12-06 18:11:03,960 - INFO -   Case already exists: RESTRUCTURED_DB/2016/jul/215764.json
2025-12-06 18:11:04,460 - INFO - 
[1887/2500] Processing G.R. No. 215802
2025-12-06 18:11:04,460 - INFO -   Title: Rizalina Gemina, et al. vs. Juanito Eugenio, et al....
2025-12-06 18:11:04,836 - INFO -   Case already exists: RESTRUCTURED_DB/2016/oct/215802.json
2025-12-06 18:11:05,336 - INFO - 
[1888/2500] Processing G.R. No. 215943
2025-12-06 18:11:05,336 - INFO -   Title: People of the Philippines vs. Randy Cloma y Caban...
2025-12-06 18:11:05,713 - INFO -   Case already exists: RESTRUCTURED_DB/2016/nov/215943.json
2025-12-06 18:11:06,213 - INFO - 
[1889/2500] Processing G.R. No. 215950
2025-12-06 18:11:06,213 - INFO -   Title: Tridharma Marketing Corporation vs. Court of Tax Appeals, et...
2025-12-06 18:11:06,592 - INFO -   Case already exists: RESTRUCTURED_DB/2016/jun/215950.json
2025-12-06 18:11:07,092 - INFO - 
[1890/2500] Processing G.R. No. 215954
2025-12-06 18:11:07,092 - INFO -   Title: Sps. Joven Sy and Corazon Que Sy vs. China Banking Corporati...
2025-12-06 18:11:07,474 - INFO -   Case already exists: RESTRUCTURED_DB/2016/aug/215954.json
2025-12-06 18:11:07,975 - INFO - 
[1891/2500] Processing G.R. No. 215994
2025-12-06 18:11:07,975 - INFO -   Title: Office of the Ombudsman and Field Investigation Office vs. R...
2025-12-06 18:11:08,179 - INFO -   Case already exists: RESTRUCTURED_DB/2016/jun/215994.json
2025-12-06 18:11:08,680 - INFO - 
[1892/2500] Processing G.R. No. 216010
2025-12-06 18:11:08,680 - INFO -   Title: People of the Philippines vs. Jimmy Ulanday...
2025-12-06 18:11:09,056 - INFO -   Case already exists: RESTRUCTURED_DB/2016/apr/216010.json
2025-12-06 18:11:09,557 - INFO - 
[1893/2500] Processing G.R. No. 216064
2025-12-06 18:11:09,557 - INFO -   Title: People of the Philippines vs. Antonio Dacanay y Tumalabcab...
2025-12-06 18:11:09,934 - INFO -   Case already exists: RESTRUCTURED_DB/2016/nov/216064.json
2025-12-06 18:11:10,434 - INFO - 
[1894/2500] Processing G.R. No. 216130
2025-12-06 18:11:10,434 - INFO -   Title: Commissioner Internal Revenue vs. Goodyear Philippines, Inc....
2025-12-06 18:11:10,639 - INFO -   Case already exists: RESTRUCTURED_DB/2016/aug/216130.json
2025-12-06 18:11:11,139 - INFO - 
[1895/2500] Processing G.R. No. 216146
2025-12-06 18:11:11,139 - INFO -   Title: Alfredo L. Chua, et al. vs. People of the Philippines...
2025-12-06 18:11:11,344 - INFO -   Case already exists: RESTRUCTURED_DB/2016/aug/216146.json
2025-12-06 18:11:11,844 - INFO - 
[1896/2500] Processing G.R. No. 216452
2025-12-06 18:11:11,844 - INFO -   Title: Ting Trucking/Mary Violaine A. Ting vs. John C. Makilan...
2025-12-06 18:11:12,058 - INFO -   Case already exists: RESTRUCTURED_DB/2016/jun/216452.json
2025-12-06 18:11:12,558 - INFO - 
[1897/2500] Processing G.R. No. 216566
2025-12-06 18:11:12,558 - INFO -   Title: Magellan Aerospace Corporation vs Philippine Air Force...
2025-12-06 18:11:12,934 - INFO -   Case already exists: RESTRUCTURED_DB/2016/feb/216566.json
2025-12-06 18:11:13,435 - INFO - 
[1898/2500] Processing G.R. No. 216572
2025-12-06 18:11:13,435 - INFO -   Title: Feliciano Legaspi vs. Commission on ElectionsDissenting Opin...
2025-12-06 18:11:13,814 - INFO -   Case already exists: RESTRUCTURED_DB/2016/apr/216572.json
2025-12-06 18:11:14,314 - INFO - 
[1899/2500] Processing G.R. No. 216600
2025-12-06 18:11:14,314 - INFO -   Title: Federal Express Corporation and Rhicke S. Jennings vs. Airfr...
2025-12-06 18:11:14,520 - INFO -   Case already exists: RESTRUCTURED_DB/2016/nov/216600.json
2025-12-06 18:11:15,020 - INFO - 
[1900/2500] Processing G.R. No. 216607
2025-12-06 18:11:15,020 - INFO -   Title: Arlene Llena Empayndao Chua vs. Commission on Elections, et ...
2025-12-06 18:11:15,400 - INFO -   Case already exists: RESTRUCTURED_DB/2016/apr/216607.json
2025-12-06 18:11:15,900 - INFO - 
[1901/2500] Processing G.R. No. 216671
2025-12-06 18:11:15,901 - INFO -   Title: Jerwin Dorado vs. People of the Philippines...
2025-12-06 18:11:16,113 - INFO -   Case already exists: RESTRUCTURED_DB/2016/oct/216671.json
2025-12-06 18:11:16,613 - INFO - 
[1902/2500] Processing G.R. No. 216776
2025-12-06 18:11:16,613 - INFO -   Title: Philippine Charity Sweepstakes Office (PCSO) vs. Chairperson...
2025-12-06 18:11:16,991 - INFO -   Case already exists: RESTRUCTURED_DB/2016/apr/216776.json
2025-12-06 18:11:17,491 - INFO - 
[1903/2500] Processing G.R. No. 217012
2025-12-06 18:11:17,491 - INFO -   Title: Wigberto "Toby" R. Tañada, Jr. vs. House of Representatives ...
2025-12-06 18:11:17,699 - INFO -   Case already exists: RESTRUCTURED_DB/2016/mar/217012.json
2025-12-06 18:11:18,199 - INFO - 
[1904/2500] Processing G.R. No. 217024
2025-12-06 18:11:18,199 - INFO -   Title: People of the Philippines vs. Rodel Bolo y Maldo...
2025-12-06 18:11:18,576 - INFO -   Case already exists: RESTRUCTURED_DB/2016/aug/217024.json
2025-12-06 18:11:19,076 - INFO - 
[1905/2500] Processing G.R. No. 217120
2025-12-06 18:11:19,076 - INFO -   Title: Republic of the Philippines vs. the Heirs of Spouses Florent...
2025-12-06 18:11:19,453 - INFO -   Case already exists: RESTRUCTURED_DB/2016/apr/217120.json
2025-12-06 18:11:19,953 - INFO - 
[1906/2500] Processing G.R. No. 217210
2025-12-06 18:11:19,953 - INFO -   Title: Republic of the Philippines vs. Capial Resources Corporation...
2025-12-06 18:11:20,157 - INFO -   Case already exists: RESTRUCTURED_DB/2016/nov/217210.json
2025-12-06 18:11:20,657 - INFO - 
[1907/2500] Processing G.R. No. 217379
2025-12-06 18:11:20,657 - INFO -   Title: People of the Philippines vs. Eduardo Marmol y Bauso, Jr....
2025-12-06 18:11:20,868 - INFO -   Case already exists: RESTRUCTURED_DB/2016/nov/217379.json
2025-12-06 18:11:21,368 - INFO - 
[1908/2500] Processing G.R. No. 217381
2025-12-06 18:11:21,368 - INFO -   Title: People of the Philippines vs. Vicente R. Salvador...
2025-12-06 18:11:21,577 - INFO -   Case already exists: RESTRUCTURED_DB/2016/jul/217381.json
2025-12-06 18:11:22,077 - INFO - 
[1909/2500] Processing G.R. No. 217508
2025-12-06 18:11:22,077 - INFO -   Title: Joseph Scott Pemberton vs. Hon. Leila M. De Lima, in Her Cap...
2025-12-06 18:11:22,455 - INFO -   Case already exists: RESTRUCTURED_DB/2016/apr/217508.json
2025-12-06 18:11:22,955 - INFO - 
[1910/2500] Processing G.R. No. 217575
2025-12-06 18:11:22,955 - INFO -   Title: South Cotabato Communications Corporation and Gauvain J. Ben...
2025-12-06 18:11:23,332 - INFO -   Case already exists: RESTRUCTURED_DB/2016/jun/217575.json
2025-12-06 18:11:23,832 - INFO - 
[1911/2500] Processing G.R. No. 217694
2025-12-06 18:11:23,832 - INFO -   Title: Fairland Knitcraft Corporation vs. Arturo Loo Po...
2025-12-06 18:11:24,037 - INFO -   Case already exists: RESTRUCTURED_DB/2016/jan/217694.json
2025-12-06 18:11:24,537 - INFO - 
[1912/2500] Processing G.R. No. 217725
2025-12-06 18:11:24,537 - INFO -   Title: Glenn A. Chong, et al. vs. Senate of the Philippines, et al....
2025-12-06 18:11:24,742 - INFO -   Case already exists: RESTRUCTURED_DB/2016/may/217725.json
2025-12-06 18:11:25,242 - INFO - 
[1913/2500] Processing G.R. No. 217732
2025-12-06 18:11:25,242 - INFO -   Title: Emilio S. Agcolicol, Jr. vs. Jerwin Casiño...
2025-12-06 18:11:25,620 - INFO -   Case already exists: RESTRUCTURED_DB/2016/jun/217732.json
2025-12-06 18:11:26,120 - INFO - 
[1914/2500] Processing G.R. No. 217799
2025-12-06 18:11:26,120 - INFO -   Title: Cita C. Perez vs. Fidel D. Aquino...
2025-12-06 18:11:26,324 - INFO -   Case already exists: RESTRUCTURED_DB/2016/mar/217799.json
2025-12-06 18:11:26,824 - INFO - 
[1915/2500] Processing G.R. No. 217872
2025-12-06 18:11:26,824 - INFO -   Title: Alliance for the Family Foundation, Philippines, Inc. (ALFI)...
2025-12-06 18:11:27,203 - INFO -   Case already exists: RESTRUCTURED_DB/2016/aug/217872.json
2025-12-06 18:11:27,703 - INFO - 
[1916/2500] Processing G.R. No. 217930
2025-12-06 18:11:27,704 - INFO -   Title: Spouses Jorge Navarra and Carmelita Navarra vs. Yolanda Lion...
2025-12-06 18:11:27,909 - INFO -   Case already exists: RESTRUCTURED_DB/2016/apr/217930.json
2025-12-06 18:11:28,409 - INFO - 
[1917/2500] Processing G.R. No. 217956
2025-12-06 18:11:28,409 - INFO -   Title: Republic of the Philippines vs. Limbonhai and Sons...
2025-12-06 18:11:28,619 - INFO -   Case already exists: RESTRUCTURED_DB/2016/nov/217956.json
2025-12-06 18:11:29,119 - INFO - 
[1918/2500] Processing G.R. No. 217999
2025-12-06 18:11:29,119 - INFO -   Title: Teresita P. De Guzman, et al. vs. Commission on Audit, et al...
2025-12-06 18:11:29,323 - INFO -   Case already exists: RESTRUCTURED_DB/2016/jul/217999.json
2025-12-06 18:11:29,824 - INFO - 
[1919/2500] Processing G.R. No. 218009
2025-12-06 18:11:29,824 - INFO -   Title: Marvin G. Felipe and Reynante L. Velasco vs. Danilo Divina T...
2025-12-06 18:11:30,027 - INFO -   Case already exists: RESTRUCTURED_DB/2016/sep/218009.json
2025-12-06 18:11:30,528 - INFO - 
[1920/2500] Processing G.R. No. 218014
2025-12-06 18:11:30,528 - INFO -   Title: Eddie Cortel y Carna and Yellow Bus Line, Inc. vs. Cecile Ge...
2025-12-06 18:11:30,903 - INFO -   Case already exists: RESTRUCTURED_DB/2016/dec/218014.json
2025-12-06 18:11:31,403 - INFO - 
[1921/2500] Processing G.R. No. 218072
2025-12-06 18:11:31,403 - INFO -   Title: Metropolitan Naga Water District, et al. vs. Commission on A...
2025-12-06 18:11:31,779 - INFO -   Case already exists: RESTRUCTURED_DB/2016/mar/218072.json
2025-12-06 18:11:32,279 - INFO - 
[1922/2500] Processing G.R. No. 218086
2025-12-06 18:11:32,279 - INFO -   Title: People of the Philippines vs. Charlie Balisong...
2025-12-06 18:11:32,657 - INFO -   Case already exists: RESTRUCTURED_DB/2016/aug/218086.json
2025-12-06 18:11:33,157 - INFO - 
[1923/2500] Processing G.R. No. 218172
2025-12-06 18:11:33,157 - INFO -   Title: Universal Robina Sugar Milling Corporation vs. Elmer Ablay, ...
2025-12-06 18:11:33,962 - INFO -   Case already exists: RESTRUCTURED_DB/2016/mar/218172.json
2025-12-06 18:11:34,462 - INFO - 
[1924/2500] Processing G.R. No. 218240
2025-12-06 18:11:34,462 - INFO -   Title: Engr. Pablito S. Paluca vs. Commission on Audit...
2025-12-06 18:11:34,853 - INFO -   Case already exists: RESTRUCTURED_DB/2016/jun/218240.json
2025-12-06 18:11:35,353 - INFO - 
[1925/2500] Processing G.R. No. 218333
2025-12-06 18:11:35,353 - INFO -   Title: Eddie Cortel y Carna and Yellow Bus Line, Inc. vs. Romeo V. ...
2025-12-06 18:11:35,572 - INFO -   Case already exists: RESTRUCTURED_DB/2016/dec/218333.json
2025-12-06 18:11:36,072 - INFO - 
[1926/2500] Processing G.R. No. 218345
2025-12-06 18:11:36,072 - INFO -   Title: Republic of the Philippines vs. the Estate of Virginia Santo...
2025-12-06 18:11:36,467 - INFO -   Case already exists: RESTRUCTURED_DB/2016/dec/218345.json
2025-12-06 18:11:36,967 - INFO - 
[1927/2500] Processing G.R. No. 218363
2025-12-06 18:11:36,968 - INFO -   Title: Engr. Artemio A. Quintero, Jr. vs. Commission on Audit...
2025-12-06 18:11:37,188 - INFO -   Case already exists: RESTRUCTURED_DB/2016/may/218363.json
2025-12-06 18:11:37,688 - INFO - 
[1928/2500] Processing G.R. No. 218396
2025-12-06 18:11:37,688 - INFO -   Title: People of the Philippines vs Nestor Roxas y Castro...
2025-12-06 18:11:38,080 - INFO -   Case already exists: RESTRUCTURED_DB/2016/feb/218396.json
2025-12-06 18:11:38,580 - INFO - 
[1929/2500] Processing G.R. No. 218399
2025-12-06 18:11:38,581 - INFO -   Title: People of the Philippines vs. Godofredo Comboy y Cronico...
2025-12-06 18:11:38,972 - INFO -   Case already exists: RESTRUCTURED_DB/2016/mar/218399.json
2025-12-06 18:11:39,473 - INFO - 
[1930/2500] Processing G.R. No. 218406
2025-12-06 18:11:39,473 - INFO -   Title: Philippine Constitution Association (PHILCONSA), et al. vs. ...
2025-12-06 18:11:39,866 - INFO -   Case already exists: RESTRUCTURED_DB/2016/nov/218406.json
2025-12-06 18:11:40,366 - INFO - 
[1931/2500] Processing G.R. No. 218578
2025-12-06 18:11:40,366 - INFO -   Title: People of the Philippines vs. Enrico Briones Badilla...
2025-12-06 18:11:40,762 - INFO -   Case already exists: RESTRUCTURED_DB/2016/aug/218578.json
2025-12-06 18:11:41,262 - INFO - 
[1932/2500] Processing G.R. No. 218665
2025-12-06 18:11:41,262 - INFO -   Title: Julius Bautista, et al. vs. Lt. Col. Benito Doniego, Jr., et...
2025-12-06 18:11:41,474 - INFO -   Case already exists: RESTRUCTURED_DB/2016/jul/218665.json
2025-12-06 18:11:41,974 - INFO - 
[1933/2500] Processing G.R. No. 218809
2025-12-06 18:11:41,975 - INFO -   Title: People of the Philippines vs. Allan Egagamao...
2025-12-06 18:11:42,194 - INFO -   Case already exists: RESTRUCTURED_DB/2016/aug/218809.json
2025-12-06 18:11:42,694 - INFO - 
[1934/2500] Processing G.R. No. 218867
2025-12-06 18:11:42,694 - INFO -   Title: Spouses Edmon Lee and Helen Huang vs Land Bank of the Philip...
2025-12-06 18:11:43,086 - INFO -   Case already exists: RESTRUCTURED_DB/2016/feb/218867.json
2025-12-06 18:11:43,587 - INFO - 
[1935/2500] Processing G.R. No. 218891
2025-12-06 18:11:43,587 - INFO -   Title: Edmund Bulauitan y Mauayan vs. People of the Philippines...
2025-12-06 18:11:43,979 - INFO -   Case already exists: RESTRUCTURED_DB/2016/sep/218891.json
2025-12-06 18:11:44,480 - INFO - 
[1936/2500] Processing G.R. No. 218980
2025-12-06 18:11:44,480 - INFO -   Title: Philippine Auto Components, Inc. vs. Ronnie B. Jumadla, et a...
2025-12-06 18:11:44,871 - INFO -   Case already exists: RESTRUCTURED_DB/2016/nov/218980.json
2025-12-06 18:11:45,371 - INFO - 
[1937/2500] Processing G.R. No. 219071
2025-12-06 18:11:45,371 - INFO -   Title: Sps. Charito M. Reyes and Roberto Reyes, et al. vs. Heir of ...
2025-12-06 18:11:45,767 - INFO -   Case already exists: RESTRUCTURED_DB/2016/aug/219071.json
2025-12-06 18:11:46,267 - INFO - 
[1938/2500] Processing G.R. No. 219430
2025-12-06 18:11:46,267 - INFO -   Title: Jinky S. Sta. Isabel vs. Perla Compañia De Seguros, Inc....
2025-12-06 18:11:46,482 - INFO -   Case already exists: RESTRUCTURED_DB/2016/nov/219430.json
2025-12-06 18:11:46,982 - INFO - 
[1939/2500] Processing G.R. No. 219468
2025-12-06 18:11:46,982 - INFO -   Title: Jose Burgos, Jr. vs. Spouses Eladio Sj. Naval, et al....
2025-12-06 18:11:47,193 - INFO -   Case already exists: RESTRUCTURED_DB/2016/jun/219468.json
2025-12-06 18:11:47,693 - INFO - 
[1940/2500] Processing G.R. No. 219510
2025-12-06 18:11:47,693 - INFO -   Title: Marlon Curammeng y Pablo vs. People of the Philippines...
2025-12-06 18:11:48,085 - INFO -   Case already exists: RESTRUCTURED_DB/2016/nov/219510.json
2025-12-06 18:11:48,585 - INFO - 
[1941/2500] Processing G.R. No. 219558
2025-12-06 18:11:48,585 - INFO -   Title: Heirs of Johnny Aoas vs. Juliet As-Il...
2025-12-06 18:11:48,807 - INFO -   Case already exists: RESTRUCTURED_DB/2016/oct/219558.json
2025-12-06 18:11:49,307 - INFO - 
[1942/2500] Processing G.R. No. 219569
2025-12-06 18:11:49,307 - INFO -   Title: HSY Marketing Ltd., Co. vs. Virgilio O. Villastique...
2025-12-06 18:11:49,700 - INFO -   Case already exists: RESTRUCTURED_DB/2016/aug/219569.json
2025-12-06 18:11:50,201 - INFO - 
[1943/2500] Processing G.R. No. 219592
2025-12-06 18:11:50,201 - INFO -   Title: People of the Philippines vs. Arthur Parcon y Espinosa...
2025-12-06 18:11:50,411 - INFO -   Case already exists: RESTRUCTURED_DB/2016/aug/219592.json
2025-12-06 18:11:50,911 - INFO - 
[1944/2500] Processing G.R. No. 219638
2025-12-06 18:11:50,912 - INFO -   Title: Marcelino Repuela and Cipriano Repuela, et al vs. Estate of ...
2025-12-06 18:11:51,304 - INFO -   Case already exists: RESTRUCTURED_DB/2016/dec/219638.json
2025-12-06 18:11:51,804 - INFO - 
[1945/2500] Processing G.R. No. 219783
2025-12-06 18:11:51,804 - INFO -   Title: Spouses Ernesto Tatlonghari and Eugenia Tatlonghari vs. Bang...
2025-12-06 18:11:52,022 - INFO -   Case already exists: RESTRUCTURED_DB/2016/aug/219783.json
2025-12-06 18:11:52,522 - INFO - 
[1946/2500] Processing G.R. No. 219811
2025-12-06 18:11:52,522 - INFO -   Title: Rex Daclison vs. Eduardo Baytion...
2025-12-06 18:11:52,733 - INFO -   Case already exists: RESTRUCTURED_DB/2016/apr/219811.json
2025-12-06 18:11:53,233 - INFO - 
[1947/2500] Processing G.R. No. 219815
2025-12-06 18:11:53,233 - INFO -   Title: J.O.S. Managing Builders, Inc. and Eduardo B. Olaguer vs. Un...
2025-12-06 18:11:53,625 - INFO -   Case already exists: RESTRUCTURED_DB/2016/sep/219815.json
2025-12-06 18:11:54,125 - INFO - 
[1948/2500] Processing G.R. No. 219830
2025-12-06 18:11:54,125 - INFO -   Title: People of the Philippines vs. Roberto O. Batuhan and Ashley ...
2025-12-06 18:11:54,518 - INFO -   Case already exists: RESTRUCTURED_DB/2016/aug/219830.json
2025-12-06 18:11:55,018 - INFO - 
[1949/2500] Processing G.R. No. 219855
2025-12-06 18:11:55,018 - INFO -   Title: People of the Philippines vs. Romeo Lintag y Laureola...
2025-12-06 18:11:55,229 - INFO -   Case already exists: RESTRUCTURED_DB/2016/sep/219855.json
2025-12-06 18:11:55,730 - INFO - 
[1950/2500] Processing G.R. No. 220023
2025-12-06 18:11:55,730 - INFO -   Title: People of the Philippines vs. Dario Tuboro y Rafael...
2025-12-06 18:11:56,122 - INFO -   Case already exists: RESTRUCTURED_DB/2016/aug/220023.json
2025-12-06 18:11:56,622 - INFO - 
[1951/2500] Processing G.R. No. 220333
2025-12-06 18:11:56,622 - INFO -   Title: Antonio Gamboa y Delos Santos vs. People of the Philippines...
2025-12-06 18:11:57,014 - INFO -   Case already exists: RESTRUCTURED_DB/2016/nov/220333.json
2025-12-06 18:11:57,514 - INFO - 
[1952/2500] Processing G.R. No. 220383
2025-12-06 18:11:57,514 - INFO -   Title: Sonedco Workers Free Labor Union (Swoflu) / Renato Yude, Et ...
2025-12-06 18:11:57,908 - INFO -   Case already exists: RESTRUCTURED_DB/2016/oct/220383.json
2025-12-06 18:11:58,408 - INFO - 
[1953/2500] Processing G.R. No. 220399
2025-12-06 18:11:58,408 - INFO -   Title: Enrique Y. Sagun vs. Anz Global Services and Operations (Man...
2025-12-06 18:11:58,620 - INFO -   Case already exists: RESTRUCTURED_DB/2016/aug/220399.json
2025-12-06 18:11:59,121 - INFO - 
[1954/2500] Processing G.R. No. 220449
2025-12-06 18:11:59,121 - INFO -   Title: People of the Philippines vs. Rusgie Garrucho y Serrano...
2025-12-06 18:11:59,517 - INFO -   Case already exists: RESTRUCTURED_DB/2016/jul/220449.json
2025-12-06 18:12:00,017 - INFO - 
[1955/2500] Processing G.R. No. 220461
2025-12-06 18:12:00,017 - INFO -   Title: The People of the Philippines vs. Sps. Primo C. Ybañez and N...
2025-12-06 18:12:00,228 - INFO -   Case already exists: RESTRUCTURED_DB/2016/aug/220461.json
2025-12-06 18:12:00,728 - INFO - 
[1956/2500] Processing G.R. No. 220479
2025-12-06 18:12:00,728 - INFO -   Title: Pasda, Incorporated vs. Reynaldo P. Dimayacyac, Sr., Substit...
2025-12-06 18:12:01,662 - INFO -   Case already exists: RESTRUCTURED_DB/2016/aug/220479.json
2025-12-06 18:12:02,162 - INFO - 
[1957/2500] Processing G.R. No. 220481
2025-12-06 18:12:02,162 - INFO -   Title: Victor S. Limlingan and Emmanuel A. Leyco vs. Asian Institut...
2025-12-06 18:12:02,737 - INFO -   Case already exists: RESTRUCTURED_DB/2016/feb/220481.json
2025-12-06 18:12:03,237 - INFO - 
[1958/2500] Processing G.R. No. 220546
2025-12-06 18:12:03,237 - INFO -   Title: Luzon Iron Development Group Corporation and Consolidated Ir...
2025-12-06 18:12:03,810 - INFO -   Case already exists: RESTRUCTURED_DB/2016/dec/220546.json
2025-12-06 18:12:04,310 - INFO - 
[1959/2500] Processing G.R. No. 220605
2025-12-06 18:12:04,310 - INFO -   Title: Coca-Cola Femsa Philippines, Inc. vs. Bacolod Sales Force Un...
2025-12-06 18:12:04,702 - INFO -   Case already exists: RESTRUCTURED_DB/2016/sep/220605.json
2025-12-06 18:12:05,203 - INFO - 
[1960/2500] Processing G.R. No. 220608
2025-12-06 18:12:05,203 - INFO -   Title: Marcelino T. Tamin vs. Magsaysay Maritime Corporation and/or...
2025-12-06 18:12:05,777 - INFO -   Case already exists: RESTRUCTURED_DB/2016/aug/220608.json
2025-12-06 18:12:06,278 - INFO - 
[1961/2500] Processing G.R. No. 220629
2025-12-06 18:12:06,278 - INFO -   Title: Genaro G. Calimlim vs. Wallem Maritime Services, Inc., et al...
2025-12-06 18:12:06,669 - INFO -   Case already exists: RESTRUCTURED_DB/2016/nov/220629.json
2025-12-06 18:12:07,169 - INFO - 
[1962/2500] Processing G.R. No. 220715
2025-12-06 18:12:07,169 - INFO -   Title: People of the Philippines vs. Ronnie Boy Eda y Casani...
2025-12-06 18:12:07,743 - INFO -   Case already exists: RESTRUCTURED_DB/2016/aug/220715.json
2025-12-06 18:12:08,244 - INFO - 
[1963/2500] Processing G.R. No. 220732
2025-12-06 18:12:08,244 - INFO -   Title: Elmer G. Sindac vs. the People of the Philippines...
2025-12-06 18:12:08,636 - INFO -   Case already exists: RESTRUCTURED_DB/2016/sep/220732.json
2025-12-06 18:12:09,136 - INFO - 
[1964/2500] Processing G.R. No. 220978
2025-12-06 18:12:09,137 - INFO -   Title: Century Properties, Inc. vs. Edwin J. Babiano and Emma B. Co...
2025-12-06 18:12:09,710 - INFO -   Case already exists: RESTRUCTURED_DB/2016/jul/220978.json
2025-12-06 18:12:10,211 - INFO - 
[1965/2500] Processing G.R. No. 220998
2025-12-06 18:12:10,211 - INFO -   Title: Holcim Philippines, Inc. vs. Renante J. Obra...
2025-12-06 18:12:10,603 - INFO -   Case already exists: RESTRUCTURED_DB/2016/aug/220998.json
2025-12-06 18:12:11,104 - INFO - 
[1966/2500] Processing G.R. No. 221047
2025-12-06 18:12:11,104 - INFO -   Title: Michael A. Onstott vs. Upper Tagpos Neighborhood Association...
2025-12-06 18:12:11,498 - INFO -   Case already exists: RESTRUCTURED_DB/2016/sep/221047.json
2025-12-06 18:12:11,998 - INFO - 
[1967/2500] Processing G.R. No. 221241
2025-12-06 18:12:11,998 - INFO -   Title: Mario N. Felicilda vs. Manchesteve H. Uy...
2025-12-06 18:12:12,390 - INFO -   Case already exists: RESTRUCTURED_DB/2016/sep/221241.json
2025-12-06 18:12:12,890 - INFO - 
[1968/2500] Processing G.R. No. 221465
2025-12-06 18:12:12,890 - INFO -   Title: People of the Philippines vs. Rodelio Lopez y Capuli...
2025-12-06 18:12:13,281 - INFO -   Case already exists: RESTRUCTURED_DB/2016/nov/221465.json
2025-12-06 18:12:13,781 - INFO - 
[1969/2500] Processing G.R. No. 221538
2025-12-06 18:12:13,781 - INFO -   Title: Rizalito Y. David, vs. Senate Electoral Tribunal and Mary Gr...
2025-12-06 18:12:15,129 - INFO -   Case already exists: RESTRUCTURED_DB/2016/sep/221538.json
2025-12-06 18:12:15,629 - INFO - 
[1970/2500] Processing G.R. No. 221562
2025-12-06 18:12:15,629 - INFO -   Title: Commo. Laberto R. Torres (Ret.) vs. Sandiganbayan (First Div...
2025-12-06 18:12:16,461 - WARNING -   ✗ Could not fetch case from any URL
2025-12-06 18:12:16,461 - INFO - 
[1971/2500] Processing G.R. No. 221636
2025-12-06 18:12:16,461 - INFO -   Title: Land Bank of the Philippines vs. the Court of Appeals and He...
2025-12-06 18:12:16,851 - INFO -   Case already exists: RESTRUCTURED_DB/2016/jul/221636.json
2025-12-06 18:12:17,351 - INFO - 
[1972/2500] Processing G.R. No. 221770
2025-12-06 18:12:17,351 - INFO -   Title: Nanito Z. Evangelista vs. Sps. Nereo V. Andolong III, et al....
2025-12-06 18:12:17,743 - INFO -   Case already exists: RESTRUCTURED_DB/2016/nov/221770.json
2025-12-06 18:12:18,243 - INFO - 
[1973/2500] Processing G.R. No. 221848
2025-12-06 18:12:18,243 - INFO -   Title: Field Investigation Office of the Office of the Ombudsman vs...
2025-12-06 18:12:18,635 - INFO -   Case already exists: RESTRUCTURED_DB/2016/aug/221848.json
2025-12-06 18:12:19,136 - INFO - 
[1974/2500] Processing G.R. No. 221864
2025-12-06 18:12:19,136 - INFO -   Title: Celerna Calayag, Et Al. vs. Sulpicio Lines, Inc....
2025-12-06 18:12:19,713 - INFO -   Case already exists: RESTRUCTURED_DB/2016/sep/221864.json
2025-12-06 18:12:20,214 - INFO - 
[1975/2500] Processing G.R. No. 221897
2025-12-06 18:12:20,214 - INFO -   Title: Isidro Quebral, et al. vs. Angbus Construction, Inc. and Ang...
2025-12-06 18:12:20,605 - INFO -   Case already exists: RESTRUCTURED_DB/2016/nov/221897.json
2025-12-06 18:12:21,106 - INFO - 
[1976/2500] Processing G.R. No. 222236
2025-12-06 18:12:21,106 - INFO -   Title: Harlin C. Abayon vs. House of Representatives Electoral Trib...
2025-12-06 18:12:21,679 - INFO -   Case already exists: RESTRUCTURED_DB/2016/may/222236.json
2025-12-06 18:12:22,179 - INFO - 
[1977/2500] Processing G.R. No. 222236
2025-12-06 18:12:22,179 - INFO -   Title: Harlin C. Abayon vs. House of Representatives Electoral Trib...
2025-12-06 18:12:23,009 - WARNING -   ✗ Could not fetch case from any URL
2025-12-06 18:12:23,009 - INFO - 
[1978/2500] Processing G.R. No. 222424
2025-12-06 18:12:23,009 - INFO -   Title: Fontana Development Corp., et al. vs. Sascha Vukasinovic...
2025-12-06 18:12:23,399 - INFO -   Case already exists: RESTRUCTURED_DB/2016/sep/222424.json
2025-12-06 18:12:23,900 - INFO - 
[1979/2500] Processing G.R. No. 222658
2025-12-06 18:12:23,900 - INFO -   Title: People of the Philippines vs. Mario Galia Bagamano...
2025-12-06 18:12:24,291 - INFO -   Case already exists: RESTRUCTURED_DB/2016/aug/222658.json
2025-12-06 18:12:24,792 - INFO - 
[1980/2500] Processing G.R. No. 222702
2025-12-06 18:12:24,792 - INFO -   Title: Rappler, Inc. vs. Andres D. Bautista...
2025-12-06 18:12:25,183 - INFO -   Case already exists: RESTRUCTURED_DB/2016/apr/222702.json
2025-12-06 18:12:25,683 - INFO - 
[1981/2500] Processing G.R. No. 222730
2025-12-06 18:12:25,683 - INFO -   Title: Buenaflor Car Services, Inc. vs. Cezar Durumpili David, Jr....
2025-12-06 18:12:26,075 - INFO -   Case already exists: RESTRUCTURED_DB/2016/nov/222730.json
2025-12-06 18:12:26,575 - INFO - 
[1982/2500] Processing G.R. No. 222731
2025-12-06 18:12:26,575 - INFO -   Title: Bagumbayan-VNP Movement, Inc., and Richard J. Gordon, as Cha...
2025-12-06 18:12:26,969 - INFO -   Case already exists: RESTRUCTURED_DB/2016/mar/222731.json
2025-12-06 18:12:27,469 - INFO - 
[1983/2500] Processing G.R. No. 222740
2025-12-06 18:12:27,469 - INFO -   Title: St. Luke'S College of Medicine-William H. Quasha Memorial Fo...
2025-12-06 18:12:28,042 - INFO -   Case already exists: RESTRUCTURED_DB/2016/sep/222740.json
2025-12-06 18:12:28,543 - INFO - 
[1984/2500] Processing G.R. No. 223076
2025-12-06 18:12:28,543 - INFO -   Title: Pilar Cañeda Braga, et al. vs. Hon. Joseph Emilio A. Abaya...
2025-12-06 18:12:28,936 - INFO -   Case already exists: RESTRUCTURED_DB/2016/sep/223076.json
2025-12-06 18:12:29,436 - INFO - 
[1985/2500] Processing G.R. No. 223290
2025-12-06 18:12:29,436 - INFO -   Title: Woodrow B. Camaso vs. TSM Shipping (Phils), Inc., UTKILEN, a...
2025-12-06 18:12:29,647 - INFO -   Case already exists: RESTRUCTURED_DB/2016/nov/223290.json
2025-12-06 18:12:30,147 - INFO - 
[1986/2500] Processing G.R. No. 223625
2025-12-06 18:12:30,147 - INFO -   Title: National Transmission Corporation vs. Commission on Audit (C...
2025-12-06 18:12:30,539 - INFO -   Case already exists: RESTRUCTURED_DB/2016/nov/223625.json
2025-12-06 18:12:31,040 - INFO - 
[1987/2500] Processing G.R. No. 223852
2025-12-06 18:12:31,040 - INFO -   Title: Edna Roque Aleguela, Et Al. vs. Eastern Petroleum Corporatio...
2025-12-06 18:12:31,430 - INFO -   Case already exists: RESTRUCTURED_DB/2016/sep/223852.json
2025-12-06 18:12:31,931 - INFO - 
[1988/2500] Processing G.R. No. 224302
2025-12-06 18:12:31,931 - INFO -   Title: Hon. Philip A. Aguinaldo, et al. vs. His Excellency Presiden...
2025-12-06 18:12:32,689 - INFO -   Case already exists: RESTRUCTURED_DB/2016/nov/224302.json
2025-12-06 18:12:33,189 - INFO - 
[1989/2500] Processing G.R. No. 224804
2025-12-06 18:12:33,190 - INFO -   Title: Efren R. Leynes vs. People of the Philippines...
2025-12-06 18:12:33,400 - INFO -   Case already exists: RESTRUCTURED_DB/2016/sep/224804.json
2025-12-06 18:12:33,901 - INFO - 
[1990/2500] Processing G.R. No. 224889
2025-12-06 18:12:33,901 - INFO -   Title: People of the Philippines vs. Mc Henry Suarez y Zurita, John...
2025-12-06 18:12:34,293 - INFO -   Case already exists: RESTRUCTURED_DB/2016/oct/224889.json
2025-12-06 18:12:34,793 - INFO - 
[1991/2500] Processing G.R. No. 225141
2025-12-06 18:12:34,793 - INFO -   Title: Energy Regulatory Commission vs. Hon. Gregorio L. Vega, Jr.,...
2025-12-06 18:12:35,003 - INFO -   Case already exists: RESTRUCTURED_DB/2016/sep/225141.json
2025-12-06 18:12:35,503 - INFO - 
[1992/2500] Processing G.R. No. 225973
2025-12-06 18:12:35,503 - INFO -   Title: Saturnino C. Ocampo, et al. vs. Rear Admiral Ernesto C. Enri...
2025-12-06 18:12:36,268 - INFO -   Case already exists: RESTRUCTURED_DB/2016/nov/225973.json
2025-12-06 18:12:36,768 - INFO - 
[1993/2500] Processing G.R. No. 227146
2025-12-06 18:12:36,769 - INFO -   Title: Radiowealth Finance Company, Inc. vs. Romeo T. Nolasco and R...
2025-12-06 18:12:36,980 - INFO -   Case already exists: RESTRUCTURED_DB/2016/nov/227146.json
2025-12-06 18:12:37,480 - INFO - 
[1994/2500] Processing G.R. No. 159139
2025-12-06 18:12:37,480 - INFO -   Title: Information Technology Foundation of the Philippines, et al....
2025-12-06 18:12:37,878 - INFO -   Case already exists: RESTRUCTURED_DB/2017/jun/159139.json
2025-12-06 18:12:38,378 - INFO - 
[1995/2500] Processing G.R. No. 164482
2025-12-06 18:12:38,378 - INFO -   Title: Lourdes J. Estrellado, et al. vs. the Presiding Judge of the...
2025-12-06 18:12:38,771 - INFO -   Case already exists: RESTRUCTURED_DB/2017/nov/164482.json
2025-12-06 18:12:39,271 - INFO - 
[1996/2500] Processing G.R. No. 167952
2025-12-06 18:12:39,271 - INFO -   Title: Gonzalo Puyat & Sons, Inc. vs. Ruben Alcaide (deceased) subs...
2025-12-06 18:12:39,482 - INFO -   Case already exists: RESTRUCTURED_DB/2017/jul/167952.json
2025-12-06 18:12:39,982 - INFO - 
[1997/2500] Processing G.R. No. 168065
2025-12-06 18:12:39,982 - INFO -   Title: Trinidad Diaz-Enriquez represented by her Attorney-in-fact, ...
2025-12-06 18:12:40,376 - INFO -   Case already exists: RESTRUCTURED_DB/2017/sep/168065.json
2025-12-06 18:12:40,876 - INFO - 
[1998/2500] Processing G.R. No. 170316
2025-12-06 18:12:40,876 - INFO -   Title: Republic of the Philippines vs. Spouses Joel and Andrea Nova...
2025-12-06 18:12:41,270 - INFO -   Case already exists: RESTRUCTURED_DB/2017/sep/170316.json
2025-12-06 18:12:41,770 - INFO - 
[1999/2500] Processing G.R. No. 170341
2025-12-06 18:12:41,770 - INFO -   Title: Manila Bulletin Publishing Corporation and Ruther Batuigas v...
2025-12-06 18:12:42,167 - INFO -   Case already exists: RESTRUCTURED_DB/2017/jul/170341.json
2025-12-06 18:12:42,668 - INFO - 
[2000/2500] Processing G.R. No. 171836
2025-12-06 18:12:42,668 - INFO -   Title: Department of Agrarian Reform vs. Susie Irene Galle/Land Ban...
2025-12-06 18:12:43,062 - INFO -   Case already exists: RESTRUCTURED_DB/2017/oct/171836.json
2025-12-06 18:12:43,562 - INFO - 
[2001/2500] Processing G.R. No. 172193
2025-12-06 18:12:43,562 - INFO -   Title: Celerino Chua Alias Suntay vs. People of the Philippines...
2025-12-06 18:12:43,955 - INFO -   Case already exists: RESTRUCTURED_DB/2017/sep/172193.json
2025-12-06 18:12:44,455 - INFO - 
[2002/2500] Processing G.R. No. 173120
2025-12-06 18:12:44,455 - INFO -   Title: Sps. Yu Hwa Ping and Mary Gaw vs. Ayala Land, Inc./Heirs of ...
2025-12-06 18:12:44,851 - INFO -   Case already exists: RESTRUCTURED_DB/2017/jul/173120.json
2025-12-06 18:12:45,351 - INFO - 
[2003/2500] Processing G.R. No. 174670
2025-12-06 18:12:45,351 - INFO -   Title: Philcontrust Resources, Inc. vs. Carlos Santiago, et al....
2025-12-06 18:12:45,745 - INFO -   Case already exists: RESTRUCTURED_DB/2017/jul/174670.json
2025-12-06 18:12:46,245 - INFO - 
[2004/2500] Processing G.R. No. 175772
2025-12-06 18:12:46,245 - INFO -   Title: Mitsubishi Corporation - Manila Branch vs. Commissioner of I...
2025-12-06 18:12:46,458 - INFO -   Case already exists: RESTRUCTURED_DB/2017/jun/175772.json
2025-12-06 18:12:46,958 - INFO - 
[2005/2500] Processing G.R. No. 176721
2025-12-06 18:12:46,958 - INFO -   Title: Municipality of Cainta vs. City Pasig and Uniwide Sales Ware...
2025-12-06 18:12:47,788 - WARNING -   ✗ Could not fetch case from any URL
2025-12-06 18:12:47,788 - INFO - 
[2006/2500] Processing G.R. No. 177000
2025-12-06 18:12:47,788 - INFO -   Title: Nestor Guelos, et al. vs. People of the Philippines...
2025-12-06 18:12:48,181 - INFO -   Case already exists: RESTRUCTURED_DB/2017/jun/177000.json
2025-12-06 18:12:48,681 - INFO - 
[2007/2500] Processing G.R. No. 177246
2025-12-06 18:12:48,681 - INFO -   Title: Antonio A. Sombilon vs. People of the Philippines...
2025-12-06 18:12:48,892 - INFO -   Case already exists: RESTRUCTURED_DB/2017/sep/177246.json
2025-12-06 18:12:49,393 - INFO - 
[2008/2500] Processing G.R. No. 178379
2025-12-06 18:12:49,393 - INFO -   Title: Crispin S. Frondozo, et al. vs. Manila Electric Company...
2025-12-06 18:12:49,785 - INFO -   Case already exists: RESTRUCTURED_DB/2017/aug/178379.json
2025-12-06 18:12:50,286 - INFO - 
[2009/2500] Processing G.R. No. 179732
2025-12-06 18:12:50,286 - INFO -   Title: Department of Public Works and Highways vs. Cmc/Monark/Pacif...
2025-12-06 18:12:50,683 - INFO -   Case already exists: RESTRUCTURED_DB/2017/sep/179732.json
2025-12-06 18:12:51,183 - INFO - 
[2010/2500] Processing G.R. No. 179757
2025-12-06 18:12:51,183 - INFO -   Title: Leonardo P. Casona vs. People of the Philippines...
2025-12-06 18:12:51,401 - INFO -   Case already exists: RESTRUCTURED_DB/2017/sep/179757.json
2025-12-06 18:12:51,901 - INFO - 
[2011/2500] Processing G.R. No. 180447
2025-12-06 18:12:51,902 - INFO -   Title: People of the Philippines vs. Fernando Geronimo y Agustine, ...
2025-12-06 18:12:52,113 - INFO -   Case already exists: RESTRUCTURED_DB/2017/aug/180447.json
2025-12-06 18:12:52,613 - INFO - 
[2012/2500] Processing G.R. No. 180586
2025-12-06 18:12:52,613 - INFO -   Title: Arnelio B. Calma vs. People of the Philippines...
2025-12-06 18:12:53,005 - INFO -   Case already exists: RESTRUCTURED_DB/2017/nov/180586.json
2025-12-06 18:12:53,505 - INFO - 
[2013/2500] Processing G.R. No. 180745
2025-12-06 18:12:53,505 - INFO -   Title: Alberta De Joya Iglesias vs. the Office of the Ombudsman...
2025-12-06 18:12:53,900 - INFO -   Case already exists: RESTRUCTURED_DB/2017/aug/180745.json
2025-12-06 18:12:54,400 - INFO - 
[2014/2500] Processing G.R. No. 180969
2025-12-06 18:12:54,401 - INFO -   Title: Noel Navaja vs. Hon. Manuel A. De Castro or His Successor...
2025-12-06 18:12:54,612 - INFO -   Case already exists: RESTRUCTURED_DB/2017/sep/180969.json
2025-12-06 18:12:55,113 - INFO - 
[2015/2500] Processing G.R. No. 181435
2025-12-06 18:12:55,113 - INFO -   Title: Republic of the Philippines vs. Rosario L. Nicolas...
2025-12-06 18:12:56,090 - INFO -   Case already exists: RESTRUCTURED_DB/2017/oct/181435.json
2025-12-06 18:12:56,590 - INFO - 
[2016/2500] Processing G.R. No. 181474
2025-12-06 18:12:56,590 - INFO -   Title: People of the Philippines vs. Romaldo Lumayag y Dela Cruz, e...
2025-12-06 18:12:56,981 - INFO -   Case already exists: RESTRUCTURED_DB/2017/jul/181474.json
2025-12-06 18:12:57,481 - INFO - 
[2017/2500] Processing G.R. No. 181489
2025-12-06 18:12:57,481 - INFO -   Title: Steven R. Pavlow vs. Cherry L. Mendenilla...
2025-12-06 18:12:57,884 - INFO -   Case already exists: RESTRUCTURED_DB/2017/apr/181489.json
2025-12-06 18:12:58,384 - INFO - 
[2018/2500] Processing G.R. No. 181796
2025-12-06 18:12:58,384 - INFO -   Title: Republic of the Philippines, represented by the Director/Hea...
2025-12-06 18:12:58,595 - INFO -   Case already exists: RESTRUCTURED_DB/2017/nov/181796.json
2025-12-06 18:12:59,095 - INFO - 
[2019/2500] Processing G.R. No. 181953
2025-12-06 18:12:59,096 - INFO -   Title: Land Bank of the Philippines vs. Rural Bank of Hermosa (Bata...
2025-12-06 18:12:59,306 - INFO -   Case already exists: RESTRUCTURED_DB/2017/jul/181953.json
2025-12-06 18:12:59,806 - INFO - 
[2020/2500] Processing G.R. No. 182297
2025-12-06 18:12:59,806 - INFO -   Title: Government Service Insurance System vs. Fe L. Esteves...
2025-12-06 18:13:00,014 - INFO -   Case already exists: RESTRUCTURED_DB/2017/jun/182297.json
2025-12-06 18:13:00,515 - INFO - 
[2021/2500] Processing G.R. No. 183408
2025-12-06 18:13:00,515 - INFO -   Title: Commissioner of Internal Revenue vs. Lancaster Philippines, ...
2025-12-06 18:13:01,082 - INFO -   Case already exists: RESTRUCTURED_DB/2017/jul/183408.json
2025-12-06 18:13:01,582 - INFO - 
[2022/2500] Processing G.R. No. 184464
2025-12-06 18:13:01,582 - INFO -   Title: Cindy Shiela Cobarde-Gamallo vs. Jose Romeo C. Escandor/Offi...
2025-12-06 18:13:01,789 - INFO -   Case already exists: RESTRUCTURED_DB/2017/jun/184464.json
2025-12-06 18:13:02,290 - INFO - 
[2023/2500] Processing G.R. No. 184819
2025-12-06 18:13:02,290 - INFO -   Title: Veterans Federation of the Philippines vs. Eduardo L. Monten...
2025-12-06 18:13:02,680 - INFO -   Case already exists: RESTRUCTURED_DB/2017/nov/184819.json
2025-12-06 18:13:03,180 - INFO - 
[2024/2500] Processing G.R. No. 185320
2025-12-06 18:13:03,180 - INFO -   Title: Rosendo De Borja vs. Pinalakas Na Ugnayan Ng Maliliit Na Man...
2025-12-06 18:13:03,568 - INFO -   Case already exists: RESTRUCTURED_DB/2017/apr/187883.json
2025-12-06 18:13:04,069 - INFO - 
[2025/2500] Processing G.R. No. 185420
2025-12-06 18:13:04,069 - INFO -   Title: Lanao Del Norte Electric Cooperative, Inc., as Represented B...
2025-12-06 18:13:04,456 - INFO -   Case already exists: RESTRUCTURED_DB/2017/aug/185420.json
2025-12-06 18:13:04,956 - INFO - 
[2026/2500] Processing G.R. No. 185559
2025-12-06 18:13:04,956 - INFO -   Title: Jose G. Tan and Orencio C. Luzuriaga vs. Romeo H. Valeriano...
2025-12-06 18:13:05,165 - INFO -   Case already exists: RESTRUCTURED_DB/2017/aug/185559.json
2025-12-06 18:13:05,666 - INFO - 
[2027/2500] Processing G.R. No. 185565
2025-12-06 18:13:05,666 - INFO -   Title: Loadstar Shipping Company, Incorporated and Loadstar Interna...
2025-12-06 18:13:05,874 - INFO -   Case already exists: RESTRUCTURED_DB/2017/apr/185565.json
2025-12-06 18:13:06,374 - INFO - 
[2028/2500] Processing G.R. No. 185597
2025-12-06 18:13:06,374 - INFO -   Title: John E.R. Reyes and Merwin Joseph Reyes vs. Orico Doctolero,...
2025-12-06 18:13:06,762 - INFO -   Case already exists: RESTRUCTURED_DB/2017/aug/185597.json
2025-12-06 18:13:07,262 - INFO - 
[2029/2500] Processing G.R. No. 185647
2025-12-06 18:13:07,262 - INFO -   Title: Dy Teban Trading, Inc. vs. Peter C. Dy, et al....
2025-12-06 18:13:07,650 - INFO -   Case already exists: RESTRUCTURED_DB/2017/jul/185647.json
2025-12-06 18:13:08,150 - INFO - 
[2030/2500] Processing G.R. No. 185894
2025-12-06 18:13:08,150 - INFO -   Title: Belo Medical Group, Inc. vs. Jose L. Santos and Victoria G. ...
2025-12-06 18:13:08,539 - INFO -   Case already exists: RESTRUCTURED_DB/2017/aug/185894.json
2025-12-06 18:13:09,039 - INFO - 
[2031/2500] Processing G.R. No. 185938
2025-12-06 18:13:09,039 - INFO -   Title: Alicia M.L. Coseteng and Diliman Preparatory School vs. Leti...
2025-12-06 18:13:09,262 - INFO -   Case already exists: RESTRUCTURED_DB/2017/sep/185938.json
2025-12-06 18:13:09,762 - INFO - 
[2032/2500] Processing G.R. No. 186050
2025-12-06 18:13:09,762 - INFO -   Title: Arthur Balao, et al. vs. Eduardo Ermita, et al./Secretary Ed...
2025-12-06 18:13:09,971 - INFO -   Case already exists: RESTRUCTURED_DB/2017/aug/186050.json
2025-12-06 18:13:10,471 - INFO - 
[2033/2500] Processing G.R. No. 186329
2025-12-06 18:13:10,471 - INFO -   Title: Dr. Frisco M. Malabanan vs. Sandiganbayan/Abusama Mangudadat...
2025-12-06 18:13:10,859 - INFO -   Case already exists: RESTRUCTURED_DB/2017/aug/186329.json
2025-12-06 18:13:11,360 - INFO - 
[2034/2500] Processing G.R. No. 187160
2025-12-06 18:13:11,360 - INFO -   Title: People of the Philippines vs. Erlinda A. Sison...
2025-12-06 18:13:11,748 - INFO -   Case already exists: RESTRUCTURED_DB/2017/aug/187160.json
2025-12-06 18:13:12,248 - INFO - 
[2035/2500] Processing G.R. No. 187257
2025-12-06 18:13:12,248 - INFO -   Title: Republic of the Philippines represented by the Office of the...
2025-12-06 18:13:12,465 - INFO -   Case already exists: RESTRUCTURED_DB/2017/aug/187257.json
2025-12-06 18:13:12,965 - INFO - 
[2036/2500] Processing G.R. No. 187420
2025-12-06 18:13:12,966 - INFO -   Title: Power Generation Employees Association-NPC vs. National Powe...
2025-12-06 18:13:13,354 - INFO -   Case already exists: RESTRUCTURED_DB/2017/aug/187420.json
2025-12-06 18:13:13,854 - INFO - 
[2037/2500] Processing G.R. No. 187869
2025-12-06 18:13:13,854 - INFO -   Title: Teodulfo E. Lao, Jr. vs. Lgu of Cagayan De Oro City...
2025-12-06 18:13:14,242 - INFO -   Case already exists: RESTRUCTURED_DB/2017/sep/187869.json
2025-12-06 18:13:14,742 - INFO - 
[2038/2500] Processing G.R. No. 188027
2025-12-06 18:13:14,742 - INFO -   Title: Swire Realty Development Corporation vs. Specialty Contracts...
2025-12-06 18:13:14,952 - INFO -   Case already exists: RESTRUCTURED_DB/2017/aug/188027.json
2025-12-06 18:13:15,452 - INFO - 
[2039/2500] Processing G.R. No. 188057
2025-12-06 18:13:15,452 - INFO -   Title: Hilltop Market Fish Vendors' Assoction, Inc. vs. Hon. Brauli...
2025-12-06 18:13:15,839 - INFO -   Case already exists: RESTRUCTURED_DB/2017/jul/188057.json
2025-12-06 18:13:16,340 - INFO - 
[2040/2500] Processing G.R. No. 188144
2025-12-06 18:13:16,340 - INFO -   Title: F.F. Cruz & Company, Inc. vs. Philippine Iron Construction a...
2025-12-06 18:13:16,548 - INFO -   Case already exists: RESTRUCTURED_DB/2017/aug/188144.json
2025-12-06 18:13:17,049 - INFO - 
[2041/2500] Processing G.R. No. 188163
2025-12-06 18:13:17,049 - INFO -   Title: Lt. Sg. Mary Nancy P. Gadian vs. Armed Forces of the Philipp...
2025-12-06 18:13:17,437 - INFO -   Case already exists: RESTRUCTURED_DB/2017/oct/188163.json
2025-12-06 18:13:17,937 - INFO - 
[2042/2500] Processing G.R. No. 188307
2025-12-06 18:13:17,937 - INFO -   Title: Multinational Village Homeowners' Association, Inc., et al. ...
2025-12-06 18:13:18,327 - INFO -   Case already exists: RESTRUCTURED_DB/2017/aug/188307.json
2025-12-06 18:13:18,827 - INFO - 
[2043/2500] Processing G.R. No. 188313
2025-12-06 18:13:18,827 - INFO -   Title: People of the Philippines vs. Jalil Lamama...
2025-12-06 18:13:19,036 - INFO -   Case already exists: RESTRUCTURED_DB/2017/aug/188313.json
2025-12-06 18:13:19,536 - INFO - 
[2044/2500] Processing G.R. No. 188493
2025-12-06 18:13:19,537 - INFO -   Title: Vivian B. Torreon and Felomina F. Abellana vs. Generoso Apar...
2025-12-06 18:13:19,927 - INFO -   Case already exists: RESTRUCTURED_DB/2017/dec/188493.json
2025-12-06 18:13:20,427 - INFO - 
[2045/2500] Processing G.R. No. 189102
2025-12-06 18:13:20,427 - INFO -   Title: Chiquita Brands, Inc. and Chiquita Brands International, Inc...
2025-12-06 18:13:20,822 - INFO -   Case already exists: RESTRUCTURED_DB/2017/jun/189102.json
2025-12-06 18:13:21,322 - INFO - 
[2046/2500] Processing G.R. No. 189290
2025-12-06 18:13:21,322 - INFO -   Title: Republic of the Philippines represented by the Environmental...
2025-12-06 18:13:21,535 - INFO -   Case already exists: RESTRUCTURED_DB/2017/nov/189290.json
2025-12-06 18:13:22,035 - INFO - 
[2047/2500] Processing G.R. No. 189524
2025-12-06 18:13:22,035 - INFO -   Title: Oriental Assurance Corporation vs. Manuel Ong...
2025-12-06 18:13:22,256 - INFO -   Case already exists: RESTRUCTURED_DB/2017/oct/189524.json
2025-12-06 18:13:22,756 - INFO - 
[2048/2500] Processing G.R. No. 189714
2025-12-06 18:13:22,756 - INFO -   Title: Tpg Corporation (Formerly the Professional Group Plans, Inc....
2025-12-06 18:13:22,965 - INFO -   Case already exists: RESTRUCTURED_DB/2017/jan/189714.json
2025-12-06 18:13:23,465 - INFO - 
[2049/2500] Processing G.R. No. 189942
2025-12-06 18:13:23,465 - INFO -   Title: Adtel, Inc. and/or Reynaldo T. Casas vs. Marijoy A. Valdez...
2025-12-06 18:13:23,674 - INFO -   Case already exists: RESTRUCTURED_DB/2017/aug/189942.json
2025-12-06 18:13:24,174 - INFO - 
[2050/2500] Processing G.R. No. 190004
2025-12-06 18:13:24,174 - INFO -   Title: Land Bank of the Philippines vs. Eugenio Dalauta Separate Op...
2025-12-06 18:13:24,563 - INFO -   Case already exists: RESTRUCTURED_DB/2017/aug/190004.json
2025-12-06 18:13:25,063 - INFO - 
[2051/2500] Processing G.R. No. 190043
2025-12-06 18:13:25,063 - INFO -   Title: Santos-Yllana Realty Corporation vs. Spouses Ricardo Deang a...
2025-12-06 18:13:25,272 - INFO -   Case already exists: RESTRUCTURED_DB/2017/jun/190043.json
2025-12-06 18:13:25,772 - INFO - 
[2052/2500] Processing G.R. No. 190590
2025-12-06 18:13:25,772 - INFO -   Title: Roberto V. San Jose and Delfin P. Angcao vs. Jose Ma. Ozamiz...
2025-12-06 18:13:26,158 - INFO -   Case already exists: RESTRUCTURED_DB/2017/jul/190590.json
2025-12-06 18:13:26,659 - INFO - 
[2053/2500] Processing G.R. No. 190922
2025-12-06 18:13:26,659 - INFO -   Title: Francisca Taar, et al. vs. Claudio Lawan, et al....
2025-12-06 18:13:27,050 - INFO -   Case already exists: RESTRUCTURED_DB/2017/oct/190922.json
2025-12-06 18:13:27,550 - INFO - 
[2054/2500] Processing G.R. No. 190995
2025-12-06 18:13:27,550 - INFO -   Title: Benjamin A. Ko, et al. vs. Virginia Dy Aramburo, et al....
2025-12-06 18:13:27,760 - INFO -   Case already exists: RESTRUCTURED_DB/2017/aug/190995.json
2025-12-06 18:13:28,260 - INFO - 
[2055/2500] Processing G.R. No. 191174
2025-12-06 18:13:28,260 - INFO -   Title: Paradigm Development Corporation of the Philippines vs. Bank...
2025-12-06 18:13:28,648 - INFO -   Case already exists: RESTRUCTURED_DB/2017/jun/191174.json
2025-12-06 18:13:29,148 - INFO - 
[2056/2500] Processing G.R. No. 191274
2025-12-06 18:13:29,148 - INFO -   Title: Erma Industries, Inc. vs. Security Bank Corporation and Serg...
2025-12-06 18:13:29,358 - INFO -   Case already exists: RESTRUCTURED_DB/2017/dec/191274.json
2025-12-06 18:13:29,859 - INFO - 
[2057/2500] Processing G.R. No. 191320
2025-12-06 18:13:29,859 - INFO -   Title: Jona Bumatay vs. Lolita Bumatay...
2025-12-06 18:13:30,069 - INFO -   Case already exists: RESTRUCTURED_DB/2017/apr/191320.json
2025-12-06 18:13:30,569 - INFO - 
[2058/2500] Processing G.R. No. 191458
2025-12-06 18:13:30,569 - INFO -   Title: Chinatrust Commercial Bank vs. Philip Turner...
2025-12-06 18:13:30,958 - INFO -   Case already exists: RESTRUCTURED_DB/2017/jul/191458.json
2025-12-06 18:13:31,458 - INFO - 
[2059/2500] Processing G.R. No. 191652
2025-12-06 18:13:31,458 - INFO -   Title: Solar Team Entertainment, Inc. vs. Team Image Entertainment,...
2025-12-06 18:13:31,849 - INFO -   Case already exists: RESTRUCTURED_DB/2017/sep/191652.json
2025-12-06 18:13:32,349 - INFO - 
[2060/2500] Processing G.R. No. 191657
2025-12-06 18:13:32,350 - INFO -   Title: National Housing Authority vs. Dominador Laurito, et al....
2025-12-06 18:13:32,560 - INFO -   Case already exists: RESTRUCTURED_DB/2017/jul/191657.json
2025-12-06 18:13:33,060 - INFO - 
[2061/2500] Processing G.R. No. 191914
2025-12-06 18:13:33,061 - INFO -   Title: Agnes V. Guison vs. Heirs of Loreño Terry...
2025-12-06 18:13:33,448 - INFO -   Case already exists: RESTRUCTURED_DB/2017/aug/191914.json
2025-12-06 18:13:33,948 - INFO - 
[2062/2500] Processing G.R. No. 192391
2025-12-06 18:13:33,948 - INFO -   Title: Estate of Honorio Poblador, Jr. represented by Rafael A. Pob...
2025-12-06 18:13:34,158 - INFO -   Case already exists: RESTRUCTURED_DB/2017/jun/192391.json
2025-12-06 18:13:34,658 - INFO - 
[2063/2500] Processing G.R. No. 192442
2025-12-06 18:13:34,658 - INFO -   Title: Benedict N. Romana vs.  Magsaysay Maritime Corporation / Edu...
2025-12-06 18:13:35,054 - INFO -   Case already exists: RESTRUCTURED_DB/2017/aug/192442.json
2025-12-06 18:13:35,554 - INFO - 
[2064/2500] Processing G.R. No. 192708
2025-12-06 18:13:35,554 - INFO -   Title: Manila Public School Teachers' Association (MPSTA), et al. v...
2025-12-06 18:13:35,944 - INFO -   Case already exists: RESTRUCTURED_DB/2017/oct/192708.json
2025-12-06 18:13:36,444 - INFO - 
[2065/2500] Processing G.R. No. 192723
2025-12-06 18:13:36,444 - INFO -   Title: Leovigildo A. De Castro vs. Field Investigation Office, Offi...
2025-12-06 18:13:36,835 - INFO -   Case already exists: RESTRUCTURED_DB/2017/jun/192723.json
2025-12-06 18:13:37,335 - INFO - 
[2066/2500] Processing G.R. No. 192725
2025-12-06 18:13:37,335 - INFO -   Title: Ce Construction Corporation vs. Araneta Center Inc....
2025-12-06 18:13:37,731 - INFO -   Case already exists: RESTRUCTURED_DB/2017/aug/192725.json
2025-12-06 18:13:38,231 - INFO - 
[2067/2500] Processing G.R. No. 193085
2025-12-06 18:13:38,231 - INFO -   Title: Petronilo Napone, Jr. and Edgar Napone vs. People of the Phi...
2025-12-06 18:13:38,442 - INFO -   Case already exists: RESTRUCTURED_DB/2017/nov/193085.json
2025-12-06 18:13:38,943 - INFO - 
[2068/2500] Processing G.R. No. 193228
2025-12-06 18:13:38,943 - INFO -   Title: Boston Equity Resources Inc., and William Hernandez vs. Edga...
2025-12-06 18:13:39,152 - INFO -   Case already exists: RESTRUCTURED_DB/2017/nov/193228.json
2025-12-06 18:13:39,653 - INFO - 
[2069/2500] Processing G.R. No. 193500
2025-12-06 18:13:39,653 - INFO -   Title: Government Services Insurance System vs. Simeon Tañedo, Jr....
2025-12-06 18:13:39,861 - INFO -   Case already exists: RESTRUCTURED_DB/2017/nov/193500.json
2025-12-06 18:13:40,361 - INFO - 
[2070/2500] Processing G.R. No. 193625
2025-12-06 18:13:40,361 - INFO -   Title: Aichi Forging Company of Asia, Inc., vs. Court of Tax Appeal...
2025-12-06 18:13:40,751 - INFO -   Case already exists: RESTRUCTURED_DB/2017/aug/193625.json
2025-12-06 18:13:41,251 - INFO - 
[2071/2500] Processing G.R. No. 194001
2025-12-06 18:13:41,251 - INFO -   Title: Maria Vilma G. Doctor and Jaime Lao, Jr. vs. Nii Enterprises...
2025-12-06 18:13:41,639 - INFO -   Case already exists: RESTRUCTURED_DB/2017/nov/194001.json
2025-12-06 18:13:42,139 - INFO - 
[2072/2500] Processing G.R. No. 194137
2025-12-06 18:13:42,140 - INFO -   Title: Ambassador Hotel, Inc. vs. Social Security System...
2025-12-06 18:13:42,349 - INFO -   Case already exists: RESTRUCTURED_DB/2017/jun/194137.json
2025-12-06 18:13:42,849 - INFO - 
[2073/2500] Processing G.R. No. 194152
2025-12-06 18:13:42,849 - INFO -   Title: Makilito B. Mahinay vs. Dura Tire & Rubber Industries, Inc....
2025-12-06 18:13:43,238 - INFO -   Case already exists: RESTRUCTURED_DB/2017/jun/194152.json
2025-12-06 18:13:43,738 - INFO - 
[2074/2500] Processing G.R. No. 194189
2025-12-06 18:13:43,738 - INFO -   Title: Rafael Almeda, et al. vs. Heirs of Ponciano Almeda in Substi...
2025-12-06 18:13:44,127 - INFO -   Case already exists: RESTRUCTURED_DB/2017/sep/194189.json
2025-12-06 18:13:44,627 - INFO - 
[2075/2500] Processing G.R. No. 194944
2025-12-06 18:13:44,627 - INFO -   Title: Philippine National Bank vs. Teresita Fe A. Gregorio...
2025-12-06 18:13:45,014 - INFO -   Case already exists: RESTRUCTURED_DB/2017/sep/194944.json
2025-12-06 18:13:45,514 - INFO - 
[2076/2500] Processing G.R. No. 195003
2025-12-06 18:13:45,514 - INFO -   Title: City of Batangas vs. Philippine Shell Petroleum Corporation ...
2025-12-06 18:13:45,903 - INFO -   Case already exists: RESTRUCTURED_DB/2017/jun/195003.json
2025-12-06 18:13:46,403 - INFO - 
[2077/2500] Processing G.R. No. 195043
2025-12-06 18:13:46,403 - INFO -   Title: Arnel Calahi, et al. vs. People of the Philippines...
2025-12-06 18:13:46,614 - INFO -   Case already exists: RESTRUCTURED_DB/2017/nov/195043.json
2025-12-06 18:13:47,114 - INFO - 
[2078/2500] Processing G.R. No. 195105
2025-12-06 18:13:47,114 - INFO -   Title: Metropolitan Waterworks and Sewerage System vs. Commission o...
2025-12-06 18:13:47,503 - INFO -   Case already exists: RESTRUCTURED_DB/2017/nov/195105.json
2025-12-06 18:13:48,003 - INFO - 
[2079/2500] Processing G.R. No. 195248
2025-12-06 18:13:48,003 - INFO -   Title: John Dennis G. Chua vs. People of the Philippines and Cristi...
2025-12-06 18:13:48,213 - INFO -   Case already exists: RESTRUCTURED_DB/2017/nov/195248.json
2025-12-06 18:13:48,713 - INFO - 
[2080/2500] Processing G.R. No. 195457
2025-12-06 18:13:48,713 - INFO -   Title: Read-Rite Philippines, Inc. vs. Gina G. Francisco, et al....
2025-12-06 18:13:49,101 - INFO -   Case already exists: RESTRUCTURED_DB/2017/aug/195457.json
2025-12-06 18:13:49,601 - INFO - 
[2081/2500] Processing G.R. No. 195726
2025-12-06 18:13:49,601 - INFO -   Title: Marcelino Dela Paz vs. Republic of the Philippines...
2025-12-06 18:13:49,811 - INFO -   Case already exists: RESTRUCTURED_DB/2017/nov/195726.json
2025-12-06 18:13:50,311 - INFO - 
[2082/2500] Processing G.R. No. 195876
2025-12-06 18:13:50,311 - INFO -   Title: Pilipinas Shell Petroleum Corporation vs. Commissioner of Cu...
2025-12-06 18:13:50,525 - INFO -   Case already exists: RESTRUCTURED_DB/2017/jun/195876.json
2025-12-06 18:13:51,025 - INFO - 
[2083/2500] Processing G.R. No. 196072
2025-12-06 18:13:51,025 - INFO -   Title: Steamship Mutual Underwriting Association (Bermuda) Limited ...
2025-12-06 18:13:51,598 - INFO -   Case already exists: RESTRUCTURED_DB/2017/sep/196072.json
2025-12-06 18:13:52,098 - INFO - 
[2084/2500] Processing G.R. No. 196074
2025-12-06 18:13:52,098 - INFO -   Title: Florencia Arjonillo vs. Demetria Pagulayan, as substituted b...
2025-12-06 18:13:52,313 - INFO -   Case already exists: RESTRUCTURED_DB/2017/oct/196074.json
2025-12-06 18:13:52,813 - INFO - 
[2085/2500] Processing G.R. No. 196412
2025-12-06 18:13:52,813 - INFO -   Title: Land Bank of the Philippines vs. Miguel Omengan...
2025-12-06 18:13:53,203 - INFO -   Case already exists: RESTRUCTURED_DB/2017/jul/196412.json
2025-12-06 18:13:53,703 - INFO - 
[2086/2500] Processing G.R. No. 196419
2025-12-06 18:13:53,703 - INFO -   Title: Pilipinas Makro, Inc. vs. Coco Charcoal Philippines, Inc. an...
2025-12-06 18:13:53,912 - INFO -   Case already exists: RESTRUCTURED_DB/2017/oct/196419.json
2025-12-06 18:13:54,413 - INFO - 
[2087/2500] Processing G.R. No. 196650
2025-12-06 18:13:54,413 - INFO -   Title: Spectrum Security Services, Inc. vs. David Grave, et al....
2025-12-06 18:13:54,622 - INFO -   Case already exists: RESTRUCTURED_DB/2017/jun/196650.json
2025-12-06 18:13:55,122 - INFO - 
[2088/2500] Processing G.R. No. 196888
2025-12-06 18:13:55,122 - INFO -   Title: Aurelia Narcise, et al. vs. Valbueco...
2025-12-06 18:13:55,331 - INFO -   Case already exists: RESTRUCTURED_DB/2017/jul/196888.json
2025-12-06 18:13:55,831 - INFO - 
[2089/2500] Processing G.R. No. 196945
2025-12-06 18:13:55,831 - INFO -   Title: Danilo Remegio vs. People of the Philippines...
2025-12-06 18:13:56,218 - INFO -   Case already exists: RESTRUCTURED_DB/2017/sep/196945.json
2025-12-06 18:13:56,718 - INFO - 
[2090/2500] Processing G.R. No. 197032
2025-12-06 18:13:56,718 - INFO -   Title: Securities and Exchange Commission vs. Price Richardson Corp...
2025-12-06 18:13:57,108 - INFO -   Case already exists: RESTRUCTURED_DB/2017/jul/197032.json
2025-12-06 18:13:57,609 - INFO - 
[2091/2500] Processing G.R. No. 197519
2025-12-06 18:13:57,609 - INFO -   Title: Mindanao I Geothermal Partnership vs. Commissioner of Intern...
2025-12-06 18:13:57,818 - INFO -   Case already exists: RESTRUCTURED_DB/2017/nov/197519.json
2025-12-06 18:13:58,318 - INFO - 
[2092/2500] Processing G.R. No. 197526
2025-12-06 18:13:58,318 - INFO -   Title: CE Luzon Geothermal Power Company, Inc. vs. Commissioner of ...
2025-12-06 18:13:58,709 - INFO -   Case already exists: RESTRUCTURED_DB/2017/jul/197526.json
2025-12-06 18:13:59,210 - INFO - 
[2093/2500] Processing G.R. No. 197654
2025-12-06 18:13:59,210 - INFO -   Title: Mercury Drug Corporation and Rolando J. Del Rosario vs. Spou...
2025-12-06 18:13:59,600 - INFO -   Case already exists: RESTRUCTURED_DB/2017/aug/197654.json
2025-12-06 18:14:00,100 - INFO - 
[2094/2500] Processing G.R. No. 197745
2025-12-06 18:14:00,100 - INFO -   Title: Atty. Melita S. Recto-Sambajon vs. Public Attorney's Office...
2025-12-06 18:14:00,309 - INFO -   Case already exists: RESTRUCTURED_DB/2017/sep/197745.json
2025-12-06 18:14:00,809 - INFO - 
[2095/2500] Processing G.R. No. 197797
2025-12-06 18:14:00,809 - INFO -   Title: Heirs of Jose Peñaflor vs. Heirs of Artemio and Lydia Dela C...
2025-12-06 18:14:01,197 - INFO -   Case already exists: RESTRUCTURED_DB/2017/aug/197797.json
2025-12-06 18:14:01,698 - INFO - 
[2096/2500] Processing G.R. No. 197849
2025-12-06 18:14:01,698 - INFO -   Title: Raffy Brodeth and Rolan B. Onal vs. People of the Philippine...
2025-12-06 18:14:02,084 - INFO -   Case already exists: RESTRUCTURED_DB/2017/nov/197849.json
2025-12-06 18:14:02,585 - INFO - 
[2097/2500] Processing G.R. No. 197886
2025-12-06 18:14:02,585 - INFO -   Title: Office of the Ombudsman vs. Antonio Z. De Guzman...
2025-12-06 18:14:02,974 - INFO -   Case already exists: RESTRUCTURED_DB/2017/oct/197886.json
2025-12-06 18:14:03,474 - INFO - 
[2098/2500] Processing G.R. No. 198066
2025-12-06 18:14:03,474 - INFO -   Title: Yolando T. Bravo vs. Urios College (Now Father Saturnino Uri...
2025-12-06 18:14:03,864 - INFO -   Case already exists: RESTRUCTURED_DB/2017/jun/198066.json
2025-12-06 18:14:04,364 - INFO - 
[2099/2500] Processing G.R. No. 198119
2025-12-06 18:14:04,364 - INFO -   Title: People of the Philippines vs. Sandiganbayan and Juan Roberto...
2025-12-06 18:14:04,574 - INFO -   Case already exists: RESTRUCTURED_DB/2017/sep/198119.json
2025-12-06 18:14:05,074 - INFO - 
[2100/2500] Processing G.R. No. 198146
2025-12-06 18:14:05,074 - INFO -   Title: Power Sector Asset and Liabilities Management Corporation vs...
2025-12-06 18:14:05,464 - INFO -   Case already exists: RESTRUCTURED_DB/2017/aug/198146.json
2025-12-06 18:14:05,964 - INFO - 
[2101/2500] Processing G.R. No. 198162
2025-12-06 18:14:05,965 - INFO -   Title: Corazon M. Lacap vs. Sandiganbayan (Fourth Division) and the...
2025-12-06 18:14:06,175 - INFO -   Case already exists: RESTRUCTURED_DB/2017/jun/198162.json
2025-12-06 18:14:06,675 - INFO - 
[2102/2500] Processing G.R. No. 198196
2025-12-06 18:14:06,675 - INFO -   Title: Sps. Loreto and Milagros Sibay and Sps. Ruel and Olga Elsa v...
2025-12-06 18:14:06,885 - INFO -   Case already exists: RESTRUCTURED_DB/2017/jul/198196.json
2025-12-06 18:14:07,385 - INFO - 
[2103/2500] Processing G.R. No. 198225
2025-12-06 18:14:07,385 - INFO -   Title: Tsm Shipping (Phils.), Inc., and Mst Marine Services Phils.,...
2025-12-06 18:14:07,774 - INFO -   Case already exists: RESTRUCTURED_DB/2017/sep/198225.json
2025-12-06 18:14:08,274 - INFO - 
[2104/2500] Processing G.R. No. 198485
2025-12-06 18:14:08,274 - INFO -   Title: Marubeni Philippines Corporation vs. Commissioner of Interna...
2025-12-06 18:14:08,484 - INFO -   Case already exists: RESTRUCTURED_DB/2017/jun/198485.json
2025-12-06 18:14:08,984 - INFO - 
[2105/2500] Processing G.R. No. 198544
2025-12-06 18:14:08,984 - INFO -   Title: Seapower Shipping, Ent., Inc. vs. Heirs of Warren M. Sabanal...
2025-12-06 18:14:09,905 - INFO -   Case already exists: RESTRUCTURED_DB/2017/jun/198544.json
2025-12-06 18:14:10,405 - INFO - 
[2106/2500] Processing G.R. No. 198583
2025-12-06 18:14:10,405 - INFO -   Title: Arlyn Almario-Templonuevo vs. Office of the Ombudsman, the H...
2025-12-06 18:14:10,790 - INFO -   Case already exists: RESTRUCTURED_DB/2017/jun/198583.json
2025-12-06 18:14:11,291 - INFO - 
[2107/2500] Processing G.R. No. 198647
2025-12-06 18:14:11,291 - INFO -   Title: SN Aboitiz Power-Magat, Inc. vs. the Municipality of Alfonso...
2025-12-06 18:14:11,677 - INFO -   Case already exists: RESTRUCTURED_DB/2017/nov/198647.json
2025-12-06 18:14:12,177 - INFO - 
[2108/2500] Processing G.R. No. 198795
2025-12-06 18:14:12,177 - INFO -   Title: People of the Philippines vs. Merceditas Matheus y Delos Rey...
2025-12-06 18:14:12,565 - INFO -   Case already exists: RESTRUCTURED_DB/2017/jun/198795.json
2025-12-06 18:14:13,065 - INFO - 
[2109/2500] Processing G.R. No. 199018
2025-12-06 18:14:13,065 - INFO -   Title: People of the Philippines vs. Wilson Cacho y Songco...
2025-12-06 18:14:13,629 - INFO -   Case already exists: RESTRUCTURED_DB/2017/sep/199018.json
2025-12-06 18:14:14,129 - INFO - 
[2110/2500] Processing G.R. No. 199107
2025-12-06 18:14:14,129 - INFO -   Title: Alfonso Singson Cortal, et al. vs. Inaki A. Larrazabal Enter...
2025-12-06 18:14:14,696 - INFO -   Case already exists: RESTRUCTURED_DB/2017/aug/199107.json
2025-12-06 18:14:15,196 - INFO - 
[2111/2500] Processing G.R. No. 199232
2025-12-06 18:14:15,196 - INFO -   Title: Robert Emmanuel T. Feliciano vs. Department of National Defe...
2025-12-06 18:14:15,582 - INFO -   Case already exists: RESTRUCTURED_DB/2017/nov/199232.json
2025-12-06 18:14:16,082 - INFO - 
[2112/2500] Processing G.R. No. 199825
2025-12-06 18:14:16,082 - INFO -   Title: Bro. Bernard Oca, et al. vs. Laurita Custodio...
2025-12-06 18:14:16,835 - INFO -   Case already exists: RESTRUCTURED_DB/2017/jul/199825.json
2025-12-06 18:14:17,335 - INFO - 
[2113/2500] Processing G.R. No. 199885
2025-12-06 18:14:17,335 - INFO -   Title: Jesusa Dujali Buot vs. Roque Rasay Dujali...
2025-12-06 18:14:17,722 - INFO -   Case already exists: RESTRUCTURED_DB/2017/oct/199885.json
2025-12-06 18:14:18,222 - INFO - 
[2114/2500] Processing G.R. No. 200026
2025-12-06 18:14:18,222 - INFO -   Title: People of the Philippines vs. Armando Delector...
2025-12-06 18:14:18,610 - INFO -   Case already exists: RESTRUCTURED_DB/2017/oct/200026.json
2025-12-06 18:14:19,110 - INFO - 
[2115/2500] Processing G.R. No. 200369
2025-12-06 18:14:19,110 - INFO -   Title: Union Bank of the Philippines vs. the Honorable Regional Agr...
2025-12-06 18:14:19,498 - INFO -   Case already exists: RESTRUCTURED_DB/2017/mar/200369.json
2025-12-06 18:14:19,998 - INFO - 
[2116/2500] Processing G.R. No. 200370
2025-12-06 18:14:19,998 - INFO -   Title: Mario Veridiano y Sapi vs. People of the Philippines...
2025-12-06 18:14:20,976 - INFO -   Case already exists: RESTRUCTURED_DB/2017/jun/200370.json
2025-12-06 18:14:21,476 - INFO - 
[2117/2500] Processing G.R. No. 200499
2025-12-06 18:14:21,476 - INFO -   Title: San Fernando Coca-Cola Rank-and-File Union (SACORU) vs. Coca...
2025-12-06 18:14:21,690 - INFO -   Case already exists: RESTRUCTURED_DB/2017/oct/200499.json
2025-12-06 18:14:22,190 - INFO - 
[2118/2500] Processing G.R. No. 200512
2025-12-06 18:14:22,190 - INFO -   Title: People of the Philippines vs. Elmer Avancena y Cabanela, et ...
2025-12-06 18:14:22,584 - INFO -   Case already exists: RESTRUCTURED_DB/2017/jun/200512.json
2025-12-06 18:14:23,084 - INFO - 
[2119/2500] Processing G.R. No. 200920
2025-12-06 18:14:23,084 - INFO -   Title: People of the Philippines vs. Jerusalem Esteban y Ballestero...
2025-12-06 18:14:23,919 - WARNING -   ✗ Could not fetch case from any URL
2025-12-06 18:14:23,919 - INFO - 
[2120/2500] Processing G.R. No. 201018
2025-12-06 18:14:23,919 - INFO -   Title: United Coconut Chemicals, Inc. vs. Victoriano B. Valmores...
2025-12-06 18:14:24,133 - INFO -   Case already exists: RESTRUCTURED_DB/2017/jul/201018.json
2025-12-06 18:14:24,633 - INFO - 
[2121/2500] Processing G.R. No. 201271
2025-12-06 18:14:24,633 - INFO -   Title: Roberto A. Torres, et al. vs. Antonia F. Aruego...
2025-12-06 18:14:25,028 - INFO -   Case already exists: RESTRUCTURED_DB/2017/sep/201271.json
2025-12-06 18:14:25,529 - INFO - 
[2122/2500] Processing G.R. No. 201378
2025-12-06 18:14:25,529 - INFO -   Title: G.V. Florida Transport, Inc. vs. Tiara Commercial Corporatio...
2025-12-06 18:14:25,924 - INFO -   Case already exists: RESTRUCTURED_DB/2017/oct/201378.json
2025-12-06 18:14:26,424 - INFO - 
[2123/2500] Processing G.R. No. 201478
2025-12-06 18:14:26,424 - INFO -   Title: People of the Philippines vs. Parok Lumudag y Racman @ Akmad...
2025-12-06 18:14:26,645 - INFO -   Case already exists: RESTRUCTURED_DB/2017/aug/201478.json
2025-12-06 18:14:27,146 - INFO - 
[2124/2500] Processing G.R. No. 201530
2025-12-06 18:14:27,146 - INFO -   Title: Asia Trust Development Bank, Inc. vs. Commissioner of Intern...
2025-12-06 18:14:27,540 - INFO -   Case already exists: RESTRUCTURED_DB/2017/apr/201530.json
2025-12-06 18:14:28,040 - INFO - 
[2125/2500] Processing G.R. No. 201622
2025-12-06 18:14:28,040 - INFO -   Title: Angelito L. Cristobal vs. Philippine Airlines, Inc., and Luc...
2025-12-06 18:14:28,434 - INFO -   Case already exists: RESTRUCTURED_DB/2017/oct/201622.json
2025-12-06 18:14:28,934 - INFO - 
[2126/2500] Processing G.R. No. 201665
2025-12-06 18:14:28,934 - INFO -   Title: Edison (Bataan) Cogeneration Corporation vs. Commissioner of...
2025-12-06 18:14:29,328 - INFO -   Case already exists: RESTRUCTURED_DB/2017/aug/201665.json
2025-12-06 18:14:29,829 - INFO - 
[2127/2500] Processing G.R. No. 2017
2025-12-06 18:14:29,829 - INFO -   Title: Municipality of Oas vs. Bartolome Roa...
2025-12-06 18:14:30,665 - WARNING -   ✗ Could not fetch case from any URL
2025-12-06 18:14:30,665 - INFO - 
[2128/2500] Processing G.R. No. 201763
2025-12-06 18:14:30,665 - INFO -   Title: Sultan Cawal P. Mangondaya Abdullatif vs. Naga Ampaso...
2025-12-06 18:14:31,497 - WARNING -   ✗ Could not fetch case from any URL
2025-12-06 18:14:31,497 - INFO - 
[2129/2500] Processing G.R. No. 201792
2025-12-06 18:14:31,497 - INFO -   Title: Wilfredo P. Asayas vs. Sea Power Shipping Enterprises, Inc. ...
2025-12-06 18:14:32,328 - WARNING -   ✗ Could not fetch case from any URL
2025-12-06 18:14:32,328 - INFO - 
[2130/2500] Processing G.R. No. 201806
2025-12-06 18:14:32,328 - INFO -   Title: North Sea Marine Services Corporation, Ms. Rosalinda Cerdina...
2025-12-06 18:14:32,540 - INFO -   Case already exists: RESTRUCTURED_DB/2017/aug/201806.json
2025-12-06 18:14:33,040 - INFO - 
[2131/2500] Processing G.R. No. 201988
2025-12-06 18:14:33,040 - INFO -   Title: Maria Victoria Socorro Lonton-Cruz vs. Nilo Santos Cruz...
2025-12-06 18:14:33,436 - INFO -   Case already exists: RESTRUCTURED_DB/2017/oct/201988.json
2025-12-06 18:14:33,936 - INFO - 
[2132/2500] Processing G.R. No. 202086
2025-12-06 18:14:33,936 - INFO -   Title: Norman Panaligan, et al. vs. Phyvita Enterprises Corporation...
2025-12-06 18:14:34,329 - INFO -   Case already exists: RESTRUCTURED_DB/2017/jun/202086.json
2025-12-06 18:14:34,830 - INFO - 
[2133/2500] Processing G.R. No. 202091
2025-12-06 18:14:34,830 - INFO -   Title: Sumifru (Philippines) Corp. vs. Nagkahiusang Mamumuo sa Suya...
2025-12-06 18:14:35,047 - INFO -   Case already exists: RESTRUCTURED_DB/2017/jun/202091.json
2025-12-06 18:14:35,547 - INFO - 
[2134/2500] Processing G.R. No. 202308
2025-12-06 18:14:35,548 - INFO -   Title: Philippine National Bank vs. Jumelito T. Dalmacio/Jumelito T...
2025-12-06 18:14:35,759 - INFO -   Case already exists: RESTRUCTURED_DB/2017/jul/202308.json
2025-12-06 18:14:36,259 - INFO - 
[2135/2500] Processing G.R. No. 202342
2025-12-06 18:14:36,259 - INFO -   Title: Ama Land, Inc. vs. Wack Wack Residents' Association, Inc....
2025-12-06 18:14:36,652 - INFO -   Case already exists: RESTRUCTURED_DB/2017/jul/202342.json
2025-12-06 18:14:37,152 - INFO - 
[2136/2500] Processing G.R. No. 202364
2025-12-06 18:14:37,153 - INFO -   Title: Arturo C. Calubad vs. Ricarcen Development Corporation...
2025-12-06 18:14:37,547 - INFO -   Case already exists: RESTRUCTURED_DB/2017/aug/202364.json
2025-12-06 18:14:38,048 - INFO - 
[2137/2500] Processing G.R. No. 202505
2025-12-06 18:14:38,048 - INFO -   Title: Express Padala (Italia) S.P.A. now BDO Remittance (Italia) S...
2025-12-06 18:14:38,261 - INFO -   Case already exists: RESTRUCTURED_DB/2017/sep/202505.json
2025-12-06 18:14:38,761 - INFO - 
[2138/2500] Processing G.R. No. 202578
2025-12-06 18:14:38,762 - INFO -   Title: Heirs of Gilberto Roldan vs. Heirs of Silvela Roldan...
2025-12-06 18:14:39,154 - INFO -   Case already exists: RESTRUCTURED_DB/2017/sep/202578.json
2025-12-06 18:14:39,654 - INFO - 
[2139/2500] Processing G.R. No. 202613
2025-12-06 18:14:39,654 - INFO -   Title: Symex Security Services, Inc. and Rafael Y Arcega vs. Magdal...
2025-12-06 18:14:40,050 - INFO -   Case already exists: RESTRUCTURED_DB/2017/nov/202613.json
2025-12-06 18:14:40,550 - INFO - 
[2140/2500] Processing G.R. No. 202872
2025-12-06 18:14:40,550 - INFO -   Title: Lourdes M.Padayhag Vs.Director of Lands and Southern Mindana...
2025-12-06 18:14:40,945 - INFO -   Case already exists: RESTRUCTURED_DB/2017/nov/202872.json
2025-12-06 18:14:41,445 - INFO - 
[2141/2500] Processing G.R. No. 202922
2025-12-06 18:14:41,445 - INFO -   Title: Commissioner of Internal Revenue vs. Semirara Mining Corpora...
2025-12-06 18:14:41,659 - INFO -   Case already exists: RESTRUCTURED_DB/2017/jun/202922.json
2025-12-06 18:14:42,159 - INFO - 
[2142/2500] Processing G.R. No. 203114
2025-12-06 18:14:42,159 - INFO -   Title: Virgilio Labandria Awas vs. People of the Philippines...
2025-12-06 18:14:42,371 - INFO -   Case already exists: RESTRUCTURED_DB/2017/jun/203114.json
2025-12-06 18:14:42,871 - INFO - 
[2143/2500] Processing G.R. No. 203121
2025-12-06 18:14:42,871 - INFO -   Title: People of the Philippines vs. Golem Sota and Amidal Gadjadli...
2025-12-06 18:14:43,281 - INFO -   Case already exists: RESTRUCTURED_DB/2017/nov/203121.json
2025-12-06 18:14:43,781 - INFO - 
[2144/2500] Processing G.R. No. 203902
2025-12-06 18:14:43,781 - INFO -   Title: Sps. Dionisio Estrada and Jovita R. Estrada vs. Philippine R...
2025-12-06 18:14:44,178 - INFO -   Case already exists: RESTRUCTURED_DB/2017/jul/203902.json
2025-12-06 18:14:44,679 - INFO - 
[2145/2500] Processing G.R. No. 203943
2025-12-06 18:14:44,679 - INFO -   Title: Magsaysay Maritime Corporation/Eduardo Manese and Princess C...
2025-12-06 18:14:44,892 - INFO -   Case already exists: RESTRUCTURED_DB/2017/aug/203943.json
2025-12-06 18:14:45,392 - INFO - 
[2146/2500] Processing G.R. No. 203986
2025-12-06 18:14:45,393 - INFO -   Title: People of the Philippines vs. Jerson Dasmariñas y Gonzales...
2025-12-06 18:14:45,787 - INFO -   Case already exists: RESTRUCTURED_DB/2017/oct/203986.json
2025-12-06 18:14:46,287 - INFO - 
[2147/2500] Processing G.R. No. 204262
2025-12-06 18:14:46,288 - INFO -   Title: Mario C. Madridejos vs. Nyk-Fil Ship Management, Inc....
2025-12-06 18:14:46,697 - INFO -   Case already exists: RESTRUCTURED_DB/2017/jun/204262.json
2025-12-06 18:14:47,197 - INFO - 
[2148/2500] Processing G.R. No. 204288
2025-12-06 18:14:47,197 - INFO -   Title: Demex Rattancraft, Inc. and Narciso T. Dela Merced vs. Rosal...
2025-12-06 18:14:47,411 - INFO -   Case already exists: RESTRUCTURED_DB/2017/nov/204288.json
2025-12-06 18:14:47,911 - INFO - 
[2149/2500] Processing G.R. No. 204289
2025-12-06 18:14:47,911 - INFO -   Title: Fernando Mancol, Jr. vs. Development Bank of the Philippines...
2025-12-06 18:14:48,305 - INFO -   Case already exists: RESTRUCTURED_DB/2017/nov/204289.json
2025-12-06 18:14:48,805 - INFO - 
[2150/2500] Processing G.R. No. 204412
2025-12-06 18:14:48,805 - INFO -   Title: Vicente L. Luntao and Nanette L. Luntao vs. Bap Credit Guara...
2025-12-06 18:14:49,200 - INFO -   Case already exists: RESTRUCTURED_DB/2017/sep/204412.json
2025-12-06 18:14:49,700 - INFO - 
[2151/2500] Processing G.R. No. 204530
2025-12-06 18:14:49,700 - INFO -   Title: Republic of the Philippines vs. Potenciano A. Larrazabal, Sr...
2025-12-06 18:14:49,913 - INFO -   Case already exists: RESTRUCTURED_DB/2017/jul/204530.json
2025-12-06 18:14:50,414 - INFO - 
[2152/2500] Processing G.R. No. 204544
2025-12-06 18:14:50,414 - INFO -   Title: Marlon Bacerra y Tabones vs. People of the Philippines...
2025-12-06 18:14:50,809 - INFO -   Case already exists: RESTRUCTURED_DB/2017/jul/204544.json
2025-12-06 18:14:51,309 - INFO - 
[2153/2500] Processing G.R. No. 204617
2025-12-06 18:14:51,310 - INFO -   Title: Esperanza Berboso vs. Victoria Cabral...
2025-12-06 18:14:51,532 - INFO -   Case already exists: RESTRUCTURED_DB/2017/jul/204617.json
2025-12-06 18:14:52,032 - INFO - 
[2154/2500] Processing G.R. No. 204663
2025-12-06 18:14:52,033 - INFO -   Title: Municipal Rural Bank of Libmanan, Camarines Sur vs. Virginia...
2025-12-06 18:14:52,245 - INFO -   Case already exists: RESTRUCTURED_DB/2017/sep/204663.json
2025-12-06 18:14:52,745 - INFO - 
[2155/2500] Processing G.R. No. 204990
2025-12-06 18:14:52,745 - INFO -   Title: Ramon Amparo y Ibañez vs. People of the Philippines...
2025-12-06 18:14:52,957 - INFO -   Case already exists: RESTRUCTURED_DB/2017/feb/204990.json
2025-12-06 18:14:53,457 - INFO - 
[2156/2500] Processing G.R. No. 205128
2025-12-06 18:14:53,457 - INFO -   Title: Heirs of Eliza Q. Zoleta vs. Land Bank of the Philippines an...
2025-12-06 18:14:53,858 - INFO -   Case already exists: RESTRUCTURED_DB/2017/aug/205128.json
2025-12-06 18:14:54,358 - INFO - 
[2157/2500] Processing G.R. No. 205283
2025-12-06 18:14:54,358 - INFO -   Title: Abigail L. Mendiola vs. Venerando P. Sangalang...
2025-12-06 18:14:54,570 - INFO -   Case already exists: RESTRUCTURED_DB/2017/jun/205283.json
2025-12-06 18:14:55,070 - INFO - 
[2158/2500] Processing G.R. No. 205428
2025-12-06 18:14:55,070 - INFO -   Title: Republic of the Philippines, represented by the Department o...
2025-12-06 18:14:55,290 - INFO -   Case already exists: RESTRUCTURED_DB/2017/jun/205428.json
2025-12-06 18:14:55,791 - INFO - 
[2159/2500] Processing G.R. No. 205483
2025-12-06 18:14:55,791 - INFO -   Title: Mario Magat, Sr. Et Al. vs. Tantrade Corporation and Pablo S...
2025-12-06 18:14:56,183 - INFO -   Case already exists: RESTRUCTURED_DB/2017/aug/205483.json
2025-12-06 18:14:56,684 - INFO - 
[2160/2500] Processing G.R. No. 205539
2025-12-06 18:14:56,684 - INFO -   Title: Velia J. Cruz vs. Spouses Maximo and Susan Christensen...
2025-12-06 18:14:57,078 - INFO -   Case already exists: RESTRUCTURED_DB/2017/oct/205539.json
2025-12-06 18:14:57,578 - INFO - 
[2161/2500] Processing G.R. No. 205576
2025-12-06 18:14:57,578 - INFO -   Title: Miguel D. Escobar, et al. vs. People of the Philippines...
2025-12-06 18:14:58,158 - INFO -   Case already exists: RESTRUCTURED_DB/2017/nov/205576.json
2025-12-06 18:14:58,658 - INFO - 
[2162/2500] Processing G.R. No. 205614
2025-12-06 18:14:58,658 - INFO -   Title: People of the Philippines vs. Jaime Segundo y Iglesias...
2025-12-06 18:14:59,057 - INFO -   Case already exists: RESTRUCTURED_DB/2017/jul/205614.json
2025-12-06 18:14:59,558 - INFO - 
[2163/2500] Processing G.R. No. 205638
2025-12-06 18:14:59,558 - INFO -   Title: Dee Hwa Liong Foundation Medical Center and Anthony Dee vs. ...
2025-12-06 18:14:59,771 - INFO -   Case already exists: RESTRUCTURED_DB/2017/aug/205638.json
2025-12-06 18:15:00,272 - INFO - 
[2164/2500] Processing G.R. No. 205652
2025-12-06 18:15:00,272 - INFO -   Title: Procter & Gamble Asia Pte Ltd. vs. Commissioner of Internal ...
2025-12-06 18:15:00,484 - INFO -   Case already exists: RESTRUCTURED_DB/2017/sep/205652.json
2025-12-06 18:15:00,984 - INFO - 
[2165/2500] Processing G.R. No. 205665
2025-12-06 18:15:00,984 - INFO -   Title: Republic of the Philippines vs. Metro Cebu Pacific Savings B...
2025-12-06 18:15:01,380 - INFO -   Case already exists: RESTRUCTURED_DB/2017/oct/205665.json
2025-12-06 18:15:01,881 - INFO - 
[2166/2500] Processing G.R. No. 205695
2025-12-06 18:15:01,881 - INFO -   Title: Jesus Aparente y Vocalan vs. People of the Philippines...
2025-12-06 18:15:02,273 - INFO -   Case already exists: RESTRUCTURED_DB/2017/sep/205695.json
2025-12-06 18:15:02,774 - INFO - 
[2167/2500] Processing G.R. No. 205787
2025-12-06 18:15:02,774 - INFO -   Title: People of the Philippines vs. Pablo Aproseple y Sanchez and ...
2025-12-06 18:15:03,172 - INFO -   Case already exists: RESTRUCTURED_DB/2017/nov/205787.json
2025-12-06 18:15:03,672 - INFO - 
[2168/2500] Processing G.R. No. 205837
2025-12-06 18:15:03,672 - INFO -   Title: Philippine International Trading Corporation vs. Commission ...
2025-12-06 18:15:03,885 - INFO -   Case already exists: RESTRUCTURED_DB/2017/nov/205837.json
2025-12-06 18:15:04,385 - INFO - 
[2169/2500] Processing G.R. No. 205838
2025-12-06 18:15:04,386 - INFO -   Title: Joseph Harry Poole-Blunden vs. Union Bank of the Philippines...
2025-12-06 18:15:04,781 - INFO -   Case already exists: RESTRUCTURED_DB/2017/nov/205838.json
2025-12-06 18:15:05,281 - INFO - 
[2170/2500] Processing G.R. No. 205912
2025-12-06 18:15:05,281 - INFO -   Title: Rogelia R. Gatan and the Heirs of Bernardino Gatan, namely: ...
2025-12-06 18:15:05,494 - INFO -   Case already exists: RESTRUCTURED_DB/2017/oct/205912.json
2025-12-06 18:15:05,994 - INFO - 
[2171/2500] Processing G.R. No. 206008
2025-12-06 18:15:05,994 - INFO -   Title: Delfin Domingo Dadis vs. Sps. Magtanggol De Guzman and Nora ...
2025-12-06 18:15:06,388 - INFO -   Case already exists: RESTRUCTURED_DB/2017/jun/206008.json
2025-12-06 18:15:06,888 - INFO - 
[2172/2500] Processing G.R. No. 206113
2025-12-06 18:15:06,888 - INFO -   Title: Sharpe Sea Personnel, Inc., Monte Carlo Shipping, and Moises...
2025-12-06 18:15:07,285 - INFO -   Case already exists: RESTRUCTURED_DB/2017/nov/206113.json
2025-12-06 18:15:07,785 - INFO - 
[2173/2500] Processing G.R. No. 206114
2025-12-06 18:15:07,786 - INFO -   Title: Dolores Alejo vs. Sps. Ernesto Cortez and Priscilla San Pedr...
2025-12-06 18:15:07,998 - INFO -   Case already exists: RESTRUCTURED_DB/2017/jun/206114.json
2025-12-06 18:15:08,498 - INFO - 
[2174/2500] Processing G.R. No. 206150
2025-12-06 18:15:08,498 - INFO -   Title: Land Bank of the Philippines vs. Fastech Synergy Philippines...
2025-12-06 18:15:08,897 - INFO -   Case already exists: RESTRUCTURED_DB/2017/aug/206150.json
2025-12-06 18:15:09,397 - INFO - 
[2175/2500] Processing G.R. No. 206168
2025-12-06 18:15:09,397 - INFO -   Title: Republic of the Philippines, Represented By Raw-An Point Ele...
2025-12-06 18:15:09,609 - INFO -   Case already exists: RESTRUCTURED_DB/2017/apr/206168.json
2025-12-06 18:15:10,109 - INFO - 
[2176/2500] Processing G.R. No. 206178
2025-12-06 18:15:10,109 - INFO -   Title: Pedro C. Perea vs. Elburg Shipmanagement Philippines, Inc....
2025-12-06 18:15:10,503 - INFO -   Case already exists: RESTRUCTURED_DB/2017/aug/206178.json
2025-12-06 18:15:11,004 - INFO - 
[2177/2500] Processing G.R. No. 206292
2025-12-06 18:15:11,004 - INFO -   Title: People of the Philippines vs. Estrillo Escobal y Salvacion a...
2025-12-06 18:15:11,398 - INFO -   Case already exists: RESTRUCTURED_DB/2017/oct/206292.json
2025-12-06 18:15:11,898 - INFO - 
[2178/2500] Processing G.R. No. 206437
2025-12-06 18:15:11,898 - INFO -   Title: Leandro Cruz, et al. vs. People of the Philippines...
2025-12-06 18:15:12,113 - INFO -   Case already exists: RESTRUCTURED_DB/2017/nov/206437.json
2025-12-06 18:15:12,613 - INFO - 
[2179/2500] Processing G.R. No. 206468
2025-12-06 18:15:12,613 - INFO -   Title: Judith D. Darines and Joyce D. Darines vs. Eduardo Quiñones ...
2025-12-06 18:15:12,825 - INFO -   Case already exists: RESTRUCTURED_DB/2017/aug/206468.json
2025-12-06 18:15:13,326 - INFO - 
[2180/2500] Processing G.R. No. 206702
2025-12-06 18:15:13,326 - INFO -   Title: Republic of the Philippines vs. Rolando C. Cebuan, et al....
2025-12-06 18:15:13,722 - INFO -   Case already exists: RESTRUCTURED_DB/2017/jun/206702.json
2025-12-06 18:15:14,222 - INFO - 
[2181/2500] Processing G.R. No. 206826
2025-12-06 18:15:14,222 - INFO -   Title: Career Philippines Shipmanagement, Inc. and Columbian Shipma...
2025-12-06 18:15:14,619 - INFO -   Case already exists: RESTRUCTURED_DB/2017/oct/206826.json
2025-12-06 18:15:15,120 - INFO - 
[2182/2500] Processing G.R. No. 206890
2025-12-06 18:15:15,120 - INFO -   Title: Evic Human Resource Management Inc., et al. vs. Rogelio O. P...
2025-12-06 18:15:15,333 - INFO -   Case already exists: RESTRUCTURED_DB/2017/jul/206890.json
2025-12-06 18:15:15,833 - INFO - 
[2183/2500] Processing G.R. No. 206916
2025-12-06 18:15:15,833 - INFO -   Title: People of the Philippines vs. Joseph San Jose y Gregorio and...
2025-12-06 18:15:16,228 - INFO -   Case already exists: RESTRUCTURED_DB/2017/jul/206916.json
2025-12-06 18:15:16,728 - INFO - 
[2184/2500] Processing G.R. No. 206965
2025-12-06 18:15:16,728 - INFO -   Title: People of the Philippines vs. Emma Bofill Pangan...
2025-12-06 18:15:17,126 - INFO -   Case already exists: RESTRUCTURED_DB/2017/nov/206965.json
2025-12-06 18:15:17,627 - INFO - 
[2185/2500] Processing G.R. No. 207001
2025-12-06 18:15:17,627 - INFO -   Title: People of the Philippines vs. Richard F. Tripoli and Romulo ...
2025-12-06 18:15:17,838 - INFO -   Case already exists: RESTRUCTURED_DB/2017/jun/207001.json
2025-12-06 18:15:18,339 - INFO - 
[2186/2500] Processing G.R. No. 207193
2025-12-06 18:15:18,339 - INFO -   Title: Roble Barbosa and Ramdy Barbosa vs. People of the Philippine...
2025-12-06 18:15:18,550 - INFO -   Case already exists: RESTRUCTURED_DB/2017/jul/207193.json
2025-12-06 18:15:19,050 - INFO - 
[2187/2500] Processing G.R. No. 207229
2025-12-06 18:15:19,050 - INFO -   Title: People of the Philippines vs. Siegfred Cabellon y Cabañero...
2025-12-06 18:15:19,444 - INFO -   Case already exists: RESTRUCTURED_DB/2017/sep/207229.json
2025-12-06 18:15:19,944 - INFO - 
[2188/2500] Processing G.R. No. 207342
2025-12-06 18:15:19,944 - INFO -   Title: Government of Hongkong Special Adminsitrative Region, repres...
2025-12-06 18:15:20,155 - INFO -   Case already exists: RESTRUCTURED_DB/2017/nov/207342.json
2025-12-06 18:15:20,655 - INFO - 
[2189/2500] Processing G.R. No. 207396
2025-12-06 18:15:20,655 - INFO -   Title: People of the Philippines vs. Delia Saunar...
2025-12-06 18:15:21,048 - INFO -   Case already exists: RESTRUCTURED_DB/2017/aug/207396.json
2025-12-06 18:15:21,549 - INFO - 
[2190/2500] Processing G.R. No. 207516
2025-12-06 18:15:21,549 - INFO -   Title: People of the Philippines vs. Ambrosio Ohayas, et al....
2025-12-06 18:15:21,760 - INFO -   Case already exists: RESTRUCTURED_DB/2017/jun/207516.json
2025-12-06 18:15:22,260 - INFO - 
[2191/2500] Processing G.R. No. 207666
2025-12-06 18:15:22,260 - INFO -   Title: People of the Philippines vs. Floriano Tayaban...
2025-12-06 18:15:22,655 - INFO -   Case already exists: RESTRUCTURED_DB/2017/nov/207666.json
2025-12-06 18:15:23,155 - INFO - 
[2192/2500] Processing G.R. No. 207684
2025-12-06 18:15:23,155 - INFO -   Title: Philtranco Service Enterprises, Inc., et al. vs. Franklin Cu...
2025-12-06 18:15:23,367 - INFO -   Case already exists: RESTRUCTURED_DB/2017/jul/207684.json
2025-12-06 18:15:23,867 - INFO - 
[2193/2500] Processing G.R. No. 207765
2025-12-06 18:15:23,867 - INFO -   Title: People of the Philippines vs. Julito Divinagracia, Sr....
2025-12-06 18:15:24,265 - INFO -   Case already exists: RESTRUCTURED_DB/2017/jul/207765.json
2025-12-06 18:15:24,765 - INFO - 
[2194/2500] Processing G.R. No. 207772
2025-12-06 18:15:24,765 - INFO -   Title: People of the Philippines vs. Gavino Pagamucan y Matiga @ "S...
2025-12-06 18:15:24,978 - INFO -   Case already exists: RESTRUCTURED_DB/2017/nov/207772.json
2025-12-06 18:15:25,479 - INFO - 
[2195/2500] Processing G.R. No. 207805
2025-12-06 18:15:25,479 - INFO -   Title: People of the Philippines vs. Cesar Balao y Lopez...
2025-12-06 18:15:25,873 - INFO -   Case already exists: RESTRUCTURED_DB/2017/nov/207805.json
2025-12-06 18:15:26,373 - INFO - 
[2196/2500] Processing G.R. No. 207938
2025-12-06 18:15:26,373 - INFO -   Title: Evy Construction and Development Corporation vs. Valliant Fo...
2025-12-06 18:15:26,768 - INFO -   Case already exists: RESTRUCTURED_DB/2017/oct/207938.json
2025-12-06 18:15:27,268 - INFO - 
[2197/2500] Processing G.R. No. 207943
2025-12-06 18:15:27,268 - INFO -   Title: People of the Philippines vs. Robert Balanza...
2025-12-06 18:15:27,480 - INFO -   Case already exists: RESTRUCTURED_DB/2017/sep/207943.json
2025-12-06 18:15:27,980 - INFO - 
[2198/2500] Processing G.R. No. 207946
2025-12-06 18:15:27,980 - INFO -   Title: People of the Philippines vs. Alfredo Reyes Alias "Boy Reyes...
2025-12-06 18:15:28,374 - INFO -   Case already exists: RESTRUCTURED_DB/2017/sep/207946.json
2025-12-06 18:15:28,875 - INFO - 
[2199/2500] Processing G.R. No. 208000
2025-12-06 18:15:28,875 - INFO -   Title: Vigel Dave Japos vs. First Agrarian Reform Multi-Purpose Coo...
2025-12-06 18:15:29,268 - INFO -   Case already exists: RESTRUCTURED_DB/2017/jul/208000.json
2025-12-06 18:15:29,768 - INFO - 
[2200/2500] Processing G.R. No. 208001
2025-12-06 18:15:29,768 - INFO -   Title: P/C Supt. Edwin A. Pfleider vs. People of the Philippines Di...
2025-12-06 18:15:29,980 - INFO -   Case already exists: RESTRUCTURED_DB/2017/jun/208001.json
2025-12-06 18:15:30,480 - INFO - 
[2201/2500] Processing G.R. No. 208013
2025-12-06 18:15:30,481 - INFO -   Title: People of the Philippines vs. Edgar Allan Corpuz y Flores...
2025-12-06 18:15:31,061 - INFO -   Case already exists: RESTRUCTURED_DB/2017/jul/208013.json
2025-12-06 18:15:31,561 - INFO - 
[2202/2500] Processing G.R. No. 208053
2025-12-06 18:15:31,561 - INFO -   Title: Meatworld International, Inc. vs. Dominique A. Hechanova...
2025-12-06 18:15:31,781 - INFO -   Case already exists: RESTRUCTURED_DB/2017/oct/208053.json
2025-12-06 18:15:32,281 - INFO - 
[2203/2500] Processing G.R. No. 208095
2025-12-06 18:15:32,281 - INFO -   Title: People of the Philippines vs. Jefferson Del Mundo y Abac and...
2025-12-06 18:15:32,675 - INFO -   Case already exists: RESTRUCTURED_DB/2017/sep/208095.json
2025-12-06 18:15:33,175 - INFO - 
[2204/2500] Processing G.R. No. 208224
2025-12-06 18:15:33,175 - INFO -   Title: Dr. Joseph L. Malixi, et al. vs. Dr. Glory V. Baltazar...
2025-12-06 18:15:33,573 - INFO -   Case already exists: RESTRUCTURED_DB/2017/nov/208224.json
2025-12-06 18:15:34,073 - INFO - 
[2205/2500] Processing G.R. No. 208243
2025-12-06 18:15:34,073 - INFO -   Title: Edwin Granada Reyes vs. the Office of the Ombudsman, the San...
2025-12-06 18:15:35,005 - INFO -   Case already exists: RESTRUCTURED_DB/2017/jun/208243.json
2025-12-06 18:15:35,505 - INFO - 
[2206/2500] Processing G.R. No. 208314
2025-12-06 18:15:35,505 - INFO -   Title: Antonio B. Manansala vs. Marlow Navigation Phils., Inc./Marl...
2025-12-06 18:15:35,894 - INFO -   Case already exists: RESTRUCTURED_DB/2017/aug/208314.json
2025-12-06 18:15:36,394 - INFO - 
[2207/2500] Processing G.R. No. 208359
2025-12-06 18:15:36,394 - INFO -   Title: People of the Philippines vs. Demetrio Sabida y Sadiwa...
2025-12-06 18:15:36,600 - INFO -   Case already exists: RESTRUCTURED_DB/2017/jun/208359.json
2025-12-06 18:15:37,101 - INFO - 
[2208/2500] Processing G.R. No. 208426
2025-12-06 18:15:37,101 - INFO -   Title: Samuel M. Alvarado vs. Ayala Hillside Estates Homeowners' As...
2025-12-06 18:15:37,664 - INFO -   Case already exists: RESTRUCTURED_DB/2017/sep/208426.json
2025-12-06 18:15:38,165 - INFO - 
[2209/2500] Processing G.R. No. 208441
2025-12-06 18:15:38,165 - INFO -   Title: People of the Philippines vs. Zenaida Fabro or Zenaida Manal...
2025-12-06 18:15:38,551 - INFO -   Case already exists: RESTRUCTURED_DB/2017/jul/208441.json
2025-12-06 18:15:39,051 - INFO - 
[2210/2500] Processing G.R. No. 208450
2025-12-06 18:15:39,051 - INFO -   Title: Sps. Roberto Aboitiz and Maria Cristina Cabarrus vs. Sps. Pe...
2025-12-06 18:15:39,446 - INFO -   Case already exists: RESTRUCTURED_DB/2017/jun/208450.json
2025-12-06 18:15:39,946 - INFO - 
[2211/2500] Processing G.R. No. 208614
2025-12-06 18:15:39,946 - INFO -   Title: Simeon Trinidad Piedad (deceased) survived and assumed by hi...
2025-12-06 18:15:40,156 - INFO -   Case already exists: RESTRUCTURED_DB/2017/nov/208614.json
2025-12-06 18:15:40,656 - INFO - 
[2212/2500] Processing G.R. No. 208625
2025-12-06 18:15:40,657 - INFO -   Title: People of the Philippines vs. Ramon Francica y Navalta...
2025-12-06 18:15:41,043 - INFO -   Case already exists: RESTRUCTURED_DB/2017/sep/208625.json
2025-12-06 18:15:41,544 - INFO - 
[2213/2500] Processing G.R. No. 208735
2025-12-06 18:15:41,544 - INFO -   Title: BDO Unibank, Inc. vs. Nestor N. Nerbes and Armenia F. Suravi...
2025-12-06 18:15:41,753 - INFO -   Case already exists: RESTRUCTURED_DB/2017/jul/208735.json
2025-12-06 18:15:42,253 - INFO - 
[2214/2500] Processing G.R. No. 209132
2025-12-06 18:15:42,253 - INFO -   Title: Heirs of Teresita Villanueva, substituted by her legal heirs...
2025-12-06 18:15:42,461 - INFO -   Case already exists: RESTRUCTURED_DB/2017/jun/209132.json
2025-12-06 18:15:42,961 - INFO - 
[2215/2500] Processing G.R. No. 209306
2025-12-06 18:15:42,961 - INFO -   Title: Commissioner of Internal Revenue vs. Hedcor Sibulan, Inc....
2025-12-06 18:15:43,169 - INFO -   Case already exists: RESTRUCTURED_DB/2017/sep/209306.json
2025-12-06 18:15:43,669 - INFO - 
[2216/2500] Processing G.R. No. 209342
2025-12-06 18:15:43,669 - INFO -   Title: People of the Philippines vs. Crisente Pepaño Nuñez...
2025-12-06 18:15:44,238 - INFO -   Case already exists: RESTRUCTURED_DB/2017/oct/209342.json
2025-12-06 18:15:44,738 - INFO - 
[2217/2500] Processing G.R. No. 209452
2025-12-06 18:15:44,738 - INFO -   Title: Gotesco Properties, Inc. vs. Solidbank Corporation...
2025-12-06 18:15:45,128 - INFO -   Case already exists: RESTRUCTURED_DB/2017/jul/209452.json
2025-12-06 18:15:45,628 - INFO - 
[2218/2500] Processing G.R. No. 209468
2025-12-06 18:15:45,628 - INFO -   Title: United Doctors Medical Center vs. Cesario Bernadas...
2025-12-06 18:15:45,848 - INFO -   Case already exists: RESTRUCTURED_DB/2017/dec/209468.json
2025-12-06 18:15:46,348 - INFO - 
[2219/2500] Processing G.R. No. 209518
2025-12-06 18:15:46,348 - INFO -   Title: Ma. Hezelina A. Tujan-Militante vs. Ana Kari Carmencita Nust...
2025-12-06 18:15:46,555 - INFO -   Case already exists: RESTRUCTURED_DB/2017/jun/209518.json
2025-12-06 18:15:47,055 - INFO - 
[2220/2500] Processing G.R. No. 209544
2025-12-06 18:15:47,056 - INFO -   Title: Sps. Ellis R. Miles and Carolina Ronquillo-Miles vs. Bonnie ...
2025-12-06 18:15:47,440 - INFO -   Case already exists: RESTRUCTURED_DB/2017/nov/209544.json
2025-12-06 18:15:47,940 - INFO - 
[2221/2500] Processing G.R. No. 209555
2025-12-06 18:15:47,940 - INFO -   Title: United Polyresins, Inc., Ernesto Uy Soon, Jr. and/or Julito ...
2025-12-06 18:15:48,325 - INFO -   Case already exists: RESTRUCTURED_DB/2017/jul/209555.json
2025-12-06 18:15:48,825 - INFO - 
[2222/2500] Processing G.R. No. 209859
2025-12-06 18:15:48,826 - INFO -   Title: Eileen P. David vs. Glenda S. Marquez...
2025-12-06 18:15:49,212 - INFO -   Case already exists: RESTRUCTURED_DB/2017/jun/209859.json
2025-12-06 18:15:49,712 - INFO - 
[2223/2500] Processing G.R. No. 209906
2025-12-06 18:15:49,712 - INFO -   Title: Coca-Cola Bottlers Phils., Inc. Vs.Ernani Guingona Meñez...
2025-12-06 18:15:49,930 - INFO -   Case already exists: RESTRUCTURED_DB/2017/nov/209906.json
2025-12-06 18:15:50,430 - INFO - 
[2224/2500] Processing G.R. No. 210080
2025-12-06 18:15:50,430 - INFO -   Title: Macario S. Padilla vs. Airborne Security Service, Inc. and/o...
2025-12-06 18:15:50,815 - INFO -   Case already exists: RESTRUCTURED_DB/2017/nov/210080.json
2025-12-06 18:15:51,315 - INFO - 
[2225/2500] Processing G.R. No. 210129
2025-12-06 18:15:51,315 - INFO -   Title: S/Sgt. Cornelio Paman vs. People of the Philippines...
2025-12-06 18:15:51,522 - INFO -   Case already exists: RESTRUCTURED_DB/2017/jul/210129.json
2025-12-06 18:15:52,022 - INFO - 
[2226/2500] Processing G.R. No. 210209
2025-12-06 18:15:52,022 - INFO -   Title: Cathay Land, Inc. and Cathay Metal Corporation vs. Ayala Lan...
2025-12-06 18:15:52,407 - INFO -   Case already exists: RESTRUCTURED_DB/2017/aug/210209.json
2025-12-06 18:15:52,908 - INFO - 
[2227/2500] Processing G.R. No. 210266
2025-12-06 18:15:52,908 - INFO -   Title: Anthony De Silva Cruz vs. People of the Philippines...
2025-12-06 18:15:53,295 - INFO -   Case already exists: RESTRUCTURED_DB/2017/jun/210266.json
2025-12-06 18:15:53,795 - INFO - 
[2228/2500] Processing G.R. No. 210307
2025-12-06 18:15:53,795 - INFO -   Title: Tradephil Shipping Agencies, Inc.,/Gregorio F. Ortega vs. Da...
2025-12-06 18:15:54,015 - INFO -   Case already exists: RESTRUCTURED_DB/2017/feb/210307.json
2025-12-06 18:15:54,516 - INFO - 
[2229/2500] Processing G.R. No. 210571
2025-12-06 18:15:54,516 - INFO -   Title: Orestes S. Miralles vs. Commission on Audit...
2025-12-06 18:15:54,902 - INFO -   Case already exists: RESTRUCTURED_DB/2017/sep/210571.json
2025-12-06 18:15:55,402 - INFO - 
[2230/2500] Processing G.R. No. 210592
2025-12-06 18:15:55,402 - INFO -   Title: Regino Dela Cruz, substituted by his heirs, namely: Maria, e...
2025-12-06 18:15:55,610 - INFO -   Case already exists: RESTRUCTURED_DB/2017/nov/210592.json
2025-12-06 18:15:56,110 - INFO - 
[2231/2500] Processing G.R. No. 210612
2025-12-06 18:15:56,110 - INFO -   Title: People of the Philippines vs. Ervin Y Mateo, et al....
2025-12-06 18:15:56,496 - INFO -   Case already exists: RESTRUCTURED_DB/2017/oct/210612.json
2025-12-06 18:15:56,996 - INFO - 
[2232/2500] Processing G.R. No. 210615
2025-12-06 18:15:56,996 - INFO -   Title: People of the Philippines vs. Abenir Brusola y Baragwa...
2025-12-06 18:15:57,204 - INFO -   Case already exists: RESTRUCTURED_DB/2017/jul/210615.json
2025-12-06 18:15:57,704 - INFO - 
[2233/2500] Processing G.R. No. 210654
2025-12-06 18:15:57,705 - INFO -   Title: People of the Philippines vs. Pablo Luad Armodia...
2025-12-06 18:15:57,913 - INFO -   Case already exists: RESTRUCTURED_DB/2017/jun/210654.json
2025-12-06 18:15:58,414 - INFO - 
[2234/2500] Processing G.R. No. 210669
2025-12-06 18:15:58,414 - INFO -   Title: Hi-Lon Manufacturing, Inc. vs. Commission on Audit...
2025-12-06 18:15:58,803 - INFO -   Case already exists: RESTRUCTURED_DB/2017/aug/210669.json
2025-12-06 18:15:59,303 - INFO - 
[2235/2500] Processing G.R. No. 210677
2025-12-06 18:15:59,303 - INFO -   Title: People of the Philippines vs. Abundio M. Saragena...
2025-12-06 18:15:59,692 - INFO -   Case already exists: RESTRUCTURED_DB/2017/aug/210677.json
2025-12-06 18:16:00,192 - INFO - 
[2236/2500] Processing G.R. No. 210689
2025-12-06 18:16:00,192 - INFO -   Title: Philippine Amusement and Gaming Corporation (PAGCOR) vs. the...
2025-12-06 18:16:00,581 - INFO -   Case already exists: RESTRUCTURED_DB/2017/nov/210689.json
2025-12-06 18:16:01,081 - INFO - 
[2237/2500] Processing G.R. No. 210693
2025-12-06 18:16:01,081 - INFO -   Title: Emerald Garment Manufacturing Corporation vs. the H.D. Lee C...
2025-12-06 18:16:01,291 - INFO -   Case already exists: RESTRUCTURED_DB/2017/jun/210693.json
2025-12-06 18:16:01,791 - INFO - 
[2238/2500] Processing G.R. No. 210802
2025-12-06 18:16:01,791 - INFO -   Title: People of the Philippines vs. Rene Boy Dimapilit y Abellado...
2025-12-06 18:16:02,181 - INFO -   Case already exists: RESTRUCTURED_DB/2017/aug/210802.json
2025-12-06 18:16:02,681 - INFO - 
[2239/2500] Processing G.R. No. 211004
2025-12-06 18:16:02,681 - INFO -   Title: Queen Errika L. Saddi vs. Maricris Renomeron...
2025-12-06 18:16:02,894 - INFO -   Case already exists: RESTRUCTURED_DB/2017/aug/211004.json
2025-12-06 18:16:03,395 - INFO - 
[2240/2500] Processing G.R. No. 211053
2025-12-06 18:16:03,395 - INFO -   Title: People of the Philippines vs. Segfred L. Orozco, et al....
2025-12-06 18:16:03,604 - INFO -   Case already exists: RESTRUCTURED_DB/2017/nov/211053.json
2025-12-06 18:16:04,104 - INFO - 
[2241/2500] Processing G.R. No. 211093
2025-12-06 18:16:04,105 - INFO -   Title: Mindanao Shopping Destination Corporation, et al. vs. Hon. R...
2025-12-06 18:16:04,491 - INFO -   Case already exists: RESTRUCTURED_DB/2017/jun/211093.json
2025-12-06 18:16:04,991 - INFO - 
[2242/2500] Processing G.R. No. 211108
2025-12-06 18:16:04,991 - INFO -   Title: Alejandro D.C. Roque vs. People of the Philippines...
2025-12-06 18:16:05,198 - INFO -   Case already exists: RESTRUCTURED_DB/2017/jun/211108.json
2025-12-06 18:16:05,698 - INFO - 
[2243/2500] Processing G.R. No. 211111
2025-12-06 18:16:05,698 - INFO -   Title: C.F. Sharp Crew Management, Inc. and Gulf Energy Maritime vs...
2025-12-06 18:16:06,082 - INFO -   Case already exists: RESTRUCTURED_DB/2017/sep/211111.json
2025-12-06 18:16:06,583 - INFO - 
[2244/2500] Processing G.R. No. 211166
2025-12-06 18:16:06,583 - INFO -   Title: People of the Philippines vs. Porferio Culas y Raga...
2025-12-06 18:16:06,789 - INFO -   Case already exists: RESTRUCTURED_DB/2017/jun/211166.json
2025-12-06 18:16:07,289 - INFO - 
[2245/2500] Processing G.R. No. 211170
2025-12-06 18:16:07,289 - INFO -   Title: Sps. Maximo Espinoza and Winifreda De Vera vs. Sps. Antonio ...
2025-12-06 18:16:07,674 - INFO -   Case already exists: RESTRUCTURED_DB/2017/jul/211170.json
2025-12-06 18:16:08,174 - INFO - 
[2246/2500] Processing G.R. No. 211222
2025-12-06 18:16:08,174 - INFO -   Title: Allan S. Cu vs. Small Business Guarantee and Finance Corpora...
2025-12-06 18:16:08,559 - INFO -   Case already exists: RESTRUCTURED_DB/2017/aug/211222.json
2025-12-06 18:16:09,059 - INFO - 
[2247/2500] Processing G.R. No. 211519
2025-12-06 18:16:09,059 - INFO -   Title: Bank of Commerce vs. Heirs of Rodolfo Dela Cruz...
2025-12-06 18:16:09,444 - INFO -   Case already exists: RESTRUCTURED_DB/2017/aug/211519.json
2025-12-06 18:16:09,944 - INFO - 
[2248/2500] Processing G.R. No. 211564
2025-12-06 18:16:09,944 - INFO -   Title: Benjamin Evangelista vs. Screenex, Inc., represented by Alex...
2025-12-06 18:16:10,330 - INFO -   Case already exists: RESTRUCTURED_DB/2017/nov/211564.json
2025-12-06 18:16:10,830 - INFO - 
[2249/2500] Processing G.R. No. 211721
2025-12-06 18:16:10,830 - INFO -   Title: People of the Philippines vs. Willington Rodriguez y Hermosa...
2025-12-06 18:16:11,038 - INFO -   Case already exists: RESTRUCTURED_DB/2017/sep/211721.json
2025-12-06 18:16:11,538 - INFO - 
[2250/2500] Processing G.R. No. 211845
2025-12-06 18:16:11,538 - INFO -   Title: Pen Development Corporation and Las Brisas Resort Corporatio...
2025-12-06 18:16:11,924 - INFO -   Case already exists: RESTRUCTURED_DB/2017/aug/211845.json
2025-12-06 18:16:12,424 - INFO - 
[2251/2500] Processing G.R. No. 211947
2025-12-06 18:16:12,424 - INFO -   Title: Heirs of Cayetano Cascayan, represented by La Paz Martinez v...
2025-12-06 18:16:12,811 - INFO -   Case already exists: RESTRUCTURED_DB/2017/jul/211947.json
2025-12-06 18:16:13,311 - INFO - 
[2252/2500] Processing G.R. No. 211966
2025-12-06 18:16:13,311 - INFO -   Title: Jose Audie Abagatnan, et al. vs. Sps. Jonathan Clarito and E...
2025-12-06 18:16:13,519 - INFO -   Case already exists: RESTRUCTURED_DB/2017/aug/211966.json
2025-12-06 18:16:14,019 - INFO - 
[2253/2500] Processing G.R. No. 212098
2025-12-06 18:16:14,019 - INFO -   Title: Julio C. Espere vs. NFD International Manning Agents, Inc./T...
2025-12-06 18:16:14,405 - INFO -   Case already exists: RESTRUCTURED_DB/2017/jul/212098.json
2025-12-06 18:16:14,905 - INFO - 
[2254/2500] Processing G.R. No. 212201
2025-12-06 18:16:14,905 - INFO -   Title: People of the Philippines vs. Rodolfo Deniega y Espinosa...
2025-12-06 18:16:15,116 - INFO -   Case already exists: RESTRUCTURED_DB/2017/jun/212201.json
2025-12-06 18:16:15,616 - INFO - 
[2255/2500] Processing G.R. No. 212616
2025-12-06 18:16:15,616 - INFO -   Title: Distribution & Control Products, Inc./Vincent M. Tiamsic...
2025-12-06 18:16:15,824 - INFO -   Case already exists: RESTRUCTURED_DB/2017/jul/212616.json
2025-12-06 18:16:16,324 - INFO - 
[2256/2500] Processing G.R. No. 212641
2025-12-06 18:16:16,324 - INFO -   Title: Angelica A. Fajardo vs. Mario J. Corral...
2025-12-06 18:16:16,531 - INFO -   Case already exists: RESTRUCTURED_DB/2017/jul/212641.json
2025-12-06 18:16:17,032 - INFO - 
[2257/2500] Processing G.R. No. 212731
2025-12-06 18:16:17,032 - INFO -   Title: Sps. Firmo S. Rosario and Agnes Annabelle Dean-Rosario vs. P...
2025-12-06 18:16:17,417 - INFO -   Case already exists: RESTRUCTURED_DB/2017/sep/212731.json
2025-12-06 18:16:17,917 - INFO - 
[2258/2500] Processing G.R. No. 212814
2025-12-06 18:16:17,917 - INFO -   Title: People of the Philippines vs. Ernie Carillo y Pabello, et al...
2025-12-06 18:16:18,125 - INFO -   Case already exists: RESTRUCTURED_DB/2017/jul/212814.json
2025-12-06 18:16:18,625 - INFO - 
[2259/2500] Processing G.R. No. 212904
2025-12-06 18:16:18,625 - INFO -   Title: Yolanda Villanueva-Ong vs. Juan Ponce Enrile...
2025-12-06 18:16:19,009 - INFO -   Case already exists: RESTRUCTURED_DB/2017/nov/212904.json
2025-12-06 18:16:19,509 - INFO - 
[2260/2500] Processing G.R. No. 212934
2025-12-06 18:16:19,509 - INFO -   Title: People of the Philippines vs. Blas Gaa y Rodriguez...
2025-12-06 18:16:19,894 - INFO -   Case already exists: RESTRUCTURED_DB/2017/jun/212934.json
2025-12-06 18:16:20,394 - INFO - 
[2261/2500] Processing G.R. No. 213039
2025-12-06 18:16:20,394 - INFO -   Title: Polytechnic University of the Philippines vs. National Devel...
2025-12-06 18:16:20,602 - INFO -   Case already exists: RESTRUCTURED_DB/2017/nov/213039.json
2025-12-06 18:16:21,102 - INFO - 
[2262/2500] Processing G.R. No. 213088
2025-12-06 18:16:21,102 - INFO -   Title: Land Transportation Franchising and Regulatory Board (LTFRB)...
2025-12-06 18:16:21,486 - INFO -   Case already exists: RESTRUCTURED_DB/2017/jun/213088.json
2025-12-06 18:16:21,986 - INFO - 
[2263/2500] Processing G.R. No. 213192
2025-12-06 18:16:21,986 - INFO -   Title: Teresa R. Ignacio vs. Ramon Reyes, et al....
2025-12-06 18:16:22,371 - INFO -   Case already exists: RESTRUCTURED_DB/2017/jul/213192.json
2025-12-06 18:16:22,871 - INFO - 
[2264/2500] Processing G.R. No. 213200
2025-12-06 18:16:22,871 - INFO -   Title: Nayong Filipino Foundation, Inc. vs. Chairperson Ma. Gracia ...
2025-12-06 18:16:23,257 - INFO -   Case already exists: RESTRUCTURED_DB/2017/sep/213200.json
2025-12-06 18:16:23,757 - INFO - 
[2265/2500] Processing G.R. No. 213237
2025-12-06 18:16:23,757 - INFO -   Title: Civil Service Commission, and the Municipality of Masiu, Lan...
2025-12-06 18:16:23,966 - INFO -   Case already exists: RESTRUCTURED_DB/2017/sep/213237.json
2025-12-06 18:16:24,466 - INFO - 
[2266/2500] Processing G.R. No. 213424
2025-12-06 18:16:24,467 - INFO -   Title: Land Bank of the Philippines vs. Commission on Audit (COA), ...
2025-12-06 18:16:24,852 - INFO -   Case already exists: RESTRUCTURED_DB/2017/jul/213424.json
2025-12-06 18:16:25,352 - INFO - 
[2267/2500] Processing G.R. No. 213486
2025-12-06 18:16:25,352 - INFO -   Title: Editha M. Catotocan vs. Lourdes School of Quezon City, Inc./...
2025-12-06 18:16:25,559 - INFO -   Case already exists: RESTRUCTURED_DB/2017/apr/213486.json
2025-12-06 18:16:26,059 - INFO - 
[2268/2500] Processing G.R. No. 213525
2025-12-06 18:16:26,060 - INFO -   Title: Fortune Life Insurance Company, Inc. vs. Commission on Audit...
2025-12-06 18:16:26,445 - INFO -   Case already exists: RESTRUCTURED_DB/2017/nov/213525.json
2025-12-06 18:16:26,945 - INFO - 
[2269/2500] Processing G.R. No. 213581
2025-12-06 18:16:26,945 - INFO -   Title: Bangko Sentral Ng Pilipinas vs. Commission on Audit...
2025-12-06 18:16:27,331 - INFO -   Case already exists: RESTRUCTURED_DB/2017/sep/213581.json
2025-12-06 18:16:27,831 - INFO - 
[2270/2500] Processing G.R. No. 213716
2025-12-06 18:16:27,831 - INFO -   Title: Jose S. Ramiscal, Jr. vs. Commission on Audit...
2025-12-06 18:16:28,039 - INFO -   Case already exists: RESTRUCTURED_DB/2017/oct/213716.json
2025-12-06 18:16:28,539 - INFO - 
[2271/2500] Processing G.R. No. 213748
2025-12-06 18:16:28,540 - INFO -   Title: Ricardo G. Sy and Henry B. Alix vs. Neat, Inc. Bana Peel and...
2025-12-06 18:16:28,926 - INFO -   Case already exists: RESTRUCTURED_DB/2017/nov/213748.json
2025-12-06 18:16:29,426 - INFO - 
[2272/2500] Processing G.R. No. 213922
2025-12-06 18:16:29,426 - INFO -   Title: People of the Philippines vs. Rommel Diputado...
2025-12-06 18:16:29,635 - INFO -   Case already exists: RESTRUCTURED_DB/2017/jul/213922.json
2025-12-06 18:16:30,135 - INFO - 
[2273/2500] Processing G.R. No. 213953
2025-12-06 18:16:30,135 - INFO -   Title: Engr. Oscar A. Marmeto vs. Commission on Elections (COMELEC)...
2025-12-06 18:16:30,521 - INFO -   Case already exists: RESTRUCTURED_DB/2017/jul/213953.json
2025-12-06 18:16:31,021 - INFO - 
[2274/2500] Processing G.R. No. 214073
2025-12-06 18:16:31,021 - INFO -   Title: Bicol Medical Center, represented by Dr. Efren SJ. Nerva, an...
2025-12-06 18:16:31,409 - INFO -   Case already exists: RESTRUCTURED_DB/2017/oct/214073.json
2025-12-06 18:16:31,909 - INFO - 
[2275/2500] Processing G.R. No. 214249
2025-12-06 18:16:31,909 - INFO -   Title: Henry E. Yu, et al. vs. Sr Metals, Inc. (Srmi)...
2025-12-06 18:16:32,297 - INFO -   Case already exists: RESTRUCTURED_DB/2017/sep/214249.json
2025-12-06 18:16:32,797 - INFO - 
[2276/2500] Processing G.R. No. 214300
2025-12-06 18:16:32,797 - INFO -   Title: People of the Philippines vs. Manuel Escobar...
2025-12-06 18:16:33,186 - INFO -   Case already exists: RESTRUCTURED_DB/2017/jul/214300.json
2025-12-06 18:16:33,686 - INFO - 
[2277/2500] Processing G.R. No. 214301
2025-12-06 18:16:33,686 - INFO -   Title: Ramon Manuel T. Javines vs. Xlibris a.k.a. Author Solutions,...
2025-12-06 18:16:33,894 - INFO -   Case already exists: RESTRUCTURED_DB/2017/jun/214301.json
2025-12-06 18:16:34,394 - INFO - 
[2278/2500] Processing G.R. No. 214340
2025-12-06 18:16:34,394 - INFO -   Title: People of the Philippines vs. Gilda Abellanosa...
2025-12-06 18:16:34,778 - INFO -   Case already exists: RESTRUCTURED_DB/2017/jul/214340.json
2025-12-06 18:16:35,278 - INFO - 
[2279/2500] Processing G.R. No. 214500
2025-12-06 18:16:35,278 - INFO -   Title: People of the Philippines vs. Michelle Dela Cruz...
2025-12-06 18:16:35,666 - INFO -   Case already exists: RESTRUCTURED_DB/2017/jun/214500.json
2025-12-06 18:16:36,166 - INFO - 
[2280/2500] Processing G.R. No. 214529
2025-12-06 18:16:36,166 - INFO -   Title: Jerry L. Tilar vs. Elizabeth A. Tilar and the Republic of th...
2025-12-06 18:16:36,550 - INFO -   Case already exists: RESTRUCTURED_DB/2017/jul/214529.json
2025-12-06 18:16:37,050 - INFO - 
[2281/2500] Processing G.R. No. 214673
2025-12-06 18:16:37,050 - INFO -   Title: Rizaldo L. Orsos vs. People of the Philippines...
2025-12-06 18:16:37,435 - INFO -   Case already exists: RESTRUCTURED_DB/2017/nov/214673.json
2025-12-06 18:16:37,936 - INFO - 
[2282/2500] Processing G.R. No. 214762
2025-12-06 18:16:37,936 - INFO -   Title: People of the Philippines vs. Rommel Ronquillo...
2025-12-06 18:16:38,320 - INFO -   Case already exists: RESTRUCTURED_DB/2017/sep/214762.json
2025-12-06 18:16:38,820 - INFO - 
[2283/2500] Processing G.R. No. 214866
2025-12-06 18:16:38,820 - INFO -   Title: Apex Bancrights Holdings, Inc. et al. vs. Bangko Sentral ng ...
2025-12-06 18:16:39,205 - INFO -   Case already exists: RESTRUCTURED_DB/2017/oct/214866.json
2025-12-06 18:16:39,705 - INFO - 
[2284/2500] Processing G.R. No. 214880
2025-12-06 18:16:39,705 - INFO -   Title: People of the Philippines vs. Amante Padlan y Leones...
2025-12-06 18:16:40,091 - INFO -   Case already exists: RESTRUCTURED_DB/2017/sep/214880.json
2025-12-06 18:16:40,591 - INFO - 
[2285/2500] Processing G.R. No. 215029
2025-12-06 18:16:40,591 - INFO -   Title: Summit One Condominium Corporation vs. Pollution Adjudicatio...
2025-12-06 18:16:40,975 - INFO -   Case already exists: RESTRUCTURED_DB/2017/jul/215029.json
2025-12-06 18:16:41,475 - INFO - 
[2286/2500] Processing G.R. No. 215042
2025-12-06 18:16:41,475 - INFO -   Title: Field Investigation Office vs. P/Director George Quinto Pian...
2025-12-06 18:16:41,860 - INFO -   Case already exists: RESTRUCTURED_DB/2017/nov/215042.json
2025-12-06 18:16:42,360 - INFO - 
[2287/2500] Processing G.R. No. 215061
2025-12-06 18:16:42,360 - INFO -   Title: Amando M. Tetangco, Jr., et al. vs. Commission on Audit...
2025-12-06 18:16:42,745 - INFO -   Case already exists: RESTRUCTURED_DB/2017/jun/215061.json
2025-12-06 18:16:43,245 - INFO - 
[2288/2500] Processing G.R. No. 215195
2025-12-06 18:16:43,245 - INFO -   Title: People of the Philippines vs. Jose Descartin, Jr. y Mercader...
2025-12-06 18:16:43,629 - INFO -   Case already exists: RESTRUCTURED_DB/2017/jun/215195.json
2025-12-06 18:16:44,129 - INFO - 
[2289/2500] Processing G.R. No. 215200
2025-12-06 18:16:44,129 - INFO -   Title: People of the Philippines vs. Nomerto Napoles y Bajas...
2025-12-06 18:16:44,336 - INFO -   Case already exists: RESTRUCTURED_DB/2017/jul/215200.json
2025-12-06 18:16:44,836 - INFO - 
[2290/2500] Processing G.R. No. 215332
2025-12-06 18:16:44,836 - INFO -   Title: People of the Philippines vs. Mark Gamba y Nissorada...
2025-12-06 18:16:45,043 - INFO -   Case already exists: RESTRUCTURED_DB/2017/jul/215332.json
2025-12-06 18:16:45,543 - INFO - 
[2291/2500] Processing G.R. No. 215454
2025-12-06 18:16:45,543 - INFO -   Title: Heirs of Spouses Corazon P. De Guzman and Fortunato De Guzma...
2025-12-06 18:16:45,930 - INFO -   Case already exists: RESTRUCTURED_DB/2017/aug/215454.json
2025-12-06 18:16:46,431 - INFO - 
[2292/2500] Processing G.R. No. 215595
2025-12-06 18:16:46,431 - INFO -   Title: Career Philippines Ship Management, Inc./Verlou R. Carmelino...
2025-12-06 18:16:46,814 - INFO -   Case already exists: RESTRUCTURED_DB/2017/apr/215595.json
2025-12-06 18:16:47,314 - INFO - 
[2293/2500] Processing G.R. No. 215627
2025-12-06 18:16:47,314 - INFO -   Title: Luis S. Doble, Jr. vs. ABB, Inc./Nitin Desal...
2025-12-06 18:16:47,877 - INFO -   Case already exists: RESTRUCTURED_DB/2017/jun/215627.json
2025-12-06 18:16:48,377 - INFO - 
[2294/2500] Processing G.R. No. 215705
2025-12-06 18:16:48,377 - INFO -   Title: Commissioner of Internal Revenue and Commissioner of Customs...
2025-12-06 18:16:48,761 - INFO -   Case already exists: RESTRUCTURED_DB/2017/feb/215705.json
2025-12-06 18:16:49,261 - INFO - 
[2295/2500] Processing G.R. No. 215730
2025-12-06 18:16:49,262 - INFO -   Title: People of the Philippines vs. Melchor Panes y Magsanop...
2025-12-06 18:16:49,645 - INFO -   Case already exists: RESTRUCTURED_DB/2017/sep/215730.json
2025-12-06 18:16:50,145 - INFO - 
[2296/2500] Processing G.R. No. 215748
2025-12-06 18:16:50,145 - INFO -   Title: People of the Philippines vs. Paul Duran, Jr. y Mirabueno...
2025-12-06 18:16:50,531 - INFO -   Case already exists: RESTRUCTURED_DB/2017/nov/215748.json
2025-12-06 18:16:51,031 - INFO - 
[2297/2500] Processing G.R. No. 215874
2025-12-06 18:16:51,031 - INFO -   Title: Arlo Aluminum, Inc. vs. Vicente M. Piñon, Jr., in behalf of ...
2025-12-06 18:16:51,416 - INFO -   Case already exists: RESTRUCTURED_DB/2017/jul/215874.json
2025-12-06 18:16:51,916 - INFO - 
[2298/2500] Processing G.R. No. 215999
2025-12-06 18:16:51,917 - INFO -   Title: Sps. Felix A. Chua and Carmen L. Chua, et al. vs. United Coc...
2025-12-06 18:16:52,303 - INFO -   Case already exists: RESTRUCTURED_DB/2017/aug/215999.json
2025-12-06 18:16:52,803 - INFO - 
[2299/2500] Processing G.R. No. 216015
2025-12-06 18:16:52,803 - INFO -   Title: People of the Philippines vs. Jesusano Arcenal y Aguilan...
2025-12-06 18:16:53,188 - INFO -   Case already exists: RESTRUCTURED_DB/2017/mar/216015.json
2025-12-06 18:16:53,689 - INFO - 
[2300/2500] Processing G.R. No. 216063
2025-12-06 18:16:53,689 - INFO -   Title: People of the Philippines vs. Marlon Soriano y Narag...
2025-12-06 18:16:54,073 - INFO -   Case already exists: RESTRUCTURED_DB/2017/jun/216063.json
2025-12-06 18:16:54,573 - INFO - 
[2301/2500] Processing G.R. No. 216124
2025-12-06 18:16:54,573 - INFO -   Title: Rizal Commercial Banking Corporation vs. Federico A. Serra, ...
2025-12-06 18:16:54,958 - INFO -   Case already exists: RESTRUCTURED_DB/2017/jul/216124.json
2025-12-06 18:16:55,458 - INFO - 
[2302/2500] Processing G.R. No. 216139
2025-12-06 18:16:55,458 - INFO -   Title: Bernardo S. Zamora vs. Emmanuel Z. Quinan, Jr., et al....
2025-12-06 18:16:55,842 - INFO -   Case already exists: RESTRUCTURED_DB/2017/nov/216139.json
2025-12-06 18:16:56,342 - INFO - 
[2303/2500] Processing G.R. No. 216161
2025-12-06 18:16:56,342 - INFO -   Title: Commissioner of Internal Revenue vs. Philippine Aluminum Whe...
2025-12-06 18:16:56,726 - INFO -   Case already exists: RESTRUCTURED_DB/2017/aug/216161.json
2025-12-06 18:16:57,226 - INFO - 
[2304/2500] Processing G.R. No. 216491
2025-12-06 18:16:57,226 - INFO -   Title: The Heirs of Peter Donton vs. Duane Stier and Emily Maggay...
2025-12-06 18:16:57,613 - INFO -   Case already exists: RESTRUCTURED_DB/2017/aug/216491.json
2025-12-06 18:16:58,113 - INFO - 
[2305/2500] Processing G.R. No. 216788
2025-12-06 18:16:58,113 - INFO -   Title: United Interior Manggahan Homeowners Association vs. Hon. Am...
2025-12-06 18:16:58,498 - INFO -   Case already exists: RESTRUCTURED_DB/2017/nov/216788.json
2025-12-06 18:16:58,998 - INFO - 
[2306/2500] Processing G.R. No. 216937
2025-12-06 18:16:58,998 - INFO -   Title: People of the Philippines vs. Tito Amoc y Mambatalan...
2025-12-06 18:16:59,768 - INFO -   Case already exists: RESTRUCTURED_DB/2017/jun/216937.json
2025-12-06 18:17:00,268 - INFO - 
[2307/2500] Processing G.R. No. 216938
2025-12-06 18:17:00,269 - INFO -   Title: People of the Philippines vs. Henry Bentayo...
2025-12-06 18:17:00,662 - INFO -   Case already exists: RESTRUCTURED_DB/2017/jun/216938.json
2025-12-06 18:17:01,163 - INFO - 
[2308/2500] Processing G.R. No. 216987
2025-12-06 18:17:01,163 - INFO -   Title: People of the Philippines vs. Wilfredo Pacayra y Mabutol...
2025-12-06 18:17:01,556 - INFO -   Case already exists: RESTRUCTURED_DB/2017/jun/216987.json
2025-12-06 18:17:02,056 - INFO - 
[2309/2500] Processing G.R. No. 217189
2025-12-06 18:17:02,056 - INFO -   Title: Nini A. Lanto, in Her Capacity as Then Director II of the Ad...
2025-12-06 18:17:02,449 - INFO -   Case already exists: RESTRUCTURED_DB/2017/apr/217189.json
2025-12-06 18:17:02,949 - INFO - 
[2310/2500] Processing G.R. No. 217194
2025-12-06 18:17:02,949 - INFO -   Title: Societe Des Products, Nestle, S.A. vs. Puregold Price Club, ...
2025-12-06 18:17:03,343 - INFO -   Case already exists: RESTRUCTURED_DB/2017/sep/217194.json
2025-12-06 18:17:03,843 - INFO - 
[2311/2500] Processing G.R. No. 217296
2025-12-06 18:17:03,843 - INFO -   Title: Sps. Erwin C. Santiago and Marinela A. Santiago, et al. vs. ...
2025-12-06 18:17:04,054 - INFO -   Case already exists: RESTRUCTURED_DB/2017/oct/217296.json
2025-12-06 18:17:04,555 - INFO - 
[2312/2500] Processing G.R. No. 217345
2025-12-06 18:17:04,555 - INFO -   Title: Wilmer O. De Andres vs. Diamon H Marine Services & Shipping ...
2025-12-06 18:17:04,948 - INFO -   Case already exists: RESTRUCTURED_DB/2017/jul/217345.json
2025-12-06 18:17:05,449 - INFO - 
[2313/2500] Processing G.R. No. 217426
2025-12-06 18:17:05,449 - INFO -   Title: St. Martin Polyclinic, Inc. vs. LWV Construction Corporation...
2025-12-06 18:17:05,842 - INFO -   Case already exists: RESTRUCTURED_DB/2017/dec/217426.json
2025-12-06 18:17:06,342 - INFO - 
[2314/2500] Processing G.R. No. 217453
2025-12-06 18:17:06,342 - INFO -   Title: Denmarks S. Valmores vs. Dr. Cristina Achacoso, in her capac...
2025-12-06 18:17:06,736 - INFO -   Case already exists: RESTRUCTURED_DB/2017/jul/217453.json
2025-12-06 18:17:07,237 - INFO - 
[2315/2500] Processing G.R. No. 217459
2025-12-06 18:17:07,237 - INFO -   Title: People of the Philippines vs. Alberto Fortuna Alberca...
2025-12-06 18:17:07,450 - INFO -   Case already exists: RESTRUCTURED_DB/2017/jun/217459.json
2025-12-06 18:17:07,950 - INFO - 
[2316/2500] Processing G.R. No. 217777
2025-12-06 18:17:07,950 - INFO -   Title: Priscilla Z. Obre vs. Leonora O. Miaral...
2025-12-06 18:17:08,163 - INFO -   Case already exists: RESTRUCTURED_DB/2017/aug/217777.json
2025-12-06 18:17:08,663 - INFO - 
[2317/2500] Processing G.R. No. 217965
2025-12-06 18:17:08,663 - INFO -   Title: Confederation of Coconut Farmers Organizations of the Philip...
2025-12-06 18:17:09,058 - INFO -   Case already exists: RESTRUCTURED_DB/2017/aug/217965.json
2025-12-06 18:17:09,559 - INFO - 
[2318/2500] Processing G.R. No. 217973
2025-12-06 18:17:09,559 - INFO -   Title: People of the Philippines vs. Federico Gerola y Amar...
2025-12-06 18:17:09,771 - INFO -   Case already exists: RESTRUCTURED_DB/2017/jul/217973.json
2025-12-06 18:17:10,271 - INFO - 
[2319/2500] Processing G.R. No. 217982
2025-12-06 18:17:10,271 - INFO -   Title: People of the Philippines vs. Rolly Dizon y Tagulaylay...
2025-12-06 18:17:10,664 - INFO -   Case already exists: RESTRUCTURED_DB/2017/jul/217982.json
2025-12-06 18:17:11,164 - INFO - 
[2320/2500] Processing G.R. No. 217993
2025-12-06 18:17:11,164 - INFO -   Title: Manuel R. Bakunawa III vs. Nora Reyes Bakunawa...
2025-12-06 18:17:11,376 - INFO -   Case already exists: RESTRUCTURED_DB/2017/aug/217993.json
2025-12-06 18:17:11,876 - INFO - 
[2321/2500] Processing G.R. No. 218205
2025-12-06 18:17:11,876 - INFO -   Title: People of the Philippines vs. Marcial D. Pulgo...
2025-12-06 18:17:12,270 - INFO -   Case already exists: RESTRUCTURED_DB/2017/jul/218205.json
2025-12-06 18:17:12,770 - INFO - 
[2322/2500] Processing G.R. No. 218242
2025-12-06 18:17:12,770 - INFO -   Title: Paulino M. Aldaba vs. Career Philippines, Shipmanagement, In...
2025-12-06 18:17:13,163 - INFO -   Case already exists: RESTRUCTURED_DB/2017/jun/218242.json
2025-12-06 18:17:13,664 - INFO - 
[2323/2500] Processing G.R. No. 218250
2025-12-06 18:17:13,664 - INFO -   Title: People of the Philippines vs. Gio Cosgafa y Clamocha, et al....
2025-12-06 18:17:14,058 - INFO -   Case already exists: RESTRUCTURED_DB/2017/jul/218250.json
2025-12-06 18:17:14,558 - INFO - 
[2324/2500] Processing G.R. No. 218384
2025-12-06 18:17:14,558 - INFO -   Title: John L. Borja and Aubrey L. Borja/Dong Juan vs. Randy B. Miñ...
2025-12-06 18:17:14,952 - INFO -   Case already exists: RESTRUCTURED_DB/2017/jul/218384.json
2025-12-06 18:17:15,452 - INFO - 
[2325/2500] Processing G.R. No. 218425
2025-12-06 18:17:15,452 - INFO -   Title: People of the Philippines vs. Wilson Cacho y Songco...
2025-12-06 18:17:15,845 - INFO -   Case already exists: RESTRUCTURED_DB/2017/sep/218425.json
2025-12-06 18:17:16,345 - INFO - 
[2326/2500] Processing G.R. No. 218570
2025-12-06 18:17:16,345 - INFO -   Title: Ben Manangan vs. People of the Philippines...
2025-12-06 18:17:16,739 - INFO -   Case already exists: RESTRUCTURED_DB/2017/nov/218570.json
2025-12-06 18:17:17,239 - INFO - 
[2327/2500] Processing G.R. No. 218572
2025-12-06 18:17:17,239 - INFO -   Title: People of the Philippines vs. Billie Gher Tuballas y Faustin...
2025-12-06 18:17:17,452 - INFO -   Case already exists: RESTRUCTURED_DB/2017/jun/218572.json
2025-12-06 18:17:17,952 - INFO - 
[2328/2500] Processing G.R. No. 218574
2025-12-06 18:17:17,952 - INFO -   Title: People of the Philippines vs. Raul Macapagal y Manalo...
2025-12-06 18:17:18,347 - INFO -   Case already exists: RESTRUCTURED_DB/2017/nov/218574.json
2025-12-06 18:17:18,847 - INFO - 
[2329/2500] Processing G.R. No. 218575
2025-12-06 18:17:18,847 - INFO -   Title: People of the Philippines vs. Francis Ursua y Bernal...
2025-12-06 18:17:19,060 - INFO -   Case already exists: RESTRUCTURED_DB/2017/oct/218575.json
2025-12-06 18:17:19,560 - INFO - 
[2330/2500] Processing G.R. No. 218628
2025-12-06 18:17:19,560 - INFO -   Title: Evergreen Manufacturing Corporation vs. Republic of the Phil...
2025-12-06 18:17:19,955 - INFO -   Case already exists: RESTRUCTURED_DB/2017/sep/218628.json
2025-12-06 18:17:20,455 - INFO - 
[2331/2500] Processing G.R. No. 218666
2025-12-06 18:17:20,455 - INFO -   Title: Heirs of Leonilo P. Nuñez, Sr. vs. Heirs of Gabino T. Villan...
2025-12-06 18:17:20,854 - INFO -   Case already exists: RESTRUCTURED_DB/2017/apr/218666.json
2025-12-06 18:17:21,355 - INFO - 
[2332/2500] Processing G.R. No. 218830
2025-12-06 18:17:21,355 - INFO -   Title: Jesus V. Coson vs. People of the Philippines...
2025-12-06 18:17:21,575 - INFO -   Case already exists: RESTRUCTURED_DB/2017/sep/218830.json
2025-12-06 18:17:22,075 - INFO - 
[2333/2500] Processing G.R. No. 218910
2025-12-06 18:17:22,076 - INFO -   Title: People of the Philippines vs. Luther Sabado, et al....
2025-12-06 18:17:22,287 - INFO -   Case already exists: RESTRUCTURED_DB/2017/jul/218910.json
2025-12-06 18:17:22,787 - INFO - 
[2334/2500] Processing G.R. No. 218911
2025-12-06 18:17:22,787 - INFO -   Title: People of the Philippines vs. Leonardo Siapno...
2025-12-06 18:17:23,179 - INFO -   Case already exists: RESTRUCTURED_DB/2017/aug/218911.json
2025-12-06 18:17:23,679 - INFO - 
[2335/2500] Processing G.R. No. 218942
2025-12-06 18:17:23,679 - INFO -   Title: People of the Philippines vs. Rolando Bisora y Lagonoy...
2025-12-06 18:17:23,890 - INFO -   Case already exists: RESTRUCTURED_DB/2017/jun/218942.json
2025-12-06 18:17:24,390 - INFO - 
[2336/2500] Processing G.R. No. 218970
2025-12-06 18:17:24,391 - INFO -   Title: Richard Escalante vs. People of the Philippines...
2025-12-06 18:17:24,783 - INFO -   Case already exists: RESTRUCTURED_DB/2017/jun/218970.json
2025-12-06 18:17:25,283 - INFO - 
[2337/2500] Processing G.R. No. 219070
2025-12-06 18:17:25,283 - INFO -   Title: Conrado R. Espiritu, Jr., et al. vs. Republic of the Philipp...
2025-12-06 18:17:25,676 - INFO -   Case already exists: RESTRUCTURED_DB/2017/jun/219070.json
2025-12-06 18:17:26,176 - INFO - 
[2338/2500] Processing G.R. No. 219123
2025-12-06 18:17:26,176 - INFO -   Title: Desiderio C. Cutanda vs. Marlow Navigation Phils., Inc., And...
2025-12-06 18:17:26,570 - INFO -   Case already exists: RESTRUCTURED_DB/2017/sep/219123.json
2025-12-06 18:17:27,070 - INFO - 
[2339/2500] Processing G.R. No. 219260
2025-12-06 18:17:27,070 - INFO -   Title: Bernice Joan Ti vs. Manuel S. Diño...
2025-12-06 18:17:27,282 - INFO -   Case already exists: RESTRUCTURED_DB/2017/nov/219260.json
2025-12-06 18:17:27,783 - INFO - 
[2340/2500] Processing G.R. No. 219309
2025-12-06 18:17:27,783 - INFO -   Title: Angelina Chua and Heirs of Jose Ma.Cheng Sing Phuan vs. Sps....
2025-12-06 18:17:27,996 - INFO -   Case already exists: RESTRUCTURED_DB/2017/nov/219309.json
2025-12-06 18:17:28,496 - INFO - 
[2341/2500] Processing G.R. No. 219408
2025-12-06 18:17:28,496 - INFO -   Title: Donald Francis Gaffney vs. Gina V. Butler...
2025-12-06 18:17:28,890 - INFO -   Case already exists: RESTRUCTURED_DB/2017/nov/219408.json
2025-12-06 18:17:29,390 - INFO - 
[2342/2500] Processing G.R. No. 219500
2025-12-06 18:17:29,391 - INFO -   Title: Mamerto Dy vs. Maria Lourdes Rosell Aldea...
2025-12-06 18:17:29,603 - INFO -   Case already exists: RESTRUCTURED_DB/2017/aug/219500.json
2025-12-06 18:17:30,103 - INFO - 
[2343/2500] Processing G.R. No. 219501
2025-12-06 18:17:30,103 - INFO -   Title: Police Director General Alan La Madrid Purisima vs. Hon. Con...
2025-12-06 18:17:30,497 - INFO -   Case already exists: RESTRUCTURED_DB/2017/jul/219501.json
2025-12-06 18:17:30,998 - INFO - 
[2344/2500] Processing G.R. No. 219590
2025-12-06 18:17:30,998 - INFO -   Title: People of the Philippines vs. Marcial M. Pardillo...
2025-12-06 18:17:31,209 - INFO -   Case already exists: RESTRUCTURED_DB/2017/jun/219590.json
2025-12-06 18:17:31,709 - INFO - 
[2345/2500] Processing G.R. No. 219615
2025-12-06 18:17:31,709 - INFO -   Title: People of the Philippines vs. Rafael Agudo y Del Valle...
2025-12-06 18:17:32,102 - INFO -   Case already exists: RESTRUCTURED_DB/2017/jun/219615.json
2025-12-06 18:17:32,602 - INFO - 
[2346/2500] Processing G.R. No. 219649
2025-12-06 18:17:32,602 - INFO -   Title: Al Dela Cruz vs. Capt. Renato Octaviano and Wilma Octaviano...
2025-12-06 18:17:32,996 - INFO -   Case already exists: RESTRUCTURED_DB/2017/jul/219649.json
2025-12-06 18:17:33,496 - INFO - 
[2347/2500] Processing G.R. No. 219848
2025-12-06 18:17:33,496 - INFO -   Title: People of the Philippines vs. Godofredo Macaraig y Gonzales...
2025-12-06 18:17:33,709 - INFO -   Case already exists: RESTRUCTURED_DB/2017/jun/219848.json
2025-12-06 18:17:34,209 - INFO - 
[2348/2500] Processing G.R. No. 219885
2025-12-06 18:17:34,209 - INFO -   Title: People of the Philippines vs. Auguto F. Gallanosa, Jr....
2025-12-06 18:17:34,602 - INFO -   Case already exists: RESTRUCTURED_DB/2017/jul/219885.json
2025-12-06 18:17:35,102 - INFO - 
[2349/2500] Processing G.R. No. 219952
2025-12-06 18:17:35,102 - INFO -   Title: People of the Philippines vs. Jehlson Aguirre y Arididon, et...
2025-12-06 18:17:35,496 - INFO -   Case already exists: RESTRUCTURED_DB/2017/nov/219952.json
2025-12-06 18:17:35,996 - INFO - 
[2350/2500] Processing G.R. No. 220002
2025-12-06 18:17:35,996 - INFO -   Title: Eugenio M. Gomez vs. Crossworld Marine Services, Inc., Golde...
2025-12-06 18:17:36,391 - INFO -   Case already exists: RESTRUCTURED_DB/2017/aug/220002.json
2025-12-06 18:17:36,891 - INFO - 
[2351/2500] Processing G.R. No. 220022
2025-12-06 18:17:36,891 - INFO -   Title: People of the Philippines vs. Wilton Alacdis y Anatil a.k.a....
2025-12-06 18:17:37,103 - INFO -   Case already exists: RESTRUCTURED_DB/2017/jun/220022.json
2025-12-06 18:17:37,603 - INFO - 
[2352/2500] Processing G.R. No. 220057
2025-12-06 18:17:37,603 - INFO -   Title: Rene Michael French vs. Court of Appeals, Eighteen Division,...
2025-12-06 18:17:37,824 - INFO -   Case already exists: RESTRUCTURED_DB/2017/jul/220057.json
2025-12-06 18:17:38,324 - INFO - 
[2353/2500] Processing G.R. No. 220143
2025-12-06 18:17:38,324 - INFO -   Title: People of the Philippines vs. Jonathan Baay y Falco...
2025-12-06 18:17:38,717 - INFO -   Case already exists: RESTRUCTURED_DB/2017/jun/220143.json
2025-12-06 18:17:39,217 - INFO - 
[2354/2500] Processing G.R. No. 220168
2025-12-06 18:17:39,217 - INFO -   Title: Marlow Navigation Philippines, Inc./Marlow Navigation Co., L...
2025-12-06 18:17:39,610 - INFO -   Case already exists: RESTRUCTURED_DB/2017/jun/220168.json
2025-12-06 18:17:40,110 - INFO - 
[2355/2500] Processing G.R. No. 220211
2025-12-06 18:17:40,110 - INFO -   Title: Edron Construction Corporation and Edmer Y. Lim vs. the Prov...
2025-12-06 18:17:40,322 - INFO -   Case already exists: RESTRUCTURED_DB/2017/jun/220211.json
2025-12-06 18:17:40,822 - INFO - 
[2356/2500] Processing G.R. No. 220367
2025-12-06 18:17:40,822 - INFO -   Title: National Power Corporation vs. Apolonio V. Marasigan, et al....
2025-12-06 18:17:41,217 - INFO -   Case already exists: RESTRUCTURED_DB/2017/nov/220367.json
2025-12-06 18:17:41,718 - INFO - 
[2357/2500] Processing G.R. No. 220383
2025-12-06 18:17:41,718 - INFO -   Title: Sonedco Workers Free Labor Union (SWOFLU) / Renato Yude, et ...
2025-12-06 18:17:41,929 - INFO -   Case already exists: RESTRUCTURED_DB/2017/jul/220383.json
2025-12-06 18:17:42,429 - INFO - 
[2358/2500] Processing G.R. No. 220440
2025-12-06 18:17:42,430 - INFO -   Title: Katherine Rose Salva vs. Ildefonso P. Magpile...
2025-12-06 18:17:42,823 - INFO -   Case already exists: RESTRUCTURED_DB/2017/nov/220440.json
2025-12-06 18:17:43,323 - INFO - 
[2359/2500] Processing G.R. No. 220458
2025-12-06 18:17:43,323 - INFO -   Title: People of the Philippines vs. Rosario Baladjay...
2025-12-06 18:17:43,717 - INFO -   Case already exists: RESTRUCTURED_DB/2017/jul/220458.json
2025-12-06 18:17:44,217 - INFO - 
[2360/2500] Processing G.R. No. 220685
2025-12-06 18:17:44,217 - INFO -   Title: People of the Philippines vs. Ernesto L. Delos Santos...
2025-12-06 18:17:44,430 - INFO -   Case already exists: RESTRUCTURED_DB/2017/nov/220685.json
2025-12-06 18:17:44,930 - INFO - 
[2361/2500] Processing G.R. No. 220700
2025-12-06 18:17:44,930 - INFO -   Title: Office of the Deputy Ombudsman for Luzon vs. Eufrocina Carlo...
2025-12-06 18:17:45,324 - INFO -   Case already exists: RESTRUCTURED_DB/2017/jul/220700.json
2025-12-06 18:17:45,824 - INFO - 
[2362/2500] Processing G.R. No. 220718
2025-12-06 18:17:45,824 - INFO -   Title: People of the Philippines vs. Nicolas Tubillo y Abella...
2025-12-06 18:17:46,035 - INFO -   Case already exists: RESTRUCTURED_DB/2017/jun/220718.json
2025-12-06 18:17:46,536 - INFO - 
[2363/2500] Processing G.R. No. 220758
2025-12-06 18:17:46,536 - INFO -   Title: People of the Philippines vs. Stephan Cabiles y Suarez a.k.a...
2025-12-06 18:17:46,747 - INFO -   Case already exists: RESTRUCTURED_DB/2017/jun/220758.json
2025-12-06 18:17:47,247 - INFO - 
[2364/2500] Processing G.R. No. 220759
2025-12-06 18:17:47,247 - INFO -   Title: People of the Philippines vs. Armando Mendoza y Potolin...
2025-12-06 18:17:47,640 - INFO -   Case already exists: RESTRUCTURED_DB/2017/jul/220759.json
2025-12-06 18:17:48,140 - INFO - 
[2365/2500] Processing G.R. No. 220835
2025-12-06 18:17:48,140 - INFO -   Title: Commissioner of Internal Revenue vs. Systems Technology Inst...
2025-12-06 18:17:48,353 - INFO -   Case already exists: RESTRUCTURED_DB/2017/jul/220835.json
2025-12-06 18:17:48,854 - INFO - 
[2366/2500] Processing G.R. No. 220889
2025-12-06 18:17:48,854 - INFO -   Title: People of the Philippines vs. Marlon Belmonte y Sumagit, et ...
2025-12-06 18:17:49,066 - INFO -   Case already exists: RESTRUCTURED_DB/2017/jul/220889.json
2025-12-06 18:17:49,566 - INFO - 
[2367/2500] Processing G.R. No. 220926
2025-12-06 18:17:49,566 - INFO -   Title: Luis Juan L. Virata and UEM-Mara Philippines Corporation vs....
2025-12-06 18:17:50,335 - INFO -   Case already exists: RESTRUCTURED_DB/2017/jul/220926.json
2025-12-06 18:17:50,835 - INFO - 
[2368/2500] Processing G.R. No. 220977
2025-12-06 18:17:50,835 - INFO -   Title: PO1 Celso Tabobo III y Ebid vs. People of the Philippines...
2025-12-06 18:17:51,048 - INFO -   Case already exists: RESTRUCTURED_DB/2017/jun/220977.json
2025-12-06 18:17:51,548 - INFO - 
[2369/2500] Processing G.R. No. 221085
2025-12-06 18:17:51,548 - INFO -   Title: Ravengar G. Ibon vs. Genghis Khan Security Services and/or M...
2025-12-06 18:17:51,760 - INFO -   Case already exists: RESTRUCTURED_DB/2017/jun/221085.json
2025-12-06 18:17:52,260 - INFO - 
[2370/2500] Processing G.R. No. 221096
2025-12-06 18:17:52,260 - INFO -   Title: Claudia's Kitchen, Inc. and Enzo Squilantini vs. Ma. Realiza...
2025-12-06 18:17:52,653 - INFO -   Case already exists: RESTRUCTURED_DB/2017/jun/221096.json
2025-12-06 18:17:53,154 - INFO - 
[2371/2500] Processing G.R. No. 221424
2025-12-06 18:17:53,154 - INFO -   Title: People of the Philippines vs. Robelyn Cabanada y Rosauro...
2025-12-06 18:17:53,547 - INFO -   Case already exists: RESTRUCTURED_DB/2017/jul/221424.json
2025-12-06 18:17:54,047 - INFO - 
[2372/2500] Processing G.R. No. 221443
2025-12-06 18:17:54,047 - INFO -   Title: The People of the Philippines vs. Dominador Ladra...
2025-12-06 18:17:54,441 - INFO -   Case already exists: RESTRUCTURED_DB/2017/jul/221443.json
2025-12-06 18:17:54,941 - INFO - 
[2373/2500] Processing G.R. No. 221493
2025-12-06 18:17:54,941 - INFO -   Title: Sterling Paper Products Enterprises, Inc. vs. KMM-Katipunan ...
2025-12-06 18:17:55,153 - INFO -   Case already exists: RESTRUCTURED_DB/2017/aug/221493.json
2025-12-06 18:17:55,653 - INFO - 
[2374/2500] Processing G.R. No. 221620
2025-12-06 18:17:55,653 - INFO -   Title: Teresa R. Ignacio vs. Office of the City Treasurer of Quezon...
2025-12-06 18:17:56,047 - INFO -   Case already exists: RESTRUCTURED_DB/2017/sep/221620.json
2025-12-06 18:17:56,547 - INFO - 
[2375/2500] Processing G.R. No. 221717
2025-12-06 18:17:56,547 - INFO -   Title: Mang Inasal Philippines, Inc. vs. IFP Manufacturing Corporat...
2025-12-06 18:17:56,940 - INFO -   Case already exists: RESTRUCTURED_DB/2017/jun/221717.json
2025-12-06 18:17:57,440 - INFO - 
[2376/2500] Processing G.R. No. 221732
2025-12-06 18:17:57,440 - INFO -   Title: Fernando U. Juan vs. Roberto U. Juan (Substituted By His Son...
2025-12-06 18:17:57,832 - INFO -   Case already exists: RESTRUCTURED_DB/2017/aug/221732.json
2025-12-06 18:17:58,332 - INFO - 
[2377/2500] Processing G.R. No. 221815
2025-12-06 18:17:58,332 - INFO -   Title: Glynna Foronda-Crystal vs. Aniana Lawas Son...
2025-12-06 18:17:58,726 - INFO -   Case already exists: RESTRUCTURED_DB/2017/nov/221815.json
2025-12-06 18:17:59,227 - INFO - 
[2378/2500] Processing G.R. No. 221857
2025-12-06 18:17:59,227 - INFO -   Title: Jesus O. Typoco, Jr., vs. People of the Philippines...
2025-12-06 18:17:59,621 - INFO -   Case already exists: RESTRUCTURED_DB/2017/aug/221857.json
2025-12-06 18:18:00,121 - INFO - 
[2379/2500] Processing G.R. No. 221991
2025-12-06 18:18:00,122 - INFO -   Title: Joselito Peralta y Zareno vs. People of the Philippines...
2025-12-06 18:18:00,335 - INFO -   Case already exists: RESTRUCTURED_DB/2017/aug/221991.json
2025-12-06 18:18:00,835 - INFO - 
[2380/2500] Processing G.R. No. 222031
2025-12-06 18:18:00,835 - INFO -   Title: Emilio Calma vs. Atty. Jose M. Lachica, Jr....
2025-12-06 18:18:01,228 - INFO -   Case already exists: RESTRUCTURED_DB/2017/nov/222031.json
2025-12-06 18:18:01,728 - INFO - 
[2381/2500] Processing G.R. No. 222095
2025-12-06 18:18:01,728 - INFO -   Title: In the matter of the petition for cancellation of certificat...
2025-12-06 18:18:02,121 - INFO -   Case already exists: RESTRUCTURED_DB/2017/aug/222095.json
2025-12-06 18:18:02,621 - INFO - 
[2382/2500] Processing G.R. No. 222180
2025-12-06 18:18:02,621 - INFO -   Title: People of the Philippines vs. Eleuterio Bragat...
2025-12-06 18:18:02,833 - INFO -   Case already exists: RESTRUCTURED_DB/2017/nov/222180.json
2025-12-06 18:18:03,333 - INFO - 
[2383/2500] Processing G.R. No. 222366
2025-12-06 18:18:03,333 - INFO -   Title: W Land Holdings, Inc. vs. Starwood Hotels and Resorts Worldw...
2025-12-06 18:18:03,728 - INFO -   Case already exists: RESTRUCTURED_DB/2017/dec/222366.json
2025-12-06 18:18:04,229 - INFO - 
[2384/2500] Processing G.R. No. 222430
2025-12-06 18:18:04,229 - INFO -   Title: Transglobal Maritime Agency, Inc., Goodwood Shipmanagement P...
2025-12-06 18:18:04,443 - INFO -   Case already exists: RESTRUCTURED_DB/2017/aug/222430.json
2025-12-06 18:18:04,943 - INFO - 
[2385/2500] Processing G.R. No. 222538
2025-12-06 18:18:04,943 - INFO -   Title: Eduardo N. Riguer vs. Atty. Edralin S. Mateo...
2025-12-06 18:18:05,156 - INFO -   Case already exists: RESTRUCTURED_DB/2017/jun/222538.json
2025-12-06 18:18:05,656 - INFO - 
[2386/2500] Processing G.R. No. 222561
2025-12-06 18:18:05,656 - INFO -   Title: People of the Philippines vs. Jonathan Tica y Epanto...
2025-12-06 18:18:05,868 - INFO -   Case already exists: RESTRUCTURED_DB/2017/aug/222561.json
2025-12-06 18:18:06,368 - INFO - 
[2387/2500] Processing G.R. No. 222685
2025-12-06 18:18:06,368 - INFO -   Title: Loreta Sambalilo, et al. vs. Sps. Pablo Llarenas and Fe Llan...
2025-12-06 18:18:06,762 - INFO -   Case already exists: RESTRUCTURED_DB/2017/jun/222685.json
2025-12-06 18:18:07,262 - INFO - 
[2388/2500] Processing G.R. No. 222699
2025-12-06 18:18:07,262 - INFO -   Title: Maunlad Trans Inc., Carnival Cruise Lines and/or Amado Castr...
2025-12-06 18:18:07,475 - INFO -   Case already exists: RESTRUCTURED_DB/2017/jul/222699.json
2025-12-06 18:18:07,975 - INFO - 
[2389/2500] Processing G.R. No. 222711
2025-12-06 18:18:07,975 - INFO -   Title: Ley Construction and Development Corporation vs. Marvin Mede...
2025-12-06 18:18:08,187 - INFO -   Case already exists: RESTRUCTURED_DB/2017/aug/222711.json
2025-12-06 18:18:08,687 - INFO - 
[2390/2500] Processing G.R. No. 222816
2025-12-06 18:18:08,688 - INFO -   Title: Allan John Uy Reyes vs. Global Beer Below Zero, Inc....
2025-12-06 18:18:09,081 - INFO -   Case already exists: RESTRUCTURED_DB/2017/oct/222816.json
2025-12-06 18:18:09,581 - INFO - 
[2391/2500] Processing G.R. No. 222821
2025-12-06 18:18:09,581 - INFO -   Title: North Greenhills Association, Inc. vs. Atty. Narciso Morales...
2025-12-06 18:18:09,974 - INFO -   Case already exists: RESTRUCTURED_DB/2017/aug/222821.json
2025-12-06 18:18:10,474 - INFO - 
[2392/2500] Processing G.R. No. 223114
2025-12-06 18:18:10,474 - INFO -   Title: People of the Philippines vs. Jonas Pantoja y Astorga...
2025-12-06 18:18:10,867 - INFO -   Case already exists: RESTRUCTURED_DB/2017/nov/223114.json
2025-12-06 18:18:11,367 - INFO - 
[2393/2500] Processing G.R. No. 223138
2025-12-06 18:18:11,367 - INFO -   Title: People of the Philippines vs. Ricky Primavera y Remodo...
2025-12-06 18:18:11,579 - INFO -   Case already exists: RESTRUCTURED_DB/2017/jul/223138.json
2025-12-06 18:18:12,079 - INFO - 
[2394/2500] Processing G.R. No. 223210
2025-12-06 18:18:12,079 - INFO -   Title: Wilson T. Lim vs. P/S Insp. Eustiquio Fuentes...
2025-12-06 18:18:12,472 - INFO -   Case already exists: RESTRUCTURED_DB/2017/nov/223210.json
2025-12-06 18:18:12,973 - INFO - 
[2395/2500] Processing G.R. No. 223262
2025-12-06 18:18:12,973 - INFO -   Title: Dennis M. Concejero vs. Court of Appeals and Philippine Nati...
2025-12-06 18:18:13,190 - INFO -   Case already exists: RESTRUCTURED_DB/2017/sep/223262.json
2025-12-06 18:18:13,691 - INFO - 
[2396/2500] Processing G.R. No. 223334
2025-12-06 18:18:13,691 - INFO -   Title: Danilo Bartolata, represented by his attoney-in-fact Rebecca...
2025-12-06 18:18:14,085 - INFO -   Case already exists: RESTRUCTURED_DB/2017/jun/223334.json
2025-12-06 18:18:14,585 - INFO - 
[2397/2500] Processing G.R. No. 223366
2025-12-06 18:18:14,585 - INFO -   Title: National Transmission Corporation vs. Oroville Development C...
2025-12-06 18:18:14,980 - INFO -   Case already exists: RESTRUCTURED_DB/2017/aug/223366.json
2025-12-06 18:18:15,480 - INFO - 
[2398/2500] Processing G.R. No. 223505
2025-12-06 18:18:15,480 - INFO -   Title: Philippine Association of Detective and Protective Agency Op...
2025-12-06 18:18:15,875 - INFO -   Case already exists: RESTRUCTURED_DB/2017/oct/223505.json
2025-12-06 18:18:16,375 - INFO - 
[2399/2500] Processing G.R. No. 223513
2025-12-06 18:18:16,376 - INFO -   Title: People of the Philippines vs. Alex Amar y Montano...
2025-12-06 18:18:16,588 - INFO -   Case already exists: RESTRUCTURED_DB/2017/jul/223513.json
2025-12-06 18:18:17,088 - INFO - 
[2400/2500] Processing G.R. No. 223556
2025-12-06 18:18:17,088 - INFO -   Title: People of the Philippines vs. Manuel Lim Ching...
2025-12-06 18:18:17,482 - INFO -   Case already exists: RESTRUCTURED_DB/2017/oct/223556.json
2025-12-06 18:18:17,982 - INFO - 
[2401/2500] Processing G.R. No. 223678
2025-12-06 18:18:17,982 - INFO -   Title: People of the Philippines vs. Alfredo Gunsay y Tolentino...
2025-12-06 18:18:18,194 - INFO -   Case already exists: RESTRUCTURED_DB/2017/jul/223678.json
2025-12-06 18:18:18,694 - INFO - 
[2402/2500] Processing G.R. No. 223679
2025-12-06 18:18:18,694 - INFO -   Title: People of the Philippines vs. Wilfredo Layug, Noel Buan and ...
2025-12-06 18:18:19,086 - INFO -   Case already exists: RESTRUCTURED_DB/2017/sep/223679.json
2025-12-06 18:18:19,587 - INFO - 
[2403/2500] Processing G.R. No. 223730
2025-12-06 18:18:19,587 - INFO -   Title: Dohle Philman Manning Agency, Inc., Dohle (IOM) Limited and/...
2025-12-06 18:18:19,983 - INFO -   Case already exists: RESTRUCTURED_DB/2017/oct/223730.json
2025-12-06 18:18:20,483 - INFO - 
[2404/2500] Processing G.R. No. 223731
2025-12-06 18:18:20,483 - INFO -   Title: Robelito Malinis Talaroc vs. Arpaphil Shipping Corporation, ...
2025-12-06 18:18:20,877 - INFO -   Case already exists: RESTRUCTURED_DB/2017/aug/223731.json
2025-12-06 18:18:21,377 - INFO - 
[2405/2500] Processing G.R. No. 223762
2025-12-06 18:18:21,377 - INFO -   Title: Tomas N. Joson III vs. Commission on Audit...
2025-12-06 18:18:21,771 - INFO -   Case already exists: RESTRUCTURED_DB/2017/nov/223762.json
2025-12-06 18:18:22,271 - INFO - 
[2406/2500] Processing G.R. No. 223833
2025-12-06 18:18:22,271 - INFO -   Title: Joshua Casanas Y Cabantac A.K.A. Joshua Geronimo Y Lopez vs....
2025-12-06 18:18:22,484 - INFO -   Case already exists: RESTRUCTURED_DB/2017/dec/223833.json
2025-12-06 18:18:22,984 - INFO - 
[2407/2500] Processing G.R. No. 223844
2025-12-06 18:18:22,984 - INFO -   Title: Danilo Calivo Cariaga vs. Emmanuel D. Sapigao and Ginalyn C....
2025-12-06 18:18:23,947 - INFO -   Case already exists: RESTRUCTURED_DB/2017/jun/223844.json
2025-12-06 18:18:24,448 - INFO - 
[2408/2500] Processing G.R. No. 223862
2025-12-06 18:18:24,448 - INFO -   Title: Hon. Mylyn P. Cayabyab, in her capacity as the Municipal May...
2025-12-06 18:18:24,841 - INFO -   Case already exists: RESTRUCTURED_DB/2017/jul/223862.json
2025-12-06 18:18:25,341 - INFO - 
[2409/2500] Processing G.R. No. 224022
2025-12-06 18:18:25,341 - INFO -   Title: Teodorico A. Zaragoza vs. Iloilo Santos Truckers, Inc....
2025-12-06 18:18:25,734 - INFO -   Case already exists: RESTRUCTURED_DB/2017/jun/224022.json
2025-12-06 18:18:26,234 - INFO - 
[2410/2500] Processing G.R. No. 224099
2025-12-06 18:18:26,234 - INFO -   Title: Rommel M. Zambrano, et al. vs. Philippine Carpet Manufacturi...
2025-12-06 18:18:26,629 - INFO -   Case already exists: RESTRUCTURED_DB/2017/jun/224099.json
2025-12-06 18:18:27,129 - INFO - 
[2411/2500] Processing G.R. No. 224102
2025-12-06 18:18:27,129 - INFO -   Title: Ryan Mariano y Garcia vs. People of the Philippines...
2025-12-06 18:18:27,522 - INFO -   Case already exists: RESTRUCTURED_DB/2017/jul/224102.json
2025-12-06 18:18:28,022 - INFO - 
[2412/2500] Processing G.R. No. 224143
2025-12-06 18:18:28,022 - INFO -   Title: Kevin Belmonte y Goromeo vs. People of the Philippines...
2025-12-06 18:18:28,416 - INFO -   Case already exists: RESTRUCTURED_DB/2017/jun/224143.json
2025-12-06 18:18:28,916 - INFO - 
[2413/2500] Processing G.R. No. 224144
2025-12-06 18:18:28,916 - INFO -   Title: Lolita Bas Capablanca vs. Heirs of Perdo Bas, represented by...
2025-12-06 18:18:29,129 - INFO -   Case already exists: RESTRUCTURED_DB/2017/jun/224144.json
2025-12-06 18:18:29,629 - INFO - 
[2414/2500] Processing G.R. No. 224204
2025-12-06 18:18:29,630 - INFO -   Title: Philippine Veterans Bank vs. Spouses Ramon and Annabelle Sab...
2025-12-06 18:18:29,851 - INFO -   Case already exists: RESTRUCTURED_DB/2017/aug/224204.json
2025-12-06 18:18:30,351 - INFO - 
[2415/2500] Processing G.R. No. 224225
2025-12-06 18:18:30,351 - INFO -   Title: Norma I. Baring vs. Elena Loan and Credit Company, Inc....
2025-12-06 18:18:30,742 - INFO -   Case already exists: RESTRUCTURED_DB/2017/aug/224225.json
2025-12-06 18:18:31,242 - INFO - 
[2416/2500] Processing G.R. No. 224300
2025-12-06 18:18:31,242 - INFO -   Title: People of the Philippines vs. Jose Cutura y Brix...
2025-12-06 18:18:31,454 - INFO -   Case already exists: RESTRUCTURED_DB/2017/jun/224300.json
2025-12-06 18:18:31,954 - INFO - 
[2417/2500] Processing G.R. No. 224302
2025-12-06 18:18:31,954 - INFO -   Title: Hon. Philip A. Aguinaldo, et al. vs. His Excellency Presiden...
2025-12-06 18:18:32,165 - INFO -   Case already exists: RESTRUCTURED_DB/2017/aug/224302.json
2025-12-06 18:18:32,665 - INFO - 
[2418/2500] Processing G.R. No. 224319
2025-12-06 18:18:32,665 - INFO -   Title: Dela Salle Araneta University, Inc. vs. Dr. Eloisa G. Magdur...
2025-12-06 18:18:33,059 - INFO -   Case already exists: RESTRUCTURED_DB/2017/nov/224319.json
2025-12-06 18:18:33,559 - INFO - 
[2419/2500] Processing G.R. No. 224395
2025-12-06 18:18:33,559 - INFO -   Title: Disciplinary Board, Land Transporatation Office; Atty. Teofi...
2025-12-06 18:18:33,770 - INFO -   Case already exists: RESTRUCTURED_DB/2017/jul/224395.json
2025-12-06 18:18:34,270 - INFO - 
[2420/2500] Processing G.R. No. 224507
2025-12-06 18:18:34,270 - INFO -   Title: Privatization and Management Office vs. Edgardo V. Quesada, ...
2025-12-06 18:18:34,663 - INFO -   Case already exists: RESTRUCTURED_DB/2017/sep/224507.json
2025-12-06 18:18:35,163 - INFO - 
[2421/2500] Processing G.R. No. 224515
2025-12-06 18:18:35,164 - INFO -   Title: Remedios V. Geñorga vs. Heirs of Julian Meliton, represented...
2025-12-06 18:18:35,375 - INFO -   Case already exists: RESTRUCTURED_DB/2017/jul/224515.json
2025-12-06 18:18:35,876 - INFO - 
[2422/2500] Processing G.R. No. 224532
2025-12-06 18:18:35,876 - INFO -   Title: Constancio Caderao vs. Senator Crewing (Manila), Inc., et al...
2025-12-06 18:18:36,270 - INFO -   Case already exists: RESTRUCTURED_DB/2017/jun/224532.json
2025-12-06 18:18:36,770 - INFO - 
[2423/2500] Processing G.R. No. 224631
2025-12-06 18:18:36,770 - INFO -   Title: People of the Philippines vs. Ruperto Rubillar, Jr. y Gabero...
2025-12-06 18:18:37,163 - INFO -   Case already exists: RESTRUCTURED_DB/2017/aug/224631.json
2025-12-06 18:18:37,664 - INFO - 
[2424/2500] Processing G.R. No. 224886
2025-12-06 18:18:37,664 - INFO -   Title: People of the Philippines vs. Roger Racal @ Rambo...
2025-12-06 18:18:38,056 - INFO -   Case already exists: RESTRUCTURED_DB/2017/sep/224886.json
2025-12-06 18:18:38,556 - INFO - 
[2425/2500] Processing G.R. No. 224888
2025-12-06 18:18:38,556 - INFO -   Title: People of the Philippines vs. Roderick R. Ramelo...
2025-12-06 18:18:38,769 - INFO -   Case already exists: RESTRUCTURED_DB/2017/nov/224888.json
2025-12-06 18:18:39,269 - INFO - 
[2426/2500] Processing G.R. No. 224943
2025-12-06 18:18:39,270 - INFO -   Title: Jorge B. Navarra vs. People of the Philippines...
2025-12-06 18:18:39,489 - INFO -   Case already exists: RESTRUCTURED_DB/2017/mar/224943.json
2025-12-06 18:18:39,989 - INFO - 
[2427/2500] Processing G.R. No. 224973
2025-12-06 18:18:39,990 - INFO -   Title: Gina Lefebre vs. Brown Company, Inc....
2025-12-06 18:18:40,381 - INFO -   Case already exists: RESTRUCTURED_DB/2017/sep/224973.json
2025-12-06 18:18:40,882 - INFO - 
[2428/2500] Processing G.R. No. 224974
2025-12-06 18:18:40,882 - INFO -   Title: Marvin Cruz and Francisco Cruz vs. People of the Philippines...
2025-12-06 18:18:41,274 - INFO -   Case already exists: RESTRUCTURED_DB/2017/jul/224974.json
2025-12-06 18:18:41,774 - INFO - 
[2429/2500] Processing G.R. No. 225051
2025-12-06 18:18:41,774 - INFO -   Title: Department of Foreign Affairs (DFA) vs. BCA International Co...
2025-12-06 18:18:42,167 - INFO -   Case already exists: RESTRUCTURED_DB/2017/jul/225051.json
2025-12-06 18:18:42,668 - INFO - 
[2430/2500] Processing G.R. No. 225054
2025-12-06 18:18:42,668 - INFO -   Title: People of the Philippines vs. Agapito Dimaala y Arela...
2025-12-06 18:18:42,879 - INFO -   Case already exists: RESTRUCTURED_DB/2017/jul/225054.json
2025-12-06 18:18:43,379 - INFO - 
[2431/2500] Processing G.R. No. 225065
2025-12-06 18:18:43,379 - INFO -   Title: People of the Philippines vs. Armando Labraque A.K.A. "Arman...
2025-12-06 18:18:43,771 - INFO -   Case already exists: RESTRUCTURED_DB/2017/sep/225065.json
2025-12-06 18:18:44,271 - INFO - 
[2432/2500] Processing G.R. No. 225142
2025-12-06 18:18:44,271 - INFO -   Title: Nyk-Fil Ship Management, Incorporated vs. Gener G. Dabu...
2025-12-06 18:18:44,663 - INFO -   Case already exists: RESTRUCTURED_DB/2017/sep/225142.json
2025-12-06 18:18:45,163 - INFO - 
[2433/2500] Processing G.R. No. 225146
2025-12-06 18:18:45,163 - INFO -   Title: Rogelio B. Antone vs. People of the Philippines...
2025-12-06 18:18:45,374 - INFO -   Case already exists: RESTRUCTURED_DB/2017/nov/225146.json
2025-12-06 18:18:45,874 - INFO - 
[2434/2500] Processing G.R. No. 225442
2025-12-06 18:18:45,874 - INFO -   Title: Samahan ng mga Progresibong Kabataan (SPARK), et al. vs. Que...
2025-12-06 18:18:46,638 - INFO -   Case already exists: RESTRUCTURED_DB/2017/aug/225442.json
2025-12-06 18:18:47,138 - INFO - 
[2435/2500] Processing G.R. No. 225500
2025-12-06 18:18:47,138 - INFO -   Title: People of the Philippines vs. Jonas Geronimo y Pinlac...
2025-12-06 18:18:47,350 - INFO -   Case already exists: RESTRUCTURED_DB/2017/sep/225500.json
2025-12-06 18:18:47,850 - INFO - 
[2436/2500] Processing G.R. No. 225544
2025-12-06 18:18:47,850 - INFO -   Title: Rogel N. Zaragoza vs. Katherine L. Tan and Emperador Distill...
2025-12-06 18:18:48,062 - INFO -   Case already exists: RESTRUCTURED_DB/2017/dec/225544.json
2025-12-06 18:18:48,562 - INFO - 
[2437/2500] Processing G.R. No. 225623
2025-12-06 18:18:48,562 - INFO -   Title: People of the Philippines vs. Lorenzo Raytos y Espino...
2025-12-06 18:18:48,956 - INFO -   Case already exists: RESTRUCTURED_DB/2017/jun/225623.json
2025-12-06 18:18:49,456 - INFO - 
[2438/2500] Processing G.R. No. 225743
2025-12-06 18:18:49,456 - INFO -   Title: People of the Philippines vs. Sandy Domingo y Labis...
2025-12-06 18:18:49,667 - INFO -   Case already exists: RESTRUCTURED_DB/2017/jun/225743.json
2025-12-06 18:18:50,167 - INFO - 
[2439/2500] Processing G.R. No. 225808
2025-12-06 18:18:50,167 - INFO -   Title: Spouses Edgardo M. Aguinaldo and Nelia T. Torres-Aguinaldo v...
2025-12-06 18:18:50,559 - INFO -   Case already exists: RESTRUCTURED_DB/2017/sep/225808.json
2025-12-06 18:18:51,059 - INFO - 
[2440/2500] Processing G.R. No. 226158
2025-12-06 18:18:51,059 - INFO -   Title: People of the Philippines vs. Liberato Pentecostes y Cronico...
2025-12-06 18:18:51,455 - INFO -   Case already exists: RESTRUCTURED_DB/2017/nov/226158.json
2025-12-06 18:18:51,955 - INFO - 
[2441/2500] Processing G.R. No. 226213
2025-12-06 18:18:51,955 - INFO -   Title: G. Holdings, Inc. vs. Cagayan Electric Power and Light Compa...
2025-12-06 18:18:52,348 - INFO -   Case already exists: RESTRUCTURED_DB/2017/sep/226213.json
2025-12-06 18:18:52,848 - INFO - 
[2442/2500] Processing G.R. No. 226345
2025-12-06 18:18:52,848 - INFO -   Title: Pinoner Insurance and Surety Corporation vs. APL Co., Pte. L...
2025-12-06 18:18:53,059 - INFO -   Case already exists: RESTRUCTURED_DB/2017/aug/226345.json
2025-12-06 18:18:53,559 - INFO - 
[2443/2500] Processing G.R. No. 226454
2025-12-06 18:18:53,559 - INFO -   Title: Digna Ramos vs. People of the Philippines...
2025-12-06 18:18:53,951 - INFO -   Case already exists: RESTRUCTURED_DB/2017/nov/226454.json
2025-12-06 18:18:54,451 - INFO - 
[2444/2500] Processing G.R. No. 226679
2025-12-06 18:18:54,451 - INFO -   Title: Salvador Estipona, Jr y Asuela vs. Hon. Frank E. Lobrigo and...
2025-12-06 18:18:55,027 - INFO -   Case already exists: RESTRUCTURED_DB/2017/aug/226679.json
2025-12-06 18:18:55,527 - INFO - 
[2445/2500] Processing G.R. No. 226766
2025-12-06 18:18:55,527 - INFO -   Title: Oriental Shipmanagement Co., Inc. And/Or Mol Tankship Manage...
2025-12-06 18:18:55,739 - INFO -   Case already exists: RESTRUCTURED_DB/2017/sep/226766.json
2025-12-06 18:18:56,239 - INFO - 
[2446/2500] Processing G.R. No. 226792
2025-12-06 18:18:56,239 - INFO -   Title: Sofronio B. Albania vs. Commission on Elections and Edgardo ...
2025-12-06 18:18:56,452 - INFO -   Case already exists: RESTRUCTURED_DB/2017/jun/226792.json
2025-12-06 18:18:56,952 - INFO - 
[2447/2500] Processing G.R. No. 226846
2025-12-06 18:18:56,952 - INFO -   Title: People of the Philippines vs. Jeffrey Macaranas y Fernandez...
2025-12-06 18:18:57,164 - INFO -   Case already exists: RESTRUCTURED_DB/2017/jun/226846.json
2025-12-06 18:18:57,664 - INFO - 
[2448/2500] Processing G.R. No. 227005
2025-12-06 18:18:57,664 - INFO -   Title: BDO Unibank, Inc. vs. Engr. Selwyn Lao, doing business under...
2025-12-06 18:18:58,055 - INFO -   Case already exists: RESTRUCTURED_DB/2017/jun/227005.json
2025-12-06 18:18:58,555 - INFO - 
[2449/2500] Processing G.R. No. 227038
2025-12-06 18:18:58,555 - INFO -   Title: Jeffrey Miguel y Remegio vs. People of the Philippines...
2025-12-06 18:18:58,949 - INFO -   Case already exists: RESTRUCTURED_DB/2017/jul/227038.json
2025-12-06 18:18:59,450 - INFO - 
[2450/2500] Processing G.R. No. 227069
2025-12-06 18:18:59,450 - INFO -   Title: Hilario Lamsen vs. People of the Philippines...
2025-12-06 18:18:59,662 - INFO -   Case already exists: RESTRUCTURED_DB/2017/nov/227069.json
2025-12-06 18:19:00,162 - INFO - 
[2451/2500] Processing G.R. No. 227124
2025-12-06 18:19:00,163 - INFO -   Title: Heirs of Victor Amistoso vs. Elmer T. Vallecer...
2025-12-06 18:19:00,375 - INFO -   Case already exists: RESTRUCTURED_DB/2017/dec/227124.json
2025-12-06 18:19:00,875 - INFO - 
[2452/2500] Processing G.R. No. 227185
2025-12-06 18:19:00,875 - INFO -   Title: People of the Philippines vs. EEE...
2025-12-06 18:19:01,086 - INFO -   Case already exists: RESTRUCTURED_DB/2017/sep/227185.json
2025-12-06 18:19:01,586 - INFO - 
[2453/2500] Processing G.R. No. 227306
2025-12-06 18:19:01,586 - INFO -   Title: People of the Philippines vs. Roberto Esperanza Jesalva alia...
2025-12-06 18:19:01,798 - INFO -   Case already exists: RESTRUCTURED_DB/2017/jun/227306.json
2025-12-06 18:19:02,298 - INFO - 
[2454/2500] Processing G.R. No. 227309
2025-12-06 18:19:02,298 - INFO -   Title: People of the Philippines vs. Jocelyn Carlit y Gawat...
2025-12-06 18:19:02,690 - INFO -   Case already exists: RESTRUCTURED_DB/2017/aug/227309.json
2025-12-06 18:19:03,190 - INFO - 
[2455/2500] Processing G.R. No. 227505
2025-12-06 18:19:03,190 - INFO -   Title: People of the Philippines vs. Erlinda Racho y Somera...
2025-12-06 18:19:03,584 - INFO -   Case already exists: RESTRUCTURED_DB/2017/oct/227505.json
2025-12-06 18:19:04,085 - INFO - 
[2456/2500] Processing G.R. No. 227544
2025-12-06 18:19:04,085 - INFO -   Title: Commission of Internal Revenue vs. Transitions Philippines, ...
2025-12-06 18:19:04,478 - INFO -   Case already exists: RESTRUCTURED_DB/2017/nov/227544.json
2025-12-06 18:19:04,978 - INFO - 
[2457/2500] Processing G.R. No. 227695
2025-12-06 18:19:04,978 - INFO -   Title: Genpact Services, Inc., and Danilo Sebastian Reyes vs. Maria...
2025-12-06 18:19:05,189 - INFO -   Case already exists: RESTRUCTURED_DB/2017/jul/227695.json
2025-12-06 18:19:05,690 - INFO - 
[2458/2500] Processing G.R. No. 227705
2025-12-06 18:19:05,690 - INFO -   Title: People of the Philippines vs. Hermin Romobio y Pauler...
2025-12-06 18:19:06,084 - INFO -   Case already exists: RESTRUCTURED_DB/2017/oct/227705.json
2025-12-06 18:19:06,584 - INFO - 
[2459/2500] Processing G.R. No. 227734
2025-12-06 18:19:06,584 - INFO -   Title: Romeo Alba vs. Conrado G. Espinosa, et al....
2025-12-06 18:19:06,800 - INFO -   Case already exists: RESTRUCTURED_DB/2017/aug/227734.json
2025-12-06 18:19:07,301 - INFO - 
[2460/2500] Processing G.R. No. 227757
2025-12-06 18:19:07,301 - INFO -   Title: Representative Teddy Brawner Baguilat, Jr., et al. vs. Speak...
2025-12-06 18:19:07,512 - INFO -   Case already exists: RESTRUCTURED_DB/2017/jul/227757.json
2025-12-06 18:19:08,013 - INFO - 
[2461/2500] Processing G.R. No. 227863
2025-12-06 18:19:08,013 - INFO -   Title: People of the Philippines vs. Pedrito Ordona y Rendon...
2025-12-06 18:19:08,224 - INFO -   Case already exists: RESTRUCTURED_DB/2017/sep/227863.json
2025-12-06 18:19:08,725 - INFO - 
[2462/2500] Processing G.R. No. 227878
2025-12-06 18:19:08,725 - INFO -   Title: People of the Philippines vs. Geraldo Santillan y Villanueva...
2025-12-06 18:19:09,116 - INFO -   Case already exists: RESTRUCTURED_DB/2017/aug/222430.json
2025-12-06 18:19:09,616 - INFO - 
[2463/2500] Processing G.R. No. 227894
2025-12-06 18:19:09,616 - INFO -   Title: Jose S. Ocampo vs. Ricardo S. Ocampo, Sr....
2025-12-06 18:19:10,008 - INFO -   Case already exists: RESTRUCTURED_DB/2017/jul/227894.json
2025-12-06 18:19:10,508 - INFO - 
[2464/2500] Processing G.R. No. 228112
2025-12-06 18:19:10,509 - INFO -   Title: Sps. Rosalino R. Reyes, Jr. and Sylvia S. Reyes vs. Sps. Her...
2025-12-06 18:19:10,900 - INFO -   Case already exists: RESTRUCTURED_DB/2017/sep/228112.json
2025-12-06 18:19:11,400 - INFO - 
[2465/2500] Processing G.R. No. 228248
2025-12-06 18:19:11,401 - INFO -   Title: People of the Philippines vs. Romeo De Guzman y De Castro...
2025-12-06 18:19:11,611 - INFO -   Case already exists: RESTRUCTURED_DB/2017/aug/228248.json
2025-12-06 18:19:12,111 - INFO - 
[2466/2500] Processing G.R. No. 228296
2025-12-06 18:19:12,111 - INFO -   Title: Grieg Philippines, Inc. Grieg Shipping Group As, and/or Manu...
2025-12-06 18:19:12,503 - INFO -   Case already exists: RESTRUCTURED_DB/2017/jul/228296.json
2025-12-06 18:19:13,003 - INFO - 
[2467/2500] Processing G.R. No. 228412
2025-12-06 18:19:13,003 - INFO -   Title: Alaska Milk Corporation and the Estate of Wilfred Uytengsu v...
2025-12-06 18:19:13,397 - INFO -   Case already exists: RESTRUCTURED_DB/2017/jul/228412.json
2025-12-06 18:19:13,897 - INFO - 
[2468/2500] Processing G.R. No. 228435
2025-12-06 18:19:13,897 - INFO -   Title: KT Construction Supply, Inc. vs. Philippine Savings Bank...
2025-12-06 18:19:14,108 - INFO -   Case already exists: RESTRUCTURED_DB/2017/unknown/228435.json
2025-12-06 18:19:14,608 - INFO - 
[2469/2500] Processing G.R. No. 228449
2025-12-06 18:19:14,609 - INFO -   Title: Grace R. Aluag vs. BIR Multi-Purpose Cooperative, Norma L. L...
2025-12-06 18:19:15,002 - INFO -   Case already exists: RESTRUCTURED_DB/2017/dec/228449.json
2025-12-06 18:19:15,502 - INFO - 
[2470/2500] Processing G.R. No. 228617
2025-12-06 18:19:15,502 - INFO -   Title: Planters Development Bank vs. Spouses Victoriano and Melanie...
2025-12-06 18:19:15,720 - INFO -   Case already exists: RESTRUCTURED_DB/2017/sep/228617.json
2025-12-06 18:19:16,220 - INFO - 
[2471/2500] Processing G.R. No. 228628
2025-12-06 18:19:16,220 - INFO -   Title: Rep. Reynaldo V. Umali vs. the Judicial and Bar CouncilDisse...
2025-12-06 18:19:16,613 - INFO -   Case already exists: RESTRUCTURED_DB/2017/jul/228628.json
2025-12-06 18:19:17,114 - INFO - 
[2472/2500] Processing G.R. No. 228887
2025-12-06 18:19:17,114 - INFO -   Title: People of the Philippines vs. Dominador Uptohan y Jose...
2025-12-06 18:19:17,326 - INFO -   Case already exists: RESTRUCTURED_DB/2017/aug/228887.json
2025-12-06 18:19:17,826 - INFO - 
[2473/2500] Processing G.R. No. 228894
2025-12-06 18:19:17,826 - INFO -   Title: People of the Philippines vs. John Paul Ceralde y Ramos...
2025-12-06 18:19:18,049 - INFO -   Case already exists: RESTRUCTURED_DB/2017/aug/228894.json
2025-12-06 18:19:18,549 - INFO - 
[2474/2500] Processing G.R. No. 229100
2025-12-06 18:19:18,550 - INFO -   Title: People of the Philippines vs. Romeo Agoncillo y Visto...
2025-12-06 18:19:19,124 - INFO -   Case already exists: RESTRUCTURED_DB/2017/nov/229100.json
2025-12-06 18:19:19,624 - INFO - 
[2475/2500] Processing G.R. No. 229256
2025-12-06 18:19:19,624 - INFO -   Title: Marieta Maglaya De Guzman vs. the Office of the Ombudsman an...
2025-12-06 18:19:20,199 - INFO -   Case already exists: RESTRUCTURED_DB/2017/nov/229256.json
2025-12-06 18:19:20,699 - INFO - 
[2476/2500] Processing G.R. No. 229335
2025-12-06 18:19:20,699 - INFO -   Title: Republic of the Philippines, represented by the Department o...
2025-12-06 18:19:21,093 - INFO -   Case already exists: RESTRUCTURED_DB/2017/nov/229335.json
2025-12-06 18:19:21,593 - INFO - 
[2477/2500] Processing G.R. No. 229701
2025-12-06 18:19:21,593 - INFO -   Title: Edwina Rimando y Fernando vs. People of the Philippines...
2025-12-06 18:19:21,985 - INFO -   Case already exists: RESTRUCTURED_DB/2017/nov/229701.json
2025-12-06 18:19:22,486 - INFO - 
[2478/2500] Processing G.R. No. 229746
2025-12-06 18:19:22,486 - INFO -   Title: Abbott Laboratories (Philippines), Inc. and Stephane Langevi...
2025-12-06 18:19:22,879 - INFO -   Case already exists: RESTRUCTURED_DB/2017/oct/229746.json
2025-12-06 18:19:23,379 - INFO - 
[2479/2500] Processing G.R. No. 229781
2025-12-06 18:19:23,379 - INFO -   Title: Senator Leila M. De Lima vs. Hon. Juanita Guerrero, et al.Di...
2025-12-06 18:19:24,504 - INFO -   Case already exists: RESTRUCTURED_DB/2017/oct/229781.json
2025-12-06 18:19:25,004 - INFO - 
[2480/2500] Processing G.R. No. 230230
2025-12-06 18:19:25,004 - INFO -   Title: People of the Philippines vs. Niño Calibod y Henobeso...
2025-12-06 18:19:25,397 - INFO -   Case already exists: RESTRUCTURED_DB/2017/nov/230230.json
2025-12-06 18:19:25,897 - INFO - 
[2481/2500] Processing G.R. No. 230324
2025-12-06 18:19:25,897 - INFO -   Title: Lorie Marie Tomas Callo vs. Commissioner Jaime H. Morente, B...
2025-12-06 18:19:26,289 - INFO -   Case already exists: RESTRUCTURED_DB/2017/sep/230324.json
2025-12-06 18:19:26,789 - INFO - 
[2482/2500] Processing G.R. No. 230481
2025-12-06 18:19:26,789 - INFO -   Title: Hoegh Fleet Services Phils., Inc., and/or Hoegh Fleet Servic...
2025-12-06 18:19:27,182 - INFO -   Case already exists: RESTRUCTURED_DB/2017/jul/230481.json
2025-12-06 18:19:27,682 - INFO - 
[2483/2500] Processing G.R. No. 230628
2025-12-06 18:19:27,682 - INFO -   Title: Small Business Corporation vs. Commission on Audit...
2025-12-06 18:19:28,256 - INFO -   Case already exists: RESTRUCTURED_DB/2017/oct/230628.json
2025-12-06 18:19:28,756 - INFO - 
[2484/2500] Processing G.R. No. 230664
2025-12-06 18:19:28,756 - INFO -   Title: Edward M. Cosue vs. Ferritz Integrated Development Corporati...
2025-12-06 18:19:29,149 - INFO -   Case already exists: RESTRUCTURED_DB/2017/jul/230664.json
2025-12-06 18:19:29,649 - INFO - 
[2485/2500] Processing G.R. No. 230682
2025-12-06 18:19:29,649 - INFO -   Title: Jolo's Kiddie Carts/Fun4Kids/Marlo U. Cabili vs. Evelyn A. C...
2025-12-06 18:19:30,045 - INFO -   Case already exists: RESTRUCTURED_DB/2017/nov/230682.json
2025-12-06 18:19:30,545 - INFO - 
[2486/2500] Processing G.R. No. 230696
2025-12-06 18:19:30,545 - INFO -   Title: William R. Wenceslao, et al. vs. People of the Philippines...
2025-12-06 18:19:30,939 - INFO -   Case already exists: RESTRUCTURED_DB/2017/aug/230696.json
2025-12-06 18:19:31,439 - INFO - 
[2487/2500] Processing G.R. No. 230744
2025-12-06 18:19:31,439 - INFO -   Title: Mario O. Salvador vs. Commission on Elections and Alexander ...
2025-12-06 18:19:31,830 - INFO -   Case already exists: RESTRUCTURED_DB/2017/sep/230744.json
2025-12-06 18:19:32,330 - INFO - 
[2488/2500] Processing G.R. No. 230791
2025-12-06 18:19:32,330 - INFO -   Title: Froel M. Pu-Od, et al. vs. Ablaze Builders, Inc./Rolando Pam...
2025-12-06 18:19:32,724 - INFO -   Case already exists: RESTRUCTURED_DB/2017/nov/230791.json
2025-12-06 18:19:33,225 - INFO - 
[2489/2500] Processing G.R. No. 231658
2025-12-06 18:19:33,225 - INFO -   Title: Rep. Edcel C. Lagman, et al. vs. Executive Secretary Salvado...
2025-12-06 18:19:34,536 - INFO -   Case already exists: RESTRUCTURED_DB/2017/jul/231658.json
2025-12-06 18:19:35,036 - INFO - 
[2490/2500] Processing G.R. No. 231671
2025-12-06 18:19:35,036 - INFO -   Title: Alexander A. Padilla, et al. vs. Congress of the Philippines...
2025-12-06 18:19:35,977 - INFO -   Case already exists: RESTRUCTURED_DB/2017/jul/231671.json
2025-12-06 18:19:36,477 - INFO - 
[2491/2500] Processing G.R. No. 231998
2025-12-06 18:19:36,477 - INFO -   Title: Eric Sibayan Chua vs. Republic of the Philippines...
2025-12-06 18:19:36,688 - INFO -   Case already exists: RESTRUCTURED_DB/2017/nov/231998.json
2025-12-06 18:19:37,188 - INFO - 
[2492/2500] Processing G.R. No. 232413
2025-12-06 18:19:37,188 - INFO -   Title: In the Matter of the Petition for Issuance of Writ of Habeas...
2025-12-06 18:19:37,581 - INFO -   Case already exists: RESTRUCTURED_DB/2017/jul/232413.json
2025-12-06 18:19:38,081 - INFO - 
[2493/2500] Processing G.R. No. 178591
2025-12-06 18:19:38,081 - INFO -   Title: SM Systems Corporation vs. Oscar Camerino, et al....
2025-12-06 18:19:38,292 - INFO -   Case already exists: RESTRUCTURED_DB/2018/jul/178591.json
2025-12-06 18:19:38,792 - INFO - 
[2494/2500] Processing G.R. No. 178696
2025-12-06 18:19:38,792 - INFO -   Title: Bangko Sentral ng Pilipinas and its Monetary Board vs. Banco...
2025-12-06 18:19:39,368 - INFO -   Case already exists: RESTRUCTURED_DB/2018/jul/178696.json
2025-12-06 18:19:39,868 - INFO - 
[2495/2500] Processing G.R. No. 179148
2025-12-06 18:19:39,868 - INFO -   Title: People of the Philippines vs. Alexis Dindo San Jose y Suico...
2025-12-06 18:19:40,262 - INFO -   Case already exists: RESTRUCTURED_DB/2018/jul/179148.json
2025-12-06 18:19:40,762 - INFO - 
[2496/2500] Processing G.R. No. 181154
2025-12-06 18:19:40,762 - INFO -   Title: Ramchrisen H. Haveria vs. Social Security System, Corazon De...
2025-12-06 18:19:41,153 - INFO -   Case already exists: RESTRUCTURED_DB/2018/aug/181154.json
2025-12-06 18:19:41,653 - INFO - 
[2497/2500] Processing G.R. No. 182307
2025-12-06 18:19:41,653 - INFO -   Title: Belina Cancio and Jeremy Pampolina vs. Performance Foreign E...
2025-12-06 18:19:42,233 - INFO -   Case already exists: RESTRUCTURED_DB/2018/jun/182307.json
2025-12-06 18:19:42,733 - INFO - 
[2498/2500] Processing G.R. No. 185303
2025-12-06 18:19:42,733 - INFO -   Title: Editha S. Medina, Raymond A. Dalandan, and Clemente A. Dalan...
2025-12-06 18:19:42,945 - INFO -   Case already exists: RESTRUCTURED_DB/2018/aug/185303.json
2025-12-06 18:19:43,445 - INFO - 
[2499/2500] Processing G.R. No. 185484
2025-12-06 18:19:43,445 - INFO -   Title: Francisco I. Chavez vs. Imelda R. Marcos...
2025-12-06 18:19:44,206 - INFO -   Case already exists: RESTRUCTURED_DB/2018/jun/185484.json
2025-12-06 18:19:44,706 - INFO - 
[2500/2500] Processing G.R. No. 187186
2025-12-06 18:19:44,706 - INFO -   Title: Alicia C. Galindez vs. Salvacion Firmalan, et al....
2025-12-06 18:19:44,921 - INFO -   Case already exists: RESTRUCTURED_DB/2018/jun/187186.json
2025-12-06 18:19:45,421 - INFO - 
================================================================================
2025-12-06 18:19:45,421 - INFO - BATCH COMPLETE
2025-12-06 18:19:45,421 - INFO - ================================================================================
2025-12-06 18:19:45,421 - INFO - Cases attempted: 2500
2025-12-06 18:19:45,421 - INFO - Successfully scraped: 0
2025-12-06 18:19:45,421 - INFO - Already existed: 2224
2025-12-06 18:19:45,421 - INFO - Failed: 276
2025-12-06 18:19:45,421 - INFO - Success rate: 0.0%
2025-12-06 18:19:45,421 - INFO - ================================================================================
