Resuming from January 1937

=== Batch Scraping Configuration ===
Years: 1937 to 1959
Starting from: January 1937
Output directory: RESTRUCTURED_DB
Progress file: scraping_progress_batch2.json

This will take a long time. Press Ctrl+C to stop at any time.
You can resume later using --resume flag.


=== Processing Year 1937 ===
  Skipping January (already completed, 12 cases)
  Skipping February (already completed, 14 cases)
  Skipping March (already completed, 23 cases)

  --- April 1937 ---

=== Scraping Year 1937 ===

--- Processing April 1937 ---
Error fetching https://lawphil.net/judjuris/juri1937/apr1937/apr1937.html: 404 Client Error: Not Found for url: https://lawphil.net/judjuris/juri1937/apr1937/apr1937.html
Could not fetch https://lawphil.net/judjuris/juri1937/apr1937/apr1937.html
  Completed April: 0 cases

  --- May 1937 ---

=== Scraping Year 1937 ===

--- Processing May 1937 ---
Error fetching https://lawphil.net/judjuris/juri1937/may1937/may1937.html: 404 Client Error: Not Found for url: https://lawphil.net/judjuris/juri1937/may1937/may1937.html
Could not fetch https://lawphil.net/judjuris/juri1937/may1937/may1937.html
  Completed May: 0 cases
  Skipping June (already completed, 12 cases)
  Skipping July (already completed, 17 cases)
  Skipping August (already completed, 6 cases)

  --- September 1937 ---

=== Scraping Year 1937 ===

--- Processing September 1937 ---
Found 17 potential cases
  [1/17] Processing gr_44058_1937.html
Saved: RESTRUCTURED_DB/1937/september/G_R__No__44058.json
  [2/17] Processing gr_44466_1937.html
Saved: RESTRUCTURED_DB/1937/september/G_R__No__44466.json
  [3/17] Processing gr_45069_1937.html
Saved: RESTRUCTURED_DB/1937/september/G_R__No__45069.json
  [4/17] Processing gr_45663_1937.html
Saved: RESTRUCTURED_DB/1937/september/G_R__No__45663.json
  [5/17] Processing gr_45664_1937.html
Saved: RESTRUCTURED_DB/1937/september/G_R__No__45664.json
  [6/17] Processing gr_44470_1937.html
Saved: RESTRUCTURED_DB/1937/september/G_R__No__44470.json
  [7/17] Processing gr_45668_1937.html
Saved: RESTRUCTURED_DB/1937/september/G_R__No__45668.json
  [8/17] Processing gr_45642_1937.html
Saved: RESTRUCTURED_DB/1937/september/G_R__No__45642.json
  [9/17] Processing gr_45498_1937.html
Saved: RESTRUCTURED_DB/1937/september/G_R__No__45498.json
  [10/17] Processing gr_45581_1937.html
Saved: RESTRUCTURED_DB/1937/september/G_R__No__45581.json
  [11/17] Processing gr_45450_1937.html
Saved: RESTRUCTURED_DB/1937/september/G_R__No__45450.json
  [12/17] Processing gr_45490_1937.html
Saved: RESTRUCTURED_DB/1937/september/G_R__No__45490.json
  [13/17] Processing gr_45665_1937.html
Saved: RESTRUCTURED_DB/1937/september/G_R__No__45665.json
  [14/17] Processing gr_42490_1937.html
Saved: RESTRUCTURED_DB/1937/september/G_R__No__42490.json
  [15/17] Processing gr_43075_1937.html
Saved: RESTRUCTURED_DB/1937/september/G_R__No__43075.json
  [16/17] Processing gr_45399_1937.html
Saved: RESTRUCTURED_DB/1937/september/G_R__No__45399.json
  [17/17] Processing gr_45606_1937.html
Saved: RESTRUCTURED_DB/1937/september/G_R__No__45606.json
  Completed September: 17 cases

  --- October 1937 ---

=== Scraping Year 1937 ===

--- Processing October 1937 ---
Found 8 potential cases
  [1/8] Processing gr_45670_1937.html
Saved: RESTRUCTURED_DB/1937/october/G_R__No__45670.json
  [2/8] Processing gr_45577_1937.html
Saved: RESTRUCTURED_DB/1937/october/G_R__No__45577.json
  [3/8] Processing gr_45301_1937.html
Saved: RESTRUCTURED_DB/1937/october/G_R__No__45301.json
  [4/8] Processing gr_45663_1937.html
Saved: RESTRUCTURED_DB/1937/october/G_R__No__45663.json
  [5/8] Processing gr_45574_1937.html
Saved: RESTRUCTURED_DB/1937/october/G_R__No__45574.json
  [6/8] Processing gr_45589_1937.html
Saved: RESTRUCTURED_DB/1937/october/G_R__No__45589.json
  [7/8] Processing gr_45591_1937.html
Saved: RESTRUCTURED_DB/1937/october/G_R__No__45591.json
  [8/8] Processing gr_45617_1937.html
Saved: RESTRUCTURED_DB/1937/october/G_R__No__45617.json
  Completed October: 8 cases

  --- November 1937 ---

=== Scraping Year 1937 ===

--- Processing November 1937 ---
Found 5 potential cases
  [1/5] Processing gr_45844_1937.html
Saved: RESTRUCTURED_DB/1937/november/G_R__No__45844.json
  [2/5] Processing gr_45703_1937.html
Saved: RESTRUCTURED_DB/1937/november/G_R__No__45703.json
  [3/5] Processing gr_45747_1937.html
Saved: RESTRUCTURED_DB/1937/november/G_R__No__45747.json
  [4/5] Processing gr_45685_1937.html
Saved: RESTRUCTURED_DB/1937/november/G_R__No__45685.json
  [5/5] Processing gr_45475_1937.html
Saved: RESTRUCTURED_DB/1937/november/G_R__No__45475.json
  Completed November: 5 cases

  --- December 1937 ---

=== Scraping Year 1937 ===

--- Processing December 1937 ---
Found 16 potential cases
  [1/16] Processing gr_45780_1937.html
Saved: RESTRUCTURED_DB/1937/december/G_R__No__45780.json
  [2/16] Processing gr_45720_1937.html
Saved: RESTRUCTURED_DB/1937/december/G_R__No__45720.json
  [3/16] Processing gr_45768_1937.html
Saved: RESTRUCTURED_DB/1937/december/G_R__No__45768.json
  [4/16] Processing gr_45713_1937.html
Saved: RESTRUCTURED_DB/1937/december/G_R__No__45713.json
  [5/16] Processing gr_44328_1937.html
Saved: RESTRUCTURED_DB/1937/december/G_R__No__44328.json
  [6/16] Processing gr_43350_1937.html
Saved: RESTRUCTURED_DB/1937/december/G_R__No__43350.json
  [7/16] Processing gr_43003_1937.html
Saved: RESTRUCTURED_DB/1937/december/G_R__No__43003.json
  [8/16] Processing gr_45685_1937.html
Saved: RESTRUCTURED_DB/1937/december/G_R__No__45685.json
  [9/16] Processing gr_45772_1937.html
Saved: RESTRUCTURED_DB/1937/december/G_R__No__45772.json
  [10/16] Processing gr_45647_1937.html
Saved: RESTRUCTURED_DB/1937/december/G_R__No__45647.json
  [11/16] Processing gr_45698_1937.html
Saved: RESTRUCTURED_DB/1937/december/G_R__No__45698.json
  [12/16] Processing gr_45628_1937.html
Saved: RESTRUCTURED_DB/1937/december/G_R__No__45628.json
  [13/16] Processing gr_43461_1937.html
Saved: RESTRUCTURED_DB/1937/december/G_R__No__43461.json
  [14/16] Processing gr_45886_1937.html
Saved: RESTRUCTURED_DB/1937/december/G_R__No__45886.json
  [15/16] Processing gr_45869_1937.html
Saved: RESTRUCTURED_DB/1937/december/G_R__No__45869.json
  [16/16] Processing gr_45865_1937.html
Saved: RESTRUCTURED_DB/1937/december/G_R__No__45865.json
  Completed December: 16 cases

  Year 1937 completed: 130 total cases
🧀 cheese

=== Processing Year 1938 ===

  --- January 1938 ---

=== Scraping Year 1938 ===

--- Processing January 1938 ---
Found 3 potential cases
  [1/3] Processing gr_45765_1938.html
Saved: RESTRUCTURED_DB/1938/january/G_R__No__45765.json
  [2/3] Processing gr_45749_1938.html
Saved: RESTRUCTURED_DB/1938/january/G_R__No__45749.json
  [3/3] Processing gr_42669_1938.html
Saved: RESTRUCTURED_DB/1938/january/G_R__No__42669.json
  Completed January: 3 cases

  --- February 1938 ---

=== Scraping Year 1938 ===

--- Processing February 1938 ---
Found 6 potential cases
  [1/6] Processing gr_45938_1938.html
Saved: RESTRUCTURED_DB/1938/february/G_R__No__45938.json
  [2/6] Processing gr_45937_1938.html
Saved: RESTRUCTURED_DB/1938/february/G_R__No__45937.json
  [3/6] Processing gr_45460_1938.html
Saved: RESTRUCTURED_DB/1938/february/G_R__No__45460.json
  [4/6] Processing gr_45315_1938.html
Saved: RESTRUCTURED_DB/1938/february/G_R__No__45315.json
  [5/6] Processing gr_45699_1938.html
Saved: RESTRUCTURED_DB/1938/february/G_R__No__45699.json
  [6/6] Processing gr_43607_1938.html
Saved: RESTRUCTURED_DB/1938/february/G_R__No__43607.json
  Completed February: 6 cases

  --- March 1938 ---

=== Scraping Year 1938 ===

--- Processing March 1938 ---
Found 18 potential cases
  [1/18] Processing gr_45990_1938.html
Saved: RESTRUCTURED_DB/1938/march/G_R__No__45990.json
  [2/18] Processing gr_45569_1938.html
Saved: RESTRUCTURED_DB/1938/march/G_R__No__45569.json
  [3/18] Processing gr_45552_1938.html
Saved: RESTRUCTURED_DB/1938/march/G_R__No__45552.json
  [4/18] Processing gr_45154_1938.html
Saved: RESTRUCTURED_DB/1938/march/G_R__No__45154.json
  [5/18] Processing gr_44427_1938.html
Saved: RESTRUCTURED_DB/1938/march/G_R__No__44427.json
  [6/18] Processing gr_44028_1938.html
Saved: RESTRUCTURED_DB/1938/march/G_R__No__44028.json
  [7/18] Processing gr_43697_1938.html
Saved: RESTRUCTURED_DB/1938/march/G_R__No__43682.json
  [8/18] Processing gr_43689_1938.html
Saved: RESTRUCTURED_DB/1938/march/G_R__No__43689.json
  [9/18] Processing gr_43682_1938.html
Saved: RESTRUCTURED_DB/1938/march/G_R__No__43682.json
  [10/18] Processing gr_43680_1938.html
Saved: RESTRUCTURED_DB/1938/march/G_R__No__43680.json
  [11/18] Processing gr_43668_1938.html
Saved: RESTRUCTURED_DB/1938/march/G_R__No__43668.json
  [12/18] Processing gr_43667_1938.html
Saved: RESTRUCTURED_DB/1938/march/G_R__No__43667.json
  [13/18] Processing gr_43426_1938.html
Saved: RESTRUCTURED_DB/1938/march/G_R__No__43426.json
  [14/18] Processing gr_43305_1938.html
Saved: RESTRUCTURED_DB/1938/march/G_R__No__43305.json
  [15/18] Processing gr_42859_1938.html
Saved: RESTRUCTURED_DB/1938/march/G_R__No__42859.json
  [16/18] Processing gr_44199_1938.html
Saved: RESTRUCTURED_DB/1938/march/G_R__No__44199.json
  [17/18] Processing gr_43626_1938.html
Saved: RESTRUCTURED_DB/1938/march/G_R__No__43626.json
  [18/18] Processing gr_45828_1938.html
Saved: RESTRUCTURED_DB/1938/march/G_R__No__45828.json
  Completed March: 17 cases

  --- April 1938 ---

=== Scraping Year 1938 ===

--- Processing April 1938 ---
Error fetching https://lawphil.net/judjuris/juri1938/apr1938/apr1938.html: 404 Client Error: Not Found for url: https://lawphil.net/judjuris/juri1938/apr1938/apr1938.html
Could not fetch https://lawphil.net/judjuris/juri1938/apr1938/apr1938.html
  Completed April: 0 cases

  --- May 1938 ---

=== Scraping Year 1938 ===

--- Processing May 1938 ---
Found 20 potential cases
  [1/20] Processing gr_46011_1938.html
Saved: RESTRUCTURED_DB/1938/may/G_R__No__46011.json
  [2/20] Processing gr_45600_1938.html
Saved: RESTRUCTURED_DB/1938/may/G_R__No__45600.json
  [3/20] Processing gr_45240_1938.html
Saved: RESTRUCTURED_DB/1938/may/G_R__No__45240.json
  [4/20] Processing gr_44954_1938.html
Saved: RESTRUCTURED_DB/1938/may/G_R__No__44954.json
  [5/20] Processing gr_44892_1938.html
Saved: RESTRUCTURED_DB/1938/may/G_R__No__44892.json
  [6/20] Processing gr_44198_1938.html
Saved: RESTRUCTURED_DB/1938/may/G_R__No__44198.json
  [7/20] Processing gr_45973_1938.html
Saved: RESTRUCTURED_DB/1938/may/G_R__No__45973.json
  [8/20] Processing gr_45554_1938.html
Saved: RESTRUCTURED_DB/1938/may/G_R__No__45554.json
  [9/20] Processing gr_44094_1938.html
Saved: RESTRUCTURED_DB/1938/may/G_R__No__44094.json
  [10/20] Processing gr_43306_1938.html
Saved: RESTRUCTURED_DB/1938/may/G_R__No__43306.json
  [11/20] Processing gr_45704_1938.html
Saved: RESTRUCTURED_DB/1938/may/G_R__No__45704.json
  [12/20] Processing gr_45584_1938.html
Saved: RESTRUCTURED_DB/1938/may/G_R__No__45584.json
  [13/20] Processing gr_43466_1938.html
Saved: RESTRUCTURED_DB/1938/may/G_R__No__43466.json
  [14/20] Processing gr_45912_1938.html
Saved: RESTRUCTURED_DB/1938/may/G_R__No__45912.json
  [15/20] Processing gr_44052_1938.html
Saved: RESTRUCTURED_DB/1938/may/G_R__No__44052.json
  [16/20] Processing gr_43501_1938.html
Saved: RESTRUCTURED_DB/1938/may/G_R__No__43501.json
  [17/20] Processing gr_44038_1938.html
Saved: RESTRUCTURED_DB/1938/may/G_R__No__44038.json
  [18/20] Processing gr_43522-23_1938.html
Saved: RESTRUCTURED_DB/1938/may/G_R__No__43522.json
  [19/20] Processing ac_805_1938.html
Saved: RESTRUCTURED_DB/1938/may/A_C__No__805.json
  [20/20] Processing gr_45404_1938.html
Saved: RESTRUCTURED_DB/1938/may/G_R__No__45404.json
  Completed May: 20 cases

  --- June 1938 ---

=== Scraping Year 1938 ===

--- Processing June 1938 ---
Found 25 potential cases
  [1/25] Processing gr_45431_1938.html
Saved: RESTRUCTURED_DB/1938/june/G_R__No__45431.json
  [2/25] Processing gr_45398_1938.html
Saved: RESTRUCTURED_DB/1938/june/G_R__No__45398.json
  [3/25] Processing gr_45396_1938.html
Saved: RESTRUCTURED_DB/1938/june/G_R__No__45396.json
  [4/25] Processing gr_46021_1938.html
Saved: RESTRUCTURED_DB/1938/june/G_R__No__46021.json
  [5/25] Processing gr_45856_1938.html
Saved: RESTRUCTURED_DB/1938/june/G_R__No__45856.json
  [6/25] Processing gr_45826_1938.html
Saved: RESTRUCTURED_DB/1938/june/G_R__No__45826.json
  [7/25] Processing gr_45712_1938.html
Saved: RESTRUCTURED_DB/1938/june/G_R__No__45712.json
  [8/25] Processing gr_45357_1938.html
Saved: RESTRUCTURED_DB/1938/june/G_R__No__45357.json
  [9/25] Processing gr_45353_1938.html
Saved: RESTRUCTURED_DB/1938/june/G_R__No__45353.json
  [10/25] Processing gr_45727_1938.html
Saved: RESTRUCTURED_DB/1938/june/G_R__No__35105.json
  [11/25] Processing gr_45611_1938.html
Saved: RESTRUCTURED_DB/1938/june/G_R__No__45611.json
  [12/25] Processing gr_45950_1938.html
Saved: RESTRUCTURED_DB/1938/june/G_R__No__45950.json
  [13/25] Processing gr_45522_1938.html
Saved: RESTRUCTURED_DB/1938/june/G_R__No__45522.json
  [14/25] Processing gr_45435_1938.html
Saved: RESTRUCTURED_DB/1938/june/G_R__No__45435.json
  [15/25] Processing gr_45655_1938.html
Saved: RESTRUCTURED_DB/1938/june/G_R__No__45655.json
  [16/25] Processing gr_45267_1938.html
Saved: RESTRUCTURED_DB/1938/june/G_R__No__45267.json
  [17/25] Processing gr_45471_1938.html
Saved: RESTRUCTURED_DB/1938/june/G_R__No__45471.json
  [18/25] Processing gr_43579_1938.html
Saved: RESTRUCTURED_DB/1938/june/G_R__No__43579.json
  [19/25] Processing gr_45474_1938.html
Saved: RESTRUCTURED_DB/1938/june/G_R__No__45474.json
  [20/25] Processing gr_45414_1938.html
Saved: RESTRUCTURED_DB/1938/june/G_R__No__45414.json
  [21/25] Processing gr_45363_1938.html
Saved: RESTRUCTURED_DB/1938/june/G_R__No__45363.json
  [22/25] Processing gr_15312_1938.html
Saved: RESTRUCTURED_DB/1938/june/G_R__No__45312.json
  [23/25] Processing gr_45925_1938.html
Saved: RESTRUCTURED_DB/1938/june/G_R__No__45925.json
  [24/25] Processing gr_45364_1938.html
Saved: RESTRUCTURED_DB/1938/june/G_R__No__45364.json
  [25/25] Processing gr_45693_1938.html
Saved: RESTRUCTURED_DB/1938/june/G_R__No__45693.json
  Completed June: 25 cases

  --- July 1938 ---

=== Scraping Year 1938 ===

--- Processing July 1938 ---
Found 16 potential cases
  [1/16] Processing gr_45854_1938.html
Saved: RESTRUCTURED_DB/1938/july/G_R__No__45854.json
  [2/16] Processing gr_45740_1938.html
Saved: RESTRUCTURED_DB/1938/july/G_R__No__45740.json
  [3/16] Processing gr_45690_1938.html
Saved: RESTRUCTURED_DB/1938/july/G_R__No__45690.json
  [4/16] Processing gr_45623_1938.html
Saved: RESTRUCTURED_DB/1938/july/G_R__No__45623.json
  [5/16] Processing gr_45516_1938.html
Saved: RESTRUCTURED_DB/1938/july/G_R__No__45516.json
  [6/16] Processing gr_44605_1938.html
Saved: RESTRUCTURED_DB/1938/july/G_R__No__44605.json
  [7/16] Processing gr_45239_1938.html
Saved: RESTRUCTURED_DB/1938/july/G_R__No__45239.json
  [8/16] Processing gr_45503_1938.html
Saved: RESTRUCTURED_DB/1938/july/G_R__No__45503.json
  [9/16] Processing gr_45573_1938.html
Saved: RESTRUCTURED_DB/1938/july/G_R__No__45573.json
  [10/16] Processing gr_45660_1938.html
Saved: RESTRUCTURED_DB/1938/july/gr_45660_1938.json
  [11/16] Processing gr_45455_1938.html
Saved: RESTRUCTURED_DB/1938/july/gr_45455_1938.json
  [12/16] Processing gr_45424_1938.html
Saved: RESTRUCTURED_DB/1938/july/G_R__No__45424.json
  [13/16] Processing gr_45892_1938.html
Saved: RESTRUCTURED_DB/1938/july/G_R__No__45892.json
  [14/16] Processing gr_45892_1938.html
Saved: RESTRUCTURED_DB/1938/july/G_R__No__45892.json
  [15/16] Processing gr_45426_1938.html
Saved: RESTRUCTURED_DB/1938/july/G_R__No__45426.json
  [16/16] Processing gr_45432_1938.html
Saved: RESTRUCTURED_DB/1938/july/G_R__No__45432.json
  Completed July: 15 cases

  --- August 1938 ---

=== Scraping Year 1938 ===

--- Processing August 1938 ---
Found 17 potential cases
  [1/17] Processing gr_46180_1938.html
Saved: RESTRUCTURED_DB/1938/august/G_R__No__46180.json
  [2/17] Processing gr_46099_1938.html
Saved: RESTRUCTURED_DB/1938/august/G_R__No__46099.json
  [3/17] Processing gr_46039_1938.html
Saved: RESTRUCTURED_DB/1938/august/G_R__No__46039.json
  [4/17] Processing gr_46102_1938.html
Saved: RESTRUCTURED_DB/1938/august/G_R__No__46102.json
  [5/17] Processing gr_46098_1938.html
Saved: RESTRUCTURED_DB/1938/august/G_R__No__46098.json
  [6/17] Processing gr_45682_1938.html
Saved: RESTRUCTURED_DB/1938/august/G_R__No__45682.json
  [7/17] Processing gr_46172_1938.html
Saved: RESTRUCTURED_DB/1938/august/G_R__No__46172.json
  [8/17] Processing gr_46117_1938.html
Saved: RESTRUCTURED_DB/1938/august/G_R__No__46117.json
  [9/17] Processing gr_46096_1938.html
Saved: RESTRUCTURED_DB/1938/august/G_R__No__46096.json
  [10/17] Processing gr_46050_1938.html
Saved: RESTRUCTURED_DB/1938/august/G_R__No__46050.json
  [11/17] Processing gr_46038_1938.html
Saved: RESTRUCTURED_DB/1938/august/G_R__No__46038.json
  [12/17] Processing gr_45834_1938.html
Saved: RESTRUCTURED_DB/1938/august/G_R__No__45834.json
  [13/17] Processing gr_46065_1938.html
Saved: RESTRUCTURED_DB/1938/august/G_R__No__46065.json
  [14/17] Processing gr_46092_1938.html
Saved: RESTRUCTURED_DB/1938/august/G_R__No__46092.json
  [15/17] Processing gr_46090_1938.html
Saved: RESTRUCTURED_DB/1938/august/G_R__No__46090.json
  [16/17] Processing gr_46028_1938.html
Saved: RESTRUCTURED_DB/1938/august/G_R__No__46028.json
  [17/17] Processing gr_45845_1938.html
Saved: RESTRUCTURED_DB/1938/august/G_R__No__45845.json
  Completed August: 17 cases

  --- September 1938 ---

=== Scraping Year 1938 ===

--- Processing September 1938 ---
Found 27 potential cases
  [1/27] Processing gr_44058_1938.html
Saved: RESTRUCTURED_DB/1938/september/G_R__No__44058.json
  [2/27] Processing gr_44612_1938.html
Saved: RESTRUCTURED_DB/1938/september/G_R__No__44612.json
  [3/27] Processing gr_45848_1938.html
Saved: RESTRUCTURED_DB/1938/september/G_R__No__45848.json
  [4/27] Processing gr_45904_1938.html
Saved: RESTRUCTURED_DB/1938/september/G_R__No__45904.json
  [5/27] Processing gr_45859_1938.html
Saved: RESTRUCTURED_DB/1938/september/G_R__No__45859.json
  [6/27] Processing gr_44347_1938.html
Saved: RESTRUCTURED_DB/1938/september/G_R__No__44347.json
  [7/27] Processing gr_45578_1938.html
Saved: RESTRUCTURED_DB/1938/september/G_R__No__45578.json
  [8/27] Processing gr_43861_1938.html
Saved: RESTRUCTURED_DB/1938/september/G_R__No__43861.json
  [9/27] Processing gr_44471_1938.html
Saved: RESTRUCTURED_DB/1938/september/G_R__No__44471.json
  [10/27] Processing gr_43933_1938.html
Saved: RESTRUCTURED_DB/1938/september/G_R__No__43933.json
  [11/27] Processing gr_44100_1938.html
Saved: RESTRUCTURED_DB/1938/september/G_R__No__44100.json
  [12/27] Processing gr_44388_1938.html
Saved: RESTRUCTURED_DB/1938/september/G_R__No__44388.json
  [13/27] Processing gr_45629_1938.html
Saved: RESTRUCTURED_DB/1938/september/G_R__No__45629.json
  [14/27] Processing gr_42752_1938.html
Saved: RESTRUCTURED_DB/1938/september/G_R__No__42752.json
  [15/27] Processing gr_45503_1938.html
Saved: RESTRUCTURED_DB/1938/september/G_R__No__45503.json
  [16/27] Processing gr_46135_1938.html
Saved: RESTRUCTURED_DB/1938/september/G_R__No__46135.json
  [17/27] Processing gr_46135_1938.html
Saved: RESTRUCTURED_DB/1938/september/G_R__No__46135.json
  [18/27] Processing gr_46135_1938.html
Saved: RESTRUCTURED_DB/1938/september/G_R__No__46135.json
  [19/27] Processing gr_46135_1938.html
Saved: RESTRUCTURED_DB/1938/september/G_R__No__46135.json
  [20/27] Processing gr_43547_1938.html
Saved: RESTRUCTURED_DB/1938/september/G_R__No__43547.json
  [21/27] Processing gr_46001_1938.html
Saved: RESTRUCTURED_DB/1938/september/G_R__No__46001.json
  [22/27] Processing gr_46191_1938.html
Saved: RESTRUCTURED_DB/1938/september/G_R__No__46191.json
  [23/27] Processing gr_46196_1938.html
Saved: RESTRUCTURED_DB/1938/september/G_R__No__46196.json
  [24/27] Processing gr_46206_1938.html
Saved: RESTRUCTURED_DB/1938/september/G_R__No__46206.json
  [25/27] Processing gr_45905_1938.html
Saved: RESTRUCTURED_DB/1938/september/G_R__No__45905.json
  [26/27] Processing gr_46051_1938.html
Saved: RESTRUCTURED_DB/1938/september/G_R__No__46051.json
  [27/27] Processing gr_45606_1938.html
Error fetching https://lawphil.net/judjuris/juri1938/sep1938/gr_45606_1938.html: 404 Client Error: Not Found for url: https://lawphil.net/judjuris/juri1938/sep1938/gr_45606_1938.html
    Failed to parse case
  Completed September: 23 cases

  --- October 1938 ---

=== Scraping Year 1938 ===

--- Processing October 1938 ---
Found 17 potential cases
  [1/17] Processing gr_45352_1938.html
Saved: RESTRUCTURED_DB/1938/october/G_R__No__45352.json
  [2/17] Processing gr_44312_1938.html
Saved: RESTRUCTURED_DB/1938/october/G_R__No__44312.json
  [3/17] Processing gr_45545_1938.html
Saved: RESTRUCTURED_DB/1938/october/G_R__No__45545.json
  [4/17] Processing gr_44072_1938.html
Saved: RESTRUCTURED_DB/1938/october/G_R__No__44072.json
  [5/17] Processing gr_44041_1938.html
Saved: RESTRUCTURED_DB/1938/october/G_R__No__44041.json
  [6/17] Processing gr_43673_1938.html
Saved: RESTRUCTURED_DB/1938/october/G_R__No__43673.json
  [7/17] Processing gr_43429_1938.html
Saved: RESTRUCTURED_DB/1938/october/G_R__No__43429.json
  [8/17] Processing gr_45919_1938.html
Saved: RESTRUCTURED_DB/1938/october/G_R__No__45919.json
  [9/17] Processing gr_45618_1938.html
Saved: RESTRUCTURED_DB/1938/october/G_R__No__45618.json
  [10/17] Processing gr_45649_1938.html
Saved: RESTRUCTURED_DB/1938/october/G_R__No__45649.json
  [11/17] Processing gr_45514_1938.html
Saved: RESTRUCTURED_DB/1938/october/G_R__No__45514.json
  [12/17] Processing gr_45532_1938.html
Saved: RESTRUCTURED_DB/1938/october/G_R__No__45532.json
  [13/17] Processing gr_45520_1938.html
Saved: RESTRUCTURED_DB/1938/october/G_R__No__45520.json
  [14/17] Processing gr_46198_1938.html
Saved: RESTRUCTURED_DB/1938/october/G_R__No__46198.json
  [15/17] Processing gr_46095_1938.html
Saved: RESTRUCTURED_DB/1938/october/G_R__No__46095.json
  [16/17] Processing gr_46193_1938.html
Saved: RESTRUCTURED_DB/1938/october/G_R__No__46193.json
  [17/17] Processing gr_45901_1938.html
Saved: RESTRUCTURED_DB/1938/october/G_R__No__45901.json
  Completed October: 17 cases

  --- November 1938 ---

=== Scraping Year 1938 ===

--- Processing November 1938 ---
Found 40 potential cases
  [1/40] Processing gr_46174_1938.html
Saved: RESTRUCTURED_DB/1938/november/G_R__No__46174.json
  [2/40] Processing gr_46133_1938.html
Saved: RESTRUCTURED_DB/1938/november/G_R__No__46133.json
  [3/40] Processing gr_46040_1938.html
Saved: RESTRUCTURED_DB/1938/november/G_R__No__46040.json
  [4/40] Processing gr_46040_1938.html
Saved: RESTRUCTURED_DB/1938/november/G_R__No__46040.json
  [5/40] Processing gr_45344_1938.html
Saved: RESTRUCTURED_DB/1938/november/G_R__No__45344.json
  [6/40] Processing gr_45169_1938.html
Saved: RESTRUCTURED_DB/1938/november/G_R__No__45169.json
  [7/40] Processing gr_44931_1938.html
Saved: RESTRUCTURED_DB/1938/november/G_R__No__44931.json
  [8/40] Processing gr_46267_1938.html
Saved: RESTRUCTURED_DB/1938/november/G_R__No__46267.json
  [9/40] Processing gr_45260_1938.html
Saved: RESTRUCTURED_DB/1938/november/G_R__No__45260.json
  [10/40] Processing gr_45070_1938.html
Saved: RESTRUCTURED_DB/1938/november/G_R__No__45070.json
  [11/40] Processing gr_44683_1938.html
Saved: RESTRUCTURED_DB/1938/november/G_R__No__44683.json
  [12/40] Processing gr_44606_1938.html
Saved: RESTRUCTURED_DB/1938/november/G_R__No__44606.json
  [13/40] Processing gr_44602_1938.html
Saved: RESTRUCTURED_DB/1938/november/G_R__No__44602.json
  [14/40] Processing gr_45105_1938.html
Saved: RESTRUCTURED_DB/1938/november/G_R__No__45105.json
  [15/40] Processing gr_45040_1938.html
Saved: RESTRUCTURED_DB/1938/november/G_R__No__45040.json
  [16/40] Processing gr_45040_1938.html
Saved: RESTRUCTURED_DB/1938/november/G_R__No__45040.json
  [17/40] Processing gr_44947_1938.html
Saved: RESTRUCTURED_DB/1938/november/G_R__No__44947.json
  [18/40] Processing gr_44834_1938.html
Saved: RESTRUCTURED_DB/1938/november/G_R__No__44834.json
  [19/40] Processing gr_44774_1938.html
Saved: RESTRUCTURED_DB/1938/november/G_R__No__44774.json
  [20/40] Processing gr_44671_1938.html
Saved: RESTRUCTURED_DB/1938/november/G_R__No__44671.json
  [21/40] Processing gr_45028_1938.html
Saved: RESTRUCTURED_DB/1938/november/G_R__No__45028.json
  [22/40] Processing gr_45046_1938.html
Saved: RESTRUCTURED_DB/1938/november/G_R__No__45046.json
  [23/40] Processing gr_44974_1938.html
Saved: RESTRUCTURED_DB/1938/november/G_R__No__44974.json
  [24/40] Processing gr_44837_1938.html
Saved: RESTRUCTURED_DB/1938/november/G_R__No__44837.json
  [25/40] Processing gr_44518_1938.html
Saved: RESTRUCTURED_DB/1938/november/G_R__No__44518.json
  [26/40] Processing gr_45792_1938.html
Saved: RESTRUCTURED_DB/1938/november/G_R__No__45792.json
  [27/40] Processing gr_44257_1938.html
Saved: RESTRUCTURED_DB/1938/november/G_R__No__44257.json
  [28/40] Processing gr_44911_1938.html
Saved: RESTRUCTURED_DB/1938/november/G_R__No__44911.json
  [29/40] Processing gr_44843_1938.html
Saved: RESTRUCTURED_DB/1938/november/G_R__No__44843.json
  [30/40] Processing gr_44802_1938.html
Saved: RESTRUCTURED_DB/1938/november/G_R__No__44802.json
  [31/40] Processing gr_44778_1938.html
Saved: RESTRUCTURED_DB/1938/november/G_R__No__44778.json
  [32/40] Processing gr_44634_1938.html
Saved: RESTRUCTURED_DB/1938/november/G_R__No__44634.json
  [33/40] Processing gr_44552_1938.html
Saved: RESTRUCTURED_DB/1938/november/G_R__No__44552.json
  [34/40] Processing gr_46085_1938.html
Saved: RESTRUCTURED_DB/1938/november/G_R__No__46085.json
  [35/40] Processing gr_46085_1938.html
Saved: RESTRUCTURED_DB/1938/november/G_R__No__46085.json
  [36/40] Processing gr_46270_1938.html
Saved: RESTRUCTURED_DB/1938/november/G_R__No__46270.json
  [37/40] Processing gr_44493_1938.html
Saved: RESTRUCTURED_DB/1938/november/G_R__No__44493.json
  [38/40] Processing gr_44372_1938.html
Saved: RESTRUCTURED_DB/1938/november/G_R__No__44372.json
  [39/40] Processing gr_46375_1938.html
Saved: RESTRUCTURED_DB/1938/november/G_R__No__46375.json
  [40/40] Processing gr_44260_1938.html
Saved: RESTRUCTURED_DB/1938/november/G_R__No__44260.json
  Completed November: 37 cases

  --- December 1938 ---

=== Scraping Year 1938 ===

--- Processing December 1938 ---
Found 20 potential cases
  [1/20] Processing gr_46323_1938.html
Saved: RESTRUCTURED_DB/1938/december/G_R__No__46323.json
  [2/20] Processing gr_46064_1938.html
Saved: RESTRUCTURED_DB/1938/december/G_R__No__46064.json
  [3/20] Processing gr_44579_1938.html
Saved: RESTRUCTURED_DB/1938/december/G_R__No__44579.json
  [4/20] Processing gr_44510_1938.html
Saved: RESTRUCTURED_DB/1938/december/G_R__No__44510.json
  [5/20] Processing gr_44204_1938.html
Saved: RESTRUCTURED_DB/1938/december/G_R__No__44204.json
  [6/20] Processing gr_44142_1938.html
Saved: RESTRUCTURED_DB/1938/december/G_R__No__44142.json
  [7/20] Processing gr_46378_1938.html
Saved: RESTRUCTURED_DB/1938/december/G_R__No__46378.json
  [8/20] Processing gr_46345_1938.html
Saved: RESTRUCTURED_DB/1938/december/G_R__No__46345.json
  [9/20] Processing gr_46295_1938.html
Saved: RESTRUCTURED_DB/1938/december/G_R__No__46295.json
  [10/20] Processing gr_44451_1938.html
Saved: RESTRUCTURED_DB/1938/december/G_R__No__44451.json
  [11/20] Processing gr_46385_1938.html
Saved: RESTRUCTURED_DB/1938/december/G_R__No__46385.json
  [12/20] Processing gr_46294_1938.html
Saved: RESTRUCTURED_DB/1938/december/G_R__No__46294.json
  [13/20] Processing gr_43622_1938.html
Saved: RESTRUCTURED_DB/1938/december/G_R__No__43622.json
  [14/20] Processing gr_46208_1938.html
Saved: RESTRUCTURED_DB/1938/december/G_R__No__46208.json
  [15/20] Processing gr_46020_1938.html
Saved: RESTRUCTURED_DB/1938/december/G_R__No__46020.json
  [16/20] Processing gr_46353_1938.html
Saved: RESTRUCTURED_DB/1938/december/G_R__No__46353.json
  [17/20] Processing gr_46324_1938.html
Saved: RESTRUCTURED_DB/1938/december/G_R__No__46324.json
  [18/20] Processing gr_44832_1938.html
Saved: RESTRUCTURED_DB/1938/december/G_R__No__44832.json
  [19/20] Processing gr_44826_1938.html
Saved: RESTRUCTURED_DB/1938/december/G_R__No__44826.json
  [20/20] Processing gr_45097_1938.html
Saved: RESTRUCTURED_DB/1938/december/G_R__No__45097.json
  Completed December: 20 cases

  Year 1938 completed: 200 total cases
🧀 cheese

=== Processing Year 1939 ===

  --- January 1939 ---

=== Scraping Year 1939 ===

--- Processing January 1939 ---
Found 4 potential cases
  [1/4] Processing gr_45320_1939.html
Saved: RESTRUCTURED_DB/1939/january/gr_45320_1939.json
  [2/4] Processing gr_46490_1939.html
Saved: RESTRUCTURED_DB/1939/january/gr_46490_1939.json
  [3/4] Processing gr_46440_1939.html
Saved: RESTRUCTURED_DB/1939/january/gr_46440_1939.json
  [4/4] Processing gr_46212_1939.html
Saved: RESTRUCTURED_DB/1939/january/gr_46212_1939.json
  Completed January: 4 cases

  --- February 1939 ---

=== Scraping Year 1939 ===

--- Processing February 1939 ---
Error fetching https://lawphil.net/judjuris/juri1939/feb1939/feb1939.html: 404 Client Error: Not Found for url: https://lawphil.net/judjuris/juri1939/feb1939/feb1939.html
Could not fetch https://lawphil.net/judjuris/juri1939/feb1939/feb1939.html
  Completed February: 0 cases

  --- March 1939 ---

=== Scraping Year 1939 ===

--- Processing March 1939 ---
Found 3 potential cases
  [1/3] Processing gr_46381_1939.html
Saved: RESTRUCTURED_DB/1939/march/G_R__No__46381.json
  [2/3] Processing gr_45861_1939.html
Saved: RESTRUCTURED_DB/1939/march/G_R__No__45861.json
  [3/3] Processing gr_45860_1939.html
Saved: RESTRUCTURED_DB/1939/march/G_R__No__45860.json
  Completed March: 3 cases

  --- April 1939 ---

=== Scraping Year 1939 ===

--- Processing April 1939 ---
Found 127 potential cases
  [1/127] Processing gr_l-46604_1939.html
Saved: RESTRUCTURED_DB/1939/april/gr_l-46604_1939.json
  [2/127] Processing gr_l-46026_1939.html
Saved: RESTRUCTURED_DB/1939/april/gr_l-46026_1939.json
  [3/127] Processing gr_l-46003_1939.html
Saved: RESTRUCTURED_DB/1939/april/gr_l-46003_1939.json
  [4/127] Processing gr_l-45965_1939.html
Saved: RESTRUCTURED_DB/1939/april/gr_l-45965_1939.json
  [5/127] Processing gr_l-45597_1939.html
Saved: RESTRUCTURED_DB/1939/april/gr_l-45597_1939.json
  [6/127] Processing gr_l-45479_1939.html
Saved: RESTRUCTURED_DB/1939/april/gr_l-45479_1939.json
  [7/127] Processing gr_l-45425_1939.html
Saved: RESTRUCTURED_DB/1939/april/gr_l-45425_1939.json
  [8/127] Processing gr_l-45412_1939.html
Saved: RESTRUCTURED_DB/1939/april/gr_l-45412_1939.json
  [9/127] Processing gr_l-45410_1939.html
Saved: RESTRUCTURED_DB/1939/april/gr_l-45410_1939.json
  [10/127] Processing gr_l-45255_1939.html
Saved: RESTRUCTURED_DB/1939/april/G_R__No__389636.json
  [11/127] Processing gr_l-45761_1939.html
Saved: RESTRUCTURED_DB/1939/april/gr_l-45761_1939.json
  [12/127] Processing gr_l-45625_1939.html
Saved: RESTRUCTURED_DB/1939/april/gr_l-45625_1939.json
  [13/127] Processing gr_l-45464_1939.html
Saved: RESTRUCTURED_DB/1939/april/gr_l-45464_1939.json
  [14/127] Processing gr_l-45185_1939.html
Saved: RESTRUCTURED_DB/1939/april/gr_l-45185_1939.json
  [15/127] Processing gr_l-45741_1939.html
Saved: RESTRUCTURED_DB/1939/april/gr_l-45741_1939.json
  [16/127] Processing gr_l-45724_1939.html
Saved: RESTRUCTURED_DB/1939/april/gr_l-45724_1939.json
  [17/127] Processing gr_l-45694_1939.html
Saved: RESTRUCTURED_DB/1939/april/gr_l-45694_1939.json
  [18/127] Processing gr_l-45534_1939.html
Saved: RESTRUCTURED_DB/1939/april/G_R__No__19411.json
  [19/127] Processing gr_l-45508_1939.html
Saved: RESTRUCTURED_DB/1939/april/gr_l-45508_1939.json
  [20/127] Processing gr_l-45506_1939.html
Saved: RESTRUCTURED_DB/1939/april/G_R__No__44042.json
  [21/127] Processing gr_l-45359_1939.html
Saved: RESTRUCTURED_DB/1939/april/gr_l-45359_1939.json
  [22/127] Processing gr_l-45173_1939.html
Saved: RESTRUCTURED_DB/1939/april/G_R__No__46040.json
  [23/127] Processing gr_l-46492_1939.html
Saved: RESTRUCTURED_DB/1939/april/gr_l-46492_1939.json
  [24/127] Processing gr_l-46365_1939.html
Saved: RESTRUCTURED_DB/1939/april/gr_l-46365_1939.json
  [25/127] Processing gr_l-45662_1939.html
Saved: RESTRUCTURED_DB/1939/april/gr_l-45662_1939.json
  [26/127] Processing gr_l-45614_1939.html
Saved: RESTRUCTURED_DB/1939/april/gr_l-45614_1939.json
  [27/127] Processing gr_l-45598_1939.html
Saved: RESTRUCTURED_DB/1939/april/gr_l-45598_1939.json
  [28/127] Processing gr_l-45521_1939.html
Saved: RESTRUCTURED_DB/1939/april/gr_l-45521_1939.json
  [29/127] Processing gr_l-45519_1939.html
Saved: RESTRUCTURED_DB/1939/april/gr_l-45519_1939.json
  [30/127] Processing gr_l-45403_1939.html
Saved: RESTRUCTURED_DB/1939/april/gr_l-45403_1939.json
  [31/127] Processing gr_l-46356_1939.html
Saved: RESTRUCTURED_DB/1939/april/gr_l-46356_1939.json
  [32/127] Processing gr_l-46260_1939.html
Saved: RESTRUCTURED_DB/1939/april/gr_l-46260_1939.json
  [33/127] Processing gr_l-46035_1939.html
Saved: RESTRUCTURED_DB/1939/april/gr_l-46035_1939.json
  [34/127] Processing gr_l-45964_1939.html
Saved: RESTRUCTURED_DB/1939/april/gr_l-45964_1939.json
  [35/127] Processing gr_l-45755_1939.html
Saved: RESTRUCTURED_DB/1939/april/gr_l-45755_1939.json
  [36/127] Processing gr_l-45739_1939.html
Saved: RESTRUCTURED_DB/1939/april/gr_l-45739_1939.json
  [37/127] Processing gr_l-45624_1939.html
Saved: RESTRUCTURED_DB/1939/april/gr_l-45624_1939.json
  [38/127] Processing gr_l-45544_1939.html
Saved: RESTRUCTURED_DB/1939/april/G_R__No__44038.json
  [39/127] Processing gr_l-45369_1939.html
Saved: RESTRUCTURED_DB/1939/april/gr_l-45369_1939.json
  [40/127] Processing gr_l-46029_1939.html
Saved: RESTRUCTURED_DB/1939/april/G_R__No__45483.json
  [41/127] Processing gr_l-45978_1939.html
Saved: RESTRUCTURED_DB/1939/april/gr_l-45978_1939.json
  [42/127] Processing gr_l-45666_1939.html
Saved: RESTRUCTURED_DB/1939/april/G_R__No__34012.json
  [43/127] Processing gr_l-45413_1939.html
Saved: RESTRUCTURED_DB/1939/april/gr_l-45413_1939.json
  [44/127] Processing gr_l-46330_1939.html
Saved: RESTRUCTURED_DB/1939/april/gr_l-46330_1939.json
  [45/127] Processing gr_l-45449_1939.html
Saved: RESTRUCTURED_DB/1939/april/gr_l-45449_1939.json
  [46/127] Processing gr_l-46570_1939.html
Saved: RESTRUCTURED_DB/1939/april/gr_l-46570_1939.json
  [47/127] Processing gr_l-46046_1939.html
Saved: RESTRUCTURED_DB/1939/april/gr_l-46046_1939.json
  [48/127] Processing gr_l-45595_1939.html
Saved: RESTRUCTURED_DB/1939/april/gr_l-45595_1939.json
  [49/127] Processing gr_l-45493_1939.html
Saved: RESTRUCTURED_DB/1939/april/gr_l-45493_1939.json
  [50/127] Processing gr_l-45980_1939.html
Saved: RESTRUCTURED_DB/1939/april/gr_l-45980_1939.json
  [51/127] Processing gr_l-45934_1939.html
Saved: RESTRUCTURED_DB/1939/april/gr_l-45934_1939.json
  [52/127] Processing gr_l-45715_1939.html
Saved: RESTRUCTURED_DB/1939/april/gr_l-45715_1939.json
  [53/127] Processing gr_l-46002_1939.html
Saved: RESTRUCTURED_DB/1939/april/G_R__No__44309.json
  [54/127] Processing gr_l-45576_1939.html
Saved: RESTRUCTURED_DB/1939/april/gr_l-45576_1939.json
  [55/127] Processing gr_l-45531_1939.html
Saved: RESTRUCTURED_DB/1939/april/G_R__No__45330.json
  [56/127] Processing gr_l-45290_1939.html
Saved: RESTRUCTURED_DB/1939/april/gr_l-45290_1939.json
  [57/127] Processing gr_l-45190_1939.html
Saved: RESTRUCTURED_DB/1939/april/gr_l-45190_1939.json
  [58/127] Processing gr_l-45166_1939.html
Saved: RESTRUCTURED_DB/1939/april/gr_l-45166_1939.json
  [59/127] Processing gr_l-45126_1939.html
Saved: RESTRUCTURED_DB/1939/april/gr_l-45126_1939.json
  [60/127] Processing gr_l-46317_1939.html
Saved: RESTRUCTURED_DB/1939/april/gr_l-46317_1939.json
  [61/127] Processing gr_l-46134_1939.html
Saved: RESTRUCTURED_DB/1939/april/gr_l-46134_1939.json
  [62/127] Processing gr_l-46043_1939.html
Saved: RESTRUCTURED_DB/1939/april/gr_l-46043_1939.json
  [63/127] Processing gr_l-46015_1939.html
Saved: RESTRUCTURED_DB/1939/april/gr_l-46015_1939.json
  [64/127] Processing gr_l-45923_1939.html
Saved: RESTRUCTURED_DB/1939/april/G_R__No__45923.json
  [65/127] Processing gr_l-45803_1939.html
Saved: RESTRUCTURED_DB/1939/april/gr_l-45803_1939.json
  [66/127] Processing gr_l-45721_1939.html
Saved: RESTRUCTURED_DB/1939/april/gr_l-45721_1939.json
  [67/127] Processing gr_l-45701_1939.html
Saved: RESTRUCTURED_DB/1939/april/G_R__No__45701.json
  [68/127] Processing gr_l-45418_1939.html
Saved: RESTRUCTURED_DB/1939/april/G_R__No__45860.json
  [69/127] Processing gr_l-45248_1939.html
Saved: RESTRUCTURED_DB/1939/april/gr_l-45248_1939.json
  [70/127] Processing gr_l-45643_1939.html
Saved: RESTRUCTURED_DB/1939/april/gr_l-45643_1939.json
  [71/127] Processing gr_l-45430_1939.html
Saved: RESTRUCTURED_DB/1939/april/gr_l-45430_1939.json
  [72/127] Processing gr_l-45340_1939.html
Saved: RESTRUCTURED_DB/1939/april/G_R__No__45400.json
  [73/127] Processing gr_l-45931_1939.html
Saved: RESTRUCTURED_DB/1939/april/gr_l-45931_1939.json
  [74/127] Processing gr_l-45687_1939.html
Saved: RESTRUCTURED_DB/1939/april/gr_l-45687_1939.json
  [75/127] Processing gr_l-45601_1939.html
Saved: RESTRUCTURED_DB/1939/april/gr_l-45601_1939.json
  [76/127] Processing gr_l-45536_1939.html
Saved: RESTRUCTURED_DB/1939/april/gr_l-45536_1939.json
  [77/127] Processing gr_l-45400_1939.html
Saved: RESTRUCTURED_DB/1939/april/gr_l-45400_1939.json
  [78/127] Processing gr_l-45310_1939.html
Saved: RESTRUCTURED_DB/1939/april/gr_l-45310_1939.json
  [79/127] Processing gr_l-45253_1939.html
Saved: RESTRUCTURED_DB/1939/april/gr_l-45253_1939.json
  [80/127] Processing gr_l-46428_1939.html
Saved: RESTRUCTURED_DB/1939/april/gr_l-46428_1939.json
  [81/127] Processing gr_l-45529_1939.html
Saved: RESTRUCTURED_DB/1939/april/gr_l-45529_1939.json
  [82/127] Processing gr_l-45405_1939.html
Saved: RESTRUCTURED_DB/1939/april/gr_l-45405_1939.json
  [83/127] Processing gr_l-45899_1939.html
Saved: RESTRUCTURED_DB/1939/april/G_R__No__44795.json
  [84/127] Processing gr_l-45821_1939.html
Saved: RESTRUCTURED_DB/1939/april/gr_l-45821_1939.json
  [85/127] Processing gr_l-45752_1939.html
Saved: RESTRUCTURED_DB/1939/april/gr_l-45752_1939.json
  [86/127] Processing gr_l-45742_1939.html
Saved: RESTRUCTURED_DB/1939/april/gr_l-45742_1939.json
  [87/127] Processing gr_l-45515_1939.html
Saved: RESTRUCTURED_DB/1939/april/gr_l-45515_1939.json
  [88/127] Processing gr_l-45454_1939.html
Saved: RESTRUCTURED_DB/1939/april/gr_l-45454_1939.json
  [89/127] Processing gr_l-45375_1939.html
Saved: RESTRUCTURED_DB/1939/april/gr_l-45375_1939.json
  [90/127] Processing gr_l-45365_1939.html
Saved: RESTRUCTURED_DB/1939/april/gr_l-45365_1939.json
  [91/127] Processing gr_l-45306_1939.html
Saved: RESTRUCTURED_DB/1939/april/gr_l-45306_1939.json
  [92/127] Processing gr_l-45277_1939.html
Saved: RESTRUCTURED_DB/1939/april/gr_l-45277_1939.json
  [93/127] Processing gr_l-45165_1939.html
Saved: RESTRUCTURED_DB/1939/april/gr_l-45165_1939.json
  [94/127] Processing gr_l-45123_1939.html
Saved: RESTRUCTURED_DB/1939/april/gr_l-45123_1939.json
  [95/127] Processing gr_l-46530_1939.html
Saved: RESTRUCTURED_DB/1939/april/gr_l-46530_1939.json
  [96/127] Processing gr_l-45898_1939.html
Saved: RESTRUCTURED_DB/1939/april/G_R__No__1253.json
  [97/127] Processing gr_l-45381_1939.html
Saved: RESTRUCTURED_DB/1939/april/G_R__No__45384.json
  [98/127] Processing gr_l-45337_1939.html
Saved: RESTRUCTURED_DB/1939/april/G_R__No__43784.json
  [99/127] Processing gr_l-45302_1939.html
Saved: RESTRUCTURED_DB/1939/april/gr_l-45302_1939.json
  [100/127] Processing gr_l-45295_1939.html
Saved: RESTRUCTURED_DB/1939/april/gr_l-45295_1939.json
  [101/127] Processing gr_l-45273_1939.html
Saved: RESTRUCTURED_DB/1939/april/gr_l-45273_1939.json
  [102/127] Processing gr_l-45246_1939.html
Saved: RESTRUCTURED_DB/1939/april/gr_l-45246_1939.json
  [103/127] Processing gr_l-45200_1939.html
Saved: RESTRUCTURED_DB/1939/april/gr_l-45200_1939.json
  [104/127] Processing gr_l-45192_1939.html
Saved: RESTRUCTURED_DB/1939/april/gr_l-45192_1939.json
  [105/127] Processing gr_l-45171_1939.html
Saved: RESTRUCTURED_DB/1939/april/gr_l-45171_1939.json
  [106/127] Processing gr_l-45170_1939.html
Saved: RESTRUCTURED_DB/1939/april/gr_l-45170_1939.json
  [107/127] Processing gr_l-45152_1939.html
Saved: RESTRUCTURED_DB/1939/april/gr_l-45152_1939.json
  [108/127] Processing gr_l-43822_1939.html
Saved: RESTRUCTURED_DB/1939/april/gr_l-43822_1939.json
  [109/127] Processing gr_l-46478_1939.html
Saved: RESTRUCTURED_DB/1939/april/gr_l-46478_1939.json
  [110/127] Processing gr_l-46409_1939.html
Saved: RESTRUCTURED_DB/1939/april/gr_l-46409_1939.json
  [111/127] Processing gr_l-46144_1939.html
Saved: RESTRUCTURED_DB/1939/april/gr_l-46144_1939.json
  [112/127] Processing gr_l-45955_1939.html
Saved: RESTRUCTURED_DB/1939/april/G_R__No__46378.json
  [113/127] Processing gr_l-45748_1939.html
Saved: RESTRUCTURED_DB/1939/april/gr_l-45748_1939.json
  [114/127] Processing gr_l-45738_1939.html
Saved: RESTRUCTURED_DB/1939/april/gr_l-45738_1939.json
  [115/127] Processing gr_l-45517_1939.html
Saved: RESTRUCTURED_DB/1939/april/gr_l-45517_1939.json
  [116/127] Processing gr_l-45210_1939.html
Saved: RESTRUCTURED_DB/1939/april/gr_l-45210_1939.json
  [117/127] Processing gr_l-45193_1939.html
Saved: RESTRUCTURED_DB/1939/april/gr_l-45193_1939.json
  [118/127] Processing gr_l-45177_1939.html
Saved: RESTRUCTURED_DB/1939/april/gr_l-45177_1939.json
  [119/127] Processing gr_l-46247_1939.html
Saved: RESTRUCTURED_DB/1939/april/gr_l-46247_1939.json
  [120/127] Processing gr_l-46239_1939.html
Saved: RESTRUCTURED_DB/1939/april/gr_l-46239_1939.json
  [121/127] Processing gr_l-46231_1939.html
Saved: RESTRUCTURED_DB/1939/april/gr_l-46231_1939.json
  [122/127] Processing gr_l-45159_1939.html
Saved: RESTRUCTURED_DB/1939/april/gr_l-45159_1939.json
  [123/127] Processing gr_l-45696_1939.html
Saved: RESTRUCTURED_DB/1939/april/gr_l-45696_1939.json
  [124/127] Processing gr_l-45144_1939.html
Saved: RESTRUCTURED_DB/1939/april/gr_l-45144_1939.json
  [125/127] Processing gr_l-45112_1939.html
Saved: RESTRUCTURED_DB/1939/april/gr_l-45112_1939.json
  [126/127] Processing gr_l-45080_1939.html
Saved: RESTRUCTURED_DB/1939/april/gr_l-45080_1939.json
  [127/127] Processing gr_l-43850_1939.html
Saved: RESTRUCTURED_DB/1939/april/G_R__No__41419.json
  Completed April: 127 cases

  --- May 1939 ---

=== Scraping Year 1939 ===

--- Processing May 1939 ---
Found 53 potential cases
  [1/53] Processing gr_l-45121_1939.html
Saved: RESTRUCTURED_DB/1939/may/gr_l-45121_1939.json
  [2/53] Processing gr_l-45350_1939.html
Saved: RESTRUCTURED_DB/1939/may/G_R__No__39510.json
  [3/53] Processing gr_l-46248_1939.html
Saved: RESTRUCTURED_DB/1939/may/gr_l-46248_1939.json
  [4/53] Processing gr_l-45608_1939.html
Saved: RESTRUCTURED_DB/1939/may/gr_l-45608_1939.json
  [5/53] Processing gr_l-43585_1939.html
Saved: RESTRUCTURED_DB/1939/may/gr_l-43585_1939.json
  [6/53] Processing gr_l-45374_1939.html
Saved: RESTRUCTURED_DB/1939/may/gr_l-45374_1939.json
  [7/53] Processing gr_l-45324_1939.html
Saved: RESTRUCTURED_DB/1939/may/gr_l-45324_1939.json
  [8/53] Processing gr_l-45307_1939.html
Saved: RESTRUCTURED_DB/1939/may/gr_l-45307_1939.json
  [9/53] Processing gr_l-46100_1939.html
Saved: RESTRUCTURED_DB/1939/may/gr_l-46100_1939.json
  [10/53] Processing gr_l-45736_1939.html
Saved: RESTRUCTURED_DB/1939/may/gr_l-45736_1939.json
  [11/53] Processing gr_l-45264_1939.html
Saved: RESTRUCTURED_DB/1939/may/gr_l-45264_1939.json
  [12/53] Processing gr_l-45189_1939.html
Saved: RESTRUCTURED_DB/1939/may/gr_l-45189_1939.json
  [13/53] Processing gr_l-46078_1939.html
Saved: RESTRUCTURED_DB/1939/may/gr_l-46078_1939.json
  [14/53] Processing gr_l-46024_1939.html
Saved: RESTRUCTURED_DB/1939/may/gr_l-46024_1939.json
  [15/53] Processing gr_l-46000_1939.html
Saved: RESTRUCTURED_DB/1939/may/G_R__No__45780.json
  [16/53] Processing gr_l-45615_1939.html
Saved: RESTRUCTURED_DB/1939/may/gr_l-45615_1939.json
  [17/53] Processing gr_l-45530_1939.html
Saved: RESTRUCTURED_DB/1939/may/gr_l-45530_1939.json
  [18/53] Processing gr_l-45446_1939.html
Saved: RESTRUCTURED_DB/1939/may/G_R__No__38883.json
  [19/53] Processing gr_l-45218_1939.html
Saved: RESTRUCTURED_DB/1939/may/gr_l-45218_1939.json
  [20/53] Processing gr_l-45486_1939.html
Saved: RESTRUCTURED_DB/1939/may/gr_l-45486_1939.json
  [21/53] Processing gr_l-45213_1939.html
Saved: RESTRUCTURED_DB/1939/may/gr_l-45213_1939.json
  [22/53] Processing gr_l-46437_1939.html
Saved: RESTRUCTURED_DB/1939/may/gr_l-46437_1939.json
  [23/53] Processing gr_l-46177_1939.html
Saved: RESTRUCTURED_DB/1939/may/G_R__No__40388.json
  [24/53] Processing gr_l-45842_1939.html
Saved: RESTRUCTURED_DB/1939/may/gr_l-45842_1939.json
  [25/53] Processing gr_l-45705_1939.html
Saved: RESTRUCTURED_DB/1939/may/G_R__No__45705.json
  [26/53] Processing gr_l-45160_1939.html
Saved: RESTRUCTURED_DB/1939/may/gr_l-45160_1939.json
  [27/53] Processing gr_l-45924_1939.html
Saved: RESTRUCTURED_DB/1939/may/gr_l-45924_1939.json
  [28/53] Processing gr_l-46432_1939.html
Saved: RESTRUCTURED_DB/1939/may/gr_l-46432_1939.json
  [29/53] Processing gr_l-45543_1939.html
Saved: RESTRUCTURED_DB/1939/may/G_R__No__46492.json
  [30/53] Processing gr_l-45616_1939.html
Saved: RESTRUCTURED_DB/1939/may/gr_l-45616_1939.json
  [31/53] Processing gr_l-46584_1939.html
Saved: RESTRUCTURED_DB/1939/may/G_R__No__46490.json
  [32/53] Processing gr_l-46119_1939.html
Saved: RESTRUCTURED_DB/1939/may/G_R__No__46119.json
  [33/53] Processing gr_l-45648_1939.html
Saved: RESTRUCTURED_DB/1939/may/gr_l-45648_1939.json
  [34/53] Processing gr_l-45433_1939.html
Saved: RESTRUCTURED_DB/1939/may/gr_l-45433_1939.json
  [35/53] Processing gr_l-45427_1939.html
Saved: RESTRUCTURED_DB/1939/may/gr_l-45427_1939.json
  [36/53] Processing gr_l-45318_1939.html
Saved: RESTRUCTURED_DB/1939/may/gr_l-45318_1939.json
  [37/53] Processing gr_l-45993_1939.html
Saved: RESTRUCTURED_DB/1939/may/gr_l-45993_1939.json
  [38/53] Processing gr_l-45855_1939.html
Saved: RESTRUCTURED_DB/1939/may/gr_l-45855_1939.json
  [39/53] Processing gr_l-45695_1939.html
Saved: RESTRUCTURED_DB/1939/may/gr_l-45695_1939.json
  [40/53] Processing gr_l-45667_1939.html
Saved: RESTRUCTURED_DB/1939/may/gr_l-45667_1939.json
  [41/53] Processing gr_l-46405_1939.html
Saved: RESTRUCTURED_DB/1939/may/gr_l-46405_1939.json
  [42/53] Processing gr_l-45987_1939.html
Saved: RESTRUCTURED_DB/1939/may/gr_l-45987_1939.json
  [43/53] Processing gr_l-45889_1939.html
Saved: RESTRUCTURED_DB/1939/may/gr_l-45889_1939.json
  [44/53] Processing gr_l-45622_1939.html
Saved: RESTRUCTURED_DB/1939/may/gr_l-45622_1939.json
  [45/53] Processing gr_l-45496_1939.html
Saved: RESTRUCTURED_DB/1939/may/gr_l-45496_1939.json
  [46/53] Processing gr_l-45122_1939.html
Saved: RESTRUCTURED_DB/1939/may/gr_l-45122_1939.json
  [47/53] Processing gr_l-45969_1939.html
Saved: RESTRUCTURED_DB/1939/may/gr_l-45969_1939.json
  [48/53] Processing gr_l-45524_1939.html
Saved: RESTRUCTURED_DB/1939/may/G_R__No__42715.json
  [49/53] Processing gr_l-45322_1939.html
Saved: RESTRUCTURED_DB/1939/may/gr_l-45322_1939.json
  [50/53] Processing gr_l-45485_1939.html
Saved: RESTRUCTURED_DB/1939/may/G_R__No__45485.json
  [51/53] Processing gr_l-45915_1939.html
Saved: RESTRUCTURED_DB/1939/may/G_R__No__45915.json
  [52/53] Processing gr_l-45502_1939.html
Saved: RESTRUCTURED_DB/1939/may/gr_l-45502_1939.json
  [53/53] Processing gr_l-45383_1939.html
Saved: RESTRUCTURED_DB/1939/may/gr_l-45383_1939.json
  Completed May: 53 cases

  --- June 1939 ---

=== Scraping Year 1939 ===

--- Processing June 1939 ---
Found 9 potential cases
  [1/9] Processing gr_45843_1939.html
Saved: RESTRUCTURED_DB/1939/june/G_R__No__45843.json
  [2/9] Processing gr_45571_1939.html
Saved: RESTRUCTURED_DB/1939/june/G_R__No__45571.json
  [3/9] Processing gr_45217_1939.html
Saved: RESTRUCTURED_DB/1939/june/G_R__No__45217.json
  [4/9] Processing gr_45201_1939.html
Saved: RESTRUCTURED_DB/1939/june/G_R__No__45201.json
  [5/9] Processing gr_45441_1939.html
Saved: RESTRUCTURED_DB/1939/june/G_R__No__45441.json
  [6/9] Processing gr_45338_1939.html
Saved: RESTRUCTURED_DB/1939/june/G_R__No__45338.json
  [7/9] Processing gr_46076_1939.html
Saved: RESTRUCTURED_DB/1939/june/G_R__No__45655.json
  [8/9] Processing gr_45866_1939.html
Saved: RESTRUCTURED_DB/1939/june/G_R__No__45866.json
  [9/9] Processing gr_45557_1939.html
Saved: RESTRUCTURED_DB/1939/june/G_R__No__45557.json
  Completed June: 9 cases

  --- July 1939 ---

=== Scraping Year 1939 ===

--- Processing July 1939 ---
Found 9 potential cases
  [1/9] Processing gr_46478_1939.html
Saved: RESTRUCTURED_DB/1939/july/G_R__No__46487.json
  [2/9] Processing gr_46045_1939.html
Saved: RESTRUCTURED_DB/1939/july/G_R__No__46045.json
  [3/9] Processing gr_46250_1939.html
Saved: RESTRUCTURED_DB/1939/july/G_R__No__46250.json
  [4/9] Processing gr_46609_1939.html
Saved: RESTRUCTURED_DB/1939/july/G_R__No__46609.json
  [5/9] Processing gr_45958_1939.html
Saved: RESTRUCTURED_DB/1939/july/G_R__No__45958.json
  [6/9] Processing gr_45976_1939.html
Saved: RESTRUCTURED_DB/1939/july/G_R__No__45976.json
  [7/9] Processing gr_46335_1939.html
Saved: RESTRUCTURED_DB/1939/july/G_R__No__46335.json
  [8/9] Processing gr_46610_1939.html
Saved: RESTRUCTURED_DB/1939/july/G_R__No__46610.json
  [9/9] Processing gr_45829_1939.html
Saved: RESTRUCTURED_DB/1939/july/G_R__No__45829.json
  Completed July: 9 cases

  --- August 1939 ---

=== Scraping Year 1939 ===

--- Processing August 1939 ---
Error fetching https://lawphil.net/judjuris/juri1939/aug1939/aug1939.html: 404 Client Error: Not Found for url: https://lawphil.net/judjuris/juri1939/aug1939/aug1939.html
Could not fetch https://lawphil.net/judjuris/juri1939/aug1939/aug1939.html
  Completed August: 0 cases

  --- September 1939 ---

=== Scraping Year 1939 ===

--- Processing September 1939 ---
Found 46 potential cases
  [1/46] Processing gr_46023_1939.html
Saved: RESTRUCTURED_DB/1939/september/G_R__No__46023.json
  [2/46] Processing gr_46252_1939.html
Saved: RESTRUCTURED_DB/1939/september/G_R__No__46252.json
  [3/46] Processing gr_46298_1939.html
Saved: RESTRUCTURED_DB/1939/september/G_R__No__46298.json
  [4/46] Processing gr_46390_1939.html
Saved: RESTRUCTURED_DB/1939/september/G_R__No__46390.json
  [5/46] Processing gr_46396_1939.html
Saved: RESTRUCTURED_DB/1939/september/G_R__No__46396.json
  [6/46] Processing gr_46451_1939.html
Saved: RESTRUCTURED_DB/1939/september/G_R__No__46451.json
  [7/46] Processing gr_46484_1939.html
Saved: RESTRUCTURED_DB/1939/september/G_R__No__46484.json
  [8/46] Processing gr_46724_1939.html
Saved: RESTRUCTURED_DB/1939/september/G_R__No__46724.json
  [9/46] Processing gr_46728_1939.html
Saved: RESTRUCTURED_DB/1939/september/G_R__No__46728.json
  [10/46] Processing gr_46168_1939.html
Saved: RESTRUCTURED_DB/1939/september/G_R__No__46168.json
  [11/46] Processing gr_46336_1939.html
Saved: RESTRUCTURED_DB/1939/september/G_R__No__46336.json
  [12/46] Processing gr_46458_1939.html
Saved: RESTRUCTURED_DB/1939/september/G_R__No__46458.json
  [13/46] Processing gr_46725_1939.html
Saved: RESTRUCTURED_DB/1939/september/G_R__No__46725.json
  [14/46] Processing ac_879_1939.html
Saved: RESTRUCTURED_DB/1939/september/A_C__No__879.json
  [15/46] Processing gr_46080_1939.html
Saved: RESTRUCTURED_DB/1939/september/G_R__No__46080.json
  [16/46] Processing gr_46094_1939.html
Saved: RESTRUCTURED_DB/1939/september/G_R__No__46094.json
  [17/46] Processing gr_46237_1939.html
Saved: RESTRUCTURED_DB/1939/september/G_R__No__46237.json
  [18/46] Processing gr_46350_1939.html
Saved: RESTRUCTURED_DB/1939/september/G_R__No__46350.json
  [19/46] Processing gr_46470_1939.html
Saved: RESTRUCTURED_DB/1939/september/G_R__No__46470.json
  [20/46] Processing gr_46539_1939.html
Saved: RESTRUCTURED_DB/1939/september/G_R__No__46539.json
  [21/46] Processing gr_46553_1939.html
Saved: RESTRUCTURED_DB/1939/september/gr_46553_1939.json
  [22/46] Processing gr_46615_1939.html
Saved: RESTRUCTURED_DB/1939/september/G_R__No__46615.json
  [23/46] Processing gr_46727_1939.html
Saved: RESTRUCTURED_DB/1939/september/G_R__No__46727.json
  [24/46] Processing gr_46668_1939.html
Saved: RESTRUCTURED_DB/1939/september/G_R__No__46668.json
  [25/46] Processing gr_46729_1939.html
Saved: RESTRUCTURED_DB/1939/september/G_R__No__46729.json
  [26/46] Processing gr_46068_1939.html
Saved: RESTRUCTURED_DB/1939/september/G_R__No__46068.json
  [27/46] Processing gr_46650_1939.html
Saved: RESTRUCTURED_DB/1939/september/G_R__No__46650.json
  [28/46] Processing gr_46652_1939.html
Saved: RESTRUCTURED_DB/1939/september/G_R__No__46652.json
  [29/46] Processing gr_46739_1939.html
Saved: RESTRUCTURED_DB/1939/september/G_R__No__46739.json
  [30/46] Processing gr_46802_1939.html
Saved: RESTRUCTURED_DB/1939/september/G_R__No__46802.json
  [31/46] Processing gr_46108_1939.html
Saved: RESTRUCTURED_DB/1939/september/G_R__No__46108.json
  [32/46] Processing gr_46109_1939.html
Saved: RESTRUCTURED_DB/1939/september/G_R__No__46109.json
  [33/46] Processing gr_46197_1939.html
Saved: RESTRUCTURED_DB/1939/september/G_R__No__46197.json
  [34/46] Processing gr_46302_1939.html
Saved: RESTRUCTURED_DB/1939/september/G_R__No__46302.json
  [35/46] Processing gr_46578_1939.html
Saved: RESTRUCTURED_DB/1939/september/G_R__No__46578.json
  [36/46] Processing gr_46580_1939.html
Saved: RESTRUCTURED_DB/1939/september/G_R__No__46580.json
  [37/46] Processing gr_46602_1939.html
Saved: RESTRUCTURED_DB/1939/september/G_R__No__46602.json
  [38/46] Processing gr_46686_1939.html
Saved: RESTRUCTURED_DB/1939/september/G_R__No__46686.json
  [39/46] Processing gr_46715_1939.html
Saved: RESTRUCTURED_DB/1939/september/G_R__No__46715.json
  [40/46] Processing gr_46170_1939.html
Saved: RESTRUCTURED_DB/1939/september/G_R__No__46170.json
  [41/46] Processing gr_46780_1939.html
Saved: RESTRUCTURED_DB/1939/september/G_R__No__46780.json
  [42/46] Processing gr_45596_1939.html
Saved: RESTRUCTURED_DB/1939/september/G_R__No__45596.json
  [43/46] Processing gr_46412_1939.html
Saved: RESTRUCTURED_DB/1939/september/G_R__No__46412.json
  [44/46] Processing gr_46497_1939.html
Saved: RESTRUCTURED_DB/1939/september/G_R__No__46497.json
  [45/46] Processing gr_46562_1939.html
Saved: RESTRUCTURED_DB/1939/september/G_R__No__46562.json
  [46/46] Processing gr_46673_1939.html
Saved: RESTRUCTURED_DB/1939/september/G_R__No__46673.json
  Completed September: 46 cases

  --- October 1939 ---

=== Scraping Year 1939 ===

--- Processing October 1939 ---
Found 39 potential cases
  [1/39] Processing gr_46635_1939.html
Saved: RESTRUCTURED_DB/1939/october/G_R__No__46635.json
  [2/39] Processing gr_46526_1939.html
Saved: RESTRUCTURED_DB/1939/october/G_R__No__46526.json
  [3/39] Processing gr_46455_1939.html
Saved: RESTRUCTURED_DB/1939/october/G_R__No__46455.json
  [4/39] Processing gr_46310_1939.html
Saved: RESTRUCTURED_DB/1939/october/G_R__No__46310.json
  [5/39] Processing gr_46261_1939.html
Saved: RESTRUCTURED_DB/1939/october/G_R__No__46261.json
  [6/39] Processing gr_46700_1939.html
Saved: RESTRUCTURED_DB/1939/october/G_R__No__46700.json
  [7/39] Processing gr_46666_1939.html
Saved: RESTRUCTURED_DB/1939/october/G_R__No__46666.json
  [8/39] Processing gr_46533_1939.html
Saved: RESTRUCTURED_DB/1939/october/G_R__No__46533.json
  [9/39] Processing gr_46306_1939.html
Saved: RESTRUCTURED_DB/1939/october/G_R__No__46306.json
  [10/39] Processing gr_46278_1939.html
Saved: RESTRUCTURED_DB/1939/october/G_R__No__46278.json
  [11/39] Processing gr_46386_1939.html
Saved: RESTRUCTURED_DB/1939/october/G_R__No__46386.json
  [12/39] Processing gr_46242_1939.html
Saved: RESTRUCTURED_DB/1939/october/G_R__No__46242.json
  [13/39] Processing gr_46825_1939.html
Saved: RESTRUCTURED_DB/1939/october/G_R__No__46825.json
  [14/39] Processing gr_46454_1939.html
Saved: RESTRUCTURED_DB/1939/october/G_R__No__46454.json
  [15/39] Processing gr_46249_1939.html
Saved: RESTRUCTURED_DB/1939/october/G_R__No__46249.json
  [16/39] Processing gr_46097_1939.html
Saved: RESTRUCTURED_DB/1939/october/G_R__No__46097.json
  [17/39] Processing gr_46591_1939.html
Saved: RESTRUCTURED_DB/1939/october/G_R__No__46591.json
  [18/39] Processing gr_46534_1939.html
Saved: RESTRUCTURED_DB/1939/october/G_R__No__46534.json
  [19/39] Processing gr_46612_1939.html
Saved: RESTRUCTURED_DB/1939/october/G_R__No__46612.json
  [20/39] Processing gr_46598_1939.html
Saved: RESTRUCTURED_DB/1939/october/G_R__No__46598.json
  [21/39] Processing gr_46540_1939.html
Saved: RESTRUCTURED_DB/1939/october/G_R__No__46540.json
  [22/39] Processing gr_46521_1939.html
Saved: RESTRUCTURED_DB/1939/october/G_R__No__46521.json
  [23/39] Processing gr_46246_1939.html
Saved: RESTRUCTURED_DB/1939/october/G_R__No__46246.json
  [24/39] Processing gr_46459_1939.html
Saved: RESTRUCTURED_DB/1939/october/G_R__No__46459.json
  [25/39] Processing gr_46628_1939.html
Saved: RESTRUCTURED_DB/1939/october/G_R__No__46628.json
  [26/39] Processing gr_46457_1939.html
Saved: RESTRUCTURED_DB/1939/october/G_R__No__46457.json
  [27/39] Processing gr_46285_1939.html
Saved: RESTRUCTURED_DB/1939/october/G_R__No__46285.json
  [28/39] Processing gr_45963_1939.html
Saved: RESTRUCTURED_DB/1939/october/G_R__No__45963.json
  [29/39] Processing gr_46207_1939.html
Saved: RESTRUCTURED_DB/1939/october/G_R__No__46207.json
  [30/39] Processing gr_45793_1939.html
Saved: RESTRUCTURED_DB/1939/october/G_R__No__45793.json
  [31/39] Processing gr_46702_1939.html
Saved: RESTRUCTURED_DB/1939/october/G_R__No__46702.json
  [32/39] Processing gr_46625_1939.html
Saved: RESTRUCTURED_DB/1939/october/G_R__No__46625.json
  [33/39] Processing gr_46589_1939.html
Saved: RESTRUCTURED_DB/1939/october/G_R__No__46589.json
  [34/39] Processing gr_46573_1939.html
Saved: RESTRUCTURED_DB/1939/october/G_R__No__46573.json
  [35/39] Processing gr_46501_1939.html
Saved: RESTRUCTURED_DB/1939/october/G_R__No__46501.json
  [36/39] Processing gr_46413_1939.html
Saved: RESTRUCTURED_DB/1939/october/G_R__No__46413.json
  [37/39] Processing gr_46320_1939.html
Saved: RESTRUCTURED_DB/1939/october/G_R__No__46320.json
  [38/39] Processing gr_46264_1939.html
Saved: RESTRUCTURED_DB/1939/october/G_R__No__46264.json
  [39/39] Processing gr_46714_1939.html
Saved: RESTRUCTURED_DB/1939/october/G_R__No__46714.json
  Completed October: 39 cases

  --- November 1939 ---

=== Scraping Year 1939 ===

--- Processing November 1939 ---
Found 23 potential cases
  [1/23] Processing gr_46863_1939.html
Saved: RESTRUCTURED_DB/1939/november/G_R__No__46863.json
  [2/23] Processing gr_46710_1939.html
Saved: RESTRUCTURED_DB/1939/november/G_R__No__46710.json
  [3/23] Processing gr_46631_1939.html
Saved: RESTRUCTURED_DB/1939/november/G_R__No__46631.json
  [4/23] Processing gr_46069_1939.html
Saved: RESTRUCTURED_DB/1939/november/G_R__No__46069.json
  [5/23] Processing gr_46708_1939.html
Saved: RESTRUCTURED_DB/1939/november/G_R__No__46708.json
  [6/23] Processing gr_46608_1939.html
Saved: RESTRUCTURED_DB/1939/november/G_R__No__46608.json
  [7/23] Processing gr_46431_1939.html
Saved: RESTRUCTURED_DB/1939/november/G_R__No__46431.json
  [8/23] Processing gr_46741_1939.html
Saved: RESTRUCTURED_DB/1939/november/G_R__No__46741.json
  [9/23] Processing gr_46740_1939.html
Saved: RESTRUCTURED_DB/1939/november/G_R__No__46740.json
  [10/23] Processing gr_46341_1939.html
Saved: RESTRUCTURED_DB/1939/november/G_R__No__46341.json
  [11/23] Processing gr_46520_1939.html
Saved: RESTRUCTURED_DB/1939/november/G_R__No__46520.json
  [12/23] Processing gr_46327_1939.html
Saved: RESTRUCTURED_DB/1939/november/G_R__No__46327.json
  [13/23] Processing gr_46873_1939.html
Saved: RESTRUCTURED_DB/1939/november/G_R__No__46873.json
  [14/23] Processing gr_46626_1939.html
Saved: RESTRUCTURED_DB/1939/november/G_R__No__46626.json
  [15/23] Processing gr_46505_1939.html
Saved: RESTRUCTURED_DB/1939/november/G_R__No__46505.json
  [16/23] Processing gr_46438_1939.html
Saved: RESTRUCTURED_DB/1939/november/G_R__No__46438.json
  [17/23] Processing gr_46427_1939.html
Saved: RESTRUCTURED_DB/1939/november/G_R__No__46427.json
  [18/23] Processing gr_46175_1939.html
Saved: RESTRUCTURED_DB/1939/november/G_R__No__46175.json
  [19/23] Processing gr_46616_1939.html
Saved: RESTRUCTURED_DB/1939/november/G_R__No__46616.json
  [20/23] Processing gr_46240_1939.html
Saved: RESTRUCTURED_DB/1939/november/G_R__No__46240.json
  [21/23] Processing gr_46274_1939.html
Saved: RESTRUCTURED_DB/1939/november/G_R__No__46274.json
  [22/23] Processing gr_46114_1939.html
Saved: RESTRUCTURED_DB/1939/november/G_R__No__46114.json
  [23/23] Processing gr_45697_1939.html
Saved: RESTRUCTURED_DB/1939/november/G_R__No__45697.json
  Completed November: 23 cases

  --- December 1939 ---

=== Scraping Year 1939 ===

--- Processing December 1939 ---
Found 6 potential cases
  [1/6] Processing gr_46986_1939.html
Saved: RESTRUCTURED_DB/1939/december/G_R__No__46986.json
  [2/6] Processing gr_46843_1939.html
Saved: RESTRUCTURED_DB/1939/december/G_R__No__46843.json
  [3/6] Processing gr_46551_1939.html
Saved: RESTRUCTURED_DB/1939/december/G_R__No__46551.json
  [4/6] Processing gr_46623_1939.html
Saved: RESTRUCTURED_DB/1939/december/G_R__No__46623.json
  [5/6] Processing gr_46920_1939.html
Saved: RESTRUCTURED_DB/1939/december/G_R__No__46920.json
  [6/6] Processing gr_46842_1939.html
Saved: RESTRUCTURED_DB/1939/december/G_R__No__46842.json
  Completed December: 6 cases

  Year 1939 completed: 319 total cases
🧀 cheese

=== Processing Year 1940 ===

  --- January 1940 ---

=== Scraping Year 1940 ===

--- Processing January 1940 ---
Found 50 potential cases
  [1/50] Processing gr_47008_1940.html
Saved: RESTRUCTURED_DB/1940/january/G_R__No__47008.json
  [2/50] Processing gr_47005_1940.html
Saved: RESTRUCTURED_DB/1940/january/G_R__No__47005.json
  [3/50] Processing gr_46979_1940.html
Saved: RESTRUCTURED_DB/1940/january/G_R__No__46979.json
  [4/50] Processing gr_46286_1940.html
Saved: RESTRUCTURED_DB/1940/january/G_R__No__46286.json
  [5/50] Processing gr_45551_1940.html
Saved: RESTRUCTURED_DB/1940/january/G_R__No__45551.json
  [6/50] Processing gr_46853_1940.html
Saved: RESTRUCTURED_DB/1940/january/G_R__No__46853.json
  [7/50] Processing gr_46564_1940.html
Saved: RESTRUCTURED_DB/1940/january/G_R__No__46564.json
  [8/50] Processing gr_46559_1940.html
Saved: RESTRUCTURED_DB/1940/january/G_R__No__46559.json
  [9/50] Processing gr_46123_1940.html
Saved: RESTRUCTURED_DB/1940/january/G_R__No__46123.json
  [10/50] Processing gr_46976_1940.html
Saved: RESTRUCTURED_DB/1940/january/G_R__No__46976.json
  [11/50] Processing gr_46865_1940.html
Saved: RESTRUCTURED_DB/1940/january/G_R__No__46865.json
  [12/50] Processing gr_46928_1940.html
Saved: RESTRUCTURED_DB/1940/january/G_R__No__46928.json
  [13/50] Processing gr_46713_1940.html
Saved: RESTRUCTURED_DB/1940/january/G_R__No__46713.json
  [14/50] Processing gr_46621_1940.html
Saved: RESTRUCTURED_DB/1940/january/G_R__No__46621.json
  [15/50] Processing gr_46590_1940.html
Saved: RESTRUCTURED_DB/1940/january/G_R__No__46590.json
  [16/50] Processing gr_46549_1940.html
Saved: RESTRUCTURED_DB/1940/january/G_R__No__46549.json
  [17/50] Processing gr_46429_1940.html
Saved: RESTRUCTURED_DB/1940/january/G_R__No__46429.json
  [18/50] Processing gr_46373_1940.html
Saved: RESTRUCTURED_DB/1940/january/G_R__No__46373.json
  [19/50] Processing gr_46344_1940.html
Saved: RESTRUCTURED_DB/1940/january/G_R__No__46344.json
  [20/50] Processing gr_46764_1940.html
Saved: RESTRUCTURED_DB/1940/january/G_R__No__46764.json
  [21/50] Processing gr_46529_1940.html
Saved: RESTRUCTURED_DB/1940/january/G_R__No__46529.json
  [22/50] Processing gr_46472_1940.html
Saved: RESTRUCTURED_DB/1940/january/G_R__No__46472.json
  [23/50] Processing gr_46255_1940.html
Saved: RESTRUCTURED_DB/1940/january/gr_46255_1940.json
  [24/50] Processing ac_745_1940.html
Saved: RESTRUCTURED_DB/1940/january/A_C__No__745.json
  [25/50] Processing gr_46141_1940.html
Saved: RESTRUCTURED_DB/1940/january/G_R__No__46141.json
  [26/50] Processing gr_46984_1940.html
Saved: RESTRUCTURED_DB/1940/january/G_R__No__46984.json
  [27/50] Processing gr_46947_1940.html
Saved: RESTRUCTURED_DB/1940/january/G_R__No__46947.json
  [28/50] Processing gr_46945_1940.html
Saved: RESTRUCTURED_DB/1940/january/G_R__No__46945.json
  [29/50] Processing gr_46922_1940.html
Saved: RESTRUCTURED_DB/1940/january/G_R__No__46922.json
  [30/50] Processing gr_46898_1940.html
Saved: RESTRUCTURED_DB/1940/january/G_R__No__46898.json
  [31/50] Processing gr_46897_1940.html
Saved: RESTRUCTURED_DB/1940/january/G_R__No__46897.json
  [32/50] Processing gr_46835_1940.html
Saved: RESTRUCTURED_DB/1940/january/G_R__No__46835.json
  [33/50] Processing gr_46826_1940.html
Saved: RESTRUCTURED_DB/1940/january/G_R__No__46826.json
  [34/50] Processing gr_46588_1940.html
Saved: RESTRUCTURED_DB/1940/january/G_R__No__46588.json
  [35/50] Processing gr_46343_1940.html
Saved: RESTRUCTURED_DB/1940/january/G_R__No__46343.json
  [36/50] Processing gr_46961_1940.html
Saved: RESTRUCTURED_DB/1940/january/G_R__No__46961.json
  [37/50] Processing gr_46896_1940.html
Saved: RESTRUCTURED_DB/1940/january/G_R__No__46896.json
  [38/50] Processing gr_46829_1940.html
Saved: RESTRUCTURED_DB/1940/january/G_R__No__46829.json
  [39/50] Processing gr_46827_1940.html
Saved: RESTRUCTURED_DB/1940/january/G_R__No__46827.json
  [40/50] Processing gr_46607_1940.html
Saved: RESTRUCTURED_DB/1940/january/G_R__No__46607.json
  [41/50] Processing gr_46603_1940.html
Saved: RESTRUCTURED_DB/1940/january/G_R__No__46603.json
  [42/50] Processing gr_46517_1940.html
Saved: RESTRUCTURED_DB/1940/january/G_R__No__46517.json
  [43/50] Processing gr_46503_1940.html
Saved: RESTRUCTURED_DB/1940/january/G_R__No__46503.json
  [44/50] Processing gr_46384_1940.html
Saved: RESTRUCTURED_DB/1940/january/G_R__No__46384.json
  [45/50] Processing gr_46322_1940.html
Saved: RESTRUCTURED_DB/1940/january/G_R__No__46961.json
  [46/50] Processing gr_43723_1940.html
Saved: RESTRUCTURED_DB/1940/january/G_R__No__43723.json
  [47/50] Processing gr_46997_1940.html
Saved: RESTRUCTURED_DB/1940/january/G_R__No__46997.json
  [48/50] Processing gr_46836_1940.html
Saved: RESTRUCTURED_DB/1940/january/G_R__No__46836.json
  [49/50] Processing gr_46813_1940.html
Saved: RESTRUCTURED_DB/1940/january/G_R__No__46813.json
  [50/50] Processing gr_46257_1940.html
Saved: RESTRUCTURED_DB/1940/january/G_R__No__46257.json
  Completed January: 49 cases

  --- February 1940 ---

=== Scraping Year 1940 ===

--- Processing February 1940 ---
Found 23 potential cases
  [1/23] Processing gr_46877_1940.html
Saved: RESTRUCTURED_DB/1940/february/G_R__No__46877.json
  [2/23] Processing gr_46496_1940.html
Saved: RESTRUCTURED_DB/1940/february/G_R__No__46496.json
  [3/23] Processing gr_46831_1940.html
Saved: RESTRUCTURED_DB/1940/february/G_R__No__46831.json
  [4/23] Processing gr_46747_1940.html
Saved: RESTRUCTURED_DB/1940/february/G_R__No__46747.json
  [5/23] Processing gr_45963_1940.html
Saved: RESTRUCTURED_DB/1940/february/G_R__No__45963.json
  [6/23] Processing am_800_1940.html
Saved: RESTRUCTURED_DB/1940/february/A_M__No__800.json
  [7/23] Processing gr_46419_1940.html
Saved: RESTRUCTURED_DB/1940/february/G_R__No__46419.json
  [8/23] Processing gr_47026_1940.html
Saved: RESTRUCTURED_DB/1940/february/G_R__No__47026.json
  [9/23] Processing gr_46951_1940.html
Saved: RESTRUCTURED_DB/1940/february/G_R__No__46951.json
  [10/23] Processing gr_46797_1940.html
Saved: RESTRUCTURED_DB/1940/february/G_R__No__46797.json
  [11/23] Processing gr_46403_1940.html
Saved: RESTRUCTURED_DB/1940/february/G_R__No__46403.json
  [12/23] Processing gr_46326_1940.html
Saved: RESTRUCTURED_DB/1940/february/G_R__No__46326.json
  [13/23] Processing gr_47007_1940.html
Saved: RESTRUCTURED_DB/1940/february/G_R__No__47007.json
  [14/23] Processing gr_46926_1940.html
Saved: RESTRUCTURED_DB/1940/february/G_R__No__46926.json
  [15/23] Processing gr_46518_1940.html
Saved: RESTRUCTURED_DB/1940/february/G_R__No__46518.json
  [16/23] Processing gr_46569_1940.html
Saved: RESTRUCTURED_DB/1940/february/G_R__No__46569.json
  [17/23] Processing gr_46985_1940.html
Saved: RESTRUCTURED_DB/1940/february/G_R__No__46985.json
  [18/23] Processing gr_46371_1940.html
Saved: RESTRUCTURED_DB/1940/february/G_R__No__46371.json
  [19/23] Processing gr_45804_1940.html
Saved: RESTRUCTURED_DB/1940/february/G_R__No__45804.json
  [20/23] Processing gr_46846_1940.html
Saved: RESTRUCTURED_DB/1940/february/G_R__No__46846.json
  [21/23] Processing gr_46593_1940.html
Saved: RESTRUCTURED_DB/1940/february/G_R__No__46593.json
  [22/23] Processing gr_46771_1940.html
Saved: RESTRUCTURED_DB/1940/february/G_R__No__46771.json
  [23/23] Processing gr_45196_1940.html
Saved: RESTRUCTURED_DB/1940/february/G_R__No__45196.json
  Completed February: 23 cases

  --- March 1940 ---

=== Scraping Year 1940 ===

--- Processing March 1940 ---
Error fetching https://lawphil.net/judjuris/juri1940/mar1940/mar1940.html: 404 Client Error: Not Found for url: https://lawphil.net/judjuris/juri1940/mar1940/mar1940.html
Could not fetch https://lawphil.net/judjuris/juri1940/mar1940/mar1940.html
  Completed March: 0 cases

  --- April 1940 ---

=== Scraping Year 1940 ===

--- Processing April 1940 ---
Found 12 potential cases
  [1/12] Processing gr_46718_1940.html
Saved: RESTRUCTURED_DB/1940/april/G_R__No__46718.json
  [2/12] Processing gr_46711_1940.html
Saved: RESTRUCTURED_DB/1940/april/G_R__No__46711.json
  [3/12] Processing gr_47061_1940.html
Saved: RESTRUCTURED_DB/1940/april/G_R__No__47061.json
  [4/12] Processing gr_47144_1940.html
Saved: RESTRUCTURED_DB/1940/april/G_R__No__47144.json
  [5/12] Processing gr_47131_1940.html
Saved: RESTRUCTURED_DB/1940/april/G_R__No__47131.json
  [6/12] Processing gr_47109_1940.html
Saved: RESTRUCTURED_DB/1940/april/G_R__No__47109.json
  [7/12] Processing gr_46838_1940.html
Saved: RESTRUCTURED_DB/1940/april/G_R__No__46838.json
  [8/12] Processing gr_1749_1940.html
Saved: RESTRUCTURED_DB/1940/april/G_R__No__1749.json
  [9/12] Processing gr_47098_1940.html
Saved: RESTRUCTURED_DB/1940/april/G_R__No__47098.json
  [10/12] Processing gr_47060_1940.html
Saved: RESTRUCTURED_DB/1940/april/G_R__No__47060.json
  [11/12] Processing gr_46930_1940.html
Saved: RESTRUCTURED_DB/1940/april/G_R__No__46930.json
  [12/12] Processing gr_46620_1940.html
Saved: RESTRUCTURED_DB/1940/april/G_R__No__46620.json
  Completed April: 12 cases

  --- May 1940 ---

=== Scraping Year 1940 ===

--- Processing May 1940 ---
Error fetching https://lawphil.net/judjuris/juri1940/may1940/may1940.html: 404 Client Error: Not Found for url: https://lawphil.net/judjuris/juri1940/may1940/may1940.html
Could not fetch https://lawphil.net/judjuris/juri1940/may1940/may1940.html
  Completed May: 0 cases

  --- June 1940 ---

=== Scraping Year 1940 ===

--- Processing June 1940 ---
Found 93 potential cases
  [1/93] Processing gr_47184_1940.html
Saved: RESTRUCTURED_DB/1940/june/G_R__No__47184.json
  [2/93] Processing gr_47168_1940.html
Saved: RESTRUCTURED_DB/1940/june/G_R__No__47168.json
  [3/93] Processing gr_47079_1940.html
Saved: RESTRUCTURED_DB/1940/june/G_R__No__47079.json
  [4/93] Processing gr_46847_1940.html
Saved: RESTRUCTURED_DB/1940/june/G_R__No__46847.json
  [5/93] Processing gr_46902_1940.html
Saved: RESTRUCTURED_DB/1940/june/G_R__No__46902.json
  [6/93] Processing gr_46648_1940.html
Saved: RESTRUCTURED_DB/1940/june/G_R__No__46648.json
  [7/93] Processing gr_45351_1940.html
Saved: RESTRUCTURED_DB/1940/june/G_R__No__45351.json
  [8/93] Processing gr_45072_1940.html
Saved: RESTRUCTURED_DB/1940/june/G_R__No__45072.json
  [9/93] Processing gr_47174_1940.html
Saved: RESTRUCTURED_DB/1940/june/G_R__No__47174.json
  [10/93] Processing gr_47051_1940.html
Saved: RESTRUCTURED_DB/1940/june/G_R__No__47051.json
  [11/93] Processing gr_46892_1940.html
Saved: RESTRUCTURED_DB/1940/june/G_R__No__46892.json
  [12/93] Processing gr_46775_1940.html
Saved: RESTRUCTURED_DB/1940/june/G_R__No__46775.json
  [13/93] Processing gr_46720_1940.html
Saved: RESTRUCTURED_DB/1940/june/G_R__No__46720.json
  [14/93] Processing gr_46629-39_1940.html
Saved: RESTRUCTURED_DB/1940/june/gr_46629-39_1940.json
  [15/93] Processing am_747_1940.html
Saved: RESTRUCTURED_DB/1940/june/A_M__No__747.json
  [16/93] Processing am_632_1940.html
Saved: RESTRUCTURED_DB/1940/june/A_M__No__632.json
  [17/93] Processing gr_47211_1940.html
Saved: RESTRUCTURED_DB/1940/june/G_R__No__47211.json
  [18/93] Processing gr_47170_1940.html
Saved: RESTRUCTURED_DB/1940/june/gr_47170_1940.json
  [19/93] Processing gr_47154_1940.html
Saved: RESTRUCTURED_DB/1940/june/G_R__No__47154.json
  [20/93] Processing gr_47143_1940.html
Saved: RESTRUCTURED_DB/1940/june/G_R__No__47143.json
  [21/93] Processing gr_47115_1940.html
Saved: RESTRUCTURED_DB/1940/june/G_R__No__47115.json
  [22/93] Processing gr_47107_1940.html
Saved: RESTRUCTURED_DB/1940/june/G_R__No__47107.json
  [23/93] Processing gr_47106_1940.html
Saved: RESTRUCTURED_DB/1940/june/G_R__No__47106.json
  [24/93] Processing gr_47080_1940.html
Saved: RESTRUCTURED_DB/1940/june/G_R__No__47080.json
  [25/93] Processing gr_46870_1940.html
Saved: RESTRUCTURED_DB/1940/june/G_R__No__46870.json
  [26/93] Processing gr_46782_1940.html
Saved: RESTRUCTURED_DB/1940/june/G_R__No__46782.json
  [27/93] Processing gr_46722_1940.html
Saved: RESTRUCTURED_DB/1940/june/G_R__No__46722.json
  [28/93] Processing gr_46655_1940.html
Saved: RESTRUCTURED_DB/1940/june/G_R__No__46655.json
  [29/93] Processing gr_46647_1940.html
Saved: RESTRUCTURED_DB/1940/june/G_R__No__46647.json
  [30/93] Processing gr_46642_1940.html
Saved: RESTRUCTURED_DB/1940/june/G_R__No__46642.json
  [31/93] Processing gr_46640_1940.html
Saved: RESTRUCTURED_DB/1940/june/G_R__No__46640.json
  [32/93] Processing gr_46634_1940.html
Saved: RESTRUCTURED_DB/1940/june/G_R__No__46634.json
  [33/93] Processing gr_46592_1940.html
Saved: RESTRUCTURED_DB/1940/june/G_R__No__46592.json
  [34/93] Processing gr_46389_1940.html
Saved: RESTRUCTURED_DB/1940/june/G_R__No__46389.json
  [35/93] Processing gr_47099_1940.html
Saved: RESTRUCTURED_DB/1940/june/G_R__No__47099.json
  [36/93] Processing gr_47089_1940.html
Saved: RESTRUCTURED_DB/1940/june/G_R__No__47089.json
  [37/93] Processing gr_47065_1940.html
Saved: RESTRUCTURED_DB/1940/june/G_R__No__47065.json
  [38/93] Processing gr_47055_1940.html
Saved: RESTRUCTURED_DB/1940/june/G_R__No__47055.json
  [39/93] Processing gr_47006_1940.html
Saved: RESTRUCTURED_DB/1940/june/G_R__No__47006.json
  [40/93] Processing gr_46924_1940.html
Saved: RESTRUCTURED_DB/1940/june/G_R__No__46924.json
  [41/93] Processing gr_46839_1940.html
Saved: RESTRUCTURED_DB/1940/june/G_R__No__46839.json
  [42/93] Processing gr_46706_1940.html
Saved: RESTRUCTURED_DB/1940/june/G_R__No__46706.json
  [43/93] Processing gr_46656_1940.html
Saved: RESTRUCTURED_DB/1940/june/G_R__No__46656.json
  [44/93] Processing gr_46473_1940.html
Saved: RESTRUCTURED_DB/1940/june/G_R__No__46473.json
  [45/93] Processing gr_47214_1940.html
Saved: RESTRUCTURED_DB/1940/june/G_R__No__47214.json
  [46/93] Processing gr_47185_1940.html
Saved: RESTRUCTURED_DB/1940/june/G_R__No__47185.json
  [47/93] Processing gr_47145_1940.html
Saved: RESTRUCTURED_DB/1940/june/G_R__No__47145.json
  [48/93] Processing gr_47118_1940.html
Saved: RESTRUCTURED_DB/1940/june/G_R__No__47118.json
  [49/93] Processing gr_47049_1940.html
Saved: RESTRUCTURED_DB/1940/june/G_R__No__47049.json
  [50/93] Processing gr_47030_1940.html
Saved: RESTRUCTURED_DB/1940/june/G_R__No__47030.json
  [51/93] Processing gr_47021_1940.html
Saved: RESTRUCTURED_DB/1940/june/G_R__No__47021.json
  [52/93] Processing gr_46889_1940.html
Saved: RESTRUCTURED_DB/1940/june/G_R__No__46889.json
  [53/93] Processing gr_46824_1940.html
Saved: RESTRUCTURED_DB/1940/june/G_R__No__46824.json
  [54/93] Processing ac_853_1940.html
Saved: RESTRUCTURED_DB/1940/june/A_C__No__853.json
  [55/93] Processing gr_47125_1940.html
Saved: RESTRUCTURED_DB/1940/june/G_R__No__47125.json
  [56/93] Processing gr_47047_1940.html
Saved: RESTRUCTURED_DB/1940/june/G_R__No__47047.json
  [57/93] Processing gr_47025_1940.html
Saved: RESTRUCTURED_DB/1940/june/G_R__No__47025.json
  [58/93] Processing gr_47012_1940.html
Saved: RESTRUCTURED_DB/1940/june/G_R__No__47012.json
  [59/93] Processing gr_46900_1940.html
Saved: RESTRUCTURED_DB/1940/june/G_R__No__46900.json
  [60/93] Processing gr_46719_1940.html
Saved: RESTRUCTURED_DB/1940/june/G_R__No__46719.json
  [61/93] Processing gr_46705_1940.html
Saved: RESTRUCTURED_DB/1940/june/G_R__No__46705.json
  [62/93] Processing ac_932_1940.html
Saved: RESTRUCTURED_DB/1940/june/A_C__No__932.json
  [63/93] Processing am_743_1940.html
Saved: RESTRUCTURED_DB/1940/june/A_M__No__743.json
  [64/93] Processing gr_47036_1940.html
Saved: RESTRUCTURED_DB/1940/june/G_R__No__47036.json
  [65/93] Processing gr_46995_1940.html
Saved: RESTRUCTURED_DB/1940/june/G_R__No__46995.json
  [66/93] Processing gr_46548_1940.html
Saved: RESTRUCTURED_DB/1940/june/G_R__No__46548.json
  [67/93] Processing gr_46347_1940.html
Saved: RESTRUCTURED_DB/1940/june/G_R__No__46347.json
  [68/93] Processing gr_46983_1940.html
Saved: RESTRUCTURED_DB/1940/june/G_R__No__46983.json
  [69/93] Processing gr_46850_1940.html
Saved: RESTRUCTURED_DB/1940/june/G_R__No__46850.json
  [70/93] Processing gr_46744_1940.html
Saved: RESTRUCTURED_DB/1940/june/G_R__No__46744.json
  [71/93] Processing gr_46698_1940.html
Saved: RESTRUCTURED_DB/1940/june/G_R__No__46698.json
  [72/93] Processing gr_46685_1940.html
Saved: RESTRUCTURED_DB/1940/june/G_R__No__46685.json
  [73/93] Processing gr_46667_1940.html
Saved: RESTRUCTURED_DB/1940/june/G_R__No__46667.json
  [74/93] Processing gr_49996_1940.html
Saved: RESTRUCTURED_DB/1940/june/G_R__No__49996.json
  [75/93] Processing gr_47243_1940.html
Saved: RESTRUCTURED_DB/1940/june/G_R__No__47243.json
  [76/93] Processing gr_47228_1940.html
Saved: RESTRUCTURED_DB/1940/june/G_R__No__47228.json
  [77/93] Processing gr_47169_1940.html
Saved: RESTRUCTURED_DB/1940/june/G_R__No__47169.json
  [78/93] Processing gr_47138_1940.html
Saved: RESTRUCTURED_DB/1940/june/G_R__No__47138.json
  [79/93] Processing gr_47071_1940.html
Saved: RESTRUCTURED_DB/1940/june/G_R__No__47071.json
  [80/93] Processing gr_47020_1940.html
Saved: RESTRUCTURED_DB/1940/june/G_R__No__47020.json
  [81/93] Processing gr_46884_1940.html
Saved: RESTRUCTURED_DB/1940/june/gr_46884_1940.json
  [82/93] Processing gr_46840_1940.html
Saved: RESTRUCTURED_DB/1940/june/G_R__No__46840.json
  [83/93] Processing gr_46776_1940.html
Saved: RESTRUCTURED_DB/1940/june/G_R__No__46776.json
  [84/93] Processing gr_46701_1940.html
Saved: RESTRUCTURED_DB/1940/june/G_R__No__46701.json
  [85/93] Processing gr_44973_1940.html
Saved: RESTRUCTURED_DB/1940/june/G_R__No__44973.json
  [86/93] Processing gr_47077_1940.html
Saved: RESTRUCTURED_DB/1940/june/G_R__No__47077.json
  [87/93] Processing gr_47035_1940.html
Saved: RESTRUCTURED_DB/1940/june/G_R__No__47035.json
  [88/93] Processing gr_46954_1940.html
Saved: RESTRUCTURED_DB/1940/june/G_R__No__46954.json
  [89/93] Processing gr_46952_1940.html
Saved: RESTRUCTURED_DB/1940/june/G_R__No__46952.json
  [90/93] Processing gr_46949_1940.html
Saved: RESTRUCTURED_DB/1940/june/G_R__No__46949.json
  [91/93] Processing gr_46784_1940.html
Saved: RESTRUCTURED_DB/1940/june/G_R__No__46784.json
  [92/93] Processing gr_46768_1940.html
Saved: RESTRUCTURED_DB/1940/june/G_R__No__46768.json
  [93/93] Processing gr_46515_1940.html
Saved: RESTRUCTURED_DB/1940/june/G_R__No__46515.json
  Completed June: 93 cases

  --- July 1940 ---

=== Scraping Year 1940 ===

--- Processing July 1940 ---
Found 4 potential cases
  [1/4] Processing gr_45380_1940.html
Saved: RESTRUCTURED_DB/1940/july/G_R__No__45380.json
  [2/4] Processing am_890_1940.html
Saved: RESTRUCTURED_DB/1940/july/A_M__No__890.json
  [3/4] Processing am_846_1940.html
Saved: RESTRUCTURED_DB/1940/july/A_M__No__846.json
  [4/4] Processing gr_46957_1940.html
Saved: RESTRUCTURED_DB/1940/july/G_R__No__46957.json
  Completed July: 4 cases

  --- August 1940 ---

=== Scraping Year 1940 ===

--- Processing August 1940 ---
Error fetching https://lawphil.net/judjuris/juri1940/aug1940/aug1940.html: 404 Client Error: Not Found for url: https://lawphil.net/judjuris/juri1940/aug1940/aug1940.html
Could not fetch https://lawphil.net/judjuris/juri1940/aug1940/aug1940.html
  Completed August: 0 cases

  --- September 1940 ---

=== Scraping Year 1940 ===

--- Processing September 1940 ---
Found 2 potential cases
  [1/2] Processing gr_47700_1940.html
Saved: RESTRUCTURED_DB/1940/september/G_R__No__47700.json
  [2/2] Processing gr_47685_1940.html
Saved: RESTRUCTURED_DB/1940/september/G_R__No__47685.json
  Completed September: 2 cases

  --- October 1940 ---

=== Scraping Year 1940 ===

--- Processing October 1940 ---
Found 2 potential cases
  [1/2] Processing gr_47388_1940.html
Saved: RESTRUCTURED_DB/1940/october/G_R__No__47388.json
  [2/2] Processing gr_47761_1940.html
Saved: RESTRUCTURED_DB/1940/october/G_R__No__47761.json
  Completed October: 2 cases

  --- November 1940 ---

=== Scraping Year 1940 ===

--- Processing November 1940 ---
Found 50 potential cases
  [1/50] Processing am_945_1940.html
Saved: RESTRUCTURED_DB/1940/november/A_M__No__945.json
  [2/50] Processing gr_47277_1940.html
Saved: RESTRUCTURED_DB/1940/november/G_R__No__47227.json
  [3/50] Processing gr_47410_1940.html
Saved: RESTRUCTURED_DB/1940/november/G_R__No__47410.json
  [4/50] Processing gr_47903_1940.html
Saved: RESTRUCTURED_DB/1940/november/G_R__No__47903.json
  [5/50] Processing gr_46953_1940.html
Saved: RESTRUCTURED_DB/1940/november/G_R__No__46953.json
  [6/50] Processing gr_47161_1940.html
Saved: RESTRUCTURED_DB/1940/november/G_R__No__47161.json
  [7/50] Processing gr_47339_1940.html
Saved: RESTRUCTURED_DB/1940/november/G_R__No__47339.json
  [8/50] Processing gr_47350_1940.html
Saved: RESTRUCTURED_DB/1940/november/G_R__No__47350.json
  [9/50] Processing gr_47360_1940.html
Saved: RESTRUCTURED_DB/1940/november/G_R__No__47360.json
  [10/50] Processing gr_47359_1940.html
Saved: RESTRUCTURED_DB/1940/november/G_R__No__47359.json
  [11/50] Processing am_756_1940.html
Saved: RESTRUCTURED_DB/1940/november/A_M__No__756.json
  [12/50] Processing gr_46786_1940.html
Saved: RESTRUCTURED_DB/1940/november/G_R__No__46786.json
  [13/50] Processing gr_46890_1940.html
Saved: RESTRUCTURED_DB/1940/november/G_R__No__46890.json
  [14/50] Processing gr_46909_1940.html
Saved: RESTRUCTURED_DB/1940/november/G_R__No__46909.json
  [15/50] Processing gr_47178_1940.html
Saved: RESTRUCTURED_DB/1940/november/G_R__No__47178.json
  [16/50] Processing gr_47180_1940.html
Saved: RESTRUCTURED_DB/1940/november/G_R__No__47180.json
  [17/50] Processing gr_47205_1940.html
Saved: RESTRUCTURED_DB/1940/november/G_R__No__47205.json
  [18/50] Processing gr_47279_1940.html
Saved: RESTRUCTURED_DB/1940/november/G_R__No__47279.json
  [19/50] Processing gr_47303_1940.html
Saved: RESTRUCTURED_DB/1940/november/G_R__No__47303.json
  [20/50] Processing gr_47316_1940.html
Saved: RESTRUCTURED_DB/1940/november/G_R__No__47316.json
  [21/50] Processing gr_47322_1940.html
Saved: RESTRUCTURED_DB/1940/november/G_R__No__47322.json
  [22/50] Processing gr_47363_1940.html
Saved: RESTRUCTURED_DB/1940/november/G_R__No__47363.json
  [23/50] Processing gr_47391_1940.html
Saved: RESTRUCTURED_DB/1940/november/G_R__No__47391.json
  [24/50] Processing gr_47400_1940.html
Saved: RESTRUCTURED_DB/1940/november/G_R__No__47400.json
  [25/50] Processing gr_47565_1940.html
Saved: RESTRUCTURED_DB/1940/november/G_R__No__47565.json
  [26/50] Processing gr_46972_1940.html
Saved: RESTRUCTURED_DB/1940/november/G_R__No__46972.json
  [27/50] Processing gr_47104_1940.html
Saved: RESTRUCTURED_DB/1940/november/G_R__No__47104.json
  [28/50] Processing gr_46973_1940.html
Saved: RESTRUCTURED_DB/1940/november/G_R__No__46973.json
  [29/50] Processing gr_47064_1940.html
Saved: RESTRUCTURED_DB/1940/november/G_R__No__47064.json
  [30/50] Processing gr_47190_1940.html
Saved: RESTRUCTURED_DB/1940/november/G_R__No__47190.json
  [31/50] Processing gr_47288_1940.html
Saved: RESTRUCTURED_DB/1940/november/G_R__No__47288.json
  [32/50] Processing gr_47083_1940.html
Saved: RESTRUCTURED_DB/1940/november/G_R__No__47083.json
  [33/50] Processing gr_47289_1940.html
Saved: RESTRUCTURED_DB/1940/november/G_R__No__47289.json
  [34/50] Processing gr_47324_1940.html
Saved: RESTRUCTURED_DB/1940/november/G_R__No__47324.json
  [35/50] Processing gr_46998_1940.html
Saved: RESTRUCTURED_DB/1940/november/G_R__No__46998.json
  [36/50] Processing gr_47133_1940.html
Saved: RESTRUCTURED_DB/1940/november/G_R__No__47133.json
  [37/50] Processing gr_47176_1940.html
Saved: RESTRUCTURED_DB/1940/november/G_R__No__47176.json
  [38/50] Processing gr_47403_1940.html
Saved: RESTRUCTURED_DB/1940/november/G_R__No__47403.json
  [39/50] Processing gr_47458_1940.html
Saved: RESTRUCTURED_DB/1940/november/G_R__No__47458.json
  [40/50] Processing gr_47486_1940.html
Saved: RESTRUCTURED_DB/1940/november/G_R__No__47486.json
  [41/50] Processing gr_46978_1940.html
Saved: RESTRUCTURED_DB/1940/november/G_R__No__46978.json
  [42/50] Processing gr_47364_1940.html
Saved: RESTRUCTURED_DB/1940/november/G_R__No__47364.json
  [43/50] Processing gr_47423_1940.html
Saved: RESTRUCTURED_DB/1940/november/G_R__No__47423.json
  [44/50] Processing gr_46948_1940.html
Saved: RESTRUCTURED_DB/1940/november/G_R__No__46948.json
  [45/50] Processing gr_47425_1940.html
Saved: RESTRUCTURED_DB/1940/november/G_R__No__47425.json
  [46/50] Processing gr_46975_1940.html
Saved: RESTRUCTURED_DB/1940/november/G_R__No__46975.json
  [47/50] Processing gr_47325_1940.html
Saved: RESTRUCTURED_DB/1940/november/G_R__No__47325.json
  [48/50] Processing gr_47440_1940.html
Saved: RESTRUCTURED_DB/1940/november/G_R__No__47440.json
  [49/50] Processing gr_47124_1940.html
Saved: RESTRUCTURED_DB/1940/november/G_R__No__47124.json
  [50/50] Processing gr_47318_1940.html
Saved: RESTRUCTURED_DB/1940/november/G_R__No__47318.json
  Completed November: 50 cases

  --- December 1940 ---

=== Scraping Year 1940 ===

--- Processing December 1940 ---
Found 49 potential cases
  [1/49] Processing gr_47314_1940.html
Saved: RESTRUCTURED_DB/1940/december/G_R__No__47314.json
  [2/49] Processing gr_47307_1940.html
Saved: RESTRUCTURED_DB/1940/december/G_R__No__47307.json
  [3/49] Processing gr_47306_1940.html
Saved: RESTRUCTURED_DB/1940/december/G_R__No__47306.json
  [4/49] Processing gr_47304_1940.html
Saved: RESTRUCTURED_DB/1940/december/G_R__No__47304.json
  [5/49] Processing gr_47299_1940.html
Saved: RESTRUCTURED_DB/1940/december/G_R__No__47299.json
  [6/49] Processing gr_47340_1940.html
Saved: RESTRUCTURED_DB/1940/december/G_R__No__47340.json
  [7/49] Processing gr_5482_1940.html
Saved: RESTRUCTURED_DB/1940/december/G_R__No__5482.json
  [8/49] Processing gr_47592_1940.html
Saved: RESTRUCTURED_DB/1940/december/G_R__No__47592.json
  [9/49] Processing gr_47276_1940.html
Saved: RESTRUCTURED_DB/1940/december/G_R__No__47276.json
  [10/49] Processing gr_47095_1940.html
Saved: RESTRUCTURED_DB/1940/december/G_R__No__47095.json
  [11/49] Processing gr_47544-47611_1940.html
Saved: RESTRUCTURED_DB/1940/december/G_R__No__47544.json
  [12/49] Processing gr_47507_1940.html
Saved: RESTRUCTURED_DB/1940/december/G_R__No__47507.json
  [13/49] Processing gr_47469_1940.html
Saved: RESTRUCTURED_DB/1940/december/G_R__No__47469.json
  [14/49] Processing gr_47464_1940.html
Saved: RESTRUCTURED_DB/1940/december/G_R__No__47464.json
  [15/49] Processing gr_47435_1940.html
Saved: RESTRUCTURED_DB/1940/december/G_R__No__47435.json
  [16/49] Processing gr_47431_1940.html
Saved: RESTRUCTURED_DB/1940/december/G_R__No__47431.json
  [17/49] Processing gr_47414_1940.html
Saved: RESTRUCTURED_DB/1940/december/G_R__No__47414.json
  [18/49] Processing gr_47378_1940.html
Saved: RESTRUCTURED_DB/1940/december/G_R__No__47378.json
  [19/49] Processing gr_47362_1940.html
Saved: RESTRUCTURED_DB/1940/december/G_R__No__47362.json
  [20/49] Processing gr_47248_1940.html
Saved: RESTRUCTURED_DB/1940/december/G_R__No__47248.json
  [21/49] Processing gr_47244_1940.html
Saved: RESTRUCTURED_DB/1940/december/G_R__No__47244.json
  [22/49] Processing gr_47233_1940.html
Saved: RESTRUCTURED_DB/1940/december/G_R__No__47233.json
  [23/49] Processing gr_47231_1940.html
Saved: RESTRUCTURED_DB/1940/december/G_R__No__47231.json
  [24/49] Processing gr_47121_1940.html
Saved: RESTRUCTURED_DB/1940/december/G_R__No__47121.json
  [25/49] Processing gr_47108_1940.html
Saved: RESTRUCTURED_DB/1940/december/G_R__No__47108.json
  [26/49] Processing gr_47029_1940.html
Saved: RESTRUCTURED_DB/1940/december/G_R__No__47029.json
  [27/49] Processing gr_47009_1940.html
Saved: RESTRUCTURED_DB/1940/december/G_R__No__47009.json
  [28/49] Processing gr_47157_1940.html
Saved: RESTRUCTURED_DB/1940/december/G_R__No__47157.json
  [29/49] Processing gr_47116_1940.html
Saved: RESTRUCTURED_DB/1940/december/G_R__No__47116.json
  [30/49] Processing gr_47285_1940.html
Saved: RESTRUCTURED_DB/1940/december/G_R__No__47285.json
  [31/49] Processing gr_47506_1940.html
Saved: RESTRUCTURED_DB/1940/december/G_R__No__47506.json
  [32/49] Processing gr_47383_1940.html
Saved: RESTRUCTURED_DB/1940/december/G_R__No__47383.json
  [33/49] Processing gr_47227_1940.html
Saved: RESTRUCTURED_DB/1940/december/G_R__No__47227.json
  [34/49] Processing gr_47014_1940.html
Saved: RESTRUCTURED_DB/1940/december/G_R__No__47014.json
  [35/49] Processing gr_47534_1940.html
Saved: RESTRUCTURED_DB/1940/december/G_R__No__47534.json
  [36/49] Processing gr_47496_1940.html
Saved: RESTRUCTURED_DB/1940/december/G_R__No__47496.json
  [37/49] Processing gr_47048_1940.html
Saved: RESTRUCTURED_DB/1940/december/G_R__No__47048.json
  [38/49] Processing gr_47664_1940.html
Saved: RESTRUCTURED_DB/1940/december/G_R__No__47664.json
  [39/49] Processing gr_47505_1940.html
Saved: RESTRUCTURED_DB/1940/december/G_R__No__47505.json
  [40/49] Processing gr_47186_1940.html
Saved: RESTRUCTURED_DB/1940/december/G_R__No__47186.json
  [41/49] Processing gr_47262_1940.html
Saved: RESTRUCTURED_DB/1940/december/G_R__No__47262.json
  [42/49] Processing gr_47941_1940.html
Saved: RESTRUCTURED_DB/1940/december/G_R__No__47941.json
  [43/49] Processing gr_47063_1940.html
Saved: RESTRUCTURED_DB/1940/december/G_R__No__47063.json
  [44/49] Processing gr_47633_1940.html
Saved: RESTRUCTURED_DB/1940/december/G_R__No__47633.json
  [45/49] Processing gr_46970_1940.html
Saved: RESTRUCTURED_DB/1940/december/G_R__No__46970.json
  [46/49] Processing gr_47940_1940.html
Saved: RESTRUCTURED_DB/1940/december/G_R__No__47940.json
  [47/49] Processing gr_47755_1940.html
Saved: RESTRUCTURED_DB/1940/december/G_R__No__47755.json
  [48/49] Processing gr_47564_1940.html
Saved: RESTRUCTURED_DB/1940/december/G_R__No__47564.json
  [49/49] Processing gr_47468_1940.html
Saved: RESTRUCTURED_DB/1940/december/G_R__No__47468.json
  Completed December: 49 cases

  Year 1940 completed: 284 total cases
🧀 cheese

=== Processing Year 1941 ===

  --- January 1941 ---

=== Scraping Year 1941 ===

--- Processing January 1941 ---
Found 5 potential cases
  [1/5] Processing gr_47081_1941.html
Saved: RESTRUCTURED_DB/1941/january/G_R__No__47081.json
  [2/5] Processing gr_47193_1941.html
Saved: RESTRUCTURED_DB/1941/january/G_R__No__47193.json
  [3/5] Processing gr_47433_1941.html
Saved: RESTRUCTURED_DB/1941/january/G_R__No__47433.json
  [4/5] Processing gr_47777_1941.html
Saved: RESTRUCTURED_DB/1941/january/G_R__No__47777.json
  [5/5] Processing gr_46745_1941.html
Saved: RESTRUCTURED_DB/1941/january/G_R__No__46745.json
  Completed January: 5 cases

  --- February 1941 ---

=== Scraping Year 1941 ===

--- Processing February 1941 ---
Found 7 potential cases
  [1/7] Processing gr_47720_1941.html
Saved: RESTRUCTURED_DB/1941/february/G_R__No__47720.json
  [2/7] Processing gr_48034_1941.html
Saved: RESTRUCTURED_DB/1941/february/G_R__No__48034.json
  [3/7] Processing gr_48019_1941.html
Saved: RESTRUCTURED_DB/1941/february/G_R__No__48019.json
  [4/7] Processing gr_47027_1941.html
Saved: RESTRUCTURED_DB/1941/february/G_R__No__47027.json
  [5/7] Processing gr_48018_1941.html
Saved: RESTRUCTURED_DB/1941/february/G_R__No__48018.json
  [6/7] Processing gr_47075_1941.html
Saved: RESTRUCTURED_DB/1941/february/G_R__No__47075.json
  [7/7] Processing gr_47001_1941.html
Saved: RESTRUCTURED_DB/1941/february/G_R__No__47001.json
  Completed February: 7 cases

  --- March 1941 ---

=== Scraping Year 1941 ===

--- Processing March 1941 ---
Found 19 potential cases
  [1/19] Processing gr_47900_1941.html
Saved: RESTRUCTURED_DB/1941/march/G_R__No__47900.json
  [2/19] Processing gr_47401_1941.html
Saved: RESTRUCTURED_DB/1941/march/G_R__No__47401.json
  [3/19] Processing gr_47963_1941.html
Saved: RESTRUCTURED_DB/1941/march/G_R__No__47963.json
  [4/19] Processing gr_47832_1941.html
Saved: RESTRUCTURED_DB/1941/march/G_R__No__47832.json
  [5/19] Processing gr_47815_1941.html
Saved: RESTRUCTURED_DB/1941/march/G_R__No__47815.json
  [6/19] Processing gr_47774_1941.html
Saved: RESTRUCTURED_DB/1941/march/G_R__No__47774.json
  [7/19] Processing gr_47714_1941.html
Saved: RESTRUCTURED_DB/1941/march/G_R__No__47714.json
  [8/19] Processing gr_47582_1941.html
Saved: RESTRUCTURED_DB/1941/march/G_R__No__47582.json
  [9/19] Processing gr_47467_1941.html
Saved: RESTRUCTURED_DB/1941/march/G_R__No__47467.json
  [10/19] Processing gr_47337_1941.html
Saved: RESTRUCTURED_DB/1941/march/G_R__No__47337.json
  [11/19] Processing gr_47870_1941.html
Saved: RESTRUCTURED_DB/1941/march/G_R__No__47870.json
  [12/19] Processing gr_47822_1941.html
Saved: RESTRUCTURED_DB/1941/march/G_R__No__47822.json
  [13/19] Processing gr_47772_1941.html
Saved: RESTRUCTURED_DB/1941/march/G_R__No__47772.json
  [14/19] Processing gr_47477_1941.html
Saved: RESTRUCTURED_DB/1941/march/G_R__No__47477.json
  [15/19] Processing gr_47430_1941.html
Saved: RESTRUCTURED_DB/1941/march/G_R__No__47430.json
  [16/19] Processing gr_47661_1941.html
Saved: RESTRUCTURED_DB/1941/march/G_R__No__47661.json
  [17/19] Processing gr_48054_1941.html
Saved: RESTRUCTURED_DB/1941/march/G_R__No__48054.json
  [18/19] Processing gr_47776_1941.html
Saved: RESTRUCTURED_DB/1941/march/G_R__No__47776.json
  [19/19] Processing gr_47054_1941.html
Saved: RESTRUCTURED_DB/1941/march/G_R__No__47054.json
  Completed March: 19 cases

  --- April 1941 ---

=== Scraping Year 1941 ===

--- Processing April 1941 ---
Found 103 potential cases
  [1/103] Processing gr_l-47991_1941.html
Saved: RESTRUCTURED_DB/1941/april/gr_l-47991_1941.json
  [2/103] Processing gr_l-47961_1941.html
Saved: RESTRUCTURED_DB/1941/april/gr_l-47961_1941.json
  [3/103] Processing gr_l-47959_1941.html
Saved: RESTRUCTURED_DB/1941/april/gr_l-47959_1941.json
  [4/103] Processing gr_l-47921_1941.html
Saved: RESTRUCTURED_DB/1941/april/gr_l-47921_1941.json
  [5/103] Processing gr_l-47921_1941.html
Saved: RESTRUCTURED_DB/1941/april/gr_l-47921_1941.json
  [6/103] Processing gr_l-47921_1941.html
Saved: RESTRUCTURED_DB/1941/april/gr_l-47921_1941.json
  [7/103] Processing gr_l-47920_1941.html
Saved: RESTRUCTURED_DB/1941/april/gr_l-47920_1941.json
  [8/103] Processing gr_l-47914_1941.html
Saved: RESTRUCTURED_DB/1941/april/gr_l-47914_1941.json
  [9/103] Processing gr_l-47898_1941.html
Saved: RESTRUCTURED_DB/1941/april/gr_l-47898_1941.json
  [10/103] Processing gr_l-47836_1941.html
Saved: RESTRUCTURED_DB/1941/april/G_R__No__47836.json
  [11/103] Processing gr_l-47791_1941.html
Saved: RESTRUCTURED_DB/1941/april/gr_l-47791_1941.json
  [12/103] Processing gr_l-47732_1941.html
Saved: RESTRUCTURED_DB/1941/april/gr_l-47732_1941.json
  [13/103] Processing gr_l-47721_1941.html
Saved: RESTRUCTURED_DB/1941/april/gr_l-47721_1941.json
  [14/103] Processing gr_l-47645_1941.html
Saved: RESTRUCTURED_DB/1941/april/gr_l-47645_1941.json
  [15/103] Processing gr_l-47639_1941.html
Saved: RESTRUCTURED_DB/1941/april/gr_l-47639_1941.json
  [16/103] Processing gr_l-47788_1941.html
Saved: RESTRUCTURED_DB/1941/april/gr_l-47788_1941.json
  [17/103] Processing gr_l-47741_1941.html
Saved: RESTRUCTURED_DB/1941/april/gr_l-47741_1941.json
  [18/103] Processing gr_l-47690_1941.html
Saved: RESTRUCTURED_DB/1941/april/G_R__No__47690.json
  [19/103] Processing gr_l-47655_1941.html
Saved: RESTRUCTURED_DB/1941/april/gr_l-47655_1941.json
  [20/103] Processing gr_l-47373_1941.html
Saved: RESTRUCTURED_DB/1941/april/gr_l-47373_1941.json
  [21/103] Processing gr_l-48024_1941.html
Saved: RESTRUCTURED_DB/1941/april/gr_l-48024_1941.json
  [22/103] Processing gr_l-47856_1941.html
Saved: RESTRUCTURED_DB/1941/april/gr_l-47856_1941.json
  [23/103] Processing gr_l-47821_1941.html
Saved: RESTRUCTURED_DB/1941/april/gr_l-47821_1941.json
  [24/103] Processing gr_l-47760_1941.html
Saved: RESTRUCTURED_DB/1941/april/gr_l-47760_1941.json
  [25/103] Processing gr_l-47705_1941.html
Saved: RESTRUCTURED_DB/1941/april/gr_l-47705_1941.json
  [26/103] Processing gr_l-47631_1941.html
Saved: RESTRUCTURED_DB/1941/april/gr_l-47631_1941.json
  [27/103] Processing gr_l-47626_1941.html
Saved: RESTRUCTURED_DB/1941/april/G_R__No__47626.json
  [28/103] Processing gr_l-47606_1941.html
Saved: RESTRUCTURED_DB/1941/april/gr_l-47606_1941.json
  [29/103] Processing gr_l-47590_1941.html
Saved: RESTRUCTURED_DB/1941/april/gr_l-47590_1941.json
  [30/103] Processing gr_l-47551_1941.html
Saved: RESTRUCTURED_DB/1941/april/G_R__No__46840.json
  [31/103] Processing gr_l-47483_1941.html
Saved: RESTRUCTURED_DB/1941/april/gr_l-47483_1941.json
  [32/103] Processing gr_l-47379_1941.html
Saved: RESTRUCTURED_DB/1941/april/gr_l-47379_1941.json
  [33/103] Processing gr_l-47320_1941.html
Saved: RESTRUCTURED_DB/1941/april/gr_l-47320_1941.json
  [34/103] Processing gr_l-47315_1941.html
Saved: RESTRUCTURED_DB/1941/april/G_R__No__46310.json
  [35/103] Processing gr_l-47283_1941.html
Saved: RESTRUCTURED_DB/1941/april/gr_l-47283_1941.json
  [36/103] Processing gr_l-47281_1941.html
Saved: RESTRUCTURED_DB/1941/april/gr_l-47281_1941.json
  [37/103] Processing gr_l-47217_1941.html
Saved: RESTRUCTURED_DB/1941/april/gr_l-47217_1941.json
  [38/103] Processing gr_l-47215_1941.html
Saved: RESTRUCTURED_DB/1941/april/gr_l-47215_1941.json
  [39/103] Processing gr_l-47213_1941.html
Saved: RESTRUCTURED_DB/1941/april/gr_l-47213_1941.json
  [40/103] Processing gr_l-47127_1941.html
Saved: RESTRUCTURED_DB/1941/april/gr_l-47127_1941.json
  [41/103] Processing gr_l-47101_1941.html
Saved: RESTRUCTURED_DB/1941/april/G_R__No__47101.json
  [42/103] Processing gr_l-47076_1941.html
Saved: RESTRUCTURED_DB/1941/april/gr_l-47076_1941.json
  [43/103] Processing gr_l-47033_1941.html
Saved: RESTRUCTURED_DB/1941/april/gr_l-47033_1941.json
  [44/103] Processing gr_l-46946_1941.html
Saved: RESTRUCTURED_DB/1941/april/G_R__No__46946.json
  [45/103] Processing gr_l-47796_1941.html
Saved: RESTRUCTURED_DB/1941/april/G_R__No__47653.json
  [46/103] Processing gr_l-47677_1941.html
Saved: RESTRUCTURED_DB/1941/april/gr_l-47677_1941.json
  [47/103] Processing gr_l-47658_1941.html
Saved: RESTRUCTURED_DB/1941/april/gr_l-47658_1941.json
  [48/103] Processing gr_l-47583_1941.html
Saved: RESTRUCTURED_DB/1941/april/gr_l-47583_1941.json
  [49/103] Processing gr_l-47557_1941.html
Saved: RESTRUCTURED_DB/1941/april/gr_l-47557_1941.json
  [50/103] Processing gr_l-47962_1941.html
Saved: RESTRUCTURED_DB/1941/april/gr_l-47962_1941.json
  [51/103] Processing gr_l-47784_1941.html
Saved: RESTRUCTURED_DB/1941/april/gr_l-47784_1941.json
  [52/103] Processing gr_l-47736_1941.html
Saved: RESTRUCTURED_DB/1941/april/gr_l-47736_1941.json
  [53/103] Processing gr_l-47653_1941.html
Saved: RESTRUCTURED_DB/1941/april/G_R__No__47486.json
  [54/103] Processing gr_l-47523_1941.html
Saved: RESTRUCTURED_DB/1941/april/gr_l-47523_1941.json
  [55/103] Processing gr_l-47438_1941.html
Saved: RESTRUCTURED_DB/1941/april/gr_l-47438_1941.json
  [56/103] Processing gr_l-47386_1941.html
Saved: RESTRUCTURED_DB/1941/april/gr_l-47386_1941.json
  [57/103] Processing gr_l-47351_1941.html
Saved: RESTRUCTURED_DB/1941/april/gr_l-47351_1941.json
  [58/103] Processing gr_l-47261_1941.html
Saved: RESTRUCTURED_DB/1941/april/gr_l-47261_1941.json
  [59/103] Processing gr_l-47252_1941.html
Saved: RESTRUCTURED_DB/1941/april/gr_l-47252_1941.json
  [60/103] Processing gr_l-47249_1941.html
Saved: RESTRUCTURED_DB/1941/april/gr_l-47249_1941.json
  [61/103] Processing gr_l-47022_1941.html
Saved: RESTRUCTURED_DB/1941/april/gr_l-47022_1941.json
  [62/103] Processing gr_l-46999_1941.html
Saved: RESTRUCTURED_DB/1941/april/gr_l-46999_1941.json
  [63/103] Processing gr_l-46937_1941.html
Saved: RESTRUCTURED_DB/1941/april/gr_l-46937_1941.json
  [64/103] Processing gr_l-46935_1941.html
Saved: RESTRUCTURED_DB/1941/april/gr_l-46935_1941.json
  [65/103] Processing gr_l-46817_1941.html
Saved: RESTRUCTURED_DB/1941/april/G_R__No__46817.json
  [66/103] Processing gr_l-47882_1941.html
Saved: RESTRUCTURED_DB/1941/april/gr_l-47882_1941.json
  [67/103] Processing gr_l-47828_1941.html
Saved: RESTRUCTURED_DB/1941/april/G_R__No__46843.json
  [68/103] Processing gr_l-47806_1941.html
Saved: RESTRUCTURED_DB/1941/april/gr_l-47806_1941.json
  [69/103] Processing gr_l-47743_1941.html
Saved: RESTRUCTURED_DB/1941/april/G_R__No__46592.json
  [70/103] Processing gr_l-47723_1941.html
Saved: RESTRUCTURED_DB/1941/april/gr_l-47723_1941.json
  [71/103] Processing gr_l-47709_1941.html
Saved: RESTRUCTURED_DB/1941/april/gr_l-47709_1941.json
  [72/103] Processing gr_l-47625_1941.html
Saved: RESTRUCTURED_DB/1941/april/gr_l-47625_1941.json
  [73/103] Processing gr_l-47569_1941.html
Saved: RESTRUCTURED_DB/1941/april/G_R__No__37825.json
  [74/103] Processing gr_l-47516_1941.html
Saved: RESTRUCTURED_DB/1941/april/G_R__No__4111.json
  [75/103] Processing gr_l-47459_1941.html
Saved: RESTRUCTURED_DB/1941/april/gr_l-47459_1941.json
  [76/103] Processing gr_l-47413_1941.html
Saved: RESTRUCTURED_DB/1941/april/gr_l-47413_1941.json
  [77/103] Processing gr_l-47398_1941.html
Saved: RESTRUCTURED_DB/1941/april/gr_l-47398_1941.json
  [78/103] Processing gr_l-47960_1941.html
Saved: RESTRUCTURED_DB/1941/april/gr_l-47960_1941.json
  [79/103] Processing gr_l-47919_1941.html
Saved: RESTRUCTURED_DB/1941/april/gr_l-47919_1941.json
  [80/103] Processing gr_l-47896_1941.html
Saved: RESTRUCTURED_DB/1941/april/gr_l-47896_1941.json
  [81/103] Processing gr_l-47869_1941.html
Saved: RESTRUCTURED_DB/1941/april/G_R__No__44965.json
  [82/103] Processing gr_l-47830_1941.html
Saved: RESTRUCTURED_DB/1941/april/gr_l-47830_1941.json
  [83/103] Processing gr_l-47763_1941.html
Saved: RESTRUCTURED_DB/1941/april/gr_l-47763_1941.json
  [84/103] Processing gr_l-47725_1941.html
Saved: RESTRUCTURED_DB/1941/april/gr_l-47725_1941.json
  [85/103] Processing gr_l-47578_1941.html
Saved: RESTRUCTURED_DB/1941/april/gr_l-47578_1941.json
  [86/103] Processing gr_l-47525_1941.html
Saved: RESTRUCTURED_DB/1941/april/gr_l-47525_1941.json
  [87/103] Processing gr_l-47521_1941.html
Saved: RESTRUCTURED_DB/1941/april/gr_l-47521_1941.json
  [88/103] Processing gr_l-47493_1941.html
Saved: RESTRUCTURED_DB/1941/april/gr_l-47493_1941.json
  [89/103] Processing gr_l-47461_1941.html
Saved: RESTRUCTURED_DB/1941/april/gr_l-47461_1941.json
  [90/103] Processing gr_l-47456_1941.html
Saved: RESTRUCTURED_DB/1941/april/gr_l-47456_1941.json
  [91/103] Processing gr_l-47442_1941.html
Saved: RESTRUCTURED_DB/1941/april/gr_l-47442_1941.json
  [92/103] Processing gr_l-47428_1941.html
Saved: RESTRUCTURED_DB/1941/april/gr_l-47428_1941.json
  [93/103] Processing gr_l-47408_1941.html
Saved: RESTRUCTURED_DB/1941/april/gr_l-47408_1941.json
  [94/103] Processing gr_l-47404_1941.html
Saved: RESTRUCTURED_DB/1941/april/gr_l-47404_1941.json
  [95/103] Processing gr_l-47381_1941.html
Saved: RESTRUCTURED_DB/1941/april/gr_l-47381_1941.json
  [96/103] Processing gr_l-47346_1941.html
Saved: RESTRUCTURED_DB/1941/april/gr_l-47346_1941.json
  [97/103] Processing gr_l-47301_1941.html
Saved: RESTRUCTURED_DB/1941/april/gr_l-47301_1941.json
  [98/103] Processing gr_l-47280_1941.html
Saved: RESTRUCTURED_DB/1941/april/gr_l-47280_1941.json
  [99/103] Processing gr_l-47126_1941.html
Saved: RESTRUCTURED_DB/1941/april/gr_l-47126_1941.json
  [100/103] Processing gr_l-47068_1941.html
Saved: RESTRUCTURED_DB/1941/april/gr_l-47068_1941.json
  [101/103] Processing gr_l-46944_1941.html
Saved: RESTRUCTURED_DB/1941/april/gr_l-46944_1941.json
  [102/103] Processing gr_l-46894_1941.html
Saved: RESTRUCTURED_DB/1941/april/gr_l-46894_1941.json
  [103/103] Processing gr_l-45706_1941.html
Saved: RESTRUCTURED_DB/1941/april/gr_l-45706_1941.json
  Completed April: 101 cases

  --- May 1941 ---

=== Scraping Year 1941 ===

--- Processing May 1941 ---
Found 9 potential cases
  [1/9] Processing gr_l-47476_1941.html
Saved: RESTRUCTURED_DB/1941/may/G_R__No__46325.json
  [2/9] Processing gr_l-47275_1941.html
Saved: RESTRUCTURED_DB/1941/may/gr_l-47275_1941.json
  [3/9] Processing gr_l-46899_1941.html
Saved: RESTRUCTURED_DB/1941/may/gr_l-46899_1941.json
  [4/9] Processing gr_l-47996_1941.html
Saved: RESTRUCTURED_DB/1941/may/gr_l-47996_1941.json
  [5/9] Processing gr_l-47938_1941.html
Saved: RESTRUCTURED_DB/1941/may/gr_l-47938_1941.json
  [6/9] Processing gr_l-47687_1941.html
Saved: RESTRUCTURED_DB/1941/may/gr_l-47687_1941.json
  [7/9] Processing gr_l-47575_1941.html
Saved: RESTRUCTURED_DB/1941/may/gr_l-47575_1941.json
  [8/9] Processing gr_l-47412_1941.html
Saved: RESTRUCTURED_DB/1941/may/gr_l-47412_1941.json
  [9/9] Processing gr_l-47669_1941.html
Saved: RESTRUCTURED_DB/1941/may/G_R__No__46252.json
  Completed May: 9 cases

  --- June 1941 ---

=== Scraping Year 1941 ===

--- Processing June 1941 ---
Found 84 potential cases
  [1/84] Processing gr_47790_1941.html
Saved: RESTRUCTURED_DB/1941/june/G_R__No__47790.json
  [2/84] Processing gr_47768_1941.html
Saved: RESTRUCTURED_DB/1941/june/G_R__No__47768.json
  [3/84] Processing gr_47663_1941.html
Saved: RESTRUCTURED_DB/1941/june/G_R__No__47663.json
  [4/84] Processing gr_47637_1941.html
Saved: RESTRUCTURED_DB/1941/june/G_R__No__47637.json
  [5/84] Processing gr_47446_1941.html
Saved: RESTRUCTURED_DB/1941/june/G_R__No__47446.json
  [6/84] Processing gr_47342_1941.html
Saved: RESTRUCTURED_DB/1941/june/G_R__No__47342.json
  [7/84] Processing gr_47966_1941.html
Saved: RESTRUCTURED_DB/1941/june/G_R__No__47966.json
  [8/84] Processing gr_47586_1941.html
Saved: RESTRUCTURED_DB/1941/june/G_R__No__47586.json
  [9/84] Processing gr_47424_1941.html
Saved: RESTRUCTURED_DB/1941/june/G_R__No__47424.json
  [10/84] Processing gr_47269_1941.html
Saved: RESTRUCTURED_DB/1941/june/G_R__No__47269.json
  [11/84] Processing gr_47179_1941.html
Saved: RESTRUCTURED_DB/1941/june/G_R__No__47179.json
  [12/84] Processing gr_48004_1941.html
Saved: RESTRUCTURED_DB/1941/june/G_R__No__48004.json
  [13/84] Processing gr_47971_1941.html
Saved: RESTRUCTURED_DB/1941/june/G_R__No__47971.json
  [14/84] Processing gr_47955-93_1941.html
Saved: RESTRUCTURED_DB/1941/june/G_R__No__47955.json
  [15/84] Processing gr_47931_1941.html
Saved: RESTRUCTURED_DB/1941/june/G_R__No__47931.json
  [16/84] Processing gr_47888_1941.html
Saved: RESTRUCTURED_DB/1941/june/G_R__No__47888.json
  [17/84] Processing gr_47731_1941.html
Saved: RESTRUCTURED_DB/1941/june/G_R__No__47731.json
  [18/84] Processing gr_47701_1941.html
Saved: RESTRUCTURED_DB/1941/june/G_R__No__47701.json
  [19/84] Processing gr_47641_1941.html
Saved: RESTRUCTURED_DB/1941/june/G_R__No__47641.json
  [20/84] Processing gr_47517_1941.html
Saved: RESTRUCTURED_DB/1941/june/G_R__No__47517.json
  [21/84] Processing gr_47501_1941.html
Saved: RESTRUCTURED_DB/1941/june/G_R__No__47501.json
  [22/84] Processing gr_47465_1941.html
Saved: RESTRUCTURED_DB/1941/june/G_R__No__47465.json
  [23/84] Processing gr_47411_1941.html
Saved: RESTRUCTURED_DB/1941/june/G_R__No__47411.json
  [24/84] Processing gr_47409_1941.html
Saved: RESTRUCTURED_DB/1941/june/G_R__No__47409.json
  [25/84] Processing gr_47380_1941.html
Saved: RESTRUCTURED_DB/1941/june/G_R__No__47380.json
  [26/84] Processing gr_47354_1941.html
Saved: RESTRUCTURED_DB/1941/june/G_R__No__47354.json
  [27/84] Processing gr_47338_1941.html
Saved: RESTRUCTURED_DB/1941/june/G_R__No__47338.json
  [28/84] Processing gr_47226_1941.html
Saved: RESTRUCTURED_DB/1941/june/G_R__No__47226.json
  [29/84] Processing gr_47189_1941.html
Saved: RESTRUCTURED_DB/1941/june/G_R__No__47189.json
  [30/84] Processing gr_47058_1941.html
Saved: RESTRUCTURED_DB/1941/june/G_R__No__47058.json
  [31/84] Processing gr_46966_1941.html
Saved: RESTRUCTURED_DB/1941/june/G_R__No__46966.json
  [32/84] Processing gr_48100_1941.html
Saved: RESTRUCTURED_DB/1941/june/G_R__No__48100.json
  [33/84] Processing gr_47819_1941.html
Saved: RESTRUCTURED_DB/1941/june/G_R__No__47819.json
  [34/84] Processing gr_47797_1941.html
Saved: RESTRUCTURED_DB/1941/june/G_R__No__47797.json
  [35/84] Processing gr_47726_1941.html
Saved: RESTRUCTURED_DB/1941/june/G_R__No__47726.json
  [36/84] Processing gr_47683_1941.html
Saved: RESTRUCTURED_DB/1941/june/G_R__No__47683.json
  [37/84] Processing gr_47601_1941.html
Saved: RESTRUCTURED_DB/1941/june/G_R__No__47601.json
  [38/84] Processing gr_47588_1941.html
Saved: RESTRUCTURED_DB/1941/june/G_R__No__47588.json
  [39/84] Processing gr_47538_1941.html
Saved: RESTRUCTURED_DB/1941/june/G_R__No__47538.json
  [40/84] Processing gr_47972_1941.html
Saved: RESTRUCTURED_DB/1941/june/G_R__No__47972.json
  [41/84] Processing gr_47889_1941.html
Saved: RESTRUCTURED_DB/1941/june/G_R__No__47889.json
  [42/84] Processing gr_47848_1941.html
Saved: RESTRUCTURED_DB/1941/june/G_R__No__47848.json
  [43/84] Processing gr_47837_1941.html
Saved: RESTRUCTURED_DB/1941/june/G_R__No__47837.json
  [44/84] Processing gr_47771_1941.html
Saved: RESTRUCTURED_DB/1941/june/G_R__No__47771.json
  [45/84] Processing gr_47745_1941.html
Saved: RESTRUCTURED_DB/1941/june/G_R__No__47745.json
  [46/84] Processing gr_47724_1941.html
Saved: RESTRUCTURED_DB/1941/june/G_R__No__47724.json
  [47/84] Processing gr_47678-79_1941.html
Saved: RESTRUCTURED_DB/1941/june/G_R__No__47678.json
  [48/84] Processing gr_47660_1941.html
Saved: RESTRUCTURED_DB/1941/june/G_R__No__47660.json
  [49/84] Processing gr_47587_1941.html
Saved: RESTRUCTURED_DB/1941/june/G_R__No__47587.json
  [50/84] Processing gr_47580_1941.html
Saved: RESTRUCTURED_DB/1941/june/G_R__No__47580.json
  [51/84] Processing gr_47570_1941.html
Saved: RESTRUCTURED_DB/1941/june/G_R__No__47570.json
  [52/84] Processing gr_47542_1941.html
Saved: RESTRUCTURED_DB/1941/june/G_R__No__47542.json
  [53/84] Processing gr_47432_1941.html
Saved: RESTRUCTURED_DB/1941/june/G_R__No__47432.json
  [54/84] Processing gr_47358_1941.html
Saved: RESTRUCTURED_DB/1941/june/G_R__No__47358.json
  [55/84] Processing gr_47072_1941.html
Saved: RESTRUCTURED_DB/1941/june/G_R__No__47072.json
  [56/84] Processing gr_47965_1941.html
Saved: RESTRUCTURED_DB/1941/june/G_R__No__47965.json
  [57/84] Processing gr_47799_1941.html
Saved: RESTRUCTURED_DB/1941/june/G_R__No__47799.json
  [58/84] Processing gr_47738_1941.html
Saved: RESTRUCTURED_DB/1941/june/G_R__No__47738.json
  [59/84] Processing gr_47734_1941.html
Saved: RESTRUCTURED_DB/1941/june/G_R__No__47734.json
  [60/84] Processing gr_47421_1941.html
Saved: RESTRUCTURED_DB/1941/june/G_R__No__47421.json
  [61/84] Processing gr_47863_1941.html
Saved: RESTRUCTURED_DB/1941/june/G_R__No__47863.json
  [62/84] Processing gr_48027_1941.html
Saved: RESTRUCTURED_DB/1941/june/G_R__No__48027.json
  [63/84] Processing gr_47892_1941.html
Saved: RESTRUCTURED_DB/1941/june/G_R__No__47892.json
  [64/84] Processing gr_47863_1941.html
Saved: RESTRUCTURED_DB/1941/june/G_R__No__47863.json
  [65/84] Processing gr_47862_1941.html
Saved: RESTRUCTURED_DB/1941/june/G_R__No__47862.json
  [66/84] Processing gr_47816_1941.html
Saved: RESTRUCTURED_DB/1941/june/G_R__No__47816.json
  [67/84] Processing gr_47789_1941.html
Saved: RESTRUCTURED_DB/1941/june/G_R__No__47789.json
  [68/84] Processing gr_47780_1941.html
Saved: RESTRUCTURED_DB/1941/june/G_R__No__47780.json
  [69/84] Processing gr_47770_1941.html
Saved: RESTRUCTURED_DB/1941/june/G_R__No__47770.json
  [70/84] Processing gr_47764_1941.html
Saved: RESTRUCTURED_DB/1941/june/G_R__No__47764.json
  [71/84] Processing gr_47762_1941.html
Saved: RESTRUCTURED_DB/1941/june/G_R__No__47762.json
  [72/84] Processing gr_47756_1941.html
Saved: RESTRUCTURED_DB/1941/june/G_R__No__47756.json
  [73/84] Processing gr_47694_1941.html
Saved: RESTRUCTURED_DB/1941/june/G_R__No__47694.json
  [74/84] Processing gr_47689_1941.html
Saved: RESTRUCTURED_DB/1941/june/G_R__No__47689.json
  [75/84] Processing gr_47686_1941.html
Saved: RESTRUCTURED_DB/1941/june/G_R__No__47686.json
  [76/84] Processing gr_47684_1941.html
Saved: RESTRUCTURED_DB/1941/june/G_R__No__47684.json
  [77/84] Processing gr_47646_1941.html
Saved: RESTRUCTURED_DB/1941/june/G_R__No__47646.json
  [78/84] Processing gr_47549_1941.html
Saved: RESTRUCTURED_DB/1941/june/G_R__No__47549.json
  [79/84] Processing gr_47519_1941.html
Saved: RESTRUCTURED_DB/1941/june/G_R__No__47519.json
  [80/84] Processing gr_47317_1941.html
Saved: RESTRUCTURED_DB/1941/june/G_R__No__47317.json
  [81/84] Processing gr_47454_1941.html
Saved: RESTRUCTURED_DB/1941/june/G_R__No__47454.json
  [82/84] Processing gr_47260_1941.html
Saved: RESTRUCTURED_DB/1941/june/G_R__No__47260.json
  [83/84] Processing gr_47038-39_1941.html
Saved: RESTRUCTURED_DB/1941/june/G_R__No__47038.json
  [84/84] Processing gr_47032_1941.html
Saved: RESTRUCTURED_DB/1941/june/G_R__No__47032.json
  Completed June: 83 cases

  --- July 1941 ---

=== Scraping Year 1941 ===

--- Processing July 1941 ---
Found 7 potential cases
  [1/7] Processing gr_47644_1941.html
Saved: RESTRUCTURED_DB/1941/july/G_R__No__47644.json
  [2/7] Processing gr_47792_1941.html
Saved: RESTRUCTURED_DB/1941/july/G_R__No__47792.json
  [3/7] Processing gr_47509_1941.html
Saved: RESTRUCTURED_DB/1941/july/G_R__No__47509.json
  [4/7] Processing gr_47969_1941.html
Saved: RESTRUCTURED_DB/1941/july/G_R__No__47969.json
  [5/7] Processing gr_47070_1941.html
Saved: RESTRUCTURED_DB/1941/july/G_R__No__47070.json
  [6/7] Processing gr_47069_1941.html
Saved: RESTRUCTURED_DB/1941/july/G_R__No__47069.json
  [7/7] Processing gr_47964_1941.html
Saved: RESTRUCTURED_DB/1941/july/G_R__No__47964.json
  Completed July: 7 cases

  --- August 1941 ---

=== Scraping Year 1941 ===

--- Processing August 1941 ---
Found 12 potential cases
  [1/12] Processing ac_635_1941.html
Saved: RESTRUCTURED_DB/1941/august/A_C__No__635.json
  [2/12] Processing gr_47742_1941.html
Saved: RESTRUCTURED_DB/1941/august/G_R__No__47742.json
  [3/12] Processing gr_47368_1941.html
Saved: RESTRUCTURED_DB/1941/august/G_R__No__47368.json
  [4/12] Processing gr_47566_1941.html
Saved: RESTRUCTURED_DB/1941/august/G_R__No__47566.json
  [5/12] Processing gr_48185_1941.html
Saved: RESTRUCTURED_DB/1941/august/G_R__No__48185.json
  [6/12] Processing gr_47293_1941.html
Saved: RESTRUCTURED_DB/1941/august/G_R__No__47293.json
  [7/12] Processing gr_48083_1941.html
Saved: RESTRUCTURED_DB/1941/august/G_R__No__48083.json
  [8/12] Processing gr_47778_1941.html
Saved: RESTRUCTURED_DB/1941/august/G_R__No__47778.json
  [9/12] Processing gr_47765_1941.html
Saved: RESTRUCTURED_DB/1941/august/G_R__No__47765.json
  [10/12] Processing gr_47495_1941.html
Saved: RESTRUCTURED_DB/1941/august/G_R__No__47495.json
  [11/12] Processing gr_47221_1941.html
Saved: RESTRUCTURED_DB/1941/august/G_R__No__47221.json
  [12/12] Processing gr_47514_1941.html
Saved: RESTRUCTURED_DB/1941/august/G_R__No__47514.json
  Completed August: 12 cases

  --- September 1941 ---

=== Scraping Year 1941 ===

--- Processing September 1941 ---
Found 8 potential cases
  [1/8] Processing gr_47742_1941.html
Saved: RESTRUCTURED_DB/1941/september/G_R__No__47742.json
  [2/8] Processing gr_48594_1941.html
Saved: RESTRUCTURED_DB/1941/september/G_R__No__48594.json
  [3/8] Processing gr_47593_1941.html
Saved: RESTRUCTURED_DB/1941/september/G_R__No__47593.json
  [4/8] Processing gr_46787_1941.html
Saved: RESTRUCTURED_DB/1941/september/G_R__No__46787.json
  [5/8] Processing am_849_1941.html
Saved: RESTRUCTURED_DB/1941/september/A_M__No__849.json
  [6/8] Processing gr_47740_1941.html
Saved: RESTRUCTURED_DB/1941/september/G_R__No__47740.json
  [7/8] Processing gr_48071_1941.html
Saved: RESTRUCTURED_DB/1941/september/G_R__No__48071.json
  [8/8] Processing gr_47367_1941.html
Saved: RESTRUCTURED_DB/1941/september/G_R__No__47367.json
  Completed September: 8 cases

  --- October 1941 ---

=== Scraping Year 1941 ===

--- Processing October 1941 ---
Found 29 potential cases
  [1/29] Processing gr_48547_1941.html
Saved: RESTRUCTURED_DB/1941/october/G_R__No__48547.json
  [2/29] Processing gr_48128_1941.html
Saved: RESTRUCTURED_DB/1941/october/G_R__No__48128.json
  [3/29] Processing gr_47978_1941.html
Saved: RESTRUCTURED_DB/1941/october/G_R__No__47978.json
  [4/29] Processing gr_47928_1941.html
Saved: RESTRUCTURED_DB/1941/october/G_R__No__47928.json
  [5/29] Processing gr_48248_1941.html
Saved: RESTRUCTURED_DB/1941/october/G_R__No__48248.json
  [6/29] Processing gr_47953_1941.html
Saved: RESTRUCTURED_DB/1941/october/G_R__No__47953.json
  [7/29] Processing gr_47447-47449_1941.html
Saved: RESTRUCTURED_DB/1941/october/G_R__No__47447.json
  [8/29] Processing gr_48468_1941.html
Saved: RESTRUCTURED_DB/1941/october/G_R__No__48468.json
  [9/29] Processing gr_47004_1941.html
Saved: RESTRUCTURED_DB/1941/october/G_R__No__47004.json
  [10/29] Processing gr_48442_1941.html
Saved: RESTRUCTURED_DB/1941/october/G_R__No__48442.json
  [11/29] Processing gr_48414_1941.html
Saved: RESTRUCTURED_DB/1941/october/G_R__No__48414.json
  [12/29] Processing gr_48367_1941.html
Saved: RESTRUCTURED_DB/1941/october/G_R__No__48367.json
  [13/29] Processing gr_48322_1941.html
Saved: RESTRUCTURED_DB/1941/october/G_R__No__48322.json
  [14/29] Processing gr_47623_1941.html
Saved: RESTRUCTURED_DB/1941/october/G_R__No__47623.json
  [15/29] Processing gr_47616_1941.html
Saved: RESTRUCTURED_DB/1941/october/G_R__No__47616.json
  [16/29] Processing gr_48121_1941.html
Saved: RESTRUCTURED_DB/1941/october/G_R__No__48121.json
  [17/29] Processing gr_47897_1941.html
Saved: RESTRUCTURED_DB/1941/october/G_R__No__47897.json
  [18/29] Processing gr_47018_1941.html
Saved: RESTRUCTURED_DB/1941/october/G_R__No__47018.json
  [19/29] Processing gr_48609_1941.html
Saved: RESTRUCTURED_DB/1941/october/G_R__No__48609.json
  [20/29] Processing gr_48204_1941.html
Saved: RESTRUCTURED_DB/1941/october/G_R__No__48204.json
  [21/29] Processing gr_48170_1941.html
Saved: RESTRUCTURED_DB/1941/october/G_R__No__48170.json
  [22/29] Processing gr_47453_1941.html
Saved: RESTRUCTURED_DB/1941/october/G_R__No__47453.json
  [23/29] Processing gr_48208_1941.html
Saved: RESTRUCTURED_DB/1941/october/G_R__No__48208.json
  [24/29] Processing gr_48634_1941.html
Saved: RESTRUCTURED_DB/1941/october/G_R__No__48634.json
  [25/29] Processing gr_48595_1941.html
Saved: RESTRUCTURED_DB/1941/october/G_R__No__48595.json
  [26/29] Processing gr_47829_1941.html
Saved: RESTRUCTURED_DB/1941/october/G_R__No__47829.json
  [27/29] Processing gr_48607_1941.html
Saved: RESTRUCTURED_DB/1941/october/G_R__No__48607.json
  [28/29] Processing gr_48603_1941.html
Saved: RESTRUCTURED_DB/1941/october/G_R__No__48603.json
  [29/29] Processing gr_48596_1941.html
Saved: RESTRUCTURED_DB/1941/october/G_R__No__48596.json
  Completed October: 29 cases

  --- November 1941 ---

=== Scraping Year 1941 ===

--- Processing November 1941 ---
Found 31 potential cases
  [1/31] Processing gr_47804_1941.html
Saved: RESTRUCTURED_DB/1941/november/gr_47804_1941.json
  [2/31] Processing gr_48147_1941.html
Saved: RESTRUCTURED_DB/1941/november/gr_48147_1941.json
  [3/31] Processing gr_47357_1941.html
Saved: RESTRUCTURED_DB/1941/november/gr_47357_1941.json
  [4/31] Processing gr_47775_1941.html
Saved: RESTRUCTURED_DB/1941/november/G_R__No__47453.json
  [5/31] Processing gr_47976_1941.html
Saved: RESTRUCTURED_DB/1941/november/gr_47976_1941.json
  [6/31] Processing gr_48215_1941.html
Saved: RESTRUCTURED_DB/1941/november/G_R__No__47178.json
  [7/31] Processing gr_48754_1941.html
Saved: RESTRUCTURED_DB/1941/november/G_R__No__45674.json
  [8/31] Processing gr_47887_1941.html
Saved: RESTRUCTURED_DB/1941/november/gr_47887_1941.json
  [9/31] Processing gr_48125_1941.html
Saved: RESTRUCTURED_DB/1941/november/gr_48125_1941.json
  [10/31] Processing gr_48125_1941.html
Saved: RESTRUCTURED_DB/1941/november/gr_48125_1941.json
  [11/31] Processing gr_48125_1941.html
Saved: RESTRUCTURED_DB/1941/november/gr_48125_1941.json
  [12/31] Processing gr_47688_1941.html
Saved: RESTRUCTURED_DB/1941/november/gr_47688_1941.json
  [13/31] Processing gr_47988_1941.html
Saved: RESTRUCTURED_DB/1941/november/G_R__No__47805.json
  [14/31] Processing gr_48641_1941.html
Saved: RESTRUCTURED_DB/1941/november/gr_48641_1941.json
  [15/31] Processing gr_48101_1941.html
Saved: RESTRUCTURED_DB/1941/november/gr_48101_1941.json
  [16/31] Processing gr_48123_1941.html
Saved: RESTRUCTURED_DB/1941/november/G_R__No__48123.json
  [17/31] Processing gr_48395_1941.html
Saved: RESTRUCTURED_DB/1941/november/gr_48395_1941.json
  [18/31] Processing gr_48554_1941.html
Saved: RESTRUCTURED_DB/1941/november/gr_48554_1941.json
  [19/31] Processing gr_47805_1941.html
Saved: RESTRUCTURED_DB/1941/november/gr_47805_1941.json
  [20/31] Processing gr_47813_1941.html
Saved: RESTRUCTURED_DB/1941/november/gr_47813_1941.json
  [21/31] Processing gr_48320_1941.html
Saved: RESTRUCTURED_DB/1941/november/gr_48320_1941.json
  [22/31] Processing gr_48459_1941.html
Saved: RESTRUCTURED_DB/1941/november/gr_48459_1941.json
  [23/31] Processing gr_48456_1941.html
Saved: RESTRUCTURED_DB/1941/november/gr_48456_1941.json
  [24/31] Processing gr_48183_1941.html
Saved: RESTRUCTURED_DB/1941/november/gr_48183_1941.json
  [25/31] Processing gr_48683_1941.html
Saved: RESTRUCTURED_DB/1941/november/gr_48683_1941.json
  [26/31] Processing gr_48306_1941.html
Saved: RESTRUCTURED_DB/1941/november/gr_48306_1941.json
  [27/31] Processing gr_48415_1941.html
Saved: RESTRUCTURED_DB/1941/november/gr_48415_1941.json
  [28/31] Processing gr_48458_1941.html
Saved: RESTRUCTURED_DB/1941/november/gr_48458_1941.json
  [29/31] Processing gr_48662_1941.html
Saved: RESTRUCTURED_DB/1941/november/G_R__No__48609.json
  [30/31] Processing gr_48348_1941.html
Saved: RESTRUCTURED_DB/1941/november/gr_48348_1941.json
  [31/31] Processing gr_48524_1941.html
Saved: RESTRUCTURED_DB/1941/november/gr_48524_1941.json
  Completed November: 29 cases

  --- December 1941 ---

=== Scraping Year 1941 ===

--- Processing December 1941 ---
Found 11 potential cases
  [1/11] Processing gr_481943_1941.html
Saved: RESTRUCTURED_DB/1941/december/G_R__No__481943.json
  [2/11] Processing gr_47568_1941.html
Saved: RESTRUCTURED_DB/1941/december/G_R__No__47568.json
  [3/11] Processing gr_48337_1941.html
Saved: RESTRUCTURED_DB/1941/december/G_R__No__48337.json
  [4/11] Processing gr_48681_1941.html
Saved: RESTRUCTURED_DB/1941/december/G_R__No__48681.json
  [5/11] Processing gr_48526_1941.html
