2025-12-06 14:20:08,703 - INFO - ================================================================================
2025-12-06 14:20:08,703 - INFO - CONTINUOUS SCRAPING SESSION
2025-12-06 14:20:08,703 - INFO - ================================================================================
2025-12-06 14:20:08,703 - INFO - Total cases remaining: 7239
2025-12-06 14:20:08,703 - INFO - Will process: 2000 cases
2025-12-06 14:20:08,703 - INFO - Database path: RESTRUCTURED_DB
2025-12-06 14:20:08,703 - INFO - ================================================================================
2025-12-06 14:20:08,703 - INFO - 
[1/2000] Processing G.R. No. 138792
2025-12-06 14:20:08,703 - INFO -   Title: Dante Guevarra, et al. vs. the Hon. Fourth Division of the S...
2025-12-06 14:20:10,775 - WARNING -   ✗ Could not fetch case from any URL
2025-12-06 14:20:10,776 - INFO - 
[2/2000] Processing G.R. No. 141675
2025-12-06 14:20:10,776 - INFO -   Title: Jesus T. Tanchanco, et al., vs. the Honorable Sandiganbayan ...
2025-12-06 14:20:11,713 - WARNING -   ✗ Could not fetch case from any URL
2025-12-06 14:20:11,714 - INFO - 
[3/2000] Processing G.R. No. 142286
2025-12-06 14:20:11,714 - INFO -   Title: Korea Exchange Bank vs. Hon. Rogelio C. Gonzales, et al....
2025-12-06 14:20:12,652 - WARNING -   ✗ Could not fetch case from any URL
2025-12-06 14:20:12,652 - INFO - 
[4/2000] Processing G.R. No. 142408
2025-12-06 14:20:12,652 - INFO -   Title: Spouses Ricardo Almendrala, et al. vs. Spouses Wing on Ngo, ...
2025-12-06 14:20:13,098 - INFO -   Case already exists: RESTRUCTURED_DB/2005/sep/126850.json
2025-12-06 14:20:13,598 - INFO - 
[5/2000] Processing G.R. No. 142619
2025-12-06 14:20:13,598 - INFO -   Title: Municipality of Taguig, et al. vs. the Hon. Court of Appeals...
2025-12-06 14:20:14,041 - INFO -   Case already exists: RESTRUCTURED_DB/2005/sep/142619.json
2025-12-06 14:20:14,541 - INFO - 
[6/2000] Processing G.R. No. 143573
2025-12-06 14:20:14,541 - INFO -   Title: Gregorio "George" Amante, et al. vs. Bibiano Serwelas...
2025-12-06 14:20:15,479 - WARNING -   ✗ Could not fetch case from any URL
2025-12-06 14:20:15,479 - INFO - 
[7/2000] Processing G.R. No. 148682
2025-12-06 14:20:15,479 - INFO -   Title: People of the Philippines vs. Angel A. Enfermo....
2025-12-06 14:20:16,416 - WARNING -   ✗ Could not fetch case from any URL
2025-12-06 14:20:16,416 - INFO - 
[8/2000] Processing G.R. No. 151373
2025-12-06 14:20:16,417 - INFO -   Title: Department of Health vs. C.V. Canchela and Associates, Archi...
2025-12-06 14:20:17,355 - WARNING -   ✗ Could not fetch case from any URL
2025-12-06 14:20:17,355 - INFO - 
[9/2000] Processing G.R. No. 151809
2025-12-06 14:20:17,355 - INFO -   Title: Presidential Commission on Good Government (PCGG) vs. Sandig...
2025-12-06 14:20:18,295 - WARNING -   ✗ Could not fetch case from any URL
2025-12-06 14:20:18,295 - INFO - 
[10/2000] Processing G.R. No. 153063
2025-12-06 14:20:18,295 - INFO -   Title: Amelia D. De Mesa, et al. vs. Pepsi Cola Products Phils., In...
2025-12-06 14:20:19,233 - WARNING -   ✗ Could not fetch case from any URL
2025-12-06 14:20:19,233 - INFO - 
[11/2000] Processing G.R. No. 156254
2025-12-06 14:20:19,233 - INFO -   Title: Crisanto Rafaelito Gualberto V vs. Court of Appeals, et al....
2025-12-06 14:20:20,170 - WARNING -   ✗ Could not fetch case from any URL
2025-12-06 14:20:20,170 - INFO - 
[12/2000] Processing G.R. No. 160577
2025-12-06 14:20:20,170 - INFO -   Title: Gregorio Singian, Jr. vs. the Honorable Sandiganbayan, et al...
2025-12-06 14:20:21,107 - WARNING -   ✗ Could not fetch case from any URL
2025-12-06 14:20:21,107 - INFO - 
[13/2000] Processing G.R. No. 160929
2025-12-06 14:20:21,107 - INFO -   Title: Rene P. Pondevida vs. the Hon. Sandiganbayan, et al....
2025-12-06 14:20:22,051 - WARNING -   ✗ Could not fetch case from any URL
2025-12-06 14:20:22,051 - INFO - 
[14/2000] Processing G.R. No. 161217
2025-12-06 14:20:22,051 - INFO -   Title: Blucor Minerals Corporation, et al. vs. Alfredo M. Amarilla,...
2025-12-06 14:20:22,991 - WARNING -   ✗ Could not fetch case from any URL
2025-12-06 14:20:22,991 - INFO - 
[15/2000] Processing G.R. No. 161784
2025-12-06 14:20:22,991 - INFO -   Title: Dinah C. Barriga vs. the Honorable Sandiganbayan (4th Divisi...
2025-12-06 14:20:23,929 - WARNING -   ✗ Could not fetch case from any URL
2025-12-06 14:20:23,930 - INFO - 
[16/2000] Processing G.R. No. 163619
2025-12-06 14:20:23,930 - INFO -   Title: In the Matter of the Petition for Disqualification of Tess D...
2025-12-06 14:20:24,867 - WARNING -   ✗ Could not fetch case from any URL
2025-12-06 14:20:24,867 - INFO - 
[17/2000] Processing G.R. No. 164684
2025-12-06 14:20:24,867 - INFO -   Title: Philippine Long Distance Telephone Company, Inc., vs. Antoni...
2025-12-06 14:20:25,804 - WARNING -   ✗ Could not fetch case from any URL
2025-12-06 14:20:25,804 - INFO - 
[18/2000] Processing G.R. No. 165510
2025-12-06 14:20:25,804 - INFO -   Title: Benjamin T. Romualdez vs. Hon. Simeon V. Marcelo, et al....
2025-12-06 14:20:26,742 - WARNING -   ✗ Could not fetch case from any URL
2025-12-06 14:20:26,742 - INFO - 
[19/2000] Processing G.R. No. 166299
2025-12-06 14:20:26,742 - INFO -   Title: Aurelio K. Litonjua Jr., vs. Eduardo K. Litonjua, Sr., et al...
2025-12-06 14:20:27,679 - WARNING -   ✗ Could not fetch case from any URL
2025-12-06 14:20:27,679 - INFO - 
[20/2000] Processing G.R. No. 168056
2025-12-06 14:20:27,679 - INFO -   Title: ABAKADA Guro Party List Officers Samson S. Alcantara, et al....
2025-12-06 14:20:28,989 - INFO -   Case already exists: RESTRUCTURED_DB/2005/sep/168056.json
2025-12-06 14:20:29,489 - INFO - 
[21/2000] Processing G.R. No. 200553
2025-12-06 14:20:29,489 - INFO -   Title: Spouses Gildardo C. Loquellano and Roslina Juliet B. Loquell...
2025-12-06 14:20:30,428 - WARNING -   ✗ Could not fetch case from any URL
2025-12-06 14:20:30,428 - INFO - 
[22/2000] Processing G.R. No. 52341
2025-12-06 14:20:30,428 - INFO -   Title: Delia Preagido et al. vs. Sandiganbayan, et al....
2025-12-06 14:20:31,369 - WARNING -   ✗ Could not fetch case from any URL
2025-12-06 14:20:31,370 - INFO - 
[23/2000] Processing G.R. No. 132361
2025-12-06 14:20:31,370 - INFO -   Title: Eduardo Adriano, et al. vs. Court of Appelas...
2025-12-06 14:20:32,307 - WARNING -   ✗ Could not fetch case from any URL
2025-12-06 14:20:32,307 - INFO - 
[24/2000] Processing G.R. No. 138526
2025-12-06 14:20:32,307 - INFO -   Title: Marcelino Tan vs. Court of Appeals, et al....
2025-12-06 14:20:33,243 - WARNING -   ✗ Could not fetch case from any URL
2025-12-06 14:20:33,244 - INFO - 
[25/2000] Processing G.R. No. 138624
2025-12-06 14:20:33,244 - INFO -   Title: Solomon Torrado, et al. vs. Veronica Baluyot, et al....
2025-12-06 14:20:34,181 - WARNING -   ✗ Could not fetch case from any URL
2025-12-06 14:20:34,181 - INFO - 
[26/2000] Processing G.R. No. 139565
2025-12-06 14:20:34,182 - INFO -   Title: Baltazar N. Endriga, et al. vs. Armita B. Rufino, et al....
2025-12-06 14:20:35,119 - WARNING -   ✗ Could not fetch case from any URL
2025-12-06 14:20:35,119 - INFO - 
[27/2000] Processing G.R. No. 140857
2025-12-06 14:20:35,119 - INFO -   Title: CityTrust Investment Phils. vs. Asianbank Corp...
2025-12-06 14:20:36,061 - WARNING -   ✗ Could not fetch case from any URL
2025-12-06 14:20:36,061 - INFO - 
[28/2000] Processing G.R. No. 141174
2025-12-06 14:20:36,061 - INFO -   Title: Aladdin F. Trinidad, et al. vs. Republic of the Philippines...
2025-12-06 14:20:37,507 - WARNING -   ✗ Could not fetch case from any URL
2025-12-06 14:20:37,507 - INFO - 
[29/2000] Processing G.R. No. 143177
2025-12-06 14:20:37,507 - INFO -   Title: New World Properties etc. vs. Advances Foundation Constructi...
2025-12-06 14:20:38,446 - WARNING -   ✗ Could not fetch case from any URL
2025-12-06 14:20:38,446 - INFO - 
[30/2000] Processing G.R. No. 144300
2025-12-06 14:20:38,446 - INFO -   Title: South Pacific Plastic Mfg. Corp vs. the Manila Electric Co....
2025-12-06 14:20:39,383 - WARNING -   ✗ Could not fetch case from any URL
2025-12-06 14:20:39,383 - INFO - 
[31/2000] Processing G.R. No. 145844
2025-12-06 14:20:39,383 - INFO -   Title: Nagkahiusang Namumuo sa Dasuceco-National et al. vs. Davao S...
2025-12-06 14:20:40,321 - WARNING -   ✗ Could not fetch case from any URL
2025-12-06 14:20:40,321 - INFO - 
[32/2000] Processing G.R. No. 146295
2025-12-06 14:20:40,321 - INFO -   Title: Pepsi-Cola Products Phil., Inc. vs. Court of Appeals, et al....
2025-12-06 14:20:41,257 - WARNING -   ✗ Could not fetch case from any URL
2025-12-06 14:20:41,257 - INFO - 
[33/2000] Processing G.R. No. 151991
2025-12-06 14:20:41,257 - INFO -   Title: Trans-asia Shipping Lines, Inc. vs. Prudential Guarantee and...
2025-12-06 14:20:42,193 - WARNING -   ✗ Could not fetch case from any URL
2025-12-06 14:20:42,194 - INFO - 
[34/2000] Processing G.R. No. 152619
2025-12-06 14:20:42,194 - INFO -   Title: Balite Communal Portal Mining Cooperative vs. Southeast Mind...
2025-12-06 14:20:43,132 - WARNING -   ✗ Could not fetch case from any URL
2025-12-06 14:20:43,133 - INFO - 
[35/2000] Processing G.R. No. 152870
2025-12-06 14:20:43,133 - INFO -   Title: Mines Adjucation Board & its Members vs. Southeast Mindanao ...
2025-12-06 14:20:44,071 - WARNING -   ✗ Could not fetch case from any URL
2025-12-06 14:20:44,071 - INFO - 
[36/2000] Processing G.R. No. 154694
2025-12-06 14:20:44,071 - INFO -   Title: Republic of the Philippines vs. R.A.B. Realty, Inc., et. al....
2025-12-06 14:20:45,010 - WARNING -   ✗ Could not fetch case from any URL
2025-12-06 14:20:45,010 - INFO - 
[37/2000] Processing G.R. No. 155554
2025-12-06 14:20:45,010 - INFO -   Title: Republic of the Philippines vs. Mario N. Misa, et. al....
2025-12-06 14:20:45,947 - WARNING -   ✗ Could not fetch case from any URL
2025-12-06 14:20:45,947 - INFO - 
[38/2000] Processing G.R. No. 155711
2025-12-06 14:20:45,947 - INFO -   Title: Republic of the Philippines vs. Alberto De Los Reyes, et. al...
2025-12-06 14:20:46,886 - WARNING -   ✗ Could not fetch case from any URL
2025-12-06 14:20:46,886 - INFO - 
[39/2000] Processing G.R. No. 156481
2025-12-06 14:20:46,886 - INFO -   Title: Civil Service Commission vs. Camilo P. Cabili, et al....
2025-12-06 14:20:47,823 - WARNING -   ✗ Could not fetch case from any URL
2025-12-06 14:20:47,823 - INFO - 
[40/2000] Processing G.R. No. 158276
2025-12-06 14:20:47,823 - INFO -   Title: Bagong Nagkakaisang Lakas sa Nissan Motors Phils., Inc. vs. ...
2025-12-06 14:20:48,762 - WARNING -   ✗ Could not fetch case from any URL
2025-12-06 14:20:48,762 - INFO - 
[41/2000] Processing G.R. No. 158687
2025-12-06 14:20:48,762 - INFO -   Title: Frisco F. Domalsin vs. Spouses Juanito Valenciano and Amalia...
2025-12-06 14:20:49,413 - INFO -   Case already exists: RESTRUCTURED_DB/2006/jan/158687.json
2025-12-06 14:20:49,913 - INFO - 
[42/2000] Processing G.R. No. 160179
2025-12-06 14:20:49,913 - INFO -   Title: Republic of the Philippines vs. Bank of the Philippine Islan...
2025-12-06 14:20:50,860 - WARNING -   ✗ Could not fetch case from any URL
2025-12-06 14:20:50,860 - INFO - 
[43/2000] Processing G.R. No. 163881
2025-12-06 14:20:50,860 - INFO -   Title: Metro Transit Organization, Inc. vs. Court of Appeals, et al...
2025-12-06 14:20:51,797 - WARNING -   ✗ Could not fetch case from any URL
2025-12-06 14:20:51,797 - INFO - 
[44/2000] Processing G.R. No. 165165
2025-12-06 14:20:51,797 - INFO -   Title: Sps. Johnny Lucero & Nona Ariete vs. Heirs of Estanislao Mil...
2025-12-06 14:20:52,737 - WARNING -   ✗ Could not fetch case from any URL
2025-12-06 14:20:52,737 - INFO - 
[45/2000] Processing G.R. No. 166326
2025-12-06 14:20:52,737 - INFO -   Title: Esmeraldo Rivera, et al. vs. People of the Philippines...
2025-12-06 14:20:52,974 - INFO -   Case already exists: RESTRUCTURED_DB/2006/jan/166326.json
2025-12-06 14:20:53,475 - INFO - 
[46/2000] Processing G.R. No. 166546
2025-12-06 14:20:53,475 - INFO -   Title: People of the Philippines vs. Rogelio Arsayo y Lavaquiz...
2025-12-06 14:20:54,413 - WARNING -   ✗ Could not fetch case from any URL
2025-12-06 14:20:54,413 - INFO - 
[47/2000] Processing G.R. No. 166891
2025-12-06 14:20:54,413 - INFO -   Title: Abdusakur M. Tan, et al. vs. Commission on Elections, et al....
2025-12-06 14:20:55,350 - WARNING -   ✗ Could not fetch case from any URL
2025-12-06 14:20:55,350 - INFO - 
[48/2000] Processing G.R. No. 168737
2025-12-06 14:20:55,350 - INFO -   Title: People of the Philippines vs. Edgardo Barcena y Poca...
2025-12-06 14:20:55,794 - INFO -   Case already exists: RESTRUCTURED_DB/2006/feb/168237.json
2025-12-06 14:20:56,294 - INFO - 
[49/2000] Processing G.R. No. 169083
2025-12-06 14:20:56,294 - INFO -   Title: People of the Philippines vs. Ardel Canuto...
2025-12-06 14:20:57,233 - WARNING -   ✗ Could not fetch case from any URL
2025-12-06 14:20:57,234 - INFO - 
[50/2000] Processing G.R. No. 170191
2025-12-06 14:20:57,234 - INFO -   Title: People of the Philippines vs. Rodolfo Suyu, et al....
2025-12-06 14:20:58,171 - WARNING -   ✗ Could not fetch case from any URL
2025-12-06 14:20:58,171 - INFO - 
[51/2000] Processing G.R. No. 170220
2025-12-06 14:20:58,171 - INFO -   Title: Josefina S. Lubrica vs. Land Bank of the Philippines...
2025-12-06 14:20:58,409 - INFO -   Case already exists: RESTRUCTURED_DB/2006/nov/170220.json
2025-12-06 14:20:58,909 - INFO - 
[52/2000] Processing G.R. No. 170470
2025-12-06 14:20:58,909 - INFO -   Title: People vs. Edna Malngan Mayo...
2025-12-06 14:20:59,846 - WARNING -   ✗ Could not fetch case from any URL
2025-12-06 14:20:59,846 - INFO - 
[53/2000] Processing G.R. No. 170474
2025-12-06 14:20:59,846 - INFO -   Title: People of the Phil. vs. Alex Candaza y Calvadores...
2025-12-06 14:21:00,785 - WARNING -   ✗ Could not fetch case from any URL
2025-12-06 14:21:00,785 - INFO - 
[54/2000] Processing G.R. No. 171400
2025-12-06 14:21:00,785 - INFO -   Title: Alternative Law Groups, Inc. vs. Ermita, Senga & Lomibao...
2025-12-06 14:21:01,725 - WARNING -   ✗ Could not fetch case from any URL
2025-12-06 14:21:01,725 - INFO - 
[55/2000] Processing G.R. No. 171409
2025-12-06 14:21:01,725 - INFO -   Title: Niñez Cacho-Olivares & Tribune Publishing Co., Inc. vs. Ermi...
2025-12-06 14:21:02,662 - WARNING -   ✗ Could not fetch case from any URL
2025-12-06 14:21:02,662 - INFO - 
[56/2000] Processing G.R. No. 171424
2025-12-06 14:21:02,662 - INFO -   Title: Loren Legarda vs. Pres. Gloria Macapagal-Arroyo, et al....
2025-12-06 14:21:04,220 - WARNING -   ✗ Could not fetch case from any URL
2025-12-06 14:21:04,220 - INFO - 
[57/2000] Processing G.R. No. 171483
2025-12-06 14:21:04,220 - INFO -   Title: Kilusang Mayo Uno, et al. vs. Pres. Gloria Macapagal-Arroyo,...
2025-12-06 14:21:05,155 - WARNING -   ✗ Could not fetch case from any URL
2025-12-06 14:21:05,155 - INFO - 
[58/2000] Processing G.R. No. 171485
2025-12-06 14:21:05,156 - INFO -   Title: Francis Joseph G. Escudero, et al. vs. Eduardo R. Ermita, et...
2025-12-06 14:21:06,091 - WARNING -   ✗ Could not fetch case from any URL
2025-12-06 14:21:06,091 - INFO - 
[59/2000] Processing G.R. No. 171489
2025-12-06 14:21:06,091 - INFO -   Title: Jose Anselmo I. Cadiz, et al. vs. Ermita, Senga & Lomibao...
2025-12-06 14:21:07,026 - WARNING -   ✗ Could not fetch case from any URL
2025-12-06 14:21:07,026 - INFO - 
[60/2000] Processing G.R. No. 200487
2025-12-06 14:21:07,026 - INFO -   Title: Biggs Inc. vs. Jay Boncacas, et al./Junnie Arines, et al. v...
2025-12-06 14:21:07,962 - WARNING -   ✗ Could not fetch case from any URL
2025-12-06 14:21:07,962 - INFO - 
[61/2000] Processing G.R. No. 200612
2025-12-06 14:21:07,962 - INFO -   Title: Rafael C. Uy vs. Estate of Vipa Fernandez...
2025-12-06 14:21:08,897 - WARNING -   ✗ Could not fetch case from any URL
2025-12-06 14:21:08,898 - INFO - 
[62/2000] Processing G.R. No. 200676
2025-12-06 14:21:08,898 - INFO -   Title: Spoues Luis G. Batalla and Salvacion Batalla vs. Prudential ...
2025-12-06 14:21:09,833 - WARNING -   ✗ Could not fetch case from any URL
2025-12-06 14:21:09,833 - INFO - 
[63/2000] Processing G.R. No. 126467
2025-12-06 14:21:09,833 - INFO -   Title: Natividad & Enrique Agana vs. Juan Fuentes...
2025-12-06 14:21:10,769 - WARNING -   ✗ Could not fetch case from any URL
2025-12-06 14:21:10,770 - INFO - 
[64/2000] Processing G.R. No. 127590
2025-12-06 14:21:10,770 - INFO -   Title: Miguel Ampil vs. Natividad Agana, et al....
2025-12-06 14:21:11,705 - WARNING -   ✗ Could not fetch case from any URL
2025-12-06 14:21:11,705 - INFO - 
[65/2000] Processing G.R. No. 131913
2025-12-06 14:21:11,705 - INFO -   Title: Sps. D. Guinyawan etc. vs. L. Ayogat et al....
2025-12-06 14:21:12,148 - INFO -   Case already exists: RESTRUCTURED_DB/2007/jun/163663.json
2025-12-06 14:21:12,649 - INFO - 
[66/2000] Processing G.R. No. 134029
2025-12-06 14:21:12,649 - INFO -   Title: Rodolfo San Luis vs. Felecidad Sagalongos...
2025-12-06 14:21:13,584 - WARNING -   ✗ Could not fetch case from any URL
2025-12-06 14:21:13,584 - INFO - 
[67/2000] Processing G.R. No. 135688
2025-12-06 14:21:13,585 - INFO -   Title: Ernesto B. Francisco, Jr. vs. Uem-Mara Phil. Corp., et al....
2025-12-06 14:21:14,027 - INFO -   Case already exists: RESTRUCTURED_DB/2007/oct/159245.json
2025-12-06 14:21:14,528 - INFO - 
[68/2000] Processing G.R. No. 137355
2025-12-06 14:21:14,528 - INFO -   Title: Eugen U. Caballero, et al. vs. Sandiganbayan, et al....
2025-12-06 14:21:14,970 - INFO -   Case already exists: RESTRUCTURED_DB/2007/sep/83754.json
2025-12-06 14:21:15,470 - INFO - 
[69/2000] Processing G.R. No. 140836
2025-12-06 14:21:15,470 - INFO -   Title: Iligan Bay Mfg. Corp. et al vs. Henry Dy....
2025-12-06 14:21:15,914 - INFO -   Case already exists: RESTRUCTURED_DB/2007/jun/119247.json
2025-12-06 14:21:16,414 - INFO - 
[70/2000] Processing G.R. No. 142732
2025-12-06 14:21:16,414 - INFO -   Title: Marilou S. Genuino vs. National Labor Relations Commission, ...
2025-12-06 14:21:16,857 - INFO -   Case already exists: RESTRUCTURED_DB/2007/dec/118023.json
2025-12-06 14:21:17,358 - INFO - 
[71/2000] Processing G.R. No. 145743
2025-12-06 14:21:17,358 - INFO -   Title: Antonio P. Calingin vs. Aniano A. Desierto, et al....
2025-12-06 14:21:17,595 - INFO -   Case already exists: RESTRUCTURED_DB/2007/aug/166062.json
2025-12-06 14:21:18,095 - INFO - 
[72/2000] Processing G.R. No. 149158
2025-12-06 14:21:18,095 - INFO -   Title: Kimberly Independent Labour Union for Solidarity, et al. vs....
2025-12-06 14:21:18,538 - INFO -   Case already exists: RESTRUCTURED_DB/2007/jul/156668.json
2025-12-06 14:21:19,039 - INFO - 
[73/2000] Processing G.R. No. 150329
2025-12-06 14:21:19,039 - INFO -   Title: Ronald K. Go, et al. vs. the Hon. Sandiganbayan, et al....
2025-12-06 14:21:19,277 - INFO -   Case already exists: RESTRUCTURED_DB/2007/sep/116526.json
2025-12-06 14:21:19,777 - INFO - 
[74/2000] Processing G.R. No. 152505
2025-12-06 14:21:19,777 - INFO -   Title: Prudential Guarantee & Assurance Inc. vs. Equinox Land Corpo...
2025-12-06 14:21:20,014 - INFO -   Case already exists: RESTRUCTURED_DB/2007/sep/132358.json
2025-12-06 14:21:20,514 - INFO - 
[75/2000] Processing G.R. No. 152687
2025-12-06 14:21:20,515 - INFO -   Title: Ernesto V. Yu, et al. vs. the Court of Appeals, et al....
2025-12-06 14:21:21,460 - WARNING -   ✗ Could not fetch case from any URL
2025-12-06 14:21:21,460 - INFO - 
[76/2000] Processing G.R. No. 153584
2025-12-06 14:21:21,461 - INFO -   Title: Benigno Mariano, Jr. vs. National Labor Relations Commission...
2025-12-06 14:21:22,395 - WARNING -   ✗ Could not fetch case from any URL
2025-12-06 14:21:22,395 - INFO - 
[77/2000] Processing G.R. No. 154014
2025-12-06 14:21:22,395 - INFO -   Title: Silot Bay Fisherman's Asso. Inc. vs. Republic of the Philipp...
2025-12-06 14:21:23,329 - WARNING -   ✗ Could not fetch case from any URL
2025-12-06 14:21:23,329 - INFO - 
[78/2000] Processing G.R. No. 154150
2025-12-06 14:21:23,329 - INFO -   Title: Nida Alejo, et al. vs. the Hon. Judge Erlinda Pestano-Buted,...
2025-12-06 14:21:23,565 - INFO -   Case already exists: RESTRUCTURED_DB/2007/dec/139381.json
2025-12-06 14:21:24,065 - INFO - 
[79/2000] Processing G.R. No. 155409
2025-12-06 14:21:24,065 - INFO -   Title: V. Maquilan vs. D. Maquilan....
2025-12-06 14:21:24,507 - INFO -   Case already exists: RESTRUCTURED_DB/2007/jun/139676.json
2025-12-06 14:21:25,007 - INFO - 
[80/2000] Processing G.R. No. 156542
2025-12-06 14:21:25,008 - INFO -   Title: Candelaria Q. Da Yot vs. Shell Chemical Co., Inc....
2025-12-06 14:21:25,450 - INFO -   Case already exists: RESTRUCTURED_DB/2007/jun/141523.json
2025-12-06 14:21:25,951 - INFO - 
[81/2000] Processing G.R. No. 156605
2025-12-06 14:21:25,951 - INFO -   Title: Edward T. Marcelo, et al. vs. Sandiganbayan, et al....
2025-12-06 14:21:26,396 - INFO -   Case already exists: RESTRUCTURED_DB/2007/aug/156505.json
2025-12-06 14:21:26,896 - INFO - 
[82/2000] Processing G.R. No. 156689
2025-12-06 14:21:26,896 - INFO -   Title: R. Dimaculangan vs. G. Casalla....
2025-12-06 14:21:27,134 - INFO -   Case already exists: RESTRUCTURED_DB/2007/jun/156752.json
2025-12-06 14:21:27,634 - INFO - 
[83/2000] Processing G.R. No. 157057
2025-12-06 14:21:27,634 - INFO -   Title: Leonidas Epifanio y Lazaro vs. People of the Phil....
2025-12-06 14:21:27,871 - INFO -   Case already exists: RESTRUCTURED_DB/2007/jun/143380.json
2025-12-06 14:21:28,372 - INFO - 
[84/2000] Processing G.R. No. 157370
2025-12-06 14:21:28,372 - INFO -   Title: R. P. Ortiz vs. Court of Appeals, et al....
2025-12-06 14:21:28,611 - INFO -   Case already exists: RESTRUCTURED_DB/2007/jun/142051.json
2025-12-06 14:21:29,111 - INFO - 
[85/2000] Processing G.R. No. 157975
2025-12-06 14:21:29,111 - INFO -   Title: Phil. Transmarine Carriers, Inc. vs. Felicisimo Carilla....
2025-12-06 14:21:29,554 - INFO -   Case already exists: RESTRUCTURED_DB/2007/jun/148893.json
2025-12-06 14:21:30,054 - INFO - 
[86/2000] Processing G.R. No. 158053
2025-12-06 14:21:30,054 - INFO -   Title: Edwin Razon y Lucea vs. People of the Phil....
2025-12-06 14:21:30,499 - INFO -   Case already exists: RESTRUCTURED_DB/2007/jun/147011.json
2025-12-06 14:21:30,999 - INFO - 
[87/2000] Processing G.R. No. 158643
2025-12-06 14:21:30,999 - INFO -   Title: Rosa Baricua, et al. vs. Romeo Caballero, et al....
2025-12-06 14:21:31,236 - INFO -   Case already exists: RESTRUCTURED_DB/2007/jun/151922.json
2025-12-06 14:21:31,736 - INFO - 
[88/2000] Processing G.R. No. 158786
2025-12-06 14:21:31,736 - INFO -   Title: Toyota Motor Phils. Corp. Workers Asso., et al. vs. National...
2025-12-06 14:21:32,388 - INFO -   Case already exists: RESTRUCTURED_DB/2007/oct/102672.json
2025-12-06 14:21:32,888 - INFO - 
[89/2000] Processing G.R. No. 159104
2025-12-06 14:21:32,889 - INFO -   Title: Rodolfo M. Cuenca, et al. vs. the PCGG, et al....
2025-12-06 14:21:33,129 - INFO -   Case already exists: RESTRUCTURED_DB/2007/oct/13516.json
2025-12-06 14:21:33,629 - INFO - 
[90/2000] Processing G.R. No. 159153
2025-12-06 14:21:33,629 - INFO -   Title: Isidro Anadon, et al. vs. Miguelina Herrera, et al....
2025-12-06 14:21:33,865 - INFO -   Case already exists: RESTRUCTURED_DB/2007/jul/159253.json
2025-12-06 14:21:34,365 - INFO - 
[91/2000] Processing G.R. No. 159222
2025-12-06 14:21:34,365 - INFO -   Title: People of the Philippines vs. Rafael Bitanga....
2025-12-06 14:21:34,808 - INFO -   Case already exists: RESTRUCTURED_DB/2007/jun/147995.json
2025-12-06 14:21:35,308 - INFO - 
[92/2000] Processing G.R. No. 163793
2025-12-06 14:21:35,308 - INFO -   Title: Philippine Long Distance Telephone Co. vs. Ernesto Borje...
2025-12-06 14:21:36,243 - WARNING -   ✗ Could not fetch case from any URL
2025-12-06 14:21:36,243 - INFO - 
[93/2000] Processing G.R. No. 164173
2025-12-06 14:21:36,243 - INFO -   Title: Rodolfo S. De Jesus vs. Hon. Sandiganbayan, et al....
2025-12-06 14:21:37,178 - WARNING -   ✗ Could not fetch case from any URL
2025-12-06 14:21:37,178 - INFO - 
[94/2000] Processing G.R. No. 165665
2025-12-06 14:21:37,178 - INFO -   Title: The Hon. A. Romulo, et al. vs. the Hon. Judge Eduardo B. Per...
2025-12-06 14:21:38,113 - WARNING -   ✗ Could not fetch case from any URL
2025-12-06 14:21:38,113 - INFO - 
[95/2000] Processing G.R. No. 167006
2025-12-06 14:21:38,113 - INFO -   Title: Danilo D. Collantes vs. Hon. Simeon Marcelo, et al....
2025-12-06 14:21:38,555 - INFO -   Case already exists: RESTRUCTURED_DB/2007/aug/164664.json
2025-12-06 14:21:39,056 - INFO - 
[96/2000] Processing G.R. No. 167006
2025-12-06 14:21:39,056 - INFO -   Title: Danilo D. Collantes vs. Hon. Simeon Marcelo, et al....
2025-12-06 14:21:39,499 - INFO -   Case already exists: RESTRUCTURED_DB/2007/aug/164664.json
2025-12-06 14:21:39,999 - INFO - 
[97/2000] Processing G.R. No. 167335
2025-12-06 14:21:39,999 - INFO -   Title: Dr. Ulysses A. Brito vs. Office of the Deputy Ombudsman for ...
2025-12-06 14:21:40,442 - INFO -   Case already exists: RESTRUCTURED_DB/2007/jul/173152.json
2025-12-06 14:21:40,942 - INFO - 
[98/2000] Processing G.R. No. 167829
2025-12-06 14:21:40,942 - INFO -   Title: Filipinas (Pre-Fab Bldg.) Systems, Inc. vs. MRT Devt., Corp....
2025-12-06 14:21:41,386 - INFO -   Case already exists: RESTRUCTURED_DB/2007/nov/150978.json
2025-12-06 14:21:41,886 - INFO - 
[99/2000] Processing G.R. No. 167994
2025-12-06 14:21:41,886 - INFO -   Title: Jorge Gonzales vs. Hon. Oscar B. Pimentel, et al....
2025-12-06 14:21:42,821 - WARNING -   ✗ Could not fetch case from any URL
2025-12-06 14:21:42,821 - INFO - 
[100/2000] Processing G.R. No. 168069
2025-12-06 14:21:42,821 - INFO -   Title: Albert Cordero Sy vs. People of the Philippines...
2025-12-06 14:21:43,762 - WARNING -   ✗ Could not fetch case from any URL
2025-12-06 14:21:43,762 - INFO - 
[101/2000] Processing G.R. No. 168543
2025-12-06 14:21:43,762 - INFO -   Title: Jaime Tan vs. People of the Philippines...
2025-12-06 14:21:44,697 - WARNING -   ✗ Could not fetch case from any URL
2025-12-06 14:21:44,697 - INFO - 
[102/2000] Processing G.R. No. 170577
2025-12-06 14:21:44,697 - INFO -   Title: Anthony D. Dee vs. Commission on Election, et al....
2025-12-06 14:21:46,141 - WARNING -   ✗ Could not fetch case from any URL
2025-12-06 14:21:46,141 - INFO - 
[103/2000] Processing G.R. No. 170602
2025-12-06 14:21:46,141 - INFO -   Title: Manuel V. Baviera vs. Standard Chartered Bank, et al....
2025-12-06 14:21:47,078 - WARNING -   ✗ Could not fetch case from any URL
2025-12-06 14:21:47,079 - INFO - 
[104/2000] Processing G.R. No. 170628
2025-12-06 14:21:47,079 - INFO -   Title: NAPOCOR vs. Local Board of Assessment Appeals of Batangas, e...
2025-12-06 14:21:48,016 - WARNING -   ✗ Could not fetch case from any URL
2025-12-06 14:21:48,017 - INFO - 
[105/2000] Processing G.R. No. 171354
2025-12-06 14:21:48,017 - INFO -   Title: Marylou B. Tolentino, M.D. vs. Court of Appeals, et al....
2025-12-06 14:21:48,460 - INFO -   Case already exists: RESTRUCTURED_DB/2007/mar/171354.json
2025-12-06 14:21:48,960 - INFO - 
[106/2000] Processing G.R. No. 175013
2025-12-06 14:21:48,960 - INFO -   Title: Crispin B. Beltran vs. People of the Philippines, et al....
2025-12-06 14:21:49,897 - WARNING -   ✗ Could not fetch case from any URL
2025-12-06 14:21:49,897 - INFO - 
[107/2000] Processing G.R. No. 175181
2025-12-06 14:21:49,897 - INFO -   Title: Metropolitan Bank & Trust Co. Inc. vs. SLGT Holdings, Inc., ...
2025-12-06 14:21:50,341 - INFO -   Case already exists: RESTRUCTURED_DB/2007/sep/104528.json
2025-12-06 14:21:50,842 - INFO - 
[108/2000] Processing G.R. No. 176349
2025-12-06 14:21:50,842 - INFO -   Title: People of the Philippines vs. Orlando Ubina y Aggalut...
2025-12-06 14:21:51,285 - INFO -   Case already exists: RESTRUCTURED_DB/2007/jul/176359.json
2025-12-06 14:21:51,786 - INFO - 
[109/2000] Processing G.R. No. 177314
2025-12-06 14:21:51,786 - INFO -   Title: Loretta Ann P. Rosales vs. Commission on Election...
2025-12-06 14:21:52,727 - WARNING -   ✗ Could not fetch case from any URL
2025-12-06 14:21:52,727 - INFO - 
[110/2000] Processing G.R. No. 200774
2025-12-06 14:21:52,727 - INFO -   Title: German Marine Agencies, Inc., et al. vs. Teodolah R. Caro...
2025-12-06 14:21:53,663 - WARNING -   ✗ Could not fetch case from any URL
2025-12-06 14:21:53,663 - INFO - 
[111/2000] Processing G.R. No. 160811
2025-12-06 14:21:53,663 - INFO -   Title: Ricky Bastian vs. Hon. Court of Appeals, et al....
2025-12-06 14:21:54,106 - INFO -   Case already exists: RESTRUCTURED_DB/2008/apr/160811.json
2025-12-06 14:21:54,607 - INFO - 
[112/2000] Processing G.R. No. 165318
2025-12-06 14:21:54,607 - INFO -   Title: Amando A. Pontaoe and Dr. Alejandro G. Pontaoe vs. Teodora A...
2025-12-06 14:21:55,545 - WARNING -   ✗ Could not fetch case from any URL
2025-12-06 14:21:55,545 - INFO - 
[113/2000] Processing G.R. No. 174649
2025-12-06 14:21:55,545 - INFO -   Title: Leopoldo Jeremias, et al. vs. the Estate of the Late Irene P...
2025-12-06 14:21:56,483 - WARNING -   ✗ Could not fetch case from any URL
2025-12-06 14:21:56,483 - INFO - 
[114/2000] Processing G.R. No. 178628
2025-12-06 14:21:56,483 - INFO -   Title: Bai Sandra S. A. Sema vs. Commission on Elections and Didage...
2025-12-06 14:21:57,422 - WARNING -   ✗ Could not fetch case from any URL
2025-12-06 14:21:57,422 - INFO - 
[115/2000] Processing G.R. No. 20089
2025-12-06 14:21:57,422 - INFO -   Title: Beatriz P. Wassmer, vs. Francisco X. Velez...
2025-12-06 14:21:58,359 - WARNING -   ✗ Could not fetch case from any URL
2025-12-06 14:21:58,360 - INFO - 
[116/2000] Processing G.R. No. 124557
2025-12-06 14:21:58,360 - INFO -   Title: Commissioner of Internal Revenue vs. Court of Appeals, et al...
2025-12-06 14:21:59,297 - WARNING -   ✗ Could not fetch case from any URL
2025-12-06 14:21:59,297 - INFO - 
[117/2000] Processing G.R. No. 131469
2025-12-06 14:21:59,297 - INFO -   Title: Tala Realy Services Corp., et al. vs. Hon. Alicia B. Gonzale...
2025-12-06 14:22:00,234 - WARNING -   ✗ Could not fetch case from any URL
2025-12-06 14:22:00,234 - INFO - 
[118/2000] Processing G.R. No. 140745
2025-12-06 14:22:00,234 - INFO -   Title: City Government of Tagaytay vs. Hon. Eleuterio F. Guerrero, ...
2025-12-06 14:22:01,171 - WARNING -   ✗ Could not fetch case from any URL
2025-12-06 14:22:01,172 - INFO - 
[119/2000] Processing G.R. No. 141018
2025-12-06 14:22:01,172 - INFO -   Title: Associated Citizens Bank vs. BA Finance Corporation, et al....
2025-12-06 14:22:02,110 - WARNING -   ✗ Could not fetch case from any URL
2025-12-06 14:22:02,110 - INFO - 
[120/2000] Processing G.R. No. 141451
2025-12-06 14:22:02,110 - INFO -   Title: Ameurfina Melencio-Herrera, et al. vs. Hon. Eleuterio F. Gue...
2025-12-06 14:22:03,052 - WARNING -   ✗ Could not fetch case from any URL
2025-12-06 14:22:03,052 - INFO - 
[121/2000] Processing G.R. No. 152619
2025-12-06 14:22:03,052 - INFO -   Title: Balite Communal Portal Mining Cooperative vs. Southest Minda...
2025-12-06 14:22:03,989 - WARNING -   ✗ Could not fetch case from any URL
2025-12-06 14:22:03,990 - INFO - 
[122/2000] Processing G.R. No. 152870
2025-12-06 14:22:03,990 - INFO -   Title: The Mines Adjudication Board and Its Members, vs. Southest M...
2025-12-06 14:22:04,926 - WARNING -   ✗ Could not fetch case from any URL
2025-12-06 14:22:04,927 - INFO - 
[123/2000] Processing G.R. No. 155171
2025-12-06 14:22:04,927 - INFO -   Title: Nancy L. Ty vs. Hon. Wenceslao E. Ebabao, etc. et al....
2025-12-06 14:22:05,865 - WARNING -   ✗ Could not fetch case from any URL
2025-12-06 14:22:05,865 - INFO - 
[124/2000] Processing G.R. No. 155201
2025-12-06 14:22:05,865 - INFO -   Title: Tala Realy Services Corp., et al. vs.Banco Filipino Savings ...
2025-12-06 14:22:06,805 - WARNING -   ✗ Could not fetch case from any URL
2025-12-06 14:22:06,805 - INFO - 
[125/2000] Processing G.R. No. 155573
2025-12-06 14:22:06,805 - INFO -   Title: Photokina Marketing Corporation vs. Alfredo L. Benipayo...
2025-12-06 14:22:07,743 - WARNING -   ✗ Could not fetch case from any URL
2025-12-06 14:22:07,743 - INFO - 
[126/2000] Processing G.R. No. 157381
2025-12-06 14:22:07,743 - INFO -   Title: Paterno Lu Ym, Sr., et al. vs. David Lu...
2025-12-06 14:22:08,681 - WARNING -   ✗ Could not fetch case from any URL
2025-12-06 14:22:08,681 - INFO - 
[127/2000] Processing G.R. No. 158252
2025-12-06 14:22:08,681 - INFO -   Title: Philippine Ports Authority vs. Remedios Rosales-Bondoc, et a...
2025-12-06 14:22:09,617 - WARNING -   ✗ Could not fetch case from any URL
2025-12-06 14:22:09,617 - INFO - 
[128/2000] Processing G.R. No. 162047
2025-12-06 14:22:09,617 - INFO -   Title: Joyce Y. Lim, represented by her attorney-in-fact Bernardo M...
2025-12-06 14:22:10,557 - WARNING -   ✗ Could not fetch case from any URL
2025-12-06 14:22:10,557 - INFO - 
[129/2000] Processing G.R. No. 164516
2025-12-06 14:22:10,557 - INFO -   Title: PICOP Resources, Inc. vs. Hon. Heherson T. Alavarez...
2025-12-06 14:22:11,493 - WARNING -   ✗ Could not fetch case from any URL
2025-12-06 14:22:11,493 - INFO - 
[130/2000] Processing G.R. No. 166086
2025-12-06 14:22:11,493 - INFO -   Title: Eleno T. Regidor, Jr. et al. vs. People of the Philippines, ...
2025-12-06 14:22:12,884 - WARNING -   ✗ Could not fetch case from any URL
2025-12-06 14:22:12,884 - INFO - 
[131/2000] Processing G.R. No. 166200
2025-12-06 14:22:12,885 - INFO -   Title: Philippine Ports Authority vs. Hon. Paterno Tac-an, et al.,...
2025-12-06 14:22:13,820 - WARNING -   ✗ Could not fetch case from any URL
2025-12-06 14:22:13,821 - INFO - 
[132/2000] Processing G.R. No. 166481
2025-12-06 14:22:13,821 - INFO -   Title: Clarita P. Navarro vs. Metropolitan Bank & Trust Company...
2025-12-06 14:22:14,756 - WARNING -   ✗ Could not fetch case from any URL
2025-12-06 14:22:14,756 - INFO - 
[133/2000] Processing G.R. No. 166608
2025-12-06 14:22:14,756 - INFO -   Title: Tala Realy Services Corp., et al. vs. Banco Filipino Savings...
2025-12-06 14:22:15,692 - WARNING -   ✗ Could not fetch case from any URL
2025-12-06 14:22:15,692 - INFO - 
[134/2000] Processing G.R. No. 166880
2025-12-06 14:22:15,692 - INFO -   Title: Felix T. Ripalda, et al. vs. People of the Philippines...
2025-12-06 14:22:16,628 - WARNING -   ✗ Could not fetch case from any URL
2025-12-06 14:22:16,629 - INFO - 
[135/2000] Processing G.R. No. 167088
2025-12-06 14:22:16,629 - INFO -   Title: Narcisa A. Grefiel vs. the Hon. Sandiganbayan, et al....
2025-12-06 14:22:17,564 - WARNING -   ✗ Could not fetch case from any URL
2025-12-06 14:22:17,564 - INFO - 
[136/2000] Processing G.R. No. 167505
2025-12-06 14:22:17,564 - INFO -   Title: Damayan ng mga manggagawang bukid sa asyenda Roxas-National ...
2025-12-06 14:22:18,504 - WARNING -   ✗ Could not fetch case from any URL
2025-12-06 14:22:18,504 - INFO - 
[137/2000] Processing G.R. No. 167540
2025-12-06 14:22:18,504 - INFO -   Title: Department of Land Reform, Formerly Department of Agrarian R...
2025-12-06 14:22:19,438 - WARNING -   ✗ Could not fetch case from any URL
2025-12-06 14:22:19,438 - INFO - 
[138/2000] Processing G.R. No. 167543
2025-12-06 14:22:19,438 - INFO -   Title: Katipunan ng mga Magbubukid sa Hacienda Roxas, Inc. (KAMAHAR...
2025-12-06 14:22:20,374 - WARNING -   ✗ Could not fetch case from any URL
2025-12-06 14:22:20,374 - INFO - 
[139/2000] Processing G.R. No. 167570
2025-12-06 14:22:20,374 - INFO -   Title: Jimmy T. Go vs. Luis T. Ramos...
2025-12-06 14:22:21,309 - WARNING -   ✗ Could not fetch case from any URL
2025-12-06 14:22:21,310 - INFO - 
[140/2000] Processing G.R. No. 168272
2025-12-06 14:22:21,310 - INFO -   Title: Rosalina Buenafe, et al. vs. Philippine Ports Authority,...
2025-12-06 14:22:22,246 - WARNING -   ✗ Could not fetch case from any URL
2025-12-06 14:22:22,246 - INFO - 
[141/2000] Processing G.R. No. 168897
2025-12-06 14:22:22,246 - INFO -   Title: E. Ganzon, Inc. vs. united Coconut Planters Bank, et al....
2025-12-06 14:22:23,180 - WARNING -   ✗ Could not fetch case from any URL
2025-12-06 14:22:23,180 - INFO - 
[142/2000] Processing G.R. No. 169019
2025-12-06 14:22:23,180 - INFO -   Title: Heirs of the late Jose Luzuriaga, etc., vs. Republic of the ...
2025-12-06 14:22:24,115 - WARNING -   ✗ Could not fetch case from any URL
2025-12-06 14:22:24,115 - INFO - 
[143/2000] Processing G.R. No. 169163
2025-12-06 14:22:24,115 - INFO -   Title: DAMBA-NFSW/DAMBANFSW), represented by Lauro Martin vs. Roxas...
2025-12-06 14:22:25,049 - WARNING -   ✗ Could not fetch case from any URL
2025-12-06 14:22:25,050 - INFO - 
[144/2000] Processing G.R. No. 169217
2025-12-06 14:22:25,050 - INFO -   Title: Cecilio C. Hernandez, Ma. Victoria C. Hernandez-Sagun and Te...
2025-12-06 14:22:25,984 - WARNING -   ✗ Could not fetch case from any URL
2025-12-06 14:22:25,984 - INFO - 
[145/2000] Processing G.R. No. 170621
2025-12-06 14:22:25,984 - INFO -   Title: Noel Rubber and Development Corp, et al. vs. Jose Esquivel, ...
2025-12-06 14:22:26,919 - WARNING -   ✗ Could not fetch case from any URL
2025-12-06 14:22:26,920 - INFO - 
[146/2000] Processing G.R. No. 170680
2025-12-06 14:22:26,920 - INFO -   Title: Fort Bonifacio Development Corp. vs. Commissioner of Interna...
2025-12-06 14:22:27,856 - WARNING -   ✗ Could not fetch case from any URL
2025-12-06 14:22:27,856 - INFO - 
[147/2000] Processing G.R. No. 170683
2025-12-06 14:22:27,857 - INFO -   Title: Philippine Ports Authority vs. Caroline B. Acosta, et al.,...
2025-12-06 14:22:28,791 - WARNING -   ✗ Could not fetch case from any URL
2025-12-06 14:22:28,792 - INFO - 
[148/2000] Processing G.R. No. 171875
2025-12-06 14:22:28,792 - INFO -   Title: Hon. Angelo T. Reyes vs. Paper Industries Corporation of the...
2025-12-06 14:22:29,727 - WARNING -   ✗ Could not fetch case from any URL
2025-12-06 14:22:29,727 - INFO - 
[149/2000] Processing G.R. No. 171946
2025-12-06 14:22:29,727 - INFO -   Title: Hon. Alipio F. Fernandez, etc., et al. vs. Jimmy T. Go a.k.a...
2025-12-06 14:22:30,662 - WARNING -   ✗ Could not fetch case from any URL
2025-12-06 14:22:30,662 - INFO - 
[150/2000] Processing G.R. No. 173163
2025-12-06 14:22:30,663 - INFO -   Title: Eastern Telecommunications Philippines Inc. vs. Atty. Virgil...
2025-12-06 14:22:31,597 - WARNING -   ✗ Could not fetch case from any URL
2025-12-06 14:22:31,598 - INFO - 
[151/2000] Processing G.R. No. 173607
2025-12-06 14:22:31,598 - INFO -   Title: Melchor G. Say and Josephine G. Say vs. Security Bank and Tr...
2025-12-06 14:22:32,534 - WARNING -   ✗ Could not fetch case from any URL
2025-12-06 14:22:32,534 - INFO - 
[152/2000] Processing G.R. No. 174166
2025-12-06 14:22:32,534 - INFO -   Title: Republic of the Philippines etc. et al. vs. Hon. Court of Ap...
2025-12-06 14:22:33,470 - WARNING -   ✗ Could not fetch case from any URL
2025-12-06 14:22:33,470 - INFO - 
[153/2000] Processing G.R. No. 174298
2025-12-06 14:22:33,470 - INFO -   Title: Sps. Simplicio and Mila Cuaresma vs. White Falcon Services, ...
2025-12-06 14:22:34,407 - WARNING -   ✗ Could not fetch case from any URL
2025-12-06 14:22:34,407 - INFO - 
[154/2000] Processing G.R. No. 174590
2025-12-06 14:22:34,407 - INFO -   Title: Lowe, Inc., et al. vs. Court of Appeals and Irma Mutuc...
2025-12-06 14:22:35,341 - WARNING -   ✗ Could not fetch case from any URL
2025-12-06 14:22:35,341 - INFO - 
[155/2000] Processing G.R. No. 175071
2025-12-06 14:22:35,341 - INFO -   Title: Philippine Stock Exchange, Inc. vs. Finvest Securities Co., ...
2025-12-06 14:22:36,792 - WARNING -   ✗ Could not fetch case from any URL
2025-12-06 14:22:36,792 - INFO - 
[156/2000] Processing G.R. No. 175467
2025-12-06 14:22:36,792 - INFO -   Title: Guido Catuiran y Necudemus vs. People of the Philippines...
2025-12-06 14:22:37,731 - WARNING -   ✗ Could not fetch case from any URL
2025-12-06 14:22:37,732 - INFO - 
[157/2000] Processing G.R. No. 176919
2025-12-06 14:22:37,732 - INFO -   Title: Filipinas (PREFAB) Systems, inc. vs. Continental Cement Corp...
2025-12-06 14:22:38,672 - WARNING -   ✗ Could not fetch case from any URL
2025-12-06 14:22:38,672 - INFO - 
[158/2000] Processing G.R. No. 177133
2025-12-06 14:22:38,672 - INFO -   Title: Citibank, N.A. vs. Spouses Azucena B. Corpuz and Renato S. C...
2025-12-06 14:22:39,611 - WARNING -   ✗ Could not fetch case from any URL
2025-12-06 14:22:39,611 - INFO - 
[159/2000] Processing G.R. No. 177731
2025-12-06 14:22:39,611 - INFO -   Title: Government Service Insurance System vs. Hon. Celso Laviña, P...
2025-12-06 14:22:40,552 - WARNING -   ✗ Could not fetch case from any URL
2025-12-06 14:22:40,552 - INFO - 
[160/2000] Processing G.R. No. 178097
2025-12-06 14:22:40,552 - INFO -   Title: Kumassie Plantation Company Incorporated vs. Land Bank of th...
2025-12-06 14:22:41,493 - WARNING -   ✗ Could not fetch case from any URL
2025-12-06 14:22:41,493 - INFO - 
[161/2000] Processing G.R. No. 178097
2025-12-06 14:22:41,493 - INFO -   Title: Kumassie Plantation Company Incorporated vs. Land Bank of th...
2025-12-06 14:22:42,434 - WARNING -   ✗ Could not fetch case from any URL
2025-12-06 14:22:42,434 - INFO - 
[162/2000] Processing G.R. No. 178935
2025-12-06 14:22:42,434 - INFO -   Title: Oscar A. Ojeda vs. People of the Philippines...
2025-12-06 14:22:43,374 - WARNING -   ✗ Could not fetch case from any URL
2025-12-06 14:22:43,374 - INFO - 
[163/2000] Processing G.R. No. 179120
2025-12-06 14:22:43,374 - INFO -   Title: Biraogo vs. Nograles, et al....
2025-12-06 14:22:44,315 - WARNING -   ✗ Could not fetch case from any URL
2025-12-06 14:22:44,315 - INFO - 
[164/2000] Processing G.R. No. 179120
2025-12-06 14:22:44,315 - INFO -   Title: Louis C. Biraogo vs. Hon. Prospero Nograles and Jocelyn C. L...
2025-12-06 14:22:45,255 - WARNING -   ✗ Could not fetch case from any URL
2025-12-06 14:22:45,255 - INFO - 
[165/2000] Processing G.R. No. 179295
2025-12-06 14:22:45,255 - INFO -   Title: Bayan Muna, et al. vs. Commission on Elections...
2025-12-06 14:22:46,195 - WARNING -   ✗ Could not fetch case from any URL
2025-12-06 14:22:46,195 - INFO - 
[166/2000] Processing G.R. No. 179319
2025-12-06 14:22:46,195 - INFO -   Title: Eugene C. Firaza vs. People of the Philippines...
2025-12-06 14:22:46,638 - INFO -   Case already exists: RESTRUCTURED_DB/2009/sep/179319.json
2025-12-06 14:22:47,138 - INFO - 
[167/2000] Processing G.R. No. 179404
2025-12-06 14:22:47,138 - INFO -   Title: Nataniel B. Juane vs. Iglesia Evangelisca Metodista En Las I...
2025-12-06 14:22:48,084 - WARNING -   ✗ Could not fetch case from any URL
2025-12-06 14:22:48,084 - INFO - 
[168/2000] Processing G.R. No. 179650
2025-12-06 14:22:48,084 - INFO -   Title: DAMBA-NFSW vs. Roxas & Co. Inc....
2025-12-06 14:22:49,024 - WARNING -   ✗ Could not fetch case from any URL
2025-12-06 14:22:49,025 - INFO - 
[169/2000] Processing G.R. No. 180209
2025-12-06 14:22:49,025 - INFO -   Title: Premier Shipping LInes, Inc. vs. National Power Corporation...
2025-12-06 14:22:49,964 - WARNING -   ✗ Could not fetch case from any URL
2025-12-06 14:22:49,965 - INFO - 
[170/2000] Processing G.R. No. 180674
2025-12-06 14:22:49,965 - INFO -   Title: Citinickel Mines and Development Corporation vs. Hon. Judge ...
2025-12-06 14:22:50,904 - WARNING -   ✗ Could not fetch case from any URL
2025-12-06 14:22:50,904 - INFO - 
[171/2000] Processing G.R. No. 180893
2025-12-06 14:22:50,904 - INFO -   Title: Pacific Wide Realty and Development Corporation vs. Puerto A...
2025-12-06 14:22:51,844 - WARNING -   ✗ Could not fetch case from any URL
2025-12-06 14:22:51,844 - INFO - 
[172/2000] Processing G.R. No. 180896
2025-12-06 14:22:51,844 - INFO -   Title: Pioneer Insurance and Surety Corporation vs. Keppel Cebu Shi...
2025-12-06 14:22:52,785 - WARNING -   ✗ Could not fetch case from any URL
2025-12-06 14:22:52,785 - INFO - 
[173/2000] Processing G.R. No. 181141
2025-12-06 14:22:52,785 - INFO -   Title: Platinum Group Metals Corporation vs. Citinickel Mines and D...
2025-12-06 14:22:53,725 - WARNING -   ✗ Could not fetch case from any URL
2025-12-06 14:22:53,725 - INFO - 
[174/2000] Processing G.R. No. 181141
2025-12-06 14:22:53,725 - INFO -   Title: Platinum Group of Metals vs. Citinickel Mines and Developmen...
2025-12-06 14:22:54,665 - WARNING -   ✗ Could not fetch case from any URL
2025-12-06 14:22:54,666 - INFO - 
[175/2000] Processing G.R. No. 181415
2025-12-06 14:22:54,666 - INFO -   Title: Finvest Securities, Co., Inc. vs. Trans-Phil Marine Ent., In...
2025-12-06 14:22:55,607 - WARNING -   ✗ Could not fetch case from any URL
2025-12-06 14:22:55,607 - INFO - 
[176/2000] Processing G.R. No. 181726
2025-12-06 14:22:55,607 - INFO -   Title: Alagad Party-list represented by Diogenes S. Osabel, Preside...
2025-12-06 14:22:56,548 - WARNING -   ✗ Could not fetch case from any URL
2025-12-06 14:22:56,549 - INFO - 
[177/2000] Processing G.R. No. 182001
2025-12-06 14:22:56,549 - INFO -   Title: Ofelia Caunan vs. People of the Philippines, et al....
2025-12-06 14:22:57,489 - WARNING -   ✗ Could not fetch case from any URL
2025-12-06 14:22:57,490 - INFO - 
[178/2000] Processing G.R. No. 182008
2025-12-06 14:22:57,490 - INFO -   Title: Santiago Cua, Sr., et al. vs. Court of Appeals, et al....
2025-12-06 14:22:58,430 - WARNING -   ✗ Could not fetch case from any URL
2025-12-06 14:22:58,430 - INFO - 
[179/2000] Processing G.R. No. 182020
2025-12-06 14:22:58,430 - INFO -   Title: Joey P. Marquez vs. the Sandiganbayan Fourt Division, et al....
2025-12-06 14:22:59,370 - WARNING -   ✗ Could not fetch case from any URL
2025-12-06 14:22:59,370 - INFO - 
[180/2000] Processing G.R. No. 183055
2025-12-06 14:22:59,370 - INFO -   Title: Sen. Ma. Ana Consuelo A.S. Madrigal vs. Sen. Manuel Villar, ...
2025-12-06 14:23:00,310 - WARNING -   ✗ Could not fetch case from any URL
2025-12-06 14:23:00,311 - INFO - 
[181/2000] Processing G.R. No. 183527
2025-12-06 14:23:00,311 - INFO -   Title: Platinum Group Metals Corporation vs. Court of Appeals and P...
2025-12-06 14:23:01,698 - WARNING -   ✗ Could not fetch case from any URL
2025-12-06 14:23:01,698 - INFO - 
[182/2000] Processing G.R. No. 183527
2025-12-06 14:23:01,698 - INFO -   Title: Platinum Group of Metals Corporation vs. Court of Appeals an...
2025-12-06 14:23:02,638 - WARNING -   ✗ Could not fetch case from any URL
2025-12-06 14:23:02,638 - INFO - 
[183/2000] Processing G.R. No. 184275
2025-12-06 14:23:02,638 - INFO -   Title: Security Exchange Commission, et al. vs. Anthony Rosete, et ...
2025-12-06 14:23:03,575 - WARNING -   ✗ Could not fetch case from any URL
2025-12-06 14:23:03,575 - INFO - 
[184/2000] Processing G.R. No. 186016
2025-12-06 14:23:03,575 - INFO -   Title: Salvador Divinagracia, Jr. vs. Commission on Elections and A...
2025-12-06 14:23:04,510 - WARNING -   ✗ Could not fetch case from any URL
2025-12-06 14:23:04,511 - INFO - 
[185/2000] Processing G.R. No. 200972
2025-12-06 14:23:04,511 - INFO -   Title: Philippine National Bank vs. Manuel C. Bulatao...
2025-12-06 14:23:05,446 - WARNING -   ✗ Could not fetch case from any URL
2025-12-06 14:23:05,447 - INFO - 
[186/2000] Processing G.R. No. 200984
2025-12-06 14:23:05,447 - INFO -   Title: Nona S. Ricafort, in her capacity as Chairman of the Board o...
2025-12-06 14:23:06,384 - WARNING -   ✗ Could not fetch case from any URL
2025-12-06 14:23:06,384 - INFO - 
[187/2000] Processing G.R. No. 126467
2025-12-06 14:23:06,384 - INFO -   Title: Professional Services, Inc. vs. the Court of Appeals, et al....
2025-12-06 14:23:07,324 - WARNING -   ✗ Could not fetch case from any URL
2025-12-06 14:23:07,324 - INFO - 
[188/2000] Processing G.R. No. 154662
2025-12-06 14:23:07,324 - INFO -   Title: Land Bank of the Philippines vs. Ramon P. Jacinto...
2025-12-06 14:23:08,261 - WARNING -   ✗ Could not fetch case from any URL
2025-12-06 14:23:08,261 - INFO - 
[189/2000] Processing G.R. No. 158627
2025-12-06 14:23:08,261 - INFO -   Title: People of the Philippines vs. Maritess Martinez y Dulay...
2025-12-06 14:23:08,706 - INFO -   Case already exists: RESTRUCTURED_DB/2010/mar/158627.json
2025-12-06 14:23:09,206 - INFO - 
[190/2000] Processing G.R. No. 160422
2025-12-06 14:23:09,207 - INFO -   Title: Meralco vs. Sps. Edito and Felicidad Chua, et al....
2025-12-06 14:23:10,144 - WARNING -   ✗ Could not fetch case from any URL
2025-12-06 14:23:10,144 - INFO - 
[191/2000] Processing G.R. No. 164747
2025-12-06 14:23:10,144 - INFO -   Title: Mortimer F. Cordero vs. Allan C. Go, doing business under th...
2025-12-06 14:23:11,082 - WARNING -   ✗ Could not fetch case from any URL
2025-12-06 14:23:11,082 - INFO - 
[192/2000] Processing G.R. No. 166536
2025-12-06 14:23:11,083 - INFO -   Title: Flor Martinez, represented by Macario Martinez, authorized r...
2025-12-06 14:23:12,019 - WARNING -   ✗ Could not fetch case from any URL
2025-12-06 14:23:12,019 - INFO - 
[193/2000] Processing G.R. No. 168726
2025-12-06 14:23:12,019 - INFO -   Title: Pio Delos Reyes, represented by heirs Fidel delos Reyes, et ...
2025-12-06 14:23:12,256 - INFO -   Case already exists: RESTRUCTURED_DB/2010/mar/168726.json
2025-12-06 14:23:12,756 - INFO - 
[194/2000] Processing G.R. No. 169202
2025-12-06 14:23:12,756 - INFO -   Title: Ma. Virginia V. Remo vs. the Honorable Secretary of Foreign ...
2025-12-06 14:23:13,199 - INFO -   Case already exists: RESTRUCTURED_DB/2010/mar/169202.json
2025-12-06 14:23:13,700 - INFO - 
[195/2000] Processing G.R. No. 169958
2025-12-06 14:23:13,700 - INFO -   Title: Department of Justice Secretary Raul M. Gonzalez, et al. vs....
2025-12-06 14:23:14,144 - INFO -   Case already exists: RESTRUCTURED_DB/2010/mar/169958.json
2025-12-06 14:23:14,645 - INFO - 
[196/2000] Processing G.R. No. 170673
2025-12-06 14:23:14,645 - INFO -   Title: Presidential Commission on Good Government vs. Silangan Inve...
2025-12-06 14:23:15,582 - WARNING -   ✗ Could not fetch case from any URL
2025-12-06 14:23:15,582 - INFO - 
[197/2000] Processing G.R. No. 174149
2025-12-06 14:23:15,582 - INFO -   Title: J. Tiosejo Investment Corporation vs. Sps. Benjamin and Elea...
2025-12-06 14:23:16,520 - WARNING -   ✗ Could not fetch case from any URL
2025-12-06 14:23:16,520 - INFO - 
[198/2000] Processing G.R. No. 175849
2025-12-06 14:23:16,520 - INFO -   Title: Manuel Almagro, joined by his spouse, Elizabeth Almagro vs. ...
2025-12-06 14:23:17,458 - WARNING -   ✗ Could not fetch case from any URL
2025-12-06 14:23:17,458 - INFO - 
[199/2000] Processing G.R. No. 176640
2025-12-06 14:23:17,458 - INFO -   Title: Antonio A. Aboc vs. Metropolitan Bank and Trust Company / Me...
2025-12-06 14:23:18,394 - WARNING -   ✗ Could not fetch case from any URL
2025-12-06 14:23:18,395 - INFO - 
[200/2000] Processing G.R. No. 176657
2025-12-06 14:23:18,395 - INFO -   Title: Department of Foreign Affairs and Bangko Sentral ng Pilipina...
2025-12-06 14:23:19,048 - INFO -   Case already exists: RESTRUCTURED_DB/2010/sep/176657.json
2025-12-06 14:23:19,549 - INFO - 
[201/2000] Processing G.R. No. 176686
2025-12-06 14:23:19,549 - INFO -   Title: Solar Harvest Incorporated vs. Davao Corrugated Carton Corpo...
2025-12-06 14:23:20,486 - WARNING -   ✗ Could not fetch case from any URL
2025-12-06 14:23:20,486 - INFO - 
[202/2000] Processing G.R. No. 177779
2025-12-06 14:23:20,486 - INFO -   Title: People of the Philippines vs. Felipe Nachor y Omayan...
2025-12-06 14:23:20,725 - INFO -   Case already exists: RESTRUCTURED_DB/2010/dec/177779.json
2025-12-06 14:23:21,225 - INFO - 
[203/2000] Processing G.R. No. 178193
2025-12-06 14:23:21,225 - INFO -   Title: Philippine Coconut Producers Federation, Inc. (COCOFED), et ...
2025-12-06 14:23:22,163 - WARNING -   ✗ Could not fetch case from any URL
2025-12-06 14:23:22,163 - INFO - 
[204/2000] Processing G.R. No. 178274
2025-12-06 14:23:22,163 - INFO -   Title: People of the Philippines vs. Aurelio Matunhay...
2025-12-06 14:23:22,401 - INFO -   Case already exists: RESTRUCTURED_DB/2010/mar/178274.json
2025-12-06 14:23:22,901 - INFO - 
[205/2000] Processing G.R. No. 179045
2025-12-06 14:23:22,901 - INFO -   Title: Commissioner of Internal Revenue vs. Smart Communication, In...
2025-12-06 14:23:23,837 - WARNING -   ✗ Could not fetch case from any URL
2025-12-06 14:23:23,838 - INFO - 
[206/2000] Processing G.R. No. 179792
2025-12-06 14:23:23,838 - INFO -   Title: LNS International Manpower Services vs. Armando Padua, Jr....
2025-12-06 14:23:24,075 - INFO -   Case already exists: RESTRUCTURED_DB/2010/mar/179792.json
2025-12-06 14:23:24,575 - INFO - 
[207/2000] Processing G.R. No. 180443
2025-12-06 14:23:24,575 - INFO -   Title: Luis K. Lokin vs. Commission on Elections, et al....
2025-12-06 14:23:25,512 - WARNING -   ✗ Could not fetch case from any URL
2025-12-06 14:23:25,512 - INFO - 
[208/2000] Processing G.R. No. 180595
2025-12-06 14:23:25,512 - INFO -   Title: Arthur Del Rosario, et al. vs. Hellenor D. Doanto, Jr. et al...
2025-12-06 14:23:25,749 - INFO -   Case already exists: RESTRUCTURED_DB/2010/mar/180595.json
2025-12-06 14:23:26,249 - INFO - 
[209/2000] Processing G.R. No. 180776
2025-12-06 14:23:26,249 - INFO -   Title: Land Bank of the Philippines vs. Domingo and Mamerto Soriano...
2025-12-06 14:23:27,186 - WARNING -   ✗ Could not fetch case from any URL
2025-12-06 14:23:27,186 - INFO - 
[210/2000] Processing G.R. No. 181913
2025-12-06 14:23:27,187 - INFO -   Title: Daniel P. Javellana, Jr. vs. Albino Belen/Albino Belen vs. D...
2025-12-06 14:23:27,631 - INFO -   Case already exists: RESTRUCTURED_DB/2010/mar/181913.json
2025-12-06 14:23:28,131 - INFO - 
[211/2000] Processing G.R. No. 182434
2025-12-06 14:23:28,131 - INFO -   Title: Sultan Yahya "Jerry" M. Tomawis vs. Hon Rasad G. Balindong, ...
2025-12-06 14:23:28,575 - INFO -   Case already exists: RESTRUCTURED_DB/2010/mar/182434.json
2025-12-06 14:23:29,075 - INFO - 
[212/2000] Processing G.R. No. 182948
2025-12-06 14:23:29,075 - INFO -   Title: Gen. Avelino I. Razon, Jr. Chief, Philippine National Police...
2025-12-06 14:23:30,013 - WARNING -   ✗ Could not fetch case from any URL
2025-12-06 14:23:30,013 - INFO - 
[213/2000] Processing G.R. No. 183670
2025-12-06 14:23:30,013 - INFO -   Title: Food Fest Land, Inc. vs. Daniel T. So...
2025-12-06 14:23:30,948 - WARNING -   ✗ Could not fetch case from any URL
2025-12-06 14:23:30,948 - INFO - 
[214/2000] Processing G.R. No. 183713
2025-12-06 14:23:30,948 - INFO -   Title: Edita T. Burgos vs. Chief of Staff of the Armed Forces of th...
2025-12-06 14:23:31,884 - WARNING -   ✗ Could not fetch case from any URL
2025-12-06 14:23:31,885 - INFO - 
[215/2000] Processing G.R. No. 183812
2025-12-06 14:23:31,885 - INFO -   Title: Edita T. Burgos vs. President Gloria Macapagal-Arroyo, et al...
2025-12-06 14:23:33,254 - WARNING -   ✗ Could not fetch case from any URL
2025-12-06 14:23:33,254 - INFO - 
[216/2000] Processing G.R. No. 185012
2025-12-06 14:23:33,254 - INFO -   Title: People of the Philippines vs. Victor Villarino y Mabute...
2025-12-06 14:23:33,699 - INFO -   Case already exists: RESTRUCTURED_DB/2010/mar/185012.json
2025-12-06 14:23:34,199 - INFO - 
[217/2000] Processing G.R. No. 185123
2025-12-06 14:23:34,199 - INFO -   Title: Lenido Lumanog, et al. vs. People of the Philippines/Cesar F...
2025-12-06 14:23:35,137 - WARNING -   ✗ Could not fetch case from any URL
2025-12-06 14:23:35,137 - INFO - 
[218/2000] Processing G.R. No. 186359
2025-12-06 14:23:35,137 - INFO -   Title: Jesus O. Typoco vs. Commission on Elections, et al....
2025-12-06 14:23:35,794 - INFO -   Case already exists: RESTRUCTURED_DB/2010/mar/186359.json
2025-12-06 14:23:36,294 - INFO - 
[219/2000] Processing G.R. No. 186450
2025-12-06 14:23:36,294 - INFO -   Title: National Water Resources Board (NWRB) vs. A.L. Ang Network, ...
2025-12-06 14:23:36,534 - INFO -   Case already exists: RESTRUCTURED_DB/2010/apr/186450.json
2025-12-06 14:23:37,034 - INFO - 
[220/2000] Processing G.R. No. 186526
2025-12-06 14:23:37,034 - INFO -   Title: People of the Philippines vs. Federico Campos y Ranile...
2025-12-06 14:23:37,971 - WARNING -   ✗ Could not fetch case from any URL
2025-12-06 14:23:37,972 - INFO - 
[221/2000] Processing G.R. No. 187961
2025-12-06 14:23:37,972 - INFO -   Title: Mayor Abraham N. Tolentino vs. Commission on Elections, et a...
2025-12-06 14:23:38,910 - WARNING -   ✗ Could not fetch case from any URL
2025-12-06 14:23:38,910 - INFO - 
[222/2000] Processing G.R. No. 187966
2025-12-06 14:23:38,910 - INFO -   Title: Vice-Mayor Celso P. De Castro vs. Commission on Elections, e...
2025-12-06 14:23:39,846 - WARNING -   ✗ Could not fetch case from any URL
2025-12-06 14:23:39,846 - INFO - 
[223/2000] Processing G.R. No. 188900
2025-12-06 14:23:39,846 - INFO -   Title: People of the Philippines vs. Fernando Habana y Orante...
2025-12-06 14:23:40,083 - INFO -   Case already exists: RESTRUCTURED_DB/2010/mar/188900.json
2025-12-06 14:23:40,583 - INFO - 
[224/2000] Processing G.R. No. 190078
2025-12-06 14:23:40,583 - INFO -   Title: Spouses Norman K. Certeza, Jr. et al. vs. Philippines Saving...
2025-12-06 14:23:40,821 - INFO -   Case already exists: RESTRUCTURED_DB/2010/mar/190078.json
2025-12-06 14:23:41,322 - INFO - 
[225/2000] Processing G.R. No. 190582
2025-12-06 14:23:41,322 - INFO -   Title: Ang Ladlad LGBT Party vs. Commission on Elections...
2025-12-06 14:23:42,396 - INFO -   Case already exists: RESTRUCTURED_DB/2010/apr/190582.json
2025-12-06 14:23:42,896 - INFO - 
[226/2000] Processing G.R. No. 191032
2025-12-06 14:23:42,896 - INFO -   Title: Jaime N. Soriano vs. Judicial and Bar Council, et al....
2025-12-06 14:23:43,834 - WARNING -   ✗ Could not fetch case from any URL
2025-12-06 14:23:43,834 - INFO - 
[227/2000] Processing G.R. No. 191057
2025-12-06 14:23:43,834 - INFO -   Title: Philippine Constitution Association (PHILCONSA), vs. Judicia...
2025-12-06 14:23:44,770 - WARNING -   ✗ Could not fetch case from any URL
2025-12-06 14:23:44,771 - INFO - 
[228/2000] Processing G.R. No. 191149
2025-12-06 14:23:44,771 - INFO -   Title: John G. Peralta vs. Judicial and Bar Council, et al....
2025-12-06 14:23:45,708 - WARNING -   ✗ Could not fetch case from any URL
2025-12-06 14:23:45,708 - INFO - 
[229/2000] Processing G.R. No. 191342
2025-12-06 14:23:45,708 - INFO -   Title: Atty. Amador Z. Tolentino, JR., (IBP Governor-Southern Luzon...
2025-12-06 14:23:46,645 - WARNING -   ✗ Could not fetch case from any URL
2025-12-06 14:23:46,646 - INFO - 
[230/2000] Processing G.R. No. 191420
2025-12-06 14:23:46,646 - INFO -   Title: Philippine Bar Association, Inc., vs. Judicial and Bar Counc...
2025-12-06 14:23:47,583 - WARNING -   ✗ Could not fetch case from any URL
2025-12-06 14:23:47,583 - INFO - 
[231/2000] Processing G.R. No. 201021
2025-12-06 14:23:47,583 - INFO -   Title: Pillars Property Corporation vs. Century Communities Corpora...
2025-12-06 14:23:48,521 - WARNING -   ✗ Could not fetch case from any URL
2025-12-06 14:23:48,521 - INFO - 
[232/2000] Processing G.R. No. 201031
2025-12-06 14:23:48,521 - INFO -   Title: Tomas R. Leonidas vs. Tancredo Vargas and Republic of the Ph...
2025-12-06 14:23:49,458 - WARNING -   ✗ Could not fetch case from any URL
2025-12-06 14:23:49,458 - INFO - 
[233/2000] Processing G.R. No. 125078
2025-12-06 14:23:49,458 - INFO -   Title: Bernabe Navida, et al. vs. Shell Oil Co., et al./The Dow Che...
2025-12-06 14:23:49,906 - INFO -   Case already exists: RESTRUCTURED_DB/2011/may/125078.json
2025-12-06 14:23:50,407 - INFO - 
[234/2000] Processing G.R. No. 156375
2025-12-06 14:23:50,407 - INFO -   Title: Dolores Adora Macaslang vs. Renato and Melba Zamora...
2025-12-06 14:23:50,647 - INFO -   Case already exists: RESTRUCTURED_DB/2011/may/156375.json
2025-12-06 14:23:51,147 - INFO - 
[235/2000] Processing G.R. No. 157549
2025-12-06 14:23:51,147 - INFO -   Title: Donnina C. Halley vs. Printwell Inc....
2025-12-06 14:23:51,595 - INFO -   Case already exists: RESTRUCTURED_DB/2011/may/157549.json
2025-12-06 14:23:52,095 - INFO - 
[236/2000] Processing G.R. No. 164281
2025-12-06 14:23:52,095 - INFO -   Title: Jose Teofilo Marcado vs. Court of Appeals, et al./Heirs of J...
2025-12-06 14:23:53,034 - WARNING -   ✗ Could not fetch case from any URL
2025-12-06 14:23:53,034 - INFO - 
[237/2000] Processing G.R. No. 165399
2025-12-06 14:23:53,034 - INFO -   Title: Theron V. Lacson vs. the Hon. Executive Secretary, et al./Ja...
2025-12-06 14:23:53,272 - INFO -   Case already exists: RESTRUCTURED_DB/2011/may/165399.json
2025-12-06 14:23:53,772 - INFO - 
[238/2000] Processing G.R. No. 166355
2025-12-06 14:23:53,773 - INFO -   Title: People of the Philippines vs. Luis J. Morales...
2025-12-06 14:23:54,010 - INFO -   Case already exists: RESTRUCTURED_DB/2011/may/166355.json
2025-12-06 14:23:54,511 - INFO - 
[239/2000] Processing G.R. No. 168666
2025-12-06 14:23:54,511 - INFO -   Title: Luzon Development Bank vs. Angeles Catherine Enriquez / Delt...
2025-12-06 14:23:55,453 - WARNING -   ✗ Could not fetch case from any URL
2025-12-06 14:23:55,453 - INFO - 
[240/2000] Processing G.R. No. 171673
2025-12-06 14:23:55,453 - INFO -   Title: Banahaw Broadcasting Corporation vs. Cayetano PACANa III, et...
2025-12-06 14:23:55,898 - INFO -   Case already exists: RESTRUCTURED_DB/2011/may/171673.json
2025-12-06 14:23:56,398 - INFO - 
[241/2000] Processing G.R. No. 171805
2025-12-06 14:23:56,398 - INFO -   Title: Philippine National Bank vs. Merelo B. Aznar, et al./Merelo ...
2025-12-06 14:23:56,843 - INFO -   Case already exists: RESTRUCTURED_DB/2011/may/171805.json
2025-12-06 14:23:57,343 - INFO - 
[242/2000] Processing G.R. No. 173575
2025-12-06 14:23:57,343 - INFO -   Title: Immaculate Conception Academy, et al. vs. AMA Computer Colle...
2025-12-06 14:23:57,813 - WARNING -   ✗ Could not fetch case from any URL
2025-12-06 14:23:57,813 - INFO - 
[243/2000] Processing G.R. No. 174660
2025-12-06 14:23:57,813 - INFO -   Title: People of the Philippines vs. Ricky Ladiana y Davao, accused...
2025-12-06 14:23:58,260 - INFO -   Case already exists: RESTRUCTURED_DB/2011/may/174660.json
2025-12-06 14:23:58,761 - INFO - 
[244/2000] Processing G.R. No. 175251
2025-12-06 14:23:58,761 - INFO -   Title: Rodolfo Luna vs. Allado Construction Company, Inc. and/or Ra...
2025-12-06 14:23:59,000 - INFO -   Case already exists: RESTRUCTURED_DB/2011/may/175251.json
2025-12-06 14:23:59,501 - INFO - 
[245/2000] Processing G.R. No. 175276
2025-12-06 14:23:59,501 - INFO -   Title: Isabelo L. Galang vs. Land Bank of the Philippines...
2025-12-06 14:23:59,740 - INFO -   Case already exists: RESTRUCTURED_DB/2011/may/175276.json
2025-12-06 14:24:00,240 - INFO - 
[246/2000] Processing G.R. No. 175512
2025-12-06 14:24:00,241 - INFO -   Title: Vallacar Transit, Inc. vs. Jocelyn G. Catubig...
2025-12-06 14:24:00,479 - INFO -   Case already exists: RESTRUCTURED_DB/2011/may/175512.json
2025-12-06 14:24:00,979 - INFO - 
[247/2000] Processing G.R. No. 177191
2025-12-06 14:24:00,979 - INFO -   Title: Michael San Juan y Cruz vs. People of the Philippines...
2025-12-06 14:24:01,219 - INFO -   Case already exists: RESTRUCTURED_DB/2011/may/177191.json
2025-12-06 14:24:01,719 - INFO - 
[248/2000] Processing G.R. No. 177771
2025-12-06 14:24:01,719 - INFO -   Title: People of the Philippines vs. Arielito Alivio, et al....
2025-12-06 14:24:01,958 - INFO -   Case already exists: RESTRUCTURED_DB/2011/may/177771.json
2025-12-06 14:24:02,458 - INFO - 
[249/2000] Processing G.R. No. 178903
2025-12-06 14:24:02,458 - INFO -   Title: Juliet G. Apacible vs. Multimed Industries, et al....
2025-12-06 14:24:02,695 - INFO -   Case already exists: RESTRUCTURED_DB/2011/may/178903.json
2025-12-06 14:24:03,195 - INFO - 
[250/2000] Processing G.R. No. 179024
2025-12-06 14:24:03,195 - INFO -   Title: Estate of Pasto Samson vs. Mercedes & Ruberto Susano/Julian ...
2025-12-06 14:24:03,642 - INFO -   Case already exists: RESTRUCTURED_DB/2011/may/179024.json
2025-12-06 14:24:04,142 - INFO - 
[251/2000] Processing G.R. No. 179532
2025-12-06 14:24:04,142 - INFO -   Title: Claudio S. Yap vs. Thenamaris Ship's Management and Intermar...
2025-12-06 14:24:04,381 - INFO -   Case already exists: RESTRUCTURED_DB/2011/may/179532.json
2025-12-06 14:24:04,881 - INFO - 
[252/2000] Processing G.R. No. 181626
2025-12-06 14:24:04,881 - INFO -   Title: Santiago Paera vs. People of the Philippines...
2025-12-06 14:24:05,119 - INFO -   Case already exists: RESTRUCTURED_DB/2011/may/181626.json
2025-12-06 14:24:05,619 - INFO - 
[253/2000] Processing G.R. No. 182758
2025-12-06 14:24:05,619 - INFO -   Title: Land Bank of the Philippines vs. Heirs of Severino Listana...
2025-12-06 14:24:06,063 - INFO -   Case already exists: RESTRUCTURED_DB/2011/may/182758.json
2025-12-06 14:24:06,563 - INFO - 
[254/2000] Processing G.R. No. 183092
2025-12-06 14:24:06,563 - INFO -   Title: People of the Philippines vs. Antonio Sabella y Bragais...
2025-12-06 14:24:06,800 - INFO -   Case already exists: RESTRUCTURED_DB/2011/may/183092.json
2025-12-06 14:24:07,301 - INFO - 
[255/2000] Processing G.R. No. 183576
2025-12-06 14:24:07,301 - INFO -   Title: Diamond Drilling Corporation of the Philippines vs. Newmont ...
2025-12-06 14:24:07,745 - INFO -   Case already exists: RESTRUCTURED_DB/2011/may/183576.json
2025-12-06 14:24:08,245 - INFO - 
[256/2000] Processing G.R. No. 183811
2025-12-06 14:24:08,245 - INFO -   Title: Rosalia N. Espino vs. Sps. Sharon Sampani Bulut and Celebi B...
2025-12-06 14:24:08,482 - INFO -   Case already exists: RESTRUCTURED_DB/2011/may/183811.json
2025-12-06 14:24:08,982 - INFO - 
[257/2000] Processing G.R. No. 184495
2025-12-06 14:24:08,982 - INFO -   Title: Lt. Col. Rogelio Boac, et al. vs. Erlinda T. Cadapan and Con...
2025-12-06 14:24:09,919 - WARNING -   ✗ Could not fetch case from any URL
2025-12-06 14:24:09,919 - INFO - 
[258/2000] Processing G.R. No. 187720
2025-12-06 14:24:09,919 - INFO -   Title: Trinidad Alicer, et al. vs. Alberto Compas, et al....
2025-12-06 14:24:10,156 - INFO -   Case already exists: RESTRUCTURED_DB/2011/may/187720.json
2025-12-06 14:24:10,656 - INFO - 
[259/2000] Processing G.R. No. 188296
2025-12-06 14:24:10,656 - INFO -   Title: Barangay Captain Beda Torrecampo vs. Metropolitan Waterworks...
2025-12-06 14:24:11,100 - INFO -   Case already exists: RESTRUCTURED_DB/2011/may/188296.json
2025-12-06 14:24:11,600 - INFO - 
[260/2000] Processing G.R. No. 188818
2025-12-06 14:24:11,600 - INFO -   Title: Tomas R. Osmena, in his personal capacity as City Mayor of C...
2025-12-06 14:24:12,043 - INFO -   Case already exists: RESTRUCTURED_DB/2011/may/188818.json
2025-12-06 14:24:12,544 - INFO - 
[261/2000] Processing G.R. No. 189847
2025-12-06 14:24:12,544 - INFO -   Title: People of the Philippines vs. Ernesto Mercado...
2025-12-06 14:24:12,781 - INFO -   Case already exists: RESTRUCTURED_DB/2011/may/189847.json
2025-12-06 14:24:13,281 - INFO - 
[262/2000] Processing G.R. No. 191218
2025-12-06 14:24:13,281 - INFO -   Title: Government Service Insurance System (GSIS), et al. vs. Arwin...
2025-12-06 14:24:13,726 - INFO -   Case already exists: RESTRUCTURED_DB/2011/may/191218.json
2025-12-06 14:24:14,226 - INFO - 
[263/2000] Processing G.R. No. 193105
2025-12-06 14:24:14,227 - INFO -   Title: Clay & Feather International, Inc., et al. vs. Alexander T. ...
2025-12-06 14:24:14,465 - INFO -   Case already exists: RESTRUCTURED_DB/2011/may/193105.json
2025-12-06 14:24:14,965 - INFO - 
[264/2000] Processing G.R. No. 193178
2025-12-06 14:24:14,965 - INFO -   Title: Philippine Savings Bank vs. Sps. Alfredo M. Castillo and Eli...
2025-12-06 14:24:15,408 - INFO -   Case already exists: RESTRUCTURED_DB/2011/may/193178.json
2025-12-06 14:24:15,908 - INFO - 
[265/2000] Processing G.R. No. 201116
2025-12-06 14:24:15,908 - INFO -   Title: Philam Insurance Co., Inc. now Chartis Philippines Insurance...
2025-12-06 14:24:16,846 - WARNING -   ✗ Could not fetch case from any URL
2025-12-06 14:24:16,846 - INFO - 
[266/2000] Processing G.R. No. 201147
2025-12-06 14:24:16,846 - INFO -   Title: People of the Philippines vs. Freddie SernadillaConcurring O...
2025-12-06 14:24:18,296 - WARNING -   ✗ Could not fetch case from any URL
2025-12-06 14:24:18,296 - INFO - 
[267/2000] Processing G.R. No. 201225
2025-12-06 14:24:18,296 - INFO -   Title: Team Sual Corporation vs. Commissioner of Internal Revenue/C...
2025-12-06 14:24:19,235 - WARNING -   ✗ Could not fetch case from any URL
2025-12-06 14:24:19,235 - INFO - 
[268/2000] Processing G.R. No. 147811
2025-12-06 14:24:19,235 - INFO -   Title: Petitioner-Organizations, namely: Pambansang Koalisyon ng mg...
2025-12-06 14:24:20,171 - WARNING -   ✗ Could not fetch case from any URL
2025-12-06 14:24:20,171 - INFO - 
[269/2000] Processing G.R. No. 166642
2025-12-06 14:24:20,171 - INFO -   Title: P.L. Uy Realty Corporation vs. ALS Management and Developmen...
2025-12-06 14:24:21,106 - WARNING -   ✗ Could not fetch case from any URL
2025-12-06 14:24:21,107 - INFO - 
[270/2000] Processing G.R. No. 170892
2025-12-06 14:24:21,107 - INFO -   Title: Philippine National Bank vs. Spouses Cheah Chee Chong and Of...
2025-12-06 14:24:22,042 - WARNING -   ✗ Could not fetch case from any URL
2025-12-06 14:24:22,042 - INFO - 
[271/2000] Processing G.R. No. 174369
2025-12-06 14:24:22,042 - INFO -   Title: People of the Philippines vs. Michael Biglete y Camacho...
2025-12-06 14:24:22,483 - INFO -   Case already exists: RESTRUCTURED_DB/2012/jun/174369.json
2025-12-06 14:24:22,983 - INFO - 
[272/2000] Processing G.R. No. 176184
2025-12-06 14:24:22,983 - INFO -   Title: Romeo E. Paulino vs. NLRC, Philippine Long Distance Co., Inc...
2025-12-06 14:24:23,425 - INFO -   ✓ Saved: RESTRUCTURED_DB/2012/jun/176184.json
2025-12-06 14:24:23,925 - INFO - 
[273/2000] Processing G.R. No. 176251
2025-12-06 14:24:23,925 - INFO -   Title: Alfonso Lagaya y Tamondong vs. People of the Philippines, et...
2025-12-06 14:24:24,371 - INFO -   ✓ Saved: RESTRUCTURED_DB/2012/jul/176251.json
2025-12-06 14:24:24,871 - INFO - 
[274/2000] Processing G.R. No. 176298
2025-12-06 14:24:24,871 - INFO -   Title: Anita L. Miranda vs. People of the Philippines...
2025-12-06 14:24:25,314 - INFO -   ✓ Saved: RESTRUCTURED_DB/2012/jan/176298.json
2025-12-06 14:24:25,814 - INFO - 
[275/2000] Processing G.R. No. 176343
2025-12-06 14:24:25,814 - INFO -   Title: Trade and Investment Development Corporation of the Phil. vs...
2025-12-06 14:24:26,257 - INFO -   ✓ Saved: RESTRUCTURED_DB/2012/sep/176343.json
2025-12-06 14:24:26,757 - INFO - 
[276/2000] Processing G.R. No. 176556
2025-12-06 14:24:26,757 - INFO -   Title: Brigido B. Quia vs. Rita C. Quiao, et al....
2025-12-06 14:24:27,204 - INFO -   ✓ Saved: RESTRUCTURED_DB/2012/jul/176556.json
2025-12-06 14:24:27,704 - INFO - 
[277/2000] Processing G.R. No. 176570
2025-12-06 14:24:27,704 - INFO -   Title: Spouses Ramon Villuga and Mercedita Villuga vs. Kelly Hardwa...
2025-12-06 14:24:27,942 - INFO -   ✓ Saved: RESTRUCTURED_DB/2012/jul/176570.json
2025-12-06 14:24:28,442 - INFO - 
[278/2000] Processing G.R. No. 176579
2025-12-06 14:24:28,442 - INFO -   Title: Heirs of Wilson P. Gamboa vs. Finance Secretary Margarito B....
2025-12-06 14:24:29,333 - INFO -   ✓ Saved: RESTRUCTURED_DB/2012/oct/176579.json
2025-12-06 14:24:29,833 - INFO - 
[279/2000] Processing G.R. No. 176628
2025-12-06 14:24:29,834 - INFO -   Title: Philippine Tourism Authority vs. Philippine Golf Development...
2025-12-06 14:24:30,077 - INFO -   ✓ Saved: RESTRUCTURED_DB/2012/mar/176628.json
2025-12-06 14:24:30,578 - INFO - 
[280/2000] Processing G.R. No. 176671
2025-12-06 14:24:30,578 - INFO -   Title: Apo Cement Corporation vs. Zaldy E. Baptisma...
2025-12-06 14:24:30,818 - INFO -   ✓ Saved: RESTRUCTURED_DB/2012/jun/176671.json
2025-12-06 14:24:31,318 - INFO - 
[281/2000] Processing G.R. No. 176692
2025-12-06 14:24:31,318 - INFO -   Title: Land Bank of the Philippines vs. Veronica Atega Nable...
2025-12-06 14:24:31,560 - INFO -   ✓ Saved: RESTRUCTURED_DB/2012/jun/176692.json
2025-12-06 14:24:32,060 - INFO - 
[282/2000] Processing G.R. No. 176783
2025-12-06 14:24:32,060 - INFO -   Title: Elizabeth Dimaano vs. the Hon. Sandiganbayan and Republic of...
2025-12-06 14:24:32,297 - INFO -   ✓ Saved: RESTRUCTURED_DB/2012/jun/176783.json
2025-12-06 14:24:32,798 - INFO - 
[283/2000] Processing G.R. No. 176791
2025-12-06 14:24:32,798 - INFO -   Title: Communities Cagayan, Inc. vs. Sps. Arsenio (deceased) and An...
2025-12-06 14:24:33,243 - INFO -   ✓ Saved: RESTRUCTURED_DB/2012/nov/176791.json
2025-12-06 14:24:33,743 - INFO - 
[284/2000] Processing G.R. No. 176834
2025-12-06 14:24:33,743 - INFO -   Title: Gotesco Properties, Inc. vs. Sps. Edna and Alberto Moral...
2025-12-06 14:24:33,987 - INFO -   ✓ Saved: RESTRUCTURED_DB/2012/nov/176834.json
2025-12-06 14:24:34,487 - INFO - 
[285/2000] Processing G.R. No. 176893
2025-12-06 14:24:34,487 - INFO -   Title: Vicente Villanueva, Jr. vs. the National Labor Relations Com...
2025-12-06 14:24:36,011 - INFO -   ✓ Saved: RESTRUCTURED_DB/2012/jun/176893.json
2025-12-06 14:24:36,511 - INFO - 
[286/2000] Processing G.R. No. 176898
2025-12-06 14:24:36,512 - INFO -   Title: Goerge S. H. Sy, etc. vs. Autobus Transport System, Inc....
2025-12-06 14:24:36,970 - INFO -   ✓ Saved: RESTRUCTURED_DB/2012/dec/176898.json
2025-12-06 14:24:37,470 - INFO - 
[287/2000] Processing G.R. No. 176949
2025-12-06 14:24:37,470 - INFO -   Title: Asian Construction and Development Corporation vs. Lourdes K...
2025-12-06 14:24:37,708 - INFO -   ✓ Saved: RESTRUCTURED_DB/2012/jun/176949.json
2025-12-06 14:24:38,208 - INFO - 
[288/2000] Processing G.R. No. 176984
2025-12-06 14:24:38,208 - INFO -   Title: Metropolitan Bank and Trust Company vs. Servando Arguelles, ...
2025-12-06 14:24:38,656 - INFO -   ✓ Saved: RESTRUCTURED_DB/2012/aug/176984.json
2025-12-06 14:24:39,156 - INFO - 
[289/2000] Processing G.R. No. 177042
2025-12-06 14:24:39,156 - INFO -   Title: Spouses Crisanto Alcazar and Susana Villamayor vs. Evelyn Ar...
2025-12-06 14:24:39,601 - INFO -   ✓ Saved: RESTRUCTURED_DB/2012/dec/177042.json
2025-12-06 14:24:40,101 - INFO - 
[290/2000] Processing G.R. No. 177086
2025-12-06 14:24:40,101 - INFO -   Title: Albert M. Ching, et al. vs. Felix M. Bantolo, et al....
2025-12-06 14:24:40,545 - INFO -   ✓ Saved: RESTRUCTURED_DB/2012/dec/177086.json
2025-12-06 14:24:41,046 - INFO - 
[291/2000] Processing G.R. No. 177137
2025-12-06 14:24:41,046 - INFO -   Title: People of the Philippines vs. Pedro G. Banig...
2025-12-06 14:24:41,490 - INFO -   ✓ Saved: RESTRUCTURED_DB/2012/aug/177137.json
2025-12-06 14:24:41,991 - INFO - 
[292/2000] Processing G.R. No. 177140
2025-12-06 14:24:41,991 - INFO -   Title: People of the Philippines vs. Alejandro Violeja y Asartin...
2025-12-06 14:24:42,434 - INFO -   ✓ Saved: RESTRUCTURED_DB/2012/oct/177140.json
2025-12-06 14:24:42,934 - INFO - 
[293/2000] Processing G.R. No. 177232
2025-12-06 14:24:42,934 - INFO -   Title: RCJ bus Lines, Incorporated vs. Master Tours and Travel Corp...
2025-12-06 14:24:43,376 - INFO -   ✓ Saved: RESTRUCTURED_DB/2012/oct/177232.json
2025-12-06 14:24:43,876 - INFO - 
[294/2000] Processing G.R. No. 177270
2025-12-06 14:24:43,876 - INFO -   Title: Express Investments III Private Ltd. and Export Development ...
2025-12-06 14:24:44,811 - WARNING -   ✗ Could not fetch case from any URL
2025-12-06 14:24:44,812 - INFO - 
[295/2000] Processing G.R. No. 177320
2025-12-06 14:24:44,812 - INFO -   Title: People of the Philippines vs. Cesar Bautista y Santos...
2025-12-06 14:24:45,255 - INFO -   ✓ Saved: RESTRUCTURED_DB/2012/feb/177320.json
2025-12-06 14:24:45,755 - INFO - 
[296/2000] Processing G.R. No. 177357
2025-12-06 14:24:45,755 - INFO -   Title: People of the Philippines vs. Val Delos Reyes...
2025-12-06 14:24:46,416 - INFO -   ✓ Saved: RESTRUCTURED_DB/2012/oct/177357.json
2025-12-06 14:24:46,917 - INFO - 
[297/2000] Processing G.R. No. 177392
2025-12-06 14:24:46,917 - INFO -   Title: Paz Del Rosario vs.Felix H. LImcaoco, Z. Rojas, Leandrito L....
2025-12-06 14:24:47,359 - INFO -   ✓ Saved: RESTRUCTURED_DB/2012/nov/177392.json
2025-12-06 14:24:47,860 - INFO - 
[298/2000] Processing G.R. No. 177438
2025-12-06 14:24:47,860 - INFO -   Title: Amada Resterio vs. People of the Philippines...
2025-12-06 14:24:48,302 - INFO -   ✓ Saved: RESTRUCTURED_DB/2012/sep/177438.json
2025-12-06 14:24:48,802 - INFO - 
[299/2000] Processing G.R. No. 177498
2025-12-06 14:24:48,802 - INFO -   Title: Stolt-Nielsen Transporation Group, Inc., et al. vs. Sulpecio...
2025-12-06 14:24:49,253 - INFO -   ✓ Saved: RESTRUCTURED_DB/2012/jan/177498.json
2025-12-06 14:24:49,753 - INFO - 
[300/2000] Processing G.R. No. 177578
2025-12-06 14:24:49,753 - INFO -   Title: Magsaysay Maritime Corporation, et al. vs. Oberto S. Lobusta...
2025-12-06 14:24:50,197 - INFO -   ✓ Saved: RESTRUCTURED_DB/2012/jan/177578.json
2025-12-06 14:24:50,697 - INFO - 
[301/2000] Processing G.R. No. 177611
2025-12-06 14:24:50,697 - INFO -   Title: Republic of the Philippines (University of the Philippines) ...
2025-12-06 14:24:51,141 - INFO -   ✓ Saved: RESTRUCTURED_DB/2012/apr/177611.json
2025-12-06 14:24:51,641 - INFO - 
[302/2000] Processing G.R. No. 177657
2025-12-06 14:24:51,642 - INFO -   Title: Sonia V. Seville vs. Commission on Audit, Regional Office VI...
2025-12-06 14:24:51,878 - INFO -   ✓ Saved: RESTRUCTURED_DB/2012/nov/177657.json
2025-12-06 14:24:52,378 - INFO - 
[303/2000] Processing G.R. No. 177711
2025-12-06 14:24:52,378 - INFO -   Title: Suico Industrial Corporation and Spouses Esmeraldo and Eliza...
2025-12-06 14:24:52,825 - INFO -   ✓ Saved: RESTRUCTURED_DB/2012/sep/177711.json
2025-12-06 14:24:53,326 - INFO - 
[304/2000] Processing G.R. No. 177743
2025-12-06 14:24:53,326 - INFO -   Title: People of the Philippines vs. Alfonso Fontanilla y Obaldo...
2025-12-06 14:24:53,769 - INFO -   ✓ Saved: RESTRUCTURED_DB/2012/jan/177743.json
2025-12-06 14:24:54,269 - INFO - 
[305/2000] Processing G.R. No. 177761
2025-12-06 14:24:54,269 - INFO -   Title: People of the Philippines vs. Remedios Tanchanco y Pineda...
2025-12-06 14:24:54,713 - INFO -   ✓ Saved: RESTRUCTURED_DB/2012/apr/177761.json
2025-12-06 14:24:55,213 - INFO - 
[306/2000] Processing G.R. No. 177780
2025-12-06 14:24:55,214 - INFO -   Title: Metropolitan Bank and Trust Co. (Metrobank), represeted by R...
2025-12-06 14:24:55,661 - INFO -   ✓ Saved: RESTRUCTURED_DB/2012/jan/177780.json
2025-12-06 14:24:56,161 - INFO - 
[307/2000] Processing G.R. No. 177839
2025-12-06 14:24:56,162 - INFO -   Title: First Lepanto-Taisho Insurance Corporation (now known as FLT...
2025-12-06 14:24:56,607 - INFO -   ✓ Saved: RESTRUCTURED_DB/2012/jan/177839.json
2025-12-06 14:24:57,107 - INFO - 
[308/2000] Processing G.R. No. 177857
2025-12-06 14:24:57,107 - INFO -   Title: Philippine Coconut Producers Federation, Inc. (COCOFED), et ...
2025-12-06 14:24:57,550 - INFO -   ✓ Saved: RESTRUCTURED_DB/2012/sep/178193.json
2025-12-06 14:24:58,051 - INFO - 
[309/2000] Processing G.R. No. 177903
2025-12-06 14:24:58,051 - INFO -   Title: Heirs of Patricio Asuncion vs. Emiliano De Guzman Raymundo...
2025-12-06 14:24:58,494 - INFO -   ✓ Saved: RESTRUCTURED_DB/2012/aug/177903.json
2025-12-06 14:24:58,994 - INFO - 
[310/2000] Processing G.R. No. 177907
2025-12-06 14:24:58,994 - INFO -   Title: Fair Shipping Corp. and/or Kohyu Marine Co, Ltd. vs. Joselit...
2025-12-06 14:24:59,442 - INFO -   ✓ Saved: RESTRUCTURED_DB/2012/aug/177907.json
2025-12-06 14:24:59,942 - INFO - 
[311/2000] Processing G.R. No. 177936
2025-12-06 14:24:59,942 - INFO -   Title: Starbright Sales Eterprises, Inc. vs. Philippine Realty Corp...
2025-12-06 14:25:00,178 - INFO -   ✓ Saved: RESTRUCTURED_DB/2012/jan/177939.json
2025-12-06 14:25:00,679 - INFO - 
[312/2000] Processing G.R. No. 178021
2025-12-06 14:25:00,679 - INFO -   Title: Republic of the Phil., represented by the Civil Service Comm...
2025-12-06 14:25:01,123 - INFO -   ✓ Saved: RESTRUCTURED_DB/2012/jan/178021.json
2025-12-06 14:25:01,623 - INFO - 
[313/2000] Processing G.R. No. 178046
2025-12-06 14:25:01,623 - INFO -   Title: Land Bank of the Philippines vs. Montinola-Escarilla and Co....
2025-12-06 14:25:02,066 - INFO -   ✓ Saved: RESTRUCTURED_DB/2012/jun/178046.json
2025-12-06 14:25:02,566 - INFO - 
[314/2000] Processing G.R. No. 178193
2025-12-06 14:25:02,566 - INFO -   Title: Philippine Coconut Producers Federation, Inc. (COCOFED), et ...
2025-12-06 14:25:03,503 - WARNING -   ✗ Could not fetch case from any URL
2025-12-06 14:25:03,503 - INFO - 
[315/2000] Processing G.R. No. 178288
2025-12-06 14:25:03,503 - INFO -   Title: Sps. Charlie Fortaleza and Ofelia Fortaleza vs. Sps. Raul La...
2025-12-06 14:25:03,950 - INFO -   ✓ Saved: RESTRUCTURED_DB/2012/aug/178288.json
2025-12-06 14:25:04,450 - INFO - 
[316/2000] Processing G.R. No. 178367
2025-12-06 14:25:04,450 - INFO -   Title: Philippine National Bank vs. Castalloy Technology Corporatio...
2025-12-06 14:25:04,893 - INFO -   ✓ Saved: RESTRUCTURED_DB/2012/mar/178367.json
2025-12-06 14:25:05,393 - INFO - 
[317/2000] Processing G.R. No. 178431
2025-12-06 14:25:05,393 - INFO -   Title: V.C. Ponce Company, Inc. vs. Municipality of Parañaque, et a...
2025-12-06 14:25:05,837 - INFO -   ✓ Saved: RESTRUCTURED_DB/2012/nov/178431.json
2025-12-06 14:25:06,337 - INFO - 
[318/2000] Processing G.R. No. 178477
2025-12-06 14:25:06,337 - INFO -   Title: Heirs of Ramon B. Gayares, represented by Emelinda Gayares, ...
2025-12-06 14:25:06,781 - INFO -   ✓ Saved: RESTRUCTURED_DB/2012/jul/178477.json
2025-12-06 14:25:07,281 - INFO - 
[319/2000] Processing G.R. No. 178584
2025-12-06 14:25:07,281 - INFO -   Title: Associated Marine Office and Seamen's Union of the Philippin...
2025-12-06 14:25:07,724 - INFO -   ✓ Saved: RESTRUCTURED_DB/2012/oct/178584.json
2025-12-06 14:25:08,224 - INFO - 
[320/2000] Processing G.R. No. 178593
2025-12-06 14:25:08,224 - INFO -   Title: Republic of the Philippines, represented by the Privatizatio...
2025-12-06 14:25:08,666 - INFO -   ✓ Saved: RESTRUCTURED_DB/2012/feb/178593.json
2025-12-06 14:25:09,167 - INFO - 
[321/2000] Processing G.R. No. 178607
2025-12-06 14:25:09,167 - INFO -   Title: Dante LA. Jimenez, etc. vs. Hon. Edwin Sorongon, etc., et al...
2025-12-06 14:25:09,610 - INFO -   ✓ Saved: RESTRUCTURED_DB/2012/dec/178607.json
2025-12-06 14:25:10,110 - INFO - 
[322/2000] Processing G.R. No. 178622
2025-12-06 14:25:10,110 - INFO -   Title: Luciano Ladano vs. Felino Neri, et al....
2025-12-06 14:25:10,555 - INFO -   ✓ Saved: RESTRUCTURED_DB/2012/nov/178622.json
2025-12-06 14:25:11,055 - INFO - 
[323/2000] Processing G.R. No. 178626
2025-12-06 14:25:11,055 - INFO -   Title: Cecilia U. Legrama vs. Sandiganbayan and Peoploe of the Phil...
2025-12-06 14:25:11,501 - INFO -   ✓ Saved: RESTRUCTURED_DB/2012/jun/178626.json
2025-12-06 14:25:12,001 - INFO - 
[324/2000] Processing G.R. No. 178630
2025-12-06 14:25:12,001 - INFO -   Title: Rosa F. Mercado vs. Commission on Higher Education...
2025-12-06 14:25:12,450 - INFO -   ✓ Saved: RESTRUCTURED_DB/2012/nov/178630.json
2025-12-06 14:25:12,950 - INFO - 
[325/2000] Processing G.R. No. 178789
2025-12-06 14:25:12,951 - INFO -   Title: Natividad Lim vs. National Power Corporation, Sps. Roberto L...
2025-12-06 14:25:13,187 - INFO -   ✓ Saved: RESTRUCTURED_DB/2012/nov/178789.json
2025-12-06 14:25:13,687 - INFO - 
[326/2000] Processing G.R. No. 178909
2025-12-06 14:25:13,687 - INFO -   Title: Superior Packaging corporation vs. Arnel Balagsay, et al....
2025-12-06 14:25:14,130 - INFO -   ✓ Saved: RESTRUCTURED_DB/2012/oct/178909.json
2025-12-06 14:25:14,630 - INFO - 
[327/2000] Processing G.R. No. 179015
2025-12-06 14:25:14,630 - INFO -   Title: United Coconut Planters Bank vs. Planters Products, Inc., Ja...
2025-12-06 14:25:15,072 - INFO -   ✓ Saved: RESTRUCTURED_DB/2012/jun/179015.json
2025-12-06 14:25:15,572 - INFO - 
[328/2000] Processing G.R. No. 179018
2025-12-06 14:25:15,572 - INFO -   Title: Paglaum Management & Development Corp. and Health Marketing ...
2025-12-06 14:25:16,015 - INFO -   ✓ Saved: RESTRUCTURED_DB/2012/jun/179018.json
2025-12-06 14:25:16,515 - INFO - 
[329/2000] Processing G.R. No. 179054
2025-12-06 14:25:16,516 - INFO -   Title: Bagong Kapisanan sa Punta Tenement, Inc., represented by Enr...
2025-12-06 14:25:17,454 - WARNING -   ✗ Could not fetch case from any URL
2025-12-06 14:25:17,454 - INFO - 
[330/2000] Processing G.R. No. 179059
2025-12-06 14:25:17,454 - INFO -   Title: Victor Rondina vs. People of the Philippines...
2025-12-06 14:25:17,910 - INFO -   ✓ Saved: RESTRUCTURED_DB/2012/jun/179059.json
2025-12-06 14:25:18,410 - INFO - 
[331/2000] Processing G.R. No. 179115
2025-12-06 14:25:18,411 - INFO -   Title: Asia International Auctioneers, Inc. vs. Commissioner of Int...
2025-12-06 14:25:18,854 - INFO -   ✓ Saved: RESTRUCTURED_DB/2012/sep/179115.json
2025-12-06 14:25:19,354 - INFO - 
[332/2000] Processing G.R. No. 179265
2025-12-06 14:25:19,354 - INFO -   Title: People of the Philippines vs. Cristina Gustafsson...
2025-12-06 14:25:19,801 - INFO -   ✓ Saved: RESTRUCTURED_DB/2012/jul/179265.json
2025-12-06 14:25:20,301 - INFO - 
[333/2000] Processing G.R. No. 179469
2025-12-06 14:25:20,301 - INFO -   Title: C.F. Sharp & Co. Inc. and John J. Rocha vs. Pioneer Insuranc...
2025-12-06 14:25:20,743 - INFO -   ✓ Saved: RESTRUCTURED_DB/2012/feb/179469.json
2025-12-06 14:25:21,244 - INFO - 
[334/2000] Processing G.R. No. 179488
2025-12-06 14:25:21,244 - INFO -   Title: Cosco Philippines Shipping, Inc. vs. Kemper Insurance Compan...
2025-12-06 14:25:21,693 - INFO -   ✓ Saved: RESTRUCTURED_DB/2012/apr/179488.json
2025-12-06 14:25:22,194 - INFO - 
[335/2000] Processing G.R. No. 179497
2025-12-06 14:25:22,194 - INFO -   Title: People of the Philippines vs. Renandang Mamaruncas and Penda...
2025-12-06 14:25:22,643 - INFO -   ✓ Saved: RESTRUCTURED_DB/2012/jan/179497.json
2025-12-06 14:25:23,143 - INFO - 
[336/2000] Processing G.R. No. 179545
2025-12-06 14:25:23,143 - INFO -   Title: Engr. Emelyne P. Cayetano, et al. vs. Colegio De San Juan De...
2025-12-06 14:25:23,805 - INFO -   ✓ Saved: RESTRUCTURED_DB/2012/jul/179545.json
2025-12-06 14:25:24,305 - INFO - 
[337/2000] Processing G.R. No. 179579
2025-12-06 14:25:24,305 - INFO -   Title: Commissioner of Customs, et al. vs. Hypermix Feeds Corporati...
2025-12-06 14:25:24,544 - INFO -   ✓ Saved: RESTRUCTURED_DB/2012/feb/179579.json
2025-12-06 14:25:25,045 - INFO - 
[338/2000] Processing G.R. No. 179652
2025-12-06 14:25:25,045 - INFO -   Title: People's Broadcasting Service (Bombo Rado Phils., Inc.) vs. ...
2025-12-06 14:25:25,283 - INFO -   ✓ Saved: RESTRUCTURED_DB/2012/mar/179652.json
2025-12-06 14:25:25,783 - INFO - 
[339/2000] Processing G.R. No. 179677
2025-12-06 14:25:25,783 - INFO -   Title: Romeo M. Montallana vs. Office of the Ombudsman and the Hon....
2025-12-06 14:25:26,029 - INFO -   ✓ Saved: RESTRUCTURED_DB/2012/aug/179677.json
2025-12-06 14:25:26,529 - INFO - 
[340/2000] Processing G.R. No. 179754
2025-12-06 14:25:26,530 - INFO -   Title: Joaquin G. Chung, Jr., et al. vs. Jack Daniel Mondragon, et ...
2025-12-06 14:25:26,780 - INFO -   ✓ Saved: RESTRUCTURED_DB/2012/nov/179754.json
2025-12-06 14:25:27,280 - INFO - 
[341/2000] Processing G.R. No. 179884
2025-12-06 14:25:27,280 - INFO -   Title: Durawood Construction and Lumber Supply, Inc. vs. Candice S....
2025-12-06 14:25:27,733 - INFO -   ✓ Saved: RESTRUCTURED_DB/2012/jan/179884.json
2025-12-06 14:25:28,233 - INFO - 
[342/2000] Processing G.R. No. 179936
2025-12-06 14:25:28,234 - INFO -   Title: People of the Philippines vs. Jamad Jandal Abedin...
2025-12-06 14:25:28,678 - INFO -   ✓ Saved: RESTRUCTURED_DB/2012/apr/179936.json
2025-12-06 14:25:29,178 - INFO - 
[343/2000] Processing G.R. No. 180027
2025-12-06 14:25:29,178 - INFO -   Title: Republic of the Philippines vs. Michael C. Santos, et al., e...
2025-12-06 14:25:29,622 - INFO -   ✓ Saved: RESTRUCTURED_DB/2012/jul/180027.json
2025-12-06 14:25:30,122 - INFO - 
[344/2000] Processing G.R. No. 180036
2025-12-06 14:25:30,122 - INFO -   Title: Situs Development Corporation, et al. vs. Asiatrust Bank, et...
2025-12-06 14:25:30,567 - INFO -   ✓ Saved: RESTRUCTURED_DB/2012/jul/180036.json
2025-12-06 14:25:31,067 - INFO - 
[345/2000] Processing G.R. No. 180076
2025-12-06 14:25:31,067 - INFO -   Title: Dionisio Manaquil, et al. vs. Roberto Moico...
2025-12-06 14:25:31,956 - INFO -   ✓ Saved: RESTRUCTURED_DB/2012/nov/180076.json
2025-12-06 14:25:32,456 - INFO - 
[346/2000] Processing G.R. No. 180157
2025-12-06 14:25:32,456 - INFO -   Title: Equitable Cardnetwork, Inc. vs. Josefa Borromeo Capistrano...
2025-12-06 14:25:32,901 - INFO -   ✓ Saved: RESTRUCTURED_DB/2012/feb/180157.json
2025-12-06 14:25:33,401 - INFO - 
[347/2000] Processing G.R. No. 180168
2025-12-06 14:25:33,401 - INFO -   Title: Manila International Airport vs. Avia Filipinas Internationa...
2025-12-06 14:25:33,844 - INFO -   ✓ Saved: RESTRUCTURED_DB/2012/feb/180168.json
2025-12-06 14:25:34,345 - INFO - 
[348/2000] Processing G.R. No. 180177
2025-12-06 14:25:34,345 - INFO -   Title: Rogelio S. Reyes vs. the Hon. Court of Appeals...
2025-12-06 14:25:34,790 - INFO -   ✓ Saved: RESTRUCTURED_DB/2012/apr/180177.json
2025-12-06 14:25:35,290 - INFO - 
[349/2000] Processing G.R. No. 180245
2025-12-06 14:25:35,290 - INFO -   Title: Philippine International Air Terminals Co., Inc. vs. Tekanak...
2025-12-06 14:25:35,734 - INFO -   ✓ Saved: RESTRUCTURED_DB/2012/jul/180245.json
2025-12-06 14:25:36,235 - INFO - 
[350/2000] Processing G.R. No. 180308
2025-12-06 14:25:36,235 - INFO -   Title: Philcomsat Holdings Corporation, et al. vs. Senate of the Ph...
2025-12-06 14:25:36,472 - INFO -   ✓ Saved: RESTRUCTURED_DB/2012/jun/180308.json
2025-12-06 14:25:36,972 - INFO - 
[351/2000] Processing G.R. No. 180440
2025-12-06 14:25:36,973 - INFO -   Title: Dr. Genevieve L. Huang vs. Philippine Hoteliers, Inc., et al...
2025-12-06 14:25:37,629 - INFO -   ✓ Saved: RESTRUCTURED_DB/2012/dec/180440.json
2025-12-06 14:25:38,129 - INFO - 
[352/2000] Processing G.R. No. 180572
2025-12-06 14:25:38,129 - INFO -   Title: Sps. Erlando A. Abrenica and Joena B. Abrenica vs. Law Firm ...
2025-12-06 14:25:38,369 - INFO -   ✓ Saved: RESTRUCTURED_DB/2012/jun/180572.json
2025-12-06 14:25:38,870 - INFO - 
[353/2000] Processing G.R. No. 180614
2025-12-06 14:25:38,870 - INFO -   Title: Leonardo Notarte, et al. vs. Godofredo Notarte...
2025-12-06 14:25:39,317 - INFO -   ✓ Saved: RESTRUCTURED_DB/2012/aug/180614.json
2025-12-06 14:25:39,817 - INFO - 
[354/2000] Processing G.R. No. 180615
2025-12-06 14:25:39,817 - INFO -   Title: National Housing Authority vs. Jose R. Evangelista...
2025-12-06 14:25:40,061 - INFO -   ✓ Saved: RESTRUCTURED_DB/2012/jun/180615.json
2025-12-06 14:25:40,561 - INFO - 
[355/2000] Processing G.R. No. 180631
2025-12-06 14:25:40,561 - INFO -   Title: Philippine Charter Insurance Corporation vs. Central College...
2025-12-06 14:25:41,007 - INFO -   ✓ Saved: RESTRUCTURED_DB/2012/feb/187116.json
2025-12-06 14:25:41,508 - INFO - 
[356/2000] Processing G.R. No. 180705
2025-12-06 14:25:41,508 - INFO -   Title: Eduardo M. Cojuangco, Jr. vs. Republic of the Phillipines...
2025-12-06 14:25:42,164 - INFO -   ✓ Saved: RESTRUCTURED_DB/2012/nov/180705.json
2025-12-06 14:25:42,664 - INFO - 
[357/2000] Processing G.R. No. 180784
2025-12-06 14:25:42,664 - INFO -   Title: Insurance Company of North America vs. Asian Terminals, Inc....
2025-12-06 14:25:42,913 - INFO -   ✓ Saved: RESTRUCTURED_DB/2012/feb/180784.json
2025-12-06 14:25:43,413 - INFO - 
[358/2000] Processing G.R. No. 180804
2025-12-06 14:25:43,414 - INFO -   Title: Land Bank of the Philippines vs. Sps. Rokaya and Sulaiman Bo...
2025-12-06 14:25:43,653 - INFO -   ✓ Saved: RESTRUCTURED_DB/2012/nov/180804.json
2025-12-06 14:25:44,153 - INFO - 
[359/2000] Processing G.R. No. 180898
2025-12-06 14:25:44,154 - INFO -   Title: Philippine Charter Insurance Corporation vs. Petroleum Distr...
2025-12-06 14:25:44,599 - INFO -   ✓ Saved: RESTRUCTURED_DB/2012/apr/180898.json
2025-12-06 14:25:45,099 - INFO - 
[360/2000] Processing G.R. No. 180966
2025-12-06 14:25:45,099 - INFO -   Title: Col. Jesus G. Cabarrus, Jr., PAF (res.) vs. Hon. Secretary o...
2025-12-06 14:25:45,337 - INFO -   ✓ Saved: RESTRUCTURED_DB/2012/jun/180966.json
2025-12-06 14:25:45,837 - INFO - 
[361/2000] Processing G.R. No. 180974
2025-12-06 14:25:45,838 - INFO -   Title: Metropolitan Bank and Trust Company vs. Centro Development C...
2025-12-06 14:25:46,284 - INFO -   ✓ Saved: RESTRUCTURED_DB/2012/jun/180974.json
2025-12-06 14:25:46,784 - INFO - 
[362/2000] Processing G.R. No. 180989
2025-12-06 14:25:46,785 - INFO -   Title: Gualberto J. Dela Llana vs. the Chairperson, Commission on A...
2025-12-06 14:25:47,023 - INFO -   ✓ Saved: RESTRUCTURED_DB/2012/feb/180989.json
2025-12-06 14:25:47,523 - INFO - 
[363/2000] Processing G.R. No. 181021
2025-12-06 14:25:47,523 - INFO -   Title: Burgundy Realty Corporation vs. Josefa "Jing" C. Reyes and S...
2025-12-06 14:25:47,762 - INFO -   ✓ Saved: RESTRUCTURED_DB/2012/dec/181021.json
2025-12-06 14:25:48,262 - INFO - 
[364/2000] Processing G.R. No. 181042
2025-12-06 14:25:48,262 - INFO -   Title: People of the Philippines vs. Samin Zakaria y Makasulay, et ...
2025-12-06 14:25:48,707 - INFO -   ✓ Saved: RESTRUCTURED_DB/2012/nov/181042.json
2025-12-06 14:25:49,207 - INFO - 
[365/2000] Processing G.R. No. 181052
2025-12-06 14:25:49,207 - INFO -   Title: Rodolfo Belbis, Jr. y Competente and Alberto Brucales vs. Pe...
2025-12-06 14:25:49,653 - INFO -   ✓ Saved: RESTRUCTURED_DB/2012/nov/181052.json
2025-12-06 14:25:50,153 - INFO - 
[366/2000] Processing G.R. No. 181089
2025-12-06 14:25:50,153 - INFO -   Title: Merlinda Cipriano Montañez vs. Lourdes Tajolosa Cipriano...
2025-12-06 14:25:50,392 - INFO -   ✓ Saved: RESTRUCTURED_DB/2012/oct/181089.json
2025-12-06 14:25:50,892 - INFO - 
[367/2000] Processing G.R. No. 181136
2025-12-06 14:25:50,892 - INFO -   Title: Western Mindanao Power Corporation vs. Commissioner of Inter...
2025-12-06 14:25:51,337 - INFO -   ✓ Saved: RESTRUCTURED_DB/2012/jun/181136.json
2025-12-06 14:25:51,837 - INFO - 
[368/2000] Processing G.R. No. 181138
2025-12-06 14:25:51,838 - INFO -   Title: Ricky Marquez, et al. vs. People of the Philippines...
2025-12-06 14:25:52,284 - INFO -   ✓ Saved: RESTRUCTURED_DB/2012/dec/181138.json
2025-12-06 14:25:52,784 - INFO - 
[369/2000] Processing G.R. No. 181180
2025-12-06 14:25:52,784 - INFO -   Title: Philasia Shipping Agency Corporation, et al. vs. Andres G. T...
2025-12-06 14:25:53,230 - INFO -   ✓ Saved: RESTRUCTURED_DB/2012/aug/181180.json
2025-12-06 14:25:53,731 - INFO - 
[370/2000] Processing G.R. No. 181184
2025-12-06 14:25:53,731 - INFO -   Title: Mel Dimat vs. People of the Philippines...
2025-12-06 14:25:53,967 - INFO -   ✓ Saved: RESTRUCTURED_DB/2012/jan/181184.json
2025-12-06 14:25:54,468 - INFO - 
[371/2000] Processing G.R. No. 181202
2025-12-06 14:25:54,468 - INFO -   Title: People of the Philippines vs. Edgar Padigos...
2025-12-06 14:25:54,913 - INFO -   ✓ Saved: RESTRUCTURED_DB/2012/dec/181202.json
2025-12-06 14:25:55,413 - INFO - 
[372/2000] Processing G.R. No. 181250
2025-12-06 14:25:55,413 - INFO -   Title: People of the Philippines vs. Emmalyn Dela Cerna y Quindao @...
2025-12-06 14:25:55,856 - INFO -   ✓ Saved: RESTRUCTURED_DB/2012/jul/181250.json
2025-12-06 14:25:56,356 - INFO - 
[373/2000] Processing G.R. No. 181367
2025-12-06 14:25:56,357 - INFO -   Title: La Carlota City, Negros Occidental, etc., et al. vs. Atty. r...
2025-12-06 14:25:57,016 - INFO -   ✓ Saved: RESTRUCTURED_DB/2012/apr/181367.json
2025-12-06 14:25:57,517 - INFO - 
[374/2000] Processing G.R. No. 181368
2025-12-06 14:25:57,517 - INFO -   Title: George S. Tolentino, Monica S. Tolentino, et al. vs. Pacific...
2025-12-06 14:25:57,756 - INFO -   ✓ Saved: RESTRUCTURED_DB/2012/feb/181368.json
2025-12-06 14:25:58,256 - INFO - 
[375/2000] Processing G.R. No. 181485
2025-12-06 14:25:58,256 - INFO -   Title: Philippine National Bank vs. Gateway Property Holdings, Inc....
2025-12-06 14:25:58,701 - INFO -   ✓ Saved: RESTRUCTURED_DB/2012/feb/181485.json
2025-12-06 14:25:59,201 - INFO - 
[376/2000] Processing G.R. No. 181491
2025-12-06 14:25:59,201 - INFO -   Title: People of the Philippines vs. Henry Arcillas...
2025-12-06 14:25:59,441 - INFO -   ✓ Saved: RESTRUCTURED_DB/2012/jul/181491.json
2025-12-06 14:25:59,941 - INFO - 
[377/2000] Processing G.R. No. 181497
2025-12-06 14:25:59,941 - INFO -   Title: People of the Philippines vs. Paterno Sarmiento Samandre...
2025-12-06 14:26:00,404 - INFO -   ✓ Saved: RESTRUCTURED_DB/2012/feb/181497.json
2025-12-06 14:26:00,905 - INFO - 
[378/2000] Processing G.R. No. 181544
2025-12-06 14:26:00,905 - INFO -   Title: People of the Philippines vs. Julius B. Taguilid...
2025-12-06 14:26:01,144 - INFO -   ✓ Saved: RESTRUCTURED_DB/2012/apr/181544.json
2025-12-06 14:26:01,644 - INFO - 
[379/2000] Processing G.R. No. 181548
2025-12-06 14:26:01,644 - INFO -   Title: Heirs of Candido Del Rosario and Heirs of Gil Del Rosario vs...
2025-12-06 14:26:02,088 - INFO -   ✓ Saved: RESTRUCTURED_DB/2012/jun/181548.json
2025-12-06 14:26:02,589 - INFO - 
[380/2000] Processing G.R. No. 181623
2025-12-06 14:26:02,589 - INFO -   Title: Elajandro Binayug and Ana Binayug vs. Eugenio Ugaddan, et al...
2025-12-06 14:26:03,037 - INFO -   ✓ Saved: RESTRUCTURED_DB/2012/dec/181623.json
2025-12-06 14:26:03,537 - INFO - 
[381/2000] Processing G.R. No. 181664
2025-12-06 14:26:03,538 - INFO -   Title: Land Bank of the Philippines vs. Crispin D. Ramos and Depart...
2025-12-06 14:26:03,784 - INFO -   ✓ Saved: RESTRUCTURED_DB/2012/nov/181664.json
2025-12-06 14:26:04,284 - INFO - 
[382/2000] Processing G.R. No. 181699
2025-12-06 14:26:04,285 - INFO -   Title: People of the Philippines vs. Jerry Batula...
2025-12-06 14:26:04,730 - INFO -   ✓ Saved: RESTRUCTURED_DB/2012/nov/181699.json
2025-12-06 14:26:05,230 - INFO - 
[383/2000] Processing G.R. No. 181701
2025-12-06 14:26:05,230 - INFO -   Title: People of the Philippines vs. Eduardo Dollendo, et al., Nest...
2025-12-06 14:26:05,676 - INFO -   ✓ Saved: RESTRUCTURED_DB/2012/jan/181701.json
2025-12-06 14:26:06,176 - INFO - 
[384/2000] Processing G.R. No. 181891
2025-12-06 14:26:06,177 - INFO -   Title: Republic of the Philippines vs. Zoomark R.P.C., Inc....
2025-12-06 14:26:06,414 - INFO -   ✓ Saved: RESTRUCTURED_DB/2012/dec/181891.json
2025-12-06 14:26:06,914 - INFO - 
[385/2000] Processing G.R. No. 181962
2025-12-06 14:26:06,914 - INFO -   Title: Ceferino S. Cabreza, Jr., et al. vs. Amparo Robles Cabreza...
2025-12-06 14:26:07,358 - INFO -   ✓ Saved: RESTRUCTURED_DB/2012/jan/181962.json
2025-12-06 14:26:07,858 - INFO - 
[386/2000] Processing G.R. No. 181974
2025-12-06 14:26:07,858 - INFO -   Title: Lynvil Fishing Enterprises, Inc. and/or Rosendo S. De Borja ...
2025-12-06 14:26:08,510 - INFO -   ✓ Saved: RESTRUCTURED_DB/2012/feb/181974.json
2025-12-06 14:26:09,010 - INFO - 
[387/2000] Processing G.R. No. 181995
2025-12-06 14:26:09,010 - INFO -   Title: Bibiano C. Elegir vs. Philippine Airlines, Inc....
2025-12-06 14:26:09,458 - INFO -   ✓ Saved: RESTRUCTURED_DB/2012/jul/181995.json
2025-12-06 14:26:09,958 - INFO - 
[388/2000] Processing G.R. No. 182018
2025-12-06 14:26:09,958 - INFO -   Title: Norkis Trading Corporation vs. Joaquin Buenavista, et al....
2025-12-06 14:26:10,406 - INFO -   ✓ Saved: RESTRUCTURED_DB/2012/oct/182018.json
2025-12-06 14:26:10,906 - INFO - 
[389/2000] Processing G.R. No. 182045
2025-12-06 14:26:10,906 - INFO -   Title: Gulf Air Company, Philippines Branch vs. Commissioner of Int...
2025-12-06 14:26:11,152 - INFO -   ✓ Saved: RESTRUCTURED_DB/2012/sep/182045.json
2025-12-06 14:26:11,652 - INFO - 
[390/2000] Processing G.R. No. 182059
2025-12-06 14:26:11,652 - INFO -   Title: People of the Philippines vs. Camilo D. Nicart and Manuel T....
2025-12-06 14:26:12,098 - INFO -   ✓ Saved: RESTRUCTURED_DB/2012/jul/182059.json
2025-12-06 14:26:12,599 - INFO - 
[391/2000] Processing G.R. No. 182069
2025-12-06 14:26:12,599 - INFO -   Title: Arnold D. Vicencio vs. Hon. Reynaldo A. Villar, et al....
2025-12-06 14:26:12,838 - INFO -   ✓ Saved: RESTRUCTURED_DB/2012/jul/182069.json
2025-12-06 14:26:13,338 - INFO - 
[392/2000] Processing G.R. No. 182069
2025-12-06 14:26:13,338 - INFO -   Title: Arnold D. Vicencio vs. Hon. Reynaldo A. Villar, et al....
2025-12-06 14:26:13,576 - INFO -   Case already exists: RESTRUCTURED_DB/2012/jul/182069.json
2025-12-06 14:26:14,076 - INFO - 
[393/2000] Processing G.R. No. 182197
2025-12-06 14:26:14,076 - INFO -   Title: People of the Philippines vs. Teofilo Honrado and Romulo Hon...
2025-12-06 14:26:14,314 - INFO -   ✓ Saved: RESTRUCTURED_DB/2012/feb/182197.json
2025-12-06 14:26:14,814 - INFO - 
[394/2000] Processing G.R. No. 182209
2025-12-06 14:26:14,814 - INFO -   Title: Land Bank of the Philippines vs. Emiliano R. Santiago, Jr....
2025-12-06 14:26:15,261 - INFO -   ✓ Saved: RESTRUCTURED_DB/2012/oct/182209.json
2025-12-06 14:26:15,761 - INFO - 
[395/2000] Processing G.R. No. 182230
2025-12-06 14:26:15,761 - INFO -   Title: People of the Philippines vs. Edgardo Lupac y Flores...
2025-12-06 14:26:16,003 - INFO -   ✓ Saved: RESTRUCTURED_DB/2012/sep/182230.json
2025-12-06 14:26:16,503 - INFO - 
[396/2000] Processing G.R. No. 182331
2025-12-06 14:26:16,503 - INFO -   Title: Ma. Corina C. Jiao, et al. vs. Global Business Bank, Inc., e...
2025-12-06 14:26:17,154 - INFO -   ✓ Saved: RESTRUCTURED_DB/2012/apr/182331.json
2025-12-06 14:26:17,654 - INFO - 
[397/2000] Processing G.R. No. 182435
2025-12-06 14:26:17,654 - INFO -   Title: Lilia B. Luz, et al. vs. Florante Baylon...
2025-12-06 14:26:18,102 - INFO -   ✓ Saved: RESTRUCTURED_DB/2012/aug/182435.json
2025-12-06 14:26:18,602 - INFO - 
[398/2000] Processing G.R. No. 182475
2025-12-06 14:26:18,602 - INFO -   Title: Lenn Morales vs. Metropolitan Bank and Trust Company...
2025-12-06 14:26:19,058 - INFO -   ✓ Saved: RESTRUCTURED_DB/2012/nov/182475.json
2025-12-06 14:26:19,558 - INFO - 
[399/2000] Processing G.R. No. 182486
2025-12-06 14:26:19,558 - INFO -   Title: Philbag Industrial Manufacturing Corp. vs. Philbag Workers U...
2025-12-06 14:26:20,003 - INFO -   ✓ Saved: RESTRUCTURED_DB/2012/jun/182486.json
2025-12-06 14:26:20,503 - INFO - 
[400/2000] Processing G.R. No. 182522
2025-12-06 14:26:20,503 - INFO -   Title: People of the Philippines vs. Noel Adallom y Tunge...
2025-12-06 14:26:21,156 - INFO -   ✓ Saved: RESTRUCTURED_DB/2012/mar/182522.json
2025-12-06 14:26:21,656 - INFO - 
[401/2000] Processing G.R. No. 182523
2025-12-06 14:26:21,656 - INFO -   Title: People of the Philippines vs. Efren Laurio y Rosales...
2025-12-06 14:26:22,100 - INFO -   ✓ Saved: RESTRUCTURED_DB/2012/sep/182523.json
2025-12-06 14:26:22,600 - INFO - 
[402/2000] Processing G.R. No. 182572
2025-12-06 14:26:22,600 - INFO -   Title: Land Bank of the Philippines vs. Hon. Ernesto P. Pagayatan, ...
2025-12-06 14:26:23,044 - INFO -   ✓ Saved: RESTRUCTURED_DB/2012/jun/182572.json
2025-12-06 14:26:23,544 - INFO - 
[403/2000] Processing G.R. No. 182650
2025-12-06 14:26:23,544 - INFO -   Title: Tomas K. Chua vs.Westmont Bank, Registrar of Deeds of Paraña...
2025-12-06 14:26:23,988 - INFO -   ✓ Saved: RESTRUCTURED_DB/2012/feb/182650.json
2025-12-06 14:26:24,488 - INFO - 
[404/2000] Processing G.R. No. 182716
2025-12-06 14:26:24,488 - INFO -   Title: Heirs of Jose Maligaso, Sr., etc. vs. Sps. Simon D. Encinas ...
2025-12-06 14:26:24,932 - INFO -   ✓ Saved: RESTRUCTURED_DB/2012/jun/182716.json
2025-12-06 14:26:25,432 - INFO - 
[405/2000] Processing G.R. No. 182769
2025-12-06 14:26:25,432 - INFO -   Title: Bank of the Philippine Islands, as successor-in-Interest of ...
2025-12-06 14:26:25,876 - INFO -   ✓ Saved: RESTRUCTURED_DB/2012/feb/182769.json
2025-12-06 14:26:26,376 - INFO - 
[406/2000] Processing G.R. No. 183026
2025-12-06 14:26:26,376 - INFO -   Title: Nestor N. Padalhin, et al. vs. Nelson D. Laviña...
2025-12-06 14:26:26,820 - INFO -   ✓ Saved: RESTRUCTURED_DB/2012/nov/183026.json
2025-12-06 14:26:27,321 - INFO - 
[407/2000] Processing G.R. No. 183050
2025-12-06 14:26:27,321 - INFO -   Title: Advent Capital and Finance Corporation vs. Nicasio I. Alcant...
2025-12-06 14:26:27,764 - INFO -   ✓ Saved: RESTRUCTURED_DB/2012/jan/183050.json
2025-12-06 14:26:28,264 - INFO - 
[408/2000] Processing G.R. No. 183053
2025-12-06 14:26:28,265 - INFO -   Title: Emilio A.M. Suntay III vs. Isabel Cojuangco Suntay...
2025-12-06 14:26:28,917 - INFO -   ✓ Saved: RESTRUCTURED_DB/2012/oct/183053.json
2025-12-06 14:26:29,417 - INFO - 
[409/2000] Processing G.R. No. 183093
2025-12-06 14:26:29,417 - INFO -   Title: People of the Philippines vs. Diosdado tubat y Versoza...
2025-12-06 14:26:29,861 - INFO -   ✓ Saved: RESTRUCTURED_DB/2012/feb/183093.json
2025-12-06 14:26:30,362 - INFO - 
[410/2000] Processing G.R. No. 183097
2025-12-06 14:26:30,362 - INFO -   Title: People of the Philippines vs. Antonio Venturina...
2025-12-06 14:26:30,817 - INFO -   ✓ Saved: RESTRUCTURED_DB/2012/sep/183097.json
2025-12-06 14:26:31,318 - INFO - 
[411/2000] Processing G.R. No. 183100
2025-12-06 14:26:31,318 - INFO -   Title: People of the Philippines vs. Rogeljo Abrencillo...
2025-12-06 14:26:31,556 - INFO -   ✓ Saved: RESTRUCTURED_DB/2012/nov/183100.json
2025-12-06 14:26:32,056 - INFO - 
[412/2000] Processing G.R. No. 183132
2025-12-06 14:26:32,056 - INFO -   Title: Richard Chua vs. People of the Philippines vs. Flordeliza Ar...
2025-12-06 14:26:32,500 - INFO -   ✓ Saved: RESTRUCTURED_DB/2012/feb/183132.json
2025-12-06 14:26:33,000 - INFO - 
[413/2000] Processing G.R. No. 183260
2025-12-06 14:26:33,000 - INFO -   Title: Philippine Sports Commission, Cesar Pradas, Noel Elnar, Emer...
2025-12-06 14:26:33,447 - INFO -   ✓ Saved: RESTRUCTURED_DB/2012/jul/183260.json
2025-12-06 14:26:33,948 - INFO - 
[414/2000] Processing G.R. No. 183308
2025-12-06 14:26:33,948 - INFO -   Title: Insular Investment and Trust Corporation vs. Capital One Equ...
2025-12-06 14:26:34,616 - INFO -   ✓ Saved: RESTRUCTURED_DB/2012/apr/183308.json
2025-12-06 14:26:35,116 - INFO - 
[415/2000] Processing G.R. No. 183350
2025-12-06 14:26:35,117 - INFO -   Title: Prudential Bank (now Bank of the Philippine Islands) vs. Ant...
2025-12-06 14:26:35,571 - INFO -   ✓ Saved: RESTRUCTURED_DB/2012/jan/183350.json
2025-12-06 14:26:36,072 - INFO - 
[416/2000] Processing G.R. No. 183367
2025-12-06 14:26:36,072 - INFO -   Title: Australian Professional Realty, Inc., et al. vs. Municipalit...
2025-12-06 14:26:36,516 - INFO -   ✓ Saved: RESTRUCTURED_DB/2012/mar/183367.json
2025-12-06 14:26:37,016 - INFO - 
[417/2000] Processing G.R. No. 183444
2025-12-06 14:26:37,016 - INFO -   Title: Department of Public Works and Highways vs. Ronaldo E. Quiwa...
2025-12-06 14:26:37,254 - INFO -   ✓ Saved: RESTRUCTURED_DB/2012/feb/183444.json
2025-12-06 14:26:37,754 - INFO - 
[418/2000] Processing G.R. No. 183446
2025-12-06 14:26:37,754 - INFO -   Title: Republic of the Philippines vs. Estate of Hans Menzi (throug...
2025-12-06 14:26:38,407 - INFO -   ✓ Saved: RESTRUCTURED_DB/2012/nov/183446.json
2025-12-06 14:26:38,907 - INFO - 
[419/2000] Processing G.R. No. 183449
2025-12-06 14:26:38,907 - INFO -   Title: Alfredo Jaca Montajes vs. People of the Philippines...
2025-12-06 14:26:39,154 - INFO -   ✓ Saved: RESTRUCTURED_DB/2012/mar/183449.json
2025-12-06 14:26:39,654 - INFO - 
[420/2000] Processing G.R. No. 183533
2025-12-06 14:26:39,654 - INFO -   Title: In the Matter of the Petition for the Writ of Amparo and the...
2025-12-06 14:26:40,100 - INFO -   ✓ Saved: RESTRUCTURED_DB/2012/sep/183533.json
2025-12-06 14:26:40,600 - INFO - 
[421/2000] Processing G.R. No. 183553
2025-12-06 14:26:40,600 - INFO -   Title: Diageo Philippines, Inc. vs. Commissioner of Internal Revenu...
2025-12-06 14:26:41,044 - INFO -   ✓ Saved: RESTRUCTURED_DB/2012/nov/183553.json
2025-12-06 14:26:41,544 - INFO - 
[422/2000] Processing G.R. No. 183573
2025-12-06 14:26:41,544 - INFO -   Title: Dizon Copper Silver Mines, Inc. vs. Dr. Luis D. Dizon...
2025-12-06 14:26:42,223 - INFO -   ✓ Saved: RESTRUCTURED_DB/2012/jul/183573.json
2025-12-06 14:26:42,723 - INFO - 
[423/2000] Processing G.R. No. 183622
2025-12-06 14:26:42,723 - INFO -   Title: Merope Enriquez Vda De Catalan vs. Louella A. Catalan-Lee...
2025-12-06 14:26:42,966 - INFO -   ✓ Saved: RESTRUCTURED_DB/2012/feb/183622.json
2025-12-06 14:26:43,466 - INFO - 
[424/2000] Processing G.R. No. 183623
2025-12-06 14:26:43,466 - INFO -   Title: Leticia B. Agbayani vs. Court of Appeals, Department of Just...
2025-12-06 14:26:43,911 - INFO -   ✓ Saved: RESTRUCTURED_DB/2012/jun/183623.json
2025-12-06 14:26:44,411 - INFO - 
[425/2000] Processing G.R. No. 183706
2025-12-06 14:26:44,411 - INFO -   Title: People of the Philippines vs. Samson Escleto...
2025-12-06 14:26:44,650 - INFO -   ✓ Saved: RESTRUCTURED_DB/2012/apr/183706.json
2025-12-06 14:26:45,150 - INFO - 
[426/2000] Processing G.R. No. 183774
2025-12-06 14:26:45,150 - INFO -   Title: Philippine Banking Corporation vs. Arturo Dy, et al....
2025-12-06 14:26:45,388 - INFO -   ✓ Saved: RESTRUCTURED_DB/2012/nov/183774.json
2025-12-06 14:26:45,888 - INFO - 
[427/2000] Processing G.R. No. 183822
2025-12-06 14:26:45,888 - INFO -   Title: Ruben C. Copuz, rep. by Atty.-in-fact Wenifreda C. Agullana ...
2025-12-06 14:26:46,333 - INFO -   ✓ Saved: RESTRUCTURED_DB/2012/jan/183822.json
2025-12-06 14:26:46,833 - INFO - 
[428/2000] Processing G.R. No. 183827
2025-12-06 14:26:46,833 - INFO -   Title: People of the Philippines vs. Enerio Ending y Onyong...
2025-12-06 14:26:47,072 - INFO -   ✓ Saved: RESTRUCTURED_DB/2012/nov/183827.json
2025-12-06 14:26:47,572 - INFO - 
[429/2000] Processing G.R. No. 183916
2025-12-06 14:26:47,572 - INFO -   Title: Sps. Nicanor Magno and Caridad Magno vs. Heirs of Pablo Paru...
2025-12-06 14:26:48,030 - INFO -   ✓ Saved: RESTRUCTURED_DB/2012/apr/183916.json
2025-12-06 14:26:48,530 - INFO - 
[430/2000] Processing G.R. No. 183987
2025-12-06 14:26:48,530 - INFO -   Title: Asiatrust Development Bank vs. Carmelo H. Tuble...
2025-12-06 14:26:48,976 - INFO -   ✓ Saved: RESTRUCTURED_DB/2012/jul/183987.json
2025-12-06 14:26:49,476 - INFO - 
[431/2000] Processing G.R. No. 184015
2025-12-06 14:26:49,476 - INFO -   Title: Spouses Mariano P. Marasigan and Josefina Leal vs. Chevron P...
2025-12-06 14:26:49,920 - INFO -   ✓ Saved: RESTRUCTURED_DB/2012/feb/184015.json
2025-12-06 14:26:50,420 - INFO - 
[432/2000] Processing G.R. No. 184056
2025-12-06 14:26:50,420 - INFO -   Title: People of the Philippines vs. George Eyam y Watang...
2025-12-06 14:26:50,657 - INFO -   ✓ Saved: RESTRUCTURED_DB/2012/nov/184056.json
2025-12-06 14:26:51,157 - INFO - 
[433/2000] Processing G.R. No. 184109
2025-12-06 14:26:51,157 - INFO -   Title: Celerino E. Mercado vs. Belen Espinocilla and Ferdinand Espi...
2025-12-06 14:26:51,604 - INFO -   ✓ Saved: RESTRUCTURED_DB/2012/feb/184109.json
2025-12-06 14:26:52,104 - INFO - 
[434/2000] Processing G.R. No. 184219
2025-12-06 14:26:52,104 - INFO -   Title: Samuel B. Ong vs. Office of the President, et al....
2025-12-06 14:26:52,549 - INFO -   ✓ Saved: RESTRUCTURED_DB/2012/jan/184219.json
2025-12-06 14:26:53,050 - INFO - 
[435/2000] Processing G.R. No. 184282
2025-12-06 14:26:53,050 - INFO -   Title: Francisco Soriano and Dalisay Soriano vs. Republic of the Ph...
2025-12-06 14:26:53,494 - INFO -   ✓ Saved: RESTRUCTURED_DB/2012/apr/184282.json
2025-12-06 14:26:53,994 - INFO - 
[436/2000] Processing G.R. No. 184300
2025-12-06 14:26:53,994 - INFO -   Title: Malayan Insurance Co., Inc. vs. Philippine First Insurance, ...
2025-12-06 14:26:54,439 - INFO -   ✓ Saved: RESTRUCTURED_DB/2012/jul/184300.json
2025-12-06 14:26:54,939 - INFO - 
[437/2000] Processing G.R. No. 184406
2025-12-06 14:26:54,939 - INFO -   Title: Land Bank of the Philippines vs. Perfecto Obias, et al....
2025-12-06 14:26:55,177 - INFO -   ✓ Saved: RESTRUCTURED_DB/2012/mar/184406.json
2025-12-06 14:26:55,677 - INFO - 
[438/2000] Processing G.R. No. 184467
2025-12-06 14:26:55,677 - INFO -   Title: Edgardo Navia, et al. vs. Virginia Pardico, for and in behal...
2025-12-06 14:26:56,122 - INFO -   ✓ Saved: RESTRUCTURED_DB/2012/jun/184467.json
2025-12-06 14:26:56,622 - INFO - 
[439/2000] Processing G.R. No. 184478
2025-12-06 14:26:56,623 - INFO -   Title: Jaime S. Perez, both in his personal and official capacity a...
2025-12-06 14:26:57,067 - INFO -   ✓ Saved: RESTRUCTURED_DB/2012/mar/184478.json
2025-12-06 14:26:57,567 - INFO - 
[440/2000] Processing G.R. No. 184482
2025-12-06 14:26:57,567 - INFO -   Title: Bethel Realty and Development Corporation vs. Housing and La...
2025-12-06 14:26:58,012 - INFO -   ✓ Saved: RESTRUCTURED_DB/2012/jul/184482.json
2025-12-06 14:26:58,512 - INFO - 
[441/2000] Processing G.R. No. 184500
2025-12-06 14:26:58,513 - INFO -   Title: People of the Philippines vs. Wenceslao Nelmida, et al....
2025-12-06 14:26:59,169 - INFO -   ✓ Saved: RESTRUCTURED_DB/2012/sep/184500.json
2025-12-06 14:26:59,669 - INFO - 
[442/2000] Processing G.R. No. 184528
2025-12-06 14:26:59,669 - INFO -   Title: Nilo Oropesa vs. Cirilo Oropesa...
2025-12-06 14:26:59,907 - INFO -   ✓ Saved: RESTRUCTURED_DB/2012/apr/184528.json
2025-12-06 14:27:00,407 - INFO - 
[443/2000] Processing G.R. No. 184556
2025-12-06 14:27:00,407 - INFO -   Title: China Banking Corporation vs. QBRO Fishing Enterprises, Inc....
2025-12-06 14:27:00,647 - INFO -   ✓ Saved: RESTRUCTURED_DB/2012/feb/184556.json
2025-12-06 14:27:01,147 - INFO - 
[444/2000] Processing G.R. No. 184601
2025-12-06 14:27:01,147 - INFO -   Title: People of the Philippines vs. Marcial M. Malicdem...
2025-12-06 14:27:01,593 - INFO -   ✓ Saved: RESTRUCTURED_DB/2012/nov/184601.json
2025-12-06 14:27:02,094 - INFO - 
[445/2000] Processing G.R. No. 184606
2025-12-06 14:27:02,094 - INFO -   Title: People of the Philippines vs. Calexto D. Fundales...
2025-12-06 14:27:02,539 - INFO -   ✓ Saved: RESTRUCTURED_DB/2012/sep/184606.json
2025-12-06 14:27:03,039 - INFO - 
[446/2000] Processing G.R. No. 184746
2025-12-06 14:27:03,039 - INFO -   Title: Spouses Crispin Galang and Caridad Galang vs. Spouses Conrad...
2025-12-06 14:27:03,926 - INFO -   ✓ Saved: RESTRUCTURED_DB/2012/aug/184746.json
2025-12-06 14:27:04,426 - INFO - 
[447/2000] Processing G.R. No. 184851
2025-12-06 14:27:04,427 - INFO -   Title: Valiente C. Villegas vs. the Hon. Victor C. Fernandez, et al...
2025-12-06 14:27:04,674 - INFO -   ✓ Saved: RESTRUCTURED_DB/2012/feb/184851.json
2025-12-06 14:27:05,174 - INFO - 
[448/2000] Processing G.R. No. 184885
2025-12-06 14:27:05,174 - INFO -   Title: Ernesto Ymbong vs. ABS-CBN Broadcasting Corporation, Veranda...
2025-12-06 14:27:05,618 - INFO -   ✓ Saved: RESTRUCTURED_DB/2012/mar/184885.json
2025-12-06 14:27:06,118 - INFO - 
[449/2000] Processing G.R. No. 184926
2025-12-06 14:27:06,118 - INFO -   Title: People of the Philippines vs. Edmundo O. Villaflores...
2025-12-06 14:27:06,574 - INFO -   ✓ Saved: RESTRUCTURED_DB/2012/apr/184926.json
2025-12-06 14:27:07,074 - INFO - 
[450/2000] Processing G.R. No. 184950
2025-12-06 14:27:07,074 - INFO -   Title: NGEI Multi-Purpose Cooperative, Inc. and Hernancito Ronquill...
2025-12-06 14:27:07,323 - INFO -   ✓ Saved: RESTRUCTURED_DB/2012/oct/184950.json
2025-12-06 14:27:07,823 - INFO - 
[451/2000] Processing G.R. No. 185005
2025-12-06 14:27:07,823 - INFO -   Title: People of the Philippines vs. Dante Dejillo and Gervacio "Do...
2025-12-06 14:27:08,268 - INFO -   ✓ Saved: RESTRUCTURED_DB/2012/dec/185005.json
2025-12-06 14:27:08,768 - INFO - 
[452/2000] Processing G.R. No. 185053
2025-12-06 14:27:08,768 - INFO -   Title: Eustaquio Candari, Jr., et al. vs. Roland Donasco, et al....
2025-12-06 14:27:09,005 - INFO -   ✓ Saved: RESTRUCTURED_DB/2012/feb/185053.json
2025-12-06 14:27:09,505 - INFO - 
[453/2000] Processing G.R. No. 185064
2025-12-06 14:27:09,506 - INFO -   Title: Sps. Araceli Oliva-De Mesa and Ernesto De Mesa vs. Sps. Clau...
2025-12-06 14:27:09,962 - INFO -   ✓ Saved: RESTRUCTURED_DB/2012/jan/185064.json
2025-12-06 14:27:10,462 - INFO - 
[454/2000] Processing G.R. No. 185124
2025-12-06 14:27:10,462 - INFO -   Title: Republic of the Philippines, rep. by the National Irrigation...
2025-12-06 14:27:10,907 - INFO -   ✓ Saved: RESTRUCTURED_DB/2012/jan/185124.json
2025-12-06 14:27:11,407 - INFO - 
[455/2000] Processing G.R. No. 185128
2025-12-06 14:27:11,407 - INFO -   Title: Ruben Castillo @ Boy Castillo vs. People of the Philippines...
2025-12-06 14:27:11,851 - INFO -   ✓ Saved: RESTRUCTURED_DB/2012/jan/185128.json
2025-12-06 14:27:12,351 - INFO - 
[456/2000] Processing G.R. No. 185212
2025-12-06 14:27:12,351 - INFO -   Title: People of the Philippines vs. Maritess Alolod, Efren Deocamp...
2025-12-06 14:27:12,588 - INFO -   ✓ Saved: RESTRUCTURED_DB/2012/feb/185212.json
2025-12-06 14:27:13,088 - INFO - 
[457/2000] Processing G.R. No. 185255
2025-12-06 14:27:13,089 - INFO -   Title: Norkis Distribution, Inc., et al. vs. Delfin S. Descallar...
2025-12-06 14:27:13,535 - INFO -   ✓ Saved: RESTRUCTURED_DB/2012/mar/185255.json
2025-12-06 14:27:14,035 - INFO - 
[458/2000] Processing G.R. No. 185280
2025-12-06 14:27:14,035 - INFO -   Title: Timoteo H. Sarona vs. National Labor Relations Commission, R...
2025-12-06 14:27:14,686 - INFO -   ✓ Saved: RESTRUCTURED_DB/2012/jan/185280.json
2025-12-06 14:27:15,187 - INFO - 
[459/2000] Processing G.R. No. 185282
2025-12-06 14:27:15,187 - INFO -   Title: People of the Philippines vs. Benjamin Bravo y Estabillo...
2025-12-06 14:27:15,425 - INFO -   ✓ Saved: RESTRUCTURED_DB/2012/sep/185282.json
2025-12-06 14:27:15,926 - INFO - 
[460/2000] Processing G.R. No. 185335
2025-12-06 14:27:15,926 - INFO -   Title: Prudential Guarantee and Assurance Employee Labor Union and ...
2025-12-06 14:27:16,371 - INFO -   ✓ Saved: RESTRUCTURED_DB/2012/jun/185335.json
2025-12-06 14:27:16,872 - INFO - 
[461/2000] Processing G.R. No. 185346
2025-12-06 14:27:16,872 - INFO -   Title: Banco Filipino Savings and Mortage Bank vs. Miguelito M. Laz...
2025-12-06 14:27:17,116 - INFO -   ✓ Saved: RESTRUCTURED_DB/2012/jun/185346.json
2025-12-06 14:27:17,616 - INFO - 
[462/2000] Processing G.R. No. 185368
2025-12-06 14:27:17,616 - INFO -   Title: Arthur F. Mechavez vs. Marlyn M, Bermudez...
2025-12-06 14:27:17,865 - INFO -   ✓ Saved: RESTRUCTURED_DB/2012/oct/185368.json
2025-12-06 14:27:18,365 - INFO - 
[463/2000] Processing G.R. No. 185386
2025-12-06 14:27:18,365 - INFO -   Title: People of the Philippines vs. Bernabe Aneslag y Andrada, et ...
2025-12-06 14:27:18,810 - INFO -   ✓ Saved: RESTRUCTURED_DB/2012/nov/185386.json
2025-12-06 14:27:19,310 - INFO - 
[464/2000] Processing G.R. No. 185460
2025-12-06 14:27:19,310 - INFO -   Title: Edwin Fajardo and Reynaldo Coralde vs. People of the Philipp...
2025-12-06 14:27:20,170 - INFO -   ✓ Saved: RESTRUCTURED_DB/2012/jul/185460.json
2025-12-06 14:27:20,670 - INFO - 
[465/2000] Processing G.R. No. 185463
2025-12-06 14:27:20,670 - INFO -   Title: Teekay Shipping Phils., Inc., and/or Teekay Shipping Canada...
2025-12-06 14:27:20,908 - INFO -   ✓ Saved: RESTRUCTURED_DB/2012/feb/185463.json
2025-12-06 14:27:21,408 - INFO - 
[466/2000] Processing G.R. No. 185491
2025-12-06 14:27:21,408 - INFO -   Title: Julieta E. Bernardo vs. Andrew L. Tan...
2025-12-06 14:27:21,853 - INFO -   ✓ Saved: RESTRUCTURED_DB/2012/jul/185491.json
2025-12-06 14:27:22,353 - INFO - 
[467/2000] Processing G.R. No. 185522
2025-12-06 14:27:22,353 - INFO -   Title: San Miguel Corporation vs. Helen T. Kalalo...
2025-12-06 14:27:22,797 - INFO -   ✓ Saved: RESTRUCTURED_DB/2012/jun/185522.json
2025-12-06 14:27:23,297 - INFO - 
[468/2000] Processing G.R. No. 185527
2025-12-06 14:27:23,297 - INFO -   Title: Harry L. Go, Tonny Ngo Jerry Ngo and Jane Go vs. the People ...
2025-12-06 14:27:23,740 - INFO -   ✓ Saved: RESTRUCTURED_DB/2012/jul/185527.json
2025-12-06 14:27:24,241 - INFO - 
[469/2000] Processing G.R. No. 185568
2025-12-06 14:27:24,241 - INFO -   Title: Commissioner of Internal Revenue vs. Petron Corporation...
2025-12-06 14:27:24,904 - INFO -   ✓ Saved: RESTRUCTURED_DB/2012/mar/185568.json
2025-12-06 14:27:25,404 - INFO - 
[470/2000] Processing G.R. No. 185572
2025-12-06 14:27:25,404 - INFO -   Title: China National Machinery & Equipment Corp., vs. Hon. Cesar D...
2025-12-06 14:27:25,850 - INFO -   ✓ Saved: RESTRUCTURED_DB/2012/feb/185572.json
2025-12-06 14:27:26,350 - INFO - 
[471/2000] Processing G.R. No. 185582
2025-12-06 14:27:26,350 - INFO -   Title: Tuna Processing, Inc. vs. Philippine Kingford, Inc....
2025-12-06 14:27:26,794 - INFO -   ✓ Saved: RESTRUCTURED_DB/2012/feb/185582.json
2025-12-06 14:27:27,295 - INFO - 
[472/2000] Processing G.R. No. 185663
2025-12-06 14:27:27,295 - INFO -   Title: Remedios Antonio vs. the Register of Deeds of Makati City an...
2025-12-06 14:27:27,738 - INFO -   ✓ Saved: RESTRUCTURED_DB/2012/jun/185663.json
2025-12-06 14:27:28,238 - INFO - 
[473/2000] Processing G.R. No. 185665
2025-12-06 14:27:28,238 - INFO -   Title: Eastern Telecommunications Philippines, Inc. vs. Eastern Tel...
2025-12-06 14:27:28,682 - INFO -   ✓ Saved: RESTRUCTURED_DB/2012/feb/185665.json
2025-12-06 14:27:29,182 - INFO - 
[474/2000] Processing G.R. No. 185669
2025-12-06 14:27:29,182 - INFO -   Title: Juan Galope vs. Cresencia Bugarin...
2025-12-06 14:27:29,625 - INFO -   ✓ Saved: RESTRUCTURED_DB/2012/feb/185669.json
2025-12-06 14:27:30,125 - INFO - 
[475/2000] Processing G.R. No. 185829
2025-12-06 14:27:30,125 - INFO -   Title: Armando Ailing vs. Jose B. Feliciano, Manuel F. San Mateo II...
2025-12-06 14:27:30,778 - INFO -   ✓ Saved: RESTRUCTURED_DB/2012/apr/185829.json
2025-12-06 14:27:31,278 - INFO - 
[476/2000] Processing G.R. No. 185918
2025-12-06 14:27:31,278 - INFO -   Title: Lockheed detective and Watchman Agency, Inc. vs. University ...
2025-12-06 14:27:31,516 - INFO -   ✓ Saved: RESTRUCTURED_DB/2012/apr/185918.json
2025-12-06 14:27:32,016 - INFO - 
[477/2000] Processing G.R. No. 185945
2025-12-06 14:27:32,016 - INFO -   Title: Fideliza J. Aglibot vs. Ingersol L. Santia...
2025-12-06 14:27:32,459 - INFO -   ✓ Saved: RESTRUCTURED_DB/2012/dec/185945.json
2025-12-06 14:27:32,960 - INFO - 
[478/2000] Processing G.R. No. 185960
2025-12-06 14:27:32,960 - INFO -   Title: Marino B. Icdan vs. Sandiganbayan, et al....
2025-12-06 14:27:33,404 - INFO -   ✓ Saved: RESTRUCTURED_DB/2012/jan/185960.json
2025-12-06 14:27:33,904 - INFO - 
[479/2000] Processing G.R. No. 186002
2025-12-06 14:27:33,904 - INFO -   Title: Apo Chemical Manufacturing and Michael Cheng vs. Ronaldo A. ...
2025-12-06 14:27:34,145 - INFO -   ✓ Saved: RESTRUCTURED_DB/2012/sep/186002.json
2025-12-06 14:27:34,645 - INFO - 
[480/2000] Processing G.R. No. 186030
2025-12-06 14:27:34,646 - INFO -   Title: Norma de los Reyes Vda. del Prado, Eulogia R. del Prado, Nor...
2025-12-06 14:27:35,088 - INFO -   ✓ Saved: RESTRUCTURED_DB/2012/mar/186030.json
2025-12-06 14:27:35,589 - INFO - 
[481/2000] Processing G.R. No. 186123
2025-12-06 14:27:35,589 - INFO -   Title: People of the Philippines vs. Marites Valerio y Traje...
2025-12-06 14:27:35,825 - INFO -   ✓ Saved: RESTRUCTURED_DB/2012/feb/186123.json
2025-12-06 14:27:36,325 - INFO - 
[482/2000] Processing G.R. No. 186132
2025-12-06 14:27:36,325 - INFO -   Title: People of the Philippines vs. Nestor Tuguinay...
2025-12-06 14:27:36,768 - INFO -   ✓ Saved: RESTRUCTURED_DB/2012/feb/186132.json
2025-12-06 14:27:37,268 - INFO - 
[483/2000] Processing G.R. No. 186141
2025-12-06 14:27:37,269 - INFO -   Title: People of the Philippines vs. Jesusa C. Figueroa...
2025-12-06 14:27:37,712 - INFO -   ✓ Saved: RESTRUCTURED_DB/2012/apr/186141.json
2025-12-06 14:27:38,212 - INFO - 
[484/2000] Processing G.R. No. 186169
2025-12-06 14:27:38,212 - INFO -   Title: Mylene Carvajal vs. Luzon Development Bank and/or Oscar Z. R...
2025-12-06 14:27:38,655 - INFO -   ✓ Saved: RESTRUCTURED_DB/2012/aug/186169.json
2025-12-06 14:27:39,156 - INFO - 
[485/2000] Processing G.R. No. 186226
2025-12-06 14:27:39,156 - INFO -   Title: People of the Philippines vs. Yusop Tadah...
2025-12-06 14:27:39,392 - INFO -   ✓ Saved: RESTRUCTURED_DB/2012/feb/186226.json
2025-12-06 14:27:39,892 - INFO - 
[486/2000] Processing G.R. No. 186235
2025-12-06 14:27:39,892 - INFO -   Title: People of the Philippines vs. Daniel Ortega...
2025-12-06 14:27:40,962 - INFO -   ✓ Saved: RESTRUCTURED_DB/2012/jan/186235.json
2025-12-06 14:27:41,462 - INFO - 
[487/2000] Processing G.R. No. 186269
2025-12-06 14:27:41,462 - INFO -   Title: Sps. Roman Pascual and Mercedita R. Pascual,et al. vs. Sps. ...
2025-12-06 14:27:41,904 - INFO -   ✓ Saved: RESTRUCTURED_DB/2012/feb/186269.json
2025-12-06 14:27:42,404 - INFO - 
[488/2000] Processing G.R. No. 186392
2025-12-06 14:27:42,404 - INFO -   Title: People of the Philippines vs. Marcos Sabadlab y Narciso @ "B...
2025-12-06 14:27:43,054 - INFO -   ✓ Saved: RESTRUCTURED_DB/2012/jan/186392.json
2025-12-06 14:27:43,554 - INFO - 
[489/2000] Processing G.R. No. 186463
2025-12-06 14:27:43,554 - INFO -   Title: People of the Philippines vs. William Mangune y Del Rosario...
2025-12-06 14:27:43,999 - INFO -   ✓ Saved: RESTRUCTURED_DB/2012/nov/186463.json
2025-12-06 14:27:44,499 - INFO - 
[490/2000] Processing G.R. No. 186469
2025-12-06 14:27:44,499 - INFO -   Title: The People of the Philippines vs. Jover Matias y Dela Fuente...
2025-12-06 14:27:44,941 - INFO -   ✓ Saved: RESTRUCTURED_DB/2012/jun/186469.json
2025-12-06 14:27:45,442 - INFO - 
[491/2000] Processing G.R. No. 186499
2025-12-06 14:27:45,442 - INFO -   Title: People of the Philippines vs. Melecio De Los Santos, Jr....
2025-12-06 14:27:46,091 - INFO -   ✓ Saved: RESTRUCTURED_DB/2012/mar/186499.json
2025-12-06 14:27:46,591 - INFO - 
[492/2000] Processing G.R. No. 186541
2025-12-06 14:27:46,591 - INFO -   Title: People of the Philippines vs. Vicente Vilbar @ "Dikit"...
2025-12-06 14:27:47,242 - INFO -   ✓ Saved: RESTRUCTURED_DB/2012/feb/186541.json
2025-12-06 14:27:47,742 - INFO - 
[493/2000] Processing G.R. No. 186592
2025-12-06 14:27:47,742 - INFO -   Title: Governor Enrique T. Garcia, Jr., Aurelio C. Angeles, Jr., Em...
2025-12-06 14:27:48,185 - INFO -   ✓ Saved: RESTRUCTURED_DB/2012/oct/186592.json
2025-12-06 14:27:48,685 - INFO - 
[494/2000] Processing G.R. No. 186720
2025-12-06 14:27:48,685 - INFO -   Title: Elsa D. Medado vs. Heirs of the Late Antonio Consing, as rep...
2025-12-06 14:27:49,333 - INFO -   ✓ Saved: RESTRUCTURED_DB/2012/feb/186720.json
2025-12-06 14:27:49,834 - INFO - 
[495/2000] Processing G.R. No. 186722
2025-12-06 14:27:49,834 - INFO -   Title: The United Abangan Clan, Inc., represented by Cristituto F. ...
2025-12-06 14:27:50,275 - INFO -   ✓ Saved: RESTRUCTURED_DB/2012/jun/186722.json
2025-12-06 14:27:50,775 - INFO - 
[496/2000] Processing G.R. No. 186730
2025-12-06 14:27:50,775 - INFO -   Title: Jesse Yap vs. Elisa Chua and Evelyn Te...
2025-12-06 14:27:51,218 - INFO -   ✓ Saved: RESTRUCTURED_DB/2012/jun/186730.json
2025-12-06 14:27:51,719 - INFO - 
[497/2000] Processing G.R. No. 186961
2025-12-06 14:27:51,719 - INFO -   Title: Republic of the Philippines vs. East Silverlane Reality Deve...
2025-12-06 14:27:52,367 - INFO -   ✓ Saved: RESTRUCTURED_DB/2012/feb/186961.json
2025-12-06 14:27:52,867 - INFO - 
[498/2000] Processing G.R. No. 186983
2025-12-06 14:27:52,867 - INFO -   Title: Ma. Lourdes S. Florendo vs. Philam Plans, Inc., Perla Abcede...
2025-12-06 14:27:53,310 - INFO -   ✓ Saved: RESTRUCTURED_DB/2012/feb/186983.json
2025-12-06 14:27:53,810 - INFO - 
[499/2000] Processing G.R. No. 186993
2025-12-06 14:27:53,810 - INFO -   Title: Theodore and Nancy Ang, represented by Eldrige Marvin B. Ace...
2025-12-06 14:27:54,259 - INFO -   ✓ Saved: RESTRUCTURED_DB/2012/aug/186993.json
2025-12-06 14:27:54,760 - INFO - 
[500/2000] Processing G.R. No. 187021
2025-12-06 14:27:54,760 - INFO -   Title: Douglas F. Anama vs. Court of Appeals, Philippine Savings Ba...
2025-12-06 14:27:55,410 - INFO -   ✓ Saved: RESTRUCTURED_DB/2012/jan/187021.json
2025-12-06 14:27:55,910 - INFO - 
[501/2000] Processing G.R. No. 187052
2025-12-06 14:27:55,910 - INFO -   Title: People of the Philippines vs. Melissa Chua @ Clarita NG Chua...
2025-12-06 14:27:56,560 - INFO -   ✓ Saved: RESTRUCTURED_DB/2012/sep/187052.json
2025-12-06 14:27:57,061 - INFO - 
[502/2000] Processing G.R. No. 187073
2025-12-06 14:27:57,061 - INFO -   Title: People of the Philippines vs. Eduardo Castro y Peralta, et a...
2025-12-06 14:27:57,502 - INFO -   ✓ Saved: RESTRUCTURED_DB/2012/mar/187073.json
2025-12-06 14:27:58,003 - INFO - 
[503/2000] Processing G.R. No. 187107
2025-12-06 14:27:58,003 - INFO -   Title: United Claimant Association of NEA (Unican) etc., et al. vs....
2025-12-06 14:27:58,449 - INFO -   ✓ Saved: RESTRUCTURED_DB/2012/jan/187107.json
2025-12-06 14:27:58,949 - INFO - 
[504/2000] Processing G.R. No. 187122
2025-12-06 14:27:58,949 - INFO -   Title: Negros Slashers, Inc., Rodolfo C. Alvrez and Vicente Tan vs....
2025-12-06 14:27:59,392 - INFO -   ✓ Saved: RESTRUCTURED_DB/2012/feb/187122.json
2025-12-06 14:27:59,892 - INFO - 
[505/2000] Processing G.R. No. 187157
2025-12-06 14:27:59,892 - INFO -   Title: People of the Philippines vs. Arnel Clarite y Salazar...
2025-12-06 14:28:00,335 - INFO -   ✓ Saved: RESTRUCTURED_DB/2012/feb/187157.json
2025-12-06 14:28:00,836 - INFO - 
[506/2000] Processing G.R. No. 187188
2025-12-06 14:28:00,836 - INFO -   Title: Salvador O. Mojar, et al. vs. Agro Commercial Security Servi...
2025-12-06 14:28:01,279 - INFO -   ✓ Saved: RESTRUCTURED_DB/2012/jun/187188.json
2025-12-06 14:28:01,779 - INFO - 
[507/2000] Processing G.R. No. 187229
2025-12-06 14:28:01,779 - INFO -   Title: Arnel Sison y Escuadro vs. People of the Philippines...
2025-12-06 14:28:02,237 - INFO -   ✓ Saved: RESTRUCTURED_DB/2012/feb/187229.json
2025-12-06 14:28:02,738 - INFO - 
[508/2000] Processing G.R. No. 187298
2025-12-06 14:28:02,738 - INFO -   Title: Jamar M. Kulayan, et al. vs. Gov. Abdusakur M. Tan etc., et ...
2025-12-06 14:28:03,185 - INFO -   ✓ Saved: RESTRUCTURED_DB/2012/jul/187298.json
2025-12-06 14:28:03,685 - INFO - 
[509/2000] Processing G.R. No. 187298
2025-12-06 14:28:03,685 - INFO -   Title: Jamar M. Kulayan, et al. vs. Gov. Abdusakur M. Tan etc., et ...
2025-12-06 14:28:04,129 - INFO -   Case already exists: RESTRUCTURED_DB/2012/jul/187298.json
2025-12-06 14:28:04,630 - INFO - 
[510/2000] Processing G.R. No. 187316
2025-12-06 14:28:04,630 - INFO -   Title: Wonder Book Corporation vs. Philippine Bank of Communication...
2025-12-06 14:28:05,074 - INFO -   ✓ Saved: RESTRUCTURED_DB/2012/jul/187316.json
2025-12-06 14:28:05,575 - INFO - 
[511/2000] Processing G.R. No. 187337
2025-12-06 14:28:05,575 - INFO -   Title: Loadstar International Shipping, Inc. vs. the Heirs of the L...
2025-12-06 14:28:06,018 - INFO -   ✓ Saved: RESTRUCTURED_DB/2012/dec/187337.json
2025-12-06 14:28:06,518 - INFO - 
[512/2000] Processing G.R. No. 187425
2025-12-06 14:28:06,518 - INFO -   Title: Commissioner of Customs vs. Agfha Incorporated...
2025-12-06 14:28:06,754 - INFO -   ✓ Saved: RESTRUCTURED_DB/2012/jul/187425.json
2025-12-06 14:28:07,255 - INFO - 
[513/2000] Processing G.R. No. 187451
2025-12-06 14:28:07,255 - INFO -   Title: Jesus Virtucio represented by Abdon Virtucio vs. Jose Alegar...
2025-12-06 14:28:07,710 - INFO -   ✓ Saved: RESTRUCTURED_DB/2012/aug/187451.json
2025-12-06 14:28:08,210 - INFO - 
[514/2000] Processing G.R. No. 187490
2025-12-06 14:28:08,211 - INFO -   Title: Antonia R. Dela Peña, et al. vs. Gemma Remilyn C. Avila and ...
2025-12-06 14:28:08,655 - INFO -   ✓ Saved: RESTRUCTURED_DB/2012/feb/187490.json
2025-12-06 14:28:09,155 - INFO - 
[515/2000] Processing G.R. No. 187512
2025-12-06 14:28:09,155 - INFO -   Title: Republic of the Philippines vs. Yolanda Cadacio Granada...
2025-12-06 14:28:09,598 - INFO -   ✓ Saved: RESTRUCTURED_DB/2012/jun/187512.json
2025-12-06 14:28:10,098 - INFO - 
[516/2000] Processing G.R. No. 187521
2025-12-06 14:28:10,098 - INFO -   Title: F.F. Cruz & Co., Inc. vs. HR Construction Corp....
2025-12-06 14:28:10,543 - INFO -   ✓ Saved: RESTRUCTURED_DB/2012/mar/187521.json
2025-12-06 14:28:11,043 - INFO - 
[517/2000] Processing G.R. No. 187567
2025-12-06 14:28:11,043 - INFO -   Title: The Republic of the Philippines vs. Nora Fe Sagun...
2025-12-06 14:28:11,489 - INFO -   ✓ Saved: RESTRUCTURED_DB/2012/feb/187567.json
2025-12-06 14:28:11,989 - INFO - 
[518/2000] Processing G.R. No. 187604
2025-12-06 14:28:11,989 - INFO -   Title: City of Manila vs. Alegar Corporation, Terocel Realty Corpor...
2025-12-06 14:28:12,227 - INFO -   ✓ Saved: RESTRUCTURED_DB/2012/jun/187604.json
2025-12-06 14:28:12,727 - INFO - 
[519/2000] Processing G.R. No. 187713
2025-12-06 14:28:12,727 - INFO -   Title: Radio Philippine Network, Inc., et al. vs. Ruth F. Yap, et a...
2025-12-06 14:28:13,172 - INFO -   ✓ Saved: RESTRUCTURED_DB/2012/aug/187713.json
2025-12-06 14:28:13,672 - INFO - 
[520/2000] Processing G.R. No. 187732
2025-12-06 14:28:13,672 - INFO -   Title: People of the Philippines vs. Felix Morante...
2025-12-06 14:28:13,920 - INFO -   ✓ Saved: RESTRUCTURED_DB/2012/nov/187732.json
2025-12-06 14:28:14,421 - INFO - 
[521/2000] Processing G.R. No. 187733
2025-12-06 14:28:14,421 - INFO -   Title: People of the Philippines vs. Teofilo "Rey" Buyagan...
2025-12-06 14:28:14,657 - INFO -   ✓ Saved: RESTRUCTURED_DB/2012/feb/187733.json
2025-12-06 14:28:15,158 - INFO - 
[522/2000] Processing G.R. No. 187734
2025-12-06 14:28:15,158 - INFO -   Title: People of the Philippines vs. Antonio Osma, Jr. y Agaton...
2025-12-06 14:28:15,602 - INFO -   ✓ Saved: RESTRUCTURED_DB/2012/aug/187734.json
2025-12-06 14:28:16,102 - INFO - 
[523/2000] Processing G.R. No. 187736
2025-12-06 14:28:16,102 - INFO -   Title: People of the Philippines vs. Flordeliza Arriola y De Lara...
2025-12-06 14:28:16,547 - INFO -   ✓ Saved: RESTRUCTURED_DB/2012/feb/187736.json
2025-12-06 14:28:17,047 - INFO - 
[524/2000] Processing G.R. No. 187744
2025-12-06 14:28:17,047 - INFO -   Title: People of the Philippines vs. Roger Tejero...
2025-12-06 14:28:17,497 - INFO -   ✓ Saved: RESTRUCTURED_DB/2012/jun/187744.json
2025-12-06 14:28:17,998 - INFO - 
[525/2000] Processing G.R. No. 187801
2025-12-06 14:28:17,998 - INFO -   Title: Heirs of Leonardo Banaag, namely: Marta R. Banaag, et al. vs...
2025-12-06 14:28:18,442 - INFO -   ✓ Saved: RESTRUCTURED_DB/2012/sep/187801.json
2025-12-06 14:28:18,942 - INFO - 
[526/2000] Processing G.R. No. 187919
2025-12-06 14:28:18,942 - INFO -   Title: Rafael H. Galvez and Katherine L. Guy vs. Asia United Bank/A...
2025-12-06 14:28:19,386 - INFO -   ✓ Saved: RESTRUCTURED_DB/2012/apr/187919.json
2025-12-06 14:28:19,886 - INFO - 
[527/2000] Processing G.R. No. 187926
2025-12-06 14:28:19,886 - INFO -   Title: Dr. Emmanuel Jarcia, Jr. and Dr. Marilou Bastan vs. People o...
2025-12-06 14:28:20,331 - INFO -   ✓ Saved: RESTRUCTURED_DB/2012/feb/187926.json
2025-12-06 14:28:20,831 - INFO - 
[528/2000] Processing G.R. No. 187951
2025-12-06 14:28:20,831 - INFO -   Title: The Wellex Group, Inc. vs. Sandiganbayan...
2025-12-06 14:28:21,275 - INFO -   ✓ Saved: RESTRUCTURED_DB/2012/jun/187951.json
2025-12-06 14:28:21,775 - INFO - 
[529/2000] Processing G.R. No. 188103
2025-12-06 14:28:21,775 - INFO -   Title: People of the Philippines vs. Jerome Paler...
2025-12-06 14:28:22,013 - INFO -   ✓ Saved: RESTRUCTURED_DB/2012/mar/188103.json
2025-12-06 14:28:22,513 - INFO - 
[530/2000] Processing G.R. No. 188107
2025-12-06 14:28:22,513 - INFO -   Title: People of the Philippines vs. Ronald M. Del Rosario @ "Aging...
2025-12-06 14:28:22,963 - INFO -   ✓ Saved: RESTRUCTURED_DB/2012/dec/188107.json
2025-12-06 14:28:23,463 - INFO - 
[531/2000] Processing G.R. No. 188132
2025-12-06 14:28:23,464 - INFO -   Title: People of the Philippines vs. Rosemarie Magundayao y Alejand...
2025-12-06 14:28:23,918 - INFO -   ✓ Saved: RESTRUCTURED_DB/2012/feb/188132.json
2025-12-06 14:28:24,418 - INFO - 
[532/2000] Processing G.R. No. 188288
2025-12-06 14:28:24,418 - INFO -   Title: Sps. Fernando and Lourdes Viloria vs. Continental Airlines, ...
2025-12-06 14:28:24,867 - INFO -   ✓ Saved: RESTRUCTURED_DB/2012/jan/188288.json
2025-12-06 14:28:25,367 - INFO - 
[533/2000] Processing G.R. No. 188302
2025-12-06 14:28:25,367 - INFO -   Title: Nancy L. Ty vs. Banco Filipino Savings and Mortage Bank...
2025-12-06 14:28:25,614 - INFO -   ✓ Saved: RESTRUCTURED_DB/2012/jun/188302.json
2025-12-06 14:28:26,114 - INFO - 
[534/2000] Processing G.R. No. 188322
2025-12-06 14:28:26,114 - INFO -   Title: People of the Philippines vs. Joseph T. Asilan...
2025-12-06 14:28:26,558 - INFO -   ✓ Saved: RESTRUCTURED_DB/2012/apr/188322.json
2025-12-06 14:28:27,059 - INFO - 
[535/2000] Processing G.R. No. 188329
2025-12-06 14:28:27,059 - INFO -   Title: People of the Philippines vs. Ruperto Dones a.k.a. Perto...
2025-12-06 14:28:27,297 - INFO -   ✓ Saved: RESTRUCTURED_DB/2012/jun/188329.json
2025-12-06 14:28:27,797 - INFO - 
[536/2000] Processing G.R. No. 188345
2025-12-06 14:28:27,797 - INFO -   Title: People of the Philippines vs. Catalino Dulay y Cadiente...
2025-12-06 14:28:28,240 - INFO -   ✓ Saved: RESTRUCTURED_DB/2012/dec/188345.json
2025-12-06 14:28:28,740 - INFO - 
[537/2000] Processing G.R. No. 188417
2025-12-06 14:28:28,740 - INFO -   Title: Milagros De Belen Vda. De Cabalu, Meliton Cabali, Sps. Angel...
2025-12-06 14:28:29,183 - INFO -   ✓ Saved: RESTRUCTURED_DB/2012/sep/188417.json
2025-12-06 14:28:29,683 - INFO - 
[538/2000] Processing G.R. No. 188497
2025-12-06 14:28:29,683 - INFO -   Title: Commissioner of Internal Revenue vs. Pilipinas Shell Petrole...
2025-12-06 14:28:30,127 - INFO -   ✓ Saved: RESTRUCTURED_DB/2012/apr/188497.json
2025-12-06 14:28:30,627 - INFO - 
[539/2000] Processing G.R. No. 188571
2025-12-06 14:28:30,627 - INFO -   Title: People of the Philippines vs. Maricar Brainer y Mangulabnan...
2025-12-06 14:28:31,071 - INFO -   ✓ Saved: RESTRUCTURED_DB/2012/oct/188571.json
2025-12-06 14:28:31,571 - INFO - 
[540/2000] Processing G.R. No. 188575
2025-12-06 14:28:31,571 - INFO -   Title: Gaudencio Pacete vs. Inocencio Asotigue...
2025-12-06 14:28:31,816 - INFO -   ✓ Saved: RESTRUCTURED_DB/2012/dec/188575.json
2025-12-06 14:28:32,316 - INFO - 
[541/2000] Processing G.R. No. 188612
2025-12-06 14:28:32,316 - INFO -   Title: People of the Philippines vs. Diosdado Camat and Mamerto Dul...
2025-12-06 14:28:32,767 - INFO -   ✓ Saved: RESTRUCTURED_DB/2012/jul/188612.json
2025-12-06 14:28:33,267 - INFO - 
[542/2000] Processing G.R. No. 188661
2025-12-06 14:28:33,267 - INFO -   Title: Estelita Villamar vs. Balbino Mangaoil...
2025-12-06 14:28:33,711 - INFO -   ✓ Saved: RESTRUCTURED_DB/2012/apr/188661.json
2025-12-06 14:28:34,212 - INFO - 
[543/2000] Processing G.R. No. 188670
2025-12-06 14:28:34,212 - INFO -   Title: Department of Agrarian Reform, etc. vs. Heirs of Angel T. Do...
2025-12-06 14:28:34,449 - INFO -   ✓ Saved: RESTRUCTURED_DB/2012/mar/188670.json
2025-12-06 14:28:34,950 - INFO - 
[544/2000] Processing G.R. No. 188722
2025-12-06 14:28:34,950 - INFO -   Title: Bank of Lubao, Inc. vs. Rommel J. Manabat, et al....
2025-12-06 14:28:35,406 - INFO -   ✓ Saved: RESTRUCTURED_DB/2012/feb/188722.json
2025-12-06 14:28:35,906 - INFO - 
[545/2000] Processing G.R. No. 188726
2025-12-06 14:28:35,906 - INFO -   Title: Cresencio C. Milla vs. People of the philippines and Carlo V...
2025-12-06 14:28:36,354 - INFO -   ✓ Saved: RESTRUCTURED_DB/2012/jan/188726.json
2025-12-06 14:28:36,854 - INFO - 
[546/2000] Processing G.R. No. 188854
2025-12-06 14:28:36,855 - INFO -   Title: People of the Philippines vs. Reynante Salino y Mahinay...
2025-12-06 14:28:37,101 - INFO -   ✓ Saved: RESTRUCTURED_DB/2012/aug/188854.json
2025-12-06 14:28:37,601 - INFO - 
[547/2000] Processing G.R. No. 188921
2025-12-06 14:28:37,601 - INFO -   Title: Leo C. Romero and David Amando C. Romero vs. Aurora C. Romer...
2025-12-06 14:28:38,585 - INFO -   ✓ Saved: RESTRUCTURED_DB/2012/apr/188921.json
2025-12-06 14:28:39,086 - INFO - 
[548/2000] Processing G.R. No. 188978
2025-12-06 14:28:39,086 - INFO -   Title: People of the Philippines vs. Marcial Bayrante y Boaquina...
2025-12-06 14:28:39,530 - INFO -   ✓ Saved: RESTRUCTURED_DB/2012/jun/188978.json
2025-12-06 14:28:40,031 - INFO - 
[549/2000] Processing G.R. No. 188979
2025-12-06 14:28:40,031 - INFO -   Title: People of the Philippines vs. Christopher Pareja y Velasco...
2025-12-06 14:28:40,270 - INFO -   ✓ Saved: RESTRUCTURED_DB/2012/sep/188979.json
2025-12-06 14:28:40,770 - INFO - 
[550/2000] Processing G.R. No. 189021
2025-12-06 14:28:40,770 - INFO -   Title: Republic of the Philippines vs. Lucia M. Gomez...
2025-12-06 14:28:41,009 - INFO -   ✓ Saved: RESTRUCTURED_DB/2012/feb/189021.json
2025-12-06 14:28:41,509 - INFO - 
[551/2000] Processing G.R. No. 189041
2025-12-06 14:28:41,509 - INFO -   Title: Civil Service Commission vs. Dr. Agnes Quida P. Yu...
2025-12-06 14:28:41,962 - INFO -   ✓ Saved: RESTRUCTURED_DB/2012/jul/189041.json
2025-12-06 14:28:42,462 - INFO - 
[552/2000] Processing G.R. No. 189082
2025-12-06 14:28:42,463 - INFO -   Title: Josephine Ruiz vs. Wendel Osaka Realty Corp., et al....
2025-12-06 14:28:42,917 - INFO -   ✓ Saved: RESTRUCTURED_DB/2012/jul/189082.json
2025-12-06 14:28:43,417 - INFO - 
[553/2000] Processing G.R. No. 189127
2025-12-06 14:28:43,417 - INFO -   Title: National Power Corporation vs. Sps. Bernardo and Mindaluz Sa...
2025-12-06 14:28:43,662 - INFO -   ✓ Saved: RESTRUCTURED_DB/2012/apr/189127.json
2025-12-06 14:28:44,162 - INFO - 
[554/2000] Processing G.R. No. 189151
2025-12-06 14:28:44,162 - INFO -   Title: Spouses David Bergonia and Luzviminda Castillo vs. Court of ...
2025-12-06 14:28:44,409 - INFO -   ✓ Saved: RESTRUCTURED_DB/2012/jan/189151.json
2025-12-06 14:28:44,909 - INFO - 
[555/2000] Processing G.R. No. 189191
2025-12-06 14:28:44,909 - INFO -   Title: Mid-Islands Power Generation Corporation vs. Court of Appeal...
2025-12-06 14:28:45,353 - INFO -   ✓ Saved: RESTRUCTURED_DB/2012/feb/189191.json
2025-12-06 14:28:45,853 - INFO - 
[556/2000] Processing G.R. No. 189277
2025-12-06 14:28:45,853 - INFO -   Title: People of the Philippines vs. Ricardo Remigio y Zapanta...
2025-12-06 14:28:46,307 - INFO -   ✓ Saved: RESTRUCTURED_DB/2012/dec/189277.json
2025-12-06 14:28:46,808 - INFO - 
[557/2000] Processing G.R. No. 189327
2025-12-06 14:28:46,808 - INFO -   Title: People of the Philippines vs. Emily Mendoza y Sartin...
2025-12-06 14:28:47,255 - INFO -   ✓ Saved: RESTRUCTURED_DB/2012/feb/189327.json
2025-12-06 14:28:47,755 - INFO - 
[558/2000] Processing G.R. No. 189330
2025-12-06 14:28:47,755 - INFO -   Title: People of the Philippines vs. Louie Catalan y Dedala...
2025-12-06 14:28:48,004 - INFO -   ✓ Saved: RESTRUCTURED_DB/2012/nov/189330.json
2025-12-06 14:28:48,504 - INFO - 
[559/2000] Processing G.R. No. 189418
2025-12-06 14:28:48,504 - INFO -   Title: Heirs of Shomanay Paclit, et al. vs. Cesar Belisario and Sal...
2025-12-06 14:28:48,742 - INFO -   ✓ Saved: RESTRUCTURED_DB/2012/jun/189418.json
2025-12-06 14:28:49,243 - INFO - 
[560/2000] Processing G.R. No. 189434
2025-12-06 14:28:49,243 - INFO -   Title: Ferdinand R. Marcos, Jr. vs. Republic of the Philippines, re...
2025-12-06 14:28:49,897 - INFO -   ✓ Saved: RESTRUCTURED_DB/2012/apr/189434.json
2025-12-06 14:28:50,397 - INFO - 
[561/2000] Processing G.R. No. 189486
2025-12-06 14:28:50,397 - INFO -   Title: Simny G. Guy, Geraldine G. Guy, Gladys G. Yao and the Heirs ...
2025-12-06 14:28:50,638 - INFO -   ✓ Saved: RESTRUCTURED_DB/2012/sep/189486.json
2025-12-06 14:28:51,138 - INFO - 
[562/2000] Processing G.R. No. 189496
2025-12-06 14:28:51,138 - INFO -   Title: D.M. Ferrer & Associates Corporation vs. University of Santo...
2025-12-06 14:28:51,376 - INFO -   ✓ Saved: RESTRUCTURED_DB/2012/feb/189496.json
2025-12-06 14:28:51,876 - INFO - 
[563/2000] Processing G.R. No. 189529
2025-12-06 14:28:51,876 - INFO -   Title: Government Service Insurance System (GSIS) and Winston F. Ga...
2025-12-06 14:28:52,115 - INFO -   ✓ Saved: RESTRUCTURED_DB/2012/aug/189529.json
2025-12-06 14:28:52,615 - INFO - 
[564/2000] Processing G.R. No. 189647
2025-12-06 14:28:52,615 - INFO -   Title: Nancy T. Lorzano vs. Juan Tabayag, Jr....
2025-12-06 14:28:53,060 - INFO -   ✓ Saved: RESTRUCTURED_DB/2012/feb/189647.json
2025-12-06 14:28:53,561 - INFO - 
[565/2000] Processing G.R. No. 189689
2025-12-06 14:28:53,561 - INFO -   Title: In the Matter of the Petition for the Issuance of a Writ of ...
2025-12-06 14:28:54,006 - INFO -   ✓ Saved: RESTRUCTURED_DB/2012/nov/189689.json
2025-12-06 14:28:54,507 - INFO - 
[566/2000] Processing G.R. No. 189697
2025-12-06 14:28:54,507 - INFO -   Title: Eleuterio Rivera, as Administrator of the Intestate Estate o...
2025-12-06 14:28:54,744 - INFO -   ✓ Saved: RESTRUCTURED_DB/2012/jun/189697.json
2025-12-06 14:28:55,244 - INFO - 
[567/2000] Processing G.R. No. 189754
2025-12-06 14:28:55,245 - INFO -   Title: Lito Bautista and Jimmy Alcantara vs. Sharon G. Cuneta-Pangi...
2025-12-06 14:28:55,705 - INFO -   ✓ Saved: RESTRUCTURED_DB/2012/oct/189754.json
2025-12-06 14:28:56,205 - INFO - 
[568/2000] Processing G.R. No. 189755
2025-12-06 14:28:56,205 - INFO -   Title: Emeteria Liwag vs. Happy Glen Loop Homeowners Association, I...
2025-12-06 14:28:56,444 - INFO -   ✓ Saved: RESTRUCTURED_DB/2012/jul/189755.json
2025-12-06 14:28:56,944 - INFO - 
[569/2000] Processing G.R. No. 189767
2025-12-06 14:28:56,944 - INFO -   Title: Philippine Economic Zone Authority (PEZA) vs. Commission on ...
2025-12-06 14:28:57,400 - INFO -   ✓ Saved: RESTRUCTURED_DB/2012/jul/189767.json
2025-12-06 14:28:57,901 - INFO - 
[570/2000] Processing G.R. No. 189767
2025-12-06 14:28:57,901 - INFO -   Title: Philippine Economic Zone Authority (PEZA) vs. Commission on ...
2025-12-06 14:28:58,345 - INFO -   Case already exists: RESTRUCTURED_DB/2012/jul/189767.json
2025-12-06 14:28:58,845 - INFO - 
[571/2000] Processing G.R. No. 189774
2025-12-06 14:28:58,845 - INFO -   Title: Dr. Emmanuel T. Velasco, et al. vs. Commission on Audit and ...
2025-12-06 14:28:59,289 - INFO -   ✓ Saved: RESTRUCTURED_DB/2012/sep/189774.json
2025-12-06 14:28:59,789 - INFO - 
[572/2000] Processing G.R. No. 189808
2025-12-06 14:28:59,789 - INFO -   Title: People of the Philippines vs. Meriam Guru y Kazan...
2025-12-06 14:29:00,029 - INFO -   ✓ Saved: RESTRUCTURED_DB/2012/oct/189808.json
2025-12-06 14:29:00,529 - INFO - 
[573/2000] Processing G.R. No. 189817
2025-12-06 14:29:00,529 - INFO -   Title: People of the Philippines vs. Reyna Bataluna Llanita and Sot...
2025-12-06 14:29:00,975 - INFO -   ✓ Saved: RESTRUCTURED_DB/2012/oct/189817.json
2025-12-06 14:29:01,476 - INFO - 
[574/2000] Processing G.R. No. 189820
2025-12-06 14:29:01,476 - INFO -   Title: People of the Philippines vs. Jovel S. Apole, et al....
2025-12-06 14:29:01,922 - INFO -   ✓ Saved: RESTRUCTURED_DB/2012/oct/189820.json
2025-12-06 14:29:02,422 - INFO - 
[575/2000] Processing G.R. No. 189947
2025-12-06 14:29:02,422 - INFO -   Title: Manila Pavilion Hotel, etc. vs. Henry Delada...
2025-12-06 14:29:02,667 - INFO -   ✓ Saved: RESTRUCTURED_DB/2012/jan/189947.json
2025-12-06 14:29:03,167 - INFO - 
[576/2000] Processing G.R. No. 189984
2025-12-06 14:29:03,167 - INFO -   Title: Richard B. Lopez vs. Diana Jeanne Lopez, et al....
2025-12-06 14:29:03,405 - INFO -   ✓ Saved: RESTRUCTURED_DB/2012/nov/189984.json
2025-12-06 14:29:03,905 - INFO - 
[577/2000] Processing G.R. No. 189998
2025-12-06 14:29:03,905 - INFO -   Title: Makati Shangri-La Hotel and Resort, Inc. vs. Ellen Johanne H...
2025-12-06 14:29:04,558 - INFO -   ✓ Saved: RESTRUCTURED_DB/2012/aug/189998.json
2025-12-06 14:29:05,059 - INFO - 
[578/2000] Processing G.R. No. 189999
2025-12-06 14:29:05,059 - INFO -   Title: Angeles University Foundation vs. City of Angeles, et al....
2025-12-06 14:29:05,299 - INFO -   ✓ Saved: RESTRUCTURED_DB/2012/jun/189999.json
2025-12-06 14:29:05,799 - INFO - 
[579/2000] Processing G.R. No. 190022
2025-12-06 14:29:05,799 - INFO -   Title: Philippine National Railways Corporation, et al. vs. Purific...
2025-12-06 14:29:06,046 - INFO -   ✓ Saved: RESTRUCTURED_DB/2012/feb/190022.json
2025-12-06 14:29:06,547 - INFO - 
[580/2000] Processing G.R. No. 190071
2025-12-06 14:29:06,547 - INFO -   Title: Union Bank of the Philippines vs. Maunlad Homes, Inc., and a...
2025-12-06 14:29:06,797 - INFO -   ✓ Saved: RESTRUCTURED_DB/2012/aug/190071.json
2025-12-06 14:29:07,298 - INFO - 
[581/2000] Processing G.R. No. 190102
2025-12-06 14:29:07,298 - INFO -   Title: Accenture, Inc. vs. Commissioner of Internal Revenue...
2025-12-06 14:29:07,745 - INFO -   ✓ Saved: RESTRUCTURED_DB/2012/jul/190102.json
2025-12-06 14:29:08,245 - INFO - 
[582/2000] Processing G.R. No. 190144
2025-12-06 14:29:08,245 - INFO -   Title: Bank of the Philippine islands vs. Carlito Lee...
2025-12-06 14:29:08,484 - INFO -   ✓ Saved: RESTRUCTURED_DB/2012/aug/190144.json
2025-12-06 14:29:08,985 - INFO - 
[583/2000] Processing G.R. No. 190293
2025-12-06 14:29:08,985 - INFO -   Title: Philip Sigfrid A. Fortun and Albert Lee G. Angeles vs. Glori...
2025-12-06 14:29:09,649 - INFO -   ✓ Saved: RESTRUCTURED_DB/2012/mar/190293.json
2025-12-06 14:29:10,149 - INFO - 
[584/2000] Processing G.R. No. 190321
2025-12-06 14:29:10,149 - INFO -   Title: The People of the Philippines vs. Sammy Umipag y Abdul...
2025-12-06 14:29:10,391 - INFO -   ✓ Saved: RESTRUCTURED_DB/2012/apr/190321.json
2025-12-06 14:29:10,891 - INFO - 
[585/2000] Processing G.R. No. 190336
2025-12-06 14:29:10,892 - INFO -   Title: Land Bank of the Philippines, etc. vs. Paz O. Montalvan, joi...
2025-12-06 14:29:11,131 - INFO -   ✓ Saved: RESTRUCTURED_DB/2012/jun/190336.json
2025-12-06 14:29:11,631 - INFO - 
[586/2000] Processing G.R. No. 190342
2025-12-06 14:29:11,631 - INFO -   Title: People of the Philippines vs. Cipriano Cardenas y Gofrerica...
2025-12-06 14:29:11,871 - INFO -   ✓ Saved: RESTRUCTURED_DB/2012/mar/190342.json
2025-12-06 14:29:12,371 - INFO - 
[587/2000] Processing G.R. No. 190375
2025-12-06 14:29:12,371 - INFO -   Title: Tan Shuy vs. Spouses Guillermo Maulawin, et al....
2025-12-06 14:29:12,611 - INFO -   ✓ Saved: RESTRUCTURED_DB/2012/feb/190375.json
2025-12-06 14:29:13,111 - INFO - 
[588/2000] Processing G.R. No. 190422
2025-12-06 14:29:13,111 - INFO -   Title: Russel Ulysses I. Nieves vs. Jocelyn LB. Blanco, in her capa...
2025-12-06 14:29:13,349 - INFO -   ✓ Saved: RESTRUCTURED_DB/2012/jun/190422.json
2025-12-06 14:29:13,849 - INFO - 
[589/2000] Processing G.R. No. 190436
2025-12-06 14:29:13,850 - INFO -   Title: Norman Yabut vs. Manila Electric Company and Manuel M. Lopez...
2025-12-06 14:29:14,294 - INFO -   ✓ Saved: RESTRUCTURED_DB/2012/jan/190436.json
2025-12-06 14:29:14,794 - INFO - 
[590/2000] Processing G.R. No. 190559
2025-12-06 14:29:14,795 - INFO -   Title: Blue Sky Trading Company, Inc. et al. vs. Arlene P. Blas and...
2025-12-06 14:29:15,241 - INFO -   ✓ Saved: RESTRUCTURED_DB/2012/mar/190559.json
2025-12-06 14:29:15,741 - INFO - 
[591/2000] Processing G.R. No. 190569
2025-12-06 14:29:15,741 - INFO -   Title: P/Insp. Ariel S. Artillero vs. Orlando C. Casimiro, etc., et...
2025-12-06 14:29:16,197 - INFO -   ✓ Saved: RESTRUCTURED_DB/2012/apr/190569.json
2025-12-06 14:29:16,697 - INFO - 
[592/2000] Processing G.R. No. 190610
2025-12-06 14:29:16,698 - INFO -   Title: People of the Philippines vs. Saturnino Dela Cruz, et al....
2025-12-06 14:29:16,935 - INFO -   ✓ Saved: RESTRUCTURED_DB/2012/apr/190610.json
2025-12-06 14:29:17,435 - INFO - 
[593/2000] Processing G.R. No. 190680
2025-12-06 14:29:17,435 - INFO -   Title: Commissioner of Internal Revenue vs. Court of Tax Appeals an...
2025-12-06 14:29:17,683 - INFO -   ✓ Saved: RESTRUCTURED_DB/2012/sep/190680.json
2025-12-06 14:29:18,183 - INFO - 
[594/2000] Processing G.R. No. 190749
2025-12-06 14:29:18,183 - INFO -   Title: Valentin Zafra y Dechosa and Eroll Marcelino y Reyes vs. Peo...
2025-12-06 14:29:18,628 - INFO -   ✓ Saved: RESTRUCTURED_DB/2012/apr/190749.json
2025-12-06 14:29:19,128 - INFO - 
[595/2000] Processing G.R. No. 190793
2025-12-06 14:29:19,128 - INFO -   Title: Magdalo Para sa Pagbabago vs. Commission on Elections...
2025-12-06 14:29:19,574 - INFO -   ✓ Saved: RESTRUCTURED_DB/2012/jun/190793.json
2025-12-06 14:29:20,075 - INFO - 
[596/2000] Processing G.R. No. 190794
2025-12-06 14:29:20,075 - INFO -   Title: Josan, JPS, Santiago Cargo Movers, and Mary Grace S. Parunga...
2025-12-06 14:29:20,313 - INFO -   ✓ Saved: RESTRUCTURED_DB/2012/feb/190794.json
2025-12-06 14:29:20,813 - INFO - 
[597/2000] Processing G.R. No. 190810
2025-12-06 14:29:20,813 - INFO -   Title: Lorenza C. Ongco vs. Valeriana Ungco Dalisay...
2025-12-06 14:29:21,256 - INFO -   ✓ Saved: RESTRUCTURED_DB/2012/jul/190810.json
2025-12-06 14:29:21,757 - INFO - 
[598/2000] Processing G.R. No. 190875
2025-12-06 14:29:21,757 - INFO -   Title: Aniceto Bangis, substituted by his heirs, namely Rodolfo B. ...
2025-12-06 14:29:22,203 - INFO -   ✓ Saved: RESTRUCTURED_DB/2012/jun/190875.json
2025-12-06 14:29:22,703 - INFO - 
[599/2000] Processing G.R. No. 190907
2025-12-06 14:29:22,703 - INFO -   Title: Veterans Philippine Scout Security Agency, Inc. vs. First Do...
2025-12-06 14:29:23,155 - INFO -   ✓ Saved: RESTRUCTURED_DB/2012/aug/190907.json
2025-12-06 14:29:23,655 - INFO - 
[600/2000] Processing G.R. No. 191062
2025-12-06 14:29:23,655 - INFO -   Title: People of the Philippine vs. Mohamad Angkob y Milang...
2025-12-06 14:29:24,100 - INFO -   ✓ Saved: RESTRUCTURED_DB/2012/sep/191062.json
2025-12-06 14:29:24,600 - INFO - 
[601/2000] Processing G.R. No. 191109
2025-12-06 14:29:24,600 - INFO -   Title: Republic of the Philippines, represented by the Philippine R...
2025-12-06 14:29:25,045 - INFO -   ✓ Saved: RESTRUCTURED_DB/2012/jul/191109.json
2025-12-06 14:29:25,545 - INFO - 
[602/2000] Processing G.R. No. 191128
2025-12-06 14:29:25,545 - INFO -   Title: Carmencita Guizano, substituted by her heirs namely, Eugenio...
2025-12-06 14:29:25,786 - INFO -   ✓ Saved: RESTRUCTURED_DB/2012/sep/191128.json
2025-12-06 14:29:26,286 - INFO - 
[603/2000] Processing G.R. No. 191192
2025-12-06 14:29:26,286 - INFO -   Title: People of the Philippines vs. Edgar Balquedra...
2025-12-06 14:29:26,732 - INFO -   ✓ Saved: RESTRUCTURED_DB/2012/aug/191192.json
2025-12-06 14:29:27,232 - INFO - 
[604/2000] Processing G.R. No. 191193
2025-12-06 14:29:27,232 - INFO -   Title: People of the Philippines vs. Godofredo Mariano y Feliciano ...
2025-12-06 14:29:27,686 - INFO -   ✓ Saved: RESTRUCTURED_DB/2012/nov/191193.json
2025-12-06 14:29:28,186 - INFO - 
[605/2000] Processing G.R. No. 191281
2025-12-06 14:29:28,187 - INFO -   Title: Best Wear Garments, et al. vs. Adelaida B. De Lemos, et al....
2025-12-06 14:29:28,433 - INFO -   ✓ Saved: RESTRUCTURED_DB/2012/dec/191281.json
2025-12-06 14:29:28,933 - INFO - 
[606/2000] Processing G.R. No. 191336
2025-12-06 14:29:28,933 - INFO -   Title: Crisanta Alcaraz Miguel vs. Jerry D. Montanez...
2025-12-06 14:29:29,172 - INFO -   ✓ Saved: RESTRUCTURED_DB/2012/jan/191336.json
2025-12-06 14:29:29,672 - INFO - 
[607/2000] Processing G.R. No. 191365
2025-12-06 14:29:29,672 - INFO -   Title: People of the Philippines vs. Eduardo N. Navarette, Jr....
2025-12-06 14:29:30,116 - INFO -   ✓ Saved: RESTRUCTURED_DB/2012/feb/191365.json
2025-12-06 14:29:30,617 - INFO - 
[608/2000] Processing G.R. No. 191412
2025-12-06 14:29:30,617 - INFO -   Title: Leticia A. Cadena vs. Civil Service Commission...
2025-12-06 14:29:30,859 - INFO -   ✓ Saved: RESTRUCTURED_DB/2012/jan/191412.json
2025-12-06 14:29:31,359 - INFO - 
[609/2000] Processing G.R. No. 191532
2025-12-06 14:29:31,359 - INFO -   Title: Margarita Ambre Y Cayuni vs. People of the Philippines...
2025-12-06 14:29:31,803 - INFO -   ✓ Saved: RESTRUCTURED_DB/2012/aug/191532.json
2025-12-06 14:29:32,303 - INFO - 
[610/2000] Processing G.R. No. 191563
2025-12-06 14:29:32,304 - INFO -   Title: Legal Heirs of the Late Edwin B. Deauna, rep. by his wife, M...
2025-12-06 14:29:32,749 - INFO -   ✓ Saved: RESTRUCTURED_DB/2012/jun/191563.json
2025-12-06 14:29:33,249 - INFO - 
[611/2000] Processing G.R. No. 191606
2025-12-06 14:29:33,250 - INFO -   Title: Damaso R. Casomo vs. Career Philippines Shipmanagement, Inc....
2025-12-06 14:29:33,699 - INFO -   ✓ Saved: RESTRUCTURED_DB/2012/aug/191606.json
2025-12-06 14:29:34,200 - INFO - 
[612/2000] Processing G.R. No. 191660
2025-12-06 14:29:34,200 - INFO -   Title: Delia T. Sutton vs. Romanito P. Lim, et al....
2025-12-06 14:29:34,437 - INFO -   ✓ Saved: RESTRUCTURED_DB/2012/dec/191660.json
2025-12-06 14:29:34,938 - INFO - 
[613/2000] Processing G.R. No. 191703
2025-12-06 14:29:34,938 - INFO -   Title: Cresensio Baño and Heirs of the Deceased Amancio Asumbrado, ...
2025-12-06 14:29:35,187 - INFO -   ✓ Saved: RESTRUCTURED_DB/2012/mar/191703.json
2025-12-06 14:29:35,687 - INFO - 
[614/2000] Processing G.R. No. 191753
2025-12-06 14:29:35,687 - INFO -   Title: People of the Philippines vs. Ronald De Jesus y Apacible and...
2025-12-06 14:29:36,131 - INFO -   ✓ Saved: RESTRUCTURED_DB/2012/sep/191753.json
2025-12-06 14:29:36,631 - INFO - 
[615/2000] Processing G.R. No. 191761
2025-12-06 14:29:36,631 - INFO -   Title: Cagayan Electric Power and Light Co., Inc. vs. City of Cagay...
2025-12-06 14:29:37,080 - INFO -   ✓ Saved: RESTRUCTURED_DB/2012/nov/191761.json
2025-12-06 14:29:37,580 - INFO - 
[616/2000] Processing G.R. No. 191792
2025-12-06 14:29:37,580 - INFO -   Title: Angelito Castro, et al. vs. Philippine Long Distance Telepho...
2025-12-06 14:29:37,817 - INFO -   ✓ Saved: RESTRUCTURED_DB/2012/aug/191792.json
2025-12-06 14:29:38,318 - INFO - 
[617/2000] Processing G.R. No. 191837
2025-12-06 14:29:38,318 - INFO -   Title: Maria Consolacion Rivera-Pascual vs. Spouses Marilyn Lim and...
2025-12-06 14:29:38,556 - INFO -   ✓ Saved: RESTRUCTURED_DB/2012/sep/191837.json
2025-12-06 14:29:39,056 - INFO - 
[618/2000] Processing G.R. No. 191890
2025-12-06 14:29:39,056 - INFO -   Title: Evalyn I. Fetalino and Amado M. Calderon, Petitioner; Manuel...
2025-12-06 14:29:39,711 - INFO -   ✓ Saved: RESTRUCTURED_DB/2012/dec/191890.json
2025-12-06 14:29:40,212 - INFO - 
[619/2000] Processing G.R. No. 191913
2025-12-06 14:29:40,212 - INFO -   Title: SPO2 Lito T. Nacnac vs. People of the Philippines...
2025-12-06 14:29:40,450 - INFO -   ✓ Saved: RESTRUCTURED_DB/2012/mar/191913.json
2025-12-06 14:29:40,950 - INFO - 
[620/2000] Processing G.R. No. 191970
2025-12-06 14:29:40,950 - INFO -   Title: Rommel Apolinario Jalosjos vs. the Commission on Elections, ...
2025-12-06 14:29:41,188 - INFO -   ✓ Saved: RESTRUCTURED_DB/2012/apr/191970.json
2025-12-06 14:29:41,689 - INFO - 
[621/2000] Processing G.R. No. 191993
2025-12-06 14:29:41,689 - INFO -   Title: Eduardo T. Abad vs. Leonardo Biason and Gabriel A. Magno...
2025-12-06 14:29:42,132 - INFO -   ✓ Saved: RESTRUCTURED_DB/2012/dec/191993.json
2025-12-06 14:29:42,632 - INFO - 
[622/2000] Processing G.R. No. 192076
2025-12-06 14:29:42,632 - INFO -   Title: Michelle T. Tuazon vs. Bank of Commerce, Raul B. De Mesa and...
2025-12-06 14:29:43,076 - INFO -   ✓ Saved: RESTRUCTURED_DB/2012/nov/192076.json
2025-12-06 14:29:43,576 - INFO - 
[623/2000] Processing G.R. No. 192085
2025-12-06 14:29:43,576 - INFO -   Title: Caridad Segarra Sazon vs. Letecia Vasquez-Menancio...
2025-12-06 14:29:44,023 - INFO -   ✓ Saved: RESTRUCTURED_DB/2012/feb/192085.json
2025-12-06 14:29:44,523 - INFO - 
[624/2000] Processing G.R. No. 192088
2025-12-06 14:29:44,523 - INFO -   Title: Initiative for Dialoque and Emprovement through Alternative ...
2025-12-06 14:29:45,396 - INFO -   ✓ Saved: RESTRUCTURED_DB/2012/oct/192088.json
2025-12-06 14:29:45,896 - INFO - 
[625/2000] Processing G.R. No. 192108
2025-12-06 14:29:45,896 - INFO -   Title: Sps. Socrates Sy and Cely Sy vs. Andok's Litson Corporation...
2025-12-06 14:29:46,134 - INFO -   ✓ Saved: RESTRUCTURED_DB/2012/nov/192108.json
2025-12-06 14:29:46,634 - INFO - 
[626/2000] Processing G.R. No. 192117
2025-12-06 14:29:46,634 - INFO -   Title: Association of Southern Tagalog Electric Cooperatives, Inc.,...
2025-12-06 14:29:47,086 - INFO -   ✓ Saved: RESTRUCTURED_DB/2012/sep/192117.json
2025-12-06 14:29:47,586 - INFO - 
[627/2000] Processing G.R. No. 192180
2025-12-06 14:29:47,586 - INFO -   Title: People of the Philippines vs. Alias Kino Lascano, et al....
2025-12-06 14:29:47,825 - INFO -   ✓ Saved: RESTRUCTURED_DB/2012/mar/192180.json
2025-12-06 14:29:48,325 - INFO - 
[628/2000] Processing G.R. No. 192190
2025-12-06 14:29:48,325 - INFO -   Title: Billy M. Realda vs. New Age Graphics, Inc. and Julian I. Mar...
2025-12-06 14:29:48,563 - INFO -   ✓ Saved: RESTRUCTURED_DB/2012/apr/192190.json
2025-12-06 14:29:49,064 - INFO - 
[629/2000] Processing G.R. No. 192221
2025-12-06 14:29:49,064 - INFO -   Title: Casimira S. Dela Cruz vs. Commission on Elections and John L...
2025-12-06 14:29:49,509 - INFO -   ✓ Saved: RESTRUCTURED_DB/2012/nov/192221.json
2025-12-06 14:29:50,010 - INFO - 
[630/2000] Processing G.R. No. 192241
2025-12-06 14:29:50,010 - INFO -   Title: Romulo Trinidad @ Romy vs. People of the Philippines...
2025-12-06 14:29:50,257 - INFO -   ✓ Saved: RESTRUCTURED_DB/2012/jun/192241.json
2025-12-06 14:29:50,757 - INFO - 
[631/2000] Processing G.R. No. 192250
2025-12-06 14:29:50,757 - INFO -   Title: People of the Philippines vs. Hermogenes De Guzman @ Mong...
2025-12-06 14:29:51,203 - INFO -   ✓ Saved: RESTRUCTURED_DB/2012/jul/192250.json
2025-12-06 14:29:51,703 - INFO - 
[632/2000] Processing G.R. No. 192274
2025-12-06 14:29:51,703 - INFO -   Title: Norberto Lee vs. People of the Philippines and Allied Bank...
2025-12-06 14:29:51,946 - INFO -   ✓ Saved: RESTRUCTURED_DB/2012/feb/192274.json
2025-12-06 14:29:52,446 - INFO - 
[633/2000] Processing G.R. No. 192294
2025-12-06 14:29:52,446 - INFO -   Title: Great White Shark Enterprises, Inc. vs. Danilo M. Caralde, J...
2025-12-06 14:29:52,684 - INFO -   ✓ Saved: RESTRUCTURED_DB/2012/nov/192294.json
2025-12-06 14:29:53,184 - INFO - 
[634/2000] Processing G.R. No. 192330
2025-12-06 14:29:53,184 - INFO -   Title: Arnold James M. Ysidoro vs. People of the Philippines...
2025-12-06 14:29:53,422 - INFO -   ✓ Saved: RESTRUCTURED_DB/2012/nov/192330.json
2025-12-06 14:29:53,922 - INFO - 
[635/2000] Processing G.R. No. 192334
2025-12-06 14:29:53,922 - INFO -   Title: Conrado Casing vs. Hon. Ombudsman, Jaime C. Velasco and Ange...
2025-12-06 14:29:54,366 - INFO -   ✓ Saved: RESTRUCTURED_DB/2012/jun/192334.json
2025-12-06 14:29:54,867 - INFO - 
[636/2000] Processing G.R. No. 192377
2025-12-06 14:29:54,867 - INFO -   Title: Cesar V. Madriaga, Jr. vs. China Banking Corporation...
2025-12-06 14:29:55,318 - INFO -   ✓ Saved: RESTRUCTURED_DB/2012/jul/192377.json
2025-12-06 14:29:55,818 - INFO - 
[637/2000] Processing G.R. No. 192413
2025-12-06 14:29:55,818 - INFO -   Title: Rizal Commercial Banking Corporation vs. Hi-Tri Development ...
2025-12-06 14:29:56,263 - INFO -   ✓ Saved: RESTRUCTURED_DB/2012/jun/192413.json
2025-12-06 14:29:56,763 - INFO - 
[638/2000] Processing G.R. No. 192450
2025-12-06 14:29:56,763 - INFO -   Title: Santiago V. Soquillo vs. Jorge P. Tortola...
2025-12-06 14:29:57,000 - INFO -   ✓ Saved: RESTRUCTURED_DB/2012/jul/192450.json
2025-12-06 14:29:57,501 - INFO - 
[639/2000] Processing G.R. No. 192474
2025-12-06 14:29:57,501 - INFO -   Title: Romeo M. Jolosjos, Jr. vs. the Commission on Elections and D...
2025-12-06 14:29:57,739 - INFO -   ✓ Saved: RESTRUCTURED_DB/2012/jun/192474.json
2025-12-06 14:29:58,239 - INFO - 
[640/2000] Processing G.R. No. 192486
2025-12-06 14:29:58,239 - INFO -   Title: Rupeta Cano Vda. De Viray and Jesus Carlo Gerafd Viray vs. S...
2025-12-06 14:29:58,893 - INFO -   ✓ Saved: RESTRUCTURED_DB/2012/nov/192486.json
2025-12-06 14:29:59,393 - INFO - 
[641/2000] Processing G.R. No. 192514
2025-12-06 14:29:59,393 - INFO -   Title: D.M. Consunji, Inc. and/or David M. Consunji vs. Estelito...
2025-12-06 14:29:59,632 - INFO -   ✓ Saved: RESTRUCTURED_DB/2012/apr/192514.json
2025-12-06 14:30:00,133 - INFO - 
[642/2000] Processing G.R. No. 192558
2025-12-06 14:30:00,133 - INFO -   Title: Bitoy Javier (Danilo P. Javier) vs. Fly Ace Corporation/Flor...
2025-12-06 14:30:00,577 - INFO -   ✓ Saved: RESTRUCTURED_DB/2012/feb/192558.json
2025-12-06 14:30:01,077 - INFO - 
[643/2000] Processing G.R. No. 192565
2025-12-06 14:30:01,077 - INFO -   Title: Union Bank of the Philippines and Desi Tomas vs. People of t...
2025-12-06 14:30:01,522 - INFO -   ✓ Saved: RESTRUCTURED_DB/2012/feb/192565.json
2025-12-06 14:30:02,022 - INFO - 
[644/2000] Processing G.R. No. 192591
2025-12-06 14:30:02,022 - INFO -   Title: Efren L. Alvarez vs. People of the Philippines...
2025-12-06 14:30:02,678 - INFO -   ✓ Saved: RESTRUCTURED_DB/2012/jul/192591.json
2025-12-06 14:30:03,178 - INFO - 
[645/2000] Processing G.R. No. 192650
2025-12-06 14:30:03,178 - INFO -   Title: Felix Martos, Jimmy Eclana, Rodel Pilones, et al. vs. New Sa...
2025-12-06 14:30:03,419 - INFO -   ✓ Saved: RESTRUCTURED_DB/2012/oct/192650.json
2025-12-06 14:30:03,919 - INFO - 
[646/2000] Processing G.R. No. 192716
2025-12-06 14:30:03,919 - INFO -   Title: Eloisa Merchandising, Inc. and Trebel International, Inc. vs...
2025-12-06 14:30:04,159 - INFO -   ✓ Saved: RESTRUCTURED_DB/2012/jun/192716.json
2025-12-06 14:30:04,659 - INFO - 
[647/2000] Processing G.R. No. 192737
2025-12-06 14:30:04,659 - INFO -   Title: Nemia Castro vs. Rosalyn Guevarra and Jamir Guevarra...
2025-12-06 14:30:04,898 - INFO -   ✓ Saved: RESTRUCTURED_DB/2012/apr/192737.json
2025-12-06 14:30:05,398 - INFO - 
[648/2000] Processing G.R. No. 192791
2025-12-06 14:30:05,398 - INFO -   Title: Dennis A. B. Funa vs. the Chairman, Commission on Audit, Rey...
2025-12-06 14:30:06,745 - INFO -   ✓ Saved: RESTRUCTURED_DB/2012/apr/192791.json
2025-12-06 14:30:07,245 - INFO - 
[649/2000] Processing G.R. No. 192799
2025-12-06 14:30:07,245 - INFO -   Title: Rolex Rodriquez y Olayres vs. People of the Philippines and ...
2025-12-06 14:30:07,484 - INFO -   ✓ Saved: RESTRUCTURED_DB/2012/oct/192799.json
2025-12-06 14:30:07,984 - INFO - 
[650/2000] Processing G.R. No. 192813
2025-12-06 14:30:07,984 - INFO -   Title: Vashdeo Gagoomal vs. Spouses Ramon and Natividad Villacorta...
2025-12-06 14:30:08,430 - INFO -   ✓ Saved: RESTRUCTURED_DB/2012/jan/192813.json
2025-12-06 14:30:08,930 - INFO - 
[651/2000] Processing G.R. No. 192885
2025-12-06 14:30:08,930 - INFO -   Title: Subic Bay Metropolitan Authority vs. Honorable Court of Appe...
2025-12-06 14:30:09,178 - INFO -   ✓ Saved: RESTRUCTURED_DB/2012/jul/192885.json
2025-12-06 14:30:09,679 - INFO - 
[652/2000] Processing G.R. No. 192908
2025-12-06 14:30:09,679 - INFO -   Title: Republic of the Philippines, represented by the Department o...
2025-12-06 14:30:10,132 - INFO -   ✓ Saved: RESTRUCTURED_DB/2012/aug/192908.json
2025-12-06 14:30:10,632 - INFO - 
[653/2000] Processing G.R. No. 192945
2025-12-06 14:30:10,632 - INFO -   Title: City of Iriga vs. Camarines Sur III Electric Cooperative Inc...
2025-12-06 14:30:11,076 - INFO -   ✓ Saved: RESTRUCTURED_DB/2012/sep/192945.json
2025-12-06 14:30:11,576 - INFO - 
[654/2000] Processing G.R. No. 192951
2025-12-06 14:30:11,576 - INFO -   Title: Aldersgate College, Inc., Arsenio L. Mendoza, Ignacio A. Gal...
2025-12-06 14:30:11,814 - INFO -   ✓ Saved: RESTRUCTURED_DB/2012/nov/192951.json
2025-12-06 14:30:12,314 - INFO - 
[655/2000] Processing G.R. No. 192975
2025-12-06 14:30:12,314 - INFO -   Title: Republic of the Philippines, rep. by the Regional Executive ...
2025-12-06 14:30:12,757 - INFO -   ✓ Saved: RESTRUCTURED_DB/2012/nov/192975.json
2025-12-06 14:30:13,257 - INFO - 
[656/2000] Processing G.R. No. 192984
2025-12-06 14:30:13,258 - INFO -   Title: Rolando D. Layug vs. Commission on Elections, Mariano Velard...
2025-12-06 14:30:13,713 - INFO -   ✓ Saved: RESTRUCTURED_DB/2012/feb/192984.json
2025-12-06 14:30:14,213 - INFO - 
[657/2000] Processing G.R. No. 192999
2025-12-06 14:30:14,213 - INFO -   Title: Diamond Farms, Inc. vs. Diamond Farm Workers Multi-Purpose C...
2025-12-06 14:30:14,661 - INFO -   ✓ Saved: RESTRUCTURED_DB/2012/jul/192999.json
2025-12-06 14:30:15,162 - INFO - 
[658/2000] Processing G.R. No. 193065
2025-12-06 14:30:15,162 - INFO -   Title: Deutsche Bank AG vs. Court of Appeals and Steel Corporation ...
2025-12-06 14:30:15,607 - INFO -   ✓ Saved: RESTRUCTURED_DB/2012/feb/193065.json
2025-12-06 14:30:16,107 - INFO - 
[659/2000] Processing G.R. No. 193089
2025-12-06 14:30:16,107 - INFO -   Title: Roseña Fontelar Ogawa vs. Elizabeth Gache Menigishi...
2025-12-06 14:30:16,345 - INFO -   ✓ Saved: RESTRUCTURED_DB/2012/jul/193089.json
2025-12-06 14:30:16,845 - INFO - 
[660/2000] Processing G.R. No. 193237
2025-12-06 14:30:16,845 - INFO -   Title: Dominador G. Jalosjos, Jr. vs. Commission on Elections, et a...
2025-12-06 14:30:17,716 - INFO -   ✓ Saved: RESTRUCTURED_DB/2012/oct/193237.json
2025-12-06 14:30:18,216 - INFO - 
[661/2000] Processing G.R. No. 193250
2025-12-06 14:30:18,216 - INFO -   Title: Philippine National Bank vs. Amelio Tria and John Doe...
2025-12-06 14:30:18,455 - INFO -   ✓ Saved: RESTRUCTURED_DB/2012/apr/193250.json
2025-12-06 14:30:18,956 - INFO - 
[662/2000] Processing G.R. No. 193261
2025-12-06 14:30:18,956 - INFO -   Title: Meynardo Sabili vs. Commission on Elections, et al....
2025-12-06 14:30:19,412 - INFO -   ✓ Saved: RESTRUCTURED_DB/2012/apr/193261.json
2025-12-06 14:30:19,913 - INFO - 
[663/2000] Processing G.R. No. 193279
2025-12-06 14:30:19,913 - INFO -   Title: Eleanor De Leon Llenado vs. People of the Philippines and Ed...
2025-12-06 14:30:20,150 - INFO -   ✓ Saved: RESTRUCTURED_DB/2012/mar/193279.json
2025-12-06 14:30:20,650 - INFO - 
[664/2000] Processing G.R. No. 193346
2025-12-06 14:30:20,651 - INFO -   Title: Philippine National Bank vs. Spouses Rogelio and Evelyn Roqu...
2025-12-06 14:30:20,889 - INFO -   ✓ Saved: RESTRUCTURED_DB/2012/feb/193346.json
2025-12-06 14:30:21,389 - INFO - 
[665/2000] Processing G.R. No. 193362
2025-12-06 14:30:21,389 - INFO -   Title: Edgardo Medalla vs. Resurreccion D. Laxa...
2025-12-06 14:30:21,627 - INFO -   ✓ Saved: RESTRUCTURED_DB/2012/jan/193362.json
2025-12-06 14:30:22,127 - INFO - 
[666/2000] Processing G.R. No. 193415
2025-12-06 14:30:22,127 - INFO -   Title: Sps. Daisy and Socrates M. Arevalo vs. Planters Development ...
2025-12-06 14:30:22,573 - INFO -   ✓ Saved: RESTRUCTURED_DB/2012/apr/193415.json
2025-12-06 14:30:23,073 - INFO - 
[667/2000] Processing G.R. No. 193443
2025-12-06 14:30:23,073 - INFO -   Title: Jean Tan, et al. vs. Republic of the Philippines...
2025-12-06 14:30:23,313 - INFO -   ✓ Saved: RESTRUCTURED_DB/2012/apr/193443.json
2025-12-06 14:30:23,813 - INFO - 
[668/2000] Processing G.R. No. 193484
2025-12-06 14:30:23,814 - INFO -   Title: Hypte R. Aujero vs. Philippine Communications Satellite Corp...
2025-12-06 14:30:24,258 - INFO -   ✓ Saved: RESTRUCTURED_DB/2012/jan/193484.json
2025-12-06 14:30:24,758 - INFO - 
[669/2000] Processing G.R. No. 193509
2025-12-06 14:30:24,758 - INFO -   Title: People of the Philippines vs. Ireneo Ganzan...
2025-12-06 14:30:24,997 - INFO -   ✓ Saved: RESTRUCTURED_DB/2012/apr/193509.json
2025-12-06 14:30:25,497 - INFO - 
[670/2000] Processing G.R. No. 193636
2025-12-06 14:30:25,497 - INFO -   Title: Marynette R. Gamboa vs. P/Ssupt. Marlou C. Chan, etc., et al...
2025-12-06 14:30:25,944 - INFO -   ✓ Saved: RESTRUCTURED_DB/2012/jul/193636.json
2025-12-06 14:30:26,444 - INFO - 
[671/2000] Processing G.R. No. 193665
2025-12-06 14:30:26,444 - INFO -   Title: People of the Philippines vs. Ricardo Bosi y Danao...
2025-12-06 14:30:26,689 - INFO -   ✓ Saved: RESTRUCTURED_DB/2012/jun/193665.json
2025-12-06 14:30:27,190 - INFO - 
[672/2000] Processing G.R. No. 193667
2025-12-06 14:30:27,190 - INFO -   Title: People of the Philippines vs. Mariavic Espenilla y Mercado...
2025-12-06 14:30:27,427 - INFO -   ✓ Saved: RESTRUCTURED_DB/2012/feb/193667.json
2025-12-06 14:30:27,927 - INFO - 
[673/2000] Processing G.R. No. 193672
2025-12-06 14:30:27,927 - INFO -   Title: People of the Philippines vs. Glenford Samoy and Leodigario ...
2025-12-06 14:30:28,175 - INFO -   ✓ Saved: RESTRUCTURED_DB/2012/jan/193672.json
2025-12-06 14:30:28,675 - INFO - 
[674/2000] Processing G.R. No. 193676
2025-12-06 14:30:28,675 - INFO -   Title: Cosmos Bottling Corp. vs. Wilson Fermin/Wilson Fermin vs. Co...
2025-12-06 14:30:29,118 - INFO -   ✓ Saved: RESTRUCTURED_DB/2012/jun/193676.json
2025-12-06 14:30:29,619 - INFO - 
[675/2000] Processing G.R. No. 193679
2025-12-06 14:30:29,619 - INFO -   Title: C.F. Sharp Crew Management, Inc., et al. vs. Joel D. Taok...
2025-12-06 14:30:30,068 - INFO -   ✓ Saved: RESTRUCTURED_DB/2012/jul/193679.json
2025-12-06 14:30:30,568 - INFO - 
[676/2000] Processing G.R. No. 193753
2025-12-06 14:30:30,568 - INFO -   Title: Living @ Sense, Inc. vs. Malayan Insurance Company, Inc....
2025-12-06 14:30:30,805 - INFO -   ✓ Saved: RESTRUCTURED_DB/2012/sep/193753.json
2025-12-06 14:30:31,305 - INFO - 
[677/2000] Processing G.R. No. 193789
2025-12-06 14:30:31,306 - INFO -   Title: Alex Q. Naranjo. Donnalyn De Guzman, Ronald V. Cruz, Rosemar...
2025-12-06 14:30:31,550 - INFO -   ✓ Saved: RESTRUCTURED_DB/2012/sep/193789.json
2025-12-06 14:30:32,050 - INFO - 
[678/2000] Processing G.R. No. 193808
2025-12-06 14:30:32,050 - INFO -   Title: Luis K. Lokin, Jr. and Teresita F. Planas vs. Commission on ...
2025-12-06 14:30:32,495 - INFO -   ✓ Saved: RESTRUCTURED_DB/2012/jun/193808.json
2025-12-06 14:30:32,996 - INFO - 
[679/2000] Processing G.R. No. 193854
2025-12-06 14:30:32,996 - INFO -   Title: People of the Philippines vs. Dina Dulay y Pascual...
2025-12-06 14:30:33,441 - INFO -   ✓ Saved: RESTRUCTURED_DB/2012/sep/193854.json
2025-12-06 14:30:33,941 - INFO - 
[680/2000] Processing G.R. No. 193857
2025-12-06 14:30:33,941 - INFO -   Title: Ma. Mercedes L. Barba vs. Liceo De Cagayan University...
2025-12-06 14:30:34,387 - INFO -   ✓ Saved: RESTRUCTURED_DB/2012/nov/193857.json
2025-12-06 14:30:34,887 - INFO - 
[681/2000] Processing G.R. No. 193861
2025-12-06 14:30:34,887 - INFO -   Title: Paulita "Edith" Serra vs. Nelfa T. Mumar...
2025-12-06 14:30:35,127 - INFO -   ✓ Saved: RESTRUCTURED_DB/2012/mar/193861.json
2025-12-06 14:30:35,627 - INFO - 
[682/2000] Processing G.R. No. 193943
2025-12-06 14:30:35,627 - INFO -   Title: Reynaldo Posiquit vs. People of the Philippines...
2025-12-06 14:30:35,865 - INFO -   ✓ Saved: RESTRUCTURED_DB/2012/jan/193943.json
2025-12-06 14:30:36,365 - INFO - 
[683/2000] Processing G.R. No. 193978
2025-12-06 14:30:36,366 - INFO -   Title: Jelbert B. Galicto vs. H.E. President Benigno Simeon C. Aqui...
2025-12-06 14:30:37,023 - INFO -   ✓ Saved: RESTRUCTURED_DB/2012/feb/193978.json
2025-12-06 14:30:37,523 - INFO - 
[684/2000] Processing G.R. No. 193983
2025-12-06 14:30:37,523 - INFO -   Title: Victory M. Fernandez vs. Office of the Ombudsman, et al....
2025-12-06 14:30:37,763 - INFO -   ✓ Saved: RESTRUCTURED_DB/2012/mar/193983.json
2025-12-06 14:30:38,263 - INFO - 
[685/2000] Processing G.R. No. 194014
2025-12-06 14:30:38,263 - INFO -   Title: Philippine National Bank vs. Spouses Alejandro and Myrna Reb...
2025-12-06 14:30:38,708 - INFO -   ✓ Saved: RESTRUCTURED_DB/2012/sep/194014.json
2025-12-06 14:30:39,208 - INFO - 
[686/2000] Processing G.R. No. 194024
2025-12-06 14:30:39,209 - INFO -   Title: Philip L. Go, Pacifico Q. Lim, et al. vs. Distinction Proper...
2025-12-06 14:30:39,653 - INFO -   ✓ Saved: RESTRUCTURED_DB/2012/apr/194024.json
2025-12-06 14:30:40,154 - INFO - 
[687/2000] Processing G.R. No. 194106
2025-12-06 14:30:40,154 - INFO -   Title: Manila Electric Company (Meralco) vs. Herminigildo H. Dejan...
2025-12-06 14:30:40,392 - INFO -   ✓ Saved: RESTRUCTURED_DB/2012/jun/194106.json
2025-12-06 14:30:40,893 - INFO - 
[688/2000] Processing G.R. No. 194122
2025-12-06 14:30:40,893 - INFO -   Title: Hector Hernandez vs. Susan San Pedro Agoncillo...
2025-12-06 14:30:41,337 - INFO -   ✓ Saved: RESTRUCTURED_DB/2012/oct/194122.json
2025-12-06 14:30:41,837 - INFO - 
[689/2000] Processing G.R. No. 194139
2025-12-06 14:30:41,837 - INFO -   Title: Douglas R. Cagas vs. the Commission on Elections & Claude P....
2025-12-06 14:30:42,282 - INFO -   ✓ Saved: RESTRUCTURED_DB/2012/jan/194139.json
2025-12-06 14:30:42,783 - INFO - 
[690/2000] Processing G.R. No. 194255
2025-12-06 14:30:42,783 - INFO -   Title: The People of the Philippines vs. Nurfrashir Hashim y Saraba...
2025-12-06 14:30:43,021 - INFO -   ✓ Saved: RESTRUCTURED_DB/2012/jun/194255.json
2025-12-06 14:30:43,521 - INFO - 
[691/2000] Processing G.R. No. 194270
2025-12-06 14:30:43,521 - INFO -   Title: Loreto Bote vs. Spouses Robert Veloso and Gloria Veloso...
2025-12-06 14:30:43,766 - INFO -   ✓ Saved: RESTRUCTURED_DB/2012/dec/194270.json
2025-12-06 14:30:44,266 - INFO - 
[692/2000] Processing G.R. No. 194306
2025-12-06 14:30:44,266 - INFO -   Title: Sebastian F. Oasay, Jr. vs. Palacio del Gobernador Condomini...
2025-12-06 14:30:44,710 - INFO -   ✓ Saved: RESTRUCTURED_DB/2012/feb/194306.json
2025-12-06 14:30:45,210 - INFO - 
[693/2000] Processing G.R. No. 194320
2025-12-06 14:30:45,210 - INFO -   Title: Malayan Insurance Co., Inc. vs. Rodelio Alberto and Enrico A...
2025-12-06 14:30:45,655 - INFO -   ✓ Saved: RESTRUCTURED_DB/2012/feb/194320.json
2025-12-06 14:30:46,155 - INFO - 
[694/2000] Processing G.R. No. 194366
2025-12-06 14:30:46,155 - INFO -   Title: Napoleon D. Neri, et al. vs. Heirs of Hadji Yusop Uy and Jul...
2025-12-06 14:30:46,394 - INFO -   ✓ Saved: RESTRUCTURED_DB/2012/oct/194366.json
2025-12-06 14:30:46,894 - INFO - 
[695/2000] Processing G.R. No. 194445
2025-12-06 14:30:46,894 - INFO -   Title: People of the Philippines vs. Roger Posada y Urbano and Emil...
2025-12-06 14:30:47,341 - INFO -   ✓ Saved: RESTRUCTURED_DB/2012/mar/194445.json
2025-12-06 14:30:47,842 - INFO - 
[696/2000] Processing G.R. No. 194581
2025-12-06 14:30:47,842 - INFO -   Title: People of the Philippines vs. Danilo Mirasol Agustin, et al....
2025-12-06 14:30:48,090 - INFO -   ✓ Saved: RESTRUCTURED_DB/2012/jul/194581.json
2025-12-06 14:30:48,590 - INFO - 
[697/2000] Processing G.R. No. 194645
2025-12-06 14:30:48,590 - INFO -   Title: Civil Service Commission vs. Aurora M. Clave/Government Serv...
2025-12-06 14:30:48,828 - INFO -   ✓ Saved: RESTRUCTURED_DB/2012/mar/194645.json
2025-12-06 14:30:49,329 - INFO - 
[698/2000] Processing G.R. No. 194653
2025-12-06 14:30:49,329 - INFO -   Title: Antonio Mendoza vs. Fil-Homes Realty Development Corporation...
2025-12-06 14:30:49,772 - INFO -   ✓ Saved: RESTRUCTURED_DB/2012/feb/194653.json
2025-12-06 14:30:50,272 - INFO - 
[699/2000] Processing G.R. No. 194677
2025-12-06 14:30:50,272 - INFO -   Title: Alen H. Santiago vs. Pacabasin Shipmanagement, Inc. and/or M...
2025-12-06 14:30:50,716 - INFO -   ✓ Saved: RESTRUCTURED_DB/2012/apr/194677.json
2025-12-06 14:30:51,216 - INFO - 
[700/2000] Processing G.R. No. 194710
2025-12-06 14:30:51,217 - INFO -   Title: Manila International Airport Authority vs. Commission on Aud...
2025-12-06 14:30:51,663 - INFO -   ✓ Saved: RESTRUCTURED_DB/2012/feb/194710.json
2025-12-06 14:30:52,163 - INFO - 
[701/2000] Processing G.R. No. 194721
2025-12-06 14:30:52,164 - INFO -   Title: People of the Philippines vs. John Brian Amarillo y Mapa a.k...
2025-12-06 14:30:52,410 - INFO -   ✓ Saved: RESTRUCTURED_DB/2012/aug/194721.json
2025-12-06 14:30:52,910 - INFO - 
[702/2000] Processing G.R. No. 194758
2025-12-06 14:30:52,910 - INFO -   Title: Rubenj D. Andrada vs. Agemar Manning Agency, Inc. and/or Son...
2025-12-06 14:30:53,150 - INFO -   ✓ Saved: RESTRUCTURED_DB/2012/oct/194758.json
2025-12-06 14:30:53,650 - INFO - 
[703/2000] Processing G.R. No. 194781
2025-12-06 14:30:53,650 - INFO -   Title: RGM Industries, Inc. vs. United Pacific Capital Corporation...
2025-12-06 14:30:53,887 - INFO -   ✓ Saved: RESTRUCTURED_DB/2012/jun/194781.json
2025-12-06 14:30:54,388 - INFO - 
[704/2000] Processing G.R. No. 194785
2025-12-06 14:30:54,388 - INFO -   Title: Virgilio S. David vs. Misamis Occidental II Electric Coopera...
2025-12-06 14:30:54,833 - INFO -   ✓ Saved: RESTRUCTURED_DB/2012/jul/194785.json
2025-12-06 14:30:55,333 - INFO - 
[705/2000] Processing G.R. No. 194795
2025-12-06 14:30:55,333 - INFO -   Title: Ever Electrical Manufacturing, Inc. (EEMI) and Vicente Go vs...
2025-12-06 14:30:55,777 - INFO -   ✓ Saved: RESTRUCTURED_DB/2012/jun/194795.json
2025-12-06 14:30:56,277 - INFO - 
[706/2000] Processing G.R. No. 194813
2025-12-06 14:30:56,277 - INFO -   Title: Kakampi and its members, et al. vs. Kingspoint Express and L...
2025-12-06 14:30:56,721 - INFO -   ✓ Saved: RESTRUCTURED_DB/2012/apr/194813.json
2025-12-06 14:30:57,221 - INFO - 
[707/2000] Processing G.R. No. 194880
2025-12-06 14:30:57,222 - INFO -   Title: Republic of the Philippines and National Power Corporation b...
2025-12-06 14:30:57,668 - INFO -   ✓ Saved: RESTRUCTURED_DB/2012/jun/194880.json
2025-12-06 14:30:58,168 - INFO - 
[708/2000] Processing G.R. No. 194945
2025-12-06 14:30:58,168 - INFO -   Title: People of the Philippines vs. Alex Watamama y Esil @ Alex...
2025-12-06 14:30:58,405 - INFO -   ✓ Saved: RESTRUCTURED_DB/2012/jul/194945.json
2025-12-06 14:30:58,906 - INFO - 
[709/2000] Processing G.R. No. 195002
2025-12-06 14:30:58,906 - INFO -   Title: Hector Trenas vs. People of the Philippines...
2025-12-06 14:30:59,350 - INFO -   ✓ Saved: RESTRUCTURED_DB/2012/jan/195002.json
2025-12-06 14:30:59,851 - INFO - 
[710/2000] Processing G.R. No. 195097
2025-12-06 14:30:59,851 - INFO -   Title: Republic of the Philippines vs. Marlon Medida...
2025-12-06 14:31:00,501 - INFO -   ✓ Saved: RESTRUCTURED_DB/2012/aug/195097.json
2025-12-06 14:31:01,001 - INFO - 
[711/2000] Processing G.R. No. 195137
2025-12-06 14:31:01,001 - INFO -   Title: Republic of the Philippines vs. Heirs of Doroteo Montoya, re...
2025-12-06 14:31:01,446 - INFO -   ✓ Saved: RESTRUCTURED_DB/2012/jun/195137.json
2025-12-06 14:31:01,946 - INFO - 
[712/2000] Processing G.R. No. 195168
2025-12-06 14:31:01,946 - INFO -   Title: Benjamin C. Millan vs. Wallem Maritime Services, Inc., et al...
2025-12-06 14:31:02,397 - INFO -   ✓ Saved: RESTRUCTURED_DB/2012/nov/195168.json
2025-12-06 14:31:02,897 - INFO - 
[713/2000] Processing G.R. No. 195191
2025-12-06 14:31:02,897 - INFO -   Title: Congresswoman Lucy Marie Torres-Gomez vs. Eufrocino C. Codil...
2025-12-06 14:31:03,341 - INFO -   ✓ Saved: RESTRUCTURED_DB/2012/mar/195191.json
2025-12-06 14:31:03,841 - INFO - 
[714/2000] Processing G.R. No. 195229
2025-12-06 14:31:03,841 - INFO -   Title: Efren Racel Aratea vs. Commission on Elections and Estela D....
2025-12-06 14:31:04,917 - INFO -   ✓ Saved: RESTRUCTURED_DB/2012/oct/195229.json
2025-12-06 14:31:05,417 - INFO - 
[715/2000] Processing G.R. No. 195239
2025-12-06 14:31:05,417 - INFO -   Title: People of the Philippines vs. Ben Rubio y Acosta...
2025-12-06 14:31:05,861 - INFO -   ✓ Saved: RESTRUCTURED_DB/2012/mar/195239.json
2025-12-06 14:31:06,362 - INFO - 
[716/2000] Processing G.R. No. 195243
2025-12-06 14:31:06,362 - INFO -   Title: People of the Philippines vs. Raul Beriber y Fuentes...
2025-12-06 14:31:06,807 - INFO -   ✓ Saved: RESTRUCTURED_DB/2012/aug/195243.json
2025-12-06 14:31:07,307 - INFO - 
[717/2000] Processing G.R. No. 195307
2025-12-06 14:31:07,307 - INFO -   Title: People of the Philippines vs. Alsher Bermejo Lumpayao...
2025-12-06 14:31:07,751 - INFO -   ✓ Saved: RESTRUCTURED_DB/2012/aug/195307.json
2025-12-06 14:31:08,251 - INFO - 
[718/2000] Processing G.R. No. 195428
2025-12-06 14:31:08,252 - INFO -   Title: Jomar S. Verdadero vs. Barney Autolines Group of Companies T...
2025-12-06 14:31:08,697 - INFO -   ✓ Saved: RESTRUCTURED_DB/2012/aug/195428.json
2025-12-06 14:31:09,197 - INFO - 
[719/2000] Processing G.R. No. 195534
2025-12-06 14:31:09,197 - INFO -   Title: People of the Philippines vs. Eduardo Gonzales...
2025-12-06 14:31:09,641 - INFO -   ✓ Saved: RESTRUCTURED_DB/2012/jun/195534.json
2025-12-06 14:31:10,141 - INFO - 
[720/2000] Processing G.R. No. 195592
2025-12-06 14:31:10,141 - INFO -   Title: Magdiwang Realty Corporation, Renato P. Dragon and Esperanza...
2025-12-06 14:31:10,586 - INFO -   ✓ Saved: RESTRUCTURED_DB/2012/sep/195592.json
2025-12-06 14:31:11,086 - INFO - 
[721/2000] Processing G.R. No. 195619
2025-12-06 14:31:11,086 - INFO -   Title: Planters Development Bank vs. Julie Chandumal...
2025-12-06 14:31:11,531 - INFO -   ✓ Saved: RESTRUCTURED_DB/2012/sep/195619.json
2025-12-06 14:31:12,031 - INFO - 
[722/2000] Processing G.R. No. 195640
2025-12-06 14:31:12,031 - INFO -   Title: Sugar Regulatory Administration, represented by its Administ...
2025-12-06 14:31:12,475 - INFO -   ✓ Saved: RESTRUCTURED_DB/2012/dec/195640.json
2025-12-06 14:31:12,975 - INFO - 
[723/2000] Processing G.R. No. 195670
2025-12-06 14:31:12,975 - INFO -   Title: Willem Beumer vs. Avelina Amores...
2025-12-06 14:31:13,419 - INFO -   ✓ Saved: RESTRUCTURED_DB/2012/dec/195670.json
2025-12-06 14:31:13,919 - INFO - 
[724/2000] Processing G.R. No. 195770
2025-12-06 14:31:13,919 - INFO -   Title: Aquilino Q. Pimentel, Jr., Sergio Tadeo and Nelson Alcantara...
2025-12-06 14:31:14,363 - INFO -   ✓ Saved: RESTRUCTURED_DB/2012/jul/195770.json
2025-12-06 14:31:14,863 - INFO - 
[725/2000] Processing G.R. No. 195909
2025-12-06 14:31:14,863 - INFO -   Title: Commissioner of Internal Revenue vs. St. Luke'sj Medical Cen...
2025-12-06 14:31:15,516 - INFO -   ✓ Saved: RESTRUCTURED_DB/2012/sep/195909.json
2025-12-06 14:31:16,017 - INFO - 
[726/2000] Processing G.R. No. 196161
2025-12-06 14:31:16,017 - INFO -   Title: Cyril Calpito Qui vs. People of the Philippines...
2025-12-06 14:31:16,254 - INFO -   ✓ Saved: RESTRUCTURED_DB/2012/sep/196161.json
2025-12-06 14:31:16,754 - INFO - 
[727/2000] Processing G.R. No. 196201
2025-12-06 14:31:16,755 - INFO -   Title: Francisco T. Duque III, in his capacity as Chairman of the C...
2025-12-06 14:31:17,216 - INFO -   ✓ Saved: RESTRUCTURED_DB/2012/jun/196201.json
2025-12-06 14:31:17,716 - INFO - 
[728/2000] Processing G.R. No. 196231
2025-12-06 14:31:17,716 - INFO -   Title: Emilio A. Gonzales III vs. Office of the President of the Ph...
2025-12-06 14:31:18,999 - INFO -   ✓ Saved: RESTRUCTURED_DB/2012/sep/196231.json
2025-12-06 14:31:19,499 - INFO - 
[729/2000] Processing G.R. No. 196271
2025-12-06 14:31:19,499 - INFO -   Title: Datu Michael Abas Kida, etc., et al. vs. Senate of the Phil....
2025-12-06 14:31:20,154 - INFO -   ✓ Saved: RESTRUCTURED_DB/2012/feb/196271.json
2025-12-06 14:31:20,655 - INFO - 
[730/2000] Processing G.R. No. 196355
2025-12-06 14:31:20,655 - INFO -   Title: Bienvenido William D. Lloren vs. the Commission on Elections...
2025-12-06 14:31:20,894 - INFO -   ✓ Saved: RESTRUCTURED_DB/2012/sep/196355.json
2025-12-06 14:31:21,394 - INFO - 
[731/2000] Processing G.R. No. 196358
2025-12-06 14:31:21,394 - INFO -   Title: Jandy J. Agoy vs. Araneta Center, Inc....
2025-12-06 14:31:21,632 - INFO -   ✓ Saved: RESTRUCTURED_DB/2012/mar/196358.json
2025-12-06 14:31:22,132 - INFO - 
[732/2000] Processing G.R. No. 196383
2025-12-06 14:31:22,132 - INFO -   Title: Robert Pascua, doing business under the name and style Tri-W...
2025-12-06 14:31:22,576 - INFO -   ✓ Saved: RESTRUCTURED_DB/2012/oct/196383.json
2025-12-06 14:31:23,076 - INFO - 
[733/2000] Processing G.R. No. 196425
2025-12-06 14:31:23,077 - INFO -   Title: Prospero A. Pichay, Jr. vs. Office of the Deputy Executive S...
2025-12-06 14:31:24,193 - INFO -   ✓ Saved: RESTRUCTURED_DB/2012/jul/196425.json
2025-12-06 14:31:24,694 - INFO - 
[734/2000] Processing G.R. No. 196434
2025-12-06 14:31:24,694 - INFO -   Title: People of the Philippines vs. Chito Nazareno...
2025-12-06 14:31:25,137 - INFO -   ✓ Saved: RESTRUCTURED_DB/2012/oct/196434.json
2025-12-06 14:31:25,637 - INFO - 
[735/2000] Processing G.R. No. 196539
2025-12-06 14:31:25,637 - INFO -   Title: Marietta N. Portillo vs. Rudolf Lietz, Inc., et al....
2025-12-06 14:31:26,082 - INFO -   ✓ Saved: RESTRUCTURED_DB/2012/oct/196539.json
2025-12-06 14:31:26,583 - INFO - 
[736/2000] Processing G.R. No. 196804
2025-12-06 14:31:26,583 - INFO -   Title: Mayor Barbara Ruby C. Talaga vs. Commission on Elections and...
2025-12-06 14:31:27,870 - INFO -   ✓ Saved: RESTRUCTURED_DB/2012/oct/196804.json
2025-12-06 14:31:28,370 - INFO - 
[737/2000] Processing G.R. No. 196830
2025-12-06 14:31:28,370 - INFO -   Title: Cesar V. Garcia, et al. vs. KJ Commercial and Reynaldo Que...
2025-12-06 14:31:28,815 - INFO -   ✓ Saved: RESTRUCTURED_DB/2012/feb/196830.json
2025-12-06 14:31:29,315 - INFO - 
[738/2000] Processing G.R. No. 196870
2025-12-06 14:31:29,316 - INFO -   Title: Boracay Foundation, Inc. vs. the Province of Aklan, represen...
2025-12-06 14:31:30,182 - INFO -   ✓ Saved: RESTRUCTURED_DB/2012/jun/196870.json
2025-12-06 14:31:30,682 - INFO - 
[739/2000] Processing G.R. No. 196877
2025-12-06 14:31:30,682 - INFO -   Title: Eloisa R. Narciso vs. Estelita P. Garcia...
2025-12-06 14:31:30,920 - INFO -   ✓ Saved: RESTRUCTURED_DB/2012/nov/196877.json
2025-12-06 14:31:31,420 - INFO - 
[740/2000] Processing G.R. No. 196883
2025-12-06 14:31:31,420 - INFO -   Title: Global Resource for Outsourced Workers (Grow), Inc. and Ms R...
2025-12-06 14:31:31,864 - INFO -   ✓ Saved: RESTRUCTURED_DB/2012/aug/196883.json
2025-12-06 14:31:32,365 - INFO - 
[741/2000] Processing G.R. No. 196990
2025-12-06 14:31:32,365 - INFO -   Title: Arturo Dela Cruz, Sr. vs. Martin and Flora Fankhauser...
2025-12-06 14:31:32,602 - INFO -   ✓ Saved: RESTRUCTURED_DB/2012/jul/196990.json
2025-12-06 14:31:33,102 - INFO - 
[742/2000] Processing G.R. No. 197043
2025-12-06 14:31:33,102 - INFO -   Title: People of the Philippines vs. Antonio Baldomar y Liscano...
2025-12-06 14:31:33,340 - INFO -   ✓ Saved: RESTRUCTURED_DB/2012/feb/197043.json
2025-12-06 14:31:33,840 - INFO - 
[743/2000] Processing G.R. No. 197124
2025-12-06 14:31:33,840 - INFO -   Title: Alpa PCM, Inc. vs. Vincent Bulasao, et al....
2025-12-06 14:31:34,283 - INFO -   ✓ Saved: RESTRUCTURED_DB/2012/mar/197124.json
2025-12-06 14:31:34,783 - INFO - 
[744/2000] Processing G.R. No. 197151
2025-12-06 14:31:34,783 - INFO -   Title: SM Land, Inc. (Formerly Shoemart, Inc.) and Watsons Personal...
2025-12-06 14:31:35,227 - INFO -   ✓ Saved: RESTRUCTURED_DB/2012/oct/197151.json
2025-12-06 14:31:35,727 - INFO - 
[745/2000] Processing G.R. No. 197205
2025-12-06 14:31:35,727 - INFO -   Title: Jessie V. David, represented by his wife, Ma. Theresa S. Dav...
2025-12-06 14:31:36,173 - INFO -   ✓ Saved: RESTRUCTURED_DB/2012/sep/197205.json
2025-12-06 14:31:36,673 - INFO - 
[746/2000] Processing G.R. No. 197309
2025-12-06 14:31:36,673 - INFO -   Title: Ace Navigation, Co., Inc., et al. vs. Teodorico Fernandez as...
2025-12-06 14:31:37,117 - INFO -   ✓ Saved: RESTRUCTURED_DB/2012/oct/197309.json
2025-12-06 14:31:37,617 - INFO - 
[747/2000] Processing G.R. No. 197315
2025-12-06 14:31:37,618 - INFO -   Title: Republic of the Philippines vs. Angel T. Domingo and Benjami...
2025-12-06 14:31:38,061 - INFO -   ✓ Saved: RESTRUCTURED_DB/2012/oct/197315.json
2025-12-06 14:31:38,561 - INFO - 
[748/2000] Processing G.R. No. 197371
2025-12-06 14:31:38,561 - INFO -   Title: People of the Philippines vs. Joel Ancheta y Osan, et al....
2025-12-06 14:31:39,010 - INFO -   ✓ Saved: RESTRUCTURED_DB/2012/jun/197371.json
2025-12-06 14:31:39,510 - INFO - 
[749/2000] Processing G.R. No. 197466
2025-12-06 14:31:39,510 - INFO -   Title: Joel P. Quino, et al. vs. Commission on Elections and Ritchi...
2025-12-06 14:31:40,471 - INFO -   ✓ Saved: RESTRUCTURED_DB/2012/nov/197466.json
2025-12-06 14:31:40,971 - INFO - 
[750/2000] Processing G.R. No. 197528
2025-12-06 14:31:40,971 - INFO -   Title: Pert/CPM Manpower Exponent Co., Inc. vs. Amando A. Vinuya, e...
2025-12-06 14:31:41,417 - INFO -   ✓ Saved: RESTRUCTURED_DB/2012/sep/197528.json
2025-12-06 14:31:41,917 - INFO - 
[751/2000] Processing G.R. No. 197540
2025-12-06 14:31:41,918 - INFO -   Title: People of the Philippines vs. Rolly Angelio...
2025-12-06 14:31:42,170 - INFO -   ✓ Saved: RESTRUCTURED_DB/2012/feb/197540.json
2025-12-06 14:31:42,670 - INFO - 
[752/2000] Processing G.R. No. 197598
2025-12-06 14:31:42,670 - INFO -   Title: Mirant (Philippines) Corporation vs. Danilo A. Sario...
2025-12-06 14:31:43,115 - INFO -   ✓ Saved: RESTRUCTURED_DB/2012/nov/197598.json
2025-12-06 14:31:43,615 - INFO - 
[753/2000] Processing G.R. No. 197788
2025-12-06 14:31:43,615 - INFO -   Title: Rodel Luz y Ong vs. People of the Philippines...
2025-12-06 14:31:44,059 - INFO -   ✓ Saved: RESTRUCTURED_DB/2012/feb/197788.json
2025-12-06 14:31:44,559 - INFO - 
[754/2000] Processing G.R. No. 197807
2025-12-06 14:31:44,559 - INFO -   Title: People of the Philippines vs. Cecilia Lagman y Piring...
2025-12-06 14:31:45,005 - INFO -   ✓ Saved: RESTRUCTURED_DB/2012/apr/197807.json
2025-12-06 14:31:45,505 - INFO - 
[755/2000] Processing G.R. No. 197815
2025-12-06 14:31:45,505 - INFO -   Title: The People of the Philippines vs. Julieto Sanchez...
2025-12-06 14:31:45,743 - INFO -   ✓ Saved: RESTRUCTURED_DB/2012/feb/197815.json
2025-12-06 14:31:46,243 - INFO - 
[756/2000] Processing G.R. No. 197987
2025-12-06 14:31:46,243 - INFO -   Title: Mariter Mendoza vs. Adriano Casumpang, Jennifer Adriane and ...
2025-12-06 14:31:46,488 - INFO -   ✓ Saved: RESTRUCTURED_DB/2012/mar/197987.json
2025-12-06 14:31:46,988 - INFO - 
[757/2000] Processing G.R. No. 198050
2025-12-06 14:31:46,988 - INFO -   Title: People of the Philippines vs. Joel Artajo y Alimangohan...
2025-12-06 14:31:47,431 - INFO -   ✓ Saved: RESTRUCTURED_DB/2012/nov/198050.json
2025-12-06 14:31:47,931 - INFO - 
[758/2000] Processing G.R. No. 198051
2025-12-06 14:31:47,931 - INFO -   Title: People of the Philippines vs. William Dumaplin y Cahoy...
2025-12-06 14:31:48,381 - INFO -   ✓ Saved: RESTRUCTURED_DB/2012/dec/198051.json
2025-12-06 14:31:48,882 - INFO - 
[759/2000] Processing G.R. No. 198357
2025-12-06 14:31:48,882 - INFO -   Title: Building Care Corporation / Leopard Security & Investigation...
2025-12-06 14:31:49,325 - INFO -   ✓ Saved: RESTRUCTURED_DB/2012/dec/198357.json
2025-12-06 14:31:49,825 - INFO - 
[760/2000] Processing G.R. No. 198402
2025-12-06 14:31:49,825 - INFO -   Title: Heirs of Pacencia Racaza, namely, Virginia Racaza Coscos, et...
2025-12-06 14:31:50,269 - INFO -   ✓ Saved: RESTRUCTURED_DB/2012/jun/198402.json
2025-12-06 14:31:50,769 - INFO - 
[761/2000] Processing G.R. No. 198423
2025-12-06 14:31:50,769 - INFO -   Title: Leo A. Gonzales vs. Solid Cement Corporation and Allen Queru...
2025-12-06 14:31:51,215 - INFO -   ✓ Saved: RESTRUCTURED_DB/2012/oct/198423.json
2025-12-06 14:31:51,715 - INFO - 
[762/2000] Processing G.R. No. 198554
2025-12-06 14:31:51,715 - INFO -   Title: Major General Carlos F. Garcia, AFP (Ret.) vs. the Executive...
2025-12-06 14:31:52,174 - INFO -   ✓ Saved: RESTRUCTURED_DB/2012/jul/198554.json
2025-12-06 14:31:52,674 - INFO - 
[763/2000] Processing G.R. No. 198585
2025-12-06 14:31:52,674 - INFO -   Title: Republic of the Philippines vs. Metro Index Realty and Devel...
2025-12-06 14:31:52,912 - INFO -   ✓ Saved: RESTRUCTURED_DB/2012/jul/198585.json
2025-12-06 14:31:53,413 - INFO - 
[764/2000] Processing G.R. No. 198588
2025-12-06 14:31:53,413 - INFO -   Title: United Merchants Corporation vs. Country Bankers Insurance C...
2025-12-06 14:31:54,152 - INFO -   ✓ Saved: RESTRUCTURED_DB/2012/jul/198588.json
2025-12-06 14:31:54,652 - INFO - 
[765/2000] Processing G.R. No. 198589
2025-12-06 14:31:54,652 - INFO -   Title: People of the Philippines vs. the Honorable Court of Appeals...
2025-12-06 14:31:54,891 - INFO -   ✓ Saved: RESTRUCTURED_DB/2012/jul/198589.json
2025-12-06 14:31:55,391 - INFO - 
[766/2000] Processing G.R. No. 198662
2025-12-06 14:31:55,391 - INFO -   Title: Radio Mindanao Network, Inc. and Eric S. Canoy vs. Domingo Z...
2025-12-06 14:31:55,847 - INFO -   ✓ Saved: RESTRUCTURED_DB/2012/sep/198662.json
2025-12-06 14:31:56,347 - INFO - 
[767/2000] Processing G.R. No. 198701
2025-12-06 14:31:56,347 - INFO -   Title: People of the Philippines vs. Jayson Curillan Hambora...
2025-12-06 14:31:56,790 - INFO -   ✓ Saved: RESTRUCTURED_DB/2012/dec/198701.json
2025-12-06 14:31:57,290 - INFO - 
[768/2000] Processing G.R. No. 198733
2025-12-06 14:31:57,291 - INFO -   Title: Johansen World Group Corporation and Anna Liza F. Hernandez ...
2025-12-06 14:31:57,735 - INFO -   ✓ Saved: RESTRUCTURED_DB/2012/oct/198733.json
2025-12-06 14:31:58,235 - INFO - 
[769/2000] Processing G.R. No. 198742
2025-12-06 14:31:58,236 - INFO -   Title: Teodora Sobejana-Condon vs. Commission on Elections, Luis M....
2025-12-06 14:31:58,692 - INFO -   ✓ Saved: RESTRUCTURED_DB/2012/aug/198742.json
2025-12-06 14:31:59,192 - INFO - 
[770/2000] Processing G.R. No. 198770
2025-12-06 14:31:59,192 - INFO -   Title: Aurelia Gua-an and Sonia Gua-an Mamon vs. Gertrudes Quirino ...
2025-12-06 14:31:59,430 - INFO -   ✓ Saved: RESTRUCTURED_DB/2012/nov/198770.json
2025-12-06 14:31:59,931 - INFO - 
[771/2000] Processing G.R. No. 198860
2025-12-06 14:31:59,931 - INFO -   Title: Abraham Rimando vs. Naguilan Emission Testing Center, Inc., ...
2025-12-06 14:32:00,169 - INFO -   ✓ Saved: RESTRUCTURED_DB/2012/jul/198860.json
2025-12-06 14:32:00,669 - INFO - 
[772/2000] Processing G.R. No. 199082
2025-12-06 14:32:00,669 - INFO -   Title: Jose Miguel T. Arroyo vs. Department of Justice, et al./Benj...
2025-12-06 14:32:01,549 - INFO -   ✓ Saved: RESTRUCTURED_DB/2012/sep/199082.json
2025-12-06 14:32:02,049 - INFO - 
[773/2000] Processing G.R. No. 199084
2025-12-06 14:32:02,050 - INFO -   Title: Antonia P. Ceron vs. Commission on Elections, et al....
2025-12-06 14:32:02,291 - INFO -   ✓ Saved: RESTRUCTURED_DB/2012/sep/199084.json
2025-12-06 14:32:02,792 - INFO - 
[774/2000] Processing G.R. No. 199150
2025-12-06 14:32:02,792 - INFO -   Title: Carmina G. Brokmann vs. People of the Philippines...
2025-12-06 14:32:03,031 - INFO -   ✓ Saved: RESTRUCTURED_DB/2012/feb/199150.json
2025-12-06 14:32:03,531 - INFO - 
[775/2000] Processing G.R. No. 199238
2025-12-06 14:32:03,531 - INFO -   Title: RCBC Capital Corporation vs. Banco De Oro Unibank, Inc./Banc...
2025-12-06 14:32:04,468 - WARNING -   ✗ Could not fetch case from any URL
2025-12-06 14:32:04,469 - INFO - 
[776/2000] Processing G.R. No. 199264
2025-12-06 14:32:04,469 - INFO -   Title: People of the Philippines vs. Noel T. Laurino...
2025-12-06 14:32:04,713 - INFO -   ✓ Saved: RESTRUCTURED_DB/2012/oct/199264.json
2025-12-06 14:32:05,213 - INFO - 
[777/2000] Processing G.R. No. 199403
2025-12-06 14:32:05,214 - INFO -   Title: People of the Philippines vs. Gomer S. Climaco...
2025-12-06 14:32:05,669 - INFO -   ✓ Saved: RESTRUCTURED_DB/2012/jun/199403.json
2025-12-06 14:32:06,169 - INFO - 
[778/2000] Processing G.R. No. 199433
2025-12-06 14:32:06,170 - INFO -   Title: Isabelita P. Gravides vs. Commission on Elections and Pedro ...
2025-12-06 14:32:06,614 - INFO -   ✓ Saved: RESTRUCTURED_DB/2012/nov/199433.json
2025-12-06 14:32:07,114 - INFO - 
[779/2000] Processing G.R. No. 199481
2025-12-06 14:32:07,114 - INFO -   Title: Ildefonso S. Crisologo vs. People of the Philippines and Chi...
2025-12-06 14:32:07,351 - INFO -   ✓ Saved: RESTRUCTURED_DB/2012/dec/199481.json
2025-12-06 14:32:07,852 - INFO - 
[780/2000] Processing G.R. No. 199547
2025-12-06 14:32:07,852 - INFO -   Title: The New Philippine Skylanders, Inc. and/or Jennifer M. Eñano...
2025-12-06 14:32:08,089 - INFO -   ✓ Saved: RESTRUCTURED_DB/2012/sep/199547.json
2025-12-06 14:32:08,590 - INFO - 
[781/2000] Processing G.R. No. 199579
2025-12-06 14:32:08,590 - INFO -   Title: Ramon Josue y Gonzales vs. People of the Philippines...
2025-12-06 14:32:09,033 - INFO -   ✓ Saved: RESTRUCTURED_DB/2012/dec/199579.json
2025-12-06 14:32:09,533 - INFO - 
[782/2000] Processing G.R. No. 199735
2025-12-06 14:32:09,533 - INFO -   Title: People of the Philippines vs. Asia Musa y Pinasilo, Ara Mono...
2025-12-06 14:32:09,979 - INFO -   ✓ Saved: RESTRUCTURED_DB/2012/oct/199735.json
2025-12-06 14:32:10,479 - INFO - 
[783/2000] Processing G.R. No. 199875
2025-12-06 14:32:10,479 - INFO -   Title: People of the Philippines vs. Edwin Isla y Rossell...
2025-12-06 14:32:10,718 - INFO -   ✓ Saved: RESTRUCTURED_DB/2012/nov/199875.json
2025-12-06 14:32:11,218 - INFO - 
[784/2000] Processing G.R. No. 199877
2025-12-06 14:32:11,219 - INFO -   Title: People of the Philippines vs. Arturo Lara y Orbista...
2025-12-06 14:32:11,664 - INFO -   ✓ Saved: RESTRUCTURED_DB/2012/aug/199877.json
2025-12-06 14:32:12,165 - INFO - 
[785/2000] Processing G.R. No. 199892
2025-12-06 14:32:12,165 - INFO -   Title: People of the Philippines vs. Arturo Punzalan, Jr....
2025-12-06 14:32:12,614 - INFO -   ✓ Saved: RESTRUCTURED_DB/2012/dec/199892.json
2025-12-06 14:32:13,114 - INFO - 
[786/2000] Processing G.R. No. 200030
2025-12-06 14:32:13,114 - INFO -   Title: People of the Philippines vs. Nelson Bayot y Satina...
2025-12-06 14:32:13,361 - INFO -   ✓ Saved: RESTRUCTURED_DB/2012/apr/200030.json
2025-12-06 14:32:13,861 - INFO - 
[787/2000] Processing G.R. No. 200134
2025-12-06 14:32:13,861 - INFO -   Title: Roberto Otero vs. Roger Tan...
2025-12-06 14:32:14,306 - INFO -   ✓ Saved: RESTRUCTURED_DB/2012/aug/200134.json
2025-12-06 14:32:14,806 - INFO - 
[788/2000] Processing G.R. No. 200238
2025-12-06 14:32:14,806 - INFO -   Title: Philippine Savings Bank (PS Bank), et al. vs. Senate Impeach...
2025-12-06 14:32:15,043 - INFO -   ✓ Saved: RESTRUCTURED_DB/2012/nov/200238.json
2025-12-06 14:32:15,544 - INFO - 
[789/2000] Processing G.R. No. 200242
2025-12-06 14:32:15,544 - INFO -   Title: Chief Justice Renato C. Corona vs. Senate of the Philippines...
2025-12-06 14:32:15,988 - INFO -   ✓ Saved: RESTRUCTURED_DB/2012/jul/200242.json
2025-12-06 14:32:16,488 - INFO - 
[790/2000] Processing G.R. No. 200529
2025-12-06 14:32:16,488 - INFO -   Title: People of the Philippines vs. Juanito Garcia y Gumay @ Wapog...
2025-12-06 14:32:16,933 - INFO -   ✓ Saved: RESTRUCTURED_DB/2012/sep/200529.json
2025-12-06 14:32:17,434 - INFO - 
[791/2000] Processing G.R. No. 200531
2025-12-06 14:32:17,434 - INFO -   Title: People of the Philippines vs. Radby Estoya y Mateo...
2025-12-06 14:32:17,884 - INFO -   ✓ Saved: RESTRUCTURED_DB/2012/dec/200531.json
2025-12-06 14:32:18,385 - INFO - 
[792/2000] Processing G.R. No. 200653
2025-12-06 14:32:18,385 - INFO -   Title: 3rd Alert Security and Detective Services, Inc. vs. Romualdo...
2025-12-06 14:32:18,621 - INFO -   ✓ Saved: RESTRUCTURED_DB/2012/jun/200653.json
2025-12-06 14:32:19,122 - INFO - 
[793/2000] Processing G.R. No. 200792
2025-12-06 14:32:19,122 - INFO -   Title: People of the Philippines vs. Neil B. Colorado...
2025-12-06 14:32:19,566 - INFO -   ✓ Saved: RESTRUCTURED_DB/2012/nov/200792.json
2025-12-06 14:32:20,066 - INFO - 
[794/2000] Processing G.R. No. 200868
2025-12-06 14:32:20,066 - INFO -   Title: Anita A. Ledda vs. Bank of the Philippine Islands...
2025-12-06 14:32:20,510 - INFO -   ✓ Saved: RESTRUCTURED_DB/2012/nov/200868.json
2025-12-06 14:32:21,010 - INFO - 
[795/2000] Processing G.R. No. 200922
2025-12-06 14:32:21,010 - INFO -   Title: People of the Philippines vs. Cesar Concepcion y Bulanio...
2025-12-06 14:32:21,454 - INFO -   ✓ Saved: RESTRUCTURED_DB/2012/jul/200922.json
2025-12-06 14:32:21,954 - INFO - 
[796/2000] Processing G.R. No. 200951
2025-12-06 14:32:21,954 - INFO -   Title: People of the Philippines vs. Jose Almodiel alias "Dodong As...
2025-12-06 14:32:22,412 - INFO -   ✓ Saved: RESTRUCTURED_DB/2012/sep/200951.json
2025-12-06 14:32:22,912 - INFO - 
[797/2000] Processing G.R. No. 201112
2025-12-06 14:32:22,912 - INFO -   Title: Archbishop Fernando R. Capalla, et al. vs. the Hon. Commissi...
2025-12-06 14:32:23,368 - INFO -   ✓ Saved: RESTRUCTURED_DB/2012/oct/201112.json
2025-12-06 14:32:23,869 - INFO - 
[798/2000] Processing G.R. No. 201112
2025-12-06 14:32:23,869 - INFO -   Title: Archbishop Fernando R. Caplla, et al. vs. the Hon. Commissio...
2025-12-06 14:32:24,787 - INFO -   ✓ Saved: RESTRUCTURED_DB/2012/jun/201121.json
2025-12-06 14:32:25,288 - INFO - 
[799/2000] Processing G.R. No. 2012
2025-12-06 14:32:25,288 - INFO -   Title: United States vs. Engracio Angel, et al....
2025-12-06 14:32:26,226 - WARNING -   ✗ Could not fetch case from any URL
2025-12-06 14:32:26,226 - INFO - 
[800/2000] Processing G.R. No. 201292
2025-12-06 14:32:26,226 - INFO -   Title: Pension and Gratuity Management Center (PGMC), GHQ, AFP, Cam...
2025-12-06 14:32:27,163 - WARNING -   ✗ Could not fetch case from any URL
2025-12-06 14:32:27,163 - INFO - 
[801/2000] Processing G.R. No. 201587
2025-12-06 14:32:27,163 - INFO -   Title: People of the Philippines vs. Victor Lansangan...
2025-12-06 14:32:27,401 - INFO -   ✓ Saved: RESTRUCTURED_DB/2012/nov/201587.json
2025-12-06 14:32:27,901 - INFO - 
[802/2000] Processing G.R. No. 202242
2025-12-06 14:32:27,901 - INFO -   Title: Francisco I. Chavez vs. Judicial and Bar Council, Sen. Franc...
2025-12-06 14:32:28,144 - INFO -   ✓ Saved: RESTRUCTURED_DB/2012/jul/202242.json
2025-12-06 14:32:28,644 - INFO - 
[803/2000] Processing G.R. No. 202914
2025-12-06 14:32:28,644 - INFO -   Title: Government Service Insurance System, etc. vs. Heidi B. Chua...
2025-12-06 14:32:28,885 - INFO -   ✓ Saved: RESTRUCTURED_DB/2012/sep/202914.json
2025-12-06 14:32:29,385 - INFO - 
[804/2000] Processing G.R. No. 141809
2025-12-06 14:32:29,385 - INFO -   Title: Josefina F. Ingles, et al. vs. Hon. Estrella T. Estrada, et ...
2025-12-06 14:32:29,838 - INFO -   ✓ Saved: RESTRUCTURED_DB/2013/apr/141809.json
2025-12-06 14:32:30,338 - INFO - 
[805/2000] Processing G.R. No. 145336
2025-12-06 14:32:30,338 - INFO -   Title: Reynante Tadeja, et al. vs. People of the Philippines...
2025-12-06 14:32:30,585 - INFO -   ✓ Saved: RESTRUCTURED_DB/2013/feb/145336.json
2025-12-06 14:32:31,085 - INFO - 
[806/2000] Processing G.R. No. 147257
2025-12-06 14:32:31,086 - INFO -   Title: Spouses Jesus Dycoco and Joela E. Dycoco vs. Court of Appeal...
2025-12-06 14:32:31,538 - INFO -   ✓ Saved: RESTRUCTURED_DB/2013/jul/147257.json
2025-12-06 14:32:32,038 - INFO - 
[807/2000] Processing G.R. No. 151334
2025-12-06 14:32:32,038 - INFO -   Title: Carolina (Carlina) Vda. De Figuracion, et al. vs. Emilia Fig...
2025-12-06 14:32:32,484 - INFO -   ✓ Saved: RESTRUCTURED_DB/2013/feb/151334.json
2025-12-06 14:32:32,984 - INFO - 
[808/2000] Processing G.R. No. 154083
2025-12-06 14:32:32,984 - INFO -   Title: Office of the Ombudsman vs. Samson G. De Leon...
2025-12-06 14:32:33,429 - INFO -   ✓ Saved: RESTRUCTURED_DB/2013/feb/154083.json
2025-12-06 14:32:33,929 - INFO - 
[809/2000] Processing G.R. No. 155113
2025-12-06 14:32:33,930 - INFO -   Title: Philippine Bank of Communications vs. Pridisons Realty Corpo...
2025-12-06 14:32:34,179 - INFO -   ✓ Saved: RESTRUCTURED_DB/2013/jan/155113.json
2025-12-06 14:32:34,680 - INFO - 
[810/2000] Processing G.R. No. 155306
2025-12-06 14:32:34,680 - INFO -   Title: Malayang Manggagawa ng Stayfast Phils., Inc. vs. National La...
2025-12-06 14:32:35,124 - INFO -   ✓ Saved: RESTRUCTURED_DB/2013/aug/155306.json
2025-12-06 14:32:35,625 - INFO - 
[811/2000] Processing G.R. No. 155943
2025-12-06 14:32:35,625 - INFO -   Title: Pilar Development Corporation vs. Court of Appeals...
2025-12-06 14:32:35,873 - INFO -   ✓ Saved: RESTRUCTURED_DB/2013/aug/155943.json
2025-12-06 14:32:36,373 - INFO - 
[812/2000] Processing G.R. No. 156759
2025-12-06 14:32:36,373 - INFO -   Title: Allen A. Macasaet, et al. vs. Francisco R. Co, Jr....
2025-12-06 14:32:36,817 - INFO -   ✓ Saved: RESTRUCTURED_DB/2013/jun/156759.json
2025-12-06 14:32:37,318 - INFO - 
[813/2000] Processing G.R. No. 157020
2025-12-06 14:32:37,318 - INFO -   Title: Reinier Pacific International Shipping, Inc. and Neptune Shi...
2025-12-06 14:32:37,555 - INFO -   ✓ Saved: RESTRUCTURED_DB/2013/jun/157020.json
2025-12-06 14:32:38,055 - INFO - 
[814/2000] Processing G.R. No. 157086
2025-12-06 14:32:38,055 - INFO -   Title: Lepanto Consolidated Mining Company vs. the Lepanto Capataz ...
2025-12-06 14:32:38,500 - INFO -   ✓ Saved: RESTRUCTURED_DB/2013/feb/157086.json
2025-12-06 14:32:39,000 - INFO - 
[815/2000] Processing G.R. No. 157445
2025-12-06 14:32:39,000 - INFO -   Title: Segundina A. Galvez vs. Sps. Honorio C. Montano and Susana P...
2025-12-06 14:32:39,459 - INFO -   ✓ Saved: RESTRUCTURED_DB/2013/apr/157445.json
2025-12-06 14:32:39,959 - INFO - 
[816/2000] Processing G.R. No. 157900
2025-12-06 14:32:39,959 - INFO -   Title: Zuellig Freight and Cargo Systems vs. National Labor Relatio...
2025-12-06 14:32:40,197 - INFO -   ✓ Saved: RESTRUCTURED_DB/2013/jul/157900.json
2025-12-06 14:32:40,697 - INFO - 
[817/2000] Processing G.R. No. 157943
2025-12-06 14:32:40,698 - INFO -   Title: People of the Philippines vs. Gilbert Reyes Wagas...
2025-12-06 14:32:41,148 - INFO -   ✓ Saved: RESTRUCTURED_DB/2013/sep/157943.json
2025-12-06 14:32:41,648 - INFO - 
[818/2000] Processing G.R. No. 157988
2025-12-06 14:32:41,648 - INFO -   Title: Republic of the Philippines-Bureau of Forest Development vs....
2025-12-06 14:32:42,100 - INFO -   ✓ Saved: RESTRUCTURED_DB/2013/dec/157988.json
2025-12-06 14:32:42,600 - INFO - 
[819/2000] Processing G.R. No. 158361
2025-12-06 14:32:42,600 - INFO -   Title: International Hotel Corporation vs. Francisco B. Joaquin, Jr...
2025-12-06 14:32:42,843 - INFO -   ✓ Saved: RESTRUCTURED_DB/2013/apr/158361.json
2025-12-06 14:32:43,344 - INFO - 
[820/2000] Processing G.R. No. 158649
2025-12-06 14:32:43,344 - INFO -   Title: Sps. Quirino V. Dela Cruz & Gloria Dela Cruz vs. Planters Pr...
2025-12-06 14:32:43,791 - INFO -   ✓ Saved: RESTRUCTURED_DB/2013/feb/158649.json
2025-12-06 14:32:44,292 - INFO - 
[821/2000] Processing G.R. No. 158866
2025-12-06 14:32:44,292 - INFO -   Title: Banco Filipino Savings and Mortage Bank vs. Tala Realty Serv...
2025-12-06 14:32:44,531 - INFO -   ✓ Saved: RESTRUCTURED_DB/2013/sep/158866.json
2025-12-06 14:32:45,031 - INFO - 
[822/2000] Processing G.R. No. 159213
2025-12-06 14:32:45,031 - INFO -   Title: Vector Shipping Corporation, et al. vs. American Home Assura...
2025-12-06 14:32:45,270 - INFO -   ✓ Saved: RESTRUCTURED_DB/2013/jul/159213.json
2025-12-06 14:32:45,771 - INFO - 
[823/2000] Processing G.R. No. 159371
2025-12-06 14:32:45,771 - INFO -   Title: D.M. Consunji Corporation vs. Court of Appeals and Rogelio P...
2025-12-06 14:32:46,022 - INFO -   ✓ Saved: RESTRUCTURED_DB/2013/jul/159371.json
2025-12-06 14:32:46,522 - INFO - 
[824/2000] Processing G.R. No. 160138
2025-12-06 14:32:46,522 - INFO -   Title: Automotive Engine Rebuilders, Inc. (AER), et al. vs. Progres...
2025-12-06 14:32:46,771 - INFO -   ✓ Saved: RESTRUCTURED_DB/2013/jan/160138.json
2025-12-06 14:32:47,272 - INFO - 
[825/2000] Processing G.R. No. 160316
2025-12-06 14:32:47,272 - INFO -   Title: Rosalinda Punzalan, Randall Punzalan and Rainier Punzalan vs...
2025-12-06 14:32:47,717 - INFO -   ✓ Saved: RESTRUCTURED_DB/2013/sep/160316.json
2025-12-06 14:32:48,218 - INFO - 
[826/2000] Processing G.R. No. 160932
2025-12-06 14:32:48,218 - INFO -   Title: Special People, Inc. Foundation represented by its Chairman,...
2025-12-06 14:32:48,664 - INFO -   ✓ Saved: RESTRUCTURED_DB/2013/jan/160932.json
2025-12-06 14:32:49,164 - INFO - 
[827/2000] Processing G.R. No. 160982
2025-12-06 14:32:49,164 - INFO -   Title: Manila Jockey Club, Inc. vs. Aimee Trajano...
2025-12-06 14:32:49,609 - INFO -   ✓ Saved: RESTRUCTURED_DB/2013/jun/160982.json
2025-12-06 14:32:50,110 - INFO - 
[828/2000] Processing G.R. No. 161075
2025-12-06 14:32:50,110 - INFO -   Title: Rafael Jose Consing, Jr. vs. People of the Philippines...
2025-12-06 14:32:50,349 - INFO -   ✓ Saved: RESTRUCTURED_DB/2013/jul/161075.json
2025-12-06 14:32:50,849 - INFO - 
[829/2000] Processing G.R. No. 161107
2025-12-06 14:32:50,849 - INFO -   Title: Hon. Ma. Lourdes C. Fernando, in her capacity as City Mayor ...
2025-12-06 14:32:51,296 - INFO -   ✓ Saved: RESTRUCTURED_DB/2013/mar/161107.json
2025-12-06 14:32:51,796 - INFO - 
[830/2000] Processing G.R. No. 161211
2025-12-06 14:32:51,797 - INFO -   Title: Spouses Angeles Dico and Celso Dico, Sr. vs. Vizcaya Managem...
2025-12-06 14:32:52,242 - INFO -   ✓ Saved: RESTRUCTURED_DB/2013/jul/161211.json
2025-12-06 14:32:52,742 - INFO - 
[831/2000] Processing G.R. No. 162226
2025-12-06 14:32:52,742 - INFO -   Title: Sangguniang Barangay of Pangasugan, Baybay, Leyte vs. Explor...
2025-12-06 14:32:52,980 - INFO -   ✓ Saved: RESTRUCTURED_DB/2013/sep/162226.json
2025-12-06 14:32:53,481 - INFO - 
[832/2000] Processing G.R. No. 162385
2025-12-06 14:32:53,481 - INFO -   Title: Samar-Med Distribution vs. National Labor Relations Commissi...
2025-12-06 14:32:53,924 - INFO -   ✓ Saved: RESTRUCTURED_DB/2013/jul/162385.json
2025-12-06 14:32:54,425 - INFO - 
[833/2000] Processing G.R. No. 162757
2025-12-06 14:32:54,425 - INFO -   Title: United Coconut Planters Bank vs. Christopher Lumbo and Milag...
2025-12-06 14:32:54,870 - INFO -   ✓ Saved: RESTRUCTURED_DB/2013/dec/162757.json
2025-12-06 14:32:55,370 - INFO - 
[834/2000] Processing G.R. No. 162802
2025-12-06 14:32:55,370 - INFO -   Title: Eds Manufacturing, Inc. vs. Healthcheck International Inc....
2025-12-06 14:32:55,814 - INFO -   ✓ Saved: RESTRUCTURED_DB/2013/oct/162802.json
2025-12-06 14:32:56,314 - INFO - 
[835/2000] Processing G.R. No. 162826
2025-12-06 14:32:56,314 - INFO -   Title: Narciso Degaños vs. People of the Philippines...
2025-12-06 14:32:56,761 - INFO -   ✓ Saved: RESTRUCTURED_DB/2013/oct/162826.json
2025-12-06 14:32:57,262 - INFO - 
[836/2000] Processing G.R. No. 163037
2025-12-06 14:32:57,262 - INFO -   Title: Philippine Long Distance Telephone Company, Inc. vs. Eastern...
2025-12-06 14:32:57,709 - INFO -   ✓ Saved: RESTRUCTURED_DB/2013/feb/163037.json
2025-12-06 14:32:58,209 - INFO - 
[837/2000] Processing G.R. No. 163061
2025-12-06 14:32:58,209 - INFO -   Title: Alfonso Fianza vs. Binga Hydroelectic Plant, Inc., Anthony C...
2025-12-06 14:32:58,448 - INFO -   ✓ Saved: RESTRUCTURED_DB/2013/jun/163061.json
2025-12-06 14:32:58,949 - INFO - 
[838/2000] Processing G.R. No. 163431
2025-12-06 14:32:58,949 - INFO -   Title: Nathaniel Dongon vs. Rapid Movers and Forwarders Co., Inc., ...
2025-12-06 14:32:59,393 - INFO -   ✓ Saved: RESTRUCTURED_DB/2013/aug/163431.json
2025-12-06 14:32:59,893 - INFO - 
[839/2000] Processing G.R. No. 165014
2025-12-06 14:32:59,893 - INFO -   Title: Heirs of Alejandra Delfin, namely, Leopoldo Delfin, et al. v...
2025-12-06 14:33:00,131 - INFO -   ✓ Saved: RESTRUCTURED_DB/2013/jul/165014.json
2025-12-06 14:33:00,632 - INFO - 
[840/2000] Processing G.R. No. 165386
2025-12-06 14:33:00,632 - INFO -   Title: National Power Corporation vs. Sps. Salvador and Nenita Cruz...
2025-12-06 14:33:01,076 - INFO -   ✓ Saved: RESTRUCTURED_DB/2013/jul/165386.json
2025-12-06 14:33:01,576 - INFO - 
[841/2000] Processing G.R. No. 165585
2025-12-06 14:33:01,577 - INFO -   Title: Government Service Insurance system vs. Prudential Guarantee...
2025-12-06 14:33:02,691 - INFO -   ✓ Saved: RESTRUCTURED_DB/2013/nov/165585.json
2025-12-06 14:33:03,191 - INFO - 
[842/2000] Processing G.R. No. 165838
2025-12-06 14:33:03,192 - INFO -   Title: Nemesio Firaza, Sr., vs. Sps. Claudio and Eufrecena Ugay...
2025-12-06 14:33:03,435 - INFO -   ✓ Saved: RESTRUCTURED_DB/2013/apr/165838.json
2025-12-06 14:33:03,935 - INFO - 
[843/2000] Processing G.R. No. 165863
2025-12-06 14:33:03,935 - INFO -   Title: Albert Chua, Jimmy Chua Chi Leong and Spouses Eduardo Solis ...
2025-12-06 14:33:04,592 - INFO -   ✓ Saved: RESTRUCTURED_DB/2013/apr/165863.json
2025-12-06 14:33:05,092 - INFO - 
[844/2000] Processing G.R. No. 166330
2025-12-06 14:33:05,092 - INFO -   Title: Smart Communications, Inc. vs. Arsenio Aldecoa, et al....
2025-12-06 14:33:05,539 - INFO -   ✓ Saved: RESTRUCTURED_DB/2013/sep/166330.json
2025-12-06 14:33:06,039 - INFO - 
[845/2000] Processing G.R. No. 166836
2025-12-06 14:33:06,039 - INFO -   Title: San Miguel Properties, Inc. vs. Secretary of Justice, et al....
2025-12-06 14:33:06,278 - INFO -   ✓ Saved: RESTRUCTURED_DB/2013/sep/166836.json
2025-12-06 14:33:06,778 - INFO - 
[846/2000] Processing G.R. No. 166967
2025-12-06 14:33:06,778 - INFO -   Title: Edna J. Jaca vs. People of the Philippines, et al./Alan C. G...
2025-12-06 14:33:07,228 - INFO -   ✓ Saved: RESTRUCTURED_DB/2013/jan/166967.json
2025-12-06 14:33:07,729 - INFO - 
[847/2000] Processing G.R. No. 167158
2025-12-06 14:33:07,729 - INFO -   Title: Virginia Judy Dy and Gabriel Dy vs. Philippine Banking Corpo...
2025-12-06 14:33:07,975 - INFO -   ✓ Saved: RESTRUCTURED_DB/2013/jan/167158.json
2025-12-06 14:33:08,475 - INFO - 
[848/2000] Processing G.R. No. 167174
2025-12-06 14:33:08,476 - INFO -   Title: Spouses Carmelito and Antonia Aldover vs. the Court of Appea...
2025-12-06 14:33:08,922 - INFO -   ✓ Saved: RESTRUCTURED_DB/2013/sep/167174.json
2025-12-06 14:33:09,422 - INFO - 
[849/2000] Processing G.R. No. 167484
2025-12-06 14:33:09,422 - INFO -   Title: Hernando Borra, John Pacheo, et al. vs. CA, 2nd and 19th Div...
2025-12-06 14:33:09,866 - INFO -   ✓ Saved: RESTRUCTURED_DB/2013/sep/167484.json
2025-12-06 14:33:10,366 - INFO - 
[850/2000] Processing G.R. No. 168137
2025-12-06 14:33:10,366 - INFO -   Title: Secretary of the Department of Finance vs. Court of Tax Appe...
2025-12-06 14:33:10,605 - INFO -   ✓ Saved: RESTRUCTURED_DB/2013/aug/168137.json
2025-12-06 14:33:11,105 - INFO - 
[851/2000] Processing G.R. No. 168279
2025-12-06 14:33:11,106 - INFO -   Title: Land Bank of the Philppines vs. Artemio S. San Juan, Jr....
2025-12-06 14:33:12,042 - WARNING -   ✗ Could not fetch case from any URL
2025-12-06 14:33:12,042 - INFO - 
[852/2000] Processing G.R. No. 168613
2025-12-06 14:33:12,042 - INFO -   Title: Atty. Ma. Rosario Manalang-Demigillo vs. Trade and Investmen...
2025-12-06 14:33:12,486 - INFO -   ✓ Saved: RESTRUCTURED_DB/2013/mar/168613.json
2025-12-06 14:33:12,986 - INFO - 
[853/2000] Processing G.R. No. 168951
2025-12-06 14:33:12,987 - INFO -   Title: Dr. Roger R. Posadas and Dr. Rolando P. Dayco vs. Sandiganba...
2025-12-06 14:33:13,223 - INFO -   ✓ Saved: RESTRUCTURED_DB/2013/nov/69983.json
2025-12-06 14:33:13,724 - INFO - 
[854/2000] Processing G.R. No. 168979
2025-12-06 14:33:13,724 - INFO -   Title: Rebecca Pacana-Contreras, et al. vs. Rovila Water...
2025-12-06 14:33:14,169 - INFO -   ✓ Saved: RESTRUCTURED_DB/2013/dec/168979.json
2025-12-06 14:33:14,669 - INFO - 
[855/2000] Processing G.R. No. 169005
2025-12-06 14:33:14,669 - INFO -   Title: Winston F. Garcia, in his capacity as President and General ...
2025-12-06 14:33:15,114 - INFO -   ✓ Saved: RESTRUCTURED_DB/2013/jan/169005.json
2025-12-06 14:33:15,614 - INFO - 
[856/2000] Processing G.R. No. 169211
2025-12-06 14:33:15,614 - INFO -   Title: Star Two (SPV-AMC), Inc. vs. Paper City Corporation of the P...
2025-12-06 14:33:16,059 - INFO -   ✓ Saved: RESTRUCTURED_DB/2013/mar/169211.json
2025-12-06 14:33:16,559 - INFO - 
[857/2000] Processing G.R. No. 169214
2025-12-06 14:33:16,559 - INFO -   Title: Spouses Manuel Sy and Victoria Sy vs. Genalyn D. Young...
2025-12-06 14:33:16,797 - INFO -   ✓ Saved: RESTRUCTURED_DB/2013/jun/169214.json
2025-12-06 14:33:17,297 - INFO - 
[858/2000] Processing G.R. No. 169234
2025-12-06 14:33:17,297 - INFO -   Title: Camp John Hay Development Corporation vs. Central Board of A...
2025-12-06 14:33:17,742 - INFO -   ✓ Saved: RESTRUCTURED_DB/2013/oct/169234.json
2025-12-06 14:33:18,242 - INFO - 
[859/2000] Processing G.R. No. 169253
2025-12-06 14:33:18,242 - INFO -   Title: Pacifico C. Velasco vs. the Hon. Sandiganbayan (Fifth Divisi...
2025-12-06 14:33:18,480 - INFO -   ✓ Saved: RESTRUCTURED_DB/2013/feb/169253.json
2025-12-06 14:33:18,980 - INFO - 
[860/2000] Processing G.R. No. 169461
2025-12-06 14:33:18,980 - INFO -   Title: First Gas Power Corporation vs. Republic of the Philippines,...
2025-12-06 14:33:19,219 - INFO -   ✓ Saved: RESTRUCTURED_DB/2013/sep/169461.json
2025-12-06 14:33:19,719 - INFO - 
[861/2000] Processing G.R. No. 169533
2025-12-06 14:33:19,719 - INFO -   Title: George Bongalon vs. People of the Philippines...
2025-12-06 14:33:20,162 - INFO -   ✓ Saved: RESTRUCTURED_DB/2013/mar/169533.json
2025-12-06 14:33:20,662 - INFO - 
[862/2000] Processing G.R. No. 169588
2025-12-06 14:33:20,663 - INFO -   Title: Jadewell Parking Systems Corporation, represented by its man...
2025-12-06 14:33:21,106 - INFO -   ✓ Saved: RESTRUCTURED_DB/2013/oct/169588.json
2025-12-06 14:33:21,607 - INFO - 
[863/2000] Processing G.R. No. 169677
2025-12-06 14:33:21,607 - INFO -   Title: Metropolitan Bank and Trust Company, as successor-in-interes...
2025-12-06 14:33:22,053 - INFO -   ✓ Saved: RESTRUCTURED_DB/2013/feb/169677.json
2025-12-06 14:33:22,553 - INFO - 
[864/2000] Processing G.R. No. 169899
2025-12-06 14:33:22,553 - INFO -   Title: Philacor Credit Corporation vs. Commissioner of Internal Rev...
2025-12-06 14:33:22,998 - INFO -   ✓ Saved: RESTRUCTURED_DB/2013/feb/169899.json
2025-12-06 14:33:23,498 - INFO - 
[865/2000] Processing G.R. No. 170018
2025-12-06 14:33:23,498 - INFO -   Title: Department of Agrarian Reform, represented by OIC-Secretary ...
2025-12-06 14:33:23,946 - INFO -   ✓ Saved: RESTRUCTURED_DB/2013/sep/170018.json
2025-12-06 14:33:24,446 - INFO - 
[866/2000] Processing G.R. No. 170022
2025-12-06 14:33:24,446 - INFO -   Title: Republic of the Philippines vs. Cesar Encelan...
2025-12-06 14:33:24,683 - INFO -   ✓ Saved: RESTRUCTURED_DB/2013/jan/170022.json
2025-12-06 14:33:25,184 - INFO - 
[867/2000] Processing G.R. No. 170054
2025-12-06 14:33:25,184 - INFO -   Title: Goya, Inc. vs. Goya, Inc. Employees Union-FFW...
2025-12-06 14:33:25,627 - INFO -   ✓ Saved: RESTRUCTURED_DB/2013/jan/170054.json
2025-12-06 14:33:26,128 - INFO - 
[868/2000] Processing G.R. No. 170245
2025-12-06 14:33:26,128 - INFO -   Title: The Heirs of Spouses Domingo Tria vs. Land Bank of the Phili...
2025-12-06 14:33:26,376 - INFO -   ✓ Saved: RESTRUCTURED_DB/2013/jul/170245.json
2025-12-06 14:33:26,876 - INFO - 
[869/2000] Processing G.R. No. 170388
2025-12-06 14:33:26,876 - INFO -   Title: Colegio del Santisimo Rosario and Sr. Zenaida S. Mofada, OP ...
2025-12-06 14:33:27,321 - INFO -   ✓ Saved: RESTRUCTURED_DB/2013/sep/170388.json
2025-12-06 14:33:27,822 - INFO - 
[870/2000] Processing G.R. No. 170498
2025-12-06 14:33:27,822 - INFO -   Title: Metropolitan Bank & Trust Company vs. Absolute Management Co...
2025-12-06 14:33:28,266 - INFO -   ✓ Saved: RESTRUCTURED_DB/2013/jan/170498.json
2025-12-06 14:33:28,766 - INFO - 
[871/2000] Processing G.R. No. 170598
2025-12-06 14:33:28,766 - INFO -   Title: Far East Bank and Trust Company vs. Robert Mar Chante a.k.a....
2025-12-06 14:33:29,211 - INFO -   ✓ Saved: RESTRUCTURED_DB/2013/oct/170598.json
2025-12-06 14:33:29,711 - INFO - 
[872/2000] Processing G.R. No. 170604
2025-12-06 14:33:29,711 - INFO -   Title: Heirs of Margarita Prodon vs. Heirs of Maximo S. Alvarez and...
2025-12-06 14:33:30,162 - INFO -   ✓ Saved: RESTRUCTURED_DB/2013/sep/170604.json
2025-12-06 14:33:30,662 - INFO - 
[873/2000] Processing G.R. No. 170618
2025-12-06 14:33:30,662 - INFO -   Title: Far Eastern Surety and Insurance Co., Inc. vs. People of the...
2025-12-06 14:33:30,900 - INFO -   ✓ Saved: RESTRUCTURED_DB/2013/nov/170618.json
2025-12-06 14:33:31,400 - INFO - 
[874/2000] Processing G.R. No. 170634
2025-12-06 14:33:31,400 - INFO -   Title: People of the Philippines vs. Pedro Buado, Jr., y Cipriano...
2025-12-06 14:33:31,847 - INFO -   ✓ Saved: RESTRUCTURED_DB/2013/jan/170634.json
2025-12-06 14:33:32,347 - INFO - 
[875/2000] Processing G.R. No. 170677
2025-12-06 14:33:32,347 - INFO -   Title: VSD Realty & Development Corporation vs. Uniwide Sales, Inc....
2025-12-06 14:33:32,790 - INFO -   ✓ Saved: RESTRUCTURED_DB/2013/jul/170677.json
2025-12-06 14:33:33,290 - INFO - 
[876/2000] Processing G.R. No. 170770
2025-12-06 14:33:33,290 - INFO -   Title: Vitaliano N. Aguirre II and Fidel N. Aguirre II and Fidel N....
2025-12-06 14:33:33,735 - INFO -   ✓ Saved: RESTRUCTURED_DB/2013/jan/170770.json
2025-12-06 14:33:34,235 - INFO - 
[877/2000] Processing G.R. No. 170863
2025-12-06 14:33:34,236 - INFO -   Title: Engr. Anthony V. Zapanta vs. People of the Philippines...
2025-12-06 14:33:34,473 - INFO -   ✓ Saved: RESTRUCTURED_DB/2013/mar/170863.json
2025-12-06 14:33:34,973 - INFO - 
[878/2000] Processing G.R. No. 170904
2025-12-06 14:33:34,973 - INFO -   Title: Bani Rural Bank, Inc., et al. vs. Teresa de Guzman, et al....
2025-12-06 14:33:35,417 - INFO -   ✓ Saved: RESTRUCTURED_DB/2013/nov/170904.json
2025-12-06 14:33:35,918 - INFO - 
[879/2000] Processing G.R. No. 170942
2025-12-06 14:33:35,918 - INFO -   Title: Comsavings Bank (nos GSIS Family Bank) vs. Sps. Danilo and E...
2025-12-06 14:33:36,361 - INFO -   ✓ Saved: RESTRUCTURED_DB/2013/aug/170942.json
2025-12-06 14:33:36,862 - INFO - 
[880/2000] Processing G.R. No. 171136
2025-12-06 14:33:36,862 - INFO -   Title: Republic of the Philippines vs. Lydia Capco De Tensuan, repr...
2025-12-06 14:33:37,305 - INFO -   ✓ Saved: RESTRUCTURED_DB/2013/oct/171136.json
2025-12-06 14:33:37,805 - INFO - 
[881/2000] Processing G.R. No. 171206
2025-12-06 14:33:37,805 - INFO -   Title: Heirs of the late Sps. Flaviano Maglasang and Salud Adaza-Ma...
2025-12-06 14:33:38,056 - INFO -   ✓ Saved: RESTRUCTURED_DB/2013/sep/171206.json
2025-12-06 14:33:38,556 - INFO - 
[882/2000] Processing G.R. No. 171298
2025-12-06 14:33:38,556 - INFO -   Title: Spouses Oscar and Thelma Cacayorin vs. Armed Forces and Poli...
2025-12-06 14:33:38,795 - INFO -   ✓ Saved: RESTRUCTURED_DB/2013/apr/171298.json
2025-12-06 14:33:39,295 - INFO - 
[883/2000] Processing G.R. No. 171307
2025-12-06 14:33:39,295 - INFO -   Title: J.R.A. Philippines, Inc. vs. Commissioner of Internal Revenu...
2025-12-06 14:33:39,533 - INFO -   ✓ Saved: RESTRUCTURED_DB/2013/aug/171307.json
2025-12-06 14:33:40,034 - INFO - 
[884/2000] Processing G.R. No. 171428
2025-12-06 14:33:40,034 - INFO -   Title: Alejandro V. Tankeh vs. Development Bank of the Philippines,...
2025-12-06 14:33:40,688 - INFO -   ✓ Saved: RESTRUCTURED_DB/2013/nov/171428.json
2025-12-06 14:33:41,188 - INFO - 
[885/2000] Processing G.R. No. 171464
2025-12-06 14:33:41,188 - INFO -   Title: Spouses Eliseo R. Baustista and Emperatriz C. Baustista vs. ...
2025-12-06 14:33:41,439 - INFO -   ✓ Saved: RESTRUCTURED_DB/2013/nov/171464.json
2025-12-06 14:33:41,939 - INFO - 
[886/2000] Processing G.R. No. 171555
2025-12-06 14:33:41,939 - INFO -   Title: Evangeline Rivera-Calingasan and E. Rical Enterprises vs. Wi...
2025-12-06 14:33:42,177 - INFO -   ✓ Saved: RESTRUCTURED_DB/2013/apr/171555.json
2025-12-06 14:33:42,678 - INFO - 
[887/2000] Processing G.R. No. 171633
2025-12-06 14:33:42,678 - INFO -   Title: Juanito Victor C. Remulla vs. Erineo S. Maliksi, etc., et al...
2025-12-06 14:33:42,916 - INFO -   ✓ Saved: RESTRUCTURED_DB/2013/sep/171633.json
2025-12-06 14:33:43,416 - INFO - 
[888/2000] Processing G.R. No. 171664
2025-12-06 14:33:43,416 - INFO -   Title: Bankard, Inc. vs. NLRC-first Division, Paulo Buenconsejo, Ba...
2025-12-06 14:33:43,862 - INFO -   ✓ Saved: RESTRUCTURED_DB/2013/mar/171664.json
2025-12-06 14:33:44,362 - INFO - 
[889/2000] Processing G.R. No. 171677
2025-12-06 14:33:44,362 - INFO -   Title: Philippine National Bank, substituted by Tranche 1 (SPV-AMC)...
2025-12-06 14:33:44,808 - INFO -   ✓ Saved: RESTRUCTURED_DB/2013/jan/171677.json
2025-12-06 14:33:45,309 - INFO - 
[890/2000] Processing G.R. No. 171692
2025-12-06 14:33:45,309 - INFO -   Title: Sps. Delfin O. Tumibay and Aurora T. Tumibay-deceased; Grace...
2025-12-06 14:33:45,757 - INFO -   ✓ Saved: RESTRUCTURED_DB/2013/jun/171692.json
2025-12-06 14:33:46,258 - INFO - 
[891/2000] Processing G.R. No. 171904
2025-12-06 14:33:46,258 - INFO -   Title: Bobby Tan vs. Grace Andrade, et al./Grace Andrade, et al. vs...
2025-12-06 14:33:46,509 - INFO -   ✓ Saved: RESTRUCTURED_DB/2013/aug/171904.json
2025-12-06 14:33:47,009 - INFO - 
[892/2000] Processing G.R. No. 171937
2025-12-06 14:33:47,009 - INFO -   Title: Cerila J. Calanasan, represented by Teodora J. Calanasan as ...
2025-12-06 14:33:47,246 - INFO -   ✓ Saved: RESTRUCTURED_DB/2013/nov/171937.json
2025-12-06 14:33:47,746 - INFO - 
[893/2000] Processing G.R. No. 172044
2025-12-06 14:33:47,746 - INFO -   Title: Cavite Apparel, Inc., et al. vs. Michelle Marquez...
2025-12-06 14:33:48,190 - INFO -   ✓ Saved: RESTRUCTURED_DB/2013/feb/172044.json
2025-12-06 14:33:48,690 - INFO - 
[894/2000] Processing G.R. No. 172206
2025-12-06 14:33:48,690 - INFO -   Title: Office of the Ombudsman vs. Ernesto M. De Chavez, Rolando L....
2025-12-06 14:33:49,140 - INFO -   ✓ Saved: RESTRUCTURED_DB/2013/jul/172206.json
2025-12-06 14:33:49,640 - INFO - 
[895/2000] Processing G.R. No. 172293
2025-12-06 14:33:49,640 - INFO -   Title: Araceli J. Cabrera, et al. vs. Angela G. Francisco, et al....
2025-12-06 14:33:50,084 - INFO -   ✓ Saved: RESTRUCTURED_DB/2013/aug/172293.json
2025-12-06 14:33:50,584 - INFO - 
[896/2000] Processing G.R. No. 172334
2025-12-06 14:33:50,585 - INFO -   Title: Dr. Zenaida P. Pia vs. Hon. Margarito P. Gervacio, Jr., et a...
2025-12-06 14:33:51,029 - INFO -   ✓ Saved: RESTRUCTURED_DB/2013/jun/172334.json
2025-12-06 14:33:51,530 - INFO - 
[897/2000] Processing G.R. No. 172346
2025-12-06 14:33:51,530 - INFO -   Title: Sps. Namael and Lourdes Bonrostro vs. Sps. Juan and Constaci...
2025-12-06 14:33:51,974 - INFO -   ✓ Saved: RESTRUCTURED_DB/2013/jul/172346.json
2025-12-06 14:33:52,474 - INFO - 
[898/2000] Processing G.R. No. 172588
2025-12-06 14:33:52,474 - INFO -   Title: Isabel N. Guzman vs. Aniano N. Guzman and Primitiva G. Monte...
2025-12-06 14:33:52,718 - INFO -   ✓ Saved: RESTRUCTURED_DB/2013/mar/172588.json
2025-12-06 14:33:53,218 - INFO - 
[899/2000] Processing G.R. No. 172590
2025-12-06 14:33:53,218 - INFO -   Title: Mary Louise R. Anderson vs. Enrique Ho...
2025-12-06 14:33:53,662 - INFO -   ✓ Saved: RESTRUCTURED_DB/2013/jan/172590.json
2025-12-06 14:33:54,162 - INFO - 
[900/2000] Processing G.R. No. 172701
2025-12-06 14:33:54,162 - INFO -   Title: People of the Philippines vs. Halil Gambao, et al....
2025-12-06 14:33:55,097 - WARNING -   ✗ Could not fetch case from any URL
2025-12-06 14:33:55,098 - INFO - 
[901/2000] Processing G.R. No. 172846
2025-12-06 14:33:55,098 - INFO -   Title: Manila Polo Club Employee's Union (MPCEU) FUR-TUCP vs. Manil...
2025-12-06 14:33:55,541 - INFO -   ✓ Saved: RESTRUCTURED_DB/2013/jul/172846.json
2025-12-06 14:33:56,042 - INFO - 
[902/2000] Processing G.R. No. 172852
2025-12-06 14:33:56,042 - INFO -   Title: City of Cebu vs. Apolinio M. Dedamo, Jr....
2025-12-06 14:33:56,285 - INFO -   ✓ Saved: RESTRUCTURED_DB/2013/jan/172852.json
2025-12-06 14:33:56,785 - INFO - 
[903/2000] Processing G.R. No. 172892
2025-12-06 14:33:56,785 - INFO -   Title: Philippine Deposit Insurance Corporation vs. Bureau of Inter...
2025-12-06 14:33:57,227 - INFO -   ✓ Saved: RESTRUCTURED_DB/2013/jun/172892.json
2025-12-06 14:33:57,727 - INFO - 
[904/2000] Processing G.R. No. 173121
2025-12-06 14:33:57,727 - INFO -   Title: Franklin Alejandro vs. Office of the Ombudsman Fact-Finding ...
2025-12-06 14:33:58,185 - INFO -   ✓ Saved: RESTRUCTURED_DB/2013/apr/173121.json
2025-12-06 14:33:58,685 - INFO - 
[905/2000] Processing G.R. No. 173154
2025-12-06 14:33:58,686 - INFO -   Title: Sangwoo Philippines, Inc. and/or Sang Ik Jang, Jisso Jang, e...
2025-12-06 14:33:59,129 - INFO -   ✓ Saved: RESTRUCTURED_DB/2013/dec/173154.json
2025-12-06 14:33:59,629 - INFO - 
[906/2000] Processing G.R. No. 173166
2025-12-06 14:33:59,629 - INFO -   Title: Purificacion Estanislao and Ruperto Estanislao vs. Spouses N...
2025-12-06 14:33:59,867 - INFO -   ✓ Saved: RESTRUCTURED_DB/2013/mar/173166.json
2025-12-06 14:34:00,367 - INFO - 
[907/2000] Processing G.R. No. 173183
2025-12-06 14:34:00,367 - INFO -   Title: Sycamore Ventures Corporation, et al. vs. Metropolitan Bank ...
2025-12-06 14:34:00,811 - INFO -   ✓ Saved: RESTRUCTURED_DB/2013/nov/173183.json
2025-12-06 14:34:01,311 - INFO - 
[908/2000] Processing G.R. No. 173189
2025-12-06 14:34:01,311 - INFO -   Title: Jonathan I. Sang-an vs. Equator Knights Detection and Securi...
2025-12-06 14:34:01,550 - INFO -   ✓ Saved: RESTRUCTURED_DB/2013/feb/173189.json
2025-12-06 14:34:02,050 - INFO - 
[909/2000] Processing G.R. No. 173226
2025-12-06 14:34:02,050 - INFO -   Title: Land Bank of the Philippines vs. Manuel O. Gallego, Jr., et ...
2025-12-06 14:34:02,502 - INFO -   ✓ Saved: RESTRUCTURED_DB/2013/jul/173226.json
2025-12-06 14:34:03,003 - INFO - 
[910/2000] Processing G.R. No. 173297
2025-12-06 14:34:03,003 - INFO -   Title: Stronghold Insurance Company, Inc. vs. Tomas Cuenca, et al....
2025-12-06 14:34:03,448 - INFO -   ✓ Saved: RESTRUCTURED_DB/2013/mar/173297.json
2025-12-06 14:34:03,948 - INFO - 
[911/2000] Processing G.R. No. 173307
2025-12-06 14:34:03,948 - INFO -   Title: People of the Philippines vs. Victorino Reyes...
2025-12-06 14:34:04,188 - INFO -   ✓ Saved: RESTRUCTURED_DB/2013/jul/173307.json
2025-12-06 14:34:04,688 - INFO - 
[912/2000] Processing G.R. No. 173330
2025-12-06 14:34:04,688 - INFO -   Title: Lucille Domingo vs. Merlinda Colina...
2025-12-06 14:34:04,937 - INFO -   ✓ Saved: RESTRUCTURED_DB/2013/jun/173330.json
2025-12-06 14:34:05,437 - INFO - 
[913/2000] Processing G.R. No. 173331
2025-12-06 14:34:05,437 - INFO -   Title: Florpina Benvidez vs. Nestor Salvador...
2025-12-06 14:34:05,882 - INFO -   ✓ Saved: RESTRUCTURED_DB/2013/dec/173331.json
2025-12-06 14:34:06,383 - INFO - 
[914/2000] Processing G.R. No. 1733373
2025-12-06 14:34:06,383 - INFO -   Title: H. Tambunting Pawnshop, Inc. vs. Commissioner on Internal Re...
2025-12-06 14:34:07,318 - WARNING -   ✗ Could not fetch case from any URL
2025-12-06 14:34:07,318 - INFO - 
[915/2000] Processing G.R. No. 173357
2025-12-06 14:34:07,318 - INFO -   Title: Rowena De Leon Cruz vs. Bank of the Philippine Islands...
2025-12-06 14:34:07,762 - INFO -   ✓ Saved: RESTRUCTURED_DB/2013/feb/173357.json
2025-12-06 14:34:08,262 - INFO - 
[916/2000] Processing G.R. No. 173425
2025-12-06 14:34:08,262 - INFO -   Title: Fort Bonifacio Develoment Corp vs. Commissioner of Internal ...
2025-12-06 14:34:08,706 - INFO -   ✓ Saved: RESTRUCTURED_DB/2013/jan/173425.json
2025-12-06 14:34:09,207 - INFO - 
[917/2000] Processing G.R. No. 173489
2025-12-06 14:34:09,207 - INFO -   Title: Alilem Credit Cooperative, Inc. now known as Alilem Multipur...
2025-12-06 14:34:09,446 - INFO -   ✓ Saved: RESTRUCTURED_DB/2013/feb/173489.json
2025-12-06 14:34:09,947 - INFO - 
[918/2000] Processing G.R. No. 173520
2025-12-06 14:34:09,947 - INFO -   Title: National Power Corporation vs. Spouses Rodolfo Zabala and Li...
2025-12-06 14:34:10,390 - INFO -   ✓ Saved: RESTRUCTURED_DB/2013/jan/173520.json
2025-12-06 14:34:10,890 - INFO - 
[919/2000] Processing G.R. No. 173559
2025-12-06 14:34:10,890 - INFO -   Title: Leticia Diona, rep. by her attorney-in-fact, Marcelina Diona...
2025-12-06 14:34:11,343 - INFO -   ✓ Saved: RESTRUCTURED_DB/2013/jan/173559.json
2025-12-06 14:34:11,843 - INFO - 
[920/2000] Processing G.R. No. 173590
2025-12-06 14:34:11,844 - INFO -   Title: Philippine Postal Corporation vs. Court of Appeals and Crisa...
2025-12-06 14:34:12,289 - INFO -   ✓ Saved: RESTRUCTURED_DB/2013/dec/173590.json
2025-12-06 14:34:12,789 - INFO - 
[921/2000] Processing G.R. No. 173622
2025-12-06 14:34:12,789 - INFO -   Title: Robern Development Corporation, et al. vs. People's Landless...
2025-12-06 14:34:13,244 - INFO -   ✓ Saved: RESTRUCTURED_DB/2013/mar/173622.json
2025-12-06 14:34:13,745 - INFO - 
[922/2000] Processing G.R. No. 173829
2025-12-06 14:34:13,745 - INFO -   Title: Valbueco, Inc. vs. Province of Bataan, etc....
2025-12-06 14:34:13,998 - INFO -   ✓ Saved: RESTRUCTURED_DB/2013/jun/173829.json
2025-12-06 14:34:14,498 - INFO - 
[923/2000] Processing G.R. No. 173926
2025-12-06 14:34:14,498 - INFO -   Title: Heirs of Lorenzo Buensuceso, represented by German Buensuces...
2025-12-06 14:34:14,737 - INFO -   ✓ Saved: RESTRUCTURED_DB/2013/mar/173926.json
2025-12-06 14:34:15,237 - INFO - 
[924/2000] Processing G.R. No. 173946
2025-12-06 14:34:15,237 - INFO -   Title: Boston Equity Resources, Inc. vs. Court of Appeals and Lolit...
2025-12-06 14:34:15,682 - INFO -   ✓ Saved: RESTRUCTURED_DB/2013/jun/173946.json
2025-12-06 14:34:16,183 - INFO - 
[925/2000] Processing G.R. No. 173987
2025-12-06 14:34:16,183 - INFO -   Title: Padilla Mercado, Zulueta Mercado, et al. vs. Spouses Aguedo ...
2025-12-06 14:34:16,421 - INFO -   ✓ Saved: RESTRUCTURED_DB/2013/feb/173987.json
2025-12-06 14:34:16,921 - INFO - 
[926/2000] Processing G.R. No. 174004
2025-12-06 14:34:16,921 - INFO -   Title: Virgilio G. Cagatao vs. Guillermo Almonte, et al....
2025-12-06 14:34:17,364 - INFO -   ✓ Saved: RESTRUCTURED_DB/2013/oct/174004.json
2025-12-06 14:34:17,864 - INFO - 
[927/2000] Processing G.R. No. 174191
2025-12-06 14:34:17,864 - INFO -   Title: Nenita Quality Foods Corporation vs. Crisostomo Galabo, et a...
2025-12-06 14:34:18,310 - INFO -   ✓ Saved: RESTRUCTURED_DB/2013/jan/174191.json
2025-12-06 14:34:18,810 - INFO - 
[928/2000] Processing G.R. No. 174240
2025-12-06 14:34:18,810 - INFO -   Title: Spouses Lehner and Ludy Martires vs. Menelia Chua...
2025-12-06 14:34:19,254 - INFO -   ✓ Saved: RESTRUCTURED_DB/2013/mar/174240.json
2025-12-06 14:34:19,754 - INFO - 
[929/2000] Processing G.R. No. 174287
2025-12-06 14:34:19,754 - INFO -   Title: NUBE vs. PEMA and PNB...
2025-12-06 14:34:20,199 - INFO -   ✓ Saved: RESTRUCTURED_DB/2013/aug/174287.json
2025-12-06 14:34:20,700 - INFO - 
[930/2000] Processing G.R. No. 174321
2025-12-06 14:34:20,700 - INFO -   Title: Rolando Ganzon vs. Fernando Arlos...
2025-12-06 14:34:21,143 - INFO -   ✓ Saved: RESTRUCTURED_DB/2013/oct/174321.json
2025-12-06 14:34:21,643 - INFO - 
[931/2000] Processing G.R. No. 174385
2025-12-06 14:34:21,643 - INFO -   Title: Republic of the Philippines vs. Hon. Ramon S. Caguiao, etc.,...
2025-12-06 14:34:22,097 - INFO -   ✓ Saved: RESTRUCTURED_DB/2013/feb/174385.json
2025-12-06 14:34:22,598 - INFO - 
[932/2000] Processing G.R. No. 174436
2025-12-06 14:34:22,598 - INFO -   Title: Juanita Ermitaño, represented by her Attorney-in-fact, Isabe...
2025-12-06 14:34:22,836 - INFO -   ✓ Saved: RESTRUCTURED_DB/2013/jan/174436.json
2025-12-06 14:34:23,336 - INFO - 
[933/2000] Processing G.R. No. 174461
2025-12-06 14:34:23,336 - INFO -   Title: Letecia I. Kummer vs. People of the Philippines...
2025-12-06 14:34:24,218 - INFO -   ✓ Saved: RESTRUCTURED_DB/2013/sep/174461.json
2025-12-06 14:34:24,718 - INFO - 
[934/2000] Processing G.R. No. 174493
2025-12-06 14:34:24,718 - INFO -   Title: Victor Africa vs. the Hon. Sandiganbayan and Barbara Anne C....
2025-12-06 14:34:25,654 - WARNING -   ✗ Could not fetch case from any URL
2025-12-06 14:34:25,654 - INFO - 
[935/2000] Processing G.R. No. 174588
2025-12-06 14:34:25,654 - INFO -   Title: Davao Town Development Corporation vs. Spouses Gloria Saliga...
2025-12-06 14:34:26,099 - INFO -   ✓ Saved: RESTRUCTURED_DB/2013/dec/174588.json
2025-12-06 14:34:26,599 - INFO - 
[936/2000] Processing G.R. No. 174626
2025-12-06 14:34:26,599 - INFO -   Title: Republic of the Philippines vs. Luis Miguel O. Aboitiz...
2025-12-06 14:34:26,837 - INFO -   ✓ Saved: RESTRUCTURED_DB/2013/oct/174626.json
2025-12-06 14:34:27,337 - INFO - 
[937/2000] Processing G.R. No. 174727
2025-12-06 14:34:27,338 - INFO -   Title: Antipolo Ining, et al. vs. Leonardo R. Vega, et al....
2025-12-06 14:34:27,782 - INFO -   ✓ Saved: RESTRUCTURED_DB/2013/aug/174727.json
2025-12-06 14:34:28,282 - INFO - 
[938/2000] Processing G.R. No. 174788
2025-12-06 14:34:28,282 - INFO -   Title: The Special Audit Team, Commission on Audit vs. Court of App...
2025-12-06 14:34:28,728 - INFO -   ✓ Saved: RESTRUCTURED_DB/2013/apr/174788.json
2025-12-06 14:34:29,229 - INFO - 
[939/2000] Processing G.R. No. 174844
2025-12-06 14:34:29,229 - INFO -   Title: Vevencia Echin Pabalan, et al. vs. the Heirs of Simeon A.B. ...
2025-12-06 14:34:29,482 - INFO -   ✓ Saved: RESTRUCTURED_DB/2013/mar/174844.json
2025-12-06 14:34:29,983 - INFO - 
[940/2000] Processing G.R. No. 174908
2025-12-06 14:34:29,983 - INFO -   Title: Darma Maslag vs. Elizabeth Monzon, et al....
2025-12-06 14:34:30,221 - INFO -   ✓ Saved: RESTRUCTURED_DB/2013/jun/174908.json
2025-12-06 14:34:30,721 - INFO - 
[941/2000] Processing G.R. No. 174912
2025-12-06 14:34:30,721 - INFO -   Title: BPI Employees Union-Davao city-Fubu (BPIEU-Davao City-Fubu) ...
2025-12-06 14:34:31,164 - INFO -   ✓ Saved: RESTRUCTURED_DB/2013/jul/174912.json
2025-12-06 14:34:31,665 - INFO - 
[942/2000] Processing G.R. No. 174978
2025-12-06 14:34:31,665 - INFO -   Title: Sally Yoshizaki vs. Joy Training Center of Aurora, Inc....
2025-12-06 14:34:31,904 - INFO -   ✓ Saved: RESTRUCTURED_DB/2013/jul/174978.json
2025-12-06 14:34:32,404 - INFO - 
[943/2000] Processing G.R. No. 175002
2025-12-06 14:34:32,404 - INFO -   Title: Pepsi-Cola Products Philippines, Inc. vs. Anecito Molon, et ...
2025-12-06 14:34:32,850 - INFO -   ✓ Saved: RESTRUCTURED_DB/2013/feb/175002.json
2025-12-06 14:34:33,351 - INFO - 
[944/2000] Processing G.R. No. 175108
2025-12-06 14:34:33,351 - INFO -   Title: China Banking Corporation vs. Commissioner of Internal Reven...
2025-12-06 14:34:33,590 - INFO -   ✓ Saved: RESTRUCTURED_DB/2013/feb/175108.json
2025-12-06 14:34:34,090 - INFO - 
[945/2000] Processing G.R. No. 175142
2025-12-06 14:34:34,090 - INFO -   Title: Bonifacio Water Corporation (formerly Bonifacio Vivendi Wate...
2025-12-06 14:34:34,535 - INFO -   ✓ Saved: RESTRUCTURED_DB/2013/jul/175142.json
2025-12-06 14:34:35,035 - INFO - 
[946/2000] Processing G.R. No. 175209
2025-12-06 14:34:35,035 - INFO -   Title: Rolando L. Cervantes vs. PAL Maritime Corporation and/or Wes...
2025-12-06 14:34:35,278 - INFO -   ✓ Saved: RESTRUCTURED_DB/2013/jan/175209.json
2025-12-06 14:34:35,779 - INFO - 
[947/2000] Processing G.R. No. 175277
2025-12-06 14:34:35,779 - INFO -   Title: Unicapital Inc., et al. vs. Rafael Jose Consing, Jr., et al....
2025-12-06 14:34:36,231 - INFO -   ✓ Saved: RESTRUCTURED_DB/2013/sep/192073.json
2025-12-06 14:34:36,731 - INFO - 
[948/2000] Processing G.R. No. 175327
2025-12-06 14:34:36,731 - INFO -   Title: People of the Philippines vs. Edmundo Vitero...
2025-12-06 14:34:36,969 - INFO -   ✓ Saved: RESTRUCTURED_DB/2013/apr/175327.json
2025-12-06 14:34:37,470 - INFO - 
[949/2000] Processing G.R. No. 175356
2025-12-06 14:34:37,470 - INFO -   Title: Manila Memorial Park, Inc., et al. vs. Secretary of the Depa...
2025-12-06 14:34:38,124 - INFO -   ✓ Saved: RESTRUCTURED_DB/2013/dec/175356.json
2025-12-06 14:34:38,624 - INFO - 
[950/2000] Processing G.R. No. 175365
2025-12-06 14:34:38,624 - INFO -   Title: Candido S. Gemina, Jr. vs. Bankwise, Inc. et al....
2025-12-06 14:34:38,869 - INFO -   ✓ Saved: RESTRUCTURED_DB/2013/oct/175365.json
2025-12-06 14:34:39,370 - INFO - 
[951/2000] Processing G.R. No. 175368
2025-12-06 14:34:39,370 - INFO -   Title: League of Provinces of the Philippines vs. Department of Env...
2025-12-06 14:34:39,820 - INFO -   ✓ Saved: RESTRUCTURED_DB/2013/apr/175368.json
2025-12-06 14:34:40,320 - INFO - 
[952/2000] Processing G.R. No. 175369
2025-12-06 14:34:40,320 - INFO -   Title: Tegimenta Chemical Phils./Vivian Rose Garcia vs. court of Ap...
2025-12-06 14:34:40,558 - INFO -   ✓ Saved: RESTRUCTURED_DB/2013/feb/175369.json
2025-12-06 14:34:41,059 - INFO - 
[953/2000] Processing G.R. No. 175428
2025-12-06 14:34:41,059 - INFO -   Title: Ricardo Chu, Jr. and Dy Kok Eng vs. Melania Caparas and Spou...
2025-12-06 14:34:41,502 - INFO -   ✓ Saved: RESTRUCTURED_DB/2013/apr/175428.json
2025-12-06 14:34:42,003 - INFO - 
[954/2000] Processing G.R. No. 175492
2025-12-06 14:34:42,003 - INFO -   Title: Carlos L. Octavio vs. Philippine Long Distrance Telephone Co...
2025-12-06 14:34:42,242 - INFO -   ✓ Saved: RESTRUCTURED_DB/2013/feb/175492.json
2025-12-06 14:34:42,742 - INFO - 
[955/2000] Processing G.R. No. 175602
2025-12-06 14:34:42,743 - INFO -   Title: People of the Philippines vs. PO2 Eduardo Valdez & Edwin Val...
2025-12-06 14:34:42,980 - INFO -   ✓ Saved: RESTRUCTURED_DB/2013/feb/175602.json
2025-12-06 14:34:43,480 - INFO - 
[956/2000] Processing G.R. No. 175666
2025-12-06 14:34:43,480 - INFO -   Title: Manila Bankers Life Insurance Corporation vs. Cresencia P. A...
2025-12-06 14:34:43,923 - INFO -   ✓ Saved: RESTRUCTURED_DB/2013/jul/175666.json
2025-12-06 14:34:44,423 - INFO - 
[957/2000] Processing G.R. No. 175685
2025-12-06 14:34:44,423 - INFO -   Title: Republic of the Philippines vs. Angeles Bellate, et al....
2025-12-06 14:34:44,866 - INFO -   ✓ Saved: RESTRUCTURED_DB/2013/aug/175685.json
2025-12-06 14:34:45,366 - INFO - 
[958/2000] Processing G.R. No. 175768
2025-12-06 14:34:45,367 - INFO -   Title: Metropolitan Bank & Trust Company vs. Spouses Edgardo M. Cri...
2025-12-06 14:34:45,604 - INFO -   ✓ Saved: RESTRUCTURED_DB/2013/dec/175768.json
2025-12-06 14:34:46,105 - INFO - 
[959/2000] Processing G.R. No. 175773
2025-12-06 14:34:46,105 - INFO -   Title: Mitsubishi Motors Philippines salaried Employees Union (MMPS...
2025-12-06 14:34:46,549 - INFO -   ✓ Saved: RESTRUCTURED_DB/2013/jun/175773.json
2025-12-06 14:34:47,049 - INFO - 
[960/2000] Processing G.R. No. 175822
2025-12-06 14:34:47,049 - INFO -   Title: California Clothing, Inc. and Michelle S. Ybanez vs. Shirley...
2025-12-06 14:34:47,492 - INFO -   ✓ Saved: RESTRUCTURED_DB/2013/oct/175822.json
2025-12-06 14:34:47,992 - INFO - 
[961/2000] Processing G.R. No. 175844
2025-12-06 14:34:47,992 - INFO -   Title: Bank of the Philippine Islands vs. Sarabia Manor Hotel Corpo...
2025-12-06 14:34:48,438 - INFO -   ✓ Saved: RESTRUCTURED_DB/2013/jul/175844.json
2025-12-06 14:34:48,938 - INFO - 
[962/2000] Processing G.R. No. 175874
2025-12-06 14:34:48,938 - INFO -   Title: Heirs of Cipriano Trazona, et al. vs. Heirs of Dionisio Caña...
2025-12-06 14:34:49,177 - INFO -   ✓ Saved: RESTRUCTURED_DB/2013/dec/175874.json
2025-12-06 14:34:49,677 - INFO - 
[963/2000] Processing G.R. No. 175876
2025-12-06 14:34:49,677 - INFO -   Title: People of the Philippines vs. Tomas Teodoro y Angeles...
2025-12-06 14:34:50,123 - INFO -   ✓ Saved: RESTRUCTURED_DB/2013/feb/175876.json
2025-12-06 14:34:50,623 - INFO - 
[964/2000] Processing G.R. No. 175900
2025-12-06 14:34:50,623 - INFO -   Title: Kapisanang Pangkaularan ng Kababaihang Potrero, Inc. and Mil...
2025-12-06 14:34:50,872 - INFO -   ✓ Saved: RESTRUCTURED_DB/2013/jun/175900.json
2025-12-06 14:34:51,372 - INFO - 
[965/2000] Processing G.R. No. 175939
2025-12-06 14:34:51,372 - INFO -   Title: People of the Philippines vs. Chad Manansala y Lagman...
2025-12-06 14:34:51,815 - INFO -   ✓ Saved: RESTRUCTURED_DB/2013/apr/175939.json
2025-12-06 14:34:52,315 - INFO - 
[966/2000] Processing G.R. No. 175977
2025-12-06 14:34:52,315 - INFO -   Title: Hadji Pangsayan T. Abdulrahman vs. Office of the Ombudsman f...
2025-12-06 14:34:52,759 - INFO -   ✓ Saved: RESTRUCTURED_DB/2013/aug/175977.json
2025-12-06 14:34:53,259 - INFO - 
[967/2000] Processing G.R. No. 176269
2025-12-06 14:34:53,259 - INFO -   Title: People of the Philippines vs. Kenneth Monceda y Sy, etc., et...
2025-12-06 14:34:53,703 - INFO -   ✓ Saved: RESTRUCTURED_DB/2013/nov/176269.json
2025-12-06 14:34:54,203 - INFO - 
[968/2000] Processing G.R. No. 176289
2025-12-06 14:34:54,203 - INFO -   Title: Moldex Realty, Inc. vs. Flora A. Saberon...
2025-12-06 14:34:54,442 - INFO -   ✓ Saved: RESTRUCTURED_DB/2013/apr/176289.json
2025-12-06 14:34:54,943 - INFO - 
[969/2000] Processing G.R. No. 176419
2025-12-06 14:34:54,943 - INFO -   Title: GMA Network, Inc. vs. Carlos P. Pabriga, Geoffrey F. Arias, ...
2025-12-06 14:34:55,387 - INFO -   ✓ Saved: RESTRUCTURED_DB/2013/nov/176419.json
2025-12-06 14:34:55,887 - INFO - 
[970/2000] Processing G.R. No. 176422
2025-12-06 14:34:55,887 - INFO -   Title: Maria Mendoza, et al. vs. Julia Policarpio, et al....
2025-12-06 14:34:56,138 - INFO -   ✓ Saved: RESTRUCTURED_DB/2013/mar/176422.json
2025-12-06 14:34:56,639 - INFO - 
[971/2000] Processing G.R. No. 176425
2025-12-06 14:34:56,639 - INFO -   Title: Heirs of Manuel Uy Ek Liong vs. Mauricia Meer Castillo, Heir...
2025-12-06 14:34:57,084 - INFO -   ✓ Saved: RESTRUCTURED_DB/2013/jun/176425.json
2025-12-06 14:34:57,584 - INFO - 
[972/2000] Processing G.R. No. 176702
2025-12-06 14:34:57,584 - INFO -   Title: Office of the Ombudsman vs. Marcelino A. Dechavez...
2025-12-06 14:34:57,822 - INFO -   ✓ Saved: RESTRUCTURED_DB/2013/nov/176702.json
2025-12-06 14:34:58,322 - INFO - 
[973/2000] Processing G.R. No. 176838
2025-12-06 14:34:58,322 - INFO -   Title: Department of Agrarian Reform (DAR) as represeted by Fritzi ...
2025-12-06 14:34:58,765 - INFO -   ✓ Saved: RESTRUCTURED_DB/2013/jun/176838.json
2025-12-06 14:34:59,265 - INFO - 
[974/2000] Processing G.R. No. 176897
2025-12-06 14:34:59,265 - INFO -   Title: Advance Paper Corporation and George Haw, in his capacity as...
2025-12-06 14:34:59,712 - INFO -   ✓ Saved: RESTRUCTURED_DB/2013/dec/176897.json
2025-12-06 14:35:00,212 - INFO - 
[975/2000] Processing G.R. No. 176944
2025-12-06 14:35:00,212 - INFO -   Title: Ret. Lt. Gen. Jacinto C. Ligot, et al. vs. Republic of the P...
2025-12-06 14:35:00,661 - INFO -   ✓ Saved: RESTRUCTURED_DB/2013/mar/176944.json
2025-12-06 14:35:01,161 - INFO - 
[976/2000] Processing G.R. No. 176985
2025-12-06 14:35:01,161 - INFO -   Title: Ricardo E. Vergara, Jr. vs. Coca-Cola Bottlers Philippines, ...
2025-12-06 14:35:01,400 - INFO -   ✓ Saved: RESTRUCTURED_DB/2013/apr/176985.json
2025-12-06 14:35:01,900 - INFO - 
[977/2000] Processing G.R. No. 177050
2025-12-06 14:35:01,900 - INFO -   Title: Carlos Lim, et al. vs. Development Bank of the Philippines...
2025-12-06 14:35:02,350 - INFO -   ✓ Saved: RESTRUCTURED_DB/2013/jul/177050.json
2025-12-06 14:35:02,850 - INFO - 
[978/2000] Processing G.R. No. 177103
2025-12-06 14:35:02,850 - INFO -   Title: Oriental Shipmanagement Co., Inc., et al. vs. Rainerio N. Na...
2025-12-06 14:35:03,089 - INFO -   ✓ Saved: RESTRUCTURED_DB/2013/jun/177103.json
2025-12-06 14:35:03,589 - INFO - 
[979/2000] Processing G.R. No. 177116
2025-12-06 14:35:03,590 - INFO -   Title: Asian Terminals, Inc. vs. Simon Enterprises, Inc....
2025-12-06 14:35:04,035 - INFO -   ✓ Saved: RESTRUCTURED_DB/2013/feb/177116.json
2025-12-06 14:35:04,535 - INFO - 
[980/2000] Processing G.R. No. 177167
2025-12-06 14:35:04,535 - INFO -   Title: Nelson B. Gan vs. Galderma Philippines, Inc. and Rosendo C. ...
2025-12-06 14:35:04,988 - INFO -   ✓ Saved: RESTRUCTURED_DB/2013/jan/177167.json
2025-12-06 14:35:05,488 - INFO - 
[981/2000] Processing G.R. No. 177751
2025-12-06 14:35:05,489 - INFO -   Title: People of the Philippines vs. Florencio Agacer, et al....
2025-12-06 14:35:05,726 - INFO -   ✓ Saved: RESTRUCTURED_DB/2013/jan/177751.json
2025-12-06 14:35:06,226 - INFO - 
[982/2000] Processing G.R. No. 177763
2025-12-06 14:35:06,226 - INFO -   Title: People of the Philippines vs. Garry Vergara y Oriel and Jose...
2025-12-06 14:35:06,670 - INFO -   ✓ Saved: RESTRUCTURED_DB/2013/jul/177763.json
2025-12-06 14:35:07,170 - INFO - 
[983/2000] Processing G.R. No. 177783
2025-12-06 14:35:07,170 - INFO -   Title: Heirs of Fausto C. Ignacio vs. Home Bankers Savings and Trus...
2025-12-06 14:35:07,614 - INFO -   ✓ Saved: RESTRUCTURED_DB/2013/jan/177783.json
2025-12-06 14:35:08,114 - INFO - 
[984/2000] Processing G.R. No. 177812
2025-12-06 14:35:08,114 - INFO -   Title: Concrete Solutions, Inc./Primary Structures Corporation, rep...
2025-12-06 14:35:08,558 - INFO -   ✓ Saved: RESTRUCTURED_DB/2013/jun/177812.json
2025-12-06 14:35:09,058 - INFO - 
[985/2000] Processing G.R. No. 177921
2025-12-06 14:35:09,058 - INFO -   Title: Metro Concast Steel Corp., Spouses Jose S. Dychiao and Tiu O...
2025-12-06 14:35:09,304 - INFO -   ✓ Saved: RESTRUCTURED_DB/2013/dec/177921.json
2025-12-06 14:35:09,805 - INFO - 
[986/2000] Processing G.R. No. 178008
2025-12-06 14:35:09,805 - INFO -   Title: San Fernando Regala Trading, Inc. vs. Cargill Philippines, I...
2025-12-06 14:35:10,052 - INFO -   ✓ Saved: RESTRUCTURED_DB/2013/oct/178008.json
2025-12-06 14:35:10,552 - INFO - 
[987/2000] Processing G.R. No. 178031
2025-12-06 14:35:10,552 - INFO -   Title: Virginia M. Venzon vs. Rural Bank of Buenavista, Inc., repre...
2025-12-06 14:35:10,801 - INFO -   ✓ Saved: RESTRUCTURED_DB/2013/aug/178031.json
2025-12-06 14:35:11,301 - INFO - 
[988/2000] Processing G.R. No. 178034
2025-12-06 14:35:11,301 - INFO -   Title: Andrew James McBurnie vs. Eulalio Ganzon, EGI-Managers, Inc....
2025-12-06 14:35:11,957 - INFO -   ✓ Saved: RESTRUCTURED_DB/2013/oct/186984.json
2025-12-06 14:35:12,457 - INFO - 
[989/2000] Processing G.R. No. 178065
2025-12-06 14:35:12,457 - INFO -   Title: People of the Philippines vs. Arnold Tapere y Polpol...
2025-12-06 14:35:12,697 - INFO -   ✓ Saved: RESTRUCTURED_DB/2013/feb/178065.json
2025-12-06 14:35:13,197 - INFO - 
[990/2000] Processing G.R. No. 178125
2025-12-06 14:35:13,197 - INFO -   Title: The Orchard Gold and Country Club vs. Amelia R. Francisco...
2025-12-06 14:35:13,642 - INFO -   ✓ Saved: RESTRUCTURED_DB/2013/mar/178125.json
2025-12-06 14:35:14,142 - INFO - 
[991/2000] Processing G.R. No. 178312
2025-12-06 14:35:14,142 - INFO -   Title: Land Bank of the Philippines vs. Heirs of Spouses Jorja Rigo...
2025-12-06 14:35:14,379 - INFO -   ✓ Saved: RESTRUCTURED_DB/2013/jan/178312.json
2025-12-06 14:35:14,880 - INFO - 
[992/2000] Processing G.R. No. 178347
2025-12-06 14:35:14,880 - INFO -   Title: Salvacion Villanueva, et al. vs. Palawan Council for Sustain...
2025-12-06 14:35:15,324 - INFO -   ✓ Saved: RESTRUCTURED_DB/2013/feb/178347.json
2025-12-06 14:35:15,824 - INFO - 
[993/2000] Processing G.R. No. 178611
2025-12-06 14:35:15,824 - INFO -   Title: Estrella Aduan Orpiano vs. Spouses Antonio C. Tomas and Myrn...
2025-12-06 14:35:16,266 - INFO -   ✓ Saved: RESTRUCTURED_DB/2013/jan/178611.json
2025-12-06 14:35:16,766 - INFO - 
[994/2000] Processing G.R. No. 178758
2025-12-06 14:35:16,766 - INFO -   Title: Marcelino and Vitaliana Dalangin vs. Celemente Perez, et al....
2025-12-06 14:35:17,209 - INFO -   ✓ Saved: RESTRUCTURED_DB/2013/apr/178758.json
2025-12-06 14:35:17,709 - INFO - 
[995/2000] Processing G.R. No. 178952
2025-12-06 14:35:17,710 - INFO -   Title: Heirs of Lazaro Gallardo, et al. vs. Porferio Soliman, et al...
2025-12-06 14:35:18,158 - INFO -   ✓ Saved: RESTRUCTURED_DB/2013/apr/178952.json
2025-12-06 14:35:18,658 - INFO - 
[996/2000] Processing G.R. No. 179001
2025-12-06 14:35:18,658 - INFO -   Title: MZR Industries, Marilou R. Quiroz and Lea Timbal vs. Majen C...
2025-12-06 14:35:18,897 - INFO -   ✓ Saved: RESTRUCTURED_DB/2013/aug/179001.json
2025-12-06 14:35:19,397 - INFO - 
[997/2000] Processing G.R. No. 179011
2025-12-06 14:35:19,397 - INFO -   Title: Rey Castigador Catedrilla vs. Mario and Margie Lauron...
2025-12-06 14:35:19,841 - INFO -   ✓ Saved: RESTRUCTURED_DB/2013/apr/179011.json
2025-12-06 14:35:20,341 - INFO - 
[998/2000] Processing G.R. No. 179018
2025-12-06 14:35:20,342 - INFO -   Title: Paglaum Management & Development Corp. and Health Marketing ...
2025-12-06 14:35:20,577 - INFO -   ✓ Saved: RESTRUCTURED_DB/2013/apr/179018.json
2025-12-06 14:35:21,078 - INFO - 
[999/2000] Processing G.R. No. 179041
2025-12-06 14:35:21,078 - INFO -   Title: People of the Philippines vs. Arnel Nocum, et al....
2025-12-06 14:35:21,533 - INFO -   ✓ Saved: RESTRUCTURED_DB/2013/apr/179041.json
2025-12-06 14:35:22,033 - INFO - 
[1000/2000] Processing G.R. No. 179079
2025-12-06 14:35:22,033 - INFO -   Title: People of the Philippines vs. Timothy J. Desmond/Virginia De...
2025-12-06 14:35:22,967 - WARNING -   ✗ Could not fetch case from any URL
2025-12-06 14:35:22,968 - INFO - 
[1001/2000] Processing G.R. No. 179096
2025-12-06 14:35:22,968 - INFO -   Title: Joseph Goyanko, Jr., as administrator of the Estate of Josep...
2025-12-06 14:35:23,414 - INFO -   ✓ Saved: RESTRUCTURED_DB/2013/feb/179096.json
2025-12-06 14:35:23,915 - INFO - 
[1002/2000] Processing G.R. No. 179146
2025-12-06 14:35:23,915 - INFO -   Title: Holy Child Catholic School vs. Hon. Patricia Sto. Tomas, etc...
2025-12-06 14:35:24,365 - INFO -   ✓ Saved: RESTRUCTURED_DB/2013/jul/179146.json
2025-12-06 14:35:24,865 - INFO - 
[1003/2000] Processing G.R. No. 179181
2025-12-06 14:35:24,865 - INFO -   Title: Roman Catholic Archbishop of Manila vs. Cresencia Sta. Teres...
2025-12-06 14:35:25,309 - INFO -   ✓ Saved: RESTRUCTURED_DB/2013/nov/179181.json
2025-12-06 14:35:25,809 - INFO - 
[1004/2000] Processing G.R. No. 179256
2025-12-06 14:35:25,809 - INFO -   Title: First Philippine Industrial Corporation vs. Raquel M. Calimb...
2025-12-06 14:35:26,058 - INFO -   ✓ Saved: RESTRUCTURED_DB/2013/jul/179256.json
2025-12-06 14:35:26,558 - INFO - 
[1005/2000] Processing G.R. No. 179259
2025-12-06 14:35:26,558 - INFO -   Title: Commissioner of Internal Revenue vs. Philippine Airlines, In...
2025-12-06 14:35:27,012 - INFO -   ✓ Saved: RESTRUCTURED_DB/2013/sep/179259.json
2025-12-06 14:35:27,512 - INFO - 
[1006/2000] Processing G.R. No. 179267
2025-12-06 14:35:27,512 - INFO -   Title: Jesus C. Garcia vs. the Hon. Ray Alan T. Drilon, Pres. Judge...
2025-12-06 14:35:27,964 - INFO -   ✓ Saved: RESTRUCTURED_DB/2013/jun/179267.json
2025-12-06 14:35:28,465 - INFO - 
[1007/2000] Processing G.R. No. 179326
2025-12-06 14:35:28,465 - INFO -   Title: Luciano P. Cañedo vs. Kampilan Security and Detective Agency...
2025-12-06 14:35:28,703 - INFO -   ✓ Saved: RESTRUCTURED_DB/2013/jul/179326.json
2025-12-06 14:35:29,203 - INFO - 
[1008/2000] Processing G.R. No. 179334
2025-12-06 14:35:29,204 - INFO -   Title: Secretary of the Department of Public Works and Highways and...
2025-12-06 14:35:29,443 - INFO -   ✓ Saved: RESTRUCTURED_DB/2013/jul/179334.json
2025-12-06 14:35:29,943 - INFO - 
[1009/2000] Processing G.R. No. 179382
2025-12-06 14:35:29,943 - INFO -   Title: Spouses Benjamin C. Mamaril and Sonia P. Mamaril vs. the Boy...
2025-12-06 14:35:30,386 - INFO -   ✓ Saved: RESTRUCTURED_DB/2013/jan/179382.json
2025-12-06 14:35:30,887 - INFO - 
[1010/2000] Processing G.R. No. 179448
2025-12-06 14:35:30,887 - INFO -   Title: Carlos L. Tenenggee vs. People of the Philippines...
2025-12-06 14:35:31,331 - INFO -   ✓ Saved: RESTRUCTURED_DB/2013/jun/179448.json
2025-12-06 14:35:31,831 - INFO - 
[1011/2000] Processing G.R. No. 179492
2025-12-06 14:35:31,831 - INFO -   Title: RP, represented by Abusama M. Alid, Officer-in-Charge, Depar...
2025-12-06 14:35:32,277 - INFO -   ✓ Saved: RESTRUCTURED_DB/2013/jun/179492.json
2025-12-06 14:35:32,777 - INFO - 
[1012/2000] Processing G.R. No. 179594
2025-12-06 14:35:32,777 - INFO -   Title: Manuel Uy & Sons, Inc. vs. Valbueco, Incorporated...
2025-12-06 14:35:33,223 - INFO -   ✓ Saved: RESTRUCTURED_DB/2013/sep/179594.json
2025-12-06 14:35:33,723 - INFO - 
[1013/2000] Processing G.R. No. 179611
2025-12-06 14:35:33,723 - INFO -   Title: Efren S. Almuete vs. People of the Philippines...
2025-12-06 14:35:34,169 - INFO -   ✓ Saved: RESTRUCTURED_DB/2013/mar/179611.json
2025-12-06 14:35:34,669 - INFO - 
[1014/2000] Processing G.R. No. 179628
2025-12-06 14:35:34,669 - INFO -   Title: The Manila Insurance Company, Inc. vs. Spouses Roberto and A...
2025-12-06 14:35:34,909 - INFO -   ✓ Saved: RESTRUCTURED_DB/2013/jan/179628.json
2025-12-06 14:35:35,409 - INFO - 
[1015/2000] Processing G.R. No. 179638
2025-12-06 14:35:35,409 - INFO -   Title: Heirs of Numeriano Miranda, Sr., namely: Cirila (deceased), ...
2025-12-06 14:35:35,648 - INFO -   ✓ Saved: RESTRUCTURED_DB/2013/jul/179638.json
2025-12-06 14:35:36,148 - INFO - 
[1016/2000] Processing G.R. No. 179643
2025-12-06 14:35:36,149 - INFO -   Title: Ernesto L. Natividad vs. Fernando Mariano, et al....
2025-12-06 14:35:36,593 - INFO -   ✓ Saved: RESTRUCTURED_DB/2013/jun/179643.json
2025-12-06 14:35:37,094 - INFO - 
[1017/2000] Processing G.R. No. 179648
2025-12-06 14:35:37,094 - INFO -   Title: Philippine National Bank vs. Mary Sheila Arcobillas...
2025-12-06 14:35:37,343 - INFO -   ✓ Saved: RESTRUCTURED_DB/2013/aug/179648.json
2025-12-06 14:35:37,843 - INFO - 
[1018/2000] Processing G.R. No. 179665
2025-12-06 14:35:37,843 - INFO -   Title: Solid Builders, Inc. and Medinaj Foods Industries, Inc. vs. ...
2025-12-06 14:35:38,288 - INFO -   ✓ Saved: RESTRUCTURED_DB/2013/apr/179665.json
2025-12-06 14:35:38,789 - INFO - 
[1019/2000] Processing G.R. No. 179685
2025-12-06 14:35:38,789 - INFO -   Title: Conrada O. Almagro vs. Sps. Manuel Amaya, Sr. and Lucila Mer...
2025-12-06 14:35:39,234 - INFO -   ✓ Saved: RESTRUCTURED_DB/2013/jun/179685.json
2025-12-06 14:35:39,734 - INFO - 
[1020/2000] Processing G.R. No. 179691
2025-12-06 14:35:39,734 - INFO -   Title: Philippine Bank of Communication vs. Mary Ann O. Yeung...
2025-12-06 14:35:39,973 - INFO -   ✓ Saved: RESTRUCTURED_DB/2013/dec/179691.json
2025-12-06 14:35:40,473 - INFO - 
[1021/2000] Processing G.R. No. 179736
2025-12-06 14:35:40,473 - INFO -   Title: Spouses Bill and Victoria Hing vs. Alexander Choachuy, Sr. a...
2025-12-06 14:35:41,737 - INFO -   ✓ Saved: RESTRUCTURED_DB/2013/jun/179736.json
2025-12-06 14:35:42,237 - INFO - 
[1022/2000] Processing G.R. No. 179786
2025-12-06 14:35:42,237 - INFO -   Title: Josielen Lara Chan vs. Johnny T. Chan...
2025-12-06 14:35:42,474 - INFO -   ✓ Saved: RESTRUCTURED_DB/2013/jul/179786.json
2025-12-06 14:35:42,974 - INFO - 
[1023/2000] Processing G.R. No. 179965
2025-12-06 14:35:42,974 - INFO -   Title: Nicolas P. Diego vs. Rodolfo P. Diego and Eduardo P. Diego...
2025-12-06 14:35:43,422 - INFO -   ✓ Saved: RESTRUCTURED_DB/2013/feb/179965.json
2025-12-06 14:35:43,922 - INFO - 
[1024/2000] Processing G.R. No. 179987
2025-12-06 14:35:43,923 - INFO -   Title: Heirs of Mario Malabanan (represented by Sally A. Malabanan)...
2025-12-06 14:35:44,367 - INFO -   ✓ Saved: RESTRUCTURED_DB/2013/sep/179987.json
2025-12-06 14:35:44,867 - INFO - 
[1025/2000] Processing G.R. No. 179990
2025-12-06 14:35:44,867 - INFO -   Title: Republic of the Philippines vs. Diosdada L. Gielczyk...
2025-12-06 14:35:45,315 - INFO -   ✓ Saved: RESTRUCTURED_DB/2013/oct/179990.json
2025-12-06 14:35:45,815 - INFO - 
[1026/2000] Processing G.R. No. 180036
2025-12-06 14:35:45,815 - INFO -   Title: Situs Development Corporation, et al. vs. Asia Trust Bank, e...
2025-12-06 14:35:46,065 - INFO -   ✓ Saved: RESTRUCTURED_DB/2013/jan/180036.json
2025-12-06 14:35:46,565 - INFO - 
[1027/2000] Processing G.R. No. 180064
2025-12-06 14:35:46,565 - INFO -   Title: Jose U. Pua and Benjamin Hanben U. Pua vs. Citibank, N.A....
2025-12-06 14:35:47,008 - INFO -   ✓ Saved: RESTRUCTURED_DB/2013/sep/180064.json
2025-12-06 14:35:47,508 - INFO - 
[1028/2000] Processing G.R. No. 180200
2025-12-06 14:35:47,508 - INFO -   Title: Digital Telecommunications Philippines, Inc. vs. Jessie E. C...
2025-12-06 14:35:48,938 - INFO -   ✓ Saved: RESTRUCTURED_DB/2013/nov/180200.json
2025-12-06 14:35:49,438 - INFO - 
[1029/2000] Processing G.R. No. 180269
2025-12-06 14:35:49,438 - INFO -   Title: Jose Z. Casilang, Sr. substituted by his heirs, namely: Feli...
2025-12-06 14:35:50,090 - INFO -   ✓ Saved: RESTRUCTURED_DB/2013/feb/180269.json
2025-12-06 14:35:50,590 - INFO - 
[1030/2000] Processing G.R. No. 180281
2025-12-06 14:35:50,590 - INFO -   Title: People of the Philippines vs. Joemari Jalbonian alias "Budo"...
2025-12-06 14:35:51,035 - INFO -   ✓ Saved: RESTRUCTURED_DB/2013/jul/180281.json
2025-12-06 14:35:51,535 - INFO - 
[1031/2000] Processing G.R. No. 180284
2025-12-06 14:35:51,535 - INFO -   Title: Narciso Salas vs. Annabelle Matusalem...
2025-12-06 14:35:52,186 - INFO -   ✓ Saved: RESTRUCTURED_DB/2013/sep/180284.json
2025-12-06 14:35:52,687 - INFO - 
[1032/2000] Processing G.R. No. 180321
2025-12-06 14:35:52,687 - INFO -   Title: Editha Padlan vs. Elenita Dinglasan and Felisimo Dinglasan...
2025-12-06 14:35:53,138 - INFO -   ✓ Saved: RESTRUCTURED_DB/2013/mar/180321.json
2025-12-06 14:35:53,638 - INFO - 
[1033/2000] Processing G.R. No. 180418
2025-12-06 14:35:53,638 - INFO -   Title: Republic of the Philippines represented by the Presidential ...
2025-12-06 14:35:54,332 - INFO -   ✓ Saved: RESTRUCTURED_DB/2013/aug/180418.json
2025-12-06 14:35:54,832 - INFO - 
[1034/2000] Processing G.R. No. 180427
2025-12-06 14:35:54,832 - INFO -   Title: Crisanta Guido-Enriquez vs. Alicia I. Victorino, et al....
2025-12-06 14:35:55,277 - INFO -   ✓ Saved: RESTRUCTURED_DB/2013/sep/180427.json
2025-12-06 14:35:55,777 - INFO - 
[1035/2000] Processing G.R. No. 180463
2025-12-06 14:35:55,777 - INFO -   Title: Republic of the Philippines vs. AFP Retirement and Separatio...
2025-12-06 14:35:56,427 - INFO -   ✓ Saved: RESTRUCTURED_DB/2013/jan/180463.json
2025-12-06 14:35:56,928 - INFO - 
[1036/2000] Processing G.R. No. 180476
2025-12-06 14:35:56,928 - INFO -   Title: Raymund Coderias, as represented by his Attorney-In-Fact, Ma...
2025-12-06 14:35:57,372 - INFO -   ✓ Saved: RESTRUCTURED_DB/2013/jun/180476.json
2025-12-06 14:35:57,873 - INFO - 
[1037/2000] Processing G.R. No. 180514
2025-12-06 14:35:57,873 - INFO -   Title: People of the Philippines vs. Dante L. Dumalag...
2025-12-06 14:35:58,524 - INFO -   ✓ Saved: RESTRUCTURED_DB/2013/apr/180514.json
2025-12-06 14:35:59,024 - INFO - 
[1038/2000] Processing G.R. No. 180529
2025-12-06 14:35:59,024 - INFO -   Title: Commissioner of Internal Revenue vs. Bank of Commerce...
2025-12-06 14:35:59,471 - INFO -   ✓ Saved: RESTRUCTURED_DB/2013/nov/180529.json
2025-12-06 14:35:59,971 - INFO - 
[1039/2000] Processing G.R. No. 180636
2025-12-06 14:35:59,971 - INFO -   Title: Lorenzo T. Tangga-an vs. Philippine Transmarine Carriers, In...
2025-12-06 14:36:00,416 - INFO -   ✓ Saved: RESTRUCTURED_DB/2013/mar/180636.json
2025-12-06 14:36:00,917 - INFO - 
[1040/2000] Processing G.R. No. 180661
2025-12-06 14:36:00,917 - INFO -   Title: George Antiquera y Codes vs. People of the Philippines...
2025-12-06 14:36:01,360 - INFO -   ✓ Saved: RESTRUCTURED_DB/2013/dec/180661.json
2025-12-06 14:36:01,860 - INFO - 
[1041/2000] Processing G.R. No. 180681
2025-12-06 14:36:01,861 - INFO -   Title: Rolando Z. Tigaz vs. Office of the Ombudsman...
2025-12-06 14:36:02,307 - INFO -   ✓ Saved: RESTRUCTURED_DB/2013/mar/180681.json
2025-12-06 14:36:02,807 - INFO - 
[1042/2000] Processing G.R. No. 180843
2025-12-06 14:36:02,807 - INFO -   Title: Apolonio Garcia, in substituion of his deceased mother, Mode...
2025-12-06 14:36:03,251 - INFO -   ✓ Saved: RESTRUCTURED_DB/2013/apr/180843.json
2025-12-06 14:36:03,751 - INFO - 
[1043/2000] Processing G.R. No. 180882
2025-12-06 14:36:03,751 - INFO -   Title: The Baguio Regreening Movement, Inc. represented by Atty. Er...
2025-12-06 14:36:04,409 - INFO -   ✓ Saved: RESTRUCTURED_DB/2013/feb/180882.json
2025-12-06 14:36:04,910 - INFO - 
[1044/2000] Processing G.R. No. 180919
2025-12-06 14:36:04,910 - INFO -   Title: People of the Philippines vs. Simpresueta M. Seraspe, accuse...
2025-12-06 14:36:05,357 - INFO -   ✓ Saved: RESTRUCTURED_DB/2013/jan/180919.json
2025-12-06 14:36:05,857 - INFO - 
[1045/2000] Processing G.R. No. 181096
2025-12-06 14:36:05,857 - INFO -   Title: Reno R. Gonzales, et al. vs. Camarines Sur II Electric Coope...
2025-12-06 14:36:06,301 - INFO -   ✓ Saved: RESTRUCTURED_DB/2013/mar/181096.json
2025-12-06 14:36:06,802 - INFO - 
[1046/2000] Processing G.R. No. 181119
2025-12-06 14:36:06,802 - INFO -   Title: Arnel Alicando y Briones vs. People of the Philippines...
2025-12-06 14:36:07,246 - INFO -   ✓ Saved: RESTRUCTURED_DB/2013/jul/181119.json
2025-12-06 14:36:07,746 - INFO - 
[1047/2000] Processing G.R. No. 181182
2025-12-06 14:36:07,746 - INFO -   Title: Boardwalk Business Ventures, Inc. vs. Elvira A. Villareal (d...
2025-12-06 14:36:08,191 - INFO -   ✓ Saved: RESTRUCTURED_DB/2013/apr/181182.json
2025-12-06 14:36:08,691 - INFO - 
[1048/2000] Processing G.R. No. 181195
2025-12-06 14:36:08,691 - INFO -   Title: Frederick James C. Orais vs. Dr. Amelia C. Almirante...
2025-12-06 14:36:09,137 - INFO -   ✓ Saved: RESTRUCTURED_DB/2013/jun/181195.json
2025-12-06 14:36:09,637 - INFO - 
[1049/2000] Processing G.R. No. 181218
2025-12-06 14:36:09,637 - INFO -   Title: Republic of the Philippines, represented by the Department o...
2025-12-06 14:36:10,084 - INFO -   ✓ Saved: RESTRUCTURED_DB/2013/jan/181218.json
2025-12-06 14:36:10,584 - INFO - 
[1050/2000] Processing G.R. No. 181276
2025-12-06 14:36:10,584 - INFO -   Title: The Commissioner of Internal Revenue vs. Visayas Geothermal ...
2025-12-06 14:36:11,029 - INFO -   ✓ Saved: RESTRUCTURED_DB/2013/nov/181276.json
2025-12-06 14:36:11,529 - INFO - 
[1051/2000] Processing G.R. No. 181277
2025-12-06 14:36:11,529 - INFO -   Title: Swedish Match Philippines Inc. vs. the Treasurer of the City...
2025-12-06 14:36:11,974 - INFO -   ✓ Saved: RESTRUCTURED_DB/2013/jul/181277.json
2025-12-06 14:36:12,474 - INFO - 
[1052/2000] Processing G.R. No. 181354
2025-12-06 14:36:12,474 - INFO -   Title: Simon A. Flores vs. People of the Philippines...
2025-12-06 14:36:12,920 - INFO -   ✓ Saved: RESTRUCTURED_DB/2013/feb/181354.json
2025-12-06 14:36:13,420 - INFO - 
[1053/2000] Processing G.R. No. 181359
2025-12-06 14:36:13,420 - INFO -   Title: Spouses Celemencio C. Sabitsana, Jr. and Ma. Rosario M. Sabi...
2025-12-06 14:36:13,865 - INFO -   ✓ Saved: RESTRUCTURED_DB/2013/aug/181359.json
2025-12-06 14:36:14,365 - INFO - 
[1054/2000] Processing G.R. No. 181416
2025-12-06 14:36:14,365 - INFO -   Title: Medical Plaza Makati Condominium Corporation vs. Robert H. C...
2025-12-06 14:36:14,809 - INFO -   ✓ Saved: RESTRUCTURED_DB/2013/nov/181416.json
2025-12-06 14:36:15,309 - INFO - 
[1055/2000] Processing G.R. No. 181444
2025-12-06 14:36:15,309 - INFO -   Title: Bobby "Abel" Avelino y Bulawan vs. People of the Philippines...
2025-12-06 14:36:15,753 - INFO -   ✓ Saved: RESTRUCTURED_DB/2013/jul/181444.json
2025-12-06 14:36:16,254 - INFO - 
[1056/2000] Processing G.R. No. 181458
2025-12-06 14:36:16,254 - INFO -   Title: Republic of the Philippines vs. Trinidad Diaz-Enriquez, et a...
2025-12-06 14:36:16,698 - INFO -   ✓ Saved: RESTRUCTURED_DB/2013/mar/181458.json
2025-12-06 14:36:17,198 - INFO - 
[1057/2000] Processing G.R. No. 181473
2025-12-06 14:36:17,199 - INFO -   Title: People of the Philippines vs. Doney Gaduyon y Tapispisan...
2025-12-06 14:36:17,852 - INFO -   ✓ Saved: RESTRUCTURED_DB/2013/nov/181473.json
2025-12-06 14:36:18,352 - INFO - 
[1058/2000] Processing G.R. No. 181508
2025-12-06 14:36:18,353 - INFO -   Title: Oscar Constantino, et al. vs. Heirs of Pedro Constantino, Jr...
2025-12-06 14:36:18,797 - INFO -   ✓ Saved: RESTRUCTURED_DB/2013/oct/181508.json
2025-12-06 14:36:19,298 - INFO - 
[1059/2000] Processing G.R. No. 181539
2025-12-06 14:36:19,298 - INFO -   Title: People of the Philippines vs. Edwin Aleman y Longhas...
2025-12-06 14:36:19,742 - INFO -   ✓ Saved: RESTRUCTURED_DB/2013/jul/181539.json
2025-12-06 14:36:20,243 - INFO - 
[1060/2000] Processing G.R. No. 181598
2025-12-06 14:36:20,243 - INFO -   Title: Office of the Ombudsman vs. Arnel A. Berndardo...
2025-12-06 14:36:20,687 - INFO -   ✓ Saved: RESTRUCTURED_DB/2013/mar/181598.json
2025-12-06 14:36:21,187 - INFO - 
[1061/2000] Processing G.R. No. 181622
2025-12-06 14:36:21,187 - INFO -   Title: Genesis Investment, Inc., et al. vs. Heirs of Ceferino Ebara...
2025-12-06 14:36:21,631 - INFO -   ✓ Saved: RESTRUCTURED_DB/2013/nov/181622.json
2025-12-06 14:36:22,131 - INFO - 
[1062/2000] Processing G.R. No. 181658
2025-12-06 14:36:22,132 - INFO -   Title: Lee Pue Liong a.k.a. Paul Lee vs. Chua Pue Chin Lee...
2025-12-06 14:36:22,578 - INFO -   ✓ Saved: RESTRUCTURED_DB/2013/aug/181658.json
2025-12-06 14:36:23,078 - INFO - 
[1063/2000] Processing G.R. No. 181692
2025-12-06 14:36:23,078 - INFO -   Title: Adelaida Soriano vs. People of the Philippines...
2025-12-06 14:36:23,522 - INFO -   ✓ Saved: RESTRUCTURED_DB/2013/aug/181692.json
2025-12-06 14:36:24,022 - INFO - 
[1064/2000] Processing G.R. No. 181738
2025-12-06 14:36:24,022 - INFO -   Title: General Milling Corporation vs. Violeta L. Viajar...
2025-12-06 14:36:24,468 - INFO -   ✓ Saved: RESTRUCTURED_DB/2013/jan/181738.json
2025-12-06 14:36:24,968 - INFO - 
[1065/2000] Processing G.R. No. 181753
2025-12-06 14:36:24,968 - INFO -   Title: People of the Philippines vs. Ramon Placer...
2025-12-06 14:36:25,412 - INFO -   ✓ Saved: RESTRUCTURED_DB/2013/oct/181753.json
2025-12-06 14:36:25,912 - INFO - 
[1066/2000] Processing G.R. No. 181852
2025-12-06 14:36:25,912 - INFO -   Title: Eric V. Chuanico vs. Legacy Consolidated Plans, Inc....
2025-12-06 14:36:26,163 - INFO -   ✓ Saved: RESTRUCTURED_DB/2013/oct/181852.json
2025-12-06 14:36:26,663 - INFO - 
[1067/2000] Processing G.R. No. 181973
2025-12-06 14:36:26,663 - INFO -   Title: Amelia Aquino, et al. vs. Philippine Ports Authority...
2025-12-06 14:36:27,118 - INFO -   ✓ Saved: RESTRUCTURED_DB/2013/apr/181973.json
2025-12-06 14:36:27,618 - INFO - 
[1068/2000] Processing G.R. No. 181983
2025-12-06 14:36:27,618 - INFO -   Title: Consolidated Industrial Gases, Inc. vs. Alabang Medical Cent...
2025-12-06 14:36:28,066 - INFO -   ✓ Saved: RESTRUCTURED_DB/2013/nov/181983.json
2025-12-06 14:36:28,566 - INFO - 
[1069/2000] Processing G.R. No. 182072
2025-12-06 14:36:28,566 - INFO -   Title: Univac Development, Inc. vs. William M. Soriano...
2025-12-06 14:36:28,805 - INFO -   ✓ Saved: RESTRUCTURED_DB/2013/jun/182072.json
2025-12-06 14:36:29,306 - INFO - 
[1070/2000] Processing G.R. No. 182130
2025-12-06 14:36:29,306 - INFO -   Title: Iris Kristine Balois Alberto and Benjamin D. Balaois vs. the...
2025-12-06 14:36:29,961 - INFO -   ✓ Saved: RESTRUCTURED_DB/2013/jun/182130.json
2025-12-06 14:36:30,462 - INFO - 
[1071/2000] Processing G.R. No. 182152
2025-12-06 14:36:30,462 - INFO -   Title: People of the Philippines vs. Miriam Ruth T. Magsino vs. PO1...
2025-12-06 14:36:30,699 - INFO -   ✓ Saved: RESTRUCTURED_DB/2013/feb/182152.json
2025-12-06 14:36:31,200 - INFO - 
[1072/2000] Processing G.R. No. 182249
2025-12-06 14:36:31,200 - INFO -   Title: Trade and Investment Development Corporation of the Philippi...
2025-12-06 14:36:31,646 - INFO -   ✓ Saved: RESTRUCTURED_DB/2013/mar/182249.json
2025-12-06 14:36:32,146 - INFO - 
[1073/2000] Processing G.R. No. 182280
2025-12-06 14:36:32,147 - INFO -   Title: Teresa C. Aguilar, et al. vs. Michael J. O'Pallick...
2025-12-06 14:36:32,385 - INFO -   ✓ Saved: RESTRUCTURED_DB/2013/jul/182280.json
2025-12-06 14:36:32,886 - INFO - 
[1074/2000] Processing G.R. No. 182295
2025-12-06 14:36:32,886 - INFO -   Title: 7K Corporation vs. Eddie Albarico...
2025-12-06 14:36:33,338 - INFO -   ✓ Saved: RESTRUCTURED_DB/2013/jun/182295.json
2025-12-06 14:36:33,838 - INFO - 
[1075/2000] Processing G.R. No. 182314
2025-12-06 14:36:33,839 - INFO -   Title: Virginia Y. Gochan, Felix Y. Gochan, et al. vs. Charles Manc...
2025-12-06 14:36:34,287 - INFO -   ✓ Saved: RESTRUCTURED_DB/2013/nov/182314.json
2025-12-06 14:36:34,787 - INFO - 
[1076/2000] Processing G.R. No. 182356
2025-12-06 14:36:34,787 - INFO -   Title: Dra. Leila A. Dela Llana vs. Rebecca Biong, doing business u...
2025-12-06 14:36:35,232 - INFO -   ✓ Saved: RESTRUCTURED_DB/2013/dec/182356.json
2025-12-06 14:36:35,732 - INFO - 
[1077/2000] Processing G.R. No. 182358
2025-12-06 14:36:35,732 - INFO -   Title: Department of Health, et al. vs. Phil Pharmawealth, Inc....
2025-12-06 14:36:36,177 - INFO -   ✓ Saved: RESTRUCTURED_DB/2013/feb/182358.json
2025-12-06 14:36:36,678 - INFO - 
[1078/2000] Processing G.R. No. 182371
2025-12-06 14:36:36,678 - INFO -   Title: Heirs of Melencio Yu, et al. vs. Honorable Court of Appeals,...
2025-12-06 14:36:37,124 - INFO -   ✓ Saved: RESTRUCTURED_DB/2013/sep/182371.json
2025-12-06 14:36:37,624 - INFO - 
[1079/2000] Processing G.R. No. 182417
2025-12-06 14:36:37,624 - INFO -   Title: People of the Philippines vs. Alberto Gonzales y Santos aka ...
2025-12-06 14:36:37,862 - INFO -   ✓ Saved: RESTRUCTURED_DB/2013/apr/182417.json
2025-12-06 14:36:38,363 - INFO - 
[1080/2000] Processing G.R. No. 182431
2025-12-06 14:36:38,363 - INFO -   Title: Land Bank of the Philippines vs. Esther Anson Rivera, Antoni...
2025-12-06 14:36:38,814 - INFO -   ✓ Saved: RESTRUCTURED_DB/2013/feb/182431.json
2025-12-06 14:36:39,314 - INFO - 
[1081/2000] Processing G.R. No. 182449
2025-12-06 14:36:39,314 - INFO -   Title: Republic of the Philippines vs. Martin T. Ng...
2025-12-06 14:36:39,552 - INFO -   ✓ Saved: RESTRUCTURED_DB/2013/mar/182449.json
2025-12-06 14:36:40,053 - INFO - 
[1082/2000] Processing G.R. No. 182457
2025-12-06 14:36:40,053 - INFO -   Title: People of the Philippines vs. Antonio Basallo y Asprec...
2025-12-06 14:36:40,502 - INFO -   ✓ Saved: RESTRUCTURED_DB/2013/jan/182457.json
2025-12-06 14:36:41,003 - INFO - 
[1083/2000] Processing G.R. No. 182571
2025-12-06 14:36:41,003 - INFO -   Title: Ligaya Esguerra, et al. vs. Holcim Philippines, Inc....
2025-12-06 14:36:41,459 - INFO -   ✓ Saved: RESTRUCTURED_DB/2013/sep/182571.json
2025-12-06 14:36:41,960 - INFO - 
[1084/2000] Processing G.R. No. 182760
2025-12-06 14:36:41,960 - INFO -   Title: Republic of the Philippines vs. Robert P. Narceda...
2025-12-06 14:36:42,815 - INFO -   ✓ Saved: RESTRUCTURED_DB/2013/apr/182760.json
2025-12-06 14:36:43,316 - INFO - 
[1085/2000] Processing G.R. No. 182855
2025-12-06 14:36:43,316 - INFO -   Title: Mr. Alexander "Lex" Adonis, represented by Center for Media ...
2025-12-06 14:36:43,759 - INFO -   ✓ Saved: RESTRUCTURED_DB/2013/jun/182855.json
2025-12-06 14:36:44,259 - INFO - 
[1086/2000] Processing G.R. No. 182913
2025-12-06 14:36:44,259 - INFO -   Title: Republic of the Philippines vs. Antonio Bacas, et al....
2025-12-06 14:36:44,912 - INFO -   ✓ Saved: RESTRUCTURED_DB/2013/nov/182913.json
2025-12-06 14:36:45,413 - INFO - 
[1087/2000] Processing G.R. No. 182963
2025-12-06 14:36:45,413 - INFO -   Title: Spouses Deo Agner and Maricon Agner vs. BPI Family Savings B...
2025-12-06 14:36:45,856 - INFO -   ✓ Saved: RESTRUCTURED_DB/2013/jun/182963.json
2025-12-06 14:36:46,356 - INFO - 
[1088/2000] Processing G.R. No. 182976
2025-12-06 14:36:46,357 - INFO -   Title: Manila Electric Company (MERALCO) vs. Atty. P.M. Castillo, d...
2025-12-06 14:36:47,009 - INFO -   ✓ Saved: RESTRUCTURED_DB/2013/jan/182976.json
2025-12-06 14:36:47,509 - INFO - 
[1089/2000] Processing G.R. No. 183014
2025-12-06 14:36:47,509 - INFO -   Title: The Law Firm of Chavez Miranda and Aseoche, etc. vs. Atty. J...
2025-12-06 14:36:47,953 - INFO -   ✓ Saved: RESTRUCTURED_DB/2013/aug/183014.json
2025-12-06 14:36:48,453 - INFO - 
[1090/2000] Processing G.R. No. 183035
2025-12-06 14:36:48,453 - INFO -   Title: Optima Realty Corporation vs. Hertz Phil., Exclusive, Inc....
2025-12-06 14:36:48,909 - INFO -   ✓ Saved: RESTRUCTURED_DB/2013/jan/183035.json
2025-12-06 14:36:49,409 - INFO - 
[1091/2000] Processing G.R. No. 183058
2025-12-06 14:36:49,409 - INFO -   Title: sps. Montano T. Tolosa and Merlinda Tolosa vs. United Coconu...
2025-12-06 14:36:49,855 - INFO -   ✓ Saved: RESTRUCTURED_DB/2013/apr/183058.json
2025-12-06 14:36:50,355 - INFO - 
[1092/2000] Processing G.R. No. 183102
2025-12-06 14:36:50,355 - INFO -   Title: Macario Diaz Carpio vs. Court of Appeals, spouses Gelacio G....
2025-12-06 14:36:50,800 - INFO -   ✓ Saved: RESTRUCTURED_DB/2013/feb/183102.json
2025-12-06 14:36:51,300 - INFO - 
[1093/2000] Processing G.R. No. 183110
2025-12-06 14:36:51,300 - INFO -   Title: Republic of the Philippines vs. Azucena Saavedra Batuigas...
2025-12-06 14:36:51,745 - INFO -   ✓ Saved: RESTRUCTURED_DB/2013/oct/183110.json
2025-12-06 14:36:52,245 - INFO - 
[1094/2000] Processing G.R. No. 183137
2025-12-06 14:36:52,245 - INFO -   Title: Pelizloy Realty Corporation, represented herein by its Presi...
2025-12-06 14:36:52,690 - INFO -   ✓ Saved: RESTRUCTURED_DB/2013/apr/183137.json
2025-12-06 14:36:53,190 - INFO - 
[1095/2000] Processing G.R. No. 183460
2025-12-06 14:36:53,190 - INFO -   Title: Spouses Nerio and Soledad Pador adn Rey Pador vs. Barangay C...
2025-12-06 14:36:53,634 - INFO -   ✓ Saved: RESTRUCTURED_DB/2013/mar/183460.json
2025-12-06 14:36:54,134 - INFO - 
[1096/2000] Processing G.R. No. 183608
2025-12-06 14:36:54,134 - INFO -   Title: Faustino T. Chingkoe and Gloria Chingkoe vs. RP, represented...
2025-12-06 14:36:54,580 - INFO -   ✓ Saved: RESTRUCTURED_DB/2013/jul/183608.json
2025-12-06 14:36:55,080 - INFO - 
[1097/2000] Processing G.R. No. 183658
2025-12-06 14:36:55,080 - INFO -   Title: Royal Savings Bank, formerly Comsavings Bank, now GSIS Famil...
2025-12-06 14:36:55,524 - INFO -   ✓ Saved: RESTRUCTURED_DB/2013/apr/183658.json
2025-12-06 14:36:56,024 - INFO - 
[1098/2000] Processing G.R. No. 183804
2025-12-06 14:36:56,024 - INFO -   Title: S.C. Megaworld Construction and Development Corporation vs. ...
2025-12-06 14:36:56,683 - INFO -   ✓ Saved: RESTRUCTURED_DB/2013/sep/183804.json
2025-12-06 14:36:57,183 - INFO - 
[1099/2000] Processing G.R. No. 183805
2025-12-06 14:36:57,183 - INFO -   Title: James Walter P. Capili vs. People of the Philippines...
2025-12-06 14:36:57,626 - INFO -   ✓ Saved: RESTRUCTURED_DB/2013/jul/183805.json
2025-12-06 14:36:58,126 - INFO - 
[1100/2000] Processing G.R. No. 183858
2025-12-06 14:36:58,126 - INFO -   Title: Holy Trinity Realty and Development Corporation vs. Spouses ...
2025-12-06 14:36:58,576 - INFO -   ✓ Saved: RESTRUCTURED_DB/2013/apr/183858.json
2025-12-06 14:36:59,077 - INFO - 
[1101/2000] Processing G.R. No. 183896
2025-12-06 14:36:59,077 - INFO -   Title: Syed Azhar Abbas vs. Gloria Goo Abbas...
2025-12-06 14:36:59,729 - INFO -   ✓ Saved: RESTRUCTURED_DB/2013/jan/183896.json
2025-12-06 14:37:00,229 - INFO - 
[1102/2000] Processing G.R. No. 183923
2025-12-06 14:37:00,229 - INFO -   Title: Generoso Enesio vs. Lilia Tulop, substituted by her heirs, n...
2025-12-06 14:37:00,467 - INFO -   ✓ Saved: RESTRUCTURED_DB/2013/nov/183923.json
2025-12-06 14:37:00,967 - INFO - 
[1103/2000] Processing G.R. No. 183952
2025-12-06 14:37:00,967 - INFO -   Title: Czarina T. Malvar Vs Kraft Foods Phils., Inc., et al....
2025-12-06 14:37:01,620 - INFO -   ✓ Saved: RESTRUCTURED_DB/2013/sep/183952.json
2025-12-06 14:37:02,120 - INFO - 
[1104/2000] Processing G.R. No. 184011
2025-12-06 14:37:02,121 - INFO -   Title: Reynaldo Hayan Moya vs. First Solid Rubber Industries, Inc....
2025-12-06 14:37:02,565 - INFO -   ✓ Saved: RESTRUCTURED_DB/2013/sep/184011.json
2025-12-06 14:37:03,066 - INFO - 
[1105/2000] Processing G.R. No. 184023
2025-12-06 14:37:03,066 - INFO -   Title: Lorna Castigador vs. Danilo M. Nicolas...
2025-12-06 14:37:03,308 - INFO -   ✓ Saved: RESTRUCTURED_DB/2013/mar/184023.json
2025-12-06 14:37:03,809 - INFO - 
[1106/2000] Processing G.R. No. 184083
2025-12-06 14:37:03,809 - INFO -   Title: William C. Dagan vs. Office of the Ombudsman etc., et al....
2025-12-06 14:37:04,253 - INFO -   ✓ Saved: RESTRUCTURED_DB/2013/nov/184083.json
2025-12-06 14:37:04,753 - INFO - 
[1107/2000] Processing G.R. No. 184116
2025-12-06 14:37:04,753 - INFO -   Title: Century Iron Works, Inc., et al. vs. Eleto B. Bañas...
2025-12-06 14:37:05,198 - INFO -   ✓ Saved: RESTRUCTURED_DB/2013/jun/184116.json
2025-12-06 14:37:05,698 - INFO - 
[1108/2000] Processing G.R. No. 184145
2025-12-06 14:37:05,698 - INFO -   Title: Commissioner of Internal Revenue vs. Dash Engineering Philip...
2025-12-06 14:37:06,144 - INFO -   ✓ Saved: RESTRUCTURED_DB/2013/dec/184145.json
2025-12-06 14:37:06,645 - INFO - 
[1109/2000] Processing G.R. No. 184266
2025-12-06 14:37:06,645 - INFO -   Title: Applied Food Ingedients Co., Inc. vs. Commissioner of Intern...
2025-12-06 14:37:07,101 - INFO -   ✓ Saved: RESTRUCTURED_DB/2013/nov/184266.json
2025-12-06 14:37:07,601 - INFO - 
[1110/2000] Processing G.R. No. 184333
2025-12-06 14:37:07,601 - INFO -   Title: Sixto N. Chu vs. Mach Asia Trading Corporation...
2025-12-06 14:37:08,045 - INFO -   ✓ Saved: RESTRUCTURED_DB/2013/apr/184333.json
2025-12-06 14:37:08,545 - INFO - 
[1111/2000] Processing G.R. No. 184369
2025-12-06 14:37:08,545 - INFO -   Title: Heirs of Florentino Quilo, namely; Benjamin V. Quilo, et al....
2025-12-06 14:37:09,004 - INFO -   ✓ Saved: RESTRUCTURED_DB/2013/oct/184369.json
2025-12-06 14:37:09,504 - INFO - 
[1112/2000] Processing G.R. No. 184496
2025-12-06 14:37:09,504 - INFO -   Title: Hadjim Hashim Abdul vs. Sandiganbayan (Fifth Division) and P...
2025-12-06 14:37:09,947 - INFO -   ✓ Saved: RESTRUCTURED_DB/2013/dec/184496.json
2025-12-06 14:37:10,448 - INFO - 
[1113/2000] Processing G.R. No. 184517
2025-12-06 14:37:10,448 - INFO -   Title: SME Bank Inc., Abelardo P. Samson, Olga Samson and Aurelio V...
2025-12-06 14:37:11,103 - INFO -   ✓ Saved: RESTRUCTURED_DB/2013/oct/184517.json
2025-12-06 14:37:11,603 - INFO - 
[1114/2000] Processing G.R. No. 184520
2025-12-06 14:37:11,603 - INFO -   Title: Rolando Ds. Torres vs. Rural Bank of San Juan, Inc. et al....
2025-12-06 14:37:12,049 - INFO -   ✓ Saved: RESTRUCTURED_DB/2013/mar/184520.json
2025-12-06 14:37:12,549 - INFO - 
[1115/2000] Processing G.R. No. 184536
2025-12-06 14:37:12,549 - INFO -   Title: Masayuki Hasegawa vs. Leila F. Giron...
2025-12-06 14:37:12,994 - INFO -   ✓ Saved: RESTRUCTURED_DB/2013/aug/184536.json
2025-12-06 14:37:13,494 - INFO - 
[1116/2000] Processing G.R. No. 184565
2025-12-06 14:37:13,494 - INFO -   Title: Manolito De Leon and Lourdes E. De Leon vs. Bank of the Phil...
2025-12-06 14:37:13,939 - INFO -   ✓ Saved: RESTRUCTURED_DB/2013/nov/184565.json
2025-12-06 14:37:14,439 - INFO - 
[1117/2000] Processing G.R. No. 184589
2025-12-06 14:37:14,439 - INFO -   Title: Deogenes O. Rodriguez vs. Hon. Court of Appeals and Philippi...
2025-12-06 14:37:14,886 - INFO -   ✓ Saved: RESTRUCTURED_DB/2013/jun/184589.json
2025-12-06 14:37:15,386 - INFO - 
[1118/2000] Processing G.R. No. 184621
2025-12-06 14:37:15,386 - INFO -   Title: Republic of the Philippines vs. Maria Fe Espinosa Cantor...
2025-12-06 14:37:15,832 - INFO -   ✓ Saved: RESTRUCTURED_DB/2013/dec/184621.json
2025-12-06 14:37:16,332 - INFO - 
[1119/2000] Processing G.R. No. 184658
2025-12-06 14:37:16,332 - INFO -   Title: People of the Philippines vs. Judge Rafael R. Lagos, et al....
2025-12-06 14:37:16,571 - INFO -   ✓ Saved: RESTRUCTURED_DB/2013/mar/184658.json
2025-12-06 14:37:17,071 - INFO - 
[1120/2000] Processing G.R. No. 184681
2025-12-06 14:37:17,071 - INFO -   Title: Gerry A. Salapuddin vs. the Court of Appeals, Gov. Jum Akbar...
2025-12-06 14:37:17,728 - INFO -   ✓ Saved: RESTRUCTURED_DB/2013/feb/184681.json
2025-12-06 14:37:18,228 - INFO - 
[1121/2000] Processing G.R. No. 184698
2025-12-06 14:37:18,228 - INFO -   Title: Spouses Alberto and Susan Castro vs. Amparo Palenzuela, et a...
2025-12-06 14:37:18,676 - INFO -   ✓ Saved: RESTRUCTURED_DB/2013/jan/184698.json
2025-12-06 14:37:19,176 - INFO - 
[1122/2000] Processing G.R. No. 184732
2025-12-06 14:37:19,176 - INFO -   Title: Corazon S. Cruz under the name and style, Villa Corazon Cond...
2025-12-06 14:37:19,415 - INFO -   ✓ Saved: RESTRUCTURED_DB/2013/sep/184732.json
2025-12-06 14:37:19,916 - INFO - 
[1123/2000] Processing G.R. No. 184908
2025-12-06 14:37:19,916 - INFO -   Title: Major Joel G. Cantos vs. People of the Philippines...
2025-12-06 14:37:20,360 - INFO -   ✓ Saved: RESTRUCTURED_DB/2013/jul/184908.json
2025-12-06 14:37:20,860 - INFO - 
[1124/2000] Processing G.R. No. 185129
2025-12-06 14:37:20,860 - INFO -   Title: Abelardo Jandusay vs. People of the Philippines...
2025-12-06 14:37:21,098 - INFO -   ✓ Saved: RESTRUCTURED_DB/2013/jun/185129.json
2025-12-06 14:37:21,598 - INFO - 
[1125/2000] Processing G.R. No. 185160
2025-12-06 14:37:21,598 - INFO -   Title: Polymer Rubber Corporation and Joseph Ang vs. Bayolo Salamun...
2025-12-06 14:37:22,043 - INFO -   ✓ Saved: RESTRUCTURED_DB/2013/jul/185160.json
2025-12-06 14:37:22,543 - INFO - 
[1126/2000] Processing G.R. No. 185383
2025-12-06 14:37:22,543 - INFO -   Title: People of the Philippines vs. Giovanni Ocfemia y Chavez...
2025-12-06 14:37:23,002 - INFO -   ✓ Saved: RESTRUCTURED_DB/2013/sep/185383.json
2025-12-06 14:37:23,502 - INFO - 
[1127/2000] Processing G.R. No. 185518
2025-12-06 14:37:23,502 - INFO -   Title: Spouses Felix Chingkoe and Rosita Chingkoe vs. Spouses Faust...
2025-12-06 14:37:23,742 - INFO -   ✓ Saved: RESTRUCTURED_DB/2013/apr/185518.json
2025-12-06 14:37:24,242 - INFO - 
[1128/2000] Processing G.R. No. 185549
2025-12-06 14:37:24,242 - INFO -   Title: Vicente Ang vs. Cerefino San Joaquin, Jr. and Diosdado Ferna...
2025-12-06 14:37:24,694 - INFO -   ✓ Saved: RESTRUCTURED_DB/2013/aug/185549.json
2025-12-06 14:37:25,195 - INFO - 
[1129/2000] Processing G.R. No. 185595
2025-12-06 14:37:25,195 - INFO -   Title: Ma. Carminia C. Calderon (formerly Ma. Carminia Calderon-Rox...
2025-12-06 14:37:26,080 - INFO -   ✓ Saved: RESTRUCTURED_DB/2013/jan/185595.json
2025-12-06 14:37:26,581 - INFO - 
[1130/2000] Processing G.R. No. 185728
2025-12-06 14:37:26,581 - INFO -   Title: Commissioner of Internal Revenue vs. Team [Philippines] Oper...
2025-12-06 14:37:27,026 - INFO -   ✓ Saved: RESTRUCTURED_DB/2013/oct/185728.json
2025-12-06 14:37:27,526 - INFO - 
[1131/2000] Processing G.R. No. 185734
2025-12-06 14:37:27,526 - INFO -   Title: Alfredo C. Lim, Jr. vs. Spouses Tito S. Lazaro and Carmen T....
2025-12-06 14:37:27,763 - INFO -   ✓ Saved: RESTRUCTURED_DB/2013/jul/185734.json
2025-12-06 14:37:28,264 - INFO - 
[1132/2000] Processing G.R. No. 185740
2025-12-06 14:37:28,264 - INFO -   Title: The Provincial Government of Camarines Norte etc. vs. Beatri...
2025-12-06 14:37:28,710 - INFO -   ✓ Saved: RESTRUCTURED_DB/2013/jul/185740.json
2025-12-06 14:37:29,211 - INFO - 
[1133/2000] Processing G.R. No. 185821
2025-12-06 14:37:29,211 - INFO -   Title: Land Bank of the Philippines vs. Atty. Ricardo D. Gonzales...
2025-12-06 14:37:29,669 - INFO -   ✓ Saved: RESTRUCTURED_DB/2013/jun/185821.json
2025-12-06 14:37:30,169 - INFO - 
[1134/2000] Processing G.R. No. 185830
2025-12-06 14:37:30,170 - INFO -   Title: Ecole De Cuisine Manille (Cordon Bleu of the Philippines), I...
2025-12-06 14:37:30,408 - INFO -   ✓ Saved: RESTRUCTURED_DB/2013/jun/185830.json
2025-12-06 14:37:30,908 - INFO - 
[1135/2000] Processing G.R. No. 185891
2025-12-06 14:37:30,908 - INFO -   Title: Cathay Pacific Airways vs. Juanita Reyes, et al....
2025-12-06 14:37:31,355 - INFO -   ✓ Saved: RESTRUCTURED_DB/2013/jun/185891.json
2025-12-06 14:37:31,855 - INFO - 
[1136/2000] Processing G.R. No. 186014
2025-12-06 14:37:31,855 - INFO -   Title: Ali Akang vs. Municipality of Isulan, Sultan Kudarat Provinc...
2025-12-06 14:37:32,301 - INFO -   ✓ Saved: RESTRUCTURED_DB/2013/jun/186014.json
2025-12-06 14:37:32,801 - INFO - 
[1137/2000] Processing G.R. No. 186069
2025-12-06 14:37:32,801 - INFO -   Title: Jesus L. Cabahug and Coronacion M. Cabahug vs. National Powe...
2025-12-06 14:37:33,039 - INFO -   ✓ Saved: RESTRUCTURED_DB/2013/jan/186069.json
2025-12-06 14:37:33,539 - INFO - 
[1138/2000] Processing G.R. No. 186137
2025-12-06 14:37:33,539 - INFO -   Title: People of the Philippines vs. Datu Not Abdul...
2025-12-06 14:37:33,985 - INFO -   ✓ Saved: RESTRUCTURED_DB/2013/jun/186137.json
2025-12-06 14:37:34,485 - INFO - 
[1139/2000] Processing G.R. No. 186264
2025-12-06 14:37:34,485 - INFO -   Title: Dr. Lorna C. Formaran vs. Dr. Glenda B. Ong and Solomon S. O...
2025-12-06 14:37:34,722 - INFO -   ✓ Saved: RESTRUCTURED_DB/2013/jul/186264.json
2025-12-06 14:37:35,222 - INFO - 
[1140/2000] Processing G.R. No. 186332
2025-12-06 14:37:35,222 - INFO -   Title: Planters Development Bank vs. Sps. Ernesto Lopez and Florent...
2025-12-06 14:37:35,680 - INFO -   ✓ Saved: RESTRUCTURED_DB/2013/oct/186332.json
2025-12-06 14:37:36,180 - INFO - 
[1141/2000] Processing G.R. No. 186344
2025-12-06 14:37:36,181 - INFO -   Title: Leopard Security and Investigation Agency vs. Tomas Quitoy, ...
2025-12-06 14:37:36,625 - INFO -   ✓ Saved: RESTRUCTURED_DB/2013/feb/186344.json
2025-12-06 14:37:37,125 - INFO - 
[1142/2000] Processing G.R. No. 186366
2025-12-06 14:37:37,125 - INFO -   Title: Heirs of Jose Fenando vs. Reynaldo De Belen...
2025-12-06 14:37:37,364 - INFO -   ✓ Saved: RESTRUCTURED_DB/2013/jul/186366.json
2025-12-06 14:37:37,864 - INFO - 
[1143/2000] Processing G.R. No. 186433
2025-12-06 14:37:37,864 - INFO -   Title: Nuccio Saverio, et al. vs. Alfonso G. Puyat...
2025-12-06 14:37:38,102 - INFO -   ✓ Saved: RESTRUCTURED_DB/2013/nov/186433.json
2025-12-06 14:37:38,602 - INFO - 
[1144/2000] Processing G.R. No. 186475
2025-12-06 14:37:38,602 - INFO -   Title: Poseidon International Maritime Services, Inc....
2025-12-06 14:37:39,049 - INFO -   ✓ Saved: RESTRUCTURED_DB/2013/jun/186475.json
2025-12-06 14:37:39,549 - INFO - 
[1145/2000] Processing G.R. No. 186509
2025-12-06 14:37:39,549 - INFO -   Title: Philman Marine Agency, Inc., et al. vs. Armando S. Cabanban...
2025-12-06 14:37:39,996 - INFO -   ✓ Saved: RESTRUCTURED_DB/2013/jul/186509.json
2025-12-06 14:37:40,496 - INFO - 
[1146/2000] Processing G.R. No. 186610
2025-12-06 14:37:40,496 - INFO -   Title: Police Senior Superintendent Dimapinto Macawadib vs. the Phi...
2025-12-06 14:37:40,735 - INFO -   ✓ Saved: RESTRUCTURED_DB/2013/jul/186610.json
2025-12-06 14:37:41,235 - INFO - 
[1147/2000] Processing G.R. No. 186613
2025-12-06 14:37:41,235 - INFO -   Title: Rosendo R. Corales, in his capacity as Municipal Mayor of Na...
2025-12-06 14:37:41,686 - INFO -   ✓ Saved: RESTRUCTURED_DB/2013/aug/186613.json
2025-12-06 14:37:42,186 - INFO - 
[1148/2000] Processing G.R. No. 186732
2025-12-06 14:37:42,186 - INFO -   Title: Alps Transportation and/or Alfredo E. Perez vs. Elpidio M. R...
2025-12-06 14:37:42,631 - INFO -   ✓ Saved: RESTRUCTURED_DB/2013/jun/186732.json
2025-12-06 14:37:43,131 - INFO - 
[1149/2000] Processing G.R. No. 187048
2025-12-06 14:37:43,131 - INFO -   Title: Poeple of the Philippines vs. Benjamin Peteluna and Abundio ...
2025-12-06 14:37:43,585 - INFO -   ✓ Saved: RESTRUCTURED_DB/2013/jan/187048.json
2025-12-06 14:37:44,085 - INFO - 
[1150/2000] Processing G.R. No. 187174
2025-12-06 14:37:44,085 - INFO -   Title: Fely Y. Yalong vs. People of the Philippines and Lucila C. Y...
2025-12-06 14:37:44,324 - INFO -   ✓ Saved: RESTRUCTURED_DB/2013/aug/187174.json
2025-12-06 14:37:44,824 - INFO - 
[1151/2000] Processing G.R. No. 187214
2025-12-06 14:37:44,824 - INFO -   Title: Sanoh Fulton Phils., Inc. and Eddie Jose vs. Emmanuel Bernar...
2025-12-06 14:37:45,273 - INFO -   ✓ Saved: RESTRUCTURED_DB/2013/aug/187214.json
2025-12-06 14:37:45,774 - INFO - 
[1152/2000] Processing G.R. No. 187232
2025-12-06 14:37:45,774 - INFO -   Title: Zenaida D. Mendoza vs. HMS Credit Corporation, et al....
2025-12-06 14:37:46,229 - INFO -   ✓ Saved: RESTRUCTURED_DB/2013/apr/187232.json
2025-12-06 14:37:46,729 - INFO - 
[1153/2000] Processing G.R. No. 187268
2025-12-06 14:37:46,729 - INFO -   Title: Jovito C. Plameras vs. People of the Philippines...
2025-12-06 14:37:47,175 - INFO -   ✓ Saved: RESTRUCTURED_DB/2013/sep/187268.json
2025-12-06 14:37:47,675 - INFO - 
[1154/2000] Processing G.R. No. 187317
2025-12-06 14:37:47,675 - INFO -   Title: Carlito C. Encinas vs. PO1 Alfredo P. Agustin, Jr., and Po1 ...
2025-12-06 14:37:48,124 - INFO -   ✓ Saved: RESTRUCTURED_DB/2013/apr/187317.json
2025-12-06 14:37:48,624 - INFO - 
[1155/2000] Processing G.R. No. 187340
2025-12-06 14:37:48,624 - INFO -   Title: Antonio B. Sanchez vs. People of the Philippines...
2025-12-06 14:37:48,862 - INFO -   ✓ Saved: RESTRUCTURED_DB/2013/aug/187340.json
2025-12-06 14:37:49,362 - INFO - 
[1156/2000] Processing G.R. No. 187378
2025-12-06 14:37:49,362 - INFO -   Title: Ramonito O. Acaac, et al. vs. Melquiades D. Azcuna, Jr., et ...
2025-12-06 14:37:49,806 - INFO -   ✓ Saved: RESTRUCTURED_DB/2013/sep/187378.json
2025-12-06 14:37:50,306 - INFO - 
[1157/2000] Processing G.R. No. 187485
2025-12-06 14:37:50,306 - INFO -   Title: Commissioner of Internal Revenue vs. San Roque Power Corpora...
2025-12-06 14:37:50,761 - INFO -   ✓ Saved: RESTRUCTURED_DB/2013/oct/187485.json
2025-12-06 14:37:51,261 - INFO - 
[1158/2000] Processing G.R. No. 187485
2025-12-06 14:37:51,261 - INFO -   Title: Commissioner of Internal Revenue vs. San Roque Power Corpora...
2025-12-06 14:37:52,139 - INFO -   ✓ Saved: RESTRUCTURED_DB/2013/feb/187485.json
2025-12-06 14:37:52,639 - INFO - 
[1159/2000] Processing G.R. No. 187496
2025-12-06 14:37:52,639 - INFO -   Title: People of the Philippines vs. Malik Manalao y Alauya...
2025-12-06 14:37:52,879 - INFO -   ✓ Saved: RESTRUCTURED_DB/2013/feb/187496.json
2025-12-06 14:37:53,379 - INFO - 
[1160/2000] Processing G.R. No. 187661
2025-12-06 14:37:53,379 - INFO -   Title: Modesto Sanchez vs. Andrew Sanchez...
2025-12-06 14:37:53,619 - INFO -   ✓ Saved: RESTRUCTURED_DB/2013/dec/187661.json
2025-12-06 14:37:54,119 - INFO - 
[1161/2000] Processing G.R. No. 187677
2025-12-06 14:37:54,119 - INFO -   Title: Republic of the Philippines, represented by the Department f...
2025-12-06 14:37:54,563 - INFO -   ✓ Saved: RESTRUCTURED_DB/2013/apr/187677.json
2025-12-06 14:37:55,063 - INFO - 
[1162/2000] Processing G.R. No. 187678
2025-12-06 14:37:55,063 - INFO -   Title: Spouses Ignacio F. Juico and Alice P. Juico vs. China Bankin...
2025-12-06 14:37:55,510 - INFO -   ✓ Saved: RESTRUCTURED_DB/2013/apr/187678.json
2025-12-06 14:37:56,010 - INFO - 
[1163/2000] Processing G.R. No. 187722
2025-12-06 14:37:56,010 - INFO -   Title: Surigao Del Norte Electric Cooperative, Inc. and/or Danny Z....
2025-12-06 14:37:56,456 - INFO -   ✓ Saved: RESTRUCTURED_DB/2013/jun/187722.json
2025-12-06 14:37:56,956 - INFO - 
[1164/2000] Processing G.R. No. 187731
2025-12-06 14:37:56,956 - INFO -   Title: People of the Philippines vs. SPO1 Alfredo Alawig...
2025-12-06 14:37:57,403 - INFO -   ✓ Saved: RESTRUCTURED_DB/2013/sep/187731.json
2025-12-06 14:37:57,903 - INFO - 
[1165/2000] Processing G.R. No. 187740
2025-12-06 14:37:57,903 - INFO -   Title: People of the Philippines vs. Manuel Tolentino y Catacutan...
2025-12-06 14:37:58,142 - INFO -   ✓ Saved: RESTRUCTURED_DB/2013/apr/187740.json
2025-12-06 14:37:58,643 - INFO - 
[1166/2000] Processing G.R. No. 187854
2025-12-06 14:37:58,643 - INFO -   Title: Ray Peter O. Vivo vs. Philippine Amusement and Gaming Corpor...
2025-12-06 14:37:58,880 - INFO -   ✓ Saved: RESTRUCTURED_DB/2013/nov/187854.json
2025-12-06 14:37:59,381 - INFO - 
[1167/2000] Processing G.R. No. 187899
2025-12-06 14:37:59,381 - INFO -   Title: Robert Da Jose, et al. vs. Celerina R. Angeles, et al....
2025-12-06 14:38:00,653 - INFO -   ✓ Saved: RESTRUCTURED_DB/2013/oct/187899.json
2025-12-06 14:38:01,153 - INFO - 
[1168/2000] Processing G.R. No. 187979
2025-12-06 14:38:01,153 - INFO -   Title: Rafael H. Galvez and Katherine L. Guy vs. Asia United Bank/A...
2025-12-06 14:38:02,090 - WARNING -   ✗ Could not fetch case from any URL
2025-12-06 14:38:02,090 - INFO - 
[1169/2000] Processing G.R. No. 188024
2025-12-06 14:38:02,090 - INFO -   Title: Rodrigo Ronstos y Dela Torre vs. People of the Philippines...
2025-12-06 14:38:02,533 - INFO -   ✓ Saved: RESTRUCTURED_DB/2013/jun/188024.json
2025-12-06 14:38:03,033 - INFO - 
[1170/2000] Processing G.R. No. 188056
2025-12-06 14:38:03,034 - INFO -   Title: Spouses Augusto G. Dacudao and Ofelia R. Dacudao vs. Secreta...
2025-12-06 14:38:03,478 - INFO -   ✓ Saved: RESTRUCTURED_DB/2013/jan/188056.json
2025-12-06 14:38:03,978 - INFO - 
[1171/2000] Processing G.R. No. 188165
2025-12-06 14:38:03,978 - INFO -   Title: People of the Philippines vs. Hon. Sandiganbayan, First Divi...
2025-12-06 14:38:04,647 - INFO -   ✓ Saved: RESTRUCTURED_DB/2013/dec/188165.json
2025-12-06 14:38:05,147 - INFO - 
[1172/2000] Processing G.R. No. 188179
2025-12-06 14:38:05,147 - INFO -   Title: Henry R. Giron vs. Commission on Elections; Almario E. Franc...
2025-12-06 14:38:05,385 - INFO -   ✓ Saved: RESTRUCTURED_DB/2013/jan/188179.json
2025-12-06 14:38:05,885 - INFO - 
[1173/2000] Processing G.R. No. 188260
2025-12-06 14:38:05,885 - INFO -   Title: Luzon Hydro Corporation vs. Commissioner of Internal Revenue...
2025-12-06 14:38:06,335 - INFO -   ✓ Saved: RESTRUCTURED_DB/2013/nov/188260.json
2025-12-06 14:38:06,835 - INFO - 
[1174/2000] Processing G.R. No. 188267
2025-12-06 14:38:06,836 - INFO -   Title: Baguio Central University vs. Ignacio Gallente...
2025-12-06 14:38:07,280 - INFO -   ✓ Saved: RESTRUCTURED_DB/2013/dec/188267.json
2025-12-06 14:38:07,780 - INFO - 
[1175/2000] Processing G.R. No. 188285
2025-12-06 14:38:07,780 - INFO -   Title: Benito E. Lorenzo vs. Government Service Insurance System (G...
2025-12-06 14:38:08,717 - WARNING -   ✗ Could not fetch case from any URL
2025-12-06 14:38:08,717 - INFO - 
[1176/2000] Processing G.R. No. 188299
2025-12-06 14:38:08,717 - INFO -   Title: Heirs fo Luis A. Luna, et al. vs. Ruben S. Afable, et al....
2025-12-06 14:38:09,164 - INFO -   ✓ Saved: RESTRUCTURED_DB/2013/jan/188299.json
2025-12-06 14:38:09,664 - INFO - 
[1177/2000] Processing G.R. No. 188310
2025-12-06 14:38:09,664 - INFO -   Title: People of the Philippines vs. Mercidita Resurreccion y Torre...
2025-12-06 14:38:10,108 - INFO -   ✓ Saved: RESTRUCTURED_DB/2013/jun/188310.json
2025-12-06 14:38:10,609 - INFO - 
[1178/2000] Processing G.R. No. 188363
2025-12-06 14:38:10,609 - INFO -   Title: Allied Banking Corporation vs. Bank of the Philippine Island...
2025-12-06 14:38:11,053 - INFO -   ✓ Saved: RESTRUCTURED_DB/2013/feb/188363.json
2025-12-06 14:38:11,553 - INFO - 
[1179/2000] Processing G.R. No. 188395
2025-12-06 14:38:11,553 - INFO -   Title: Heirs of the late Felix M. Bucton, namely Nicanora G. Bucton...
2025-12-06 14:38:11,998 - INFO -   ✓ Saved: RESTRUCTURED_DB/2013/nov/188395.json
2025-12-06 14:38:12,498 - INFO - 
[1180/2000] Processing G.R. No. 188514
2025-12-06 14:38:12,498 - INFO -   Title: Maria Lourdes D. Castells and Shalimar Centi-Mandanas vs. Sa...
2025-12-06 14:38:12,746 - INFO -   ✓ Saved: RESTRUCTURED_DB/2013/aug/188514.json
2025-12-06 14:38:13,246 - INFO - 
[1181/2000] Processing G.R. No. 188526
2025-12-06 14:38:13,246 - INFO -   Title: Century Chinese Medicine Co., et al. vs. People of the Phili...
2025-12-06 14:38:13,692 - INFO -   ✓ Saved: RESTRUCTURED_DB/2013/nov/188526.json
2025-12-06 14:38:14,192 - INFO - 
[1182/2000] Processing G.R. No. 188550
2025-12-06 14:38:14,192 - INFO -   Title: Deutsche Bank Ag Manila Branch vs. Commissioner of Internal ...
2025-12-06 14:38:14,636 - INFO -   ✓ Saved: RESTRUCTURED_DB/2013/aug/188550.json
2025-12-06 14:38:15,136 - INFO - 
[1183/2000] Processing G.R. No. 188551
2025-12-06 14:38:15,136 - INFO -   Title: Edmundo Escamilla y Jugo vs. People of the Philippines...
2025-12-06 14:38:15,583 - INFO -   ✓ Saved: RESTRUCTURED_DB/2013/feb/188551.json
2025-12-06 14:38:16,083 - INFO - 
[1184/2000] Processing G.R. No. 188595
2025-12-06 14:38:16,083 - INFO -   Title: Sea Power Shipping Enterprises, Inc., et al. vs. Nenita P. S...
2025-12-06 14:38:16,528 - INFO -   ✓ Saved: RESTRUCTURED_DB/2013/aug/188595.json
2025-12-06 14:38:17,029 - INFO - 
[1185/2000] Processing G.R. No. 188603
2025-12-06 14:38:17,029 - INFO -   Title: People of the Philippines vs. Ramil Rarugal Alias "Amay Bisa...
2025-12-06 14:38:17,473 - INFO -   ✓ Saved: RESTRUCTURED_DB/2013/jan/188603.json
2025-12-06 14:38:17,973 - INFO - 
[1186/2000] Processing G.R. No. 188633
2025-12-06 14:38:17,973 - INFO -   Title: Sandoval Shipyards, Inc., and Rimport Industries, Inc., repr...
2025-12-06 14:38:18,417 - INFO -   ✓ Saved: RESTRUCTURED_DB/2013/apr/188633.json
2025-12-06 14:38:18,917 - INFO - 
[1187/2000] Processing G.R. No. 188708
2025-12-06 14:38:18,917 - INFO -   Title: People of the Philippines vs. Alamanda Macabando...
2025-12-06 14:38:19,361 - INFO -   ✓ Saved: RESTRUCTURED_DB/2013/jul/188708.json
2025-12-06 14:38:19,862 - INFO - 
[1188/2000] Processing G.R. No. 188711
2025-12-06 14:38:19,862 - INFO -   Title: Tan Brothers Corporation of Basilan City through its owner/m...
2025-12-06 14:38:20,306 - INFO -   ✓ Saved: RESTRUCTURED_DB/2013/jul/188711.json
2025-12-06 14:38:20,806 - INFO - 
[1189/2000] Processing G.R. No. 188716
2025-12-06 14:38:20,806 - INFO -   Title: Melinda L. Ocampo vs. Commission on Audit...
2025-12-06 14:38:21,259 - INFO -   ✓ Saved: RESTRUCTURED_DB/2013/jun/188716.json
2025-12-06 14:38:21,759 - INFO - 
[1190/2000] Processing G.R. No. 188767
2025-12-06 14:38:21,759 - INFO -   Title: Sps. Argovan and Florida Gadeitano vs. San Miguel Corporatio...
2025-12-06 14:38:21,996 - INFO -   ✓ Saved: RESTRUCTURED_DB/2013/jul/188767.json
2025-12-06 14:38:22,497 - INFO - 
[1191/2000] Processing G.R. No. 188768
2025-12-06 14:38:22,497 - INFO -   Title: TML Gasket Industries, Inc. vs. BPI Family Savings Bank, Inc...
2025-12-06 14:38:22,953 - INFO -   ✓ Saved: RESTRUCTURED_DB/2013/jan/188768.json
2025-12-06 14:38:23,454 - INFO - 
[1192/2000] Processing G.R. No. 188841
2025-12-06 14:38:23,454 - INFO -   Title: People of the Philippines vs. Jaime Fernandez y Hertez...
2025-12-06 14:38:23,897 - INFO -   ✓ Saved: RESTRUCTURED_DB/2013/mar/188841.json
2025-12-06 14:38:24,397 - INFO - 
[1193/2000] Processing G.R. No. 188849
2025-12-06 14:38:24,397 - INFO -   Title: People of the Philippines vs. Jonathan "Uto" Veloso y Rama...
2025-12-06 14:38:24,852 - INFO -   ✓ Saved: RESTRUCTURED_DB/2013/feb/188849.json
2025-12-06 14:38:25,352 - INFO - 
[1194/2000] Processing G.R. No. 188956
2025-12-06 14:38:25,352 - INFO -   Title: Armed Forces of the Phil. Retirement and Separation Benefits...
2025-12-06 14:38:25,590 - INFO -   ✓ Saved: RESTRUCTURED_DB/2013/mar/188956.json
2025-12-06 14:38:26,090 - INFO - 
[1195/2000] Processing G.R. No. 188986
2025-12-06 14:38:26,090 - INFO -   Title: Galileo A. Maglasang vs. Northwestern University, Inc....
2025-12-06 14:38:26,535 - INFO -   ✓ Saved: RESTRUCTURED_DB/2013/mar/188986.json
2025-12-06 14:38:27,035 - INFO - 
[1196/2000] Processing G.R. No. 189028
2025-12-06 14:38:27,035 - INFO -   Title: National Artist for Literature Virgilio Almario, et al. vs. ...
2025-12-06 14:38:27,692 - INFO -   ✓ Saved: RESTRUCTURED_DB/2013/jul/189028.json
2025-12-06 14:38:28,192 - INFO - 
[1197/2000] Processing G.R. No. 189121
2025-12-06 14:38:28,192 - INFO -   Title: Amelia Garcia-Quizon, et al. vs. Ma. Lourdes Belen, for and ...
2025-12-06 14:38:28,431 - INFO -   ✓ Saved: RESTRUCTURED_DB/2013/jul/189121.json
2025-12-06 14:38:28,931 - INFO - 
[1198/2000] Processing G.R. No. 189125
2025-12-06 14:38:28,931 - INFO -   Title: Land Bank of the Philippines vs. Bienvenido Casto...
2025-12-06 14:38:29,377 - INFO -   ✓ Saved: RESTRUCTURED_DB/2013/aug/189125.json
2025-12-06 14:38:29,877 - INFO - 
[1199/2000] Processing G.R. No. 189145
2025-12-06 14:38:29,877 - INFO -   Title: Optimum Development Bank vs. Spouses Benigno V. Jovellanos a...
2025-12-06 14:38:30,328 - INFO -   ✓ Saved: RESTRUCTURED_DB/2013/dec/189145.json
2025-12-06 14:38:30,828 - INFO - 
[1200/2000] Processing G.R. No. 189280
2025-12-06 14:38:30,829 - INFO -   Title: People of the Philippines vs. Alberto Deligero y Bacasmot...
2025-12-06 14:38:31,273 - INFO -   ✓ Saved: RESTRUCTURED_DB/2013/apr/189280.json
2025-12-06 14:38:31,773 - INFO - 
[1201/2000] Processing G.R. No. 189293
2025-12-06 14:38:31,773 - INFO -   Title: People of the Philippines vs. Vicente Cadellada...
2025-12-06 14:38:32,218 - INFO -   ✓ Saved: RESTRUCTURED_DB/2013/jul/189293.json
2025-12-06 14:38:32,718 - INFO - 
[1202/2000] Processing G.R. No. 189297
2025-12-06 14:38:32,718 - INFO -   Title: People of the Philippines vs. Guillermo Lomaque...
2025-12-06 14:38:33,165 - INFO -   ✓ Saved: RESTRUCTURED_DB/2013/jun/189297.json
2025-12-06 14:38:33,665 - INFO - 
[1203/2000] Processing G.R. No. 189316
2025-12-06 14:38:33,665 - INFO -   Title: Philippine National Bank vs. Sps. Bernard and Cresencia Mara...
2025-12-06 14:38:34,110 - INFO -   ✓ Saved: RESTRUCTURED_DB/2013/jun/189316.json
2025-12-06 14:38:34,610 - INFO - 
[1204/2000] Processing G.R. No. 189324
2025-12-06 14:38:34,610 - INFO -   Title: People of the Philippines vs. Gilbert Penilla y Francia...
2025-12-06 14:38:35,070 - INFO -   ✓ Saved: RESTRUCTURED_DB/2013/mar/189324.json
2025-12-06 14:38:35,570 - INFO - 
[1205/2000] Processing G.R. No. 189351
2025-12-06 14:38:35,570 - INFO -   Title: People of the Philippines vs. Lolita Quesido y Badarang...
2025-12-06 14:38:36,220 - INFO -   ✓ Saved: RESTRUCTURED_DB/2013/apr/189351.json
2025-12-06 14:38:36,720 - INFO - 
[1206/2000] Processing G.R. No. 189570
2025-12-06 14:38:36,720 - INFO -   Title: Heirs of Santiago Nisperos, et al. vs. Marissa Nisperos-Ducu...
2025-12-06 14:38:37,164 - INFO -   ✓ Saved: RESTRUCTURED_DB/2013/jul/189570.json
2025-12-06 14:38:37,664 - INFO - 
[1207/2000] Processing G.R. No. 189686
2025-12-06 14:38:37,664 - INFO -   Title: Universal Robina Corporation and Lance Y. Gokongwei vs. Wilf...
2025-12-06 14:38:38,108 - INFO -   ✓ Saved: RESTRUCTURED_DB/2013/jul/189686.json
2025-12-06 14:38:38,608 - INFO - 
[1208/2000] Processing G.R. No. 189801
2025-12-06 14:38:38,608 - INFO -   Title: Office of the Ombudsman (visayas) vs. Court of Appeals and B...
2025-12-06 14:38:39,062 - INFO -   ✓ Saved: RESTRUCTURED_DB/2013/oct/189801.json
2025-12-06 14:38:39,563 - INFO - 
[1209/2000] Processing G.R. No. 189822
2025-12-06 14:38:39,563 - INFO -   Title: People of the Philippines vs. Jojie Suansing...
2025-12-06 14:38:40,020 - INFO -   ✓ Saved: RESTRUCTURED_DB/2013/sep/189822.json
2025-12-06 14:38:40,520 - INFO - 
[1210/2000] Processing G.R. No. 189827
2025-12-06 14:38:40,521 - INFO -   Title: Gersip Association, Inc., et al. vs. Government Service Insu...
2025-12-06 14:38:40,964 - INFO -   ✓ Saved: RESTRUCTURED_DB/2013/oct/189827.json
2025-12-06 14:38:41,464 - INFO - 
[1211/2000] Processing G.R. No. 189840
2025-12-06 14:38:41,464 - INFO -   Title: People of the Philippines vs. Jay Montevirgen y Ozaraga...
2025-12-06 14:38:41,909 - INFO -   ✓ Saved: RESTRUCTURED_DB/2013/dec/189840.json
2025-12-06 14:38:42,409 - INFO - 
[1212/2000] Processing G.R. No. 189843
2025-12-06 14:38:42,409 - INFO -   Title: People of the Philippines vs. Zenaida Soriano y Usi, and Myr...
2025-12-06 14:38:42,854 - INFO -   ✓ Saved: RESTRUCTURED_DB/2013/mar/189843.json
2025-12-06 14:38:43,355 - INFO - 
[1213/2000] Processing G.R. No. 189846
2025-12-06 14:38:43,355 - INFO -   Title: People of the Philippines vs. Ramil Mores...
2025-12-06 14:38:43,813 - INFO -   ✓ Saved: RESTRUCTURED_DB/2013/jun/189846.json
2025-12-06 14:38:44,313 - INFO - 
[1214/2000] Processing G.R. No. 189871
2025-12-06 14:38:44,314 - INFO -   Title: Dario Nacar vs. Gallery Frames and/or Felipe Bordey, Jr....
2025-12-06 14:38:44,760 - INFO -   ✓ Saved: RESTRUCTURED_DB/2013/aug/189871.json
2025-12-06 14:38:45,260 - INFO - 
[1215/2000] Processing G.R. No. 189874
2025-12-06 14:38:45,260 - INFO -   Title: Rodulfo Valcurza and Beatriz Lasaga, et al. vs. Atty. Casimi...
2025-12-06 14:38:45,704 - INFO -   ✓ Saved: RESTRUCTURED_DB/2013/sep/189874.json
2025-12-06 14:38:46,205 - INFO - 
[1216/2000] Processing G.R. No. 190016
2025-12-06 14:38:46,205 - INFO -   Title: Frederick Ventura, et al. vs. Heirs of Sps. Eustacio T. Enda...
2025-12-06 14:38:46,650 - INFO -   ✓ Saved: RESTRUCTURED_DB/2013/oct/190016.json
2025-12-06 14:38:47,150 - INFO - 
[1217/2000] Processing G.R. No. 190147
2025-12-06 14:38:47,150 - INFO -   Title: Civil Service Commission vs. Pililla Water District...
2025-12-06 14:38:47,595 - INFO -   ✓ Saved: RESTRUCTURED_DB/2013/mar/190147.json
2025-12-06 14:38:48,095 - INFO - 
[1218/2000] Processing G.R. No. 190180
2025-12-06 14:38:48,095 - INFO -   Title: People of the Philippines vs. Marissa Castillo y Alignay...
2025-12-06 14:38:48,541 - INFO -   ✓ Saved: RESTRUCTURED_DB/2013/nov/190180.json
2025-12-06 14:38:49,041 - INFO - 
[1219/2000] Processing G.R. No. 190318
2025-12-06 14:38:49,041 - INFO -   Title: People of the Philippines vs. Roberto Velasco...
2025-12-06 14:38:49,486 - INFO -   ✓ Saved: RESTRUCTURED_DB/2013/nov/190318.json
2025-12-06 14:38:49,986 - INFO - 
[1220/2000] Processing G.R. No. 190340
2025-12-06 14:38:49,986 - INFO -   Title: People of the Philippines vs. Rogelio Ramos, et al....
2025-12-06 14:38:50,431 - INFO -   ✓ Saved: RESTRUCTURED_DB/2013/jul/190340.json
2025-12-06 14:38:50,932 - INFO - 
[1221/2000] Processing G.R. No. 190343
2025-12-06 14:38:50,932 - INFO -   Title: People of the Philippines vs. Saiben Langcua y Daimla...
2025-12-06 14:38:51,387 - INFO -   ✓ Saved: RESTRUCTURED_DB/2013/feb/190343.json
2025-12-06 14:38:51,887 - INFO - 
[1222/2000] Processing G.R. No. 190475
2025-12-06 14:38:51,887 - INFO -   Title: Jaime Ong y Ong vs. People of the Philippines...
2025-12-06 14:38:52,331 - INFO -   ✓ Saved: RESTRUCTURED_DB/2013/apr/190475.json
2025-12-06 14:38:52,831 - INFO - 
[1223/2000] Processing G.R. No. 190566
2025-12-06 14:38:52,831 - INFO -   Title: Mark Jerome S. Maglalang vs. Philippine Amusement and Gaming...
2025-12-06 14:38:53,275 - INFO -   ✓ Saved: RESTRUCTURED_DB/2013/dec/190566.json
2025-12-06 14:38:53,776 - INFO - 
[1224/2000] Processing G.R. No. 190622
2025-12-06 14:38:53,776 - INFO -   Title: People of the Philippines vs. Rodolfo De Jesus y Mendoza...
2025-12-06 14:38:54,656 - INFO -   ✓ Saved: RESTRUCTURED_DB/2013/oct/190622.json
2025-12-06 14:38:55,157 - INFO - 
[1225/2000] Processing G.R. No. 190650
2025-12-06 14:38:55,157 - INFO -   Title: Antonio James, et al. vs. Eurem Realty Development Corporati...
2025-12-06 14:38:55,602 - INFO -   ✓ Saved: RESTRUCTURED_DB/2013/oct/190650.json
2025-12-06 14:38:56,102 - INFO - 
[1226/2000] Processing G.R. No. 190814
2025-12-06 14:38:56,102 - INFO -   Title: Michelle Lana Brown-Araneta, et al. vs. Juan Ignacio Araneta...
2025-12-06 14:38:56,550 - INFO -   ✓ Saved: RESTRUCTURED_DB/2013/oct/190814.json
2025-12-06 14:38:57,050 - INFO - 
[1227/2000] Processing G.R. No. 190818
2025-12-06 14:38:57,050 - INFO -   Title: Metro Manila Shopping Mecca Corp., Shoemart, Inc. SM Prime H...
2025-12-06 14:38:57,291 - INFO -   ✓ Saved: RESTRUCTURED_DB/2013/jun/190818.json
2025-12-06 14:38:57,791 - INFO - 
[1228/2000] Processing G.R. No. 190834
2025-12-06 14:38:57,791 - INFO -   Title: Republic of the Philippines represented by the Commissioner ...
2025-12-06 14:38:58,729 - WARNING -   ✗ Could not fetch case from any URL
2025-12-06 14:38:58,729 - INFO - 
[1229/2000] Processing G.R. No. 190862
2025-12-06 14:38:58,729 - INFO -   Title: People of the Philippines vs. Ricardo Dearo, Paulino Luage a...
2025-12-06 14:38:58,968 - INFO -   ✓ Saved: RESTRUCTURED_DB/2013/oct/190862.json
2025-12-06 14:38:59,469 - INFO - 
[1230/2000] Processing G.R. No. 190957
2025-12-06 14:38:59,469 - INFO -   Title: Philippine National Construction Corporation vs. Apac Market...
2025-12-06 14:38:59,714 - INFO -   ✓ Saved: RESTRUCTURED_DB/2013/jun/190957.json
2025-12-06 14:39:00,214 - INFO - 
[1231/2000] Processing G.R. No. 190969
2025-12-06 14:39:00,214 - INFO -   Title: Baron A. Villanueva, et al. vs. Edna R. Caparas...
2025-12-06 14:39:00,658 - INFO -   ✓ Saved: RESTRUCTURED_DB/2013/jan/190969.json
2025-12-06 14:39:01,158 - INFO - 
[1232/2000] Processing G.R. No. 191023
2025-12-06 14:39:01,158 - INFO -   Title: Don Djowel Sales y Abalahin vs. People of the Philippines...
2025-12-06 14:39:01,603 - INFO -   ✓ Saved: RESTRUCTURED_DB/2013/feb/191023.json
2025-12-06 14:39:02,103 - INFO - 
[1233/2000] Processing G.R. No. 191025
2025-12-06 14:39:02,103 - INFO -   Title: Rhodora Prieto vs. Alpadi Development Corporation...
2025-12-06 14:39:02,547 - INFO -   ✓ Saved: RESTRUCTURED_DB/2013/jul/191025.json
2025-12-06 14:39:03,047 - INFO - 
[1234/2000] Processing G.R. No. 191063
2025-12-06 14:39:03,048 - INFO -   Title: People of the Philippines vs. Aldrin M. Galicia...
2025-12-06 14:39:03,493 - INFO -   ✓ Saved: RESTRUCTURED_DB/2013/oct/191063.json
2025-12-06 14:39:03,993 - INFO - 
[1235/2000] Processing G.R. No. 191071
2025-12-06 14:39:03,993 - INFO -   Title: People of the Philippines vs. Rogelia Jardinel Pepino-Consul...
2025-12-06 14:39:04,441 - INFO -   ✓ Saved: RESTRUCTURED_DB/2013/aug/191071.json
2025-12-06 14:39:04,941 - INFO - 
[1236/2000] Processing G.R. No. 191178
2025-12-06 14:39:04,942 - INFO -   Title: Anchor Savings Bank (formerly Anchor Finance and Investment ...
2025-12-06 14:39:05,181 - INFO -   ✓ Saved: RESTRUCTURED_DB/2013/mar/191178.json
2025-12-06 14:39:05,681 - INFO - 
[1237/2000] Processing G.R. No. 191219
2025-12-06 14:39:05,681 - INFO -   Title: SPO1 Ramon Lihaylihay and C/Insp. Virgilio V. Vinluan vs. Pe...
2025-12-06 14:39:05,920 - INFO -   ✓ Saved: RESTRUCTURED_DB/2013/jul/191219.json
2025-12-06 14:39:06,421 - INFO - 
[1238/2000] Processing G.R. No. 191253
2025-12-06 14:39:06,421 - INFO -   Title: People of the Philippines vs. Apolinario Manalili y Jose...
2025-12-06 14:39:06,659 - INFO -   ✓ Saved: RESTRUCTURED_DB/2013/aug/191253.json
2025-12-06 14:39:07,160 - INFO - 
[1239/2000] Processing G.R. No. 191256
2025-12-06 14:39:07,160 - INFO -   Title: People of the philippines vs. Gary Alinao...
2025-12-06 14:39:07,605 - INFO -   ✓ Saved: RESTRUCTURED_DB/2013/sep/191256.json
2025-12-06 14:39:08,105 - INFO - 
[1240/2000] Processing G.R. No. 191263
2025-12-06 14:39:08,106 - INFO -   Title: People of the Philippines vs. Hadji Socor Cadidia...
2025-12-06 14:39:08,551 - INFO -   ✓ Saved: RESTRUCTURED_DB/2013/oct/191263.json
2025-12-06 14:39:09,052 - INFO - 
[1241/2000] Processing G.R. No. 191267
2025-12-06 14:39:09,052 - INFO -   Title: People of the Philippines vs. Monica Mendoza y Trinidad...
2025-12-06 14:39:09,289 - INFO -   ✓ Saved: RESTRUCTURED_DB/2013/jun/191267.json
2025-12-06 14:39:09,789 - INFO - 
[1242/2000] Processing G.R. No. 191271
2025-12-06 14:39:09,789 - INFO -   Title: People of the Philippines vs. Gerald Soriano alias Pedro...
2025-12-06 14:39:10,233 - INFO -   ✓ Saved: RESTRUCTURED_DB/2013/mar/191271.json
2025-12-06 14:39:10,734 - INFO - 
[1243/2000] Processing G.R. No. 191362
2025-12-06 14:39:10,734 - INFO -   Title: People of the Philippines vs. Marciano Cial y Lorena...
2025-12-06 14:39:11,178 - INFO -   ✓ Saved: RESTRUCTURED_DB/2013/oct/191362.json
2025-12-06 14:39:11,678 - INFO - 
[1244/2000] Processing G.R. No. 191391
2025-12-06 14:39:11,678 - INFO -   Title: People of the Philippines vs. Benedict Homaky Lucio...
2025-12-06 14:39:12,134 - INFO -   ✓ Saved: RESTRUCTURED_DB/2013/jun/191391.json
2025-12-06 14:39:12,634 - INFO - 
[1245/2000] Processing G.R. No. 191396
2025-12-06 14:39:12,635 - INFO -   Title: People of the Philippines vs. Marilyn Aguilar y Manzanillo...
2025-12-06 14:39:13,080 - INFO -   ✓ Saved: RESTRUCTURED_DB/2013/apr/191396.json
2025-12-06 14:39:13,580 - INFO - 
[1246/2000] Processing G.R. No. 191411
2025-12-06 14:39:13,580 - INFO -   Title: Rafael L. Cosculluela vs. Sandiganbayan, et al./Edwin N. Nac...
2025-12-06 14:39:14,030 - INFO -   ✓ Saved: RESTRUCTURED_DB/2013/jul/191411.json
2025-12-06 14:39:14,531 - INFO - 
[1247/2000] Processing G.R. No. 191424
2025-12-06 14:39:14,531 - INFO -   Title: Alfeo D. Vivas, on his behalf and on behalf of the Sharehold...
2025-12-06 14:39:14,975 - INFO -   ✓ Saved: RESTRUCTURED_DB/2013/aug/191424.json
2025-12-06 14:39:15,476 - INFO - 
[1248/2000] Processing G.R. No. 191431
2025-12-06 14:39:15,476 - INFO -   Title: Rodolfo G. Cruz and Esperanza Ibias vs. Atty. Delfin Gruspe...
2025-12-06 14:39:15,719 - INFO -   ✓ Saved: RESTRUCTURED_DB/2013/mar/191431.json
2025-12-06 14:39:16,220 - INFO - 
[1249/2000] Processing G.R. No. 191475
2025-12-06 14:39:16,220 - INFO -   Title: Philippine Carpet Manufacturing Corporation, et al. vs. Igna...
2025-12-06 14:39:16,665 - INFO -   ✓ Saved: RESTRUCTURED_DB/2013/dec/191475.json
2025-12-06 14:39:17,165 - INFO - 
[1250/2000] Processing G.R. No. 191531
2025-12-06 14:39:17,166 - INFO -   Title: Republic of the Philippines rep. by the Philippine Economic ...
2025-12-06 14:39:17,611 - INFO -   ✓ Saved: RESTRUCTURED_DB/2013/mar/191531.json
2025-12-06 14:39:18,111 - INFO - 
[1251/2000] Processing G.R. No. 191538
2025-12-06 14:39:18,111 - INFO -   Title: Weller Jopson vs. Fabian O. Mendoza and DBP...
2025-12-06 14:39:18,351 - INFO -   ✓ Saved: RESTRUCTURED_DB/2013/dec/191538.json
2025-12-06 14:39:18,851 - INFO - 
[1252/2000] Processing G.R. No. 191566
2025-12-06 14:39:18,851 - INFO -   Title: People of the Philippines vs. Edgardo V. Odtuhan...
2025-12-06 14:39:19,090 - INFO -   ✓ Saved: RESTRUCTURED_DB/2013/jul/191566.json
2025-12-06 14:39:19,590 - INFO - 
[1253/2000] Processing G.R. No. 191567
2025-12-06 14:39:19,590 - INFO -   Title: Marie Callo-Claridad vs. Philip Ronald P. Esteban and Teodor...
2025-12-06 14:39:20,034 - INFO -   ✓ Saved: RESTRUCTURED_DB/2013/mar/191567.json
2025-12-06 14:39:20,535 - INFO - 
[1254/2000] Processing G.R. No. 191594
2025-12-06 14:39:20,535 - INFO -   Title: David A. Raymundo vs. Galen Realty and Mining Corporation...
2025-12-06 14:39:20,774 - INFO -   ✓ Saved: RESTRUCTURED_DB/2013/oct/191594.json
2025-12-06 14:39:21,275 - INFO - 
[1255/2000] Processing G.R. No. 191644
2025-12-06 14:39:21,275 - INFO -   Title: Dennis A.B. Funa vs. Acting Secretary of Justice Alberto C. ...
2025-12-06 14:39:21,721 - INFO -   ✓ Saved: RESTRUCTURED_DB/2013/feb/191644.json
2025-12-06 14:39:22,221 - INFO - 
[1256/2000] Processing G.R. No. 191661
2025-12-06 14:39:22,222 - INFO -   Title: City Government of Makati, as represented by Hon. Mayor Jejo...
2025-12-06 14:39:22,687 - INFO -   ✓ Saved: RESTRUCTURED_DB/2013/aug/191661.json
2025-12-06 14:39:23,187 - INFO - 
[1257/2000] Processing G.R. No. 191667
2025-12-06 14:39:23,187 - INFO -   Title: Land Bank of the Philippines vs. Eduardo M. Cacayurin...
2025-12-06 14:39:23,427 - INFO -   ✓ Saved: RESTRUCTURED_DB/2013/apr/191667.json
2025-12-06 14:39:23,927 - INFO - 
[1258/2000] Processing G.R. No. 191691
2025-12-06 14:39:23,927 - INFO -   Title: Romeo A. Gontang, in his official capacity as Mayor of Gainz...
2025-12-06 14:39:24,165 - INFO -   ✓ Saved: RESTRUCTURED_DB/2013/jan/191691.json
2025-12-06 14:39:24,665 - INFO - 
[1259/2000] Processing G.R. No. 191696
2025-12-06 14:39:24,665 - INFO -   Title: Rogelio Dantis vs. Julio Maghinang, Jr....
2025-12-06 14:39:25,111 - INFO -   ✓ Saved: RESTRUCTURED_DB/2013/apr/191696.json
2025-12-06 14:39:25,611 - INFO - 
[1260/2000] Processing G.R. No. 191722
2025-12-06 14:39:25,611 - INFO -   Title: People of the Philippines vs. Gerry Sabangan and Noli Bornas...
2025-12-06 14:39:26,058 - INFO -   ✓ Saved: RESTRUCTURED_DB/2013/dec/191722.json
2025-12-06 14:39:26,558 - INFO - 
[1261/2000] Processing G.R. No. 191726
2025-12-06 14:39:26,558 - INFO -   Title: People of the Philippines vs. Noel Bartolome y Bajo...
2025-12-06 14:39:27,004 - INFO -   ✓ Saved: RESTRUCTURED_DB/2013/feb/191726.json
2025-12-06 14:39:27,504 - INFO - 
[1262/2000] Processing G.R. No. 191730
2025-12-06 14:39:27,504 - INFO -   Title: People of the Philippines vs. Mylene Torres y Cruz...
2025-12-06 14:39:27,751 - INFO -   ✓ Saved: RESTRUCTURED_DB/2013/jun/191730.json
2025-12-06 14:39:28,251 - INFO - 
[1263/2000] Processing G.R. No. 191740
2025-12-06 14:39:28,251 - INFO -   Title: Susana R. Sy vs. Philippine Transmarine Carriers, Inc., and/...
2025-12-06 14:39:28,489 - INFO -   ✓ Saved: RESTRUCTURED_DB/2013/feb/191740.json
2025-12-06 14:39:28,990 - INFO - 
[1264/2000] Processing G.R. No. 191752
2025-12-06 14:39:28,990 - INFO -   Title: People of the Philippines vs. Jose Armando Cervantges Cachue...
2025-12-06 14:39:29,434 - INFO -   ✓ Saved: RESTRUCTURED_DB/2013/jun/191752.json
2025-12-06 14:39:29,934 - INFO - 
[1265/2000] Processing G.R. No. 191756
2025-12-06 14:39:29,934 - INFO -   Title: People of the Philippines vs. Jonas Guillen y Atienza...
2025-12-06 14:39:30,172 - INFO -   ✓ Saved: RESTRUCTURED_DB/2013/nov/191756.json
2025-12-06 14:39:30,672 - INFO - 
[1266/2000] Processing G.R. No. 191805
2025-12-06 14:39:30,673 - INFO -   Title: In the Matter of the Petition for the Writ of Amparo and Hab...
2025-12-06 14:39:30,910 - INFO -   ✓ Saved: RESTRUCTURED_DB/2013/apr/191805.json
2025-12-06 14:39:31,410 - INFO - 
[1267/2000] Processing G.R. No. 191877
2025-12-06 14:39:31,410 - INFO -   Title: Philippine Amusement and Gaming Corporation (PAGCOR) vs. Ari...
2025-12-06 14:39:31,855 - INFO -   ✓ Saved: RESTRUCTURED_DB/2013/jun/191877.json
2025-12-06 14:39:32,355 - INFO - 
[1268/2000] Processing G.R. No. 191903
2025-12-06 14:39:32,355 - INFO -   Title: Magsaysay Maritime Corporation and/or Westfal-Larsen and Co....
2025-12-06 14:39:32,800 - INFO -   ✓ Saved: RESTRUCTURED_DB/2013/jun/191903.json
2025-12-06 14:39:33,301 - INFO - 
[1269/2000] Processing G.R. No. 192105
2025-12-06 14:39:33,301 - INFO -   Title: Antonio Locsin II vs. Mekeni Food Corporation...
2025-12-06 14:39:33,745 - INFO -   ✓ Saved: RESTRUCTURED_DB/2013/dec/192105.json
2025-12-06 14:39:34,245 - INFO - 
[1270/2000] Processing G.R. No. 192179
2025-12-06 14:39:34,246 - INFO -   Title: People of the Philippines vs. Lito Hatsero...
2025-12-06 14:39:34,483 - INFO -   ✓ Saved: RESTRUCTURED_DB/2013/jul/192179.json
2025-12-06 14:39:34,984 - INFO - 
[1271/2000] Processing G.R. No. 192183
2025-12-06 14:39:34,984 - INFO -   Title: People of the Philippines vs. Andy Zulueta a.k.a Bogarts...
2025-12-06 14:39:35,238 - INFO -   ✓ Saved: RESTRUCTURED_DB/2013/nov/192183.json
2025-12-06 14:39:35,738 - INFO - 
[1272/2000] Processing G.R. No. 192231
2025-12-06 14:39:35,738 - INFO -   Title: People of the Philippines vs. James Galido y Noble...
2025-12-06 14:39:35,977 - INFO -   ✓ Saved: RESTRUCTURED_DB/2013/feb/192231.json
2025-12-06 14:39:36,477 - INFO - 
[1273/2000] Processing G.R. No. 192249
2025-12-06 14:39:36,477 - INFO -   Title: Salic Dumarpa vs. Commission on Elections...
2025-12-06 14:39:36,925 - INFO -   ✓ Saved: RESTRUCTURED_DB/2013/apr/192249.json
2025-12-06 14:39:37,425 - INFO - 
[1274/2000] Processing G.R. No. 192253
2025-12-06 14:39:37,425 - INFO -   Title: People of the Philippines vs. Carlito Espenilla...
2025-12-06 14:39:37,672 - INFO -   ✓ Saved: RESTRUCTURED_DB/2013/sep/192253.json
2025-12-06 14:39:38,172 - INFO - 
[1275/2000] Processing G.R. No. 192306
2025-12-06 14:39:38,172 - INFO -   Title: Jessie G. Martinez vs. Central Pangasinan Electric Cooperati...
2025-12-06 14:39:38,410 - INFO -   ✓ Saved: RESTRUCTURED_DB/2013/jul/192306.json
2025-12-06 14:39:38,910 - INFO - 
[1276/2000] Processing G.R. No. 192383
2025-12-06 14:39:38,911 - INFO -   Title: Isabelo C. Dela Cruz vs. Lucila C. Dela Cruz...
2025-12-06 14:39:39,148 - INFO -   ✓ Saved: RESTRUCTURED_DB/2013/dec/192383.json
2025-12-06 14:39:39,648 - INFO - 
[1277/2000] Processing G.R. No. 192571
2025-12-06 14:39:39,648 - INFO -   Title: Abbott Laboratories, Phils., et al. vs. Pearlie Ann F. Alcar...
2025-12-06 14:39:40,301 - INFO -   ✓ Saved: RESTRUCTURED_DB/2013/jul/192571.json
2025-12-06 14:39:40,802 - INFO - 
[1278/2000] Processing G.R. No. 192576
2025-12-06 14:39:40,802 - INFO -   Title: CIR; Fortune Tobacco Corporation/Fortune Tobacco Corporation...
2025-12-06 14:39:41,741 - WARNING -   ✗ Could not fetch case from any URL
2025-12-06 14:39:41,741 - INFO - 
[1279/2000] Processing G.R. No. 192601
2025-12-06 14:39:41,741 - INFO -   Title: Philippine Journalist, Inc. vs. Journal Employees Union (JEU...
2025-12-06 14:39:41,979 - INFO -   ✓ Saved: RESTRUCTURED_DB/2013/jun/192601.json
2025-12-06 14:39:42,479 - INFO - 
[1280/2000] Processing G.R. No. 192615
2025-12-06 14:39:42,480 - INFO -   Title: Sps. Eugene L. Lim and Constancia Lim vs. the Court of Appea...
2025-12-06 14:39:42,718 - INFO -   ✓ Saved: RESTRUCTURED_DB/2013/jan/192615.json
2025-12-06 14:39:43,218 - INFO - 
[1281/2000] Processing G.R. No. 192685
2025-12-06 14:39:43,218 - INFO -   Title: Oscar R. Ampil vs. Hon. Office of the Ombudsman, et al./Osca...
2025-12-06 14:39:43,872 - INFO -   ✓ Saved: RESTRUCTURED_DB/2013/jul/192685.json
2025-12-06 14:39:44,372 - INFO - 
[1282/2000] Processing G.R. No. 192727
2025-12-06 14:39:44,372 - INFO -   Title: Raul Escalante vs. People of the Philippines, et al....
2025-12-06 14:39:44,611 - INFO -   ✓ Saved: RESTRUCTURED_DB/2013/jan/192727.json
2025-12-06 14:39:45,111 - INFO - 
[1283/2000] Processing G.R. No. 192803
2025-12-06 14:39:45,111 - INFO -   Title: Alliance for Rural and Agrarian Reconstruction, Inc., alos k...
2025-12-06 14:39:45,565 - INFO -   ✓ Saved: RESTRUCTURED_DB/2013/dec/192803.json
2025-12-06 14:39:46,065 - INFO - 
[1284/2000] Processing G.R. No. 192826
2025-12-06 14:39:46,065 - INFO -   Title: Philippine Plaza Holdings, Inc. vs. Ma. Flora M. Episcope...
2025-12-06 14:39:46,305 - INFO -   ✓ Saved: RESTRUCTURED_DB/2013/feb/192826.json
2025-12-06 14:39:46,805 - INFO - 
[1285/2000] Processing G.R. No. 192893
2025-12-06 14:39:46,805 - INFO -   Title: Manila Electric Company vs. Heirs of Spouses Dionisio Deloy ...
2025-12-06 14:39:47,250 - INFO -   ✓ Saved: RESTRUCTURED_DB/2013/jun/192893.json
2025-12-06 14:39:47,750 - INFO - 
[1286/2000] Processing G.R. No. 192896
2025-12-06 14:39:47,750 - INFO -   Title: Dream Village Neighborhood Association, Inc., represented by...
2025-12-06 14:39:48,214 - INFO -   ✓ Saved: RESTRUCTURED_DB/2013/jul/192896.json
2025-12-06 14:39:48,714 - INFO - 
[1287/2000] Processing G.R. No. 192913
2025-12-06 14:39:48,714 - INFO -   Title: People of the Philippines vs. Joel Rebotazo y Alejandria...
2025-12-06 14:39:49,171 - INFO -   ✓ Saved: RESTRUCTURED_DB/2013/jun/192913.json
2025-12-06 14:39:49,671 - INFO - 
[1288/2000] Processing G.R. No. 192941
2025-12-06 14:39:49,671 - INFO -   Title: People of the Philippines vs. Daniel Alcober...
2025-12-06 14:39:49,911 - INFO -   ✓ Saved: RESTRUCTURED_DB/2013/nov/192941.json
2025-12-06 14:39:50,411 - INFO - 
[1289/2000] Processing G.R. No. 193000
2025-12-06 14:39:50,411 - INFO -   Title: Sps. Felipe and Evelyn Sarmiento, et al. vs. Sps. Rodolfo an...
2025-12-06 14:39:50,650 - INFO -   ✓ Saved: RESTRUCTURED_DB/2013/oct/193000.json
2025-12-06 14:39:51,150 - INFO - 
[1290/2000] Processing G.R. No. 193078
2025-12-06 14:39:51,151 - INFO -   Title: B. Sta. Rita & Co., Inc. and Arlene Sta. Rita Kanapi...
2025-12-06 14:39:51,402 - INFO -   ✓ Saved: RESTRUCTURED_DB/2013/aug/193078.json
2025-12-06 14:39:51,902 - INFO - 
[1291/2000] Processing G.R. No. 193190
2025-12-06 14:39:51,902 - INFO -   Title: People of the Philippines vs. Marilyn Santos, et al....
2025-12-06 14:39:52,347 - INFO -   ✓ Saved: RESTRUCTURED_DB/2013/nov/193190.json
2025-12-06 14:39:52,847 - INFO - 
[1292/2000] Processing G.R. No. 193301
2025-12-06 14:39:52,847 - INFO -   Title: Mindanao II Geothermal Partnership vs. Commissioner of Inter...
2025-12-06 14:39:53,313 - INFO -   ✓ Saved: RESTRUCTURED_DB/2013/mar/193301.json
2025-12-06 14:39:53,813 - INFO - 
[1293/2000] Processing G.R. No. 193453
2025-12-06 14:39:53,813 - INFO -   Title: Spouses Rubin and Portia Hojas vs. Philippine Amanah Bank an...
2025-12-06 14:39:54,051 - INFO -   ✓ Saved: RESTRUCTURED_DB/2013/jun/193453.json
2025-12-06 14:39:54,551 - INFO - 
[1294/2000] Processing G.R. No. 193493
2025-12-06 14:39:54,551 - INFO -   Title: Jaime N. Gapayao vs. Rosario Fulo, Social Security System an...
2025-12-06 14:39:54,997 - INFO -   ✓ Saved: RESTRUCTURED_DB/2013/jun/193493.json
2025-12-06 14:39:55,497 - INFO - 
[1295/2000] Processing G.R. No. 193507
2025-12-06 14:39:55,497 - INFO -   Title: People of the Philippines vs. Rey Monticalvo y Magno...
2025-12-06 14:39:55,945 - INFO -   ✓ Saved: RESTRUCTURED_DB/2013/jan/193507.json
2025-12-06 14:39:56,445 - INFO - 
[1296/2000] Processing G.R. No. 193643
2025-12-06 14:39:56,445 - INFO -   Title: Antonio D. Dayao, Rolando P. Ramirez and Adelio R. Capco vs....
2025-12-06 14:39:56,902 - INFO -   ✓ Saved: RESTRUCTURED_DB/2013/jan/193643.json
2025-12-06 14:39:57,403 - INFO - 
[1297/2000] Processing G.R. No. 193661
2025-12-06 14:39:57,403 - INFO -   Title: People of the Philippines vs. Ryan Blanco y Sangkula...
2025-12-06 14:39:57,640 - INFO -   ✓ Saved: RESTRUCTURED_DB/2013/aug/193661.json
2025-12-06 14:39:58,141 - INFO - 
[1298/2000] Processing G.R. No. 193706
2025-12-06 14:39:58,141 - INFO -   Title: Ebrencio F. Indoyon, Jr., Municipal Treasurer, Lingig, Surig...
2025-12-06 14:39:58,380 - INFO -   ✓ Saved: RESTRUCTURED_DB/2013/mar/193706.json
2025-12-06 14:39:58,880 - INFO - 
[1299/2000] Processing G.R. No. 193747
2025-12-06 14:39:58,880 - INFO -   Title: Joselito C. Borromeo vs. Juan T. Mina...
2025-12-06 14:39:59,324 - INFO -   ✓ Saved: RESTRUCTURED_DB/2013/jun/193747.json
2025-12-06 14:39:59,824 - INFO - 
[1300/2000] Processing G.R. No. 193756
2025-12-06 14:39:59,824 - INFO -   Title: Venancio S. Reyes, Edgardo C. Dabbay, et al. vs. RP Guardian...
2025-12-06 14:40:00,063 - INFO -   ✓ Saved: RESTRUCTURED_DB/2013/apr/193756.json
2025-12-06 14:40:00,563 - INFO - 
[1301/2000] Processing G.R. No. 193773
2025-12-06 14:40:00,563 - INFO -   Title: Teresita L. Salva vs. Flaviana M. Valle...
2025-12-06 14:40:01,007 - INFO -   ✓ Saved: RESTRUCTURED_DB/2013/apr/193773.json
2025-12-06 14:40:01,508 - INFO - 
[1302/2000] Processing G.R. No. 193804
2025-12-06 14:40:01,508 - INFO -   Title: Spouses Nilo Ramos and Eliadora Ramos vs. Raul Obispo and Fa...
2025-12-06 14:40:01,953 - INFO -   ✓ Saved: RESTRUCTURED_DB/2013/feb/193804.json
2025-12-06 14:40:02,454 - INFO - 
[1303/2000] Processing G.R. No. 193839
2025-12-06 14:40:02,454 - INFO -   Title: People of the Philippines vs. Javier Cañaveras...
2025-12-06 14:40:02,905 - INFO -   ✓ Saved: RESTRUCTURED_DB/2013/nov/193839.json
2025-12-06 14:40:03,406 - INFO - 
[1304/2000] Processing G.R. No. 193874
2025-12-06 14:40:03,406 - INFO -   Title: Republic of the Philippines vs. Ricordito N. De Asis, Jr....
2025-12-06 14:40:03,850 - INFO -   ✓ Saved: RESTRUCTURED_DB/2013/jul/193874.json
2025-12-06 14:40:04,350 - INFO - 
[1305/2000] Processing G.R. No. 193897
2025-12-06 14:40:04,351 - INFO -   Title: University of the East, Dean Eleanor Javier, Ronnie Gillego ...
2025-12-06 14:40:04,588 - INFO -   ✓ Saved: RESTRUCTURED_DB/2013/jan/193897.json
2025-12-06 14:40:05,089 - INFO - 
[1306/2000] Processing G.R. No. 193936
2025-12-06 14:40:05,089 - INFO -   Title: National Power Corporation vs. YCLA Sugar Development Corpor...
2025-12-06 14:40:05,532 - INFO -   ✓ Saved: RESTRUCTURED_DB/2013/dec/193936.json
2025-12-06 14:40:06,032 - INFO - 
[1307/2000] Processing G.R. No. 193960
2025-12-06 14:40:06,032 - INFO -   Title: Karlo Angelo Dabalos y San Dieo vs. Regional Trial Court, Br...
2025-12-06 14:40:06,270 - INFO -   ✓ Saved: RESTRUCTURED_DB/2013/jan/193960.json
2025-12-06 14:40:06,770 - INFO - 
[1308/2000] Processing G.R. No. 194062
2025-12-06 14:40:06,770 - INFO -   Title: Republic Gas Corporation, et al. vs. Petron Corporation, et ...
2025-12-06 14:40:07,214 - INFO -   ✓ Saved: RESTRUCTURED_DB/2013/jun/194062.json
2025-12-06 14:40:07,714 - INFO - 
[1309/2000] Processing G.R. No. 194104
2025-12-06 14:40:07,714 - INFO -   Title: Novateknik Land Corporation vs. Philippine National Bank and...
2025-12-06 14:40:08,159 - INFO -   ✓ Saved: RESTRUCTURED_DB/2013/mar/194104.json
2025-12-06 14:40:08,659 - INFO - 
[1310/2000] Processing G.R. No. 194168
2025-12-06 14:40:08,660 - INFO -   Title: Land Bank of the Philippines vs. Spouses Placido and Clara D...
2025-12-06 14:40:09,104 - INFO -   ✓ Saved: RESTRUCTURED_DB/2013/feb/194168.json
2025-12-06 14:40:09,604 - INFO - 
[1311/2000] Processing G.R. No. 194169
2025-12-06 14:40:09,604 - INFO -   Title: Romeo R. Araullo vs. Office of the Ombudsman, et al....
2025-12-06 14:40:10,049 - INFO -   ✓ Saved: RESTRUCTURED_DB/2013/dec/194169.json
2025-12-06 14:40:10,549 - INFO - 
[1312/2000] Processing G.R. No. 194201
2025-12-06 14:40:10,549 - INFO -   Title: Spouses Bayani H. Andal and Gracia G. Andal vs. Philippine N...
2025-12-06 14:40:10,788 - INFO -   ✓ Saved: RESTRUCTURED_DB/2013/nov/194201.json
2025-12-06 14:40:11,288 - INFO - 
[1313/2000] Processing G.R. No. 194236
2025-12-06 14:40:11,288 - INFO -   Title: People of the Philippines vs. Patricio Rayon, Sr....
2025-12-06 14:40:11,528 - INFO -   ✓ Saved: RESTRUCTURED_DB/2013/jan/194236.json
2025-12-06 14:40:12,028 - INFO - 
[1314/2000] Processing G.R. No. 194253
2025-12-06 14:40:12,028 - INFO -   Title: People of the Philippines vs. Magsalin Diwa y Gutierrez...
2025-12-06 14:40:12,473 - INFO -   ✓ Saved: RESTRUCTURED_DB/2013/feb/194253.json
2025-12-06 14:40:12,974 - INFO - 
[1315/2000] Processing G.R. No. 194336
2025-12-06 14:40:12,974 - INFO -   Title: Pilar Development Corporation vs. Ramon Dumadag, Ronaldo Bac...
2025-12-06 14:40:13,213 - INFO -   ✓ Saved: RESTRUCTURED_DB/2013/mar/194336.json
2025-12-06 14:40:13,713 - INFO - 
[1316/2000] Processing G.R. No. 194352
2025-12-06 14:40:13,713 - INFO -   Title: Maxicare PCIB Cigna Healthcare (now Maxicare Healthcare Corp...
2025-12-06 14:40:13,952 - INFO -   ✓ Saved: RESTRUCTURED_DB/2013/jan/194352.json
2025-12-06 14:40:14,452 - INFO - 
[1317/2000] Processing G.R. No. 194362
2025-12-06 14:40:14,452 - INFO -   Title: Philippine Hammonia Ship Agency, Inc. (now known as BSM Crew...
2025-12-06 14:40:14,897 - INFO -   ✓ Saved: RESTRUCTURED_DB/2013/jun/194362.json
2025-12-06 14:40:15,397 - INFO - 
[1318/2000] Processing G.R. No. 194368
2025-12-06 14:40:15,397 - INFO -   Title: Civil Service Commission vs. Arlic Almojuela...
2025-12-06 14:40:15,845 - INFO -   ✓ Saved: RESTRUCTURED_DB/2013/apr/194368.json
2025-12-06 14:40:16,345 - INFO - 
[1319/2000] Processing G.R. No. 194382
2025-12-06 14:40:16,346 - INFO -   Title: People of the Philippines vs. Gloria Calubres y Auditor...
2025-12-06 14:40:17,292 - INFO -   ✓ Saved: RESTRUCTURED_DB/2013/jun/194382.json
2025-12-06 14:40:17,792 - INFO - 
[1320/2000] Processing G.R. No. 194384
2025-12-06 14:40:17,792 - INFO -   Title: Joselito Ramos vs. People of the Philippines...
2025-12-06 14:40:18,237 - INFO -   ✓ Saved: RESTRUCTURED_DB/2013/jun/194384.json
2025-12-06 14:40:18,737 - INFO - 
[1321/2000] Processing G.R. No. 194538
2025-12-06 14:40:18,737 - INFO -   Title: Moreto Mirallosa and all persons claiming rights and interes...
2025-12-06 14:40:19,189 - INFO -   ✓ Saved: RESTRUCTURED_DB/2013/nov/194538.json
2025-12-06 14:40:19,689 - INFO - 
[1322/2000] Processing G.R. No. 194564
2025-12-06 14:40:19,689 - INFO -   Title: Sergio Sombol vs. People of the Philippines...
2025-12-06 14:40:19,936 - INFO -   ✓ Saved: RESTRUCTURED_DB/2013/apr/194564.json
2025-12-06 14:40:20,437 - INFO - 
[1323/2000] Processing G.R. No. 194578
2025-12-06 14:40:20,437 - INFO -   Title: Philip Sigrid A. Fortun vs. Prima Jesusa B. Quinsayas, et al...
2025-12-06 14:40:20,880 - INFO -   ✓ Saved: RESTRUCTURED_DB/2013/feb/194578.json
2025-12-06 14:40:21,380 - INFO - 
[1324/2000] Processing G.R. No. 194582
2025-12-06 14:40:21,380 - INFO -   Title: People of the Philippines vs. Allan Niegas y Fallore...
2025-12-06 14:40:21,825 - INFO -   ✓ Saved: RESTRUCTURED_DB/2013/nov/194582.json
2025-12-06 14:40:22,326 - INFO - 
[1325/2000] Processing G.R. No. 194709
2025-12-06 14:40:22,326 - INFO -   Title: Minette Baptista, et al. vs. Rosario Villanueva, et al....
2025-12-06 14:40:22,563 - INFO -   ✓ Saved: RESTRUCTURED_DB/2013/jul/194709.json
2025-12-06 14:40:23,064 - INFO - 
[1326/2000] Processing G.R. No. 194846
2025-12-06 14:40:23,064 - INFO -   Title: Hospicio D. rosaroso, Antonio D. Rosaroso, et al. vs. Lucila...
2025-12-06 14:40:23,509 - INFO -   ✓ Saved: RESTRUCTURED_DB/2013/jun/194846.json
2025-12-06 14:40:24,009 - INFO - 
[1327/2000] Processing G.R. No. 194948
2025-12-06 14:40:24,009 - INFO -   Title: People of the Philippines vs. Freddy Salonga y Afiado...
2025-12-06 14:40:24,263 - INFO -   ✓ Saved: RESTRUCTURED_DB/2013/sep/194948.json
2025-12-06 14:40:24,764 - INFO - 
[1328/2000] Processing G.R. No. 194994
2025-12-06 14:40:24,764 - INFO -   Title: Emmanuel A. De Castro vs. Emerson S. Carlos...
2025-12-06 14:40:25,208 - INFO -   ✓ Saved: RESTRUCTURED_DB/2013/apr/194994.json
2025-12-06 14:40:25,708 - INFO - 
[1329/2000] Processing G.R. No. 195117
2025-12-06 14:40:25,708 - INFO -   Title: Hur Tin Yang vs. People of the Philippines...
2025-12-06 14:40:26,151 - INFO -   ✓ Saved: RESTRUCTURED_DB/2013/aug/195117.json
2025-12-06 14:40:26,651 - INFO - 
[1330/2000] Processing G.R. No. 195317
2025-12-06 14:40:26,651 - INFO -   Title: Sps. Weltchie Raymund and Emily Raymundo vs. Land Bank of th...
2025-12-06 14:40:26,888 - INFO -   ✓ Saved: RESTRUCTURED_DB/2013/apr/195317.json
2025-12-06 14:40:27,388 - INFO - 
[1331/2000] Processing G.R. No. 195395
2025-12-06 14:40:27,388 - INFO -   Title: Engineer Manolito P. Mendoza vs. Commission on Audit...
2025-12-06 14:40:28,323 - WARNING -   ✗ Could not fetch case from any URL
2025-12-06 14:40:28,323 - INFO - 
[1332/2000] Processing G.R. No. 195481
2025-12-06 14:40:28,323 - INFO -   Title: Oriental Petroleum and Minerals Corporation vs. Tuscan Realt...
2025-12-06 14:40:28,567 - INFO -   ✓ Saved: RESTRUCTURED_DB/2013/jul/195481.json
2025-12-06 14:40:29,068 - INFO - 
[1333/2000] Processing G.R. No. 195518
2025-12-06 14:40:29,068 - INFO -   Title: Magsaysay Maritime Services and Princess Cruise Lines, Ltd. ...
2025-12-06 14:40:29,717 - INFO -   ✓ Saved: RESTRUCTURED_DB/2013/mar/195518.json
2025-12-06 14:40:30,218 - INFO - 
[1334/2000] Processing G.R. No. 195523
2025-12-06 14:40:30,218 - INFO -   Title: People of the Philippines vs. Ernesto Gani y Tupas...
2025-12-06 14:40:30,458 - INFO -   ✓ Saved: RESTRUCTURED_DB/2013/jun/195523.json
2025-12-06 14:40:30,958 - INFO - 
[1335/2000] Processing G.R. No. 195528
2025-12-06 14:40:30,959 - INFO -   Title: People of the Philippines vs. Jose Clara y Buhain...
2025-12-06 14:40:31,404 - INFO -   ✓ Saved: RESTRUCTURED_DB/2013/jul/195528.json
2025-12-06 14:40:31,904 - INFO - 
[1336/2000] Processing G.R. No. 195540
2025-12-06 14:40:31,904 - INFO -   Title: Goldenway Merchandising Corporation vs. Equitable PCI Bank...
2025-12-06 14:40:32,347 - INFO -   ✓ Saved: RESTRUCTURED_DB/2013/mar/195540.json
2025-12-06 14:40:32,847 - INFO - 
[1337/2000] Processing G.R. No. 195649
2025-12-06 14:40:32,847 - INFO -   Title: Casan Macode Maquiling vs. Commission on Elections, Rommel A...
2025-12-06 14:40:33,084 - INFO -   ✓ Saved: RESTRUCTURED_DB/2013/jul/195649.json
2025-12-06 14:40:33,584 - INFO - 
[1338/2000] Processing G.R. No. 195649
2025-12-06 14:40:33,584 - INFO -   Title: Casan Macode Maquiling vs. Commission on Elections, Rommel A...
2025-12-06 14:40:34,447 - INFO -   ✓ Saved: RESTRUCTURED_DB/2013/apr/195649.json
2025-12-06 14:40:34,947 - INFO - 
[1339/2000] Processing G.R. No. 195777
2025-12-06 14:40:34,947 - INFO -   Title: People of the Philippines vs. Ferdinand Castro y Lapena...
2025-12-06 14:40:35,187 - INFO -   ✓ Saved: RESTRUCTURED_DB/2013/jun/195777.json
2025-12-06 14:40:35,687 - INFO - 
[1340/2000] Processing G.R. No. 195842
2025-12-06 14:40:35,688 - INFO -   Title: Roberto B. Reblora vs. Armed Forces of the Philippines...
2025-12-06 14:40:35,926 - INFO -   ✓ Saved: RESTRUCTURED_DB/2013/jun/195842.json
2025-12-06 14:40:36,426 - INFO - 
[1341/2000] Processing G.R. No. 196036
2025-12-06 14:40:36,427 - INFO -   Title: Elizabeth M. Gagui vs. Simeon Dejero, et al....
2025-12-06 14:40:36,665 - INFO -   ✓ Saved: RESTRUCTURED_DB/2013/oct/196036.json
2025-12-06 14:40:37,165 - INFO - 
[1342/2000] Processing G.R. No. 196049
2025-12-06 14:40:37,165 - INFO -   Title: Minoru Fujiki vs. Maria Paz Galela Marinay, et al....
2025-12-06 14:40:37,613 - INFO -   ✓ Saved: RESTRUCTURED_DB/2013/jun/196049.json
2025-12-06 14:40:38,113 - INFO - 
[1343/2000] Processing G.R. No. 196051
2025-12-06 14:40:38,113 - INFO -   Title: People of the Philippines vs. Jade Cuaycong y Remonquillo...
2025-12-06 14:40:38,362 - INFO -   ✓ Saved: RESTRUCTURED_DB/2013/oct/196051.json
2025-12-06 14:40:38,862 - INFO - 
[1344/2000] Processing G.R. No. 196200
2025-12-06 14:40:38,862 - INFO -   Title: Ernesto Dy vs. Hon. Gina M. Bibat-Palamos, in her capacity a...
2025-12-06 14:40:39,100 - INFO -   ✓ Saved: RESTRUCTURED_DB/2013/sep/196200.json
2025-12-06 14:40:39,601 - INFO - 
[1345/2000] Processing G.R. No. 196529
2025-12-06 14:40:39,601 - INFO -   Title: William T. Go vs. Alberto T. Looyuko, substituted by his leg...
2025-12-06 14:40:39,839 - INFO -   ✓ Saved: RESTRUCTURED_DB/2013/jul/196529.json
2025-12-06 14:40:40,339 - INFO - 
[1346/2000] Processing G.R. No. 196573
2025-12-06 14:40:40,339 - INFO -   Title: Vicotorino Opinaldo vs. Narcisa Ravina...
2025-12-06 14:40:40,784 - INFO -   ✓ Saved: RESTRUCTURED_DB/2013/oct/196573.json
2025-12-06 14:40:41,284 - INFO - 
[1347/2000] Processing G.R. No. 196577
2025-12-06 14:40:41,284 - INFO -   Title: Land Bank of the Philippines vs. Barbara Sampaga Poblete...
2025-12-06 14:40:41,739 - INFO -   ✓ Saved: RESTRUCTURED_DB/2013/feb/196577.json
2025-12-06 14:40:42,239 - INFO - 
[1348/2000] Processing G.R. No. 196723
2025-12-06 14:40:42,239 - INFO -   Title: Asian Construction and Development Corporation vs. Sumitomo ...
2025-12-06 14:40:42,691 - INFO -   ✓ Saved: RESTRUCTURED_DB/2013/aug/196723.json
2025-12-06 14:40:43,191 - INFO - 
[1349/2000] Processing G.R. No. 196741
2025-12-06 14:40:43,191 - INFO -   Title: Philippine Tourism Authority (now known as Tourism Infrastru...
2025-12-06 14:40:43,429 - INFO -   ✓ Saved: RESTRUCTURED_DB/2013/jul/196741.json
2025-12-06 14:40:43,929 - INFO - 
[1350/2000] Processing G.R. No. 196842
2025-12-06 14:40:43,929 - INFO -   Title: Alfredo Romulo A. Busuego vs. Office of the Ombudsman (Minda...
2025-12-06 14:40:44,375 - INFO -   ✓ Saved: RESTRUCTURED_DB/2013/oct/196842.json
2025-12-06 14:40:44,875 - INFO - 
[1351/2000] Processing G.R. No. 196907
2025-12-06 14:40:44,875 - INFO -   Title: Nippon Express (Philippines) Corporation vs. Commissioner of...
2025-12-06 14:40:45,113 - INFO -   ✓ Saved: RESTRUCTURED_DB/2013/mar/196907.json
2025-12-06 14:40:45,614 - INFO - 
[1352/2000] Processing G.R. No. 196966
2025-12-06 14:40:45,614 - INFO -   Title: People of the Philippines vs. Michael Maongco y Yumonda, et ...
2025-12-06 14:40:46,057 - INFO -   ✓ Saved: RESTRUCTURED_DB/2013/oct/196966.json
2025-12-06 14:40:46,558 - INFO - 
[1353/2000] Processing G.R. No. 196973
2025-12-06 14:40:46,558 - INFO -   Title: People of the Philippines vs. Ruper Posing y Alayon...
2025-12-06 14:40:47,003 - INFO -   ✓ Saved: RESTRUCTURED_DB/2013/jul/196973.json
2025-12-06 14:40:47,503 - INFO - 
[1354/2000] Processing G.R. No. 197003
2025-12-06 14:40:47,503 - INFO -   Title: Nerie C. Serrano vs. Ambassador Hotel, Inc. and Yolanda Chan...
2025-12-06 14:40:47,948 - INFO -   ✓ Saved: RESTRUCTURED_DB/2013/feb/197003.json
2025-12-06 14:40:48,448 - INFO - 
[1355/2000] Processing G.R. No. 197028
2025-12-06 14:40:48,448 - INFO -   Title: Republic of the Philippines vs. Carmen Victoria Belmonte, re...
2025-12-06 14:40:48,892 - INFO -   ✓ Saved: RESTRUCTURED_DB/2013/oct/197028.json
2025-12-06 14:40:49,392 - INFO - 
[1356/2000] Processing G.R. No. 197039
2025-12-06 14:40:49,392 - INFO -   Title: People of the Philippines vs. Ariel Calara y Abalos...
2025-12-06 14:40:49,631 - INFO -   ✓ Saved: RESTRUCTURED_DB/2013/jun/197039.json
2025-12-06 14:40:50,131 - INFO - 
[1357/2000] Processing G.R. No. 197049
2025-12-06 14:40:50,131 - INFO -   Title: People of the Philippines vs. Maria Jenny Rea y Guevarra and...
2025-12-06 14:40:50,579 - INFO -   ✓ Saved: RESTRUCTURED_DB/2013/jun/197049.json
2025-12-06 14:40:51,079 - INFO - 
[1358/2000] Processing G.R. No. 197098
2025-12-06 14:40:51,079 - INFO -   Title: Loreli LIm Po vs. Department of the Justice, et al./Antonio ...
2025-12-06 14:40:52,013 - WARNING -   ✗ Could not fetch case from any URL
2025-12-06 14:40:52,013 - INFO - 
[1359/2000] Processing G.R. No. 197117
2025-12-06 14:40:52,013 - INFO -   Title: First Lepanto Taisho Insurance Corporation vs. Commissioner ...
2025-12-06 14:40:52,251 - INFO -   ✓ Saved: RESTRUCTURED_DB/2013/apr/197117.json
2025-12-06 14:40:52,751 - INFO - 
[1360/2000] Processing G.R. No. 197207
2025-12-06 14:40:52,751 - INFO -   Title: Benedicto Marquez y Rayos vs. People of the Philippines...
2025-12-06 14:40:52,988 - INFO -   ✓ Saved: RESTRUCTURED_DB/2013/mar/197207.json
2025-12-06 14:40:53,488 - INFO - 
[1361/2000] Processing G.R. No. 197250
2025-12-06 14:40:53,488 - INFO -   Title: People of the Philippines vs. Reynaldo "Andy" Somoza y Handa...
2025-12-06 14:40:53,932 - INFO -   ✓ Saved: RESTRUCTURED_DB/2013/jul/197250.json
2025-12-06 14:40:54,433 - INFO - 
[1362/2000] Processing G.R. No. 197291
2025-12-06 14:40:54,433 - INFO -   Title: Datu Andal Ampatuan, Jr. vs. Sec. Leila De Lima, as Secretar...
2025-12-06 14:40:54,671 - INFO -   ✓ Saved: RESTRUCTURED_DB/2013/apr/197291.json
2025-12-06 14:40:55,171 - INFO - 
[1363/2000] Processing G.R. No. 197353
2025-12-06 14:40:55,171 - INFO -   Title: Alexander B. Bañares vs. Tabaco Women's Transport Service Co...
2025-12-06 14:40:55,615 - INFO -   ✓ Saved: RESTRUCTURED_DB/2013/apr/197353.json
2025-12-06 14:40:56,116 - INFO - 
[1364/2000] Processing G.R. No. 197360
2025-12-06 14:40:56,116 - INFO -   Title: People of the Philippines vs. Ronald Credo, et al....
2025-12-06 14:40:56,560 - INFO -   ✓ Saved: RESTRUCTURED_DB/2013/jul/197360.json
2025-12-06 14:40:57,060 - INFO - 
[1365/2000] Processing G.R. No. 197363
2025-12-06 14:40:57,061 - INFO -   Title: People of the Philippines vs. Roman Zafra y Serrano...
2025-12-06 14:40:57,300 - INFO -   ✓ Saved: RESTRUCTURED_DB/2013/jun/197363.json
2025-12-06 14:40:57,801 - INFO - 
[1366/2000] Processing G.R. No. 197384
2025-12-06 14:40:57,801 - INFO -   Title: Sampaguita Auto Transport Corporation vs. National Labor Rel...
2025-12-06 14:40:58,040 - INFO -   ✓ Saved: RESTRUCTURED_DB/2013/jan/197384.json
2025-12-06 14:40:58,540 - INFO - 
[1367/2000] Processing G.R. No. 197450
2025-12-06 14:40:58,540 - INFO -   Title: Repbulic of the Philippines vs. Li Ching Chung, a.k.a. Berna...
2025-12-06 14:40:58,784 - INFO -   ✓ Saved: RESTRUCTURED_DB/2013/mar/197450.json
2025-12-06 14:40:59,284 - INFO - 
[1368/2000] Processing G.R. No. 197522
2025-12-06 14:40:59,284 - INFO -   Title: Eliseo V. Aguilar vs. Department of Justice, et al....
2025-12-06 14:40:59,728 - INFO -   ✓ Saved: RESTRUCTURED_DB/2013/sep/197522.json
2025-12-06 14:41:00,229 - INFO - 
[1369/2000] Processing G.R. No. 197537
2025-12-06 14:41:00,229 - INFO -   Title: People of the Philippines vs. Ninoy Rosales y Esto...
2025-12-06 14:41:00,467 - INFO -   ✓ Saved: RESTRUCTURED_DB/2013/jul/197537.json
2025-12-06 14:41:00,967 - INFO - 
[1370/2000] Processing G.R. No. 197550
2025-12-06 14:41:00,967 - INFO -   Title: People of the Philippines vs. Arturo Enriquez y Delos Reyes...
2025-12-06 14:41:01,411 - INFO -   ✓ Saved: RESTRUCTURED_DB/2013/sep/197550.json
2025-12-06 14:41:01,911 - INFO - 
[1371/2000] Processing G.R. No. 197592
2025-12-06 14:41:01,911 - INFO -   Title: The Province of Aklan vs. Jody King Construction and Develop...
2025-12-06 14:41:02,354 - INFO -   ✓ Saved: RESTRUCTURED_DB/2013/nov/197592.json
2025-12-06 14:41:02,855 - INFO - 
[1372/2000] Processing G.R. No. 197725
2025-12-06 14:41:02,855 - INFO -   Title: Mark Anthony Esteban (in substitution of the deceased Gabrie...
2025-12-06 14:41:03,093 - INFO -   ✓ Saved: RESTRUCTURED_DB/2013/jul/197725.json
2025-12-06 14:41:03,593 - INFO - 
[1373/2000] Processing G.R. No. 197789
2025-12-06 14:41:03,593 - INFO -   Title: PNOC-Energy Development Corp., et al. vs. Joselito L. Estrel...
2025-12-06 14:41:03,831 - INFO -   ✓ Saved: RESTRUCTURED_DB/2013/jul/197789.json
2025-12-06 14:41:04,332 - INFO - 
[1374/2000] Processing G.R. No. 197813
2025-12-06 14:41:04,332 - INFO -   Title: People of the Philippines vs. Edwin Ibanez y Albante, et al....
2025-12-06 14:41:04,786 - INFO -   ✓ Saved: RESTRUCTURED_DB/2013/sep/197813.json
2025-12-06 14:41:05,286 - INFO - 
[1375/2000] Processing G.R. No. 197832
2025-12-06 14:41:05,286 - INFO -   Title: Anita Ramirez vs. People of the Philippines...
2025-12-06 14:41:05,523 - INFO -   ✓ Saved: RESTRUCTURED_DB/2013/oct/197832.json
2025-12-06 14:41:06,023 - INFO - 
[1376/2000] Processing G.R. No. 197842
2025-12-06 14:41:06,024 - INFO -   Title: Jaime P. Adiano and Legaspi Towers 300, Inc. vs. Alberto Las...
2025-12-06 14:41:06,465 - INFO -   ✓ Saved: RESTRUCTURED_DB/2013/oct/197842.json
2025-12-06 14:41:06,966 - INFO - 
[1377/2000] Processing G.R. No. 197861
2025-12-06 14:41:06,966 - INFO -   Title: Spouses Florentino T. Mallari and Aurea V. Mallari vs. Prude...
2025-12-06 14:41:07,408 - INFO -   ✓ Saved: RESTRUCTURED_DB/2013/jun/197861.json
2025-12-06 14:41:07,908 - INFO - 
[1378/2000] Processing G.R. No. 197937
2025-12-06 14:41:07,908 - INFO -   Title: Film Development Council of the Philippines vs. SM Prime Hol...
2025-12-06 14:41:08,351 - INFO -   ✓ Saved: RESTRUCTURED_DB/2013/apr/197937.json
2025-12-06 14:41:08,852 - INFO - 
[1379/2000] Processing G.R. No. 198010
2025-12-06 14:41:08,852 - INFO -   Title: RP vs. Dr. Norma S. Lugsanay Uy...
2025-12-06 14:41:09,294 - INFO -   ✓ Saved: RESTRUCTURED_DB/2013/aug/198010.json
2025-12-06 14:41:09,795 - INFO - 
[1380/2000] Processing G.R. No. 198020
2025-12-06 14:41:09,795 - INFO -   Title: People of the Philippines vs. Joseph Barra...
2025-12-06 14:41:10,032 - INFO -   ✓ Saved: RESTRUCTURED_DB/2013/jul/198020.json
2025-12-06 14:41:10,532 - INFO - 
[1381/2000] Processing G.R. No. 198075
2025-12-06 14:41:10,533 - INFO -   Title: Koppel, Inc. vs. Makati Rotary Club Foundation, Inc....
2025-12-06 14:41:10,980 - INFO -   ✓ Saved: RESTRUCTURED_DB/2013/sep/198075.json
2025-12-06 14:41:11,480 - INFO - 
[1382/2000] Processing G.R. No. 198108
2025-12-06 14:41:11,481 - INFO -   Title: People of the Philippines vs. Roselito Taculod y Elle...
2025-12-06 14:41:11,719 - INFO -   ✓ Saved: RESTRUCTURED_DB/2013/dec/198108.json
2025-12-06 14:41:12,219 - INFO - 
[1383/2000] Processing G.R. No. 198110
2025-12-06 14:41:12,219 - INFO -   Title: People of the Philippines vs. Wilson Roman...
2025-12-06 14:41:12,664 - INFO -   ✓ Saved: RESTRUCTURED_DB/2013/jul/198110.json
2025-12-06 14:41:13,164 - INFO - 
[1384/2000] Processing G.R. No. 198113
2025-12-06 14:41:13,164 - INFO -   Title: People of the Philippines vs. Ferdinand Bautista y Sinaon...
2025-12-06 14:41:13,401 - INFO -   ✓ Saved: RESTRUCTURED_DB/2013/dec/198113.json
2025-12-06 14:41:13,901 - INFO - 
[1385/2000] Processing G.R. No. 198174
2025-12-06 14:41:13,901 - INFO -   Title: Alpha Insurance and Surety Co. vs. Arsenia Sonia Castor...
2025-12-06 14:41:14,344 - INFO -   ✓ Saved: RESTRUCTURED_DB/2013/sep/198174.json
2025-12-06 14:41:14,844 - INFO - 
[1386/2000] Processing G.R. No. 198240
2025-12-06 14:41:14,844 - INFO -   Title: Luisa Navarro Marcos vs. the Heirs of the late Dr. Andres Na...
2025-12-06 14:41:15,090 - INFO -   ✓ Saved: RESTRUCTURED_DB/2013/jul/198240.json
2025-12-06 14:41:15,590 - INFO - 
[1387/2000] Processing G.R. No. 198261
2025-12-06 14:41:15,590 - INFO -   Title: Hechanova Bugay Vilchez Lawyers, et al. vs. Atty. Leny O. Ma...
2025-12-06 14:41:16,044 - INFO -   ✓ Saved: RESTRUCTURED_DB/2013/oct/198261.json
2025-12-06 14:41:16,544 - INFO - 
[1388/2000] Processing G.R. No. 198318
2025-12-06 14:41:16,544 - INFO -   Title: People of the Philippines vs. PO2 Asir Gani y Alih, et al....
2025-12-06 14:41:16,997 - INFO -   ✓ Saved: RESTRUCTURED_DB/2013/nov/198318.json
2025-12-06 14:41:17,497 - INFO - 
[1389/2000] Processing G.R. No. 198338
2025-12-06 14:41:17,497 - INFO -   Title: People of the Philippines vs. P/Supt. Artemio E. Lamasen, et...
2025-12-06 14:41:17,734 - INFO -   ✓ Saved: RESTRUCTURED_DB/2013/nov/198338.json
2025-12-06 14:41:18,234 - INFO - 
[1390/2000] Processing G.R. No. 198338
2025-12-06 14:41:18,234 - INFO -   Title: People of the Philippines vs. P/Supt. Artemio E. Lamsen, et ...
2025-12-06 14:41:18,678 - INFO -   ✓ Saved: RESTRUCTURED_DB/2013/feb/198338.json
2025-12-06 14:41:19,179 - INFO - 
[1391/2000] Processing G.R. No. 198400
2025-12-06 14:41:19,179 - INFO -   Title: Fe Abella Y Perpetua vs. People of the Philippines...
2025-12-06 14:41:19,623 - INFO -   ✓ Saved: RESTRUCTURED_DB/2013/oct/198400.json
2025-12-06 14:41:20,123 - INFO - 
[1392/2000] Processing G.R. No. 198444
2025-12-06 14:41:20,123 - INFO -   Title: Citibank, N.A. and the Citigroup Private Bank vs. Ester H. T...
2025-12-06 14:41:20,567 - INFO -   ✓ Saved: RESTRUCTURED_DB/2013/sep/198444.json
2025-12-06 14:41:21,067 - INFO - 
[1393/2000] Processing G.R. No. 198457
2025-12-06 14:41:21,067 - INFO -   Title: Filomena G. Delos Santos, Josefa A. Bacaltos, Nelanie A. Ant...
2025-12-06 14:41:22,002 - WARNING -   ✗ Could not fetch case from any URL
2025-12-06 14:41:22,002 - INFO - 
[1394/2000] Processing G.R. No. 198501
2025-12-06 14:41:22,002 - INFO -   Title: Kestrel Shipping Co., Inc./Capt. Amador P. Servillon and Atl...
2025-12-06 14:41:22,446 - INFO -   ✓ Saved: RESTRUCTURED_DB/2013/jan/198501.json
2025-12-06 14:41:22,946 - INFO - 
[1395/2000] Processing G.R. No. 198534
2025-12-06 14:41:22,946 - INFO -   Title: Jenny F. Peckson vs. Robinsons Supermarket Corporation, Jody...
2025-12-06 14:41:23,389 - INFO -   ✓ Saved: RESTRUCTURED_DB/2013/jul/198534.json
2025-12-06 14:41:23,889 - INFO - 
[1396/2000] Processing G.R. No. 198660
2025-12-06 14:41:23,889 - INFO -   Title: Ting Ting Pua vs. Spouses Benito Lo Bun Tiong and Caroline S...
2025-12-06 14:41:24,334 - INFO -   ✓ Saved: RESTRUCTURED_DB/2013/oct/198660.json
2025-12-06 14:41:24,834 - INFO - 
[1397/2000] Processing G.R. No. 198682
2025-12-06 14:41:24,835 - INFO -   Title: Francisco C. Adalim vs. Ernesto Taninas, et al....
2025-12-06 14:41:25,081 - INFO -   ✓ Saved: RESTRUCTURED_DB/2013/apr/198682.json
2025-12-06 14:41:25,582 - INFO - 
[1398/2000] Processing G.R. No. 198694
2025-12-06 14:41:25,582 - INFO -   Title: Ramon Martinez y Goco/Ramon Goco y Martinez vs. People of th...
2025-12-06 14:41:25,819 - INFO -   ✓ Saved: RESTRUCTURED_DB/2013/feb/198694.json
2025-12-06 14:41:26,320 - INFO - 
[1399/2000] Processing G.R. No. 198699
2025-12-06 14:41:26,320 - INFO -   Title: Rexie A. Hormillosa vs. Coca-Cola Bottlers Phils., Inc....
2025-12-06 14:41:26,763 - INFO -   ✓ Saved: RESTRUCTURED_DB/2013/oct/198699.json
2025-12-06 14:41:27,264 - INFO - 
[1400/2000] Processing G.R. No. 198718
2025-12-06 14:41:27,264 - INFO -   Title: Spouses Teodoro and Rosario Saraza, et al. vs. William Franc...
2025-12-06 14:41:27,502 - INFO -   ✓ Saved: RESTRUCTURED_DB/2013/nov/198718.json
2025-12-06 14:41:28,002 - INFO - 
[1401/2000] Processing G.R. No. 198755
2025-12-06 14:41:28,002 - INFO -   Title: Albert Pat-Og, Sr. vs. Civil Service Commission...
2025-12-06 14:41:28,445 - INFO -   ✓ Saved: RESTRUCTURED_DB/2013/jun/198755.json
2025-12-06 14:41:28,945 - INFO - 
[1402/2000] Processing G.R. No. 198759
2025-12-06 14:41:28,945 - INFO -   Title: Philippine Airlines, Inc. vs. Commissioner of Internal Reven...
2025-12-06 14:41:29,391 - INFO -   ✓ Saved: RESTRUCTURED_DB/2013/jul/198759.json
2025-12-06 14:41:29,891 - INFO - 
[1403/2000] Processing G.R. No. 198780
2025-12-06 14:41:29,891 - INFO -   Title: Republic of the Philippines vs. Liberty D. Albios...
2025-12-06 14:41:30,129 - INFO -   ✓ Saved: RESTRUCTURED_DB/2013/oct/198780.json
2025-12-06 14:41:30,629 - INFO - 
[1404/2000] Processing G.R. No. 198783
2025-12-06 14:41:30,629 - INFO -   Title: Royal Plant workers Union vs. Coca-Cola Bottlers Philippines...
2025-12-06 14:41:31,073 - INFO -   ✓ Saved: RESTRUCTURED_DB/2013/apr/198783.json
2025-12-06 14:41:31,574 - INFO - 
[1405/2000] Processing G.R. No. 198789
2025-12-06 14:41:31,574 - INFO -   Title: People of the Philippines vs. Reggie Bernardo...
2025-12-06 14:41:31,818 - INFO -   ✓ Saved: RESTRUCTURED_DB/2013/jun/198789.json
2025-12-06 14:41:32,318 - INFO - 
[1406/2000] Processing G.R. No. 198794
2025-12-06 14:41:32,318 - INFO -   Title: People of the Philippines vs. Victor De Jesus y Garcia...
2025-12-06 14:41:32,766 - INFO -   ✓ Saved: RESTRUCTURED_DB/2013/feb/198794.json
2025-12-06 14:41:33,267 - INFO - 
[1407/2000] Processing G.R. No. 198800
2025-12-06 14:41:33,267 - INFO -   Title: Jose T. Ramirez vs. the Manila Banking Corporation...
2025-12-06 14:41:33,517 - INFO -   ✓ Saved: RESTRUCTURED_DB/2013/dec/198800.json
2025-12-06 14:41:34,017 - INFO - 
[1408/2000] Processing G.R. No. 198904
2025-12-06 14:41:34,017 - INFO -   Title: Delia Ines Ringor vs. People of the Philippines...
2025-12-06 14:41:34,460 - INFO -   ✓ Saved: RESTRUCTURED_DB/2013/dec/198904.json
2025-12-06 14:41:34,960 - INFO - 
[1409/2000] Processing G.R. No. 198935
2025-12-06 14:41:34,960 - INFO -   Title: Maynilad Water Supervisors Association, represented by Rober...
2025-12-06 14:41:35,403 - INFO -   ✓ Saved: RESTRUCTURED_DB/2013/nov/198935.json
2025-12-06 14:41:35,903 - INFO - 
[1410/2000] Processing G.R. No. 199067
2025-12-06 14:41:35,903 - INFO -   Title: Nissan Gallery-Ortigas vs. Purification F. Felipe...
2025-12-06 14:41:36,150 - INFO -   ✓ Saved: RESTRUCTURED_DB/2013/nov/199067.json
2025-12-06 14:41:36,650 - INFO - 
[1411/2000] Processing G.R. No. 199082
2025-12-06 14:41:36,650 - INFO -   Title: Jose Miguel T. Arroyo vs. Department of Justice, et al./Benj...
2025-12-06 14:41:37,788 - INFO -   ✓ Saved: RESTRUCTURED_DB/2013/jul/199082.json
2025-12-06 14:41:38,288 - INFO - 
[1412/2000] Processing G.R. No. 199114
2025-12-06 14:41:38,288 - INFO -   Title: Rosalinda Dimapilis-Baldoz, in her capacity as then Administ...
2025-12-06 14:41:38,732 - INFO -   ✓ Saved: RESTRUCTURED_DB/2013/jul/199114.json
2025-12-06 14:41:39,232 - INFO - 
[1413/2000] Processing G.R. No. 199149
2025-12-06 14:41:39,232 - INFO -   Title: Liwayway Vinzons-Chato vs. House of Representatives Electora...
2025-12-06 14:41:39,679 - INFO -   ✓ Saved: RESTRUCTURED_DB/2013/jan/199149.json
2025-12-06 14:41:40,179 - INFO - 
[1414/2000] Processing G.R. No. 199199
2025-12-06 14:41:40,179 - INFO -   Title: Maricris D. Dolot, Chairman of the Bagong Alyansang Makabaya...
2025-12-06 14:41:40,418 - INFO -   ✓ Saved: RESTRUCTURED_DB/2013/aug/199199.json
2025-12-06 14:41:40,918 - INFO - 
[1415/2000] Processing G.R. No. 199210
2025-12-06 14:41:40,919 - INFO -   Title: People of the Philippines vs. Ricardo M. Vidaña...
2025-12-06 14:41:41,157 - INFO -   ✓ Saved: RESTRUCTURED_DB/2013/oct/199210.json
2025-12-06 14:41:41,657 - INFO - 
[1416/2000] Processing G.R. No. 199219
2025-12-06 14:41:41,657 - INFO -   Title: People of the Philippines vs. Gerry Octavio y Florendo and R...
2025-12-06 14:41:42,100 - INFO -   ✓ Saved: RESTRUCTURED_DB/2013/apr/199219.json
2025-12-06 14:41:42,600 - INFO - 
[1417/2000] Processing G.R. No. 199294
2025-12-06 14:41:42,600 - INFO -   Title: Ralph Lito W. Lopez vs. People of the Philippines...
2025-12-06 14:41:43,044 - INFO -   ✓ Saved: RESTRUCTURED_DB/2013/jul/199294.json
2025-12-06 14:41:43,545 - INFO - 
[1418/2000] Processing G.R. No. 199338
2025-12-06 14:41:43,545 - INFO -   Title: Eleazar S. Padillo vs. Rural Bank of Nabunturan, Inc., et al...
2025-12-06 14:41:43,784 - INFO -   ✓ Saved: RESTRUCTURED_DB/2013/jan/199338.json
2025-12-06 14:41:44,284 - INFO - 
[1419/2000] Processing G.R. No. 199354
2025-12-06 14:41:44,284 - INFO -   Title: Wilson T. Go vs. BPI Finance Corporation...
2025-12-06 14:41:44,521 - INFO -   ✓ Saved: RESTRUCTURED_DB/2013/jun/199354.json
2025-12-06 14:41:45,021 - INFO - 
[1420/2000] Processing G.R. No. 199494
2025-12-06 14:41:45,022 - INFO -   Title: People of the Philippines vs. Welmo Linsie y Benevidez...
2025-12-06 14:41:45,473 - INFO -   ✓ Saved: RESTRUCTURED_DB/2013/nov/199494.json
2025-12-06 14:41:45,973 - INFO - 
[1421/2000] Processing G.R. No. 199501
2025-12-06 14:41:45,973 - INFO -   Title: Republic of the Philippines rep. by the Regional Executive D...
2025-12-06 14:41:46,422 - INFO -   ✓ Saved: RESTRUCTURED_DB/2013/mar/199501.json
2025-12-06 14:41:46,922 - INFO - 
[1422/2000] Processing G.R. No. 199612
2025-12-06 14:41:46,922 - INFO -   Title: Renato M. Federico vs. Commission on Elections, COMELEC Exec...
2025-12-06 14:41:47,368 - INFO -   ✓ Saved: RESTRUCTURED_DB/2013/jan/199612.json
2025-12-06 14:41:47,868 - INFO - 
[1423/2000] Processing G.R. No. 199650
2025-12-06 14:41:47,868 - INFO -   Title: J Plus Asia Development Corporation vs. Utility Assurance Co...
2025-12-06 14:41:48,313 - INFO -   ✓ Saved: RESTRUCTURED_DB/2013/jun/199650.json
2025-12-06 14:41:48,813 - INFO - 
[1424/2000] Processing G.R. No. 199713
2025-12-06 14:41:48,813 - INFO -   Title: People of the Philippines vs. Mark Joseph R. Zapuiz...
2025-12-06 14:41:49,051 - INFO -   ✓ Saved: RESTRUCTURED_DB/2013/feb/199713.json
2025-12-06 14:41:49,551 - INFO - 
[1425/2000] Processing G.R. No. 199781
2025-12-06 14:41:49,551 - INFO -   Title: Licomcen, Inc. vs. Engr. Salvador Abainza, etc....
2025-12-06 14:41:49,802 - INFO -   ✓ Saved: RESTRUCTURED_DB/2013/feb/199781.json
2025-12-06 14:41:50,302 - INFO - 
[1426/2000] Processing G.R. No. 199868
2025-12-06 14:41:50,302 - INFO -   Title: People of the Philippines vs. Dalton Laurian, Jr. y Pugsot...
2025-12-06 14:41:50,747 - INFO -   ✓ Saved: RESTRUCTURED_DB/2013/dec/199868.json
2025-12-06 14:41:51,247 - INFO - 
[1427/2000] Processing G.R. No. 199890
2025-12-06 14:41:51,247 - INFO -   Title: Jerome M. Daabay vs. Coca Cola Bottlers Phils., Inc....
2025-12-06 14:41:51,485 - INFO -   ✓ Saved: RESTRUCTURED_DB/2013/aug/199890.json
2025-12-06 14:41:51,985 - INFO - 
[1428/2000] Processing G.R. No. 199901
2025-12-06 14:41:51,985 - INFO -   Title: People of the Philippines vs. Garyzaldy Guzon...
2025-12-06 14:41:52,430 - INFO -   ✓ Saved: RESTRUCTURED_DB/2013/oct/199901.json
2025-12-06 14:41:52,931 - INFO - 
[1429/2000] Processing G.R. No. 199932
2025-12-06 14:41:52,931 - INFO -   Title: Camilo A. Esguerra vs. United Philippines Lines, Inc., et al...
2025-12-06 14:41:53,178 - INFO -   ✓ Saved: RESTRUCTURED_DB/2013/jul/199932.json
2025-12-06 14:41:53,678 - INFO - 
[1430/2000] Processing G.R. No. 199938
2025-12-06 14:41:53,678 - INFO -   Title: People of the Philippines vs. Camaloding Laba y Samanoding...
2025-12-06 14:41:53,916 - INFO -   ✓ Saved: RESTRUCTURED_DB/2013/jan/199938.json
2025-12-06 14:41:54,416 - INFO - 
[1431/2000] Processing G.R. No. 200029
2025-12-06 14:41:54,416 - INFO -   Title: People of the Philippines vs. Basilio Villarmea y Echavez, e...
2025-12-06 14:41:54,859 - INFO -   ✓ Saved: RESTRUCTURED_DB/2013/nov/200029.json
2025-12-06 14:41:55,359 - INFO - 
[1432/2000] Processing G.R. No. 200053
2025-12-06 14:41:55,359 - INFO -   Title: People of the Philippines vs. Alfredo Jose y Lagua alias "Jo...
2025-12-06 14:41:55,804 - INFO -   ✓ Saved: RESTRUCTURED_DB/2013/oct/200053.json
2025-12-06 14:41:56,304 - INFO - 
[1433/2000] Processing G.R. No. 200080
2025-12-06 14:41:56,304 - INFO -   Title: People of the Philippines vs. Marvin Cayanan...
2025-12-06 14:41:56,541 - INFO -   ✓ Saved: RESTRUCTURED_DB/2013/sep/200080.json
2025-12-06 14:41:57,041 - INFO - 
[1434/2000] Processing G.R. No. 200090
2025-12-06 14:41:57,041 - INFO -   Title: Erlinda c. San Mateo vs. People of the Philippines...
2025-12-06 14:41:57,483 - INFO -   ✓ Saved: RESTRUCTURED_DB/2013/mar/200090.json
2025-12-06 14:41:57,984 - INFO - 
[1435/2000] Processing G.R. No. 200094
2025-12-06 14:41:57,984 - INFO -   Title: Benigno M. Vigilla, Alfonso M. Bognot, et al. vs. Philippine...
2025-12-06 14:41:58,428 - INFO -   ✓ Saved: RESTRUCTURED_DB/2013/jun/200094.json
2025-12-06 14:41:58,928 - INFO - 
[1436/2000] Processing G.R. No. 200165
2025-12-06 14:41:58,928 - INFO -   Title: People of the Philippines vs. Reynaldo Nacua, et al. accused...
2025-12-06 14:41:59,372 - INFO -   ✓ Saved: RESTRUCTURED_DB/2013/jan/200165.json
2025-12-06 14:41:59,873 - INFO - 
[1437/2000] Processing G.R. No. 200173
2025-12-06 14:41:59,873 - INFO -   Title: Sps. Esmeraldo D. Vallido and Arsenia M. Vallido, rep. by At...
2025-12-06 14:42:00,115 - INFO -   ✓ Saved: RESTRUCTURED_DB/2013/apr/200173.json
2025-12-06 14:42:00,616 - INFO - 
[1438/2000] Processing G.R. No. 200222
2025-12-06 14:42:00,616 - INFO -   Title: Integrated Mircoelectronics, Inc. vs. Adonis A. Pionilla...
2025-12-06 14:42:00,859 - INFO -   ✓ Saved: RESTRUCTURED_DB/2013/aug/200222.json
2025-12-06 14:42:01,359 - INFO - 
[1439/2000] Processing G.R. No. 200289
2025-12-06 14:42:01,359 - INFO -   Title: Westwind Corporation vs. UCPB General Insurance Co., Inc. an...
2025-12-06 14:42:01,803 - INFO -   ✓ Saved: RESTRUCTURED_DB/2013/nov/200289.json
2025-12-06 14:42:02,303 - INFO - 
[1440/2000] Processing G.R. No. 200329
2025-12-06 14:42:02,303 - INFO -   Title: People of the Philippines vs. Ricardo Piosang...
2025-12-06 14:42:02,747 - INFO -   ✓ Saved: RESTRUCTURED_DB/2013/jun/200329.json
2025-12-06 14:42:03,247 - INFO - 
[1441/2000] Processing G.R. No. 200507
2025-12-06 14:42:03,247 - INFO -   Title: People of the Philippines vs. Peter Linda y Garolaga...
2025-12-06 14:42:03,694 - INFO -   ✓ Saved: RESTRUCTURED_DB/2013/jun/200507.json
2025-12-06 14:42:04,194 - INFO - 
[1442/2000] Processing G.R. No. 200508
2025-12-06 14:42:04,194 - INFO -   Title: People of the Philippines vs. Christopher Rivera y Royo...
2025-12-06 14:42:04,639 - INFO -   ✓ Saved: RESTRUCTURED_DB/2013/sep/200508.json
2025-12-06 14:42:05,139 - INFO - 
[1443/2000] Processing G.R. No. 200515
2025-12-06 14:42:05,139 - INFO -   Title: People of the Philippines vs. Lino Paldo...
2025-12-06 14:42:05,590 - INFO -   ✓ Saved: RESTRUCTURED_DB/2013/dec/200515.json
2025-12-06 14:42:06,090 - INFO - 
[1444/2000] Processing G.R. No. 200602
2025-12-06 14:42:06,090 - INFO -   Title: ACE Foods, Inc. vs. Micro Pacific Technologies Co., Ltd....
2025-12-06 14:42:06,329 - INFO -   ✓ Saved: RESTRUCTURED_DB/2013/dec/200602.json
2025-12-06 14:42:06,829 - INFO - 
[1445/2000] Processing G.R. No. 200667
2025-12-06 14:42:06,829 - INFO -   Title: Rural Bank of Sta. Barbara (Iloilo), Inc. vs. Gerry Centeno...
2025-12-06 14:42:07,067 - INFO -   ✓ Saved: RESTRUCTURED_DB/2013/mar/200667.json
2025-12-06 14:42:07,568 - INFO - 
[1446/2000] Processing G.R. No. 200713
2025-12-06 14:42:07,568 - INFO -   Title: Mario Reyes vs. Heirs of Pablo Floro...
2025-12-06 14:42:08,013 - INFO -   ✓ Saved: RESTRUCTURED_DB/2013/dec/200713.json
2025-12-06 14:42:08,513 - INFO - 
[1447/2000] Processing G.R. No. 200740
2025-12-06 14:42:08,513 - INFO -   Title: Land Transprotation Franchising and Regulatory Board, et al....
2025-12-06 14:42:08,962 - INFO -   ✓ Saved: RESTRUCTURED_DB/2013/oct/200740.json
2025-12-06 14:42:09,462 - INFO - 
[1448/2000] Processing G.R. No. 200784
2025-12-06 14:42:09,462 - INFO -   Title: Malayan Insurance Company, Inc. vs. PAP co., Ltd. (Philippin...
2025-12-06 14:42:09,907 - INFO -   ✓ Saved: RESTRUCTURED_DB/2013/aug/200784.json
2025-12-06 14:42:10,407 - INFO - 
[1449/2000] Processing G.R. No. 200858
2025-12-06 14:42:10,407 - INFO -   Title: National Houseing Authority vs. Corazon B. Baello, et al....
2025-12-06 14:42:10,646 - INFO -   ✓ Saved: RESTRUCTURED_DB/2013/aug/200858.json
2025-12-06 14:42:11,146 - INFO - 
[1450/2000] Processing G.R. No. 200882
2025-12-06 14:42:11,146 - INFO -   Title: People of the Philippines vs. Abel Diaz...
2025-12-06 14:42:11,395 - INFO -   ✓ Saved: RESTRUCTURED_DB/2013/jun/200882.json
2025-12-06 14:42:11,896 - INFO - 
[1451/2000] Processing G.R. No. 200895
2025-12-06 14:42:11,896 - INFO -   Title: Rolando M. Mendiola vs. Commerz Trading Int'l., Inc....
2025-12-06 14:42:12,141 - INFO -   ✓ Saved: RESTRUCTURED_DB/2013/jul/200895.json
2025-12-06 14:42:12,642 - INFO - 
[1452/2000] Processing G.R. No. 201103
2025-12-06 14:42:12,642 - INFO -   Title: People of the Philippines vs. Jimmy Cedenio y Peralta...
2025-12-06 14:42:12,878 - INFO -   ✓ Saved: RESTRUCTURED_DB/2013/sep/201103.json
2025-12-06 14:42:13,378 - INFO - 
[1453/2000] Processing G.R. No. 201105
2025-12-06 14:42:13,379 - INFO -   Title: People of the Philippines vs. Natalio Hilarion y Laliag...
2025-12-06 14:42:13,821 - INFO -   ✓ Saved: RESTRUCTURED_DB/2013/nov/201105.json
2025-12-06 14:42:14,321 - INFO - 
[1454/2000] Processing G.R. No. 201109
2025-12-06 14:42:14,321 - INFO -   Title: People of the Philippines vs. Jovi Pornillos y Hallare...
2025-12-06 14:42:14,558 - INFO -   ✓ Saved: RESTRUCTURED_DB/2013/oct/201109.json
2025-12-06 14:42:15,058 - INFO - 
[1455/2000] Processing G.R. No. 201167
2025-12-06 14:42:15,058 - INFO -   Title: Gotesco Properties, Inc., et al. vs. Sps. Eugenio and Angeli...
2025-12-06 14:42:15,502 - INFO -   ✓ Saved: RESTRUCTURED_DB/2013/feb/201167.json
2025-12-06 14:42:16,003 - INFO - 
[1456/2000] Processing G.R. No. 201199
2025-12-06 14:42:16,003 - INFO -   Title: Steel Corporation of the Philippines vs. Mapfre Insular Insu...
2025-12-06 14:42:16,446 - INFO -   ✓ Saved: RESTRUCTURED_DB/2013/oct/201199.json
2025-12-06 14:42:16,947 - INFO - 
[1457/2000] Processing G.R. No. 201251
2025-12-06 14:42:16,947 - INFO -   Title: Inter-Orient Maritime, Inc. and/or Tankoil Carriers, Ltd. vs...
2025-12-06 14:42:17,186 - INFO -   ✓ Saved: RESTRUCTURED_DB/2013/jun/201251.json
2025-12-06 14:42:17,686 - INFO - 
[1458/2000] Processing G.R. No. 201302
2025-12-06 14:42:17,686 - INFO -   Title: Hygienic Packaging Corp. vs. Nutri-Asia, Inc. Doing Business...
2025-12-06 14:42:18,622 - WARNING -   ✗ Could not fetch case from any URL
2025-12-06 14:42:18,622 - INFO - 
[1459/2000] Processing G.R. No. 201326
2025-12-06 14:42:18,622 - INFO -   Title: Sitel Philippines Corporation vs. Commissioner of Internal R...
2025-12-06 14:42:19,557 - WARNING -   ✗ Could not fetch case from any URL
2025-12-06 14:42:19,557 - INFO - 
[1460/2000] Processing G.R. No. 201363
2025-12-06 14:42:19,557 - INFO -   Title: People of the Philippines vs. Nazareno Villareal y Lualhati...
2025-12-06 14:42:19,795 - INFO -   ✓ Saved: RESTRUCTURED_DB/2013/mar/201363.json
2025-12-06 14:42:20,295 - INFO - 
[1461/2000] Processing G.R. No. 201443
2025-12-06 14:42:20,296 - INFO -   Title: People of the Philippines vs. Betty Salvador y Tabios, et al...
2025-12-06 14:42:20,954 - INFO -   ✓ Saved: RESTRUCTURED_DB/2013/apr/201443.json
2025-12-06 14:42:21,454 - INFO - 
[1462/2000] Processing G.R. No. 201445
2025-12-06 14:42:21,454 - INFO -   Title: People of the Philippines vs. Hermenigildo Maglente y Medina...
2025-12-06 14:42:21,694 - INFO -   ✓ Saved: RESTRUCTURED_DB/2013/nov/201445.json
2025-12-06 14:42:22,194 - INFO - 
[1463/2000] Processing G.R. No. 201447
2025-12-06 14:42:22,194 - INFO -   Title: People of the Philippines vs. Anastacio Amistoso y Broca...
2025-12-06 14:42:22,434 - INFO -   ✓ Saved: RESTRUCTURED_DB/2013/aug/201447.json
2025-12-06 14:42:22,934 - INFO - 
[1464/2000] Processing G.R. No. 201447
2025-12-06 14:42:22,934 - INFO -   Title: People of the Philippines vs. Anastacio Amistoso y Broca...
2025-12-06 14:42:23,379 - INFO -   ✓ Saved: RESTRUCTURED_DB/2013/jan/201447.json
2025-12-06 14:42:23,879 - INFO - 
[1465/2000] Processing G.R. No. 201449
2025-12-06 14:42:23,879 - INFO -   Title: People of the Philippines vs. Welvin Diu y Kotsesa, et al....
2025-12-06 14:42:24,334 - INFO -   ✓ Saved: RESTRUCTURED_DB/2013/apr/201449.json
2025-12-06 14:42:24,834 - INFO - 
[1466/2000] Processing G.R. No. 201620
2025-12-06 14:42:24,834 - INFO -   Title: Ramoncita O. Senador vs. People of the Philippines...
2025-12-06 14:42:25,085 - INFO -   ✓ Saved: RESTRUCTURED_DB/2013/mar/201620.json
2025-12-06 14:42:25,585 - INFO - 
[1467/2000] Processing G.R. No. 201620
2025-12-06 14:42:25,585 - INFO -   Title: Ramoncito O. Senador vs. People of the Philippines and Cynth...
2025-12-06 14:42:25,823 - INFO -   Case already exists: RESTRUCTURED_DB/2013/mar/201620.json
2025-12-06 14:42:26,323 - INFO - 
[1468/2000] Processing G.R. No. 201672
2025-12-06 14:42:26,324 - INFO -   Title: Cesar G. Manalo vs. Commission on Electons, DILG and Ernesto...
2025-12-06 14:42:26,767 - INFO -   ✓ Saved: RESTRUCTURED_DB/2013/aug/201672.json
2025-12-06 14:42:27,267 - INFO - 
[1469/2000] Processing G.R. No. 201675
2025-12-06 14:42:27,267 - INFO -   Title: Juanito Ang, for and in behalf of Sunrise Marketing (Bacolod...
2025-12-06 14:42:27,711 - INFO -   ✓ Saved: RESTRUCTURED_DB/2013/jun/201675.json
2025-12-06 14:42:28,212 - INFO - 
[1470/2000] Processing G.R. No. 201715
2025-12-06 14:42:28,212 - INFO -   Title: Republic of the Philippines vs. Manila Electric Company (MER...
2025-12-06 14:42:28,655 - INFO -   ✓ Saved: RESTRUCTURED_DB/2013/dec/201715.json
2025-12-06 14:42:29,155 - INFO - 
[1471/2000] Processing G.R. No. 201723
2025-12-06 14:42:29,155 - INFO -   Title: People of the Philippines vs. Percival Dela rosa y Bayer...
2025-12-06 14:42:29,392 - INFO -   ✓ Saved: RESTRUCTURED_DB/2013/jun/201723.json
2025-12-06 14:42:29,893 - INFO - 
[1472/2000] Processing G.R. No. 201728
2025-12-06 14:42:29,893 - INFO -   Title: People of the Philippines vs. Marvin Cruz...
2025-12-06 14:42:30,336 - INFO -   ✓ Saved: RESTRUCTURED_DB/2013/jul/201728.json
2025-12-06 14:42:30,836 - INFO - 
[1473/2000] Processing G.R. No. 201787
2025-12-06 14:42:30,836 - INFO -   Title: Analita P. Inocencion, substituting for Ramon Inocencion (de...
2025-12-06 14:42:31,280 - INFO -   ✓ Saved: RESTRUCTURED_DB/2013/sep/201787.json
2025-12-06 14:42:31,780 - INFO - 
[1474/2000] Processing G.R. No. 201816
2025-12-06 14:42:31,780 - INFO -   Title: Heirs of Faustino Mesina and Genoveva S. Mesina, rep. by Nor...
2025-12-06 14:42:32,018 - INFO -   ✓ Saved: RESTRUCTURED_DB/2013/apr/201816.json
2025-12-06 14:42:32,518 - INFO - 
[1475/2000] Processing G.R. No. 201845
2025-12-06 14:42:32,518 - INFO -   Title: People of the Philippines vs. Edgardo Adrid y Flores...
2025-12-06 14:42:32,963 - INFO -   ✓ Saved: RESTRUCTURED_DB/2013/mar/201845.json
2025-12-06 14:42:33,463 - INFO - 
[1476/2000] Processing G.R. No. 202020
2025-12-06 14:42:33,464 - INFO -   Title: Mike Alvin Pielago y Ros vs. People of the Philippines...
2025-12-06 14:42:33,702 - INFO -   ✓ Saved: RESTRUCTURED_DB/2013/mar/202020.json
2025-12-06 14:42:34,202 - INFO - 
[1477/2000] Processing G.R. No. 202060
2025-12-06 14:42:34,203 - INFO -   Title: People of the Philippines vs. Ferdinand Banzuela...
2025-12-06 14:42:34,648 - INFO -   ✓ Saved: RESTRUCTURED_DB/2013/dec/202060.json
2025-12-06 14:42:35,149 - INFO - 
[1478/2000] Processing G.R. No. 202079
2025-12-06 14:42:35,149 - INFO -   Title: Fil-Estate Gold and Development, Inc., et al. vs. Vertex Sal...
2025-12-06 14:42:35,386 - INFO -   ✓ Saved: RESTRUCTURED_DB/2013/jun/202079.json
2025-12-06 14:42:35,886 - INFO - 
[1479/2000] Processing G.R. No. 202158
2025-12-06 14:42:35,886 - INFO -   Title: Eric Alvarez (deceased) sbustituted by Elizabeth Alvarez-Cas...
2025-12-06 14:42:36,330 - INFO -   ✓ Saved: RESTRUCTURED_DB/2013/sep/202158.json
2025-12-06 14:42:36,830 - INFO - 
[1480/2000] Processing G.R. No. 202202
2025-12-06 14:42:36,830 - INFO -   Title: Silverio R. Tagolino vs. House of Representatives Electoral ...
2025-12-06 14:42:37,484 - INFO -   ✓ Saved: RESTRUCTURED_DB/2013/mar/202202.json
2025-12-06 14:42:37,984 - INFO - 
[1481/2000] Processing G.R. No. 202205
2025-12-06 14:42:37,984 - INFO -   Title: Forest Hills Golf & Country Club vs. Vertex Sales and Tradin...
2025-12-06 14:42:38,222 - INFO -   ✓ Saved: RESTRUCTURED_DB/2013/mar/202205.json
2025-12-06 14:42:38,722 - INFO - 
[1482/2000] Processing G.R. No. 202243
2025-12-06 14:42:38,722 - INFO -   Title: Romulo L. Neri vs. Sandiganbayan and People of the Philippin...
2025-12-06 14:42:39,166 - INFO -   ✓ Saved: RESTRUCTURED_DB/2013/aug/202243.json
2025-12-06 14:42:39,667 - INFO - 
[1483/2000] Processing G.R. No. 202247
2025-12-06 14:42:39,667 - INFO -   Title: Sime Darby Pilipinas, Inc. vs. Jesus B. Mendoza...
2025-12-06 14:42:40,109 - INFO -   ✓ Saved: RESTRUCTURED_DB/2013/jun/202247.json
2025-12-06 14:42:40,610 - INFO - 
[1484/2000] Processing G.R. No. 202358
2025-12-06 14:42:40,610 - INFO -   Title: Gatchalian Realty, Inc. vs. Evelyn M. Angeles...
2025-12-06 14:42:41,055 - INFO -   ✓ Saved: RESTRUCTURED_DB/2013/nov/202358.json
2025-12-06 14:42:41,555 - INFO - 
[1485/2000] Processing G.R. No. 202370
2025-12-06 14:42:41,556 - INFO -   Title: Juan Sevilla Salas, Jr. Eden Villena Aguila...
2025-12-06 14:42:41,794 - INFO -   ✓ Saved: RESTRUCTURED_DB/2013/sep/202370.json
2025-12-06 14:42:42,294 - INFO - 
[1486/2000] Processing G.R. No. 202423
2025-12-06 14:42:42,294 - INFO -   Title: Chester Uyco, et al. vs. Vicente Lo...
2025-12-06 14:42:42,531 - INFO -   ✓ Saved: RESTRUCTURED_DB/2013/jan/202423.json
2025-12-06 14:42:43,031 - INFO - 
[1487/2000] Processing G.R. No. 202651
2025-12-06 14:42:43,031 - INFO -   Title: Lucena B. Rallos vs. City of Cebu, et al....
2025-12-06 14:42:43,485 - INFO -   ✓ Saved: RESTRUCTURED_DB/2013/aug/202651.json
2025-12-06 14:42:43,985 - INFO - 
[1488/2000] Processing G.R. No. 202690
2025-12-06 14:42:43,985 - INFO -   Title: Henry L. Sy vs. Local Government of Quezon City...
2025-12-06 14:42:44,226 - INFO -   ✓ Saved: RESTRUCTURED_DB/2013/jun/202690.json
2025-12-06 14:42:44,726 - INFO - 
[1489/2000] Processing G.R. No. 202791
2025-12-06 14:42:44,727 - INFO -   Title: Philippine Transmarine Carriers, Inc. vs. Leandro Legaspi...
2025-12-06 14:42:44,965 - INFO -   ✓ Saved: RESTRUCTURED_DB/2013/jun/202791.json
2025-12-06 14:42:45,465 - INFO - 
[1490/2000] Processing G.R. No. 202842
2025-12-06 14:42:45,465 - INFO -   Title: People of the Philippines vs. Florentino Galagar, Jr....
2025-12-06 14:42:45,908 - INFO -   ✓ Saved: RESTRUCTURED_DB/2013/oct/202842.json
2025-12-06 14:42:46,408 - INFO - 
[1491/2000] Processing G.R. No. 202847
2025-12-06 14:42:46,408 - INFO -   Title: People of the Philippines vs. Antero Gamez y Baltazar...
2025-12-06 14:42:46,852 - INFO -   ✓ Saved: RESTRUCTURED_DB/2013/oct/202847.json
2025-12-06 14:42:47,352 - INFO - 
[1492/2000] Processing G.R. No. 202867
2025-12-06 14:42:47,352 - INFO -   Title: People of the Philippines vs. Regie Labia...
2025-12-06 14:42:47,604 - INFO -   ✓ Saved: RESTRUCTURED_DB/2013/jul/202867.json
2025-12-06 14:42:48,104 - INFO - 
[1493/2000] Processing G.R. No. 202868
2025-12-06 14:42:48,104 - INFO -   Title: People of the Philippines vs. Michael Espera Y Cuyacot...
2025-12-06 14:42:48,548 - INFO -   ✓ Saved: RESTRUCTURED_DB/2013/oct/202868.json
2025-12-06 14:42:49,048 - INFO - 
[1494/2000] Processing G.R. No. 202920
2025-12-06 14:42:49,049 - INFO -   Title: Richard Chua vs. the Executive Judge, Mertopolitan Trial Cou...
2025-12-06 14:42:49,286 - INFO -   ✓ Saved: RESTRUCTURED_DB/2013/oct/202920.json
2025-12-06 14:42:49,786 - INFO - 
[1495/2000] Processing G.R. No. 202932
2025-12-06 14:42:49,786 - INFO -   Title: Edilberto U. Ventura, Jr. vs. Sps. Paulino and Evangeline Ab...
2025-12-06 14:42:50,229 - INFO -   ✓ Saved: RESTRUCTURED_DB/2013/oct/202932.json
2025-12-06 14:42:50,729 - INFO - 
[1496/2000] Processing G.R. No. 203039
2025-12-06 14:42:50,730 - INFO -   Title: Republic of the Philippines represented by the Department of...
2025-12-06 14:42:51,174 - INFO -   ✓ Saved: RESTRUCTURED_DB/2013/sep/203039.json
2025-12-06 14:42:51,674 - INFO - 
[1497/2000] Processing G.R. No. 203041
2025-12-06 14:42:51,674 - INFO -   Title: People of the Philippines vs. Moises Caoile...
2025-12-06 14:42:52,118 - INFO -   ✓ Saved: RESTRUCTURED_DB/2013/jun/203041.json
2025-12-06 14:42:52,618 - INFO - 
[1498/2000] Processing G.R. No. 203068
2025-12-06 14:42:52,618 - INFO -   Title: People of the Philippines vs. Ryan Frias y Galang a.k.a. "Ta...
2025-12-06 14:42:52,866 - INFO -   ✓ Saved: RESTRUCTURED_DB/2013/sep/203068.json
2025-12-06 14:42:53,366 - INFO - 
[1499/2000] Processing G.R. No. 203186
2025-12-06 14:42:53,366 - INFO -   Title: Xavier C. Ramos vs. BPI Family Savings Bank, Inc. and/or Alf...
2025-12-06 14:42:53,604 - INFO -   ✓ Saved: RESTRUCTURED_DB/2013/dec/203186.json
2025-12-06 14:42:54,104 - INFO - 
[1500/2000] Processing G.R. No. 203204
2025-12-06 14:42:54,105 - INFO -   Title: Heirs of Romulo D. Sandueta, namely: Gloria Sandueta Elopre,...
2025-12-06 14:42:54,559 - INFO -   ✓ Saved: RESTRUCTURED_DB/2013/nov/203204.json
2025-12-06 14:42:55,059 - INFO - 
[1501/2000] Processing G.R. No. 203241
2025-12-06 14:42:55,059 - INFO -   Title: Rizal Commercial Banking Corporation vs. Federico A. Serra...
2025-12-06 14:42:55,296 - INFO -   ✓ Saved: RESTRUCTURED_DB/2013/jul/203241.json
2025-12-06 14:42:55,796 - INFO - 
[1502/2000] Processing G.R. No. 203302
2025-12-06 14:42:55,796 - INFO -   Title: Mayor Emmanuel L. Maliksi vs. Commission on Elections and Ho...
2025-12-06 14:42:56,447 - INFO -   ✓ Saved: RESTRUCTURED_DB/2013/apr/203302.json
2025-12-06 14:42:56,947 - INFO - 
[1503/2000] Processing G.R. No. 203302
2025-12-06 14:42:56,948 - INFO -   Title: Mayor Emmanuel L. Maliksi vs. Commission on Elections & Home...
2025-12-06 14:42:57,412 - INFO -   ✓ Saved: RESTRUCTURED_DB/2013/mar/203302.json
2025-12-06 14:42:57,912 - INFO - 
[1504/2000] Processing G.R. No. 203315
2025-12-06 14:42:57,912 - INFO -   Title: People of the Philippines vs. Joey Bacatan...
2025-12-06 14:42:58,151 - INFO -   ✓ Saved: RESTRUCTURED_DB/2013/sep/203315.json
2025-12-06 14:42:58,651 - INFO - 
[1505/2000] Processing G.R. No. 203433
2025-12-06 14:42:58,652 - INFO -   Title: People of the Philippines vs. Faisal Loks y Pelonyo...
2025-12-06 14:42:58,890 - INFO -   ✓ Saved: RESTRUCTURED_DB/2013/nov/203433.json
2025-12-06 14:42:59,390 - INFO - 
[1506/2000] Processing G.R. No. 203646
2025-12-06 14:42:59,390 - INFO -   Title: Samson S. Alcantara, et al. vs. Commission on Elections, et ...
2025-12-06 14:43:00,354 - INFO -   ✓ Saved: RESTRUCTURED_DB/2013/apr/203646.json
2025-12-06 14:43:00,854 - INFO - 
[1507/2000] Processing G.R. No. 203766
2025-12-06 14:43:00,855 - INFO -   Title: Atong Paglaum, Inc. vs. Commission on Elections...
2025-12-06 14:43:01,974 - INFO -   ✓ Saved: RESTRUCTURED_DB/2013/apr/203766.json
2025-12-06 14:43:02,474 - INFO - 
[1508/2000] Processing G.R. No. 203786
2025-12-06 14:43:02,474 - INFO -   Title: Aquiles Riosa vs. Tabaco La Suerte Corporation...
2025-12-06 14:43:02,718 - INFO -   ✓ Saved: RESTRUCTURED_DB/2013/oct/203786.json
2025-12-06 14:43:03,218 - INFO - 
[1509/2000] Processing G.R. No. 203833
2025-12-06 14:43:03,218 - INFO -   Title: Mamerto T. Sevilla, Jr. vs. Commission on Elections and Rena...
2025-12-06 14:43:03,457 - INFO -   ✓ Saved: RESTRUCTURED_DB/2013/mar/203833.json
2025-12-06 14:43:03,957 - INFO - 
[1510/2000] Processing G.R. No. 204076
2025-12-06 14:43:03,957 - INFO -   Title: Jebsens Maritime, Inc., et al. vs. Eleno A. Baol...
2025-12-06 14:43:04,196 - INFO -   ✓ Saved: RESTRUCTURED_DB/2013/dec/204076.json
2025-12-06 14:43:04,696 - INFO - 
[1511/2000] Processing G.R. No. 204123
2025-12-06 14:43:04,696 - INFO -   Title: Maria lourdes B. Locsin vs. House of Representatives Elector...
2025-12-06 14:43:05,144 - INFO -   ✓ Saved: RESTRUCTURED_DB/2013/mar/204123.json
2025-12-06 14:43:05,644 - INFO - 
[1512/2000] Processing G.R. No. 204169
2025-12-06 14:43:05,644 - INFO -   Title: Yasuo Iwasawa vs. Felisa Custodio Gangan (a.k.a. "Felisa Gan...
2025-12-06 14:43:05,882 - INFO -   ✓ Saved: RESTRUCTURED_DB/2013/sep/204169.json
2025-12-06 14:43:06,382 - INFO - 
[1513/2000] Processing G.R. No. 204528
2025-12-06 14:43:06,382 - INFO -   Title: Secretary Leila M. De Lima, Director Nonnatus R. Rojas and D...
2025-12-06 14:43:06,833 - INFO -   ✓ Saved: RESTRUCTURED_DB/2013/feb/204528.json
2025-12-06 14:43:07,334 - INFO - 
[1514/2000] Processing G.R. No. 204591
2025-12-06 14:43:07,334 - INFO -   Title: Agapay ng Indigenous People Rights Alliance (A-IPRA) vs. Com...
2025-12-06 14:43:07,777 - INFO -   ✓ Saved: RESTRUCTURED_DB/2013/apr/204591.json
2025-12-06 14:43:08,277 - INFO - 
[1515/2000] Processing G.R. No. 204603
2025-12-06 14:43:08,278 - INFO -   Title: Republic of the Philippines represented by the Executive Sec...
2025-12-06 14:43:08,722 - INFO -   ✓ Saved: RESTRUCTURED_DB/2013/sep/204603.json
2025-12-06 14:43:09,222 - INFO - 
[1516/2000] Processing G.R. No. 204637
2025-12-06 14:43:09,222 - INFO -   Title: Liwayway Vinzons-Chato vs. House of Representatives Electora...
2025-12-06 14:43:09,690 - INFO -   ✓ Saved: RESTRUCTURED_DB/2013/apr/204637.json
2025-12-06 14:43:10,190 - INFO - 
[1517/2000] Processing G.R. No. 204700
2025-12-06 14:43:10,190 - INFO -   Title: Eagleridge Development Corporation, Marcelo N. Naval and Cri...
2025-12-06 14:43:10,429 - INFO -   ✓ Saved: RESTRUCTURED_DB/2013/apr/204700.json
2025-12-06 14:43:10,930 - INFO - 
[1518/2000] Processing G.R. No. 204828
2025-12-06 14:43:10,930 - INFO -   Title: Jaime C. Regio vs. Commission on Elections and Ronnie C. Co...
2025-12-06 14:43:11,376 - INFO -   ✓ Saved: RESTRUCTURED_DB/2013/dec/204828.json
2025-12-06 14:43:11,876 - INFO - 
[1519/2000] Processing G.R. No. 205033
2025-12-06 14:43:11,876 - INFO -   Title: Romeo G. Jalosjos vs. the Commission on Elections, Maria Isa...
2025-12-06 14:43:12,322 - INFO -   ✓ Saved: RESTRUCTURED_DB/2013/jun/205033.json
2025-12-06 14:43:12,822 - INFO - 
[1520/2000] Processing G.R. No. 205180
2025-12-06 14:43:12,822 - INFO -   Title: Ryan Viray vs. People of the Philippines...
2025-12-06 14:43:13,061 - INFO -   ✓ Saved: RESTRUCTURED_DB/2013/nov/205180.json
2025-12-06 14:43:13,562 - INFO - 
[1521/2000] Processing G.R. No. 205250
2025-12-06 14:43:13,562 - INFO -   Title: Lorraine D. Barra vs. Civil Service Commission...
2025-12-06 14:43:13,798 - INFO -   ✓ Saved: RESTRUCTURED_DB/2013/mar/205250.json
2025-12-06 14:43:14,299 - INFO - 
[1522/2000] Processing G.R. No. 205413
2025-12-06 14:43:14,299 - INFO -   Title: People of the Philippines vs. Rogelio Manicat y De Guzman...
2025-12-06 14:43:14,536 - INFO -   ✓ Saved: RESTRUCTURED_DB/2013/dec/205413.json
2025-12-06 14:43:15,036 - INFO - 
[1523/2000] Processing G.R. No. 205442
2025-12-06 14:43:15,036 - INFO -   Title: People of the Philippines vs. Jonathan Con-U and Ramil Maca...
2025-12-06 14:43:15,479 - INFO -   ✓ Saved: RESTRUCTURED_DB/2013/dec/205442.json
2025-12-06 14:43:15,979 - INFO - 
[1524/2000] Processing G.R. No. 206095
2025-12-06 14:43:15,980 - INFO -   Title: People of the Philippines vs. Roberto Garcia y Padiernos...
2025-12-06 14:43:16,424 - INFO -   ✓ Saved: RESTRUCTURED_DB/2013/nov/206095.json
2025-12-06 14:43:16,924 - INFO - 
[1525/2000] Processing G.R. No. 206236
2025-12-06 14:43:16,924 - INFO -   Title: Gilfredo Bacolod a.k.a. Gilardo Bacolod vs. People of the Ph...
2025-12-06 14:43:17,170 - INFO -   ✓ Saved: RESTRUCTURED_DB/2013/jul/206236.json
2025-12-06 14:43:17,671 - INFO - 
[1526/2000] Processing G.R. No. 206505
2025-12-06 14:43:17,671 - INFO -   Title: Jereme G. Villanueva, Sr. vs. Baliwag Navigation, Inc., et a...
2025-12-06 14:43:17,907 - INFO -   ✓ Saved: RESTRUCTURED_DB/2013/jul/206505.json
2025-12-06 14:43:18,407 - INFO - 
[1527/2000] Processing G.R. No. 206794
2025-12-06 14:43:18,407 - INFO -   Title: Bankers Association of the Philippines and Perry L. Pe vs. t...
2025-12-06 14:43:18,851 - INFO -   ✓ Saved: RESTRUCTURED_DB/2013/nov/206794.json
2025-12-06 14:43:19,351 - INFO - 
[1528/2000] Processing G.R. No. 206952
2025-12-06 14:43:19,352 - INFO -   Title: Abang Lingkod Party-List (Abang Lingkod) vs. Commission on E...
2025-12-06 14:43:19,797 - INFO -   ✓ Saved: RESTRUCTURED_DB/2013/oct/206952.json
2025-12-06 14:43:20,297 - INFO - 
[1529/2000] Processing G.R. No. 206982
2025-12-06 14:43:20,297 - INFO -   Title: Coalition of Association of Senior Citizen in the Philippine...
2025-12-06 14:43:21,236 - WARNING -   ✗ Could not fetch case from any URL
2025-12-06 14:43:21,236 - INFO - 
[1530/2000] Processing G.R. No. 206987
2025-12-06 14:43:21,236 - INFO -   Title: Alliance for Nationalism and Democracy (ANAD) vs. Commission...
2025-12-06 14:43:21,473 - INFO -   ✓ Saved: RESTRUCTURED_DB/2013/sep/206987.json
2025-12-06 14:43:21,973 - INFO - 
[1531/2000] Processing G.R. No. 207026
2025-12-06 14:43:21,973 - INFO -   Title: Cocofed-Philippine Coconut Producers Federation, Inc. vs. Co...
2025-12-06 14:43:22,419 - INFO -   ✓ Saved: RESTRUCTURED_DB/2013/aug/207026.json
2025-12-06 14:43:22,919 - INFO - 
[1532/2000] Processing G.R. No. 207412
2025-12-06 14:43:22,919 - INFO -   Title: Flord Nicson Calawag vs. University of the Philippines Visay...
2025-12-06 14:43:23,163 - INFO -   ✓ Saved: RESTRUCTURED_DB/2013/aug/207412.json
2025-12-06 14:43:23,663 - INFO - 
[1533/2000] Processing G.R. No. 208290
2025-12-06 14:43:23,663 - INFO -   Title: People of the Philippines vs. the Hon. Juanito C. Castaneda,...
2025-12-06 14:43:24,106 - INFO -   ✓ Saved: RESTRUCTURED_DB/2013/dec/208290.json
2025-12-06 14:43:24,606 - INFO - 
[1534/2000] Processing G.R. No. 209185
2025-12-06 14:43:24,606 - INFO -   Title: Marc Douglas IV C. Cagas vs. Commission on Elections, et al....
2025-12-06 14:43:25,053 - INFO -   ✓ Saved: RESTRUCTURED_DB/2013/oct/209185.json
2025-12-06 14:43:25,553 - INFO - 
[1535/2000] Processing G.R. No. 125346
2025-12-06 14:43:25,553 - INFO -   Title: La Suerte Cigar & Cigarette Factory vs. Court of Appeals, et...
2025-12-06 14:43:26,218 - INFO -   ✓ Saved: RESTRUCTURED_DB/2014/nov/125346.json
2025-12-06 14:43:26,718 - INFO - 
[1536/2000] Processing G.R. No. 142983
2025-12-06 14:43:26,718 - INFO -   Title: Solidbank Corporation vs. Goyu & Sons, Inc., et al., Rizal B...
2025-12-06 14:43:26,969 - INFO -   ✓ Saved: RESTRUCTURED_DB/2014/nov/142983.json
2025-12-06 14:43:27,470 - INFO - 
[1537/2000] Processing G.R. No. 146376
2025-12-06 14:43:27,470 - INFO -   Title: Rodolfo M. Agdeppa vs. Honorable Office of the Ombudsman...
2025-12-06 14:43:27,921 - INFO -   ✓ Saved: RESTRUCTURED_DB/2014/apr/146376.json
2025-12-06 14:43:28,421 - INFO - 
[1538/2000] Processing G.R. No. 150326
2025-12-06 14:43:28,421 - INFO -   Title: The National Wages and Productivity Commission (NWPC), et al...
2025-12-06 14:43:28,667 - INFO -   ✓ Saved: RESTRUCTURED_DB/2014/mar/150326.json
2025-12-06 14:43:29,167 - INFO - 
[1539/2000] Processing G.R. No. 151258
2025-12-06 14:43:29,167 - INFO -   Title: Artemio Villareal vs. People of the Philippines/People of th...
2025-12-06 14:43:29,617 - INFO -   ✓ Saved: RESTRUCTURED_DB/2014/dec/151258.json
2025-12-06 14:43:30,117 - INFO - 
[1540/2000] Processing G.R. No. 152334
2025-12-06 14:43:30,117 - INFO -   Title: H.H. Hollero Construction, Inc. vs. Government Services Insu...
2025-12-06 14:43:30,356 - INFO -   ✓ Saved: RESTRUCTURED_DB/2014/sep/152334.json
2025-12-06 14:43:30,856 - INFO - 
[1541/2000] Processing G.R. No. 154291
2025-12-06 14:43:30,856 - INFO -   Title: Lopez Realty, Inc. and Asuncion Lopez-Gonzalez vs. Sps. Reyn...
2025-12-06 14:43:31,303 - INFO -   ✓ Saved: RESTRUCTURED_DB/2014/nov/154291.json
2025-12-06 14:43:31,804 - INFO - 
[1542/2000] Processing G.R. No. 154390
2025-12-06 14:43:31,804 - INFO -   Title: Metropolitan Fabrics, Inc., et al. vs Prosperity Credit Reso...
2025-12-06 14:43:32,249 - INFO -   ✓ Saved: RESTRUCTURED_DB/2014/mar/154390.json
2025-12-06 14:43:32,750 - INFO - 
[1543/2000] Processing G.R. No. 156330
2025-12-06 14:43:32,750 - INFO -   Title: Nedlloyd Lijnen B.V. Rotterdam and the East Asiatic Co., Ltd...
2025-12-06 14:43:32,988 - INFO -   ✓ Saved: RESTRUCTURED_DB/2014/nov/156330.json
2025-12-06 14:43:33,489 - INFO - 
[1544/2000] Processing G.R. No. 156407
2025-12-06 14:43:33,489 - INFO -   Title: Thelma N. Aranas vs. Teresita V. Mercado, et al....
2025-12-06 14:43:33,934 - INFO -   ✓ Saved: RESTRUCTURED_DB/2014/jan/156407.json
2025-12-06 14:43:34,435 - INFO - 
[1545/2000] Processing G.R. No. 156577
2025-12-06 14:43:34,435 - INFO -   Title: Alejandro C. Rivera vs. People of the Philippines/Alfredo Y....
2025-12-06 14:43:34,884 - INFO -   ✓ Saved: RESTRUCTURED_DB/2014/dec/156577.json
2025-12-06 14:43:35,384 - INFO - 
[1546/2000] Processing G.R. No. 157163
2025-12-06 14:43:35,384 - INFO -   Title: Bank of the Philippine Islands vs. Hon. Judge Agapito L. Hon...
2025-12-06 14:43:35,624 - INFO -   ✓ Saved: RESTRUCTURED_DB/2014/jun/157163.json
2025-12-06 14:43:36,125 - INFO - 
[1547/2000] Processing G.R. No. 157485
2025-12-06 14:43:36,125 - INFO -   Title: Republic of the Philippines represented by Aklan National Co...
2025-12-06 14:43:36,363 - INFO -   ✓ Saved: RESTRUCTURED_DB/2014/mar/157485.json
2025-12-06 14:43:36,863 - INFO - 
[1548/2000] Processing G.R. No. 157583
2025-12-06 14:43:36,863 - INFO -   Title: Frumencio E. Pulgar vs. the Regional Trial Court of Mauban, ...
2025-12-06 14:43:37,100 - INFO -   ✓ Saved: RESTRUCTURED_DB/2014/sep/157583.json
2025-12-06 14:43:37,600 - INFO - 
[1549/2000] Processing G.R. No. 157633
2025-12-06 14:43:37,600 - INFO -   Title: Northwest Airlines, Inc. vs. Ma. Concepcion M. Del Rosario...
2025-12-06 14:43:38,044 - INFO -   ✓ Saved: RESTRUCTURED_DB/2014/sep/157633.json
2025-12-06 14:43:38,544 - INFO - 
[1550/2000] Processing G.R. No. 158150
2025-12-06 14:43:38,544 - INFO -   Title: Agriex Co., Ltd. vs. Hon. Titus Villanueva, et al....
2025-12-06 14:43:39,196 - INFO -   ✓ Saved: RESTRUCTURED_DB/2014/sep/158150.json
2025-12-06 14:43:39,696 - INFO - 
[1551/2000] Processing G.R. No. 158583
2025-12-06 14:43:39,696 - INFO -   Title: Rosalie L. Gargoles vs. Reylita S. Del Rosario...
2025-12-06 14:43:39,945 - INFO -   ✓ Saved: RESTRUCTURED_DB/2014/sep/158583.json
2025-12-06 14:43:40,445 - INFO - 
[1552/2000] Processing G.R. No. 158916
2025-12-06 14:43:40,445 - INFO -   Title: Heirs of Cornelio Miguel vs Heirs of Angel Miguel...
2025-12-06 14:43:40,890 - INFO -   ✓ Saved: RESTRUCTURED_DB/2014/mar/158916.json
2025-12-06 14:43:41,390 - INFO - 
[1553/2000] Processing G.R. No. 159031
2025-12-06 14:43:41,391 - INFO -   Title: Noel A. Lasanas vs. People of the Philippines...
2025-12-06 14:43:41,835 - INFO -   ✓ Saved: RESTRUCTURED_DB/2014/jun/159031.json
2025-12-06 14:43:42,335 - INFO - 
[1554/2000] Processing G.R. No. 159926
2025-12-06 14:43:42,335 - INFO -   Title: Pinausukan Seafood House-Roxas Blvd., Inc. vs. Far East Bank...
2025-12-06 14:43:42,780 - INFO -   ✓ Saved: RESTRUCTURED_DB/2014/jan/159926.json
2025-12-06 14:43:43,280 - INFO - 
[1555/2000] Processing G.R. No. 160107
2025-12-06 14:43:43,280 - INFO -   Title: Sps. Jaime Sebastian and Evangeline Sebastian vs. BPI Family...
2025-12-06 14:43:43,725 - INFO -   ✓ Saved: RESTRUCTURED_DB/2014/oct/160107.json
2025-12-06 14:43:44,225 - INFO - 
[1556/2000] Processing G.R. No. 160110
2025-12-06 14:43:44,225 - INFO -   Title: Mariano Mendoza and Elvira Lim vs. Spouses Leonora J. Gomez ...
2025-12-06 14:43:44,673 - INFO -   ✓ Saved: RESTRUCTURED_DB/2014/jun/160110.json
2025-12-06 14:43:45,173 - INFO - 
[1557/2000] Processing G.R. No. 160143
2025-12-06 14:43:45,173 - INFO -   Title: Land Bank of the Philippines vs. Benecio Eusebio, Jr....
2025-12-06 14:43:45,632 - INFO -   ✓ Saved: RESTRUCTURED_DB/2014/jul/160143.json
2025-12-06 14:43:46,132 - INFO - 
[1558/2000] Processing G.R. No. 160689
2025-12-06 14:43:46,132 - INFO -   Title: Raul H. Sesbreño vs Court of Appeals, et al....
2025-12-06 14:43:46,577 - INFO -   ✓ Saved: RESTRUCTURED_DB/2014/mar/160689.json
2025-12-06 14:43:47,077 - INFO - 
[1559/2000] Processing G.R. No. 160758
2025-12-06 14:43:47,077 - INFO -   Title: Development Bank of the Philippines (DBP) vs. Guariña Agricu...
2025-12-06 14:43:47,534 - INFO -   ✓ Saved: RESTRUCTURED_DB/2014/jan/160758.json
2025-12-06 14:43:48,034 - INFO - 
[1560/2000] Processing G.R. No. 160827
2025-12-06 14:43:48,034 - INFO -   Title: Netlink Computer, Inc. vs. Eric Delmo...
2025-12-06 14:43:48,284 - INFO -   ✓ Saved: RESTRUCTURED_DB/2014/jun/160827.json
2025-12-06 14:43:48,784 - INFO - 
[1561/2000] Processing G.R. No. 161151
2025-12-06 14:43:48,784 - INFO -   Title: BJDC Construction, represented by its Manager/Proprieto Jane...
2025-12-06 14:43:49,230 - INFO -   ✓ Saved: RESTRUCTURED_DB/2014/mar/161151.json
2025-12-06 14:43:49,730 - INFO - 
[1562/2000] Processing G.R. No. 161308
2025-12-06 14:43:49,730 - INFO -   Title: Ricardo Medina, Jr. y Oriel vs. People of the Philippines...
2025-12-06 14:43:50,173 - INFO -   ✓ Saved: RESTRUCTURED_DB/2014/jan/161308.json
2025-12-06 14:43:50,673 - INFO - 
[1563/2000] Processing G.R. No. 161380
2025-12-06 14:43:50,673 - INFO -   Title: Aznar Brothers Realty Company vs. Sps. Jose and Magdalena Ib...
2025-12-06 14:43:51,122 - INFO -   ✓ Saved: RESTRUCTURED_DB/2014/apr/161380.json
2025-12-06 14:43:51,622 - INFO - 
[1564/2000] Processing G.R. No. 161589
2025-12-06 14:43:51,622 - INFO -   Title: Penta Pacific Realty Corp. vs. Ley Construction & Developmen...
2025-12-06 14:43:51,861 - INFO -   ✓ Saved: RESTRUCTURED_DB/2014/nov/161589.json
2025-12-06 14:43:52,361 - INFO - 
[1565/2000] Processing G.R. No. 161759
2025-12-06 14:43:52,362 - INFO -   Title: Commissioner of Customs vs. Oilink International Corporation...
2025-12-06 14:43:52,599 - INFO -   ✓ Saved: RESTRUCTURED_DB/2014/jul/161759.json
2025-12-06 14:43:53,099 - INFO - 
[1566/2000] Processing G.R. No. 162021
2025-12-06 14:43:53,099 - INFO -   Title: Mega Magazine Publications, Inc., et al. vs. Margaret A. Def...
2025-12-06 14:43:53,544 - INFO -   ✓ Saved: RESTRUCTURED_DB/2014/jun/162021.json
2025-12-06 14:43:54,044 - INFO - 
[1567/2000] Processing G.R. No. 162063
2025-12-06 14:43:54,044 - INFO -   Title: Leonora A. Pascual, represented by Florebhee N. Agcaoili, At...
2025-12-06 14:43:54,487 - INFO -   ✓ Saved: RESTRUCTURED_DB/2014/mar/162063.json
2025-12-06 14:43:54,987 - INFO - 
[1568/2000] Processing G.R. No. 162205
2025-12-06 14:43:54,987 - INFO -   Title: Revelina Limson vs Eugenio Juan Gonzalez...
2025-12-06 14:43:55,225 - INFO -   ✓ Saved: RESTRUCTURED_DB/2014/mar/162205.json
2025-12-06 14:43:55,726 - INFO - 
[1569/2000] Processing G.R. No. 162230
2025-12-06 14:43:55,726 - INFO -   Title: Isabelita Vinuya, et al. vs. Executive Secretary Alberto G. ...
2025-12-06 14:43:56,170 - INFO -   ✓ Saved: RESTRUCTURED_DB/2014/aug/162230.json
2025-12-06 14:43:56,670 - INFO - 
[1570/2000] Processing G.R. No. 162365
2025-12-06 14:43:56,670 - INFO -   Title: Roberto R. David, represented by his Attorney-in-Fact Atty. ...
2025-12-06 14:43:56,907 - INFO -   ✓ Saved: RESTRUCTURED_DB/2014/jan/162365.json
2025-12-06 14:43:57,407 - INFO - 
[1571/2000] Processing G.R. No. 163055
2025-12-06 14:43:57,407 - INFO -   Title: The Commissioner of Customs, et al. vs. New Frontier Sugar C...
2025-12-06 14:43:57,852 - INFO -   ✓ Saved: RESTRUCTURED_DB/2014/jun/163055.json
2025-12-06 14:43:58,352 - INFO - 
[1572/2000] Processing G.R. No. 163109
2025-12-06 14:43:58,352 - INFO -   Title: Marichu G. Ejera vs. Beau Henry L. Merto and Erwin Vergara...
2025-12-06 14:43:58,799 - INFO -   ✓ Saved: RESTRUCTURED_DB/2014/jan/163109.json
2025-12-06 14:43:59,300 - INFO - 
[1573/2000] Processing G.R. No. 163361
2025-12-06 14:43:59,300 - INFO -   Title: Spouses Jose M. Estacion, Jr. [Deceased, substituted by Jose...
2025-12-06 14:43:59,539 - INFO -   ✓ Saved: RESTRUCTURED_DB/2014/mar/163361.json
2025-12-06 14:44:00,039 - INFO - 
[1574/2000] Processing G.R. No. 163654
2025-12-06 14:44:00,039 - INFO -   Title: BPI Express Card Corp. vs. Ma. Antonia R. Armovit...
2025-12-06 14:44:00,277 - INFO -   ✓ Saved: RESTRUCTURED_DB/2014/oct/163654.json
2025-12-06 14:44:00,777 - INFO - 
[1575/2000] Processing G.R. No. 163767
2025-12-06 14:44:00,777 - INFO -   Title: Republic of the Philippines represented by the Director of L...
2025-12-06 14:44:01,222 - INFO -   ✓ Saved: RESTRUCTURED_DB/2014/mar/163767.json
2025-12-06 14:44:01,722 - INFO - 
[1576/2000] Processing G.R. No. 163999
2025-12-06 14:44:01,723 - INFO -   Title: Philippine Long Distance Telephone Company vs. Millard R. Oc...
2025-12-06 14:44:02,184 - INFO -   ✓ Saved: RESTRUCTURED_DB/2014/jul/163999.json
2025-12-06 14:44:02,684 - INFO - 
[1577/2000] Processing G.R. No. 164246
2025-12-06 14:44:02,684 - INFO -   Title: Herminia Acbang vs. Hon. Jimmy Luczon, Jr., et al....
2025-12-06 14:44:02,922 - INFO -   ✓ Saved: RESTRUCTURED_DB/2014/jan/164246.json
2025-12-06 14:44:03,422 - INFO - 
[1578/2000] Processing G.R. No. 164277
2025-12-06 14:44:03,422 - INFO -   Title: Fe U. Quijano vs. Atty. Darill Almante...
2025-12-06 14:44:03,866 - INFO -   ✓ Saved: RESTRUCTURED_DB/2014/oct/164277.json
2025-12-06 14:44:04,366 - INFO - 
[1579/2000] Processing G.R. No. 164408
2025-12-06 14:44:04,366 - INFO -   Title: Republic of the Philippines vs Zurbaran Realty & Development...
2025-12-06 14:44:04,809 - INFO -   ✓ Saved: RESTRUCTURED_DB/2014/mar/164408.json
2025-12-06 14:44:05,309 - INFO - 
[1580/2000] Processing G.R. No. 164686
2025-12-06 14:44:05,310 - INFO -   Title: Forest Hills Gold and Courtry Club, Inc. vs. Gardpro, Inc....
2025-12-06 14:44:05,754 - INFO -   ✓ Saved: RESTRUCTURED_DB/2014/oct/164686.json
2025-12-06 14:44:06,255 - INFO - 
[1581/2000] Processing G.R. No. 164961
2025-12-06 14:44:06,255 - INFO -   Title: Hector L. Uy vs. Virginia G. Fule, et al....
2025-12-06 14:44:06,699 - INFO -   ✓ Saved: RESTRUCTURED_DB/2014/jun/164961.json
2025-12-06 14:44:07,200 - INFO - 
[1582/2000] Processing G.R. No. 164985
2025-12-06 14:44:07,200 - INFO -   Title: First United Constructors Corporation, et al. vs. Bayanihan ...
2025-12-06 14:44:07,439 - INFO -   ✓ Saved: RESTRUCTURED_DB/2014/jan/164985.json
2025-12-06 14:44:07,939 - INFO - 
[1583/2000] Processing G.R. No. 165451
2025-12-06 14:44:07,939 - INFO -   Title: LG Electronics Philippines, Inc. vs. Commissioner of Interna...
2025-12-06 14:44:08,398 - INFO -   ✓ Saved: RESTRUCTURED_DB/2014/dec/165451.json
2025-12-06 14:44:08,899 - INFO - 
[1584/2000] Processing G.R. No. 166414
2025-12-06 14:44:08,899 - INFO -   Title: Godofredo Enrile, et al. vs. Hon. Danilo A. Manalastas, et a...
2025-12-06 14:44:09,146 - INFO -   ✓ Saved: RESTRUCTURED_DB/2014/oct/166414.json
2025-12-06 14:44:09,646 - INFO - 
[1585/2000] Processing G.R. No. 166441
2025-12-06 14:44:09,646 - INFO -   Title: Norberto Cruz y Bartolome vs. People of the Philippines...
2025-12-06 14:44:10,092 - INFO -   ✓ Saved: RESTRUCTURED_DB/2014/oct/166441.json
2025-12-06 14:44:10,592 - INFO - 
[1586/2000] Processing G.R. No. 166680
2025-12-06 14:44:10,592 - INFO -   Title: Aloysius Dait Lumauig vs. People of the philippines...
2025-12-06 14:44:10,842 - INFO -   ✓ Saved: RESTRUCTURED_DB/2014/jul/166680.json
2025-12-06 14:44:11,342 - INFO - 
[1587/2000] Processing G.R. No. 166790
2025-12-06 14:44:11,342 - INFO -   Title: Juan P. Cabrera vs. Henry Ysaac...
2025-12-06 14:44:11,790 - INFO -   ✓ Saved: RESTRUCTURED_DB/2014/nov/166790.json
2025-12-06 14:44:12,290 - INFO - 
[1588/2000] Processing G.R. No. 166923
2025-12-06 14:44:12,290 - INFO -   Title: Philippine Migrants Rights Watch, Inc., et al. vs. Overseas ...
2025-12-06 14:44:12,528 - INFO -   ✓ Saved: RESTRUCTURED_DB/2014/nov/166923.json
2025-12-06 14:44:13,028 - INFO - 
[1589/2000] Processing G.R. No. 166944
2025-12-06 14:44:13,029 - INFO -   Title: Juanito Magsino vs. Elena De Ocampo, Ramon Guico...
2025-12-06 14:44:13,474 - INFO -   ✓ Saved: RESTRUCTURED_DB/2014/aug/166944.json
2025-12-06 14:44:13,974 - INFO - 
[1590/2000] Processing G.R. No. 166995
2025-12-06 14:44:13,974 - INFO -   Title: Dennis T. Villareal vs. Consuelo C. Aliga...
2025-12-06 14:44:14,419 - INFO -   ✓ Saved: RESTRUCTURED_DB/2014/jan/166995.json
2025-12-06 14:44:14,919 - INFO - 
[1591/2000] Processing G.R. No. 167120
2025-12-06 14:44:14,919 - INFO -   Title: Rodolfo V. Francisco vs. Emiliana M. Rojas, et al....
2025-12-06 14:44:15,365 - INFO -   ✓ Saved: RESTRUCTURED_DB/2014/apr/167120.json
2025-12-06 14:44:15,865 - INFO - 
[1592/2000] Processing G.R. No. 167225
2025-12-06 14:44:15,865 - INFO -   Title: Radio Mindanao Network, Inc. vs. Michael Maximo R. Amurao II...
2025-12-06 14:44:16,103 - INFO -   ✓ Saved: RESTRUCTURED_DB/2014/oct/167225.json
2025-12-06 14:44:16,604 - INFO - 
[1593/2000] Processing G.R. No. 167286
2025-12-06 14:44:16,604 - INFO -   Title: International School Manila, et al. vs. International School...
2025-12-06 14:44:17,258 - INFO -   ✓ Saved: RESTRUCTURED_DB/2014/feb/167286.json
2025-12-06 14:44:17,758 - INFO - 
[1594/2000] Processing G.R. No. 167290
2025-12-06 14:44:17,758 - INFO -   Title: Hermano Oil Manufacturing and Sugar Corporation vs. Toll Reg...
2025-12-06 14:44:17,997 - INFO -   ✓ Saved: RESTRUCTURED_DB/2014/nov/167290.json
2025-12-06 14:44:18,497 - INFO - 
[1595/2000] Processing G.R. No. 167454
2025-12-06 14:44:18,497 - INFO -   Title: Emeritu C. Barut vs. People of the Philippines...
2025-12-06 14:44:18,745 - INFO -   ✓ Saved: RESTRUCTURED_DB/2014/sep/167454.json
2025-12-06 14:44:19,246 - INFO - 
[1596/2000] Processing G.R. No. 168539
2025-12-06 14:44:19,246 - INFO -   Title: People of the Philippines vs Henry T. Go...
2025-12-06 14:44:19,690 - INFO -   ✓ Saved: RESTRUCTURED_DB/2014/mar/168539.json
2025-12-06 14:44:20,191 - INFO - 
[1597/2000] Processing G.R. No. 168903
2025-12-06 14:44:20,191 - INFO -   Title: Ma. Ana Consuelo A.S. Madrigal vs. Department of Justice, et...
2025-12-06 14:44:20,634 - INFO -   ✓ Saved: RESTRUCTURED_DB/2014/jun/168903.json
2025-12-06 14:44:21,135 - INFO - 
[1598/2000] Processing G.R. No. 169247
2025-12-06 14:44:21,135 - INFO -   Title: Ma. Consolacion M. Nahas, doing business under the name and ...
2025-12-06 14:44:21,579 - INFO -   ✓ Saved: RESTRUCTURED_DB/2014/jun/169247.json
2025-12-06 14:44:22,079 - INFO - 
[1599/2000] Processing G.R. No. 169568
2025-12-06 14:44:22,079 - INFO -   Title: Rolando Robles, represented by Atty. Clara C. Espiritu vs. F...
2025-12-06 14:44:22,523 - INFO -   ✓ Saved: RESTRUCTURED_DB/2014/oct/169568.json
2025-12-06 14:44:23,024 - INFO - 
[1600/2000] Processing G.R. No. 169745
2025-12-06 14:44:23,024 - INFO -   Title: Republic of the Philippines, rep by the Hon. Secretary, DOLE...
2025-12-06 14:44:23,468 - INFO -   ✓ Saved: RESTRUCTURED_DB/2014/jul/169745.json
2025-12-06 14:44:23,969 - INFO - 
[1601/2000] Processing G.R. No. 169778
2025-12-06 14:44:23,969 - INFO -   Title: Commissioner of Internal Revenue vs Silicon Philippines, Inc...
2025-12-06 14:44:24,417 - INFO -   ✓ Saved: RESTRUCTURED_DB/2014/mar/169778.json
2025-12-06 14:44:24,917 - INFO - 
[1602/2000] Processing G.R. No. 170007
2025-12-06 14:44:24,918 - INFO -   Title: Tabangao Shell Refinery Employees Association vs. Pilipinas ...
2025-12-06 14:44:25,378 - INFO -   ✓ Saved: RESTRUCTURED_DB/2014/apr/170007.json
2025-12-06 14:44:25,878 - INFO - 
[1603/2000] Processing G.R. No. 170046
2025-12-06 14:44:25,879 - INFO -   Title: People of the Philippines vs. Maximo A. Borje, Jr., et al....
2025-12-06 14:44:26,116 - INFO -   ✓ Saved: RESTRUCTURED_DB/2014/dec/170046.json
2025-12-06 14:44:26,616 - INFO - 
[1604/2000] Processing G.R. No. 170139
2025-12-06 14:44:26,617 - INFO -   Title: Sameer Oversees Placement Agency, Inc. vs. Joy C. Cabiles...
2025-12-06 14:44:27,854 - INFO -   ✓ Saved: RESTRUCTURED_DB/2014/aug/170139.json
2025-12-06 14:44:28,354 - INFO - 
[1605/2000] Processing G.R. No. 170462
2025-12-06 14:44:28,355 - INFO -   Title: Rodolfo Guevarra and Joey Guevarra vs. People of the Philipp...
2025-12-06 14:44:28,593 - INFO -   ✓ Saved: RESTRUCTURED_DB/2014/feb/170462.json
2025-12-06 14:44:29,093 - INFO - 
[1606/2000] Processing G.R. No. 171212
2025-12-06 14:44:29,093 - INFO -   Title: Indophil Textile Mills, Inc. vs. Engr. Salvador Adviento...
2025-12-06 14:44:29,550 - INFO -   ✓ Saved: RESTRUCTURED_DB/2014/aug/171212.json
2025-12-06 14:44:30,050 - INFO - 
[1607/2000] Processing G.R. No. 171286
2025-12-06 14:44:30,050 - INFO -   Title: Dolores Campos vs. Dominador Ortega Sr. and James Silos...
2025-12-06 14:44:30,501 - INFO -   ✓ Saved: RESTRUCTURED_DB/2014/jun/171286.json
2025-12-06 14:44:31,001 - INFO - 
[1608/2000] Processing G.R. No. 171482
2025-12-06 14:44:31,001 - INFO -   Title: Ashmor M. Tesoro, Pedro Ang and Gregorio Sharp vs Metro Mani...
2025-12-06 14:44:31,239 - INFO -   ✓ Saved: RESTRUCTURED_DB/2014/mar/171482.json
2025-12-06 14:44:31,739 - INFO - 
[1609/2000] Processing G.R. No. 171496
2025-12-06 14:44:31,739 - INFO -   Title: Republic of the Philippines, represented by the Department o...
2025-12-06 14:44:32,184 - INFO -   ✓ Saved: RESTRUCTURED_DB/2014/mar/171496.json
2025-12-06 14:44:32,685 - INFO - 
[1610/2000] Processing G.R. No. 171557
2025-12-06 14:44:32,685 - INFO -   Title: Republic of the Philippines vs. Rodolfo O. De Gracia...
2025-12-06 14:44:32,923 - INFO -   ✓ Saved: RESTRUCTURED_DB/2014/feb/171557.json
2025-12-06 14:44:33,423 - INFO - 
[1611/2000] Processing G.R. No. 171590
2025-12-06 14:44:33,423 - INFO -   Title: Bignay EX-IM Philippines, Inc. vs. Union Bank of the Philipp...
2025-12-06 14:44:33,870 - INFO -   ✓ Saved: RESTRUCTURED_DB/2014/feb/171590.json
2025-12-06 14:44:34,370 - INFO - 
[1612/2000] Processing G.R. No. 171626
2025-12-06 14:44:34,370 - INFO -   Title: Olongapo City vs. Subic Water and Sewerage Co., Inc....
2025-12-06 14:44:34,816 - INFO -   ✓ Saved: RESTRUCTURED_DB/2014/aug/171626.json
2025-12-06 14:44:35,316 - INFO - 
[1613/2000] Processing G.R. No. 171836
2025-12-06 14:44:35,316 - INFO -   Title: Department of Agrarian Reform, rep. by Hon. Nasser C. Pangan...
2025-12-06 14:44:35,976 - INFO -   ✓ Saved: RESTRUCTURED_DB/2014/aug/171836.json
2025-12-06 14:44:36,476 - INFO - 
[1614/2000] Processing G.R. No. 171914
2025-12-06 14:44:36,476 - INFO -   Title: Soledad Lavadia vs. Heirs of Juan Luces Luna, represented by...
2025-12-06 14:44:36,716 - INFO -   ✓ Saved: RESTRUCTURED_DB/2014/jul/171914.json
2025-12-06 14:44:37,216 - INFO - 
[1615/2000] Processing G.R. No. 172132
2025-12-06 14:44:37,216 - INFO -   Title: Heritage Hotel Manila, acting through its owner, Grand Plaza...
2025-12-06 14:44:37,457 - INFO -   ✓ Saved: RESTRUCTURED_DB/2014/jul/172132.json
2025-12-06 14:44:37,957 - INFO - 
[1616/2000] Processing G.R. No. 172204
2025-12-06 14:44:37,957 - INFO -   Title: Cathay Metal Corporation vs. Laguna West Multi-Purpose Coope...
2025-12-06 14:44:38,405 - INFO -   ✓ Saved: RESTRUCTURED_DB/2014/jul/172204.json
2025-12-06 14:44:38,905 - INFO - 
[1617/2000] Processing G.R. No. 172218
2025-12-06 14:44:38,905 - INFO -   Title: Feliciano B. Duyon, substituted by his children, namely: Max...
2025-12-06 14:44:39,154 - INFO -   ✓ Saved: RESTRUCTURED_DB/2014/nov/172218.json
2025-12-06 14:44:39,654 - INFO - 
[1618/2000] Processing G.R. No. 172302
2025-12-06 14:44:39,654 - INFO -   Title: Pryce Corporation vs. China Banking Corporation...
2025-12-06 14:44:40,101 - INFO -   ✓ Saved: RESTRUCTURED_DB/2014/feb/172302.json
2025-12-06 14:44:40,601 - INFO - 
[1619/2000] Processing G.R. No. 172404
2025-12-06 14:44:40,601 - INFO -   Title: People's Trans-East Asis Insurance Corporation, a.k.a. Peopl...
2025-12-06 14:44:41,048 - INFO -   ✓ Saved: RESTRUCTURED_DB/2014/aug/172404.json
2025-12-06 14:44:41,548 - INFO - 
[1620/2000] Processing G.R. No. 172505
2025-12-06 14:44:41,548 - INFO -   Title: Antonio M. Garcia vs. Ferro Chemicals, Inc....
2025-12-06 14:44:41,789 - INFO -   ✓ Saved: RESTRUCTURED_DB/2014/oct/172505.json
2025-12-06 14:44:42,289 - INFO - 
[1621/2000] Processing G.R. No. 172843
2025-12-06 14:44:42,289 - INFO -   Title: Alfredo L. Villamor, Jr. vs. John S. Umale, in substitution ...
2025-12-06 14:44:42,737 - INFO -   ✓ Saved: RESTRUCTURED_DB/2014/sep/172843.json
2025-12-06 14:44:43,237 - INFO - 
[1622/2000] Processing G.R. No. 172909
2025-12-06 14:44:43,237 - INFO -   Title: Spouses Silvestre O. Plaza and Elena Y. Plaza vs Guillermo L...
2025-12-06 14:44:43,475 - INFO -   ✓ Saved: RESTRUCTURED_DB/2014/mar/172909.json
2025-12-06 14:44:43,975 - INFO - 
[1623/2000] Processing G.R. No. 173082
2025-12-06 14:44:43,976 - INFO -   Title: Palm Avenue Holding., Inc., et al. Vs Sandiganbayan, 5th Div...
2025-12-06 14:44:44,214 - INFO -   ✓ Saved: RESTRUCTURED_DB/2014/aug/173082.json
2025-12-06 14:44:44,714 - INFO - 
[1624/2000] Processing G.R. No. 173168
2025-12-06 14:44:44,714 - INFO -   Title: Philippine Amanah Bank (Now Al-manah Islamic Investment Bank...
2025-12-06 14:44:44,963 - INFO -   ✓ Saved: RESTRUCTURED_DB/2014/sep/173168.json
2025-12-06 14:44:45,463 - INFO - 
[1625/2000] Processing G.R. No. 173188
2025-12-06 14:44:45,463 - INFO -   Title: The Conjugal Partnership of the Spouses Vicente Cadavedo and...
2025-12-06 14:44:45,910 - INFO -   ✓ Saved: RESTRUCTURED_DB/2014/jan/173188.json
2025-12-06 14:44:46,410 - INFO - 
[1626/2000] Processing G.R. No. 173386
2025-12-06 14:44:46,410 - INFO -   Title: Department of Agrarian Reform, etc. vs. Trinidad Valley Real...
2025-12-06 14:44:46,868 - INFO -   ✓ Saved: RESTRUCTURED_DB/2014/feb/173386.json
2025-12-06 14:44:47,368 - INFO - 
[1627/2000] Processing G.R. No. 173423
2025-12-06 14:44:47,368 - INFO -   Title: Sps. Antonio Fortuna and Erlinda Fortuna vs Republic of the ...
2025-12-06 14:44:47,615 - INFO -   ✓ Saved: RESTRUCTURED_DB/2014/mar/173423.json
2025-12-06 14:44:48,115 - INFO - 
[1628/2000] Processing G.R. No. 173523
2025-12-06 14:44:48,115 - INFO -   Title: Lucena D. Demaala vs. Sandiganbayan (Third Division) and Omb...
2025-12-06 14:44:48,354 - INFO -   ✓ Saved: RESTRUCTURED_DB/2014/feb/173523.json
2025-12-06 14:44:48,854 - INFO - 
[1629/2000] Processing G.R. No. 173540
2025-12-06 14:44:48,854 - INFO -   Title: Peregrina Macua Vda. De Avenido vs. Tecla Hoybia Avenido...
2025-12-06 14:44:49,298 - INFO -   ✓ Saved: RESTRUCTURED_DB/2014/jan/173540.json
2025-12-06 14:44:49,798 - INFO - 
[1630/2000] Processing G.R. No. 173548
2025-12-06 14:44:49,798 - INFO -   Title: Onofre Andres, substituted by his heirs, namely: Ferdinand e...
2025-12-06 14:44:50,246 - INFO -   ✓ Saved: RESTRUCTURED_DB/2014/oct/173548.json
2025-12-06 14:44:50,746 - INFO - 
[1631/2000] Processing G.R. No. 173616
2025-12-06 14:44:50,746 - INFO -   Title: Air Transpormation Office (ATO) vs. Court of Appeals, et al....
2025-12-06 14:44:51,195 - INFO -   ✓ Saved: RESTRUCTURED_DB/2014/jun/173616.json
2025-12-06 14:44:51,695 - INFO - 
[1632/2000] Processing G.R. No. 173632
2025-12-06 14:44:51,695 - INFO -   Title: Ambrosio Rotairo substituted by his Spouse Maria Ronsaryo Ro...
2025-12-06 14:44:51,934 - INFO -   ✓ Saved: RESTRUCTURED_DB/2014/sep/173632.json
2025-12-06 14:44:52,434 - INFO - 
[1633/2000] Processing G.R. No. 173802
2025-12-06 14:44:52,434 - INFO -   Title: National Housing Authority vs. Court of Appeals, Bernabe Nob...
2025-12-06 14:44:52,672 - INFO -   ✓ Saved: RESTRUCTURED_DB/2014/apr/173802.json
2025-12-06 14:44:53,173 - INFO - 
[1634/2000] Processing G.R. No. 173861
2025-12-06 14:44:53,173 - INFO -   Title: Jay Candelaria and Eric Bast vs. Regional Trial Court, Br. 2...
2025-12-06 14:44:53,615 - INFO -   ✓ Saved: RESTRUCTURED_DB/2014/jul/173861.json
2025-12-06 14:44:54,116 - INFO - 
[1635/2000] Processing G.R. No. 173988
2025-12-06 14:44:54,116 - INFO -   Title: Felina Rosaldes vs. People of the Philippines...
2025-12-06 14:44:54,559 - INFO -   ✓ Saved: RESTRUCTURED_DB/2014/oct/173988.json
2025-12-06 14:44:55,059 - INFO - 
[1636/2000] Processing G.R. No. 174353
2025-12-06 14:44:55,059 - INFO -   Title: Nestor Ching and Andrew Wellington vs. Subic Bay Gold and Co...
2025-12-06 14:44:55,503 - INFO -   ✓ Saved: RESTRUCTURED_DB/2014/sep/174353.json
2025-12-06 14:44:56,004 - INFO - 
[1637/2000] Processing G.R. No. 174411
2025-12-06 14:44:56,004 - INFO -   Title: City of Dagupan, represented by the City Mayor Benjamin S. L...
2025-12-06 14:44:56,451 - INFO -   ✓ Saved: RESTRUCTURED_DB/2014/jul/174411.json
2025-12-06 14:44:56,951 - INFO - 
[1638/2000] Processing G.R. No. 174433
2025-12-06 14:44:56,952 - INFO -   Title: Philippine National Bank vs. Sps. Enrique Manalo & Rosalinda...
2025-12-06 14:44:57,191 - INFO -   ✓ Saved: RESTRUCTURED_DB/2014/feb/174433.json
2025-12-06 14:44:57,691 - INFO - 
[1639/2000] Processing G.R. No. 174938
2025-12-06 14:44:57,692 - INFO -   Title: Gerardo Lanuza, Jr. and Antonio O. Olbes vs. BF Corporation,...
2025-12-06 14:44:58,138 - INFO -   ✓ Saved: RESTRUCTURED_DB/2014/oct/174938.json
2025-12-06 14:44:58,638 - INFO - 
[1640/2000] Processing G.R. No. 174996
2025-12-06 14:44:58,638 - INFO -   Title: Bro. Bernard Oca, et al. vs. Laurita Custodio...
2025-12-06 14:44:58,890 - INFO -   ✓ Saved: RESTRUCTURED_DB/2014/dec/174996.json
2025-12-06 14:44:59,390 - INFO - 
[1641/2000] Processing G.R. No. 175293
2025-12-06 14:44:59,390 - INFO -   Title: Crisanto F. Castro, Jr. vs. Ateneo De Naga University, Fr. J...
2025-12-06 14:44:59,629 - INFO -   ✓ Saved: RESTRUCTURED_DB/2014/jul/175293.json
2025-12-06 14:45:00,129 - INFO - 
[1642/2000] Processing G.R. No. 175410
2025-12-06 14:45:00,129 - INFO -   Title: SMI-ED Philippine Technology, Inc. vs. Commissioner of Inter...
2025-12-06 14:45:00,575 - INFO -   ✓ Saved: RESTRUCTURED_DB/2014/nov/175410.json
2025-12-06 14:45:01,076 - INFO - 
[1643/2000] Processing G.R. No. 175507
2025-12-06 14:45:01,076 - INFO -   Title: Ramon Ching and Po Wing Properties, Inc vs. Joseph Cheng, Ja...
2025-12-06 14:45:01,523 - INFO -   ✓ Saved: RESTRUCTURED_DB/2014/oct/175507.json
2025-12-06 14:45:02,024 - INFO - 
[1644/2000] Processing G.R. No. 175540
2025-12-06 14:45:02,024 - INFO -   Title: Dr. Filoteo A. Alano vs. Zenaida Magud-Logmao...
2025-12-06 14:45:02,262 - INFO -   ✓ Saved: RESTRUCTURED_DB/2014/apr/175540.json
2025-12-06 14:45:02,762 - INFO - 
[1645/2000] Processing G.R. No. 175689
2025-12-06 14:45:02,762 - INFO -   Title: George A. Arriola vs. Pilipino Star Ngayon, Inc., et al....
2025-12-06 14:45:03,209 - INFO -   ✓ Saved: RESTRUCTURED_DB/2014/aug/175689.json
2025-12-06 14:45:03,709 - INFO - 
[1646/2000] Processing G.R. No. 175750
2025-12-06 14:45:03,709 - INFO -   Title: Silverina E. Consigna vs. People of the Philippines...
2025-12-06 14:45:04,154 - INFO -   ✓ Saved: RESTRUCTURED_DB/2014/apr/175750.json
2025-12-06 14:45:04,654 - INFO - 
[1647/2000] Processing G.R. No. 176020
2025-12-06 14:45:04,654 - INFO -   Title: Heirs of Telesforo Julao, et al. vs. Spouses Alejandro and M...
2025-12-06 14:45:04,893 - INFO -   ✓ Saved: RESTRUCTURED_DB/2014/sep/176020.json
2025-12-06 14:45:05,394 - INFO - 
[1648/2000] Processing G.R. No. 176055
2025-12-06 14:45:05,394 - INFO -   Title: Spouses Edmundo Dela Cruz and Amelia Concio-Dela Cruz vs Spo...
2025-12-06 14:45:05,838 - INFO -   ✓ Saved: RESTRUCTURED_DB/2014/mar/176055.json
2025-12-06 14:45:06,338 - INFO - 
[1649/2000] Processing G.R. No. 176102
2025-12-06 14:45:06,339 - INFO -   Title: Rosal Hubilla y Carillo vs. People of the Philippines...
2025-12-06 14:45:06,577 - INFO -   ✓ Saved: RESTRUCTURED_DB/2014/nov/176102.json
2025-12-06 14:45:07,077 - INFO - 
[1650/2000] Processing G.R. No. 176121
2025-12-06 14:45:07,077 - INFO -   Title: Spouses Teodorico and Pacita Rosete vs. Felix and/or Marieta...
2025-12-06 14:45:07,529 - INFO -   ✓ Saved: RESTRUCTURED_DB/2014/sep/176121.json
2025-12-06 14:45:08,029 - INFO - 
[1651/2000] Processing G.R. No. 176317
2025-12-06 14:45:08,029 - INFO -   Title: Manolito Gil Z. Zafra vs. People of the Philippines...
2025-12-06 14:45:08,476 - INFO -   ✓ Saved: RESTRUCTURED_DB/2014/jul/176317.json
2025-12-06 14:45:08,976 - INFO - 
[1652/2000] Processing G.R. No. 176341
2025-12-06 14:45:08,977 - INFO -   Title: Pro-Guard Security Services Corporation vs. Tormil Realty De...
2025-12-06 14:45:09,221 - INFO -   ✓ Saved: RESTRUCTURED_DB/2014/jul/176341.json
2025-12-06 14:45:09,721 - INFO - 
[1653/2000] Processing G.R. No. 176439
2025-12-06 14:45:09,721 - INFO -   Title: The President of the Church of Jesus Christ of Latter Day Da...
2025-12-06 14:45:10,167 - INFO -   ✓ Saved: RESTRUCTURED_DB/2014/jan/176439.json
2025-12-06 14:45:10,667 - INFO - 
[1654/2000] Processing G.R. No. 176492
2025-12-06 14:45:10,667 - INFO -   Title: Marietta N. Barrido vs. Leonardo V. Nonato...
2025-12-06 14:45:10,905 - INFO -   ✓ Saved: RESTRUCTURED_DB/2014/oct/176492.json
2025-12-06 14:45:11,406 - INFO - 
[1655/2000] Processing G.R. No. 176598
2025-12-06 14:45:11,406 - INFO -   Title: Petronio Clidoro, et al. vs. Augusto Jalmanzar, et al....
2025-12-06 14:45:11,849 - INFO -   ✓ Saved: RESTRUCTURED_DB/2014/jul/176598.json
2025-12-06 14:45:12,350 - INFO - 
[1656/2000] Processing G.R. No. 176694
2025-12-06 14:45:12,350 - INFO -   Title: GMA Network, Inc. vs. Central CATV, Inc....
2025-12-06 14:45:12,794 - INFO -   ✓ Saved: RESTRUCTURED_DB/2014/jul/176694.json
2025-12-06 14:45:13,294 - INFO - 
[1657/2000] Processing G.R. No. 176697
2025-12-06 14:45:13,294 - INFO -   Title: Cesar V. Areza and Lolita B. Areza vs. Express Savings Bank,...
2025-12-06 14:45:13,743 - INFO -   ✓ Saved: RESTRUCTURED_DB/2014/sep/176697.json
2025-12-06 14:45:14,244 - INFO - 
[1658/2000] Processing G.R. No. 176830
2025-12-06 14:45:14,244 - INFO -   Title: Saturnino C. Ocampo vs. Hon. Ephrem S. Abando, et al./Randal...
2025-12-06 14:45:14,692 - INFO -   ✓ Saved: RESTRUCTURED_DB/2014/feb/176830.json
2025-12-06 14:45:15,192 - INFO - 
[1659/2000] Processing G.R. No. 177235
2025-12-06 14:45:15,192 - INFO -   Title: Serconsision R. Mendoza vs. Aurora Mendoza Fermin...
2025-12-06 14:45:15,432 - INFO -   ✓ Saved: RESTRUCTURED_DB/2014/jul/177235.json
2025-12-06 14:45:15,933 - INFO - 
[1660/2000] Processing G.R. No. 177332
2025-12-06 14:45:15,933 - INFO -   Title: National Power Corporation vs. City of Cabanatuan, represent...
2025-12-06 14:45:16,871 - WARNING -   ✗ Could not fetch case from any URL
2025-12-06 14:45:16,871 - INFO - 
[1661/2000] Processing G.R. No. 177374
2025-12-06 14:45:16,871 - INFO -   Title: Mariano Jose, et al. vs. Ernesto M. Novida, et al....
2025-12-06 14:45:17,316 - INFO -   ✓ Saved: RESTRUCTURED_DB/2014/jul/177374.json
2025-12-06 14:45:17,817 - INFO - 
[1662/2000] Processing G.R. No. 177425
2025-12-06 14:45:17,817 - INFO -   Title: Alonzo Gipa, et al. vs. Southern Luzon Institute as represen...
2025-12-06 14:45:18,056 - INFO -   ✓ Saved: RESTRUCTURED_DB/2014/jun/177425.json
2025-12-06 14:45:18,556 - INFO - 
[1663/2000] Processing G.R. No. 177484
2025-12-06 14:45:18,556 - INFO -   Title: Sps. Alejandro Manzanilla and Remedios Velasco vs. Waterfiel...
2025-12-06 14:45:19,001 - INFO -   ✓ Saved: RESTRUCTURED_DB/2014/jul/177484.json
2025-12-06 14:45:19,501 - INFO - 
[1664/2000] Processing G.R. No. 177493
2025-12-06 14:45:19,501 - INFO -   Title: Eric Godfrey Stanley Livesey vs Binswanger Philippines, Inc....
2025-12-06 14:45:20,631 - INFO -   ✓ Saved: RESTRUCTURED_DB/2014/mar/177493.json
2025-12-06 14:45:21,131 - INFO - 
[1665/2000] Processing G.R. No. 177524
2025-12-06 14:45:21,131 - INFO -   Title: National Union of Workers in Hotel Restaurant and Allied Ind...
2025-12-06 14:45:21,577 - INFO -   ✓ Saved: RESTRUCTURED_DB/2014/jul/177524.json
2025-12-06 14:45:22,077 - INFO - 
[1666/2000] Processing G.R. No. 177592
2025-12-06 14:45:22,077 - INFO -   Title: Avelino S. Alilin, et al. vs. Petron Corporation...
2025-12-06 14:45:22,537 - INFO -   ✓ Saved: RESTRUCTURED_DB/2014/jun/177592.json
2025-12-06 14:45:23,038 - INFO - 
[1667/2000] Processing G.R. No. 177616
2025-12-06 14:45:23,038 - INFO -   Title: Heirs of Spouses Joaquin Manguardia ans Susana Manalo, et al...
2025-12-06 14:45:23,484 - INFO -   ✓ Saved: RESTRUCTURED_DB/2014/aug/177616.json
2025-12-06 14:45:23,985 - INFO - 
[1668/2000] Processing G.R. No. 177845
2025-12-06 14:45:23,985 - INFO -   Title: Grace Christian High School, represented by its Principal, D...
2025-12-06 14:45:24,429 - INFO -   ✓ Saved: RESTRUCTURED_DB/2014/aug/177845.json
2025-12-06 14:45:24,930 - INFO - 
[1669/2000] Processing G.R. No. 178055
2025-12-06 14:45:24,930 - INFO -   Title: Amecos Innovations, Inc. and Antonio F. Mateo vs. Eliza R. L...
2025-12-06 14:45:25,374 - INFO -   ✓ Saved: RESTRUCTURED_DB/2014/jul/178055.json
2025-12-06 14:45:25,874 - INFO - 
[1670/2000] Processing G.R. No. 178115
2025-12-06 14:45:25,874 - INFO -   Title: People of the Philippines vs. Jojo Suhilhig, et al....
2025-12-06 14:45:26,319 - INFO -   ✓ Saved: RESTRUCTURED_DB/2014/jul/178115.json
2025-12-06 14:45:26,820 - INFO - 
[1671/2000] Processing G.R. No. 178145
2025-12-06 14:45:26,820 - INFO -   Title: Reynaldo S. Mariano vs. People of the Philippines...
2025-12-06 14:45:27,263 - INFO -   ✓ Saved: RESTRUCTURED_DB/2014/jul/178145.json
2025-12-06 14:45:27,763 - INFO - 
[1672/2000] Processing G.R. No. 178184
2025-12-06 14:45:27,763 - INFO -   Title: Gran Asian Shipping Lines, et al. vs. Wilfredo Galvez, et al...
2025-12-06 14:45:28,420 - INFO -   ✓ Saved: RESTRUCTURED_DB/2014/jan/178184.json
2025-12-06 14:45:28,921 - INFO - 
[1673/2000] Processing G.R. No. 178343
2025-12-06 14:45:28,921 - INFO -   Title: The Office of the Ombudsman vs. Alex M. Valencerina...
2025-12-06 14:45:29,365 - INFO -   ✓ Saved: RESTRUCTURED_DB/2014/jul/178343.json
2025-12-06 14:45:29,866 - INFO - 
[1674/2000] Processing G.R. No. 178451
2025-12-06 14:45:29,866 - INFO -   Title: Rural Bank of Cabadbaran, Inc. vs. Jorgita A. Melecio-Yap, e...
2025-12-06 14:45:30,311 - INFO -   ✓ Saved: RESTRUCTURED_DB/2014/jul/178451.json
2025-12-06 14:45:30,811 - INFO - 
[1675/2000] Processing G.R. No. 178497
2025-12-06 14:45:30,811 - INFO -   Title: Edita T. Burgos vs. Gen. Hermogenes Esperon, Jr., et al....
2025-12-06 14:45:31,463 - INFO -   ✓ Saved: RESTRUCTURED_DB/2014/feb/178497.json
2025-12-06 14:45:31,964 - INFO - 
[1676/2000] Processing G.R. No. 178512
2025-12-06 14:45:31,964 - INFO -   Title: Alfredo De Guzman, Jr. vs. People of the Philippines...
2025-12-06 14:45:32,202 - INFO -   ✓ Saved: RESTRUCTURED_DB/2014/nov/178512.json
2025-12-06 14:45:32,702 - INFO - 
[1677/2000] Processing G.R. No. 178564
2025-12-06 14:45:32,702 - INFO -   Title: INC Shipmanagement, Inc. Captain Sigfredo E. Monterroyo and/...
2025-12-06 14:45:33,148 - INFO -   ✓ Saved: RESTRUCTURED_DB/2014/jan/178564.json
2025-12-06 14:45:33,648 - INFO - 
[1678/2000] Processing G.R. No. 178733
2025-12-06 14:45:33,648 - INFO -   Title: Elisa Angeles vs. Court of Appeals, et al....
2025-12-06 14:45:34,585 - WARNING -   ✗ Could not fetch case from any URL
2025-12-06 14:45:34,585 - INFO - 
[1679/2000] Processing G.R. No. 178837
2025-12-06 14:45:34,585 - INFO -   Title: Colegio De San Juan De Letran vs. Isidra Dela Rosa-Meris...
2025-12-06 14:45:35,033 - INFO -   ✓ Saved: RESTRUCTURED_DB/2014/sep/178837.json
2025-12-06 14:45:35,533 - INFO - 
[1680/2000] Processing G.R. No. 178911
2025-12-06 14:45:35,533 - INFO -   Title: Eduardo D. Monsanto, et al. vs. Leoncio Lim and Lorenzo De G...
2025-12-06 14:45:35,978 - INFO -   ✓ Saved: RESTRUCTURED_DB/2014/sep/178911.json
2025-12-06 14:45:36,478 - INFO - 
[1681/2000] Processing G.R. No. 179080
2025-12-06 14:45:36,478 - INFO -   Title: Edigardo Geroche, et al. vs. People of the Philippines...
2025-12-06 14:45:36,716 - INFO -   ✓ Saved: RESTRUCTURED_DB/2014/nov/179080.json
2025-12-06 14:45:37,216 - INFO - 
[1682/2000] Processing G.R. No. 179155
2025-12-06 14:45:37,216 - INFO -   Title: Nicomedes J. Lozada vs. Eulalia Bracewell, et al....
2025-12-06 14:45:37,661 - INFO -   ✓ Saved: RESTRUCTURED_DB/2014/apr/179155.json
2025-12-06 14:45:38,161 - INFO - 
[1683/2000] Processing G.R. No. 179205
2025-12-06 14:45:38,161 - INFO -   Title: Heirs of Reynaldo Dela Rosa, Namely: Teofista Dela Rosa, Jos...
2025-12-06 14:45:38,615 - INFO -   ✓ Saved: RESTRUCTURED_DB/2014/jul/179205.json
2025-12-06 14:45:39,116 - INFO - 
[1684/2000] Processing G.R. No. 179260
2025-12-06 14:45:39,116 - INFO -   Title: Commissioner of Internal Revenue vs. Team (Philippines) Oper...
2025-12-06 14:45:39,560 - INFO -   ✓ Saved: RESTRUCTURED_DB/2014/apr/179260.json
2025-12-06 14:45:40,060 - INFO - 
[1685/2000] Processing G.R. No. 179367
2025-12-06 14:45:40,060 - INFO -   Title: Unilever Philippines, Inc. vs. Michael Tan a.k.a. Paul D. Ta...
2025-12-06 14:45:40,504 - INFO -   ✓ Saved: RESTRUCTURED_DB/2014/jan/179367.json
2025-12-06 14:45:41,004 - INFO - 
[1686/2000] Processing G.R. No. 179518
2025-12-06 14:45:41,005 - INFO -   Title: Bank of the Philippine Islands vs. Vicente Victor C. Sanchez...
2025-12-06 14:45:41,666 - INFO -   ✓ Saved: RESTRUCTURED_DB/2014/nov/179518.json
2025-12-06 14:45:42,166 - INFO - 
[1687/2000] Processing G.R. No. 179535
2025-12-06 14:45:42,166 - INFO -   Title: Jose Espineli a.k.a. Danilo Espineli vs. People of the Phili...
2025-12-06 14:45:42,615 - INFO -   ✓ Saved: RESTRUCTURED_DB/2014/jun/179535.json
2025-12-06 14:45:43,115 - INFO - 
[1688/2000] Processing G.R. No. 179571
2025-12-06 14:45:43,115 - INFO -   Title: Erlinda K. Ilusorio vs. Baguio Country Club Corp. and Anthon...
2025-12-06 14:45:43,353 - INFO -   ✓ Saved: RESTRUCTURED_DB/2014/jul/179571.json
2025-12-06 14:45:43,853 - INFO - 
[1689/2000] Processing G.R. No. 179597
2025-12-06 14:45:43,853 - INFO -   Title: Iglesia Filipina Independiente vs. Heirs of Bernardino Taeza...
2025-12-06 14:45:44,089 - INFO -   ✓ Saved: RESTRUCTURED_DB/2014/dec/179597.json
2025-12-06 14:45:44,590 - INFO - 
[1690/2000] Processing G.R. No. 179597
2025-12-06 14:45:44,590 - INFO -   Title: Iglesia Felipina Independiente vs. Heirs of Bernardino Taeza...
2025-12-06 14:45:45,034 - INFO -   ✓ Saved: RESTRUCTURED_DB/2014/feb/179597.json
2025-12-06 14:45:45,534 - INFO - 
[1691/2000] Processing G.R. No. 179625
2025-12-06 14:45:45,534 - INFO -   Title: Nicanora G. Bucton vs. Rural Bank of El Salvador, Inc. et al...
2025-12-06 14:45:45,979 - INFO -   ✓ Saved: RESTRUCTURED_DB/2014/feb/179625.json
2025-12-06 14:45:46,480 - INFO - 
[1692/2000] Processing G.R. No. 179654
2025-12-06 14:45:46,480 - INFO -   Title: Hacienda Leddy/Ricardo Gamboa, Jr. vs. Paquito Villegas...
2025-12-06 14:45:46,717 - INFO -   ✓ Saved: RESTRUCTURED_DB/2014/sep/179654.json
2025-12-06 14:45:47,218 - INFO - 
[1693/2000] Processing G.R. No. 179669
2025-12-06 14:45:47,218 - INFO -   Title: SR Metals, Inc., et al. vs. the Honorable Angelo T. Reyes, i...
2025-12-06 14:45:47,662 - INFO -   ✓ Saved: RESTRUCTURED_DB/2014/jun/179669.json
2025-12-06 14:45:48,162 - INFO - 
[1694/2000] Processing G.R. No. 179914
2025-12-06 14:45:48,162 - INFO -   Title: Sps. Reynaldo and Hilly G. Sombilon vs. Atty. Rey Ferdinand ...
2025-12-06 14:45:48,608 - INFO -   ✓ Saved: RESTRUCTURED_DB/2014/jun/179914.json
2025-12-06 14:45:49,108 - INFO - 
[1695/2000] Processing G.R. No. 179962
2025-12-06 14:45:49,108 - INFO -   Title: Dr. Joel C. Mendez vs. People of the Philippines and Court o...
2025-12-06 14:45:49,553 - INFO -   ✓ Saved: RESTRUCTURED_DB/2014/jun/179962.json
2025-12-06 14:45:50,053 - INFO - 
[1696/2000] Processing G.R. No. 180016
2025-12-06 14:45:50,053 - INFO -   Title: Lito Corpuz vs. People of the Philippines...
2025-12-06 14:45:50,707 - INFO -   ✓ Saved: RESTRUCTURED_DB/2014/apr/180016.json
2025-12-06 14:45:51,208 - INFO - 
[1697/2000] Processing G.R. No. 180069
2025-12-06 14:45:51,208 - INFO -   Title: Philippine Commercial International Bank (now BDO Unibank, I...
2025-12-06 14:45:51,446 - INFO -   ✓ Saved: RESTRUCTURED_DB/2014/mar/180069.json
2025-12-06 14:45:51,946 - INFO - 
[1698/2000] Processing G.R. No. 180086
2025-12-06 14:45:51,946 - INFO -   Title: AFP Retirement and Separation Benefits System [AFP-RSBS] vs....
2025-12-06 14:45:52,390 - INFO -   ✓ Saved: RESTRUCTURED_DB/2014/jul/180086.json
2025-12-06 14:45:52,890 - INFO - 
[1699/2000] Processing G.R. No. 180105
2025-12-06 14:45:52,890 - INFO -   Title: Sps. David Eserjose and Zenaida Eserjose vs. Allied Banking ...
2025-12-06 14:45:53,812 - INFO -   ✓ Saved: RESTRUCTURED_DB/2014/apr/180105.json
2025-12-06 14:45:54,312 - INFO - 
[1700/2000] Processing G.R. No. 180134
2025-12-06 14:45:54,313 - INFO -   Title: Rafael Vales, et al. vs Ma. Luz Choresca Galinato, et al....
2025-12-06 14:45:54,758 - INFO -   ✓ Saved: RESTRUCTURED_DB/2014/mar/180134.json
2025-12-06 14:45:55,258 - INFO - 
[1701/2000] Processing G.R. No. 180144
2025-12-06 14:45:55,258 - INFO -   Title: Leonardo Bognot vs. RPI Lending Corporation represented by i...
2025-12-06 14:45:55,704 - INFO -   ✓ Saved: RESTRUCTURED_DB/2014/sep/180144.json
2025-12-06 14:45:56,204 - INFO - 
[1702/2000] Processing G.R. No. 180147
2025-12-06 14:45:56,204 - INFO -   Title: Sara Lee Philippines, Inc. vs. Emilinda D. Macatlang, et al....
2025-12-06 14:45:56,653 - INFO -   ✓ Saved: RESTRUCTURED_DB/2014/jun/180147.json
2025-12-06 14:45:57,154 - INFO - 
[1703/2000] Processing G.R. No. 180290
2025-12-06 14:45:57,154 - INFO -   Title: Commissioner of Internal Revenue vs. Philippine National Ban...
2025-12-06 14:45:57,401 - INFO -   ✓ Saved: RESTRUCTURED_DB/2014/sep/180290.json
2025-12-06 14:45:57,901 - INFO - 
[1704/2000] Processing G.R. No. 180343
2025-12-06 14:45:57,901 - INFO -   Title: Bahia Shipping Services, Inc. and Fred Olsen Cruise Lines Li...
2025-12-06 14:45:58,153 - INFO -   ✓ Saved: RESTRUCTURED_DB/2014/jul/180343.json
2025-12-06 14:45:58,653 - INFO - 
[1705/2000] Processing G.R. No. 180364
2025-12-06 14:45:58,653 - INFO -   Title: Tse Sun Wong also Known as Joseph Wong vs. Kenny Wong...
2025-12-06 14:45:59,099 - INFO -   ✓ Saved: RESTRUCTURED_DB/2014/dec/180364.json
2025-12-06 14:45:59,599 - INFO - 
[1706/2000] Processing G.R. No. 180416
2025-12-06 14:45:59,599 - INFO -   Title: Aderito Z. Yujuico and Bonifacio C. Sumbilla vs. Cezar T. Qu...
2025-12-06 14:45:59,841 - INFO -   ✓ Saved: RESTRUCTURED_DB/2014/jun/180416.json
2025-12-06 14:46:00,341 - INFO - 
[1707/2000] Processing G.R. No. 180496
2025-12-06 14:46:00,341 - INFO -   Title: People of the Philippines vs. Roy San Gaspar...
2025-12-06 14:46:00,581 - INFO -   ✓ Saved: RESTRUCTURED_DB/2014/apr/180496.json
2025-12-06 14:46:01,081 - INFO - 
[1708/2000] Processing G.R. No. 180651
2025-12-06 14:46:01,081 - INFO -   Title: Nursery Care Corporation, et al. vs. Anthony Acevedo, in his...
2025-12-06 14:46:01,526 - INFO -   ✓ Saved: RESTRUCTURED_DB/2014/jul/180651.json
2025-12-06 14:46:02,027 - INFO - 
[1709/2000] Processing G.R. No. 180654
2025-12-06 14:46:02,027 - INFO -   Title: National Power Corporation vs. Provincial Government of Bata...
2025-12-06 14:46:02,264 - INFO -   ✓ Saved: RESTRUCTURED_DB/2014/apr/180654.json
2025-12-06 14:46:02,764 - INFO - 
[1710/2000] Processing G.R. No. 180962
2025-12-06 14:46:02,764 - INFO -   Title: Philtranco Service Enterprises, Inc. rep. by its Vice Presid...
2025-12-06 14:46:03,212 - INFO -   ✓ Saved: RESTRUCTURED_DB/2014/feb/180962.json
2025-12-06 14:46:03,712 - INFO - 
[1711/2000] Processing G.R. No. 180972
2025-12-06 14:46:03,713 - INFO -   Title: Jonas Michael R. Garza vs. Coca-Cola Bottlers Phils., Inc., ...
2025-12-06 14:46:04,160 - INFO -   ✓ Saved: RESTRUCTURED_DB/2014/jan/180972.json
2025-12-06 14:46:04,660 - INFO - 
[1712/2000] Processing G.R. No. 181045
2025-12-06 14:46:04,660 - INFO -   Title: Spouses Eduardo and Lydia Silos vs. Philippine National Bank...
2025-12-06 14:46:05,113 - INFO -   ✓ Saved: RESTRUCTURED_DB/2014/jul/181045.json
2025-12-06 14:46:05,613 - INFO - 
[1713/2000] Processing G.R. No. 181055
2025-12-06 14:46:05,613 - INFO -   Title: Heirs of Teresita Montoya, et al. vs National Housing Author...
2025-12-06 14:46:05,853 - INFO -   ✓ Saved: RESTRUCTURED_DB/2014/mar/181055.json
2025-12-06 14:46:06,353 - INFO - 
[1714/2000] Processing G.R. No. 181459
2025-12-06 14:46:06,353 - INFO -   Title: Commissioner of Internal Revenue vs. Manila Electric Company...
2025-12-06 14:46:06,592 - INFO -   ✓ Saved: RESTRUCTURED_DB/2014/jun/181459.json
2025-12-06 14:46:07,092 - INFO - 
[1715/2000] Processing G.R. No. 181490
2025-12-06 14:46:07,092 - INFO -   Title: Mirant (Philippines) Corporation, et al. vs. Joselito A. Car...
2025-12-06 14:46:07,539 - INFO -   ✓ Saved: RESTRUCTURED_DB/2014/apr/181490.json
2025-12-06 14:46:08,040 - INFO - 
[1716/2000] Processing G.R. No. 181541
2025-12-06 14:46:08,040 - INFO -   Title: People of the Philippines vs. Marissa Marcelo...
2025-12-06 14:46:08,291 - INFO -   ✓ Saved: RESTRUCTURED_DB/2014/aug/181541.json
2025-12-06 14:46:08,792 - INFO - 
[1717/2000] Processing G.R. No. 181676
2025-12-06 14:46:08,792 - INFO -   Title: Asian Construction and Development Corporation vs. Sannaedle...
2025-12-06 14:46:09,029 - INFO -   ✓ Saved: RESTRUCTURED_DB/2014/jun/181676.json
2025-12-06 14:46:09,530 - INFO - 
[1718/2000] Processing G.R. No. 181719
2025-12-06 14:46:09,530 - INFO -   Title: Eugene S. Arabit, et al. vs. Jerdine Pacific Finance, Inc....
2025-12-06 14:46:09,984 - INFO -   ✓ Saved: RESTRUCTURED_DB/2014/apr/181719.json
2025-12-06 14:46:10,484 - INFO - 
[1719/2000] Processing G.R. No. 181723
2025-12-06 14:46:10,484 - INFO -   Title: Elizabeth Del Carmen vs. Spouses Restituto Sabordo and Mima ...
2025-12-06 14:46:10,722 - INFO -   ✓ Saved: RESTRUCTURED_DB/2014/aug/181723.json
2025-12-06 14:46:11,223 - INFO - 
[1720/2000] Processing G.R. No. 181760
2025-12-06 14:46:11,223 - INFO -   Title: Atty. Anacleto B. Buena, Jr., MNSA, etc. vs. Dr. Sangcad D. ...
2025-12-06 14:46:11,670 - INFO -   ✓ Saved: RESTRUCTURED_DB/2014/oct/181760.json
2025-12-06 14:46:12,170 - INFO - 
[1721/2000] Processing G.R. No. 181792
2025-12-06 14:46:12,170 - INFO -   Title: Star Special Watchmen and Detective Angency, Inc., et al. vs...
2025-12-06 14:46:12,617 - INFO -   ✓ Saved: RESTRUCTURED_DB/2014/apr/181792.json
2025-12-06 14:46:13,117 - INFO - 
[1722/2000] Processing G.R. No. 181806
2025-12-06 14:46:13,117 - INFO -   Title: Wesleyan University-Philippines vs Wesleyan University-Phili...
2025-12-06 14:46:13,356 - INFO -   ✓ Saved: RESTRUCTURED_DB/2014/mar/181806.json
2025-12-06 14:46:13,856 - INFO - 
[1723/2000] Processing G.R. No. 181836
2025-12-06 14:46:13,856 - INFO -   Title: Bank of the Philippine Islands vs. Commissioner of Internal ...
2025-12-06 14:46:14,095 - INFO -   ✓ Saved: RESTRUCTURED_DB/2014/jul/181836.json
2025-12-06 14:46:14,595 - INFO - 
[1724/2000] Processing G.R. No. 181843
2025-12-06 14:46:14,595 - INFO -   Title: Miguel Cirera y Ustelo vs. People of the Philippines...
2025-12-06 14:46:15,044 - INFO -   ✓ Saved: RESTRUCTURED_DB/2014/jul/181843.json
2025-12-06 14:46:15,544 - INFO - 
[1725/2000] Processing G.R. No. 181921
2025-12-06 14:46:15,544 - INFO -   Title: Interorient Maritime Enteprises, Inc. vs. Victor M. Creer, I...
2025-12-06 14:46:15,990 - INFO -   ✓ Saved: RESTRUCTURED_DB/2014/sep/181921.json
2025-12-06 14:46:16,490 - INFO - 
[1726/2000] Processing G.R. No. 181949
2025-12-06 14:46:16,490 - INFO -   Title: Heirs of Francisco Bihag, namely: Alejandra Bihag, et al. vs...
2025-12-06 14:46:16,730 - INFO -   ✓ Saved: RESTRUCTURED_DB/2014/apr/181949.json
2025-12-06 14:46:17,230 - INFO - 
[1727/2000] Processing G.R. No. 182153
2025-12-06 14:46:17,230 - INFO -   Title: Tung Ho Steel Enterprises Corporation vs. Ting Guan Trading ...
2025-12-06 14:46:17,676 - INFO -   ✓ Saved: RESTRUCTURED_DB/2014/apr/182153.json
2025-12-06 14:46:18,176 - INFO - 
[1728/2000] Processing G.R. No. 182399
2025-12-06 14:46:18,176 - INFO -   Title: CS Garment, Inc. vs Commissioner of Internal Revenue...
2025-12-06 14:46:18,622 - INFO -   ✓ Saved: RESTRUCTURED_DB/2014/mar/182399.json
2025-12-06 14:46:19,123 - INFO - 
[1729/2000] Processing G.R. No. 182424
2025-12-06 14:46:19,123 - INFO -   Title: Nenita Carganillo vs. People of the Philippines...
2025-12-06 14:46:19,367 - INFO -   ✓ Saved: RESTRUCTURED_DB/2014/sep/182424.json
2025-12-06 14:46:19,867 - INFO - 
[1730/2000] Processing G.R. No. 182438
2025-12-06 14:46:19,867 - INFO -   Title: Rene Ronulo vs. People of the philippines...
2025-12-06 14:46:20,311 - INFO -   ✓ Saved: RESTRUCTURED_DB/2014/jul/182438.json
2025-12-06 14:46:20,812 - INFO - 
[1731/2000] Processing G.R. No. 182472
2025-12-06 14:46:20,812 - INFO -   Title: Land Bank of the Philippines vs. Jaime K. Ibarra, et al....
2025-12-06 14:46:21,255 - INFO -   ✓ Saved: RESTRUCTURED_DB/2014/nov/182472.json
2025-12-06 14:46:21,756 - INFO - 
[1732/2000] Processing G.R. No. 182573
2025-12-06 14:46:21,756 - INFO -   Title: Ray Shu vs. Jaime Dee, et al....
2025-12-06 14:46:22,200 - INFO -   ✓ Saved: RESTRUCTURED_DB/2014/apr/182573.json
2025-12-06 14:46:22,700 - INFO - 
[1733/2000] Processing G.R. No. 182601
2025-12-06 14:46:22,700 - INFO -   Title: Joey M. Pestilos, Dwight Macapanas, et al. vs. Moreno Genero...
2025-12-06 14:46:23,149 - INFO -   ✓ Saved: RESTRUCTURED_DB/2014/nov/182601.json
2025-12-06 14:46:23,649 - INFO - 
[1734/2000] Processing G.R. No. 182704
2025-12-06 14:46:23,649 - INFO -   Title: Land Bank of the Philippines vs. Victorino Peralta...
2025-12-06 14:46:23,889 - INFO -   ✓ Saved: RESTRUCTURED_DB/2014/apr/182704.json
2025-12-06 14:46:24,389 - INFO - 
[1735/2000] Processing G.R. No. 182705
2025-12-06 14:46:24,389 - INFO -   Title: Vicente Josefa vs. Manila Electric Company...
2025-12-06 14:46:24,835 - INFO -   ✓ Saved: RESTRUCTURED_DB/2014/jul/182705.json
2025-12-06 14:46:25,335 - INFO - 
[1736/2000] Processing G.R. No. 182738
2025-12-06 14:46:25,335 - INFO -   Title: Capitol Hills Gold & Country Club, Inc. and Pablo B. Roman, ...
2025-12-06 14:46:25,582 - INFO -   ✓ Saved: RESTRUCTURED_DB/2014/feb/182738.json
2025-12-06 14:46:26,082 - INFO - 
[1737/2000] Processing G.R. No. 182770
2025-12-06 14:46:26,082 - INFO -   Title: WPM International Trading, Inc. and Warlito P. Manlapaz vs. ...
2025-12-06 14:46:26,320 - INFO -   ✓ Saved: RESTRUCTURED_DB/2014/sep/182770.json
2025-12-06 14:46:26,821 - INFO - 
[1738/2000] Processing G.R. No. 182794
2025-12-06 14:46:26,821 - INFO -   Title: People of the Philippines vs. Bobby Belgay...
2025-12-06 14:46:27,265 - INFO -   ✓ Saved: RESTRUCTURED_DB/2014/sep/182794.json
2025-12-06 14:46:27,766 - INFO - 
[1739/2000] Processing G.R. No. 182839
2025-12-06 14:46:27,766 - INFO -   Title: Philippine National Bank vs. Jose Garcia and children, et al...
2025-12-06 14:46:28,016 - INFO -   ✓ Saved: RESTRUCTURED_DB/2014/jun/182839.json
2025-12-06 14:46:28,516 - INFO - 
[1740/2000] Processing G.R. No. 182894
2025-12-06 14:46:28,516 - INFO -   Title: Fe Floro Valino vs. Rosario D. Adriano, et al....
2025-12-06 14:46:28,959 - INFO -   ✓ Saved: RESTRUCTURED_DB/2014/apr/182894.json
2025-12-06 14:46:29,460 - INFO - 
[1741/2000] Processing G.R. No. 182908
2025-12-06 14:46:29,460 - INFO -   Title: Heirs of Francisco I. Narvasa, Sr., et al. vs. Emiliana Imbo...
2025-12-06 14:46:29,905 - INFO -   ✓ Saved: RESTRUCTURED_DB/2014/aug/182908.json
2025-12-06 14:46:30,406 - INFO - 
[1742/2000] Processing G.R. No. 182970
2025-12-06 14:46:30,406 - INFO -   Title: Emiliano S. Samson vs. Spouses Jose and Guillermina Gabor, T...
2025-12-06 14:46:30,851 - INFO -   ✓ Saved: RESTRUCTURED_DB/2014/jul/182970.json
2025-12-06 14:46:31,351 - INFO - 
[1743/2000] Processing G.R. No. 183015
2025-12-06 14:46:31,351 - INFO -   Title: Republic of the Philippines, represented by the Secretary of...
2025-12-06 14:46:31,589 - INFO -   ✓ Saved: RESTRUCTURED_DB/2014/jan/183015.json
2025-12-06 14:46:32,089 - INFO - 
[1744/2000] Processing G.R. No. 183034
2025-12-06 14:46:32,089 - INFO -   Title: Sps. Fernando and Ma. Elena Santos vs Lolita Alcazar, rep. b...
2025-12-06 14:46:32,535 - INFO -   ✓ Saved: RESTRUCTURED_DB/2014/mar/183034.json
2025-12-06 14:46:33,035 - INFO - 
[1745/2000] Processing G.R. No. 183161
2025-12-06 14:46:33,036 - INFO -   Title: Office of the Ombudsman vs. Amalio A. Mallari...
2025-12-06 14:46:33,482 - INFO -   ✓ Saved: RESTRUCTURED_DB/2014/dec/183161.json
2025-12-06 14:46:33,982 - INFO - 
[1746/2000] Processing G.R. No. 183202
2025-12-06 14:46:33,982 - INFO -   Title: Alberto Almojuela y Villanueva vs. People of the Philippines...
2025-12-06 14:46:34,221 - INFO -   ✓ Saved: RESTRUCTURED_DB/2014/jun/183202.json
2025-12-06 14:46:34,721 - INFO - 
[1747/2000] Processing G.R. No. 183204
2025-12-06 14:46:34,721 - INFO -   Title: Metropolitan Bank & Trust Company vs. Ana Grace Rosales and ...
2025-12-06 14:46:35,167 - INFO -   ✓ Saved: RESTRUCTURED_DB/2014/jan/183204.json
2025-12-06 14:46:35,667 - INFO - 
[1748/2000] Processing G.R. No. 183239
2025-12-06 14:46:35,667 - INFO -   Title: Gregorio De Leon, doing business as G.D.L. Marketing vs. Her...
2025-12-06 14:46:35,906 - INFO -   ✓ Saved: RESTRUCTURED_DB/2014/jun/183239.json
2025-12-06 14:46:36,406 - INFO - 
[1749/2000] Processing G.R. No. 183272
2025-12-06 14:46:36,406 - INFO -   Title: Sun Life of Canada (Philippines), Inc. vs. Sandra Tan Kit an...
2025-12-06 14:46:36,853 - INFO -   ✓ Saved: RESTRUCTURED_DB/2014/oct/183272.json
2025-12-06 14:46:37,353 - INFO - 
[1750/2000] Processing G.R. No. 183290
2025-12-06 14:46:37,353 - INFO -   Title: Department fo Agrarian Reform, rep by Secretary Nasser C. Pa...
2025-12-06 14:46:37,798 - INFO -   ✓ Saved: RESTRUCTURED_DB/2014/jul/183290.json
2025-12-06 14:46:38,298 - INFO - 
[1751/2000] Processing G.R. No. 183345
2025-12-06 14:46:38,299 - INFO -   Title: Ma. Gracia Hao and Danny Hao vs. People of the Philippines...
2025-12-06 14:46:38,744 - INFO -   ✓ Saved: RESTRUCTURED_DB/2014/sep/183345.json
2025-12-06 14:46:39,244 - INFO - 
[1752/2000] Processing G.R. No. 183360
2025-12-06 14:46:39,244 - INFO -   Title: Rolando C. Dela Paz vs. L & J Development Company...
2025-12-06 14:46:39,689 - INFO -   ✓ Saved: RESTRUCTURED_DB/2014/sep/183360.json
2025-12-06 14:46:40,189 - INFO - 
[1753/2000] Processing G.R. No. 183421
2025-12-06 14:46:40,190 - INFO -   Title: Commissioner of Internal Revenue vs. Aichi Forging Company o...
2025-12-06 14:46:40,431 - INFO -   ✓ Saved: RESTRUCTURED_DB/2014/oct/183421.json
2025-12-06 14:46:40,931 - INFO - 
[1754/2000] Processing G.R. No. 183551
2025-12-06 14:46:40,931 - INFO -   Title: The People of the Philippines vs. Engr. Rodolfo Yecyec, Roge...
2025-12-06 14:46:41,376 - INFO -   ✓ Saved: RESTRUCTURED_DB/2014/nov/183551.json
2025-12-06 14:46:41,877 - INFO - 
[1755/2000] Processing G.R. No. 183589
2025-12-06 14:46:41,877 - INFO -   Title: Charlie Lim, represented by his heirs, and Lilia Salanguit v...
2025-12-06 14:46:42,321 - INFO -   ✓ Saved: RESTRUCTURED_DB/2014/jun/183589.json
2025-12-06 14:46:42,821 - INFO - 
[1756/2000] Processing G.R. No. 183664
2025-12-06 14:46:42,822 - INFO -   Title: Airlift Asia Customs Brokerage Inc., and Allan G. Benedicto ...
2025-12-06 14:46:43,060 - INFO -   ✓ Saved: RESTRUCTURED_DB/2014/jul/183664.json
2025-12-06 14:46:43,560 - INFO - 
[1757/2000] Processing G.R. No. 183700
2025-12-06 14:46:43,560 - INFO -   Title: People of the Philippines vs. Pablito Andaya y Reano...
2025-12-06 14:46:44,004 - INFO -   ✓ Saved: RESTRUCTURED_DB/2014/oct/183700.json
2025-12-06 14:46:44,504 - INFO - 
[1758/2000] Processing G.R. No. 183795
2025-12-06 14:46:44,504 - INFO -   Title: Prudential Bank (now Bank of the Philippine Islands) as the ...
2025-12-06 14:46:44,949 - INFO -   ✓ Saved: RESTRUCTURED_DB/2014/nov/183795.json
2025-12-06 14:46:45,450 - INFO - 
[1759/2000] Processing G.R. No. 183872
2025-12-06 14:46:45,450 - INFO -   Title: Owen Prosper A. Mackay vs. Spouses Dana Caswell and Cerelina...
2025-12-06 14:46:45,901 - INFO -   ✓ Saved: RESTRUCTURED_DB/2014/nov/183872.json
2025-12-06 14:46:46,401 - INFO - 
[1760/2000] Processing G.R. No. 183901
2025-12-06 14:46:46,401 - INFO -   Title: Department of Agrarian Reform vs. Salud Gacias Berina, et al...
2025-12-06 14:46:46,846 - INFO -   ✓ Saved: RESTRUCTURED_DB/2014/jul/183901.json
2025-12-06 14:46:47,346 - INFO - 
[1761/2000] Processing G.R. No. 183918
2025-12-06 14:46:47,346 - INFO -   Title: Francisco Lim vs. Equitable PCI Bank, now known as Banco De ...
2025-12-06 14:46:47,587 - INFO -   ✓ Saved: RESTRUCTURED_DB/2014/jan/183918.json
2025-12-06 14:46:48,087 - INFO - 
[1762/2000] Processing G.R. No. 183994
2025-12-06 14:46:48,087 - INFO -   Title: William Co a.k.a. Xu Quing He vs. New Prosperity Plastic Pro...
2025-12-06 14:46:48,532 - INFO -   ✓ Saved: RESTRUCTURED_DB/2014/jun/183994.json
2025-12-06 14:46:49,032 - INFO - 
[1763/2000] Processing G.R. No. 184000
2025-12-06 14:46:49,032 - INFO -   Title: Puerto Azul Land, Inc. vs. Pacific Wide Realty Development C...
2025-12-06 14:46:49,278 - INFO -   ✓ Saved: RESTRUCTURED_DB/2014/sep/184000.json
2025-12-06 14:46:49,779 - INFO - 
[1764/2000] Processing G.R. No. 184045
2025-12-06 14:46:49,779 - INFO -   Title: Spouses Nicasio C. Marquez and Anita J. Marquez vs. Spouses ...
2025-12-06 14:46:50,235 - INFO -   ✓ Saved: RESTRUCTURED_DB/2014/jan/184045.json
2025-12-06 14:46:50,735 - INFO - 
[1765/2000] Processing G.R. No. 184148
2025-12-06 14:46:50,735 - INFO -   Title: Nora B. Calalang-Parulan, et al. vs. Rosario Calalang-Garcia...
2025-12-06 14:46:50,973 - INFO -   ✓ Saved: RESTRUCTURED_DB/2014/jun/184148.json
2025-12-06 14:46:51,474 - INFO - 
[1766/2000] Processing G.R. No. 184203
2025-12-06 14:46:51,474 - INFO -   Title: City of Lapu-Lapu vs. Philippine Economic Zone Authority/Pro...
2025-12-06 14:46:52,345 - INFO -   ✓ Saved: RESTRUCTURED_DB/2014/nov/184203.json
2025-12-06 14:46:52,845 - INFO - 
[1767/2000] Processing G.R. No. 184295
2025-12-06 14:46:52,845 - INFO -   Title: National Transmission Corporation vs. Alpha Omega Integrated...
2025-12-06 14:46:53,085 - INFO -   ✓ Saved: RESTRUCTURED_DB/2014/jul/184295.json
2025-12-06 14:46:53,585 - INFO - 
[1768/2000] Processing G.R. No. 184318
2025-12-06 14:46:53,585 - INFO -   Title: Antonio E. Unica vs. Anscor Swire Ship Management Corporatio...
2025-12-06 14:46:53,829 - INFO -   ✓ Saved: RESTRUCTURED_DB/2014/feb/184318.json
2025-12-06 14:46:54,329 - INFO - 
[1769/2000] Processing G.R. No. 184618
2025-12-06 14:46:54,329 - INFO -   Title: Peak Ventures Corporation and/or El Tigre Security Investiga...
2025-12-06 14:46:54,773 - INFO -   ✓ Saved: RESTRUCTURED_DB/2014/nov/184618.json
2025-12-06 14:46:55,274 - INFO - 
[1770/2000] Processing G.R. No. 184758
2025-12-06 14:46:55,274 - INFO -   Title: People of the Philippines vs. Sonny Sabdula y Amanda...
2025-12-06 14:46:55,718 - INFO -   ✓ Saved: RESTRUCTURED_DB/2014/apr/184758.json
2025-12-06 14:46:56,218 - INFO - 
[1771/2000] Processing G.R. No. 184982
2025-12-06 14:46:56,218 - INFO -   Title: Land Bank of the Philippines vs. Jose T. Lajom, rep. by Porf...
2025-12-06 14:46:56,671 - INFO -   ✓ Saved: RESTRUCTURED_DB/2014/aug/184982.json
2025-12-06 14:46:57,171 - INFO - 
[1772/2000] Processing G.R. No. 185092
2025-12-06 14:46:57,171 - INFO -   Title: Republic of the Philippines vs. Corazon C. Sese and Fe C. Se...
2025-12-06 14:46:57,615 - INFO -   ✓ Saved: RESTRUCTURED_DB/2014/jun/185092.json
2025-12-06 14:46:58,116 - INFO - 
[1773/2000] Processing G.R. No. 185100
2025-12-06 14:46:58,116 - INFO -   Title: Girly G. Ico vs. Systems Technology Institute, Inc., et al....
2025-12-06 14:46:58,564 - INFO -   ✓ Saved: RESTRUCTURED_DB/2014/jul/185100.json
2025-12-06 14:46:59,065 - INFO - 
[1774/2000] Processing G.R. No. 185145
2025-12-06 14:46:59,065 - INFO -   Title: Sps. Vicente Afullugencia and Leticia Afulugencia vs. Metrop...
2025-12-06 14:46:59,304 - INFO -   ✓ Saved: RESTRUCTURED_DB/2014/feb/185145.json
2025-12-06 14:46:59,804 - INFO - 
[1775/2000] Processing G.R. No. 185267
2025-12-06 14:46:59,804 - INFO -   Title: Cesar T. Quiambao and Eric C. Pilapil vs. People of the Phil...
2025-12-06 14:47:00,043 - INFO -   ✓ Saved: RESTRUCTURED_DB/2014/sep/185267.json
2025-12-06 14:47:00,543 - INFO - 
[1776/2000] Processing G.R. No. 185449
2025-12-06 14:47:00,543 - INFO -   Title: Goodyear Philippines, Inc. and Remegio M. Ramos vs. Marina L...
2025-12-06 14:47:00,989 - INFO -   ✓ Saved: RESTRUCTURED_DB/2014/nov/185449.json
2025-12-06 14:47:01,489 - INFO - 
[1777/2000] Processing G.R. No. 185565
2025-12-06 14:47:01,489 - INFO -   Title: Loadstar Shipping Company Inc., et al. vs. Malayan Insurance...
2025-12-06 14:47:01,934 - INFO -   ✓ Saved: RESTRUCTURED_DB/2014/nov/185565.json
2025-12-06 14:47:02,434 - INFO - 
[1778/2000] Processing G.R. No. 185590
2025-12-06 14:47:02,434 - INFO -   Title: Metropolitan Bankd and Trust Company vs. Ley Construction an...
2025-12-06 14:47:02,882 - INFO -   ✓ Saved: RESTRUCTURED_DB/2014/dec/185590.json
2025-12-06 14:47:03,382 - INFO - 
[1779/2000] Processing G.R. No. 185745
2025-12-06 14:47:03,382 - INFO -   Title: Sps. Dominador Marcos, et al. vs. Heirs of Isidro Bangi, et ...
2025-12-06 14:47:03,620 - INFO -   ✓ Saved: RESTRUCTURED_DB/2014/oct/185745.json
2025-12-06 14:47:04,121 - INFO - 
[1780/2000] Processing G.R. No. 185798
2025-12-06 14:47:04,121 - INFO -   Title: Fil-Estate Properties, Inc. and Fil-Estate Network, Inc. vs....
2025-12-06 14:47:04,359 - INFO -   ✓ Saved: RESTRUCTURED_DB/2014/jan/185798.json
2025-12-06 14:47:04,859 - INFO - 
[1781/2000] Processing G.R. No. 185838
2025-12-06 14:47:04,859 - INFO -   Title: Ricardo V. Quintos vs. Department of Agrarian Reform Adjudic...
2025-12-06 14:47:05,304 - INFO -   ✓ Saved: RESTRUCTURED_DB/2014/feb/185838.json
2025-12-06 14:47:05,804 - INFO - 
[1782/2000] Processing G.R. No. 185922
2025-12-06 14:47:05,804 - INFO -   Title: Heirs of Dr. Mariano Favis, Sr., represented by their co-hei...
2025-12-06 14:47:06,248 - INFO -   ✓ Saved: RESTRUCTURED_DB/2014/jan/185922.json
2025-12-06 14:47:06,748 - INFO - 
[1783/2000] Processing G.R. No. 185964
2025-12-06 14:47:06,748 - INFO -   Title: Asian Terminals, Inc. vs. First Lepanto-Taisho Insurance Cor...
2025-12-06 14:47:07,195 - INFO -   ✓ Saved: RESTRUCTURED_DB/2014/jun/185964.json
2025-12-06 14:47:07,695 - INFO - 
[1784/2000] Processing G.R. No. 185969
2025-12-06 14:47:07,695 - INFO -   Title: AT&T Communications Services Phils., Inc. vs. Commissioner o...
2025-12-06 14:47:08,142 - INFO -   ✓ Saved: RESTRUCTURED_DB/2014/nov/185969.json
2025-12-06 14:47:08,643 - INFO - 
[1785/2000] Processing G.R. No. 186063
2025-12-06 14:47:08,643 - INFO -   Title: Philippine National Bank vs. San Miguel Corporation...
2025-12-06 14:47:08,886 - INFO -   ✓ Saved: RESTRUCTURED_DB/2014/jan/186063.json
2025-12-06 14:47:09,387 - INFO - 
[1786/2000] Processing G.R. No. 186439
2025-12-06 14:47:09,387 - INFO -   Title: Universal Robina Sugar Milling Corporation and Rene Cabati...
2025-12-06 14:47:09,832 - INFO -   ✓ Saved: RESTRUCTURED_DB/2014/jan/186439.json
2025-12-06 14:47:10,333 - INFO - 
[1787/2000] Processing G.R. No. 186455
2025-12-06 14:47:10,333 - INFO -   Title: People of the Philippines vs. Rosalinda Casabuena...
2025-12-06 14:47:10,777 - INFO -   ✓ Saved: RESTRUCTURED_DB/2014/nov/186455.json
2025-12-06 14:47:11,277 - INFO - 
[1788/2000] Processing G.R. No. 186589
2025-12-06 14:47:11,277 - INFO -   Title: Ricardo C. Silverio, Sr. and Lorna Cilian-Silverio vs. Ricar...
2025-12-06 14:47:11,722 - INFO -   ✓ Saved: RESTRUCTURED_DB/2014/jul/186589.json
2025-12-06 14:47:12,222 - INFO - 
[1789/2000] Processing G.R. No. 186621
2025-12-06 14:47:12,222 - INFO -   Title: South East International Rattan, Inc. and/or Estanislao Agba...
2025-12-06 14:47:12,667 - INFO -   ✓ Saved: RESTRUCTURED_DB/2014/mar/186621.json
2025-12-06 14:47:13,167 - INFO - 
[1790/2000] Processing G.R. No. 186622
2025-12-06 14:47:13,167 - INFO -   Title: Peblia Alfaro, et al. vs. Sps. Editho and Hera Dumalagan, et...
2025-12-06 14:47:13,406 - INFO -   ✓ Saved: RESTRUCTURED_DB/2014/jan/186622.json
2025-12-06 14:47:13,907 - INFO - 
[1791/2000] Processing G.R. No. 186639
2025-12-06 14:47:13,907 - INFO -   Title: Republic of the Philippines vs. Emmanuel C. Cortez...
2025-12-06 14:47:14,565 - INFO -   ✓ Saved: RESTRUCTURED_DB/2014/feb/186639.json
2025-12-06 14:47:15,065 - INFO - 
[1792/2000] Processing G.R. No. 186657
2025-12-06 14:47:15,065 - INFO -   Title: Dominga B. Quito vs. Stop and Save Corporation, as represent...
2025-12-06 14:47:15,508 - INFO -   ✓ Saved: RESTRUCTURED_DB/2014/jun/186657.json
2025-12-06 14:47:16,008 - INFO - 
[1793/2000] Processing G.R. No. 187000
2025-12-06 14:47:16,008 - INFO -   Title: People of the Philippines vs. Aquilino Andrade, et al....
2025-12-06 14:47:16,465 - INFO -   ✓ Saved: RESTRUCTURED_DB/2014/nov/187000.json
2025-12-06 14:47:16,965 - INFO - 
[1794/2000] Processing G.R. No. 187061
2025-12-06 14:47:16,965 - INFO -   Title: Celerina J. Santos vs. Ricardo T. Santos...
2025-12-06 14:47:17,904 - WARNING -   ✗ Could not fetch case from any URL
2025-12-06 14:47:17,904 - INFO - 
[1795/2000] Processing G.R. No. 187144
2025-12-06 14:47:17,904 - INFO -   Title: Carmen T. Gahol, substituted by her heirs, Ricardo T. Gahol,...
2025-12-06 14:47:18,348 - INFO -   ✓ Saved: RESTRUCTURED_DB/2014/sep/187144.json
2025-12-06 14:47:18,848 - INFO - 
[1796/2000] Processing G.R. No. 187240
2025-12-06 14:47:18,848 - INFO -   Title: Carlos A. Loria vs. Ludolfo P. Muñoz, Jr....
2025-12-06 14:47:19,500 - INFO -   ✓ Saved: RESTRUCTURED_DB/2014/oct/187240.json
2025-12-06 14:47:20,000 - INFO - 
[1797/2000] Processing G.R. No. 187401
2025-12-06 14:47:20,000 - INFO -   Title: Ma. Rosario P. Campos vs. People of the Philippines and Firs...
2025-12-06 14:47:20,918 - INFO -   ✓ Saved: RESTRUCTURED_DB/2014/sep/187401.json
2025-12-06 14:47:21,418 - INFO - 
[1798/2000] Processing G.R. No. 187403
2025-12-06 14:47:21,419 - INFO -   Title: Trade and Investment Development Corporation of the Philippi...
2025-12-06 14:47:21,863 - INFO -   ✓ Saved: RESTRUCTURED_DB/2014/feb/187403.json
2025-12-06 14:47:22,363 - INFO - 
[1799/2000] Processing G.R. No. 187456
2025-12-06 14:47:22,363 - INFO -   Title: Alabang Develoment Corporation vs. Alabang Hills Village Ass...
2025-12-06 14:47:22,600 - INFO -   ✓ Saved: RESTRUCTURED_DB/2014/jun/187456.json
2025-12-06 14:47:23,100 - INFO - 
[1800/2000] Processing G.R. No. 187495
2025-12-06 14:47:23,100 - INFO -   Title: People of the Philippines vs. Edgar Jumawan...
2025-12-06 14:47:23,756 - INFO -   ✓ Saved: RESTRUCTURED_DB/2014/apr/187495.json
2025-12-06 14:47:24,257 - INFO - 
[1801/2000] Processing G.R. No. 187581
2025-12-06 14:47:24,257 - INFO -   Title: Philippine Bank of Communications vs. Basic Polyprinters and...
2025-12-06 14:47:24,496 - INFO -   ✓ Saved: RESTRUCTURED_DB/2014/oct/187581.json
2025-12-06 14:47:24,996 - INFO - 
[1802/2000] Processing G.R. No. 187589
2025-12-06 14:47:24,996 - INFO -   Title: Commissioner of Internal Revenue vs. the Stanley Works Sales...
2025-12-06 14:47:25,246 - INFO -   ✓ Saved: RESTRUCTURED_DB/2014/dec/187589.json
2025-12-06 14:47:25,747 - INFO - 
[1803/2000] Processing G.R. No. 187621
2025-12-06 14:47:25,747 - INFO -   Title: Mount Carmel College Employees Union (MCCEU)/Romulo S. Basca...
2025-12-06 14:47:26,190 - INFO -   ✓ Saved: RESTRUCTURED_DB/2014/sep/187621.json
2025-12-06 14:47:26,690 - INFO - 
[1804/2000] Processing G.R. No. 187836
2025-12-06 14:47:26,690 - INFO -   Title: Social Justice Society (SJS) Officers etc. vs. Alfredo S. Li...
2025-12-06 14:47:27,356 - INFO -   ✓ Saved: RESTRUCTURED_DB/2014/nov/187836.json
2025-12-06 14:47:27,856 - INFO - 
[1805/2000] Processing G.R. No. 187843
2025-12-06 14:47:27,856 - INFO -   Title: Capitol Sawmill Corporation and Columbia Wood Industries Cor...
2025-12-06 14:47:28,092 - INFO -   ✓ Saved: RESTRUCTURED_DB/2014/jun/187843.json
2025-12-06 14:47:28,593 - INFO - 
[1806/2000] Processing G.R. No. 187944
2025-12-06 14:47:28,593 - INFO -   Title: Carmencita Suarez vs Mr. and Mrs. Felix E. Emboy, Jr. and Ma...
2025-12-06 14:47:28,832 - INFO -   ✓ Saved: RESTRUCTURED_DB/2014/mar/187944.json
2025-12-06 14:47:29,332 - INFO - 
[1807/2000] Processing G.R. No. 187973
2025-12-06 14:47:29,332 - INFO -   Title: LZK Holdings and Development Corporation vs. Planters Develo...
2025-12-06 14:47:29,570 - INFO -   ✓ Saved: RESTRUCTURED_DB/2014/jan/187973.json
2025-12-06 14:47:30,070 - INFO - 
[1808/2000] Processing G.R. No. 187987
2025-12-06 14:47:30,070 - INFO -   Title: Vicente Torres, Jr., Carlos Velez and the Heirs of Mariano V...
2025-12-06 14:47:30,525 - INFO -   ✓ Saved: RESTRUCTURED_DB/2014/nov/187987.json
2025-12-06 14:47:31,025 - INFO - 
[1809/2000] Processing G.R. No. 188035
2025-12-06 14:47:31,025 - INFO -   Title: Immaculate Conception Academy, et al. vs. Evelyn E. Camilon...
2025-12-06 14:47:31,482 - INFO -   ✓ Saved: RESTRUCTURED_DB/2014/jul/188035.json
2025-12-06 14:47:31,982 - INFO - 
[1810/2000] Processing G.R. No. 188066
2025-12-06 14:47:31,982 - INFO -   Title: Office fo the Ombudsman vs. Cynthia E. Caberoy...
2025-12-06 14:47:32,427 - INFO -   ✓ Saved: RESTRUCTURED_DB/2014/oct/188066.json
2025-12-06 14:47:32,927 - INFO - 
[1811/2000] Processing G.R. No. 188133
2025-12-06 14:47:32,927 - INFO -   Title: People of the Philippines vs. Oliver Renato Edaño y Ebdane...
2025-12-06 14:47:33,370 - INFO -   ✓ Saved: RESTRUCTURED_DB/2014/jul/188133.json
2025-12-06 14:47:33,870 - INFO - 
[1812/2000] Processing G.R. No. 188190
2025-12-06 14:47:33,870 - INFO -   Title: Barko International, Inc., et al. vs. Eberly S. Alcayno...
2025-12-06 14:47:34,121 - INFO -   ✓ Saved: RESTRUCTURED_DB/2014/apr/188190.json
2025-12-06 14:47:34,621 - INFO - 
[1813/2000] Processing G.R. No. 188191
2025-12-06 14:47:34,621 - INFO -   Title: Enrique Almero y Alcantara vs People of the Philippines, et ...
2025-12-06 14:47:34,860 - INFO -   ✓ Saved: RESTRUCTURED_DB/2014/mar/188191.json
2025-12-06 14:47:35,361 - INFO - 
[1814/2000] Processing G.R. No. 188289
2025-12-06 14:47:35,361 - INFO -   Title: David A. Noveras vs. Leticia T. Noveras...
2025-12-06 14:47:35,804 - INFO -   ✓ Saved: RESTRUCTURED_DB/2014/aug/188289.json
2025-12-06 14:47:36,304 - INFO - 
[1815/2000] Processing G.R. No. 188487
2025-12-06 14:47:36,304 - INFO -   Title: Van D. Luspo vs. People of the Philippines/Supt. Arturo H. M...
2025-12-06 14:47:36,542 - INFO -   ✓ Saved: RESTRUCTURED_DB/2014/oct/188487.json
2025-12-06 14:47:37,042 - INFO - 
[1816/2000] Processing G.R. No. 188494
2025-12-06 14:47:37,042 - INFO -   Title: Remman Enterprises, Inc. vs. Republic of the Philippines...
2025-12-06 14:47:37,286 - INFO -   ✓ Saved: RESTRUCTURED_DB/2014/nov/188494.json
2025-12-06 14:47:37,787 - INFO - 
[1817/2000] Processing G.R. No. 188497
2025-12-06 14:47:37,787 - INFO -   Title: Commissioner of Internal Revenue vs. Pilipinas Shell Petrole...
2025-12-06 14:47:38,229 - INFO -   ✓ Saved: RESTRUCTURED_DB/2014/feb/188497.json
2025-12-06 14:47:38,729 - INFO - 
[1818/2000] Processing G.R. No. 188539
2025-12-06 14:47:38,729 - INFO -   Title: Mariano Lim vs Security Bank Corporation...
2025-12-06 14:47:38,966 - INFO -   ✓ Saved: RESTRUCTURED_DB/2014/mar/188539.json
2025-12-06 14:47:39,467 - INFO - 
[1819/2000] Processing G.R. No. 188653
2025-12-06 14:47:39,467 - INFO -   Title: Lito Lopez vs. People of the Philippines...
2025-12-06 14:47:39,911 - INFO -   ✓ Saved: RESTRUCTURED_DB/2014/jan/188653.json
2025-12-06 14:47:40,411 - INFO - 
[1820/2000] Processing G.R. No. 188694
2025-12-06 14:47:40,411 - INFO -   Title: Ricardo L. Atienza and Alfredo A. Castro vs. People of the P...
2025-12-06 14:47:40,856 - INFO -   ✓ Saved: RESTRUCTURED_DB/2014/feb/188694.json
2025-12-06 14:47:41,356 - INFO - 
[1821/2000] Processing G.R. No. 188707
2025-12-06 14:47:41,356 - INFO -   Title: People of the Philippines vs. Mastor Sarip y Maruhom, et al....
2025-12-06 14:47:41,798 - INFO -   ✓ Saved: RESTRUCTURED_DB/2014/jul/188707.json
2025-12-06 14:47:42,299 - INFO - 
[1822/2000] Processing G.R. No. 188710
2025-12-06 14:47:42,299 - INFO -   Title: People of the Philippines vs. Matimanay Watamana a.k.a. Akma...
2025-12-06 14:47:42,741 - INFO -   ✓ Saved: RESTRUCTURED_DB/2014/jun/188710.json
2025-12-06 14:47:43,241 - INFO - 
[1823/2000] Processing G.R. No. 188753
2025-12-06 14:47:43,241 - INFO -   Title: Am-Phil Food Concepts, Inc. vs. Paolo Jesus T. Padilla...
2025-12-06 14:47:43,685 - INFO -   ✓ Saved: RESTRUCTURED_DB/2014/oct/188753.json
2025-12-06 14:47:44,185 - INFO - 
[1824/2000] Processing G.R. No. 188773
2025-12-06 14:47:44,185 - INFO -   Title: Heirs of Valentin Basbas, et al. vs. Ricardo Basbas, as repr...
2025-12-06 14:47:44,629 - INFO -   ✓ Saved: RESTRUCTURED_DB/2014/sep/188773.json
2025-12-06 14:47:45,130 - INFO - 
[1825/2000] Processing G.R. No. 188801
2025-12-06 14:47:45,130 - INFO -   Title: Rosario Mata Castro and Joanne Benedicta Charissima M. Castr...
2025-12-06 14:47:45,574 - INFO -   ✓ Saved: RESTRUCTURED_DB/2014/oct/188801.json
2025-12-06 14:47:46,074 - INFO - 
[1826/2000] Processing G.R. No. 188828
2025-12-06 14:47:46,075 - INFO -   Title: Co Say Products Phils., et al. vs Benjamin Baltasar, et al....
2025-12-06 14:47:47,013 - WARNING -   ✗ Could not fetch case from any URL
2025-12-06 14:47:47,013 - INFO - 
[1827/2000] Processing G.R. No. 188832
2025-12-06 14:47:47,013 - INFO -   Title: Vivencio B. Villagracia vs. 5th Shari'a District Court and R...
2025-12-06 14:47:47,460 - INFO -   ✓ Saved: RESTRUCTURED_DB/2014/apr/188832.json
2025-12-06 14:47:47,960 - INFO - 
[1828/2000] Processing G.R. No. 188881
2025-12-06 14:47:47,960 - INFO -   Title: Republic of the philippines vs. Bienvenido R. Tantoco, Jr., ...
2025-12-06 14:47:48,201 - INFO -   ✓ Saved: RESTRUCTURED_DB/2014/apr/188881.json
2025-12-06 14:47:48,701 - INFO - 
[1829/2000] Processing G.R. No. 188909
2025-12-06 14:47:48,701 - INFO -   Title: Republic of the Philippines vs. Florendo B. Arias, Asst. Dir...
2025-12-06 14:47:48,939 - INFO -   ✓ Saved: RESTRUCTURED_DB/2014/sep/188909.json
2025-12-06 14:47:49,440 - INFO - 
[1830/2000] Processing G.R. No. 188913
2025-12-06 14:47:49,440 - INFO -   Title: City Government of Baguio, herein represented by City Mayor ...
2025-12-06 14:47:49,685 - INFO -   ✓ Saved: RESTRUCTURED_DB/2014/feb/188913.json
2025-12-06 14:47:50,185 - INFO - 
[1831/2000] Processing G.R. No. 188931
2025-12-06 14:47:50,185 - INFO -   Title: Juanito M. Gopiao vs. Metropolitan Bank & Trust Co....
2025-12-06 14:47:50,436 - INFO -   ✓ Saved: RESTRUCTURED_DB/2014/jul/188931.json
2025-12-06 14:47:50,937 - INFO - 
[1832/2000] Processing G.R. No. 188944
2025-12-06 14:47:50,937 - INFO -   Title: Spouses Rodolfo A. Berot and Lilia P. Berot vs. Felipe C. Si...
2025-12-06 14:47:51,381 - INFO -   ✓ Saved: RESTRUCTURED_DB/2014/jul/188944.json
2025-12-06 14:47:51,881 - INFO - 
[1833/2000] Processing G.R. No. 189061
2025-12-06 14:47:51,881 - INFO -   Title: Midway Maritime and Technological Foundation, represented by...
2025-12-06 14:47:52,131 - INFO -   ✓ Saved: RESTRUCTURED_DB/2014/aug/189061.json
2025-12-06 14:47:52,632 - INFO - 
[1834/2000] Processing G.R. No. 189171
2025-12-06 14:47:52,632 - INFO -   Title: Edilberto L. Barcelona vs. Dan Joel Lim and Richard Tan...
2025-12-06 14:47:53,088 - INFO -   ✓ Saved: RESTRUCTURED_DB/2014/jun/189171.json
2025-12-06 14:47:53,588 - INFO - 
[1835/2000] Processing G.R. No. 189176
2025-12-06 14:47:53,588 - INFO -   Title: Barry Lanier and Perlita Lanier vs People of the Philippines...
2025-12-06 14:47:53,829 - INFO -   ✓ Saved: RESTRUCTURED_DB/2014/mar/189176.json
2025-12-06 14:47:54,330 - INFO - 
[1836/2000] Processing G.R. No. 189248
2025-12-06 14:47:54,330 - INFO -   Title: Teodoro S. Teodoro, et al. vs. Danilo Espino, et al....
2025-12-06 14:47:54,773 - INFO -   ✓ Saved: RESTRUCTURED_DB/2014/feb/189248.json
2025-12-06 14:47:55,273 - INFO - 
[1837/2000] Processing G.R. No. 189358
2025-12-06 14:47:55,273 - INFO -   Title: Centennial Guarantee Assurance Corporation vs. Universal Mot...
2025-12-06 14:47:55,511 - INFO -   ✓ Saved: RESTRUCTURED_DB/2014/oct/189358.json
2025-12-06 14:47:56,011 - INFO - 
[1838/2000] Processing G.R. No. 189405
2025-12-06 14:47:56,011 - INFO -   Title: Sherwin Dela Cruz vs. People of the Philippines and Carlos A...
2025-12-06 14:47:56,457 - INFO -   ✓ Saved: RESTRUCTURED_DB/2014/nov/189405.json
2025-12-06 14:47:56,957 - INFO - 
[1839/2000] Processing G.R. No. 189420
2025-12-06 14:47:56,957 - INFO -   Title: Raul V. Arambulo and Teresita Dela Cruz vs Genaro Nolasco an...
2025-12-06 14:47:57,194 - INFO -   ✓ Saved: RESTRUCTURED_DB/2014/mar/189420.json
2025-12-06 14:47:57,694 - INFO - 
[1840/2000] Processing G.R. No. 189456
2025-12-06 14:47:57,695 - INFO -   Title: Chiang Kai Shek College and Carmelita Espino vs. Rosalina M....
2025-12-06 14:47:58,137 - INFO -   ✓ Saved: RESTRUCTURED_DB/2014/apr/189456.json
2025-12-06 14:47:58,637 - INFO - 
[1841/2000] Processing G.R. No. 189477
2025-12-06 14:47:58,637 - INFO -   Title: Homeowners Savings and Loan Bank vs. Asuncion P. Felonia and...
2025-12-06 14:47:59,081 - INFO -   ✓ Saved: RESTRUCTURED_DB/2014/feb/189477.json
2025-12-06 14:47:59,581 - INFO - 
[1842/2000] Processing G.R. No. 189532
2025-12-06 14:47:59,581 - INFO -   Title: Virginia S. Dio and H.S. Equities, Ltd. vs. Subic Bay Marine...
2025-12-06 14:48:00,024 - INFO -   ✓ Saved: RESTRUCTURED_DB/2014/jun/189532.json
2025-12-06 14:48:00,524 - INFO - 
[1843/2000] Processing G.R. No. 189538
2025-12-06 14:48:00,524 - INFO -   Title: Republic of the Philippines vs. Merlinda L. Olaybar...
2025-12-06 14:48:00,762 - INFO -   ✓ Saved: RESTRUCTURED_DB/2014/feb/189538.json
2025-12-06 14:48:01,262 - INFO - 
[1844/2000] Processing G.R. No. 189574
2025-12-06 14:48:01,262 - INFO -   Title: Estrella D. S. Bañez vs. Social Security System and De la Sa...
2025-12-06 14:48:01,704 - INFO -   ✓ Saved: RESTRUCTURED_DB/2014/jul/189574.json
2025-12-06 14:48:02,205 - INFO - 
[1845/2000] Processing G.R. No. 189596
2025-12-06 14:48:02,205 - INFO -   Title: Department of Justice vs. Teodulo Nano Alaon...
2025-12-06 14:48:02,647 - INFO -   ✓ Saved: RESTRUCTURED_DB/2014/apr/189596.json
2025-12-06 14:48:03,148 - INFO - 
[1846/2000] Processing G.R. No. 189629
2025-12-06 14:48:03,148 - INFO -   Title: Dr. Phylis C. Rio vs. Colegio De Sta. Rosa-Makati and/or Sr....
2025-12-06 14:48:03,387 - INFO -   ✓ Saved: RESTRUCTURED_DB/2014/aug/189629.json
2025-12-06 14:48:03,887 - INFO - 
[1847/2000] Processing G.R. No. 189644
2025-12-06 14:48:03,887 - INFO -   Title: Neil E. Suyan vs. People of the Philippines, et al....
2025-12-06 14:48:04,125 - INFO -   ✓ Saved: RESTRUCTURED_DB/2014/jul/189644.json
2025-12-06 14:48:04,625 - INFO - 
[1848/2000] Processing G.R. No. 189812
2025-12-06 14:48:04,625 - INFO -   Title: People of the Philippines vs. Reynaldo Baturi...
2025-12-06 14:48:05,070 - INFO -   ✓ Saved: RESTRUCTURED_DB/2014/sep/189812.json
2025-12-06 14:48:05,570 - INFO - 
[1849/2000] Processing G.R. No. 189850
2025-12-06 14:48:05,570 - INFO -   Title: People of the Philippines vs. Bobby Torres...
2025-12-06 14:48:06,014 - INFO -   ✓ Saved: RESTRUCTURED_DB/2014/sep/189850.json
2025-12-06 14:48:06,514 - INFO - 
[1850/2000] Processing G.R. No. 189861
2025-12-06 14:48:06,514 - INFO -   Title: Michelin Asia Pacific Application Support Center, Inc. vs. M...
2025-12-06 14:48:06,762 - INFO -   ✓ Saved: RESTRUCTURED_DB/2014/nov/189861.json
2025-12-06 14:48:07,262 - INFO - 
[1851/2000] Processing G.R. No. 189863
2025-12-06 14:48:07,262 - INFO -   Title: Pedro L. Libang, Jr. vs. Indochina Ship Management, Inc., Mr...
2025-12-06 14:48:07,706 - INFO -   ✓ Saved: RESTRUCTURED_DB/2014/sep/189863.json
2025-12-06 14:48:08,206 - INFO - 
[1852/2000] Processing G.R. No. 189970
2025-12-06 14:48:08,206 - INFO -   Title: Republic of the Philippines vs. Crisanto S. Raneses...
2025-12-06 14:48:08,649 - INFO -   ✓ Saved: RESTRUCTURED_DB/2014/jun/189970.json
2025-12-06 14:48:09,149 - INFO - 
[1853/2000] Processing G.R. No. 190021
2025-12-06 14:48:09,149 - INFO -   Title: Commissioner of Internal Revenue vs. Burmeistor and Wainscan...
2025-12-06 14:48:09,592 - INFO -   ✓ Saved: RESTRUCTURED_DB/2014/oct/190021.json
2025-12-06 14:48:10,093 - INFO - 
[1854/2000] Processing G.R. No. 190053
2025-12-06 14:48:10,093 - INFO -   Title: Navotas Shipyard Corporation and Jesus Villaflor vs Innocenc...
2025-12-06 14:48:10,332 - INFO -   ✓ Saved: RESTRUCTURED_DB/2014/mar/190053.json
2025-12-06 14:48:10,832 - INFO - 
[1855/2000] Processing G.R. No. 190106
2025-12-06 14:48:10,832 - INFO -   Title: Magdalena T. Villasi vs. Filomena Garcia, substituted by his...
2025-12-06 14:48:11,070 - INFO -   ✓ Saved: RESTRUCTURED_DB/2014/jan/190106.json
2025-12-06 14:48:11,571 - INFO - 
[1856/2000] Processing G.R. No. 190120
2025-12-06 14:48:11,571 - INFO -   Title: Civil Aviation Authority of the Philippines Employees' Union...
2025-12-06 14:48:12,224 - INFO -   ✓ Saved: RESTRUCTURED_DB/2014/nov/190120.json
2025-12-06 14:48:12,725 - INFO - 
[1857/2000] Processing G.R. No. 190161
2025-12-06 14:48:12,725 - INFO -   Title: Anita N. Canuel, for herself and on behalf of her minor chil...
2025-12-06 14:48:12,965 - INFO -   ✓ Saved: RESTRUCTURED_DB/2014/oct/190161.json
2025-12-06 14:48:13,465 - INFO - 
[1858/2000] Processing G.R. No. 190175
2025-12-06 14:48:13,465 - INFO -   Title: People of the Philippines vs. Edwin Caberera...
2025-12-06 14:48:13,702 - INFO -   ✓ Saved: RESTRUCTURED_DB/2014/nov/190175.json
2025-12-06 14:48:14,202 - INFO - 
[1859/2000] Processing G.R. No. 190177
2025-12-06 14:48:14,202 - INFO -   Title: People of the Philippines vs. Vivian Bulotano y Amante...
2025-12-06 14:48:14,646 - INFO -   ✓ Saved: RESTRUCTURED_DB/2014/jun/190177.json
2025-12-06 14:48:15,147 - INFO - 
[1860/2000] Processing G.R. No. 190178
2025-12-06 14:48:15,147 - INFO -   Title: People of the Philippines vs. Felimon Patentes y Zamora...
2025-12-06 14:48:15,590 - INFO -   ✓ Saved: RESTRUCTURED_DB/2014/feb/190178.json
2025-12-06 14:48:16,091 - INFO - 
[1861/2000] Processing G.R. No. 190198
2025-12-06 14:48:16,091 - INFO -   Title: Commissioner of Internal Revenue vs. CE Luzon Geothermal Pow...
2025-12-06 14:48:16,329 - INFO -   ✓ Saved: RESTRUCTURED_DB/2014/sep/190198.json
2025-12-06 14:48:16,830 - INFO - 
[1862/2000] Processing G.R. No. 190253
2025-12-06 14:48:16,830 - INFO -   Title: Juan Trajano a.k.a. Johnny Trajano vs. Uniwide Sales Warehou...
2025-12-06 14:48:17,274 - INFO -   ✓ Saved: RESTRUCTURED_DB/2014/jun/190253.json
2025-12-06 14:48:17,774 - INFO - 
[1863/2000] Processing G.R. No. 190276
2025-12-06 14:48:17,774 - INFO -   Title: Euforcina Nieves, as rep. by her Atty-in-Fact, Lazaro Villar...
2025-12-06 14:48:18,218 - INFO -   ✓ Saved: RESTRUCTURED_DB/2014/apr/190276.json
2025-12-06 14:48:18,718 - INFO - 
[1864/2000] Processing G.R. No. 190277
2025-12-06 14:48:18,718 - INFO -   Title: Absolute Management Corporation vs. Metropolitan Bank and Tr...
2025-12-06 14:48:18,956 - INFO -   ✓ Saved: RESTRUCTURED_DB/2014/jul/190277.json
2025-12-06 14:48:19,457 - INFO - 
[1865/2000] Processing G.R. No. 190303
2025-12-06 14:48:19,457 - INFO -   Title: Colegio De San Juan De Letran-Calamba vs. Engr. Deborah P. T...
2025-12-06 14:48:19,697 - INFO -   ✓ Saved: RESTRUCTURED_DB/2014/jul/190303.json
2025-12-06 14:48:20,197 - INFO - 
[1866/2000] Processing G.R. No. 190322
2025-12-06 14:48:20,197 - INFO -   Title: People of the Philippines vs. Virgilio Amora y Viscarra...
2025-12-06 14:48:20,640 - INFO -   ✓ Saved: RESTRUCTURED_DB/2014/nov/190322.json
2025-12-06 14:48:21,140 - INFO - 
[1867/2000] Processing G.R. No. 190349
2025-12-06 14:48:21,140 - INFO -   Title: People of the Philippines vs. Francasio Delfin...
2025-12-06 14:48:21,583 - INFO -   ✓ Saved: RESTRUCTURED_DB/2014/dec/190349.json
2025-12-06 14:48:22,083 - INFO - 
[1868/2000] Processing G.R. No. 190445
2025-12-06 14:48:22,084 - INFO -   Title: Banco de Oro Unibank, Inc. vs. Spouses Enrique Gabriel Locsi...
2025-12-06 14:48:22,535 - INFO -   ✓ Saved: RESTRUCTURED_DB/2014/jul/190445.json
2025-12-06 14:48:23,035 - INFO - 
[1869/2000] Processing G.R. No. 190486
2025-12-06 14:48:23,035 - INFO -   Title: Stanley Fine Furniture, Elena and Carlos Wang vs. Victor T. ...
2025-12-06 14:48:23,482 - INFO -   ✓ Saved: RESTRUCTURED_DB/2014/nov/190486.json
2025-12-06 14:48:23,982 - INFO - 
[1870/2000] Processing G.R. No. 190524
2025-12-06 14:48:23,982 - INFO -   Title: Michaelina Ramos Balasbas vs. Patricia B. Monayao...
2025-12-06 14:48:24,221 - INFO -   ✓ Saved: RESTRUCTURED_DB/2014/feb/190524.json
2025-12-06 14:48:24,721 - INFO - 
[1871/2000] Processing G.R. No. 190620
2025-12-06 14:48:24,721 - INFO -   Title: People of the Philippines vs. Herminigildo B. Tabayan...
2025-12-06 14:48:25,165 - INFO -   ✓ Saved: RESTRUCTURED_DB/2014/jun/190620.json
2025-12-06 14:48:25,665 - INFO - 
[1872/2000] Processing G.R. No. 190623
2025-12-06 14:48:25,665 - INFO -   Title: People of the Philippines vs. Rommel Araza y Sagun...
2025-12-06 14:48:25,904 - INFO -   ✓ Saved: RESTRUCTURED_DB/2014/nov/190623.json
2025-12-06 14:48:26,404 - INFO - 
[1873/2000] Processing G.R. No. 190632
2025-12-06 14:48:26,404 - INFO -   Title: People of the Philippines vs. Manolito Lucena y Velasquez...
2025-12-06 14:48:26,861 - INFO -   ✓ Saved: RESTRUCTURED_DB/2014/feb/190632.json
2025-12-06 14:48:27,361 - INFO - 
[1874/2000] Processing G.R. No. 190706
2025-12-06 14:48:27,362 - INFO -   Title: Shang Properties Realty Corporation (Formerly the Shang Gran...
2025-12-06 14:48:27,804 - INFO -   ✓ Saved: RESTRUCTURED_DB/2014/jul/190706.json
2025-12-06 14:48:28,305 - INFO - 
[1875/2000] Processing G.R. No. 190724
2025-12-06 14:48:28,305 - INFO -   Title: Diamond Taxi and/or Bryan Ong vs Felipe Llamas, Jr....
2025-12-06 14:48:28,544 - INFO -   ✓ Saved: RESTRUCTURED_DB/2014/mar/190724.json
2025-12-06 14:48:29,044 - INFO - 
[1876/2000] Processing G.R. No. 190818
2025-12-06 14:48:29,044 - INFO -   Title: Metro Manila Shopping Mecca Corp., Shoemart, Inc., SM Prime ...
2025-12-06 14:48:29,280 - INFO -   ✓ Saved: RESTRUCTURED_DB/2014/nov/190818.json
2025-12-06 14:48:29,780 - INFO - 
[1877/2000] Processing G.R. No. 190834
2025-12-06 14:48:29,780 - INFO -   Title: Ariel T. Lim vs. People of the Philippines...
2025-12-06 14:48:30,222 - INFO -   ✓ Saved: RESTRUCTURED_DB/2014/nov/190834.json
2025-12-06 14:48:30,722 - INFO - 
[1878/2000] Processing G.R. No. 190837
2025-12-06 14:48:30,722 - INFO -   Title: Republic of the Philippines rep. by the Bureau of Food and D...
2025-12-06 14:48:31,165 - INFO -   ✓ Saved: RESTRUCTURED_DB/2014/mar/190837.json
2025-12-06 14:48:31,665 - INFO - 
[1879/2000] Processing G.R. No. 190863
2025-12-06 14:48:31,665 - INFO -   Title: Raul Sato vs. People of the Philippines...
2025-12-06 14:48:31,905 - INFO -   ✓ Saved: RESTRUCTURED_DB/2014/nov/190863.json
2025-12-06 14:48:32,405 - INFO - 
[1880/2000] Processing G.R. No. 190901
2025-12-06 14:48:32,405 - INFO -   Title: Amada Cotoner-Zacarias vs. Sps. Alfredo Revilla and the Heir...
2025-12-06 14:48:32,852 - INFO -   ✓ Saved: RESTRUCTURED_DB/2014/nov/190901.json
2025-12-06 14:48:33,352 - INFO - 
[1881/2000] Processing G.R. No. 190928
2025-12-06 14:48:33,352 - INFO -   Title: Team Energy Corporation (formerly Mirant Pagbilao Corp.) vs....
2025-12-06 14:48:33,596 - INFO -   ✓ Saved: RESTRUCTURED_DB/2014/jan/190928.json
2025-12-06 14:48:34,097 - INFO - 
[1882/2000] Processing G.R. No. 190970
2025-12-06 14:48:34,097 - INFO -   Title: Vilma M. Suliman vs. People of the Philippines...
2025-12-06 14:48:34,539 - INFO -   ✓ Saved: RESTRUCTURED_DB/2014/nov/190970.json
2025-12-06 14:48:35,039 - INFO - 
[1883/2000] Processing G.R. No. 191015
2025-12-06 14:48:35,040 - INFO -   Title: People of the Philippines vs. Jose C. Go, et al....
2025-12-06 14:48:35,485 - INFO -   ✓ Saved: RESTRUCTURED_DB/2014/aug/191015.json
2025-12-06 14:48:35,986 - INFO - 
[1884/2000] Processing G.R. No. 191034
2025-12-06 14:48:35,986 - INFO -   Title: Agile Maritime Resources, Inc., et al. vs. Apolinario N. Sia...
2025-12-06 14:48:36,225 - INFO -   ✓ Saved: RESTRUCTURED_DB/2014/oct/191034.json
2025-12-06 14:48:36,725 - INFO - 
[1885/2000] Processing G.R. No. 191090
2025-12-06 14:48:36,725 - INFO -   Title: Extraordinary Development Corporation vs. Hermina F. Samson-...
2025-12-06 14:48:36,970 - INFO -   ✓ Saved: RESTRUCTURED_DB/2014/oct/191090.json
2025-12-06 14:48:37,471 - INFO - 
[1886/2000] Processing G.R. No. 191101
2025-12-06 14:48:37,471 - INFO -   Title: Spouses Mario Ocampo and Carmelita F. Ocampo vs. Heirs of Be...
2025-12-06 14:48:37,708 - INFO -   ✓ Saved: RESTRUCTURED_DB/2014/oct/191101.json
2025-12-06 14:48:38,208 - INFO - 
[1887/2000] Processing G.R. No. 191154
2025-12-06 14:48:38,209 - INFO -   Title: SPI Technologies, Inc., et al. vs. Victoria K. Mapua...
2025-12-06 14:48:38,665 - INFO -   ✓ Saved: RESTRUCTURED_DB/2014/apr/191154.json
2025-12-06 14:48:39,165 - INFO - 
[1888/2000] Processing G.R. No. 191189
2025-12-06 14:48:39,165 - INFO -   Title: Manlar Rice Mill, Inc. vs. Lourdes L. Deyto, doing business ...
2025-12-06 14:48:39,608 - INFO -   ✓ Saved: RESTRUCTURED_DB/2014/jan/191189.json
2025-12-06 14:48:40,109 - INFO - 
[1889/2000] Processing G.R. No. 191215
2025-12-06 14:48:40,109 - INFO -   Title: Thenamaris Philippines, Inc., etc., et al. vs. Court of Appe...
2025-12-06 14:48:40,347 - INFO -   ✓ Saved: RESTRUCTURED_DB/2014/feb/191215.json
2025-12-06 14:48:40,847 - INFO - 
[1890/2000] Processing G.R. No. 191225
2025-12-06 14:48:40,848 - INFO -   Title: Zarsona Medical Clinic vs. Philippine Health Insurance Corpo...
2025-12-06 14:48:41,085 - INFO -   ✓ Saved: RESTRUCTURED_DB/2014/oct/191225.json
2025-12-06 14:48:41,585 - INFO - 
[1891/2000] Processing G.R. No. 191237
2025-12-06 14:48:41,585 - INFO -   Title: Robert Kua, et al. vs. Gregorio Sacupayo and Maximiano R. Pa...
2025-12-06 14:48:41,823 - INFO -   ✓ Saved: RESTRUCTURED_DB/2014/sep/191237.json
2025-12-06 14:48:42,323 - INFO - 
[1892/2000] Processing G.R. No. 191240
2025-12-06 14:48:42,323 - INFO -   Title: Cristina B. Castillo vs. Phillip R. Salvador...
2025-12-06 14:48:42,779 - INFO -   ✓ Saved: RESTRUCTURED_DB/2014/jul/191240.json
2025-12-06 14:48:43,279 - INFO - 
[1893/2000] Processing G.R. No. 191260
2025-12-06 14:48:43,279 - INFO -   Title: People of the Philippines vs. Melchor D. Brita...
2025-12-06 14:48:43,516 - INFO -   ✓ Saved: RESTRUCTURED_DB/2014/nov/191260.json
2025-12-06 14:48:44,016 - INFO - 
[1894/2000] Processing G.R. No. 191360
2025-12-06 14:48:44,016 - INFO -   Title: People of the Philippines vs Sherwin Bis y Avellaneda...
2025-12-06 14:48:44,463 - INFO -   ✓ Saved: RESTRUCTURED_DB/2014/mar/191360.json
2025-12-06 14:48:44,963 - INFO - 
[1895/2000] Processing G.R. No. 191390
2025-12-06 14:48:44,963 - INFO -   Title: People of the Philippines vs. Joel Dioquino Y Garbin...
2025-12-06 14:48:45,871 - INFO -   ✓ Saved: RESTRUCTURED_DB/2014/apr/191390.json
2025-12-06 14:48:46,371 - INFO - 
[1896/2000] Processing G.R. No. 191455
2025-12-06 14:48:46,372 - INFO -   Title: Dreamland Hotel Resort and Westley J. Prentice vs Stephen B....
2025-12-06 14:48:46,816 - INFO -   ✓ Saved: RESTRUCTURED_DB/2014/mar/191455.json
2025-12-06 14:48:47,316 - INFO - 
[1897/2000] Processing G.R. No. 191498
2025-12-06 14:48:47,316 - INFO -   Title: Commissioner of Internal Revenue vs. Mindanao II Geothermal ...
2025-12-06 14:48:47,763 - INFO -   ✓ Saved: RESTRUCTURED_DB/2014/jan/191498.json
2025-12-06 14:48:48,263 - INFO - 
[1898/2000] Processing G.R. No. 191516
2025-12-06 14:48:48,263 - INFO -   Title: Republic of the Philippines vs. Francisca, Geronimo and Cris...
2025-12-06 14:48:48,500 - INFO -   ✓ Saved: RESTRUCTURED_DB/2014/jun/191516.json
2025-12-06 14:48:49,000 - INFO - 
[1899/2000] Processing G.R. No. 191555
2025-12-06 14:48:49,000 - INFO -   Title: Union Bank of the Philippines vs. Development Bank of the Ph...
2025-12-06 14:48:49,444 - INFO -   ✓ Saved: RESTRUCTURED_DB/2014/jan/191555.json
2025-12-06 14:48:49,945 - INFO - 
[1900/2000] Processing G.R. No. 191590
2025-12-06 14:48:49,945 - INFO -   Title: Republic of the Philippines vs. Transunion Corporation...
2025-12-06 14:48:50,390 - INFO -   ✓ Saved: RESTRUCTURED_DB/2014/apr/191590.json
2025-12-06 14:48:50,890 - INFO - 
[1901/2000] Processing G.R. No. 191672
2025-12-06 14:48:50,890 - INFO -   Title: Dennis A. B. Funa vs. the Chairman, Civil Service Commission...
2025-12-06 14:48:51,337 - INFO -   ✓ Saved: RESTRUCTURED_DB/2014/nov/191672.json
2025-12-06 14:48:51,838 - INFO - 
[1902/2000] Processing G.R. No. 191694
2025-12-06 14:48:51,838 - INFO -   Title: Narciso Zapanta, Edilberto Capulong and Clarita Capulong vs....
2025-12-06 14:48:52,075 - INFO -   ✓ Saved: RESTRUCTURED_DB/2014/dec/191694.json
2025-12-06 14:48:52,575 - INFO - 
[1903/2000] Processing G.R. No. 191712
2025-12-06 14:48:52,576 - INFO -   Title: Edita S. Bueno and Milagros E. Quinajon vs. Office of the Om...
2025-12-06 14:48:53,019 - INFO -   ✓ Saved: RESTRUCTURED_DB/2014/sep/191712.json
2025-12-06 14:48:53,519 - INFO - 
[1904/2000] Processing G.R. No. 191714
2025-12-06 14:48:53,519 - INFO -   Title: T & H Shopfitters Corporation, et al. vs. T & H Shopfitters ...
2025-12-06 14:48:53,771 - INFO -   ✓ Saved: RESTRUCTURED_DB/2014/feb/191714.json
2025-12-06 14:48:54,271 - INFO - 
[1905/2000] Processing G.R. No. 191723
2025-12-06 14:48:54,271 - INFO -   Title: People of the Philippines vs. Rolando Las Piñas, et al....
2025-12-06 14:48:54,718 - INFO -   ✓ Saved: RESTRUCTURED_DB/2014/jul/191723.json
2025-12-06 14:48:55,218 - INFO - 
[1906/2000] Processing G.R. No. 191727
2025-12-06 14:48:55,218 - INFO -   Title: People of the Philippines vs Manuel S. Aplat...
2025-12-06 14:48:55,457 - INFO -   ✓ Saved: RESTRUCTURED_DB/2014/mar/191727.json
2025-12-06 14:48:55,957 - INFO - 
[1907/2000] Processing G.R. No. 191838
2025-12-06 14:48:55,957 - INFO -   Title: YKR Corporation, Ma. Teresa J. Yulo-Gomez, et al. vs. Philip...
2025-12-06 14:48:56,402 - INFO -   ✓ Saved: RESTRUCTURED_DB/2014/oct/191838.json
2025-12-06 14:48:56,902 - INFO - 
[1908/2000] Processing G.R. No. 191906
2025-12-06 14:48:56,902 - INFO -   Title: Joselito Ma. P. Jacinto (Formerly President of F. Jacinto Gr...
2025-12-06 14:48:57,141 - INFO -   ✓ Saved: RESTRUCTURED_DB/2014/jun/191906.json
2025-12-06 14:48:57,641 - INFO - 
[1909/2000] Processing G.R. No. 192011
2025-12-06 14:48:57,641 - INFO -   Title: Libcap Marketing Corporation, et al. vs. Lanny Jean B. Baqui...
2025-12-06 14:48:58,085 - INFO -   ✓ Saved: RESTRUCTURED_DB/2014/jun/192011.json
2025-12-06 14:48:58,585 - INFO - 
[1910/2000] Processing G.R. No. 192026
2025-12-06 14:48:58,585 - INFO -   Title: Automat Realty and Development Corporation, et al. vs. Spous...
2025-12-06 14:48:59,032 - INFO -   ✓ Saved: RESTRUCTURED_DB/2014/oct/192026.json
2025-12-06 14:48:59,532 - INFO - 
[1911/2000] Processing G.R. No. 192034
2025-12-06 14:48:59,532 - INFO -   Title: Alpha Ship Management Corporation, et al. vs. Eleosis V. Cal...
2025-12-06 14:48:59,772 - INFO -   ✓ Saved: RESTRUCTURED_DB/2014/jan/192034.json
2025-12-06 14:49:00,272 - INFO - 
[1912/2000] Processing G.R. No. 192074
2025-12-06 14:49:00,272 - INFO -   Title: Light Rail Transit Authority etc. vs. Aurora A. Salvana...
2025-12-06 14:49:00,727 - INFO -   ✓ Saved: RESTRUCTURED_DB/2014/jun/192074.json
2025-12-06 14:49:01,227 - INFO - 
[1913/2000] Processing G.R. No. 192100
2025-12-06 14:49:01,227 - INFO -   Title: Republic of the Philippines, represented by the Department o...
2025-12-06 14:49:01,465 - INFO -   ✓ Saved: RESTRUCTURED_DB/2014/mar/192100.json
2025-12-06 14:49:01,966 - INFO - 
[1914/2000] Processing G.R. No. 192123
2025-12-06 14:49:01,966 - INFO -   Title: Dr. Fernando P. Solidum vs People of the Philippines...
2025-12-06 14:49:02,411 - INFO -   ✓ Saved: RESTRUCTURED_DB/2014/mar/192123.json
2025-12-06 14:49:02,911 - INFO - 
[1915/2000] Processing G.R. No. 192150
2025-12-06 14:49:02,911 - INFO -   Title: Federico Sabay vs. People of the Philippines...
2025-12-06 14:49:03,149 - INFO -   ✓ Saved: RESTRUCTURED_DB/2014/oct/192150.json
2025-12-06 14:49:03,649 - INFO - 
[1916/2000] Processing G.R. No. 192232
2025-12-06 14:49:03,649 - INFO -   Title: People of the Philippines vs. Jose Estalin Prodenciado...
2025-12-06 14:49:04,097 - INFO -   ✓ Saved: RESTRUCTURED_DB/2014/dec/192232.json
2025-12-06 14:49:04,597 - INFO - 
[1917/2000] Processing G.R. No. 192300
2025-12-06 14:49:04,597 - INFO -   Title: National Power Corporation vs. Municipal Governemnt of Navot...
2025-12-06 14:49:05,041 - INFO -   ✓ Saved: RESTRUCTURED_DB/2014/nov/192300.json
2025-12-06 14:49:05,541 - INFO - 
[1918/2000] Processing G.R. No. 192302
2025-12-06 14:49:05,541 - INFO -   Title: Republic of the Philippines, represented by the Anti-Money L...
2025-12-06 14:49:05,778 - INFO -   ✓ Saved: RESTRUCTURED_DB/2014/jun/192302.json
2025-12-06 14:49:06,278 - INFO - 
[1919/2000] Processing G.R. No. 192304
2025-12-06 14:49:06,279 - INFO -   Title: Anchor Savings Bank (now Equicom Savings Bank) vs. Pinzman R...
2025-12-06 14:49:06,727 - INFO -   ✓ Saved: RESTRUCTURED_DB/2014/aug/192304.json
2025-12-06 14:49:07,228 - INFO - 
[1920/2000] Processing G.R. No. 192352
2025-12-06 14:49:07,228 - INFO -   Title: Rosemarie Esmarialino vs. Employees' Compensation Commission...
2025-12-06 14:49:07,677 - INFO -   ✓ Saved: RESTRUCTURED_DB/2014/jul/192352.json
2025-12-06 14:49:08,177 - INFO - 
[1921/2000] Processing G.R. No. 192371
2025-12-06 14:49:08,177 - INFO -   Title: Land Bank of the Philippines vs. Emmanuel C. Oñate...
2025-12-06 14:49:08,834 - INFO -   ✓ Saved: RESTRUCTURED_DB/2014/jan/192371.json
2025-12-06 14:49:09,334 - INFO - 
[1922/2000] Processing G.R. No. 192398
2025-12-06 14:49:09,334 - INFO -   Title: Commissioner of Internal Revenue vs. Pilipinas Shell Corpora...
2025-12-06 14:49:09,573 - INFO -   ✓ Saved: RESTRUCTURED_DB/2014/sep/192398.json
2025-12-06 14:49:10,074 - INFO - 
[1923/2000] Processing G.R. No. 192432
2025-12-06 14:49:10,074 - INFO -   Title: People of the Philippines vs. Larry Mendoza y Estrada...
2025-12-06 14:49:10,518 - INFO -   ✓ Saved: RESTRUCTURED_DB/2014/jun/192432.json
2025-12-06 14:49:11,018 - INFO - 
[1924/2000] Processing G.R. No. 192446
2025-12-06 14:49:11,018 - INFO -   Title: Snow Mountain Dairy Corp. vs. GMA Veterans Force, Inc....
2025-12-06 14:49:11,256 - INFO -   ✓ Saved: RESTRUCTURED_DB/2014/nov/192446.json
2025-12-06 14:49:11,756 - INFO - 
[1925/2000] Processing G.R. No. 192479
2025-12-06 14:49:11,757 - INFO -   Title: Diones Belza vs. Danilo T. Canonero, Antonio N. Esquivel and...
2025-12-06 14:49:11,993 - INFO -   ✓ Saved: RESTRUCTURED_DB/2014/jan/192479.json
2025-12-06 14:49:12,493 - INFO - 
[1926/2000] Processing G.R. No. 192531
2025-12-06 14:49:12,493 - INFO -   Title: Bernardina P. Bartolome vs. Social Security System and Scanm...
2025-12-06 14:49:12,937 - INFO -   ✓ Saved: RESTRUCTURED_DB/2014/nov/192531.json
2025-12-06 14:49:13,437 - INFO - 
[1927/2000] Processing G.R. No. 192571
2025-12-06 14:49:13,437 - INFO -   Title: Abbott Laboratories, Phils., Cecille A. Terrible, Edwin D. F...
2025-12-06 14:49:13,684 - INFO -   ✓ Saved: RESTRUCTURED_DB/2014/apr/192571.json
2025-12-06 14:49:14,184 - INFO - 
[1928/2000] Processing G.R. No. 192573
2025-12-06 14:49:14,184 - INFO -   Title: Ricardo N. Azuelo vs. Zameco II Electric Cooperative, Inc....
2025-12-06 14:49:14,627 - INFO -   ✓ Saved: RESTRUCTURED_DB/2014/oct/192573.json
2025-12-06 14:49:15,127 - INFO - 
[1929/2000] Processing G.R. No. 192582
2025-12-06 14:49:15,127 - INFO -   Title: Bluer Than Blue Joint Ventures Company/ Mary Ann Dela Vega v...
2025-12-06 14:49:15,571 - INFO -   ✓ Saved: RESTRUCTURED_DB/2014/apr/192582.json
2025-12-06 14:49:16,071 - INFO - 
[1930/2000] Processing G.R. No. 192669
2025-12-06 14:49:16,072 - INFO -   Title: Raul Saberon, Joan F. Saberon and Jacqueline Saberon vs. Osc...
2025-12-06 14:49:16,517 - INFO -   ✓ Saved: RESTRUCTURED_DB/2014/apr/192669.json
2025-12-06 14:49:17,017 - INFO - 
[1931/2000] Processing G.R. No. 192717
2025-12-06 14:49:17,017 - INFO -   Title: Minda S. Gaerlan vs Republic of the Philippines...
2025-12-06 14:49:17,261 - INFO -   ✓ Saved: RESTRUCTURED_DB/2014/mar/192717.json
2025-12-06 14:49:17,761 - INFO - 
[1932/2000] Processing G.R. No. 192820
2025-12-06 14:49:17,761 - INFO -   Title: People of the Philippines vs. Renato Dela Cruz...
2025-12-06 14:49:17,999 - INFO -   ✓ Saved: RESTRUCTURED_DB/2014/jun/192820.json
2025-12-06 14:49:18,499 - INFO - 
[1933/2000] Processing G.R. No. 192861
2025-12-06 14:49:18,499 - INFO -   Title: Linda Rana vs. Teresita Lee Wong, et al./Sps Rosario and Wil...
2025-12-06 14:49:18,944 - INFO -   ✓ Saved: RESTRUCTURED_DB/2014/jun/192861.json
2025-12-06 14:49:19,444 - INFO - 
[1934/2000] Processing G.R. No. 192866
2025-12-06 14:49:19,444 - INFO -   Title: Pedro G. Resurreccion, et al. vs. People of the Philippines...
2025-12-06 14:49:19,888 - INFO -   ✓ Saved: RESTRUCTURED_DB/2014/jul/192866.json
2025-12-06 14:49:20,389 - INFO - 
[1935/2000] Processing G.R. No. 192912
2025-12-06 14:49:20,389 - INFO -   Title: People of the Philippines vs. Democrito Paras...
2025-12-06 14:49:20,625 - INFO -   ✓ Saved: RESTRUCTURED_DB/2014/oct/192912.json
2025-12-06 14:49:21,126 - INFO - 
[1936/2000] Processing G.R. No. 192912
2025-12-06 14:49:21,126 - INFO -   Title: People of the philippines vs. Democrito Paras...
2025-12-06 14:49:21,575 - INFO -   ✓ Saved: RESTRUCTURED_DB/2014/jun/192912.json
2025-12-06 14:49:22,075 - INFO - 
[1937/2000] Processing G.R. No. 192924
2025-12-06 14:49:22,075 - INFO -   Title: Philippine Airlines, Inc. vs. Reynaldo V. Paz...
2025-12-06 14:49:23,394 - INFO -   ✓ Saved: RESTRUCTURED_DB/2014/nov/192924.json
2025-12-06 14:49:23,894 - INFO - 
[1938/2000] Processing G.R. No. 192957
2025-12-06 14:49:23,894 - INFO -   Title: Emmanuel B. Moran, Jr. (deceased), substituted by his widow,...
2025-12-06 14:49:24,336 - INFO -   ✓ Saved: RESTRUCTURED_DB/2014/sep/192957.json
2025-12-06 14:49:24,837 - INFO - 
[1939/2000] Processing G.R. No. 192973
2025-12-06 14:49:24,837 - INFO -   Title: Pedrito Dela Torre vs. Dr. Arturo Imbuido, Dra. Norma Imbuid...
2025-12-06 14:49:25,279 - INFO -   ✓ Saved: RESTRUCTURED_DB/2014/sep/192973.json
2025-12-06 14:49:25,780 - INFO - 
[1940/2000] Processing G.R. No. 192993
2025-12-06 14:49:25,780 - INFO -   Title: Wallem Maritime Services, Inc., and Reginaldo Oben/Wallem Sh...
2025-12-06 14:49:26,222 - INFO -   ✓ Saved: RESTRUCTURED_DB/2014/aug/192993.json
2025-12-06 14:49:26,723 - INFO - 
[1941/2000] Processing G.R. No. 192998
2025-12-06 14:49:26,723 - INFO -   Title: Bernard A. Tenazas, Jaime M. Farncisco and Isidro G. Endraca...
2025-12-06 14:49:27,167 - INFO -   ✓ Saved: RESTRUCTURED_DB/2014/apr/192998.json
2025-12-06 14:49:27,667 - INFO - 
[1942/2000] Processing G.R. No. 193047
2025-12-06 14:49:27,668 - INFO -   Title: Fil-Pride Shipping Company, Inc., et al. vs Edgar A. Balasta...
2025-12-06 14:49:28,112 - INFO -   ✓ Saved: RESTRUCTURED_DB/2014/mar/193047.json
2025-12-06 14:49:28,612 - INFO - 
[1943/2000] Processing G.R. No. 193100
2025-12-06 14:49:28,612 - INFO -   Title: Samar-I Electric Cooperative vs. Commissioner of Internal Re...
2025-12-06 14:49:29,071 - INFO -   ✓ Saved: RESTRUCTURED_DB/2014/dec/193100.json
2025-12-06 14:49:29,571 - INFO - 
[1944/2000] Processing G.R. No. 193107
2025-12-06 14:49:29,571 - INFO -   Title: Sutherland Global Serives (Philippines), Inc. and Janette G....
2025-12-06 14:49:30,025 - INFO -   ✓ Saved: RESTRUCTURED_DB/2014/mar/193107.json
2025-12-06 14:49:30,525 - INFO - 
[1945/2000] Processing G.R. No. 193108
2025-12-06 14:49:30,525 - INFO -   Title: Marilyn Victoria-Aquino vs. Pacific Plans, Inc., and Mamerto...
2025-12-06 14:49:31,178 - INFO -   ✓ Saved: RESTRUCTURED_DB/2014/dec/193108.json
2025-12-06 14:49:31,678 - INFO - 
[1946/2000] Processing G.R. No. 193117
2025-12-06 14:49:31,678 - INFO -   Title: Heirs of Sps. Angel Liwagon, et al. vs. Heirs of Sps. Demetr...
2025-12-06 14:49:32,122 - INFO -   ✓ Saved: RESTRUCTURED_DB/2014/nov/193117.json
2025-12-06 14:49:32,622 - INFO - 
[1947/2000] Processing G.R. No. 193217
2025-12-06 14:49:32,622 - INFO -   Title: Corazon Macapagal vs. People of the Philippines...
2025-12-06 14:49:33,064 - INFO -   ✓ Saved: RESTRUCTURED_DB/2014/feb/193217.json
2025-12-06 14:49:33,565 - INFO - 
[1948/2000] Processing G.R. No. 193324
2025-12-06 14:49:33,565 - INFO -   Title: St. Luke's Medical Center, Incorporated vs. Daniel Quebral, ...
2025-12-06 14:49:34,008 - INFO -   ✓ Saved: RESTRUCTURED_DB/2014/jul/193324.json
2025-12-06 14:49:34,508 - INFO - 
[1949/2000] Processing G.R. No. 193385
2025-12-06 14:49:34,508 - INFO -   Title: People of the Philippines vs. Dats Gandawali y Gapas and Nol...
2025-12-06 14:49:34,951 - INFO -   ✓ Saved: RESTRUCTURED_DB/2014/dec/193385.json
2025-12-06 14:49:35,452 - INFO - 
[1950/2000] Processing G.R. No. 193426
2025-12-06 14:49:35,452 - INFO -   Title: Subic Bay Legend Resorts and Casinos, Inc. vs. Bernard C. Fe...
2025-12-06 14:49:35,894 - INFO -   ✓ Saved: RESTRUCTURED_DB/2014/sep/193426.json
2025-12-06 14:49:36,395 - INFO - 
[1951/2000] Processing G.R. No. 193462
2025-12-06 14:49:36,395 - INFO -   Title: Dennis A.B. Funa vs. Manila Economic and Cultural Office and...
2025-12-06 14:49:37,049 - INFO -   ✓ Saved: RESTRUCTURED_DB/2014/feb/193462.json
2025-12-06 14:49:37,549 - INFO - 
[1952/2000] Processing G.R. No. 193478
2025-12-06 14:49:37,549 - INFO -   Title: People of the Philippines vs. Rodolfo P. Fernandez, Nelson E...
2025-12-06 14:49:37,995 - INFO -   ✓ Saved: RESTRUCTURED_DB/2014/jun/193478.json
2025-12-06 14:49:38,495 - INFO - 
[1953/2000] Processing G.R. No. 193494
2025-12-06 14:49:38,495 - INFO -   Title: Lui Enterprises, Inc. vs Zuellig Pharma Corporation and the ...
2025-12-06 14:49:39,150 - INFO -   ✓ Saved: RESTRUCTURED_DB/2014/mar/193494.json
2025-12-06 14:49:39,651 - INFO - 
[1954/2000] Processing G.R. No. 193516
2025-12-06 14:49:39,651 - INFO -   Title: Vilma Macedenio vs Catalina Ramo, et al....
2025-12-06 14:49:40,095 - INFO -   ✓ Saved: RESTRUCTURED_DB/2014/mar/193516.json
2025-12-06 14:49:40,595 - INFO - 
[1955/2000] Processing G.R. No. 193551
2025-12-06 14:49:40,595 - INFO -   Title: Heirs of Gregorio Lopez, represented by Rogelia Lopez, et al...
2025-12-06 14:49:41,040 - INFO -   ✓ Saved: RESTRUCTURED_DB/2014/nov/193551.json
2025-12-06 14:49:41,540 - INFO - 
[1956/2000] Processing G.R. No. 193592
2025-12-06 14:49:41,540 - INFO -   Title: Pasig Printing Corporation vs. Rockland Construction Company...
2025-12-06 14:49:41,983 - INFO -   ✓ Saved: RESTRUCTURED_DB/2014/feb/193592.json
2025-12-06 14:49:42,483 - INFO - 
[1957/2000] Processing G.R. No. 193628
2025-12-06 14:49:42,483 - INFO -   Title: Splash Philippines, Inc., et al. vs Ronulfo G. Ruizo...
2025-12-06 14:49:42,927 - INFO -   ✓ Saved: RESTRUCTURED_DB/2014/mar/193628.json
2025-12-06 14:49:43,427 - INFO - 
[1958/2000] Processing G.R. No. 193650
2025-12-06 14:49:43,427 - INFO -   Title: George Philip P. Palileo and Jose De La Cruz vs. Planters De...
2025-12-06 14:49:43,873 - INFO -   ✓ Saved: RESTRUCTURED_DB/2014/oct/193650.json
2025-12-06 14:49:44,373 - INFO - 
[1959/2000] Processing G.R. No. 193652
2025-12-06 14:49:44,373 - INFO -   Title: Infant Julian Yusay Caram represented by his mother, Ma. Chr...
2025-12-06 14:49:44,817 - INFO -   ✓ Saved: RESTRUCTURED_DB/2014/aug/193652.json
2025-12-06 14:49:45,317 - INFO - 
[1960/2000] Processing G.R. No. 193666
2025-12-06 14:49:45,317 - INFO -   Title: People of the Philippines vs. Marlon Castillo E. Valencia...
2025-12-06 14:49:45,762 - INFO -   ✓ Saved: RESTRUCTURED_DB/2014/feb/193666.json
2025-12-06 14:49:46,262 - INFO - 
[1961/2000] Processing G.R. No. 193670
2025-12-06 14:49:46,262 - INFO -   Title: People of the Philippines vs. Venerando Dela Cruz y Sebastia...
2025-12-06 14:49:46,506 - INFO -   ✓ Saved: RESTRUCTURED_DB/2014/dec/193670.json
2025-12-06 14:49:47,006 - INFO - 
[1962/2000] Processing G.R. No. 193681
2025-12-06 14:49:47,007 - INFO -   Title: Malayan Insurance Company, Inc. and Helen Y. Dee vs. Philip ...
2025-12-06 14:49:47,448 - INFO -   ✓ Saved: RESTRUCTURED_DB/2014/aug/193681.json
2025-12-06 14:49:47,949 - INFO - 
[1963/2000] Processing G.R. No. 193684
2025-12-06 14:49:47,949 - INFO -   Title: One Network Rural Bank, Inc. vs Danilo G. Baric...
2025-12-06 14:49:48,391 - INFO -   ✓ Saved: RESTRUCTURED_DB/2014/mar/193684.json
2025-12-06 14:49:48,891 - INFO - 
[1964/2000] Processing G.R. No. 193707
2025-12-06 14:49:48,891 - INFO -   Title: Norma A. Del Socorro, for and in behalf of her minor child R...
2025-12-06 14:49:49,335 - INFO -   ✓ Saved: RESTRUCTURED_DB/2014/dec/193707.json
2025-12-06 14:49:49,835 - INFO - 
[1965/2000] Processing G.R. No. 193768
2025-12-06 14:49:49,835 - INFO -   Title: People of the Philippines vs Jerry Caranto y Propeta...
2025-12-06 14:49:50,771 - WARNING -   ✗ Could not fetch case from any URL
2025-12-06 14:49:50,772 - INFO - 
[1966/2000] Processing G.R. No. 193787
2025-12-06 14:49:50,772 - INFO -   Title: Spouses Jose C. Roque and Beatriz Dela Cruz Roque, et al. vs...
2025-12-06 14:49:51,215 - INFO -   ✓ Saved: RESTRUCTURED_DB/2014/apr/193787.json
2025-12-06 14:49:51,715 - INFO - 
[1967/2000] Processing G.R. No. 193791
2025-12-06 14:49:51,715 - INFO -   Title: Primanila Plans, Inc., herein represented by Eduardo S. Madr...
2025-12-06 14:49:52,160 - INFO -   ✓ Saved: RESTRUCTURED_DB/2014/aug/193791.json
2025-12-06 14:49:52,660 - INFO - 
[1968/2000] Processing G.R. No. 193796
2025-12-06 14:49:52,660 - INFO -   Title: Land Bank of the Philippines vs. Atlanta Industries, Inc....
2025-12-06 14:49:53,104 - INFO -   ✓ Saved: RESTRUCTURED_DB/2014/jul/193796.json
2025-12-06 14:49:53,604 - INFO - 
[1969/2000] Processing G.R. No. 193856
2025-12-06 14:49:53,605 - INFO -   Title: People of the Philippines vs. Sukarno Janaide y Agga...
2025-12-06 14:49:53,851 - INFO -   ✓ Saved: RESTRUCTURED_DB/2014/apr/193856.json
2025-12-06 14:49:54,351 - INFO - 
[1970/2000] Processing G.R. No. 193914
2025-12-06 14:49:54,351 - INFO -   Title: Seven Brothers Shipping Corporation vs. DMC-Construction Res...
2025-12-06 14:49:54,795 - INFO -   ✓ Saved: RESTRUCTURED_DB/2014/nov/193914.json
2025-12-06 14:49:55,295 - INFO - 
[1971/2000] Processing G.R. No. 193986
2025-12-06 14:49:55,295 - INFO -   Title: Eastern Shipping Lines, Inc. vs. BPI/MS Insurance Corp., and...
2025-12-06 14:49:55,747 - INFO -   ✓ Saved: RESTRUCTURED_DB/2014/jan/193986.json
2025-12-06 14:49:56,247 - INFO - 
[1972/2000] Processing G.R. No. 194066
2025-12-06 14:49:56,247 - INFO -   Title: Republic of the Philippines vs. Franklin M. Millado...
2025-12-06 14:49:56,689 - INFO -   ✓ Saved: RESTRUCTURED_DB/2014/jun/194066.json
2025-12-06 14:49:57,189 - INFO - 
[1973/2000] Processing G.R. No. 194068
2025-12-06 14:49:57,190 - INFO -   Title: People of the Philippines vs. Benjie Consorte y Franco...
2025-12-06 14:49:57,426 - INFO -   ✓ Saved: RESTRUCTURED_DB/2014/nov/194068.json
2025-12-06 14:49:57,926 - INFO - 
[1974/2000] Processing G.R. No. 194068
2025-12-06 14:49:57,926 - INFO -   Title: People of the Philippines vs. Benjie Consorte y Franco...
2025-12-06 14:49:58,369 - INFO -   ✓ Saved: RESTRUCTURED_DB/2014/jul/194068.json
2025-12-06 14:49:58,870 - INFO - 
[1975/2000] Processing G.R. No. 194077
2025-12-06 14:49:58,870 - INFO -   Title: Florentino W. Leong and Elena Leong, et al. vs. Edna C. See...
2025-12-06 14:49:59,314 - INFO -   ✓ Saved: RESTRUCTURED_DB/2014/dec/194077.json
2025-12-06 14:49:59,814 - INFO - 
[1976/2000] Processing G.R. No. 194105
2025-12-06 14:49:59,814 - INFO -   Title: Commissioner of Internal Revenue vs. Team Sual Corporation (...
2025-12-06 14:50:00,271 - INFO -   ✓ Saved: RESTRUCTURED_DB/2014/feb/194105.json
2025-12-06 14:50:00,772 - INFO - 
[1977/2000] Processing G.R. No. 194157
2025-12-06 14:50:00,772 - INFO -   Title: Romeo R. Araullo vs. Office of the Ombudsman, Hon. Mercedita...
2025-12-06 14:50:01,216 - INFO -   ✓ Saved: RESTRUCTURED_DB/2014/jul/194157.json
2025-12-06 14:50:01,716 - INFO - 
[1978/2000] Processing G.R. No. 194234
2025-12-06 14:50:01,716 - INFO -   Title: People of the Philippines vs. Jayson Cruz y Tecson...
2025-12-06 14:50:02,160 - INFO -   ✓ Saved: RESTRUCTURED_DB/2014/jun/194234.json
2025-12-06 14:50:02,660 - INFO - 
[1979/2000] Processing G.R. No. 194390
2025-12-06 14:50:02,660 - INFO -   Title: Venancio M. Sevilla vs. People of the Philippines...
2025-12-06 14:50:03,102 - INFO -   ✓ Saved: RESTRUCTURED_DB/2014/aug/194390.json
2025-12-06 14:50:03,603 - INFO - 
[1980/2000] Processing G.R. No. 194446
2025-12-06 14:50:03,603 - INFO -   Title: People of the Philippines vs. Hermenigildo Delen Y Escobilla...
2025-12-06 14:50:04,046 - INFO -   ✓ Saved: RESTRUCTURED_DB/2014/apr/194446.json
2025-12-06 14:50:04,546 - INFO - 
[1981/2000] Processing G.R. No. 194507
2025-12-06 14:50:04,546 - INFO -   Title: Federal Builders, Inc. vs. Foundation Specialists, Inc/Found...
2025-12-06 14:50:04,996 - INFO -   ✓ Saved: RESTRUCTURED_DB/2014/sep/194507.json
2025-12-06 14:50:05,496 - INFO - 
[1982/2000] Processing G.R. No. 194560
2025-12-06 14:50:05,496 - INFO -   Title: Nestor T. Gadrinab vs. Nora T. Salamanca, Antonio Talao, and...
2025-12-06 14:50:07,381 - INFO -   ✓ Saved: RESTRUCTURED_DB/2014/jun/194560.json
2025-12-06 14:50:07,881 - INFO - 
[1983/2000] Processing G.R. No. 194612
2025-12-06 14:50:07,881 - INFO -   Title: People of the Philippines vs. Floro Manigo y Macalua...
2025-12-06 14:50:08,330 - INFO -   ✓ Saved: RESTRUCTURED_DB/2014/jan/194612.json
2025-12-06 14:50:08,830 - INFO - 
[1984/2000] Processing G.R. No. 194638
2025-12-06 14:50:08,830 - INFO -   Title: Parañaque Kings Enterprises, Inc. vs. Catalina L. Santos, re...
2025-12-06 14:50:09,297 - INFO -   ✓ Saved: RESTRUCTURED_DB/2014/jul/194638.json
2025-12-06 14:50:09,797 - INFO - 
[1985/2000] Processing G.R. No. 194818
2025-12-06 14:50:09,797 - INFO -   Title: Charles Bumagat, et al. vs. Regalado Arribay...
2025-12-06 14:50:10,248 - INFO -   ✓ Saved: RESTRUCTURED_DB/2014/jun/194818.json
2025-12-06 14:50:10,748 - INFO - 
[1986/2000] Processing G.R. No. 194833
2025-12-06 14:50:10,748 - INFO -   Title: People of the Philippines vs. Porferio Balino alias "Toto"...
2025-12-06 14:50:11,191 - INFO -   ✓ Saved: RESTRUCTURED_DB/2014/jul/194833.json
2025-12-06 14:50:11,691 - INFO - 
[1987/2000] Processing G.R. No. 194872
2025-12-06 14:50:11,692 - INFO -   Title: Sahar International Trading, Inc. vs. Warner Lambert Co., LL...
2025-12-06 14:50:12,134 - INFO -   ✓ Saved: RESTRUCTURED_DB/2014/jun/194872.json
2025-12-06 14:50:12,635 - INFO - 
[1988/2000] Processing G.R. No. 194884
2025-12-06 14:50:12,635 - INFO -   Title: Imasen Philippine Manufacturing Corporation vs. Ramonchito T...
2025-12-06 14:50:13,078 - INFO -   ✓ Saved: RESTRUCTURED_DB/2014/oct/194884.json
2025-12-06 14:50:13,578 - INFO - 
[1989/2000] Processing G.R. No. 194946
2025-12-06 14:50:13,578 - INFO -   Title: People of the Philippines vs. Eco Yaba y Basa a.k.a. "Plok"...
2025-12-06 14:50:14,021 - INFO -   ✓ Saved: RESTRUCTURED_DB/2014/sep/194946.json
2025-12-06 14:50:14,521 - INFO - 
[1990/2000] Processing G.R. No. 195031
2025-12-06 14:50:14,521 - INFO -   Title: International Container Terminal Services, Inc. vs Celeste M...
2025-12-06 14:50:15,178 - INFO -   ✓ Saved: RESTRUCTURED_DB/2014/mar/195031.json
2025-12-06 14:50:15,678 - INFO - 
[1991/2000] Processing G.R. No. 195064
2025-12-06 14:50:15,678 - INFO -   Title: Nari K. Gidwani vs. People of the Philippines...
2025-12-06 14:50:16,130 - INFO -   ✓ Saved: RESTRUCTURED_DB/2014/jan/195064.json
2025-12-06 14:50:16,630 - INFO - 
[1992/2000] Processing G.R. No. 195190
2025-12-06 14:50:16,630 - INFO -   Title: Royale Homes Marketing Corporation vs. Fidel P. Alcantara...
2025-12-06 14:50:17,075 - INFO -   ✓ Saved: RESTRUCTURED_DB/2014/jul/195190.json
2025-12-06 14:50:17,575 - INFO - 
[1993/2000] Processing G.R. No. 195227
2025-12-06 14:50:17,575 - INFO -   Title: Froilan M. Bergonio, Jr., et al. vs. South East Asian Arilin...
2025-12-06 14:50:18,762 - INFO -   ✓ Saved: RESTRUCTURED_DB/2014/apr/195227.json
2025-12-06 14:50:19,262 - INFO - 
[1994/2000] Processing G.R. No. 195289
2025-12-06 14:50:19,262 - INFO -   Title: Robinson's Bank Corporation (formerly the Royal Bank of Scot...
2025-12-06 14:50:19,707 - INFO -   ✓ Saved: RESTRUCTURED_DB/2014/sep/195289.json
2025-12-06 14:50:20,207 - INFO - 
[1995/2000] Processing G.R. No. 195374
2025-12-06 14:50:20,207 - INFO -   Title: Pedro Lukang vs Pagbilao Development Corporation and Eduardo...
2025-12-06 14:50:20,446 - INFO -   ✓ Saved: RESTRUCTURED_DB/2014/mar/195374.json
2025-12-06 14:50:20,946 - INFO - 
[1996/2000] Processing G.R. No. 195390
2025-12-06 14:50:20,946 - INFO -   Title: Gov. Luis Raymund F. Villafuerte, Jr., and the Province of C...
2025-12-06 14:50:21,394 - INFO -   ✓ Saved: RESTRUCTURED_DB/2014/dec/195390.json
2025-12-06 14:50:21,894 - INFO - 
[1997/2000] Processing G.R. No. 195432
2025-12-06 14:50:21,894 - INFO -   Title: Edelina T. Ando vs. Department of Foreign Affairs...
2025-12-06 14:50:22,132 - INFO -   ✓ Saved: RESTRUCTURED_DB/2014/aug/195432.json
2025-12-06 14:50:22,632 - INFO - 
[1998/2000] Processing G.R. No. 195443
2025-12-06 14:50:22,632 - INFO -   Title: Juanario G. Campit vs. Isidra B. Gripa, et al....
2025-12-06 14:50:22,870 - INFO -   ✓ Saved: RESTRUCTURED_DB/2014/sep/195443.json
2025-12-06 14:50:23,370 - INFO - 
[1999/2000] Processing G.R. No. 195466
2025-12-06 14:50:23,370 - INFO -   Title: Ariel L. David, doing business under the name and style "Yie...
2025-12-06 14:50:24,433 - INFO -   ✓ Saved: RESTRUCTURED_DB/2014/jul/195466.json
2025-12-06 14:50:24,934 - INFO - 
[2000/2000] Processing G.R. No. 195525
2025-12-06 14:50:24,934 - INFO -   Title: People of the Philippines vs. Wilfredo Gunda Alias "Fred"...
2025-12-06 14:50:25,377 - INFO -   ✓ Saved: RESTRUCTURED_DB/2014/feb/195525.json
2025-12-06 14:50:25,911 - INFO - 
✓ Updated lawphil_missing_cases.json: removed 1699 scraped cases
2025-12-06 14:50:25,911 - INFO -   Remaining cases: 5540
2025-12-06 14:50:25,912 - INFO - 
================================================================================
2025-12-06 14:50:25,912 - INFO - BATCH COMPLETE
2025-12-06 14:50:25,912 - INFO - ================================================================================
2025-12-06 14:50:25,912 - INFO - Cases attempted: 2000
2025-12-06 14:50:25,912 - INFO - Successfully scraped: 1699
2025-12-06 14:50:25,912 - INFO - Already existed: 89
2025-12-06 14:50:25,912 - INFO - Failed: 212
2025-12-06 14:50:25,912 - INFO - Success rate: 85.0%
2025-12-06 14:50:25,912 - INFO - ================================================================================
