2025-12-06 13:09:06,379 - INFO - ================================================================================
2025-12-06 13:09:06,379 - INFO - CONTINUOUS SCRAPING SESSION
2025-12-06 13:09:06,379 - INFO - ================================================================================
2025-12-06 13:09:06,379 - INFO - Total cases remaining: 9751
2025-12-06 13:09:06,379 - INFO - Will process: 1500 cases
2025-12-06 13:09:06,380 - INFO - Database path: RESTRUCTURED_DB
2025-12-06 13:09:06,380 - INFO - ================================================================================
2025-12-06 13:09:06,380 - INFO - 
[1/1500] Processing G.R. No. 138792
2025-12-06 13:09:06,380 - INFO -   Title: Dante Guevarra, et al. vs. the Hon. Fourth Division of the S...
2025-12-06 13:09:07,962 - WARNING -   ✗ Could not fetch case from any URL
2025-12-06 13:09:07,962 - INFO - 
[2/1500] Processing G.R. No. 141675
2025-12-06 13:09:07,962 - INFO -   Title: Jesus T. Tanchanco, et al., vs. the Honorable Sandiganbayan ...
2025-12-06 13:09:08,922 - WARNING -   ✗ Could not fetch case from any URL
2025-12-06 13:09:08,923 - INFO - 
[3/1500] Processing G.R. No. 142286
2025-12-06 13:09:08,923 - INFO -   Title: Korea Exchange Bank vs. Hon. Rogelio C. Gonzales, et al....
2025-12-06 13:09:09,882 - WARNING -   ✗ Could not fetch case from any URL
2025-12-06 13:09:09,883 - INFO - 
[4/1500] Processing G.R. No. 142408
2025-12-06 13:09:09,883 - INFO -   Title: Spouses Ricardo Almendrala, et al. vs. Spouses Wing on Ngo, ...
2025-12-06 13:09:10,339 - INFO -   Case already exists: RESTRUCTURED_DB/2005/sep/126850.json
2025-12-06 13:09:10,839 - INFO - 
[5/1500] Processing G.R. No. 142619
2025-12-06 13:09:10,839 - INFO -   Title: Municipality of Taguig, et al. vs. the Hon. Court of Appeals...
2025-12-06 13:09:11,294 - INFO -   Case already exists: RESTRUCTURED_DB/2005/sep/142619.json
2025-12-06 13:09:11,794 - INFO - 
[6/1500] Processing G.R. No. 143573
2025-12-06 13:09:11,794 - INFO -   Title: Gregorio "George" Amante, et al. vs. Bibiano Serwelas...
2025-12-06 13:09:12,754 - WARNING -   ✗ Could not fetch case from any URL
2025-12-06 13:09:12,754 - INFO - 
[7/1500] Processing G.R. No. 148682
2025-12-06 13:09:12,754 - INFO -   Title: People of the Philippines vs. Angel A. Enfermo....
2025-12-06 13:09:13,713 - WARNING -   ✗ Could not fetch case from any URL
2025-12-06 13:09:13,713 - INFO - 
[8/1500] Processing G.R. No. 151373
2025-12-06 13:09:13,713 - INFO -   Title: Department of Health vs. C.V. Canchela and Associates, Archi...
2025-12-06 13:09:14,672 - WARNING -   ✗ Could not fetch case from any URL
2025-12-06 13:09:14,673 - INFO - 
[9/1500] Processing G.R. No. 151809
2025-12-06 13:09:14,673 - INFO -   Title: Presidential Commission on Good Government (PCGG) vs. Sandig...
2025-12-06 13:09:15,631 - WARNING -   ✗ Could not fetch case from any URL
2025-12-06 13:09:15,632 - INFO - 
[10/1500] Processing G.R. No. 153063
2025-12-06 13:09:15,632 - INFO -   Title: Amelia D. De Mesa, et al. vs. Pepsi Cola Products Phils., In...
2025-12-06 13:09:16,591 - WARNING -   ✗ Could not fetch case from any URL
2025-12-06 13:09:16,591 - INFO - 
[11/1500] Processing G.R. No. 156254
2025-12-06 13:09:16,591 - INFO -   Title: Crisanto Rafaelito Gualberto V vs. Court of Appeals, et al....
2025-12-06 13:09:17,551 - WARNING -   ✗ Could not fetch case from any URL
2025-12-06 13:09:17,551 - INFO - 
[12/1500] Processing G.R. No. 160577
2025-12-06 13:09:17,551 - INFO -   Title: Gregorio Singian, Jr. vs. the Honorable Sandiganbayan, et al...
2025-12-06 13:09:18,507 - WARNING -   ✗ Could not fetch case from any URL
2025-12-06 13:09:18,507 - INFO - 
[13/1500] Processing G.R. No. 160929
2025-12-06 13:09:18,507 - INFO -   Title: Rene P. Pondevida vs. the Hon. Sandiganbayan, et al....
2025-12-06 13:09:19,466 - WARNING -   ✗ Could not fetch case from any URL
2025-12-06 13:09:19,466 - INFO - 
[14/1500] Processing G.R. No. 161217
2025-12-06 13:09:19,466 - INFO -   Title: Blucor Minerals Corporation, et al. vs. Alfredo M. Amarilla,...
2025-12-06 13:09:20,428 - WARNING -   ✗ Could not fetch case from any URL
2025-12-06 13:09:20,428 - INFO - 
[15/1500] Processing G.R. No. 161784
2025-12-06 13:09:20,428 - INFO -   Title: Dinah C. Barriga vs. the Honorable Sandiganbayan (4th Divisi...
2025-12-06 13:09:21,385 - WARNING -   ✗ Could not fetch case from any URL
2025-12-06 13:09:21,385 - INFO - 
[16/1500] Processing G.R. No. 163619
2025-12-06 13:09:21,385 - INFO -   Title: In the Matter of the Petition for Disqualification of Tess D...
2025-12-06 13:09:22,345 - WARNING -   ✗ Could not fetch case from any URL
2025-12-06 13:09:22,345 - INFO - 
[17/1500] Processing G.R. No. 164684
2025-12-06 13:09:22,345 - INFO -   Title: Philippine Long Distance Telephone Company, Inc., vs. Antoni...
2025-12-06 13:09:23,303 - WARNING -   ✗ Could not fetch case from any URL
2025-12-06 13:09:23,304 - INFO - 
[18/1500] Processing G.R. No. 165510
2025-12-06 13:09:23,304 - INFO -   Title: Benjamin T. Romualdez vs. Hon. Simeon V. Marcelo, et al....
2025-12-06 13:09:24,262 - WARNING -   ✗ Could not fetch case from any URL
2025-12-06 13:09:24,262 - INFO - 
[19/1500] Processing G.R. No. 166299
2025-12-06 13:09:24,262 - INFO -   Title: Aurelio K. Litonjua Jr., vs. Eduardo K. Litonjua, Sr., et al...
2025-12-06 13:09:25,221 - WARNING -   ✗ Could not fetch case from any URL
2025-12-06 13:09:25,221 - INFO - 
[20/1500] Processing G.R. No. 168056
2025-12-06 13:09:25,221 - INFO -   Title: ABAKADA Guro Party List Officers Samson S. Alcantara, et al....
2025-12-06 13:09:26,358 - INFO -   Case already exists: RESTRUCTURED_DB/2005/sep/168056.json
2025-12-06 13:09:26,859 - INFO - 
[21/1500] Processing G.R. No. 200553
2025-12-06 13:09:26,859 - INFO -   Title: Spouses Gildardo C. Loquellano and Roslina Juliet B. Loquell...
2025-12-06 13:09:27,818 - WARNING -   ✗ Could not fetch case from any URL
2025-12-06 13:09:27,818 - INFO - 
[22/1500] Processing G.R. No. 52341
2025-12-06 13:09:27,818 - INFO -   Title: Delia Preagido et al. vs. Sandiganbayan, et al....
2025-12-06 13:09:28,777 - WARNING -   ✗ Could not fetch case from any URL
2025-12-06 13:09:28,777 - INFO - 
[23/1500] Processing G.R. No. 132361
2025-12-06 13:09:28,777 - INFO -   Title: Eduardo Adriano, et al. vs. Court of Appelas...
2025-12-06 13:09:29,737 - WARNING -   ✗ Could not fetch case from any URL
2025-12-06 13:09:29,737 - INFO - 
[24/1500] Processing G.R. No. 138526
2025-12-06 13:09:29,737 - INFO -   Title: Marcelino Tan vs. Court of Appeals, et al....
2025-12-06 13:09:30,695 - WARNING -   ✗ Could not fetch case from any URL
2025-12-06 13:09:30,695 - INFO - 
[25/1500] Processing G.R. No. 138624
2025-12-06 13:09:30,695 - INFO -   Title: Solomon Torrado, et al. vs. Veronica Baluyot, et al....
2025-12-06 13:09:31,655 - WARNING -   ✗ Could not fetch case from any URL
2025-12-06 13:09:31,656 - INFO - 
[26/1500] Processing G.R. No. 139565
2025-12-06 13:09:31,656 - INFO -   Title: Baltazar N. Endriga, et al. vs. Armita B. Rufino, et al....
2025-12-06 13:09:32,613 - WARNING -   ✗ Could not fetch case from any URL
2025-12-06 13:09:32,613 - INFO - 
[27/1500] Processing G.R. No. 140857
2025-12-06 13:09:32,613 - INFO -   Title: CityTrust Investment Phils. vs. Asianbank Corp...
2025-12-06 13:09:33,572 - WARNING -   ✗ Could not fetch case from any URL
2025-12-06 13:09:33,572 - INFO - 
[28/1500] Processing G.R. No. 141174
2025-12-06 13:09:33,572 - INFO -   Title: Aladdin F. Trinidad, et al. vs. Republic of the Philippines...
2025-12-06 13:09:35,036 - WARNING -   ✗ Could not fetch case from any URL
2025-12-06 13:09:35,036 - INFO - 
[29/1500] Processing G.R. No. 143177
2025-12-06 13:09:35,036 - INFO -   Title: New World Properties etc. vs. Advances Foundation Constructi...
2025-12-06 13:09:36,006 - WARNING -   ✗ Could not fetch case from any URL
2025-12-06 13:09:36,006 - INFO - 
[30/1500] Processing G.R. No. 144300
2025-12-06 13:09:36,006 - INFO -   Title: South Pacific Plastic Mfg. Corp vs. the Manila Electric Co....
2025-12-06 13:09:36,976 - WARNING -   ✗ Could not fetch case from any URL
2025-12-06 13:09:36,976 - INFO - 
[31/1500] Processing G.R. No. 145844
2025-12-06 13:09:36,976 - INFO -   Title: Nagkahiusang Namumuo sa Dasuceco-National et al. vs. Davao S...
2025-12-06 13:09:37,949 - WARNING -   ✗ Could not fetch case from any URL
2025-12-06 13:09:37,949 - INFO - 
[32/1500] Processing G.R. No. 146295
2025-12-06 13:09:37,949 - INFO -   Title: Pepsi-Cola Products Phil., Inc. vs. Court of Appeals, et al....
2025-12-06 13:09:38,919 - WARNING -   ✗ Could not fetch case from any URL
2025-12-06 13:09:38,920 - INFO - 
[33/1500] Processing G.R. No. 151991
2025-12-06 13:09:38,920 - INFO -   Title: Trans-asia Shipping Lines, Inc. vs. Prudential Guarantee and...
2025-12-06 13:09:39,891 - WARNING -   ✗ Could not fetch case from any URL
2025-12-06 13:09:39,892 - INFO - 
[34/1500] Processing G.R. No. 152619
2025-12-06 13:09:39,892 - INFO -   Title: Balite Communal Portal Mining Cooperative vs. Southeast Mind...
2025-12-06 13:09:40,862 - WARNING -   ✗ Could not fetch case from any URL
2025-12-06 13:09:40,862 - INFO - 
[35/1500] Processing G.R. No. 152870
2025-12-06 13:09:40,862 - INFO -   Title: Mines Adjucation Board & its Members vs. Southeast Mindanao ...
2025-12-06 13:09:41,834 - WARNING -   ✗ Could not fetch case from any URL
2025-12-06 13:09:41,834 - INFO - 
[36/1500] Processing G.R. No. 154694
2025-12-06 13:09:41,834 - INFO -   Title: Republic of the Philippines vs. R.A.B. Realty, Inc., et. al....
2025-12-06 13:09:42,805 - WARNING -   ✗ Could not fetch case from any URL
2025-12-06 13:09:42,805 - INFO - 
[37/1500] Processing G.R. No. 155554
2025-12-06 13:09:42,805 - INFO -   Title: Republic of the Philippines vs. Mario N. Misa, et. al....
2025-12-06 13:09:43,778 - WARNING -   ✗ Could not fetch case from any URL
2025-12-06 13:09:43,779 - INFO - 
[38/1500] Processing G.R. No. 155711
2025-12-06 13:09:43,779 - INFO -   Title: Republic of the Philippines vs. Alberto De Los Reyes, et. al...
2025-12-06 13:09:44,750 - WARNING -   ✗ Could not fetch case from any URL
2025-12-06 13:09:44,750 - INFO - 
[39/1500] Processing G.R. No. 156481
2025-12-06 13:09:44,750 - INFO -   Title: Civil Service Commission vs. Camilo P. Cabili, et al....
2025-12-06 13:09:45,721 - WARNING -   ✗ Could not fetch case from any URL
2025-12-06 13:09:45,722 - INFO - 
[40/1500] Processing G.R. No. 158276
2025-12-06 13:09:45,722 - INFO -   Title: Bagong Nagkakaisang Lakas sa Nissan Motors Phils., Inc. vs. ...
2025-12-06 13:09:46,694 - WARNING -   ✗ Could not fetch case from any URL
2025-12-06 13:09:46,694 - INFO - 
[41/1500] Processing G.R. No. 158687
2025-12-06 13:09:46,694 - INFO -   Title: Frisco F. Domalsin vs. Spouses Juanito Valenciano and Amalia...
2025-12-06 13:09:47,369 - INFO -   Case already exists: RESTRUCTURED_DB/2006/jan/158687.json
2025-12-06 13:09:47,870 - INFO - 
[42/1500] Processing G.R. No. 160179
2025-12-06 13:09:47,870 - INFO -   Title: Republic of the Philippines vs. Bank of the Philippine Islan...
2025-12-06 13:09:48,841 - WARNING -   ✗ Could not fetch case from any URL
2025-12-06 13:09:48,842 - INFO - 
[43/1500] Processing G.R. No. 163881
2025-12-06 13:09:48,842 - INFO -   Title: Metro Transit Organization, Inc. vs. Court of Appeals, et al...
2025-12-06 13:09:49,811 - WARNING -   ✗ Could not fetch case from any URL
2025-12-06 13:09:49,812 - INFO - 
[44/1500] Processing G.R. No. 165165
2025-12-06 13:09:49,812 - INFO -   Title: Sps. Johnny Lucero & Nona Ariete vs. Heirs of Estanislao Mil...
2025-12-06 13:09:50,783 - WARNING -   ✗ Could not fetch case from any URL
2025-12-06 13:09:50,783 - INFO - 
[45/1500] Processing G.R. No. 166326
2025-12-06 13:09:50,783 - INFO -   Title: Esmeraldo Rivera, et al. vs. People of the Philippines...
2025-12-06 13:09:51,028 - INFO -   Case already exists: RESTRUCTURED_DB/2006/jan/166326.json
2025-12-06 13:09:51,529 - INFO - 
[46/1500] Processing G.R. No. 166546
2025-12-06 13:09:51,529 - INFO -   Title: People of the Philippines vs. Rogelio Arsayo y Lavaquiz...
2025-12-06 13:09:52,499 - WARNING -   ✗ Could not fetch case from any URL
2025-12-06 13:09:52,500 - INFO - 
[47/1500] Processing G.R. No. 166891
2025-12-06 13:09:52,500 - INFO -   Title: Abdusakur M. Tan, et al. vs. Commission on Elections, et al....
2025-12-06 13:09:53,470 - WARNING -   ✗ Could not fetch case from any URL
2025-12-06 13:09:53,470 - INFO - 
[48/1500] Processing G.R. No. 168737
2025-12-06 13:09:53,470 - INFO -   Title: People of the Philippines vs. Edgardo Barcena y Poca...
2025-12-06 13:09:53,930 - INFO -   Case already exists: RESTRUCTURED_DB/2006/feb/168237.json
2025-12-06 13:09:54,430 - INFO - 
[49/1500] Processing G.R. No. 169083
2025-12-06 13:09:54,431 - INFO -   Title: People of the Philippines vs. Ardel Canuto...
2025-12-06 13:09:55,399 - WARNING -   ✗ Could not fetch case from any URL
2025-12-06 13:09:55,399 - INFO - 
[50/1500] Processing G.R. No. 170191
2025-12-06 13:09:55,399 - INFO -   Title: People of the Philippines vs. Rodolfo Suyu, et al....
2025-12-06 13:09:56,368 - WARNING -   ✗ Could not fetch case from any URL
2025-12-06 13:09:56,368 - INFO - 
[51/1500] Processing G.R. No. 170220
2025-12-06 13:09:56,368 - INFO -   Title: Josefina S. Lubrica vs. Land Bank of the Philippines...
2025-12-06 13:09:56,613 - INFO -   Case already exists: RESTRUCTURED_DB/2006/nov/170220.json
2025-12-06 13:09:57,113 - INFO - 
[52/1500] Processing G.R. No. 170470
2025-12-06 13:09:57,113 - INFO -   Title: People vs. Edna Malngan Mayo...
2025-12-06 13:09:58,082 - WARNING -   ✗ Could not fetch case from any URL
2025-12-06 13:09:58,082 - INFO - 
[53/1500] Processing G.R. No. 170474
2025-12-06 13:09:58,082 - INFO -   Title: People of the Phil. vs. Alex Candaza y Calvadores...
2025-12-06 13:09:59,050 - WARNING -   ✗ Could not fetch case from any URL
2025-12-06 13:09:59,050 - INFO - 
[54/1500] Processing G.R. No. 171400
2025-12-06 13:09:59,050 - INFO -   Title: Alternative Law Groups, Inc. vs. Ermita, Senga & Lomibao...
2025-12-06 13:10:00,018 - WARNING -   ✗ Could not fetch case from any URL
2025-12-06 13:10:00,019 - INFO - 
[55/1500] Processing G.R. No. 171409
2025-12-06 13:10:00,019 - INFO -   Title: Niñez Cacho-Olivares & Tribune Publishing Co., Inc. vs. Ermi...
2025-12-06 13:10:00,989 - WARNING -   ✗ Could not fetch case from any URL
2025-12-06 13:10:00,989 - INFO - 
[56/1500] Processing G.R. No. 171424
2025-12-06 13:10:00,989 - INFO -   Title: Loren Legarda vs. Pres. Gloria Macapagal-Arroyo, et al....
2025-12-06 13:10:02,411 - WARNING -   ✗ Could not fetch case from any URL
2025-12-06 13:10:02,411 - INFO - 
[57/1500] Processing G.R. No. 171483
2025-12-06 13:10:02,411 - INFO -   Title: Kilusang Mayo Uno, et al. vs. Pres. Gloria Macapagal-Arroyo,...
2025-12-06 13:10:03,392 - WARNING -   ✗ Could not fetch case from any URL
2025-12-06 13:10:03,392 - INFO - 
[58/1500] Processing G.R. No. 171485
2025-12-06 13:10:03,392 - INFO -   Title: Francis Joseph G. Escudero, et al. vs. Eduardo R. Ermita, et...
2025-12-06 13:10:04,365 - WARNING -   ✗ Could not fetch case from any URL
2025-12-06 13:10:04,365 - INFO - 
[59/1500] Processing G.R. No. 171489
2025-12-06 13:10:04,365 - INFO -   Title: Jose Anselmo I. Cadiz, et al. vs. Ermita, Senga & Lomibao...
2025-12-06 13:10:05,339 - WARNING -   ✗ Could not fetch case from any URL
2025-12-06 13:10:05,339 - INFO - 
[60/1500] Processing G.R. No. 200487
2025-12-06 13:10:05,339 - INFO -   Title: Biggs Inc. vs. Jay Boncacas, et al./Junnie Arines, et al. v...
2025-12-06 13:10:06,313 - WARNING -   ✗ Could not fetch case from any URL
2025-12-06 13:10:06,313 - INFO - 
[61/1500] Processing G.R. No. 200612
2025-12-06 13:10:06,313 - INFO -   Title: Rafael C. Uy vs. Estate of Vipa Fernandez...
2025-12-06 13:10:07,287 - WARNING -   ✗ Could not fetch case from any URL
2025-12-06 13:10:07,287 - INFO - 
[62/1500] Processing G.R. No. 200676
2025-12-06 13:10:07,287 - INFO -   Title: Spoues Luis G. Batalla and Salvacion Batalla vs. Prudential ...
2025-12-06 13:10:08,260 - WARNING -   ✗ Could not fetch case from any URL
2025-12-06 13:10:08,260 - INFO - 
[63/1500] Processing G.R. No. 126467
2025-12-06 13:10:08,260 - INFO -   Title: Natividad & Enrique Agana vs. Juan Fuentes...
2025-12-06 13:10:09,235 - WARNING -   ✗ Could not fetch case from any URL
2025-12-06 13:10:09,235 - INFO - 
[64/1500] Processing G.R. No. 127590
2025-12-06 13:10:09,235 - INFO -   Title: Miguel Ampil vs. Natividad Agana, et al....
2025-12-06 13:10:10,209 - WARNING -   ✗ Could not fetch case from any URL
2025-12-06 13:10:10,209 - INFO - 
[65/1500] Processing G.R. No. 131913
2025-12-06 13:10:10,209 - INFO -   Title: Sps. D. Guinyawan etc. vs. L. Ayogat et al....
2025-12-06 13:10:10,672 - INFO -   Case already exists: RESTRUCTURED_DB/2007/jun/163663.json
2025-12-06 13:10:11,172 - INFO - 
[66/1500] Processing G.R. No. 134029
2025-12-06 13:10:11,172 - INFO -   Title: Rodolfo San Luis vs. Felecidad Sagalongos...
2025-12-06 13:10:12,147 - WARNING -   ✗ Could not fetch case from any URL
2025-12-06 13:10:12,147 - INFO - 
[67/1500] Processing G.R. No. 135688
2025-12-06 13:10:12,147 - INFO -   Title: Ernesto B. Francisco, Jr. vs. Uem-Mara Phil. Corp., et al....
2025-12-06 13:10:12,610 - INFO -   Case already exists: RESTRUCTURED_DB/2007/oct/159245.json
2025-12-06 13:10:13,110 - INFO - 
[68/1500] Processing G.R. No. 137355
2025-12-06 13:10:13,110 - INFO -   Title: Eugen U. Caballero, et al. vs. Sandiganbayan, et al....
2025-12-06 13:10:13,572 - INFO -   Case already exists: RESTRUCTURED_DB/2007/sep/83754.json
2025-12-06 13:10:14,073 - INFO - 
[69/1500] Processing G.R. No. 140836
2025-12-06 13:10:14,073 - INFO -   Title: Iligan Bay Mfg. Corp. et al vs. Henry Dy....
2025-12-06 13:10:14,536 - INFO -   Case already exists: RESTRUCTURED_DB/2007/jun/119247.json
2025-12-06 13:10:15,036 - INFO - 
[70/1500] Processing G.R. No. 142732
2025-12-06 13:10:15,036 - INFO -   Title: Marilou S. Genuino vs. National Labor Relations Commission, ...
2025-12-06 13:10:15,500 - INFO -   Case already exists: RESTRUCTURED_DB/2007/dec/118023.json
2025-12-06 13:10:16,000 - INFO - 
[71/1500] Processing G.R. No. 145743
2025-12-06 13:10:16,000 - INFO -   Title: Antonio P. Calingin vs. Aniano A. Desierto, et al....
2025-12-06 13:10:16,247 - INFO -   Case already exists: RESTRUCTURED_DB/2007/aug/166062.json
2025-12-06 13:10:16,747 - INFO - 
[72/1500] Processing G.R. No. 149158
2025-12-06 13:10:16,747 - INFO -   Title: Kimberly Independent Labour Union for Solidarity, et al. vs....
2025-12-06 13:10:17,210 - INFO -   Case already exists: RESTRUCTURED_DB/2007/jul/156668.json
2025-12-06 13:10:17,711 - INFO - 
[73/1500] Processing G.R. No. 150329
2025-12-06 13:10:17,711 - INFO -   Title: Ronald K. Go, et al. vs. the Hon. Sandiganbayan, et al....
2025-12-06 13:10:17,957 - INFO -   Case already exists: RESTRUCTURED_DB/2007/sep/116526.json
2025-12-06 13:10:18,458 - INFO - 
[74/1500] Processing G.R. No. 152505
2025-12-06 13:10:18,458 - INFO -   Title: Prudential Guarantee & Assurance Inc. vs. Equinox Land Corpo...
2025-12-06 13:10:18,704 - INFO -   Case already exists: RESTRUCTURED_DB/2007/sep/132358.json
2025-12-06 13:10:19,204 - INFO - 
[75/1500] Processing G.R. No. 152687
2025-12-06 13:10:19,205 - INFO -   Title: Ernesto V. Yu, et al. vs. the Court of Appeals, et al....
2025-12-06 13:10:20,178 - WARNING -   ✗ Could not fetch case from any URL
2025-12-06 13:10:20,179 - INFO - 
[76/1500] Processing G.R. No. 153584
2025-12-06 13:10:20,179 - INFO -   Title: Benigno Mariano, Jr. vs. National Labor Relations Commission...
2025-12-06 13:10:21,151 - WARNING -   ✗ Could not fetch case from any URL
2025-12-06 13:10:21,152 - INFO - 
[77/1500] Processing G.R. No. 154014
2025-12-06 13:10:21,152 - INFO -   Title: Silot Bay Fisherman's Asso. Inc. vs. Republic of the Philipp...
2025-12-06 13:10:22,126 - WARNING -   ✗ Could not fetch case from any URL
2025-12-06 13:10:22,126 - INFO - 
[78/1500] Processing G.R. No. 154150
2025-12-06 13:10:22,126 - INFO -   Title: Nida Alejo, et al. vs. the Hon. Judge Erlinda Pestano-Buted,...
2025-12-06 13:10:22,375 - INFO -   Case already exists: RESTRUCTURED_DB/2007/dec/139381.json
2025-12-06 13:10:22,875 - INFO - 
[79/1500] Processing G.R. No. 155409
2025-12-06 13:10:22,875 - INFO -   Title: V. Maquilan vs. D. Maquilan....
2025-12-06 13:10:23,337 - INFO -   Case already exists: RESTRUCTURED_DB/2007/jun/139676.json
2025-12-06 13:10:23,837 - INFO - 
[80/1500] Processing G.R. No. 156542
2025-12-06 13:10:23,837 - INFO -   Title: Candelaria Q. Da Yot vs. Shell Chemical Co., Inc....
2025-12-06 13:10:24,300 - INFO -   Case already exists: RESTRUCTURED_DB/2007/jun/141523.json
2025-12-06 13:10:24,801 - INFO - 
[81/1500] Processing G.R. No. 156605
2025-12-06 13:10:24,801 - INFO -   Title: Edward T. Marcelo, et al. vs. Sandiganbayan, et al....
2025-12-06 13:10:25,266 - INFO -   Case already exists: RESTRUCTURED_DB/2007/aug/156505.json
2025-12-06 13:10:25,767 - INFO - 
[82/1500] Processing G.R. No. 156689
2025-12-06 13:10:25,767 - INFO -   Title: R. Dimaculangan vs. G. Casalla....
2025-12-06 13:10:26,014 - INFO -   Case already exists: RESTRUCTURED_DB/2007/jun/156752.json
2025-12-06 13:10:26,514 - INFO - 
[83/1500] Processing G.R. No. 157057
2025-12-06 13:10:26,514 - INFO -   Title: Leonidas Epifanio y Lazaro vs. People of the Phil....
2025-12-06 13:10:26,762 - INFO -   Case already exists: RESTRUCTURED_DB/2007/jun/143380.json
2025-12-06 13:10:27,262 - INFO - 
[84/1500] Processing G.R. No. 157370
2025-12-06 13:10:27,262 - INFO -   Title: R. P. Ortiz vs. Court of Appeals, et al....
2025-12-06 13:10:27,508 - INFO -   Case already exists: RESTRUCTURED_DB/2007/jun/142051.json
2025-12-06 13:10:28,008 - INFO - 
[85/1500] Processing G.R. No. 157975
2025-12-06 13:10:28,009 - INFO -   Title: Phil. Transmarine Carriers, Inc. vs. Felicisimo Carilla....
2025-12-06 13:10:28,471 - INFO -   Case already exists: RESTRUCTURED_DB/2007/jun/148893.json
2025-12-06 13:10:28,971 - INFO - 
[86/1500] Processing G.R. No. 158053
2025-12-06 13:10:28,971 - INFO -   Title: Edwin Razon y Lucea vs. People of the Phil....
2025-12-06 13:10:30,083 - INFO -   Case already exists: RESTRUCTURED_DB/2007/jun/147011.json
2025-12-06 13:10:30,583 - INFO - 
[87/1500] Processing G.R. No. 158643
2025-12-06 13:10:30,583 - INFO -   Title: Rosa Baricua, et al. vs. Romeo Caballero, et al....
2025-12-06 13:10:31,045 - INFO -   Case already exists: RESTRUCTURED_DB/2007/jun/151922.json
2025-12-06 13:10:31,545 - INFO - 
[88/1500] Processing G.R. No. 158786
2025-12-06 13:10:31,545 - INFO -   Title: Toyota Motor Phils. Corp. Workers Asso., et al. vs. National...
2025-12-06 13:10:32,874 - INFO -   Case already exists: RESTRUCTURED_DB/2007/oct/102672.json
2025-12-06 13:10:33,374 - INFO - 
[89/1500] Processing G.R. No. 159104
2025-12-06 13:10:33,375 - INFO -   Title: Rodolfo M. Cuenca, et al. vs. the PCGG, et al....
2025-12-06 13:10:34,054 - INFO -   Case already exists: RESTRUCTURED_DB/2007/oct/13516.json
2025-12-06 13:10:34,554 - INFO - 
[90/1500] Processing G.R. No. 159153
2025-12-06 13:10:34,554 - INFO -   Title: Isidro Anadon, et al. vs. Miguelina Herrera, et al....
2025-12-06 13:10:35,016 - INFO -   Case already exists: RESTRUCTURED_DB/2007/jul/159253.json
2025-12-06 13:10:35,516 - INFO - 
[91/1500] Processing G.R. No. 159222
2025-12-06 13:10:35,516 - INFO -   Title: People of the Philippines vs. Rafael Bitanga....
2025-12-06 13:10:35,980 - INFO -   Case already exists: RESTRUCTURED_DB/2007/jun/147995.json
2025-12-06 13:10:36,480 - INFO - 
[92/1500] Processing G.R. No. 163793
2025-12-06 13:10:36,480 - INFO -   Title: Philippine Long Distance Telephone Co. vs. Ernesto Borje...
2025-12-06 13:10:37,455 - WARNING -   ✗ Could not fetch case from any URL
2025-12-06 13:10:37,456 - INFO - 
[93/1500] Processing G.R. No. 164173
2025-12-06 13:10:37,456 - INFO -   Title: Rodolfo S. De Jesus vs. Hon. Sandiganbayan, et al....
2025-12-06 13:10:38,446 - WARNING -   ✗ Could not fetch case from any URL
2025-12-06 13:10:38,446 - INFO - 
[94/1500] Processing G.R. No. 165665
2025-12-06 13:10:38,446 - INFO -   Title: The Hon. A. Romulo, et al. vs. the Hon. Judge Eduardo B. Per...
2025-12-06 13:10:39,424 - WARNING -   ✗ Could not fetch case from any URL
2025-12-06 13:10:39,425 - INFO - 
[95/1500] Processing G.R. No. 167006
2025-12-06 13:10:39,425 - INFO -   Title: Danilo D. Collantes vs. Hon. Simeon Marcelo, et al....
2025-12-06 13:10:39,898 - INFO -   Case already exists: RESTRUCTURED_DB/2007/aug/164664.json
2025-12-06 13:10:40,398 - INFO - 
[96/1500] Processing G.R. No. 167006
2025-12-06 13:10:40,398 - INFO -   Title: Danilo D. Collantes vs. Hon. Simeon Marcelo, et al....
2025-12-06 13:10:40,860 - INFO -   Case already exists: RESTRUCTURED_DB/2007/aug/164664.json
2025-12-06 13:10:41,361 - INFO - 
[97/1500] Processing G.R. No. 167335
2025-12-06 13:10:41,361 - INFO -   Title: Dr. Ulysses A. Brito vs. Office of the Deputy Ombudsman for ...
2025-12-06 13:10:41,823 - INFO -   Case already exists: RESTRUCTURED_DB/2007/jul/173152.json
2025-12-06 13:10:42,324 - INFO - 
[98/1500] Processing G.R. No. 167829
2025-12-06 13:10:42,324 - INFO -   Title: Filipinas (Pre-Fab Bldg.) Systems, Inc. vs. MRT Devt., Corp....
2025-12-06 13:10:43,219 - INFO -   Case already exists: RESTRUCTURED_DB/2007/nov/150978.json
2025-12-06 13:10:43,719 - INFO - 
[99/1500] Processing G.R. No. 167994
2025-12-06 13:10:43,719 - INFO -   Title: Jorge Gonzales vs. Hon. Oscar B. Pimentel, et al....
2025-12-06 13:10:44,692 - WARNING -   ✗ Could not fetch case from any URL
2025-12-06 13:10:44,692 - INFO - 
[100/1500] Processing G.R. No. 168069
2025-12-06 13:10:44,692 - INFO -   Title: Albert Cordero Sy vs. People of the Philippines...
2025-12-06 13:10:45,666 - WARNING -   ✗ Could not fetch case from any URL
2025-12-06 13:10:45,666 - INFO - 
[101/1500] Processing G.R. No. 168543
2025-12-06 13:10:45,666 - INFO -   Title: Jaime Tan vs. People of the Philippines...
2025-12-06 13:10:46,638 - WARNING -   ✗ Could not fetch case from any URL
2025-12-06 13:10:46,638 - INFO - 
[102/1500] Processing G.R. No. 170577
2025-12-06 13:10:46,638 - INFO -   Title: Anthony D. Dee vs. Commission on Election, et al....
2025-12-06 13:10:48,083 - WARNING -   ✗ Could not fetch case from any URL
2025-12-06 13:10:48,083 - INFO - 
[103/1500] Processing G.R. No. 170602
2025-12-06 13:10:48,083 - INFO -   Title: Manuel V. Baviera vs. Standard Chartered Bank, et al....
2025-12-06 13:10:49,057 - WARNING -   ✗ Could not fetch case from any URL
2025-12-06 13:10:49,057 - INFO - 
[104/1500] Processing G.R. No. 170628
2025-12-06 13:10:49,057 - INFO -   Title: NAPOCOR vs. Local Board of Assessment Appeals of Batangas, e...
2025-12-06 13:10:50,031 - WARNING -   ✗ Could not fetch case from any URL
2025-12-06 13:10:50,031 - INFO - 
[105/1500] Processing G.R. No. 171354
2025-12-06 13:10:50,031 - INFO -   Title: Marylou B. Tolentino, M.D. vs. Court of Appeals, et al....
2025-12-06 13:10:50,493 - INFO -   Case already exists: RESTRUCTURED_DB/2007/mar/171354.json
2025-12-06 13:10:50,993 - INFO - 
[106/1500] Processing G.R. No. 175013
2025-12-06 13:10:50,993 - INFO -   Title: Crispin B. Beltran vs. People of the Philippines, et al....
2025-12-06 13:10:51,974 - WARNING -   ✗ Could not fetch case from any URL
2025-12-06 13:10:51,974 - INFO - 
[107/1500] Processing G.R. No. 175181
2025-12-06 13:10:51,974 - INFO -   Title: Metropolitan Bank & Trust Co. Inc. vs. SLGT Holdings, Inc., ...
2025-12-06 13:10:52,435 - INFO -   Case already exists: RESTRUCTURED_DB/2007/sep/104528.json
2025-12-06 13:10:52,936 - INFO - 
[108/1500] Processing G.R. No. 176349
2025-12-06 13:10:52,936 - INFO -   Title: People of the Philippines vs. Orlando Ubina y Aggalut...
2025-12-06 13:10:53,398 - INFO -   Case already exists: RESTRUCTURED_DB/2007/jul/176359.json
2025-12-06 13:10:53,899 - INFO - 
[109/1500] Processing G.R. No. 177314
2025-12-06 13:10:53,899 - INFO -   Title: Loretta Ann P. Rosales vs. Commission on Election...
2025-12-06 13:10:54,875 - WARNING -   ✗ Could not fetch case from any URL
2025-12-06 13:10:54,875 - INFO - 
[110/1500] Processing G.R. No. 200774
2025-12-06 13:10:54,875 - INFO -   Title: German Marine Agencies, Inc., et al. vs. Teodolah R. Caro...
2025-12-06 13:10:55,845 - WARNING -   ✗ Could not fetch case from any URL
2025-12-06 13:10:55,845 - INFO - 
[111/1500] Processing G.R. No. 160811
2025-12-06 13:10:55,846 - INFO -   Title: Ricky Bastian vs. Hon. Court of Appeals, et al....
2025-12-06 13:10:56,308 - INFO -   Case already exists: RESTRUCTURED_DB/2008/apr/160811.json
2025-12-06 13:10:56,808 - INFO - 
[112/1500] Processing G.R. No. 165318
2025-12-06 13:10:56,808 - INFO -   Title: Amando A. Pontaoe and Dr. Alejandro G. Pontaoe vs. Teodora A...
2025-12-06 13:10:57,781 - WARNING -   ✗ Could not fetch case from any URL
2025-12-06 13:10:57,781 - INFO - 
[113/1500] Processing G.R. No. 174649
2025-12-06 13:10:57,781 - INFO -   Title: Leopoldo Jeremias, et al. vs. the Estate of the Late Irene P...
2025-12-06 13:10:58,760 - WARNING -   ✗ Could not fetch case from any URL
2025-12-06 13:10:58,760 - INFO - 
[114/1500] Processing G.R. No. 178628
2025-12-06 13:10:58,760 - INFO -   Title: Bai Sandra S. A. Sema vs. Commission on Elections and Didage...
2025-12-06 13:10:59,733 - WARNING -   ✗ Could not fetch case from any URL
2025-12-06 13:10:59,733 - INFO - 
[115/1500] Processing G.R. No. 20089
2025-12-06 13:10:59,733 - INFO -   Title: Beatriz P. Wassmer, vs. Francisco X. Velez...
2025-12-06 13:11:00,705 - WARNING -   ✗ Could not fetch case from any URL
2025-12-06 13:11:00,705 - INFO - 
[116/1500] Processing G.R. No. 124557
2025-12-06 13:11:00,705 - INFO -   Title: Commissioner of Internal Revenue vs. Court of Appeals, et al...
2025-12-06 13:11:01,678 - WARNING -   ✗ Could not fetch case from any URL
2025-12-06 13:11:01,678 - INFO - 
[117/1500] Processing G.R. No. 131469
2025-12-06 13:11:01,678 - INFO -   Title: Tala Realy Services Corp., et al. vs. Hon. Alicia B. Gonzale...
2025-12-06 13:11:02,651 - WARNING -   ✗ Could not fetch case from any URL
2025-12-06 13:11:02,652 - INFO - 
[118/1500] Processing G.R. No. 140745
2025-12-06 13:11:02,652 - INFO -   Title: City Government of Tagaytay vs. Hon. Eleuterio F. Guerrero, ...
2025-12-06 13:11:03,623 - WARNING -   ✗ Could not fetch case from any URL
2025-12-06 13:11:03,624 - INFO - 
[119/1500] Processing G.R. No. 141018
2025-12-06 13:11:03,624 - INFO -   Title: Associated Citizens Bank vs. BA Finance Corporation, et al....
2025-12-06 13:11:04,595 - WARNING -   ✗ Could not fetch case from any URL
2025-12-06 13:11:04,595 - INFO - 
[120/1500] Processing G.R. No. 141451
2025-12-06 13:11:04,595 - INFO -   Title: Ameurfina Melencio-Herrera, et al. vs. Hon. Eleuterio F. Gue...
2025-12-06 13:11:05,568 - WARNING -   ✗ Could not fetch case from any URL
2025-12-06 13:11:05,568 - INFO - 
[121/1500] Processing G.R. No. 152619
2025-12-06 13:11:05,568 - INFO -   Title: Balite Communal Portal Mining Cooperative vs. Southest Minda...
2025-12-06 13:11:06,541 - WARNING -   ✗ Could not fetch case from any URL
2025-12-06 13:11:06,541 - INFO - 
[122/1500] Processing G.R. No. 152870
2025-12-06 13:11:06,541 - INFO -   Title: The Mines Adjudication Board and Its Members, vs. Southest M...
2025-12-06 13:11:07,514 - WARNING -   ✗ Could not fetch case from any URL
2025-12-06 13:11:07,514 - INFO - 
[123/1500] Processing G.R. No. 155171
2025-12-06 13:11:07,514 - INFO -   Title: Nancy L. Ty vs. Hon. Wenceslao E. Ebabao, etc. et al....
2025-12-06 13:11:08,486 - WARNING -   ✗ Could not fetch case from any URL
2025-12-06 13:11:08,486 - INFO - 
[124/1500] Processing G.R. No. 155201
2025-12-06 13:11:08,486 - INFO -   Title: Tala Realy Services Corp., et al. vs.Banco Filipino Savings ...
2025-12-06 13:11:09,458 - WARNING -   ✗ Could not fetch case from any URL
2025-12-06 13:11:09,459 - INFO - 
[125/1500] Processing G.R. No. 155573
2025-12-06 13:11:09,459 - INFO -   Title: Photokina Marketing Corporation vs. Alfredo L. Benipayo...
2025-12-06 13:11:10,431 - WARNING -   ✗ Could not fetch case from any URL
2025-12-06 13:11:10,432 - INFO - 
[126/1500] Processing G.R. No. 157381
2025-12-06 13:11:10,432 - INFO -   Title: Paterno Lu Ym, Sr., et al. vs. David Lu...
2025-12-06 13:11:11,412 - WARNING -   ✗ Could not fetch case from any URL
2025-12-06 13:11:11,412 - INFO - 
[127/1500] Processing G.R. No. 158252
2025-12-06 13:11:11,412 - INFO -   Title: Philippine Ports Authority vs. Remedios Rosales-Bondoc, et a...
2025-12-06 13:11:12,384 - WARNING -   ✗ Could not fetch case from any URL
2025-12-06 13:11:12,384 - INFO - 
[128/1500] Processing G.R. No. 162047
2025-12-06 13:11:12,384 - INFO -   Title: Joyce Y. Lim, represented by her attorney-in-fact Bernardo M...
2025-12-06 13:11:13,356 - WARNING -   ✗ Could not fetch case from any URL
2025-12-06 13:11:13,357 - INFO - 
[129/1500] Processing G.R. No. 164516
2025-12-06 13:11:13,357 - INFO -   Title: PICOP Resources, Inc. vs. Hon. Heherson T. Alavarez...
2025-12-06 13:11:14,328 - WARNING -   ✗ Could not fetch case from any URL
2025-12-06 13:11:14,328 - INFO - 
[130/1500] Processing G.R. No. 166086
2025-12-06 13:11:14,328 - INFO -   Title: Eleno T. Regidor, Jr. et al. vs. People of the Philippines, ...
2025-12-06 13:11:15,740 - WARNING -   ✗ Could not fetch case from any URL
2025-12-06 13:11:15,740 - INFO - 
[131/1500] Processing G.R. No. 166200
2025-12-06 13:11:15,740 - INFO -   Title: Philippine Ports Authority vs. Hon. Paterno Tac-an, et al.,...
2025-12-06 13:11:16,709 - WARNING -   ✗ Could not fetch case from any URL
2025-12-06 13:11:16,710 - INFO - 
[132/1500] Processing G.R. No. 166481
2025-12-06 13:11:16,710 - INFO -   Title: Clarita P. Navarro vs. Metropolitan Bank & Trust Company...
2025-12-06 13:11:18,137 - WARNING -   ✗ Could not fetch case from any URL
2025-12-06 13:11:18,138 - INFO - 
[133/1500] Processing G.R. No. 166608
2025-12-06 13:11:18,138 - INFO -   Title: Tala Realy Services Corp., et al. vs. Banco Filipino Savings...
2025-12-06 13:11:19,103 - WARNING -   ✗ Could not fetch case from any URL
2025-12-06 13:11:19,103 - INFO - 
[134/1500] Processing G.R. No. 166880
2025-12-06 13:11:19,104 - INFO -   Title: Felix T. Ripalda, et al. vs. People of the Philippines...
2025-12-06 13:11:20,071 - WARNING -   ✗ Could not fetch case from any URL
2025-12-06 13:11:20,071 - INFO - 
[135/1500] Processing G.R. No. 167088
2025-12-06 13:11:20,071 - INFO -   Title: Narcisa A. Grefiel vs. the Hon. Sandiganbayan, et al....
2025-12-06 13:11:21,040 - WARNING -   ✗ Could not fetch case from any URL
2025-12-06 13:11:21,040 - INFO - 
[136/1500] Processing G.R. No. 167505
2025-12-06 13:11:21,040 - INFO -   Title: Damayan ng mga manggagawang bukid sa asyenda Roxas-National ...
2025-12-06 13:11:22,010 - WARNING -   ✗ Could not fetch case from any URL
2025-12-06 13:11:22,010 - INFO - 
[137/1500] Processing G.R. No. 167540
2025-12-06 13:11:22,010 - INFO -   Title: Department of Land Reform, Formerly Department of Agrarian R...
2025-12-06 13:11:22,990 - WARNING -   ✗ Could not fetch case from any URL
2025-12-06 13:11:22,991 - INFO - 
[138/1500] Processing G.R. No. 167543
2025-12-06 13:11:22,991 - INFO -   Title: Katipunan ng mga Magbubukid sa Hacienda Roxas, Inc. (KAMAHAR...
2025-12-06 13:11:23,961 - WARNING -   ✗ Could not fetch case from any URL
2025-12-06 13:11:23,961 - INFO - 
[139/1500] Processing G.R. No. 167570
2025-12-06 13:11:23,961 - INFO -   Title: Jimmy T. Go vs. Luis T. Ramos...
2025-12-06 13:11:24,932 - WARNING -   ✗ Could not fetch case from any URL
2025-12-06 13:11:24,933 - INFO - 
[140/1500] Processing G.R. No. 168272
2025-12-06 13:11:24,933 - INFO -   Title: Rosalina Buenafe, et al. vs. Philippine Ports Authority,...
2025-12-06 13:11:25,903 - WARNING -   ✗ Could not fetch case from any URL
2025-12-06 13:11:25,903 - INFO - 
[141/1500] Processing G.R. No. 168897
2025-12-06 13:11:25,903 - INFO -   Title: E. Ganzon, Inc. vs. united Coconut Planters Bank, et al....
2025-12-06 13:11:26,873 - WARNING -   ✗ Could not fetch case from any URL
2025-12-06 13:11:26,874 - INFO - 
[142/1500] Processing G.R. No. 169019
2025-12-06 13:11:26,874 - INFO -   Title: Heirs of the late Jose Luzuriaga, etc., vs. Republic of the ...
2025-12-06 13:11:27,845 - WARNING -   ✗ Could not fetch case from any URL
2025-12-06 13:11:27,845 - INFO - 
[143/1500] Processing G.R. No. 169163
2025-12-06 13:11:27,845 - INFO -   Title: DAMBA-NFSW/DAMBANFSW), represented by Lauro Martin vs. Roxas...
2025-12-06 13:11:28,815 - WARNING -   ✗ Could not fetch case from any URL
2025-12-06 13:11:28,815 - INFO - 
[144/1500] Processing G.R. No. 169217
2025-12-06 13:11:28,815 - INFO -   Title: Cecilio C. Hernandez, Ma. Victoria C. Hernandez-Sagun and Te...
2025-12-06 13:11:29,785 - WARNING -   ✗ Could not fetch case from any URL
2025-12-06 13:11:29,785 - INFO - 
[145/1500] Processing G.R. No. 169276
2025-12-06 13:11:29,785 - INFO -   Title: Dionosia Monis Lagunilla, et al., vs. Andrea Monis Velasco, ...
2025-12-06 13:11:30,460 - INFO -   ✓ Saved: RESTRUCTURED_DB/2009/jun/169276.json
2025-12-06 13:11:30,960 - INFO - 
[146/1500] Processing G.R. No. 169364
2025-12-06 13:11:30,960 - INFO -   Title: People of the Philippines vs. Evangeline Siton y sacil, et a...
2025-12-06 13:11:31,852 - INFO -   ✓ Saved: RESTRUCTURED_DB/2009/sep/169364.json
2025-12-06 13:11:32,352 - INFO - 
[147/1500] Processing G.R. No. 169519
2025-12-06 13:11:32,352 - INFO -   Title: Irenorio B. Balaba vs. People of the Philippines...
2025-12-06 13:11:32,598 - INFO -   ✓ Saved: RESTRUCTURED_DB/2009/jul/169519.json
2025-12-06 13:11:33,098 - INFO - 
[148/1500] Processing G.R. No. 169589
2025-12-06 13:11:33,098 - INFO -   Title: Joaquin Soliman, et al., vs. Pampanga Sugar Development Comp...
2025-12-06 13:11:33,775 - INFO -   ✓ Saved: RESTRUCTURED_DB/2009/jun/169589.json
2025-12-06 13:11:34,276 - INFO - 
[149/1500] Processing G.R. No. 169606
2025-12-06 13:11:34,276 - INFO -   Title: Bernando B. Jose, Jr. vs. Michael Phils., Inc. et al....
2025-12-06 13:11:34,953 - INFO -   ✓ Saved: RESTRUCTURED_DB/2009/nov/169606.json
2025-12-06 13:11:35,453 - INFO - 
[150/1500] Processing G.R. No. 169641
2025-12-06 13:11:35,453 - INFO -   Title: People of the Philippines vs. Richard O. Sarcia...
2025-12-06 13:11:36,345 - INFO -   ✓ Saved: RESTRUCTURED_DB/2009/sep/169641.json
2025-12-06 13:11:36,845 - INFO - 
[151/1500] Processing G.R. No. 169681
2025-12-06 13:11:36,845 - INFO -   Title: The Estate of Pedro C. Gonzales and Heirs of Pedro C. Gonzal...
2025-12-06 13:11:37,306 - INFO -   ✓ Saved: RESTRUCTURED_DB/2009/nov/169681.json
2025-12-06 13:11:37,807 - INFO - 
[152/1500] Processing G.R. No. 169700
2025-12-06 13:11:37,807 - INFO -   Title: In the Matter of the Allowance of the Will of Moises F. Bana...
2025-12-06 13:11:38,271 - INFO -   ✓ Saved: RESTRUCTURED_DB/2009/jul/169700.json
2025-12-06 13:11:38,771 - INFO - 
[153/1500] Processing G.R. No. 169870
2025-12-06 13:11:38,771 - INFO -   Title: People of the Philippines vs. Elegio An...
2025-12-06 13:11:39,233 - INFO -   ✓ Saved: RESTRUCTURED_DB/2009/aug/169870.json
2025-12-06 13:11:39,733 - INFO - 
[154/1500] Processing G.R. No. 169878
2025-12-06 13:11:39,733 - INFO -   Title: People of the Philippines vs. Jesus Obero...
2025-12-06 13:11:40,194 - INFO -   ✓ Saved: RESTRUCTURED_DB/2009/jul/169878.json
2025-12-06 13:11:40,695 - INFO - 
[155/1500] Processing G.R. No. 169889
2025-12-06 13:11:40,695 - INFO -   Title: Spouses Simon Yap and Milagros Guevarra vs. First e-Bank, In...
2025-12-06 13:11:41,155 - INFO -   ✓ Saved: RESTRUCTURED_DB/2009/sep/169889.json
2025-12-06 13:11:41,655 - INFO - 
[156/1500] Processing G.R. No. 169914
2025-12-06 13:11:41,655 - INFO -   Title: Asia's Emerging Dragon Corp. vs. DOTC, et al....
2025-12-06 13:11:42,773 - INFO -   ✓ Saved: RESTRUCTURED_DB/2009/apr/169914.json
2025-12-06 13:11:43,273 - INFO - 
[157/1500] Processing G.R. No. 169919
2025-12-06 13:11:43,273 - INFO -   Title: B.D. Long Span Builders, Inc. vs. R.S. Ampeloquio Realty Dev...
2025-12-06 13:11:43,733 - INFO -   ✓ Saved: RESTRUCTURED_DB/2009/sep/169919.json
2025-12-06 13:11:44,233 - INFO - 
[158/1500] Processing G.R. No. 169940
2025-12-06 13:11:44,233 - INFO -   Title: Univeristy of Santo Tomas vs. Samahang Manggagawa ng UST (SM...
2025-12-06 13:11:44,912 - INFO -   ✓ Saved: RESTRUCTURED_DB/2009/sep/169940.json
2025-12-06 13:11:45,412 - INFO - 
[159/1500] Processing G.R. No. 170014
2025-12-06 13:11:45,412 - INFO -   Title: Renita Del Rosario, et al. vs. Makati Cinema Square Corporat...
2025-12-06 13:11:45,873 - INFO -   ✓ Saved: RESTRUCTURED_DB/2009/jul/170014.json
2025-12-06 13:11:46,373 - INFO - 
[160/1500] Processing G.R. No. 170023
2025-12-06 13:11:46,373 - INFO -   Title: Kings Properties Corporation, Inc. vs. Canuto A. Galido...
2025-12-06 13:11:47,052 - INFO -   ✓ Saved: RESTRUCTURED_DB/2009/nov/170023.json
2025-12-06 13:11:47,552 - INFO - 
[161/1500] Processing G.R. No. 170093
2025-12-06 13:11:47,552 - INFO -   Title: Jose Pepito M. Amores M.D. vs. Civil Service Commission, Boa...
2025-12-06 13:11:48,012 - INFO -   ✓ Saved: RESTRUCTURED_DB/2009/apr/170093.json
2025-12-06 13:11:48,513 - INFO - 
[162/1500] Processing G.R. No. 170126
2025-12-06 13:11:48,513 - INFO -   Title: Philippines Veterans Bank vs. Solid Homes, Inc....
2025-12-06 13:11:48,978 - INFO -   ✓ Saved: RESTRUCTURED_DB/2009/jun/170126.json
2025-12-06 13:11:49,478 - INFO - 
[163/1500] Processing G.R. No. 170137
2025-12-06 13:11:49,478 - INFO -   Title: People of the Philippines vs. Randy Magbanua alias "Boyung" ...
2025-12-06 13:11:49,939 - INFO -   ✓ Saved: RESTRUCTURED_DB/2009/aug/170137.json
2025-12-06 13:11:50,439 - INFO - 
[164/1500] Processing G.R. No. 170182
2025-12-06 13:11:50,439 - INFO -   Title: Leonardo Tarona, et al. vs. Court of Appeals, et al....
2025-12-06 13:11:50,901 - INFO -   ✓ Saved: RESTRUCTURED_DB/2009/jun/170182.json
2025-12-06 13:11:51,401 - INFO - 
[165/1500] Processing G.R. No. 170222
2025-12-06 13:11:51,401 - INFO -   Title: Edgar Esqueda vs. People of the Philippines...
2025-12-06 13:11:52,081 - INFO -   ✓ Saved: RESTRUCTURED_DB/2009/jun/170222.json
2025-12-06 13:11:52,581 - INFO - 
[166/1500] Processing G.R. No. 170235
2025-12-06 13:11:52,581 - INFO -   Title: People of the Philippines vs. Jaime Cadag Jimenez...
2025-12-06 13:11:53,043 - INFO -   ✓ Saved: RESTRUCTURED_DB/2009/apr/170235.json
2025-12-06 13:11:53,543 - INFO - 
[167/1500] Processing G.R. No. 170270
2025-12-06 13:11:53,543 - INFO -   Title: Newsounds Broadcasting Network, Inc., et al. vs. Hon. Ceasar...
2025-12-06 13:11:54,224 - INFO -   ✓ Saved: RESTRUCTURED_DB/2009/apr/170270.json
2025-12-06 13:11:54,724 - INFO - 
[168/1500] Processing G.R. No. 170312
2025-12-06 13:11:54,724 - INFO -   Title: Philippine Basketball Association vs. Honorable Manuel B. Ga...
2025-12-06 13:11:54,971 - INFO -   ✓ Saved: RESTRUCTURED_DB/2009/jul/170312.json
2025-12-06 13:11:55,471 - INFO - 
[169/1500] Processing G.R. No. 170447
2025-12-06 13:11:55,471 - INFO -   Title: Bievenido Diño and Renato Comparativo vs. Pablo Olivarez...
2025-12-06 13:11:55,931 - INFO -   ✓ Saved: RESTRUCTURED_DB/2009/dec/170447.json
2025-12-06 13:11:56,431 - INFO - 
[170/1500] Processing G.R. No. 170447
2025-12-06 13:11:56,431 - INFO -   Title: Bienvenido Diño, et al. vs. Pablo Olivarez...
2025-12-06 13:11:56,891 - INFO -   ✓ Saved: RESTRUCTURED_DB/2009/jun/170447.json
2025-12-06 13:11:57,392 - INFO - 
[171/1500] Processing G.R. No. 170472
2025-12-06 13:11:57,392 - INFO -   Title: People of the Philippines vs. Jojo Musa y Santos, et al....
2025-12-06 13:11:57,855 - INFO -   ✓ Saved: RESTRUCTURED_DB/2009/jul/170472.json
2025-12-06 13:11:58,355 - INFO - 
[172/1500] Processing G.R. No. 170476
2025-12-06 13:11:58,355 - INFO -   Title: People of the Philippines vs. Ricardo Grande...
2025-12-06 13:11:58,816 - INFO -   ✓ Saved: RESTRUCTURED_DB/2009/dec/170476.json
2025-12-06 13:11:59,317 - INFO - 
[173/1500] Processing G.R. No. 170482
2025-12-06 13:11:59,317 - INFO -   Title: Manila Electric Company vs. Aguida Vda. De Santiago...
2025-12-06 13:11:59,563 - INFO -   ✓ Saved: RESTRUCTURED_DB/2009/sep/170482.json
2025-12-06 13:12:00,063 - INFO - 
[174/1500] Processing G.R. No. 170532
2025-12-06 13:12:00,063 - INFO -   Title: The Provincial Assesor of Marinduque vs. Hon. Court of Appea...
2025-12-06 13:12:00,527 - INFO -   ✓ Saved: RESTRUCTURED_DB/2009/apr/170532.json
2025-12-06 13:12:01,028 - INFO - 
[175/1500] Processing G.R. No. 170589
2025-12-06 13:12:01,028 - INFO -   Title: Olympio Revaldo vs. People of the Philippines...
2025-12-06 13:12:01,489 - INFO -   ✓ Saved: RESTRUCTURED_DB/2009/apr/170589.json
2025-12-06 13:12:01,989 - INFO - 
[176/1500] Processing G.R. No. 170609
2025-12-06 13:12:01,989 - INFO -   Title: Bernie G. Miaque vs. Hon. Virgilio M. Patag, et al....
2025-12-06 13:12:02,235 - INFO -   ✓ Saved: RESTRUCTURED_DB/2009/jan/170609.json
2025-12-06 13:12:02,735 - INFO - 
[177/1500] Processing G.R. No. 170621
2025-12-06 13:12:02,735 - INFO -   Title: Noel Rubber and Development Corp, et al. vs. Jose Esquivel, ...
2025-12-06 13:12:03,703 - WARNING -   ✗ Could not fetch case from any URL
2025-12-06 13:12:03,703 - INFO - 
[178/1500] Processing G.R. No. 170661
2025-12-06 13:12:03,703 - INFO -   Title: Ramon B. Formantes vs. Duncan Pharmaceutical, Philis., Inc....
2025-12-06 13:12:04,165 - INFO -   ✓ Saved: RESTRUCTURED_DB/2009/dec/170661.json
2025-12-06 13:12:04,665 - INFO - 
[179/1500] Processing G.R. No. 170672
2025-12-06 13:12:04,665 - INFO -   Title: Judge Felimon Abelita, III vs. P/Supt. German Doria and SPO3...
2025-12-06 13:12:04,911 - INFO -   ✓ Saved: RESTRUCTURED_DB/2009/aug/170672.json
2025-12-06 13:12:05,411 - INFO - 
[180/1500] Processing G.R. No. 170674
2025-12-06 13:12:05,411 - INFO -   Title: Foundation Specialist, Inc. vs. Betonval Ready Concrete, Inc...
2025-12-06 13:12:05,875 - INFO -   ✓ Saved: RESTRUCTURED_DB/2009/aug/170674.json
2025-12-06 13:12:06,375 - INFO - 
[181/1500] Processing G.R. No. 170680
2025-12-06 13:12:06,375 - INFO -   Title: Fort Bonifacio Development Corp. vs. Commissioner of Interna...
2025-12-06 13:12:07,345 - WARNING -   ✗ Could not fetch case from any URL
2025-12-06 13:12:07,345 - INFO - 
[182/1500] Processing G.R. No. 170683
2025-12-06 13:12:07,345 - INFO -   Title: Philippine Ports Authority vs. Caroline B. Acosta, et al.,...
2025-12-06 13:12:08,800 - WARNING -   ✗ Could not fetch case from any URL
2025-12-06 13:12:08,800 - INFO - 
[183/1500] Processing G.R. No. 170750
2025-12-06 13:12:08,800 - INFO -   Title: Heirs of Tomas Dolleton, et al. vs. Fil-Estate Management In...
2025-12-06 13:12:09,482 - INFO -   ✓ Saved: RESTRUCTURED_DB/2009/apr/170750.json
2025-12-06 13:12:09,982 - INFO - 
[184/1500] Processing G.R. No. 170782
2025-12-06 13:12:09,982 - INFO -   Title: Siain Enterprises, Inc. vs. Cupertino Realty Corp. and Edwin...
2025-12-06 13:12:10,447 - INFO -   ✓ Saved: RESTRUCTURED_DB/2009/jun/170782.json
2025-12-06 13:12:10,947 - INFO - 
[185/1500] Processing G.R. No. 170891
2025-12-06 13:12:10,947 - INFO -   Title: Manuel C. Espiritu, Jr., et al. vs. Petron Corporation, et a...
2025-12-06 13:12:11,195 - INFO -   ✓ Saved: RESTRUCTURED_DB/2009/nov/170891.json
2025-12-06 13:12:11,695 - INFO - 
[186/1500] Processing G.R. No. 170906
2025-12-06 13:12:11,696 - INFO -   Title: Metropolitan Bank & Trust Co., vs. Lamb Construction Consort...
2025-12-06 13:12:12,160 - INFO -   ✓ Saved: RESTRUCTURED_DB/2009/nov/170906.json
2025-12-06 13:12:12,660 - INFO - 
[187/1500] Processing G.R. No. 170977
2025-12-06 13:12:12,660 - INFO -   Title: Jose D. Del Valle, Jr. and Adolfo C. Alemania vs. Francis B....
2025-12-06 13:12:12,909 - INFO -   ✓ Saved: RESTRUCTURED_DB/2009/apr/170977.json
2025-12-06 13:12:13,410 - INFO - 
[188/1500] Processing G.R. No. 171018
2025-12-06 13:12:13,410 - INFO -   Title: People of the Philippines vs. Elly Naelga...
2025-12-06 13:12:13,874 - INFO -   ✓ Saved: RESTRUCTURED_DB/2009/sep/171018.json
2025-12-06 13:12:14,375 - INFO - 
[189/1500] Processing G.R. No. 171023
2025-12-06 13:12:14,375 - INFO -   Title: Arsenio S. Quiambao vs. Manila Electric Company...
2025-12-06 13:12:14,624 - INFO -   ✓ Saved: RESTRUCTURED_DB/2009/dec/171023.json
2025-12-06 13:12:15,124 - INFO - 
[190/1500] Processing G.R. No. 171035
2025-12-06 13:12:15,124 - INFO -   Title: William Ong Genato vs. Benjamin Bayhon, et al....
2025-12-06 13:12:15,373 - INFO -   ✓ Saved: RESTRUCTURED_DB/2009/aug/171035.json
2025-12-06 13:12:15,874 - INFO - 
[191/1500] Processing G.R. No. 171072
2025-12-06 13:12:15,874 - INFO -   Title: Golderes Realty Corp. vs. Cypress Gardens etc....
2025-12-06 13:12:16,338 - INFO -   ✓ Saved: RESTRUCTURED_DB/2009/apr/171072.json
2025-12-06 13:12:16,838 - INFO - 
[192/1500] Processing G.R. No. 171137
2025-12-06 13:12:16,838 - INFO -   Title: Philippine Commericial International Bank vs. Sps. Wilson Dy...
2025-12-06 13:12:17,305 - INFO -   ✓ Saved: RESTRUCTURED_DB/2009/jun/171137.json
2025-12-06 13:12:17,805 - INFO - 
[193/1500] Processing G.R. No. 171138
2025-12-06 13:12:17,806 - INFO -   Title: H. Tambunting Pawnshop, Inc. vs. Commissioner of Internal Re...
2025-12-06 13:12:18,272 - INFO -   ✓ Saved: RESTRUCTURED_DB/2009/apr/171138.json
2025-12-06 13:12:18,772 - INFO - 
[194/1500] Processing G.R. No. 171169
2025-12-06 13:12:18,772 - INFO -   Title: GC Dalton Industries, Inc. vs. Equitable PCI Bank...
2025-12-06 13:12:19,021 - INFO -   ✓ Saved: RESTRUCTURED_DB/2009/aug/171169.json
2025-12-06 13:12:19,521 - INFO - 
[195/1500] Processing G.R. No. 171188
2025-12-06 13:12:19,521 - INFO -   Title: People of the Philippines vs. Jessie B. Castillo and Felicit...
2025-12-06 13:12:19,985 - INFO -   ✓ Saved: RESTRUCTURED_DB/2009/jun/171188.json
2025-12-06 13:12:20,486 - INFO - 
[196/1500] Processing G.R. No. 171253
2025-12-06 13:12:20,486 - INFO -   Title: Lakeview Gold and Country Club, inc. vs. Luzvimin Samahang N...
2025-12-06 13:12:20,735 - INFO -   ✓ Saved: RESTRUCTURED_DB/2009/apr/171253.json
2025-12-06 13:12:21,235 - INFO - 
[197/1500] Processing G.R. No. 171260
2025-12-06 13:12:21,235 - INFO -   Title: Amparo Robles Cabreza vs. Ceferino S. Cabreza Jr., et al....
2025-12-06 13:12:21,701 - INFO -   ✓ Saved: RESTRUCTURED_DB/2009/sep/171260.json
2025-12-06 13:12:22,201 - INFO - 
[198/1500] Processing G.R. No. 171275
2025-12-06 13:12:22,201 - INFO -   Title: Victor Meteoro, et al. vs. Creative Creatures, Inc....
2025-12-06 13:12:22,450 - INFO -   ✓ Saved: RESTRUCTURED_DB/2009/jul/171275.json
2025-12-06 13:12:22,950 - INFO - 
[199/1500] Processing G.R. No. 171386
2025-12-06 13:12:22,950 - INFO -   Title: Gloria R. Motos and Martin Motos vs. Real Bank (A Thrift Ban...
2025-12-06 13:12:23,206 - INFO -   ✓ Saved: RESTRUCTURED_DB/2009/jul/171386.json
2025-12-06 13:12:23,706 - INFO - 
[200/1500] Processing G.R. No. 171399
2025-12-06 13:12:23,706 - INFO -   Title: Vicenta Cantemprate vs. CRS Realty Development Corp., et al....
2025-12-06 13:12:24,186 - INFO -   ✓ Saved: RESTRUCTURED_DB/2009/may/171399.json
2025-12-06 13:12:24,686 - INFO - 
[201/1500] Processing G.R. No. 171453
2025-12-06 13:12:24,686 - INFO -   Title: People of the Philippines vs. Manuel Delpino...
2025-12-06 13:12:24,937 - INFO -   ✓ Saved: RESTRUCTURED_DB/2009/jun/171453.json
2025-12-06 13:12:25,437 - INFO - 
[202/1500] Processing G.R. No. 171516
2025-12-06 13:12:25,437 - INFO -   Title: Commissioner of Customs vs. Court of Tax Appeals, Las Islas ...
2025-12-06 13:12:25,686 - INFO -   ✓ Saved: RESTRUCTURED_DB/2009/feb/164575.json
2025-12-06 13:12:26,186 - INFO - 
[203/1500] Processing G.R. No. 171535
2025-12-06 13:12:26,186 - INFO -   Title: Mactan-Ceby International Airport Authority vs. Sps. Edito a...
2025-12-06 13:12:26,650 - INFO -   ✓ Saved: RESTRUCTURED_DB/2009/jun/171535.json
2025-12-06 13:12:27,151 - INFO - 
[204/1500] Processing G.R. No. 171536
2025-12-06 13:12:27,151 - INFO -   Title: April Joy Asetre, et al. vs. Junel Asetre, et al....
2025-12-06 13:12:27,616 - INFO -   ✓ Saved: RESTRUCTURED_DB/2009/apr/171536.json
2025-12-06 13:12:28,116 - INFO - 
[205/1500] Processing G.R. No. 171586
2025-12-06 13:12:28,116 - INFO -   Title: National Power Corporation vs. Province of Quezon and Munici...
2025-12-06 13:12:28,581 - INFO -   ✓ Saved: RESTRUCTURED_DB/2009/jul/171586.json
2025-12-06 13:12:29,082 - INFO - 
[206/1500] Processing G.R. No. 171618
2025-12-06 13:12:29,082 - INFO -   Title: Jackbilt Industries, Inc. vs. Jackbilt Employees Workers Uni...
2025-12-06 13:12:29,330 - INFO -   ✓ Saved: RESTRUCTURED_DB/2009/mar/164302.json
2025-12-06 13:12:29,831 - INFO - 
[207/1500] Processing G.R. No. 171636
2025-12-06 13:12:29,831 - INFO -   Title: Norman A. Gaid vs. People of the Philippines...
2025-12-06 13:12:30,298 - INFO -   ✓ Saved: RESTRUCTURED_DB/2009/apr/171636.json
2025-12-06 13:12:30,798 - INFO - 
[208/1500] Processing G.R. No. 171655
2025-12-06 13:12:30,798 - INFO -   Title: People of the Philippines vs. Pablo L. Estacio, Jr. and Mari...
2025-12-06 13:12:31,263 - INFO -   ✓ Saved: RESTRUCTURED_DB/2009/jul/171655.json
2025-12-06 13:12:31,763 - INFO - 
[209/1500] Processing G.R. No. 171674
2025-12-06 13:12:31,763 - INFO -   Title: Department of Agrarian Reform (etc.) vs. Carmen S. Tongson...
2025-12-06 13:12:32,011 - INFO -   ✓ Saved: RESTRUCTURED_DB/2009/aug/171674.json
2025-12-06 13:12:32,511 - INFO - 
[210/1500] Processing G.R. No. 171681
2025-12-06 13:12:32,511 - INFO -   Title: Kei Marie and Bianca Angelica both surnamed Abrera, minors, ...
2025-12-06 13:12:32,978 - INFO -   ✓ Saved: RESTRUCTURED_DB/2009/sep/171681.json
2025-12-06 13:12:33,478 - INFO - 
[211/1500] Processing G.R. No. 171732
2025-12-06 13:12:33,478 - INFO -   Title: People of the Philippines vs. Edgar Denoman y Acurda...
2025-12-06 13:12:33,729 - INFO -   ✓ Saved: RESTRUCTURED_DB/2009/aug/171732.json
2025-12-06 13:12:34,229 - INFO - 
[212/1500] Processing G.R. No. 171735
2025-12-06 13:12:34,229 - INFO -   Title: People of the Philippines vs. Alejo Obligado y Magdaraog...
2025-12-06 13:12:34,476 - INFO -   ✓ Saved: RESTRUCTURED_DB/2009/apr/171735.json
2025-12-06 13:12:34,976 - INFO - 
[213/1500] Processing G.R. No. 171741
2025-12-06 13:12:34,976 - INFO -   Title: Metro, Inc. adn Spouses Frederick and LIza Juan vs. Lara's G...
2025-12-06 13:12:35,441 - INFO -   ✓ Saved: RESTRUCTURED_DB/2009/nov/171741.json
2025-12-06 13:12:35,941 - INFO - 
[214/1500] Processing G.R. No. 171762
2025-12-06 13:12:35,941 - INFO -   Title: Lynn Maagad and Director of Lands vs. Juanito Maagad...
2025-12-06 13:12:36,406 - INFO -   ✓ Saved: RESTRUCTURED_DB/2009/jun/171762.json
2025-12-06 13:12:36,906 - INFO - 
[215/1500] Processing G.R. No. 171763
2025-12-06 13:12:36,906 - INFO -   Title: Maria Luisa Park Association, Inc., vs. Samantha Marie T. Al...
2025-12-06 13:12:37,371 - INFO -   ✓ Saved: RESTRUCTURED_DB/2009/jun/171763.json
2025-12-06 13:12:37,871 - INFO - 
[216/1500] Processing G.R. No. 171814
2025-12-06 13:12:37,871 - INFO -   Title: South Davao Development Company, Inc., et al. vs. Sergio L. ...
2025-12-06 13:12:38,120 - INFO -   ✓ Saved: RESTRUCTURED_DB/2009/may/171814.json
2025-12-06 13:12:38,620 - INFO - 
[217/1500] Processing G.R. No. 171842
2025-12-06 13:12:38,620 - INFO -   Title: Gloria S. Dy vs. Mandy Commodities Co., Inc....
2025-12-06 13:12:39,084 - INFO -   ✓ Saved: RESTRUCTURED_DB/2009/jul/171842.json
2025-12-06 13:12:39,584 - INFO - 
[218/1500] Processing G.R. No. 171875
2025-12-06 13:12:39,584 - INFO -   Title: Hon. Angelo T. Reyes vs. Paper Industries Corporation of the...
2025-12-06 13:12:40,561 - WARNING -   ✗ Could not fetch case from any URL
2025-12-06 13:12:40,561 - INFO - 
[219/1500] Processing G.R. No. 171916
2025-12-06 13:12:40,561 - INFO -   Title: Constantino A. Pascual vs. Lourdes S. Pascual...
2025-12-06 13:12:41,026 - INFO -   ✓ Saved: RESTRUCTURED_DB/2009/dec/171916.json
2025-12-06 13:12:41,526 - INFO - 
[220/1500] Processing G.R. No. 171946
2025-12-06 13:12:41,526 - INFO -   Title: Hon. Alipio F. Fernandez, etc., et al. vs. Jimmy T. Go a.k.a...
2025-12-06 13:12:42,504 - WARNING -   ✗ Could not fetch case from any URL
2025-12-06 13:12:42,504 - INFO - 
[221/1500] Processing G.R. No. 171951
2025-12-06 13:12:42,504 - INFO -   Title: Amado Alvarado Garcia vs. People of the Philippines...
2025-12-06 13:12:42,969 - INFO -   ✓ Saved: RESTRUCTURED_DB/2009/aug/171951.json
2025-12-06 13:12:43,469 - INFO - 
[222/1500] Processing G.R. No. 171968
2025-12-06 13:12:43,469 - INFO -   Title: XYST Corporation vs. DMC Urban Properties Development, Inc.,...
2025-12-06 13:12:43,717 - INFO -   ✓ Saved: RESTRUCTURED_DB/2009/jul/171968.json
2025-12-06 13:12:44,217 - INFO - 
[223/1500] Processing G.R. No. 171984
2025-12-06 13:12:44,217 - INFO -   Title: Bandila Maritime Services, Inc. and/or Tokomaru Kaiun Co., L...
2025-12-06 13:12:44,465 - INFO -   ✓ Saved: RESTRUCTURED_DB/2009/sep/171984.json
2025-12-06 13:12:44,965 - INFO - 
[224/1500] Processing G.R. No. 172092
2025-12-06 13:12:44,965 - INFO -   Title: People of the Philippines vs. Joey Tion y Cabadu...
2025-12-06 13:12:45,649 - INFO -   ✓ Saved: RESTRUCTURED_DB/2009/dec/172092.json
2025-12-06 13:12:46,149 - INFO - 
[225/1500] Processing G.R. No. 172123
2025-12-06 13:12:46,149 - INFO -   Title: Macariola G. Bartolo and Violenda B. Sucro vs. the Honorable...
2025-12-06 13:12:46,397 - INFO -   ✓ Saved: RESTRUCTURED_DB/2009/apr/172123.json
2025-12-06 13:12:46,897 - INFO - 
[226/1500] Processing G.R. No. 172174
2025-12-06 13:12:46,897 - INFO -   Title: Davao Contractors Development Cooperative (DACODECO), repres...
2025-12-06 13:12:47,361 - INFO -   ✓ Saved: RESTRUCTURED_DB/2009/jul/172174.json
2025-12-06 13:12:47,862 - INFO - 
[227/1500] Processing G.R. No. 172198
2025-12-06 13:12:47,862 - INFO -   Title: Ma. Lourdes C. De Castro vs. Crispino De Castro, Jr., Office...
2025-12-06 13:12:48,328 - INFO -   ✓ Saved: RESTRUCTURED_DB/2009/jun/172198.json
2025-12-06 13:12:48,828 - INFO - 
[228/1500] Processing G.R. No. 172212
2025-12-06 13:12:48,828 - INFO -   Title: Rafael Rondina vs. Court of Appeals formet special 19th Divi...
2025-12-06 13:12:49,292 - INFO -   ✓ Saved: RESTRUCTURED_DB/2009/jul/172212.json
2025-12-06 13:12:49,792 - INFO - 
[229/1500] Processing G.R. No. 172217
2025-12-06 13:12:49,792 - INFO -   Title: Spouses Lydia Flores-Cruz, et al. vs. Spouses Leonardo and I...
2025-12-06 13:12:50,041 - INFO -   ✓ Saved: RESTRUCTURED_DB/2009/sep/172217.json
2025-12-06 13:12:50,541 - INFO - 
[230/1500] Processing G.R. No. 172342
2025-12-06 13:12:50,541 - INFO -   Title: LWV Construction Corporation vs. Marcelo B. Dupo...
2025-12-06 13:12:51,005 - INFO -   ✓ Saved: RESTRUCTURED_DB/2009/jul/172342.json
2025-12-06 13:12:51,505 - INFO - 
[231/1500] Processing G.R. No. 172367
2025-12-06 13:12:51,505 - INFO -   Title: Felicidad Dadizon, et al. vs. Socorro Bernadas, et al....
2025-12-06 13:12:51,754 - INFO -   ✓ Saved: RESTRUCTURED_DB/2009/jun/172367.json
2025-12-06 13:12:52,254 - INFO - 
[232/1500] Processing G.R. No. 172372
2025-12-06 13:12:52,255 - INFO -   Title: The People of the Philippines vs. Romar Teodoro y Vallejo...
2025-12-06 13:12:52,720 - INFO -   ✓ Saved: RESTRUCTURED_DB/2009/dec/172372.json
2025-12-06 13:12:53,220 - INFO - 
[233/1500] Processing G.R. No. 172400
2025-12-06 13:12:53,221 - INFO -   Title: Zosimo Octavio and Jesus Albona (substituted by his wife, Vi...
2025-12-06 13:12:53,470 - INFO -   ✓ Saved: RESTRUCTURED_DB/2009/jun/172400.json
2025-12-06 13:12:53,970 - INFO - 
[234/1500] Processing G.R. No. 172537
2025-12-06 13:12:53,970 - INFO -   Title: Jethro Intelligence & Security Corporation and Yakult, Inc. ...
2025-12-06 13:12:54,219 - INFO -   ✓ Saved: RESTRUCTURED_DB/2009/aug/172537.json
2025-12-06 13:12:54,719 - INFO - 
[235/1500] Processing G.R. No. 172547
2025-12-06 13:12:54,719 - INFO -   Title: Precy Bunyi and Mila Bunyi vs. Fe S. Factor...
2025-12-06 13:12:55,185 - INFO -   ✓ Saved: RESTRUCTURED_DB/2009/jun/172547.json
2025-12-06 13:12:55,685 - INFO - 
[236/1500] Processing G.R. No. 172574
2025-12-06 13:12:55,685 - INFO -   Title: Noli Lim vs. Angelito Delos Santos, etc., Denia R. Adoyo, et...
2025-12-06 13:12:56,149 - INFO -   ✓ Saved: RESTRUCTURED_DB/2009/jul/172574.json
2025-12-06 13:12:56,650 - INFO - 
[237/1500] Processing G.R. No. 172601
2025-12-06 13:12:56,650 - INFO -   Title: Aileen G. Herida vs. F4C Pawnshop and Jewelry Store/Marcelin...
2025-12-06 13:12:56,899 - INFO -   ✓ Saved: RESTRUCTURED_DB/2009/apr/172601.json
2025-12-06 13:12:57,399 - INFO - 
[238/1500] Processing G.R. No. 172640
2025-12-06 13:12:57,399 - INFO -   Title: Victoriano Dela Peña, et al. vs. Spouses Vicente Alonzo, et ...
2025-12-06 13:12:57,864 - INFO -   ✓ Saved: RESTRUCTURED_DB/2009/jul/172640.json
2025-12-06 13:12:58,364 - INFO - 
[239/1500] Processing G.R. No. 172671
2025-12-06 13:12:58,364 - INFO -   Title: Marissa R. Unchuan vs. Antonio J.P. Lozada, Anita Lozada and...
2025-12-06 13:12:58,830 - INFO -   ✓ Saved: RESTRUCTURED_DB/2009/apr/172671.json
2025-12-06 13:12:59,331 - INFO - 
[240/1500] Processing G.R. No. 172680
2025-12-06 13:12:59,331 - INFO -   Title: The Heirs of the Late Fernando S. Falcasantos, etc., et al. ...
2025-12-06 13:12:59,579 - INFO -   ✓ Saved: RESTRUCTURED_DB/2009/aug/172680.json
2025-12-06 13:13:00,079 - INFO - 
[241/1500] Processing G.R. No. 172785
2025-12-06 13:13:00,079 - INFO -   Title: Cruzvale, Inc. vs. Jose Armando L. Eduque, et al....
2025-12-06 13:13:00,544 - INFO -   ✓ Saved: RESTRUCTURED_DB/2009/jun/172785.json
2025-12-06 13:13:01,044 - INFO - 
[242/1500] Processing G.R. No. 172796
2025-12-06 13:13:01,044 - INFO -   Title: Sps. Artemio and Esperanza Aduan vs. Levi Chong...
2025-12-06 13:13:01,296 - INFO -   ✓ Saved: RESTRUCTURED_DB/2009/jul/172796.json
2025-12-06 13:13:01,796 - INFO - 
[243/1500] Processing G.R. No. 172822
2025-12-06 13:13:01,796 - INFO -   Title: MOF Company, Inc., vs. Shin Yang Brokerage Corporation...
2025-12-06 13:13:02,260 - INFO -   ✓ Saved: RESTRUCTURED_DB/2009/oct/172822.json
2025-12-06 13:13:02,761 - INFO - 
[244/1500] Processing G.R. No. 172832
2025-12-06 13:13:02,761 - INFO -   Title: Rosario T. de Vera vs. Geren A. de Vera...
2025-12-06 13:13:03,234 - INFO -   ✓ Saved: RESTRUCTURED_DB/2009/apr/172832.json
2025-12-06 13:13:03,734 - INFO - 
[245/1500] Processing G.R. No. 172854
2025-12-06 13:13:03,734 - INFO -   Title: Adam B. Garcia vs. NLRC (Second Division) Legazpi Oil Compan...
2025-12-06 13:13:04,199 - INFO -   ✓ Saved: RESTRUCTURED_DB/2009/apr/172854.json
2025-12-06 13:13:04,699 - INFO - 
[246/1500] Processing G.R. No. 172931
2025-12-06 13:13:04,699 - INFO -   Title: Republic of the Philippines vs. RTC Br. 18, Roxas City, Capi...
2025-12-06 13:13:05,164 - INFO -   ✓ Saved: RESTRUCTURED_DB/2009/jun/172931.json
2025-12-06 13:13:05,665 - INFO - 
[247/1500] Processing G.R. No. 173049
2025-12-06 13:13:05,665 - INFO -   Title: Government Service Insurance System (GSIS) vs. Teresita S. D...
2025-12-06 13:13:05,913 - INFO -   ✓ Saved: RESTRUCTURED_DB/2009/may/173049.json
2025-12-06 13:13:06,414 - INFO - 
[248/1500] Processing G.R. No. 173115
2025-12-06 13:13:06,414 - INFO -   Title: Atty. Virgilio R. Garcia vs. Eastern Telecommunications Phil...
2025-12-06 13:13:06,881 - INFO -   ✓ Saved: RESTRUCTURED_DB/2009/apr/173115.json
2025-12-06 13:13:07,381 - INFO - 
[249/1500] Processing G.R. No. 173146
2025-12-06 13:13:07,381 - INFO -   Title: Agusan Del Norte Electric Cooperative, Inc. (ANECO), etc. vs...
2025-12-06 13:13:07,629 - INFO -   ✓ Saved: RESTRUCTURED_DB/2009/nov/173146.json
2025-12-06 13:13:08,129 - INFO - 
[250/1500] Processing G.R. No. 173158
2025-12-06 13:13:08,130 - INFO -   Title: Alejandro B. Ty and International Realty Corporation vs. Que...
2025-12-06 13:13:08,593 - INFO -   ✓ Saved: RESTRUCTURED_DB/2009/dec/173158.json
2025-12-06 13:13:09,094 - INFO - 
[251/1500] Processing G.R. No. 173163
2025-12-06 13:13:09,094 - INFO -   Title: Eastern Telecommunications Philippines Inc. vs. Atty. Virgil...
2025-12-06 13:13:10,071 - WARNING -   ✗ Could not fetch case from any URL
2025-12-06 13:13:10,071 - INFO - 
[252/1500] Processing G.R. No. 173210
2025-12-06 13:13:10,071 - INFO -   Title: Repubic of the Philippines vs. Macaria L. Tuastumban...
2025-12-06 13:13:10,536 - INFO -   ✓ Saved: RESTRUCTURED_DB/2009/apr/173210.json
2025-12-06 13:13:11,037 - INFO - 
[253/1500] Processing G.R. No. 173215
2025-12-06 13:13:11,037 - INFO -   Title: Cebu Windland Development Corporation vs. Ong Siao Hua...
2025-12-06 13:13:11,502 - INFO -   ✓ Saved: RESTRUCTURED_DB/2009/may/173215.json
2025-12-06 13:13:12,002 - INFO - 
[254/1500] Processing G.R. No. 173252
2025-12-06 13:13:12,003 - INFO -   Title: Unisource Commercial and Development Corporation vs. Joseph ...
2025-12-06 13:13:12,251 - INFO -   ✓ Saved: RESTRUCTURED_DB/2009/jul/173252.json
2025-12-06 13:13:12,751 - INFO - 
[255/1500] Processing G.R. No. 173319
2025-12-06 13:13:12,751 - INFO -   Title: Federico Miguel Olbes vs. Hon. Danilo A. Buemio, etc. et al....
2025-12-06 13:13:13,216 - INFO -   ✓ Saved: RESTRUCTURED_DB/2009/dec/173319.json
2025-12-06 13:13:13,716 - INFO - 
[256/1500] Processing G.R. No. 173329
2025-12-06 13:13:13,716 - INFO -   Title: Susan G. Po and Lilia G. Mutia vs. Omerio Dampal...
2025-12-06 13:13:13,964 - INFO -   ✓ Saved: RESTRUCTURED_DB/2009/dec/173329.json
2025-12-06 13:13:14,464 - INFO - 
[257/1500] Processing G.R. No. 173533
2025-12-06 13:13:14,464 - INFO -   Title: Vicente N. Luna, Jr. vs. Nario Cabales, Oscar Pabalan, et al...
2025-12-06 13:13:14,929 - INFO -   ✓ Saved: RESTRUCTURED_DB/2009/dec/173533.json
2025-12-06 13:13:15,429 - INFO - 
[258/1500] Processing G.R. No. 173565
2025-12-06 13:13:15,429 - INFO -   Title: Transpacific Battery Corp., et al. vs. Security Bank and Tru...
2025-12-06 13:13:15,897 - INFO -   ✓ Saved: RESTRUCTURED_DB/2009/may/173565.json
2025-12-06 13:13:16,397 - INFO - 
[259/1500] Processing G.R. No. 173607
2025-12-06 13:13:16,397 - INFO -   Title: Melchor G. Say and Josephine G. Say vs. Security Bank and Tr...
2025-12-06 13:13:17,376 - WARNING -   ✗ Could not fetch case from any URL
2025-12-06 13:13:17,376 - INFO - 
[260/1500] Processing G.R. No. 173637
2025-12-06 13:13:17,376 - INFO -   Title: Dante Tan vs. People of the Philippines....
2025-12-06 13:13:17,842 - INFO -   ✓ Saved: RESTRUCTURED_DB/2009/apr/173637.json
2025-12-06 13:13:18,343 - INFO - 
[261/1500] Processing G.R. No. 173654
2025-12-06 13:13:18,343 - INFO -   Title: People of the Philippines vs. Teresita Puig and Romeo Porras...
2025-12-06 13:13:18,590 - INFO -   ✓ Saved: RESTRUCTURED_DB/2009/jul/173654.json
2025-12-06 13:13:19,090 - INFO - 
[262/1500] Processing G.R. No. 173791
2025-12-06 13:13:19,090 - INFO -   Title: People of the Philippines vs. Pablo Amodia...
2025-12-06 13:13:19,776 - INFO -   ✓ Saved: RESTRUCTURED_DB/2009/apr/173791.json
2025-12-06 13:13:20,276 - INFO - 
[263/1500] Processing G.R. No. 173807
2025-12-06 13:13:20,276 - INFO -   Title: Jaime U. Gusicao vs. Letecia Ching and Edwin Casta...
2025-12-06 13:13:20,525 - INFO -   ✓ Saved: RESTRUCTURED_DB/2009/apr/173807.json
2025-12-06 13:13:21,026 - INFO - 
[264/1500] Processing G.R. No. 173834
2025-12-06 13:13:21,026 - INFO -   Title: Isabelita Cunanan, Carolyn Cunanan and Carmencita F. Nemoto ...
2025-12-06 13:13:21,274 - INFO -   ✓ Saved: RESTRUCTURED_DB/2009/apr/173834.json
2025-12-06 13:13:21,775 - INFO - 
[265/1500] Processing G.R. No. 173931
2025-12-06 13:13:21,775 - INFO -   Title: Alicia D. Tagaro vs. Ester A. Garcia, etc....
2025-12-06 13:13:22,241 - INFO -   ✓ Saved: RESTRUCTURED_DB/2009/apr/173931.json
2025-12-06 13:13:22,741 - INFO - 
[266/1500] Processing G.R. No. 174044
2025-12-06 13:13:22,741 - INFO -   Title: Gloria V. Gomez vs. PNOC Development and Management Corporat...
2025-12-06 13:13:22,989 - INFO -   ✓ Saved: RESTRUCTURED_DB/2009/nov/174044.json
2025-12-06 13:13:23,489 - INFO - 
[267/1500] Processing G.R. No. 174105
2025-12-06 13:13:23,489 - INFO -   Title: Reghis M. Romero II, Edmond Q. Sese, Leopoldo T. Sanchez, Re...
2025-12-06 13:13:23,960 - INFO -   ✓ Saved: RESTRUCTURED_DB/2009/apr/174105.json
2025-12-06 13:13:24,460 - INFO - 
[268/1500] Processing G.R. No. 174116
2025-12-06 13:13:24,460 - INFO -   Title: Eastern Shipping Lines, Inc. vs. Prudential Guarantee and As...
2025-12-06 13:13:25,416 - INFO -   ✓ Saved: RESTRUCTURED_DB/2009/sep/174116.json
2025-12-06 13:13:25,916 - INFO - 
[269/1500] Processing G.R. No. 174141
2025-12-06 13:13:25,916 - INFO -   Title: Pentagon Steel Corporation vs. Court of Appeals, et al....
2025-12-06 13:13:26,385 - INFO -   ✓ Saved: RESTRUCTURED_DB/2009/jun/174141.json
2025-12-06 13:13:26,885 - INFO - 
[270/1500] Processing G.R. No. 174154
2025-12-06 13:13:26,885 - INFO -   Title: Jesus Cuenco vs. Talisay Tourist Sprots Complex, Incorporate...
2025-12-06 13:13:27,134 - INFO -   ✓ Saved: RESTRUCTURED_DB/2009/jul/174154.json
2025-12-06 13:13:27,635 - INFO - 
[271/1500] Processing G.R. No. 174166
2025-12-06 13:13:27,635 - INFO -   Title: Republic of the Philippines etc. et al. vs. Hon. Court of Ap...
2025-12-06 13:13:28,618 - WARNING -   ✗ Could not fetch case from any URL
2025-12-06 13:13:28,618 - INFO - 
[272/1500] Processing G.R. No. 174209
2025-12-06 13:13:28,618 - INFO -   Title: Philippine Long Distance Telephone Company vs. Rizalina Raut...
2025-12-06 13:13:29,084 - INFO -   ✓ Saved: RESTRUCTURED_DB/2009/aug/174209.json
2025-12-06 13:13:29,584 - INFO - 
[273/1500] Processing G.R. No. 174256
2025-12-06 13:13:29,584 - INFO -   Title: Geologistic, Inc. vs. Gateway Electronics Corp., et al.....
2025-12-06 13:13:30,053 - INFO -   ✓ Saved: RESTRUCTURED_DB/2009/mar/174256.json
2025-12-06 13:13:30,553 - INFO - 
[274/1500] Processing G.R. No. 174269
2025-12-06 13:13:30,553 - INFO -   Title: Polo S. Pantaleon vs. American Express International, Inc....
2025-12-06 13:13:31,021 - INFO -   ✓ Saved: RESTRUCTURED_DB/2009/may/174269.json
2025-12-06 13:13:31,521 - INFO - 
[275/1500] Processing G.R. No. 174286
2025-12-06 13:13:31,521 - INFO -   Title: Traders Royal Bank vs. Cuison Lumber Co., Inc., Josefa Jerod...
2025-12-06 13:13:31,993 - INFO -   ✓ Saved: RESTRUCTURED_DB/2009/jun/174286.json
2025-12-06 13:13:32,493 - INFO - 
[276/1500] Processing G.R. No. 174298
2025-12-06 13:13:32,493 - INFO -   Title: Sps. Simplicio and Mila Cuaresma vs. White Falcon Services, ...
2025-12-06 13:13:33,476 - WARNING -   ✗ Could not fetch case from any URL
2025-12-06 13:13:33,477 - INFO - 
[277/1500] Processing G.R. No. 174316
2025-12-06 13:13:33,477 - INFO -   Title: Teodoro S. Miranda, Jr. vs. Asian Terminals, Inc. and Court ...
2025-12-06 13:13:33,946 - INFO -   ✓ Saved: RESTRUCTURED_DB/2009/jun/174316.json
2025-12-06 13:13:34,447 - INFO - 
[278/1500] Processing G.R. No. 174364
2025-12-06 13:13:34,447 - INFO -   Title: Northwest Airlines vs. Delfin S. Catapang...
2025-12-06 13:13:34,696 - INFO -   ✓ Saved: RESTRUCTURED_DB/2009/jul/174364.json
2025-12-06 13:13:35,197 - INFO - 
[279/1500] Processing G.R. No. 174370
2025-12-06 13:13:35,197 - INFO -   Title: People of the Philippines vs. Willy Mardo Ganoy y Mamayabay...
2025-12-06 13:13:35,447 - INFO -   ✓ Saved: RESTRUCTURED_DB/2009/jul/174370.json
2025-12-06 13:13:35,947 - INFO - 
[280/1500] Processing G.R. No. 174480
2025-12-06 13:13:35,947 - INFO -   Title: People of the Philippines vs. Reynaldo Albalate, Jr....
2025-12-06 13:13:36,417 - INFO -   ✓ Saved: RESTRUCTURED_DB/2009/dec/174480.json
2025-12-06 13:13:36,917 - INFO - 
[281/1500] Processing G.R. No. 174590
2025-12-06 13:13:36,917 - INFO -   Title: Lowe, Inc., et al. vs. Court of Appeals and Irma Mutuc...
2025-12-06 13:13:37,902 - WARNING -   ✗ Could not fetch case from any URL
2025-12-06 13:13:37,902 - INFO - 
[282/1500] Processing G.R. No. 174610
2025-12-06 13:13:37,902 - INFO -   Title: Soriamont Steamship Agencies, Inc., et al. vs. Sprint Transp...
2025-12-06 13:13:38,375 - INFO -   ✓ Saved: RESTRUCTURED_DB/2009/jul/174610.json
2025-12-06 13:13:38,875 - INFO - 
[283/1500] Processing G.R. No. 174803
2025-12-06 13:13:38,875 - INFO -   Title: Marywin Albano-Sales vs. Mayor Reynolan T. Sales and Court o...
2025-12-06 13:13:39,125 - INFO -   ✓ Saved: RESTRUCTURED_DB/2009/jul/174803.json
2025-12-06 13:13:39,625 - INFO - 
[284/1500] Processing G.R. No. 174813
2025-12-06 13:13:39,625 - INFO -   Title: Nilo Hipos, Sr. representing Darryl Hipos, et al. vs. Hon. T...
2025-12-06 13:13:40,092 - INFO -   ✓ Saved: RESTRUCTURED_DB/2009/mar/174813.json
2025-12-06 13:13:40,593 - INFO - 
[285/1500] Processing G.R. No. 174830
2025-12-06 13:13:40,593 - INFO -   Title: Isabelita Vda. De Dayao and Heirs of Vicente Dayao vs. Heirs...
2025-12-06 13:13:41,061 - INFO -   ✓ Saved: RESTRUCTURED_DB/2009/jul/174830.json
2025-12-06 13:13:41,561 - INFO - 
[286/1500] Processing G.R. No. 174862
2025-12-06 13:13:41,561 - INFO -   Title: People of the Philippines vs. Yvonne Sevilla y Caballero...
2025-12-06 13:13:41,810 - INFO -   ✓ Saved: RESTRUCTURED_DB/2009/jun/174862.json
2025-12-06 13:13:42,310 - INFO - 
[287/1500] Processing G.R. No. 174981
2025-12-06 13:13:42,310 - INFO -   Title: Telecommunications Distributors Specialist, Inc., et al. vs....
2025-12-06 13:13:42,779 - INFO -   ✓ Saved: RESTRUCTURED_DB/2009/may/174981.json
2025-12-06 13:13:43,279 - INFO - 
[288/1500] Processing G.R. No. 174986
2025-12-06 13:13:43,279 - INFO -   Title: Armand O. Raquel-Santos, et al. vs. Court of Appeals, et al....
2025-12-06 13:13:43,967 - INFO -   ✓ Saved: RESTRUCTURED_DB/2009/jul/174986.json
2025-12-06 13:13:44,467 - INFO - 
[289/1500] Processing G.R. No. 175064
2025-12-06 13:13:44,468 - INFO -   Title: Province of Camarines Sur, represented by Governor Luis Raym...
2025-12-06 13:13:44,936 - INFO -   ✓ Saved: RESTRUCTURED_DB/2009/sep/175064.json
2025-12-06 13:13:45,436 - INFO - 
[290/1500] Processing G.R. No. 175071
2025-12-06 13:13:45,436 - INFO -   Title: Philippine Stock Exchange, Inc. vs. Finvest Securities Co., ...
2025-12-06 13:13:46,419 - WARNING -   ✗ Could not fetch case from any URL
2025-12-06 13:13:46,419 - INFO - 
[291/1500] Processing G.R. No. 175115
2025-12-06 13:13:46,419 - INFO -   Title: Lily O. Orbase vs. Office of the Ombudsman and Adoracion Men...
2025-12-06 13:13:46,669 - INFO -   ✓ Saved: RESTRUCTURED_DB/2009/dec/175115.json
2025-12-06 13:13:47,170 - INFO - 
[292/1500] Processing G.R. No. 175172
2025-12-06 13:13:47,170 - INFO -   Title: Cresencia Achevara, Alfredo Achevara and Benigno Valdez vs. ...
2025-12-06 13:13:47,638 - INFO -   ✓ Saved: RESTRUCTURED_DB/2009/sep/175172.json
2025-12-06 13:13:48,139 - INFO - 
[293/1500] Processing G.R. No. 175320
2025-12-06 13:13:48,139 - INFO -   Title: People of the Philippines vs. Ernesto Peña y Sarmiento...
2025-12-06 13:13:48,387 - INFO -   ✓ Saved: RESTRUCTURED_DB/2009/apr/175320.json
2025-12-06 13:13:48,888 - INFO - 
[294/1500] Processing G.R. No. 175345
2025-12-06 13:13:48,888 - INFO -   Title: Baltazar L. Payno vs. Orizon Trading Corp./ Orata Trading an...
2025-12-06 13:13:49,355 - INFO -   ✓ Saved: RESTRUCTURED_DB/2009/aug/175345.json
2025-12-06 13:13:49,855 - INFO - 
[295/1500] Processing G.R. No. 175352
2025-12-06 13:13:49,855 - INFO -   Title: Dante Liban, et al. vs. Richard J. Gordon...
2025-12-06 13:13:50,550 - INFO -   ✓ Saved: RESTRUCTURED_DB/2009/feb/175352.json
2025-12-06 13:13:51,050 - INFO - 
[296/1500] Processing G.R. No. 175375
2025-12-06 13:13:51,050 - INFO -   Title: Conrado O. Lasquite and Teodora I. Andrade vs. Victory Hills...
2025-12-06 13:13:51,302 - INFO -   ✓ Saved: RESTRUCTURED_DB/2009/jun/175375.json
2025-12-06 13:13:51,802 - INFO - 
[297/1500] Processing G.R. No. 175393
2025-12-06 13:13:51,802 - INFO -   Title: Government Service Insurance System vs. Regional Trial Court...
2025-12-06 13:13:52,276 - INFO -   ✓ Saved: RESTRUCTURED_DB/2009/dec/175393.json
2025-12-06 13:13:52,776 - INFO - 
[298/1500] Processing G.R. No. 175466
2025-12-06 13:13:52,776 - INFO -   Title: Bank of the Philippine Islands as successor-in-interest of F...
2025-12-06 13:13:53,026 - INFO -   ✓ Saved: RESTRUCTURED_DB/2009/dec/175466.json
2025-12-06 13:13:53,526 - INFO - 
[299/1500] Processing G.R. No. 175467
2025-12-06 13:13:53,526 - INFO -   Title: Guido Catuiran y Necudemus vs. People of the Philippines...
2025-12-06 13:13:54,511 - WARNING -   ✗ Could not fetch case from any URL
2025-12-06 13:13:54,512 - INFO - 
[300/1500] Processing G.R. No. 175490
2025-12-06 13:13:54,512 - INFO -   Title: Ileana Dr. Macalino vs. Bank of the Philippines Islands...
2025-12-06 13:13:54,980 - INFO -   ✓ Saved: RESTRUCTURED_DB/2009/sep/175490.json
2025-12-06 13:13:55,481 - INFO - 
[301/1500] Processing G.R. No. 175551
2025-12-06 13:13:55,481 - INFO -   Title: Republic of the Philippines represented by the Manila Intern...
2025-12-06 13:13:55,732 - INFO -   ✓ Saved: RESTRUCTURED_DB/2009/jul/175551.json
2025-12-06 13:13:56,232 - INFO - 
[302/1500] Processing G.R. No. 175605
2025-12-06 13:13:56,232 - INFO -   Title: People of the Philippines vs. Arnold Garchitorena Y Camba a....
2025-12-06 13:13:56,703 - INFO -   ✓ Saved: RESTRUCTURED_DB/2009/jan/175605.json
2025-12-06 13:13:57,203 - INFO - 
[303/1500] Processing G.R. No. 175677
2025-12-06 13:13:57,203 - INFO -   Title: Spouses Azucena B. Corpuz and Renato S. Corpuz vs. Citibank,...
2025-12-06 13:13:57,457 - INFO -   ✓ Saved: RESTRUCTURED_DB/2009/jul/175677.json
2025-12-06 13:13:57,957 - INFO - 
[304/1500] Processing G.R. No. 175728
2025-12-06 13:13:57,957 - INFO -   Title: Development Bank of the Philippines vs. Prime Neighborhood A...
2025-12-06 13:13:58,426 - INFO -   ✓ Saved: RESTRUCTURED_DB/2009/may/178914.json
2025-12-06 13:13:58,926 - INFO - 
[305/1500] Processing G.R. No. 175769
2025-12-06 13:13:58,926 - INFO -   Title: ABS-CBN Broadcasting Corporation vs. Phil. Multi-Media Syste...
2025-12-06 13:13:59,398 - INFO -   ✓ Saved: RESTRUCTURED_DB/2009/jan/175769.json
2025-12-06 13:13:59,898 - INFO - 
[306/1500] Processing G.R. No. 175788
2025-12-06 13:13:59,898 - INFO -   Title: Enriquita Angat and the Legal Heirs of Federico Angat vs. Re...
2025-12-06 13:14:00,368 - INFO -   ✓ Saved: RESTRUCTURED_DB/2009/jun/175788.json
2025-12-06 13:14:00,868 - INFO - 
[307/1500] Processing G.R. No. 175803
2025-12-06 13:14:00,868 - INFO -   Title: Governor Ornaldo A. Fua, Jr., et al. vs. the Commission on A...
2025-12-06 13:14:01,118 - INFO -   ✓ Saved: RESTRUCTURED_DB/2009/dec/175803.json
2025-12-06 13:14:01,618 - INFO - 
[308/1500] Processing G.R. No. 175910
2025-12-06 13:14:01,619 - INFO -   Title: Atty. Rogelio E. Sarsaba vs. Fe vda De Te, represented by he...
2025-12-06 13:14:02,089 - INFO -   ✓ Saved: RESTRUCTURED_DB/2009/jul/175910.json
2025-12-06 13:14:02,589 - INFO - 
[309/1500] Processing G.R. No. 175945
2025-12-06 13:14:02,589 - INFO -   Title: People of the Philippines vs. Lolito Honor y Aligway, et al....
2025-12-06 13:14:03,057 - INFO -   ✓ Saved: RESTRUCTURED_DB/2009/apr/175945.json
2025-12-06 13:14:03,558 - INFO - 
[310/1500] Processing G.R. No. 175983
2025-12-06 13:14:03,558 - INFO -   Title: Metropolitan Cebu Water Destrict vs. J. King and Sons Compan...
2025-12-06 13:14:04,027 - INFO -   ✓ Saved: RESTRUCTURED_DB/2009/apr/175983.json
2025-12-06 13:14:04,527 - INFO - 
[311/1500] Processing G.R. No. 175994
2025-12-06 13:14:04,527 - INFO -   Title: Jesus Campos and Rosemarie Campos-Bautista vs. Nenita Buevin...
2025-12-06 13:14:04,997 - INFO -   ✓ Saved: RESTRUCTURED_DB/2009/dec/175994.json
2025-12-06 13:14:05,497 - INFO - 
[312/1500] Processing G.R. No. 176014
2025-12-06 13:14:05,497 - INFO -   Title: Alice Vitangcol and Norberto Vitangcol vs. New Vista Propert...
2025-12-06 13:14:05,966 - INFO -   ✓ Saved: RESTRUCTURED_DB/2009/sep/176014.json
2025-12-06 13:14:06,466 - INFO - 
[313/1500] Processing G.R. No. 176015
2025-12-06 13:14:06,466 - INFO -   Title: Mercedita T. Guasch vs. Arnaldo Dela Cruz...
2025-12-06 13:14:06,716 - INFO -   ✓ Saved: RESTRUCTURED_DB/2009/jun/176015.json
2025-12-06 13:14:07,217 - INFO - 
[314/1500] Processing G.R. No. 176040
2025-12-06 13:14:07,217 - INFO -   Title: Casa Cebuana Incoporada, et al. vs. Ireneo P. Leuterio...
2025-12-06 13:14:07,684 - INFO -   ✓ Saved: RESTRUCTURED_DB/2009/sep/176040.json
2025-12-06 13:14:08,184 - INFO - 
[315/1500] Processing G.R. No. 176135
2025-12-06 13:14:08,184 - INFO -   Title: Carlos Irwin G. Baldo vs. Commission on Elections. et al....
2025-12-06 13:14:08,434 - INFO -   ✓ Saved: RESTRUCTURED_DB/2009/jun/176135.json
2025-12-06 13:14:08,934 - INFO - 
[316/1500] Processing G.R. No. 176157
2025-12-06 13:14:08,934 - INFO -   Title: People of the Philippines vs. Elpidio Impas y Polbera...
2025-12-06 13:14:09,402 - INFO -   ✓ Saved: RESTRUCTURED_DB/2009/jun/176157.json
2025-12-06 13:14:09,902 - INFO - 
[317/1500] Processing G.R. No. 176249
2025-12-06 13:14:09,902 - INFO -   Title: FVC Labor Union-Philippine Transport and General Workers Org...
2025-12-06 13:14:10,369 - INFO -   ✓ Saved: RESTRUCTURED_DB/2009/nov/176249.json
2025-12-06 13:14:10,870 - INFO - 
[318/1500] Processing G.R. No. 176291
2025-12-06 13:14:10,870 - INFO -   Title: Jorge B. Navarra vs. Office of the Ombudsman, Samuel Namnama...
2025-12-06 13:14:11,336 - INFO -   ✓ Saved: RESTRUCTURED_DB/2009/dec/176291.json
2025-12-06 13:14:11,837 - INFO - 
[319/1500] Processing G.R. No. 176308
2025-12-06 13:14:11,837 - INFO -   Title: Angel M. Pagaduan vs. Spouses Estanislao & Fe Posadas Ocuma...
2025-12-06 13:14:12,102 - INFO -   ✓ Saved: RESTRUCTURED_DB/2009/may/176308.json
2025-12-06 13:14:12,602 - INFO - 
[320/1500] Processing G.R. No. 176348
2025-12-06 13:14:12,602 - INFO -   Title: People of the Philippines vs. Dionisio Cabudbod y Tutor and ...
2025-12-06 13:14:13,071 - INFO -   ✓ Saved: RESTRUCTURED_DB/2009/apr/176348.json
2025-12-06 13:14:13,571 - INFO - 
[321/1500] Processing G.R. No. 176364
2025-12-06 13:14:13,571 - INFO -   Title: Juanito R. Rimando vs. Commission on Elections and Norma O. ...
2025-12-06 13:14:14,040 - INFO -   ✓ Saved: RESTRUCTURED_DB/2009/sep/176364.json
2025-12-06 13:14:14,541 - INFO - 
[322/1500] Processing G.R. No. 176380
2025-12-06 13:14:14,541 - INFO -   Title: Pilipinas Shell Petroleum Corporation vs. Commissioner of Cu...
2025-12-06 13:14:15,008 - INFO -   ✓ Saved: RESTRUCTURED_DB/2009/jun/176380.json
2025-12-06 13:14:15,508 - INFO - 
[323/1500] Processing G.R. No. 176413
2025-12-06 13:14:15,508 - INFO -   Title: Spouses Danilo T. Samonte and Rosalinda N. Samonte vs. Centu...
2025-12-06 13:14:15,758 - INFO -   ✓ Saved: RESTRUCTURED_DB/2009/nov/176413.json
2025-12-06 13:14:16,258 - INFO - 
[324/1500] Processing G.R. No. 176487
2025-12-06 13:14:16,259 - INFO -   Title: Republic of the Philippines, represented by the Department o...
2025-12-06 13:14:16,949 - INFO -   ✓ Saved: RESTRUCTURED_DB/2009/aug/176487.json
2025-12-06 13:14:17,449 - INFO - 
[325/1500] Processing G.R. No. 176506
2025-12-06 13:14:17,449 - INFO -   Title: Merch Sharp and Dohme (Philippines), et al. vs. Jonar P. Rob...
2025-12-06 13:14:17,699 - INFO -   ✓ Saved: RESTRUCTURED_DB/2009/nov/176506.json
2025-12-06 13:14:18,199 - INFO - 
[326/1500] Processing G.R. No. 176511
2025-12-06 13:14:18,199 - INFO -   Title: Spouses Obdulia H. Espejo and Hildelberto T. Espejo vs. Gera...
2025-12-06 13:14:18,450 - INFO -   ✓ Saved: RESTRUCTURED_DB/2009/aug/176511.json
2025-12-06 13:14:18,950 - INFO - 
[327/1500] Processing G.R. No. 176530
2025-12-06 13:14:18,950 - INFO -   Title: Sps. Constante Agbulos and Zanaida Padilla Agbulos vs. Nicas...
2025-12-06 13:14:19,205 - INFO -   ✓ Saved: RESTRUCTURED_DB/2009/jun/176530.json
2025-12-06 13:14:19,705 - INFO - 
[328/1500] Processing G.R. No. 176531
2025-12-06 13:14:19,705 - INFO -   Title: People of the Philippines vs. Romeo Bandin...
2025-12-06 13:14:19,955 - INFO -   ✓ Saved: RESTRUCTURED_DB/2009/apr/176531.json
2025-12-06 13:14:20,455 - INFO - 
[329/1500] Processing G.R. No. 176546
2025-12-06 13:14:20,455 - INFO -   Title: Felicitas P. Ong vs. the People of the Philippines...
2025-12-06 13:14:20,922 - INFO -   ✓ Saved: RESTRUCTURED_DB/2009/sep/176546.json
2025-12-06 13:14:21,422 - INFO - 
[330/1500] Processing G.R. No. 176566
2025-12-06 13:14:21,422 - INFO -   Title: Eliseo Eduarte y Coscolla vs. People of the Philippines...
2025-12-06 13:14:21,892 - INFO -   ✓ Saved: RESTRUCTURED_DB/2009/apr/176566.json
2025-12-06 13:14:22,392 - INFO - 
[331/1500] Processing G.R. No. 176700
2025-12-06 13:14:22,392 - INFO -   Title: Romero Montederamos vs. Tri-Union International Corporation...
2025-12-06 13:14:22,642 - INFO -   ✓ Saved: RESTRUCTURED_DB/2009/sep/176700.json
2025-12-06 13:14:23,142 - INFO - 
[332/1500] Processing G.R. No. 176709
2025-12-06 13:14:23,142 - INFO -   Title: Fort Bonifacio Development Corporation vs. Hon. Edwin D. Sor...
2025-12-06 13:14:23,609 - INFO -   ✓ Saved: RESTRUCTURED_DB/2009/may/176709.json
2025-12-06 13:14:24,109 - INFO - 
[333/1500] Processing G.R. No. 176744
2025-12-06 13:14:24,109 - INFO -   Title: People of the Philippines vs. Adelado Anguac y Ragadao...
2025-12-06 13:14:24,576 - INFO -   ✓ Saved: RESTRUCTURED_DB/2009/jun/176744.json
2025-12-06 13:14:25,076 - INFO - 
[334/1500] Processing G.R. No. 176832
2025-12-06 13:14:25,076 - INFO -   Title: Government Service Insurance System vs. Marian T. Vicencio...
2025-12-06 13:14:25,325 - INFO -   ✓ Saved: RESTRUCTURED_DB/2009/may/176832.json
2025-12-06 13:14:25,825 - INFO - 
[335/1500] Processing G.R. No. 176906
2025-12-06 13:14:25,825 - INFO -   Title: Andrew B. Nudo vs. Hon. Amado S. Caguioa, et al....
2025-12-06 13:14:26,074 - INFO -   ✓ Saved: RESTRUCTURED_DB/2009/aug/176906.json
2025-12-06 13:14:26,574 - INFO - 
[336/1500] Processing G.R. No. 176917
2025-12-06 13:14:26,574 - INFO -   Title: Continental Cement Corp., vs. Filipinas (PREFAB) Systems, In...
2025-12-06 13:14:27,043 - INFO -   ✓ Saved: RESTRUCTURED_DB/2009/aug/176917.json
2025-12-06 13:14:27,543 - INFO - 
[337/1500] Processing G.R. No. 176919
2025-12-06 13:14:27,543 - INFO -   Title: Filipinas (PREFAB) Systems, inc. vs. Continental Cement Corp...
2025-12-06 13:14:28,530 - WARNING -   ✗ Could not fetch case from any URL
2025-12-06 13:14:28,530 - INFO - 
[338/1500] Processing G.R. No. 176935
2025-12-06 13:14:28,530 - INFO -   Title: Zambales II Electric Cooperative, Inc. vs. Castillejos Consu...
2025-12-06 13:14:28,997 - INFO -   ✓ Saved: RESTRUCTURED_DB/2009/mar/176935.json
2025-12-06 13:14:29,497 - INFO - 
[339/1500] Processing G.R. No. 176951
2025-12-06 13:14:29,498 - INFO -   Title: League of cities of the Philippines, et al. vs. COMELEC...
2025-12-06 13:14:30,189 - INFO -   ✓ Saved: RESTRUCTURED_DB/2009/dec/176951.json
2025-12-06 13:14:30,689 - INFO - 
[340/1500] Processing G.R. No. 177007
2025-12-06 13:14:30,690 - INFO -   Title: Sansio Philippines, Inc. vs. Sps. Alicia Leodegario Mogol, J...
2025-12-06 13:14:30,940 - INFO -   ✓ Saved: RESTRUCTURED_DB/2009/jul/177007.json
2025-12-06 13:14:31,440 - INFO - 
[341/1500] Processing G.R. No. 177011
2025-12-06 13:14:31,440 - INFO -   Title: Joseph Peter Sison, et al. vs. Rogelio Tablang...
2025-12-06 13:14:31,690 - INFO -   ✓ Saved: RESTRUCTURED_DB/2009/jun/177011.json
2025-12-06 13:14:32,190 - INFO - 
[342/1500] Processing G.R. No. 177133
2025-12-06 13:14:32,191 - INFO -   Title: Citibank, N.A. vs. Spouses Azucena B. Corpuz and Renato S. C...
2025-12-06 13:14:33,173 - WARNING -   ✗ Could not fetch case from any URL
2025-12-06 13:14:33,174 - INFO - 
[343/1500] Processing G.R. No. 177134
2025-12-06 13:14:33,174 - INFO -   Title: People of the Philippines vs. Rachel Angeles y Naval Alias R...
2025-12-06 13:14:33,422 - INFO -   ✓ Saved: RESTRUCTURED_DB/2009/aug/177134.json
2025-12-06 13:14:33,922 - INFO - 
[344/1500] Processing G.R. No. 177148
2025-12-06 13:14:33,922 - INFO -   Title: People of the Philippines vs. Raul Nuñes y Revilleza...
2025-12-06 13:14:34,389 - INFO -   ✓ Saved: RESTRUCTURED_DB/2009/jun/177148.json
2025-12-06 13:14:34,890 - INFO - 
[345/1500] Processing G.R. No. 177163
2025-12-06 13:14:34,890 - INFO -   Title: People of the Philippines vs. Alex Balagat...
2025-12-06 13:14:35,140 - INFO -   ✓ Saved: RESTRUCTURED_DB/2009/apr/177163.json
2025-12-06 13:14:35,640 - INFO - 
[346/1500] Processing G.R. No. 177164
2025-12-06 13:14:35,641 - INFO -   Title: People of the Philippines vs. Ramon Frodonzo y Dalida...
2025-12-06 13:14:36,109 - INFO -   ✓ Saved: RESTRUCTURED_DB/2009/jun/177164.json
2025-12-06 13:14:36,609 - INFO - 
[347/1500] Processing G.R. No. 177179
2025-12-06 13:14:36,609 - INFO -   Title: V C. Cadangen, et al. vs. the Commission on Elections...
2025-12-06 13:14:36,860 - INFO -   ✓ Saved: RESTRUCTURED_DB/2009/jun/177179.json
2025-12-06 13:14:37,360 - INFO - 
[348/1500] Processing G.R. No. 177181
2025-12-06 13:14:37,360 - INFO -   Title: Rabaja Ranch and Development Corporation vs. AFP Retirement ...
2025-12-06 13:14:38,360 - INFO -   ✓ Saved: RESTRUCTURED_DB/2009/jul/177181.json
2025-12-06 13:14:38,861 - INFO - 
[349/1500] Processing G.R. No. 177187
2025-12-06 13:14:38,861 - INFO -   Title: Spouses Juanito R. Villamil etc. et al. vs. Lazaro Cruz-Vill...
2025-12-06 13:14:39,317 - INFO -   ✓ Saved: RESTRUCTURED_DB/2009/apr/177187.json
2025-12-06 13:14:39,817 - INFO - 
[350/1500] Processing G.R. No. 177210
2025-12-06 13:14:39,817 - INFO -   Title: Summa Kumagai, Inc-Kumagai, Gumi Co. Ltd Joint Venture vs. R...
2025-12-06 13:14:40,274 - INFO -   ✓ Saved: RESTRUCTURED_DB/2009/apr/177210.json
2025-12-06 13:14:40,774 - INFO - 
[351/1500] Processing G.R. No. 177220
2025-12-06 13:14:40,774 - INFO -   Title: People of the Philippines vs. Ruben Robles...
2025-12-06 13:14:41,018 - INFO -   ✓ Saved: RESTRUCTURED_DB/2009/apr/177220.json
2025-12-06 13:14:41,519 - INFO - 
[352/1500] Processing G.R. No. 177283
2025-12-06 13:14:41,519 - INFO -   Title: De La Salle University, et al. vs. De La Salle University Em...
2025-12-06 13:14:41,977 - INFO -   ✓ Saved: RESTRUCTURED_DB/2009/apr/177283.json
2025-12-06 13:14:42,477 - INFO - 
[353/1500] Processing G.R. No. 177302
2025-12-06 13:14:42,477 - INFO -   Title: People of the Philippines vs. Jaime Lopez, et al....
2025-12-06 13:14:42,722 - INFO -   ✓ Saved: RESTRUCTURED_DB/2009/apr/177302.json
2025-12-06 13:14:43,223 - INFO - 
[354/1500] Processing G.R. No. 177333
2025-12-06 13:14:43,223 - INFO -   Title: Philippine Amusement and Gaming Corporation, etc. vs. Philip...
2025-12-06 13:14:43,466 - INFO -   ✓ Saved: RESTRUCTURED_DB/2009/apr/177333.json
2025-12-06 13:14:43,967 - INFO - 
[355/1500] Processing G.R. No. 177346
2025-12-06 13:14:43,967 - INFO -   Title: Guillermo Perciano vs. Heirs of Procopio Tumbali represented...
2025-12-06 13:14:44,209 - INFO -   ✓ Saved: RESTRUCTURED_DB/2009/apr/177346.json
2025-12-06 13:14:44,709 - INFO - 
[356/1500] Processing G.R. No. 177384
2025-12-06 13:14:44,709 - INFO -   Title: Josephine Wee vs. Republic of the Philippines...
2025-12-06 13:14:45,174 - INFO -   ✓ Saved: RESTRUCTURED_DB/2009/dec/177384.json
2025-12-06 13:14:45,674 - INFO - 
[357/1500] Processing G.R. No. 177404
2025-12-06 13:14:45,674 - INFO -   Title: Land Bank of the Philippines vs. Kumassie Plantation Company...
2025-12-06 13:14:46,129 - INFO -   ✓ Saved: RESTRUCTURED_DB/2009/dec/177404.json
2025-12-06 13:14:46,629 - INFO - 
[358/1500] Processing G.R. No. 177404
2025-12-06 13:14:46,630 - INFO -   Title: Land Bank of the Philippines vs. Kumassie Plantation Company...
2025-12-06 13:14:47,088 - INFO -   ✓ Saved: RESTRUCTURED_DB/2009/jun/177404.json
2025-12-06 13:14:47,588 - INFO - 
[359/1500] Processing G.R. No. 177429
2025-12-06 13:14:47,588 - INFO -   Title: Anicia Valdez-Tallorin vs. Heirs of Juanito Tarona, et al....
2025-12-06 13:14:47,832 - INFO -   ✓ Saved: RESTRUCTURED_DB/2009/nov/177429.json
2025-12-06 13:14:48,332 - INFO - 
[360/1500] Processing G.R. No. 177430
2025-12-06 13:14:48,332 - INFO -   Title: Rene M. Francisco vs. People of the Philippines...
2025-12-06 13:14:49,003 - INFO -   ✓ Saved: RESTRUCTURED_DB/2009/jul/177430.json
2025-12-06 13:14:49,503 - INFO - 
[361/1500] Processing G.R. No. 177456
2025-12-06 13:14:49,504 - INFO -   Title: Bank of the Philippine Isalands vs. Domingo R. Dando...
2025-12-06 13:14:49,748 - INFO -   ✓ Saved: RESTRUCTURED_DB/2009/sep/177456.json
2025-12-06 13:14:50,249 - INFO - 
[362/1500] Processing G.R. No. 177486
2025-12-06 13:14:50,249 - INFO -   Title: Purisimo S. Buyco vs. Nelson Baraquia...
2025-12-06 13:14:50,492 - INFO -   ✓ Saved: RESTRUCTURED_DB/2009/dec/177486.json
2025-12-06 13:14:50,992 - INFO - 
[363/1500] Processing G.R. No. 177508
2025-12-06 13:14:50,992 - INFO -   Title: Barangay Association for National Advancement and Transparen...
2025-12-06 13:14:51,450 - INFO -   ✓ Saved: RESTRUCTURED_DB/2009/aug/177508.json
2025-12-06 13:14:51,950 - INFO - 
[364/1500] Processing G.R. No. 177549
2025-12-06 13:14:51,950 - INFO -   Title: Anthony S. Yu, et al., vs. Joseph S. Yukayguan, et al....
2025-12-06 13:14:52,409 - INFO -   ✓ Saved: RESTRUCTURED_DB/2009/jun/177549.json
2025-12-06 13:14:52,910 - INFO - 
[365/1500] Processing G.R. No. 177594
2025-12-06 13:14:52,910 - INFO -   Title: University of San Agustin, Inc. vs. University of San Agusti...
2025-12-06 13:14:53,154 - INFO -   ✓ Saved: RESTRUCTURED_DB/2009/jul/177594.json
2025-12-06 13:14:53,654 - INFO - 
[366/1500] Processing G.R. No. 177624
2025-12-06 13:14:53,654 - INFO -   Title: Modesta Luna vs. Juliana P. Luna, et al....
2025-12-06 13:14:53,897 - INFO -   ✓ Saved: RESTRUCTURED_DB/2009/jul/177624.json
2025-12-06 13:14:54,397 - INFO - 
[367/1500] Processing G.R. No. 177664
2025-12-06 13:14:54,398 - INFO -   Title: CRC Agricultural Trading and Rolando B. Catindig vs. Nationa...
2025-12-06 13:14:54,854 - INFO -   ✓ Saved: RESTRUCTURED_DB/2009/dec/177664.json
2025-12-06 13:14:55,354 - INFO - 
[368/1500] Processing G.R. No. 177705
2025-12-06 13:14:55,354 - INFO -   Title: Kimberly-Clark Philippines, Inc. vs. Nora Dimayuga, et al....
2025-12-06 13:14:55,810 - INFO -   ✓ Saved: RESTRUCTURED_DB/2009/sep/177705.json
2025-12-06 13:14:56,310 - INFO - 
[369/1500] Processing G.R. No. 177728
2025-12-06 13:14:56,310 - INFO -   Title: Jenie San Juan Dela Cruz, et al., etc., vs. Ronald Paul S. G...
2025-12-06 13:14:56,765 - INFO -   ✓ Saved: RESTRUCTURED_DB/2009/jul/177728.json
2025-12-06 13:14:57,265 - INFO - 
[370/1500] Processing G.R. No. 177731
2025-12-06 13:14:57,266 - INFO -   Title: Government Service Insurance System vs. Hon. Celso Laviña, P...
2025-12-06 13:14:58,224 - WARNING -   ✗ Could not fetch case from any URL
2025-12-06 13:14:58,224 - INFO - 
[371/1500] Processing G.R. No. 177741
2025-12-06 13:14:58,224 - INFO -   Title: People of the Philippines vs. Willie Rivera...
2025-12-06 13:14:58,467 - INFO -   ✓ Saved: RESTRUCTURED_DB/2009/aug/177741.json
2025-12-06 13:14:58,967 - INFO - 
[372/1500] Processing G.R. No. 177766
2025-12-06 13:14:58,967 - INFO -   Title: People of the Philippines vs. Claro Jampas...
2025-12-06 13:14:59,424 - INFO -   ✓ Saved: RESTRUCTURED_DB/2009/jul/177766.json
2025-12-06 13:14:59,924 - INFO - 
[373/1500] Processing G.R. No. 177768
2025-12-06 13:14:59,924 - INFO -   Title: People of the Philippines vs. Charmen Olivo y Along, Nelson ...
2025-12-06 13:15:00,381 - INFO -   ✓ Saved: RESTRUCTURED_DB/2009/jul/177768.json
2025-12-06 13:15:00,881 - INFO - 
[374/1500] Processing G.R. No. 177777
2025-12-06 13:15:00,881 - INFO -   Title: People of the Philippines vs. Fernando Gutierrez y Gatso...
2025-12-06 13:15:01,338 - INFO -   ✓ Saved: RESTRUCTURED_DB/2009/dec/177777.json
2025-12-06 13:15:01,838 - INFO - 
[375/1500] Processing G.R. No. 177795
2025-12-06 13:15:01,838 - INFO -   Title: Leah M. Nazareno, et al. vs. City of Dumaguete, represented ...
2025-12-06 13:15:02,298 - INFO -   ✓ Saved: RESTRUCTURED_DB/2009/jun/177795.json
2025-12-06 13:15:02,799 - INFO - 
[376/1500] Processing G.R. No. 177836
2025-12-06 13:15:02,799 - INFO -   Title: Edwino A. Torres (deceased), represented and substitute by A...
2025-12-06 13:15:03,255 - INFO -   ✓ Saved: RESTRUCTURED_DB/2009/sep/177836.json
2025-12-06 13:15:03,755 - INFO - 
[377/1500] Processing G.R. No. 177847
2025-12-06 13:15:03,755 - INFO -   Title: Laurence M. Sison vs. Eusebia Cariaga...
2025-12-06 13:15:03,999 - INFO -   ✓ Saved: RESTRUCTURED_DB/2009/jul/177847.json
2025-12-06 13:15:04,499 - INFO - 
[378/1500] Processing G.R. No. 177961
2025-12-06 13:15:04,499 - INFO -   Title: Lourdes A. Sable vs. People of the Philippines, et al....
2025-12-06 13:15:04,955 - INFO -   ✓ Saved: RESTRUCTURED_DB/2009/apr/177961.json
2025-12-06 13:15:05,455 - INFO - 
[379/1500] Processing G.R. No. 178000
2025-12-06 13:15:05,455 - INFO -   Title: Liberato M. Carabeo vs. Court of Appeals, et al....
2025-12-06 13:15:05,911 - INFO -   ✓ Saved: RESTRUCTURED_DB/2009/dec/178000.json
2025-12-06 13:15:06,412 - INFO - 
[380/1500] Processing G.R. No. 178058
2025-12-06 13:15:06,412 - INFO -   Title: People of the Philippines vs. Jessie Maliao y Masakit, Norbe...
2025-12-06 13:15:06,869 - INFO -   ✓ Saved: RESTRUCTURED_DB/2009/jul/178058.json
2025-12-06 13:15:07,369 - INFO - 
[381/1500] Processing G.R. No. 178097
2025-12-06 13:15:07,369 - INFO -   Title: Kumassie Plantation Company Incorporated vs. Land Bank of th...
2025-12-06 13:15:08,327 - WARNING -   ✗ Could not fetch case from any URL
2025-12-06 13:15:08,327 - INFO - 
[382/1500] Processing G.R. No. 178097
2025-12-06 13:15:08,327 - INFO -   Title: Kumassie Plantation Company Incorporated vs. Land Bank of th...
2025-12-06 13:15:09,285 - WARNING -   ✗ Could not fetch case from any URL
2025-12-06 13:15:09,285 - INFO - 
[383/1500] Processing G.R. No. 178127
2025-12-06 13:15:09,285 - INFO -   Title: Virgen Shipping Corporation, et al. vs. Jesus B. Barraquio...
2025-12-06 13:15:09,530 - INFO -   ✓ Saved: RESTRUCTURED_DB/2009/apr/178127.json
2025-12-06 13:15:10,031 - INFO - 
[384/1500] Processing G.R. No. 178158
2025-12-06 13:15:10,031 - INFO -   Title: Strategic Alliance Development Corporation vs. Radstock Secu...
2025-12-06 13:15:11,152 - INFO -   ✓ Saved: RESTRUCTURED_DB/2009/dec/178158.json
2025-12-06 13:15:11,652 - INFO - 
[385/1500] Processing G.R. No. 178188
2025-12-06 13:15:11,652 - INFO -   Title: Olympic Mines and Development Corp., vs. Platinum Group Meta...
2025-12-06 13:15:11,898 - INFO -   ✓ Saved: RESTRUCTURED_DB/2009/aug/178188.json
2025-12-06 13:15:12,398 - INFO - 
[386/1500] Processing G.R. No. 178188
2025-12-06 13:15:12,398 - INFO -   Title: Olympic Mines and Development Corp., vs. Platinum Group of M...
2025-12-06 13:15:12,859 - INFO -   ✓ Saved: RESTRUCTURED_DB/2009/may/178188.json
2025-12-06 13:15:13,360 - INFO - 
[387/1500] Processing G.R. No. 178205
2025-12-06 13:15:13,360 - INFO -   Title: People of the Philippines vs. Leo Quemeggen, Juanito De Luna...
2025-12-06 13:15:13,604 - INFO -   ✓ Saved: RESTRUCTURED_DB/2009/jul/178205.json
2025-12-06 13:15:14,105 - INFO - 
[388/1500] Processing G.R. No. 178255
2025-12-06 13:15:14,105 - INFO -   Title: Ricardo C. Siverio vs. Eufemia Almeda and Ponciano Almeda, e...
2025-12-06 13:15:14,350 - INFO -   ✓ Saved: RESTRUCTURED_DB/2009/nov/178255.json
2025-12-06 13:15:14,850 - INFO - 
[389/1500] Processing G.R. No. 178301
2025-12-06 13:15:14,850 - INFO -   Title: People of the Philippines vs. Rolando Malibiran, Beverly Tib...
2025-12-06 13:15:16,370 - INFO -   ✓ Saved: RESTRUCTURED_DB/2009/apr/178301.json
2025-12-06 13:15:16,871 - INFO - 
[390/1500] Processing G.R. No. 178330
2025-12-06 13:15:16,871 - INFO -   Title: Martin T. Sagarbarria vs. Philippine Business Bank...
2025-12-06 13:15:17,325 - INFO -   ✓ Saved: RESTRUCTURED_DB/2009/jul/178330.json
2025-12-06 13:15:17,825 - INFO - 
[391/1500] Processing G.R. No. 178337
2025-12-06 13:15:17,826 - INFO -   Title: Carment R. Ritualo vs. People of the Philippines...
2025-12-06 13:15:18,284 - INFO -   ✓ Saved: RESTRUCTURED_DB/2009/jun/178337.json
2025-12-06 13:15:18,784 - INFO - 
[392/1500] Processing G.R. No. 178453
2025-12-06 13:15:18,784 - INFO -   Title: Gloria Artiaga vs. Siliman University and Siliman University...
2025-12-06 13:15:19,030 - INFO -   ✓ Saved: RESTRUCTURED_DB/2009/apr/178453.json
2025-12-06 13:15:19,530 - INFO - 
[393/1500] Processing G.R. No. 178461
2025-12-06 13:15:19,530 - INFO -   Title: California Manufacturing Company, Inc. vs. the City of Las P...
2025-12-06 13:15:19,772 - INFO -   ✓ Saved: RESTRUCTURED_DB/2009/jun/178461.json
2025-12-06 13:15:20,272 - INFO - 
[394/1500] Processing G.R. No. 178485
2025-12-06 13:15:20,272 - INFO -   Title: People of the Philippines vs. Mariano Sapigao, Jr....
2025-12-06 13:15:20,729 - INFO -   ✓ Saved: RESTRUCTURED_DB/2009/sep/178485.json
2025-12-06 13:15:21,229 - INFO - 
[395/1500] Processing G.R. No. 178490
2025-12-06 13:15:21,229 - INFO -   Title: Commissioner of Internal Revenue vs. Bank of the Philippine ...
2025-12-06 13:15:21,695 - INFO -   ✓ Saved: RESTRUCTURED_DB/2009/jul/178490.json
2025-12-06 13:15:22,196 - INFO - 
[396/1500] Processing G.R. No. 178520
2025-12-06 13:15:22,196 - INFO -   Title: AMA Computer College-East Rizal, et al. vs. Allan Raymond R....
2025-12-06 13:15:22,653 - INFO -   ✓ Saved: RESTRUCTURED_DB/2009/jun/178520.json
2025-12-06 13:15:23,153 - INFO - 
[397/1500] Processing G.R. No. 178527
2025-12-06 13:15:23,153 - INFO -   Title: Joven Yuki, Jr. vs. Wellington Co...
2025-12-06 13:15:23,609 - INFO -   ✓ Saved: RESTRUCTURED_DB/2009/nov/178527.json
2025-12-06 13:15:24,109 - INFO - 
[398/1500] Processing G.R. No. 178529
2025-12-06 13:15:24,109 - INFO -   Title: Equitable PCI Bank, Inc (now known as Banco De Oro-EPCI, Inc...
2025-12-06 13:15:24,352 - INFO -   ✓ Saved: RESTRUCTURED_DB/2009/sep/178529.json
2025-12-06 13:15:24,853 - INFO - 
[399/1500] Processing G.R. No. 178543
2025-12-06 13:15:24,853 - INFO -   Title: People of the Philippines vs. Aristo Villanueva...
2025-12-06 13:15:25,311 - INFO -   ✓ Saved: RESTRUCTURED_DB/2009/sep/178543.json
2025-12-06 13:15:25,811 - INFO - 
[400/1500] Processing G.R. No. 178624
2025-12-06 13:15:25,811 - INFO -   Title: Jose Concepcion, Jr. vs. Commission on Elections...
2025-12-06 13:15:26,267 - INFO -   ✓ Saved: RESTRUCTURED_DB/2009/jun/178624.json
2025-12-06 13:15:26,767 - INFO - 
[401/1500] Processing G.R. No. 178678
2025-12-06 13:15:26,767 - INFO -   Title: Dr. Hans Christian M. Señeres vs. Commission on Elections an...
2025-12-06 13:15:27,224 - INFO -   ✓ Saved: RESTRUCTURED_DB/2009/apr/178678.json
2025-12-06 13:15:27,724 - INFO - 
[402/1500] Processing G.R. No. 178760
2025-12-06 13:15:27,724 - INFO -   Title: Carmen B. Dy-Dumalasa vs. Domingo Sabado S. Fernandez, et al...
2025-12-06 13:15:28,179 - INFO -   ✓ Saved: RESTRUCTURED_DB/2009/jul/178760.json
2025-12-06 13:15:28,679 - INFO - 
[403/1500] Processing G.R. No. 178763
2025-12-06 13:15:28,680 - INFO -   Title: Peter Paul Patrick Lucas, et al. vs. Dr. Prospero Ma. C. Tua...
2025-12-06 13:15:29,352 - INFO -   ✓ Saved: RESTRUCTURED_DB/2009/apr/178763.json
2025-12-06 13:15:29,852 - INFO - 
[404/1500] Processing G.R. No. 178797
2025-12-06 13:15:29,852 - INFO -   Title: Metropolitan Bank and Trust Co., vs. Commissioner of Interna...
2025-12-06 13:15:30,313 - INFO -   ✓ Saved: RESTRUCTURED_DB/2009/aug/178797.json
2025-12-06 13:15:30,813 - INFO - 
[405/1500] Processing G.R. No. 178873
2025-12-06 13:15:30,813 - INFO -   Title: People of the Philippines vs. Illustre Llagas a.k.a. Nonoy L...
2025-12-06 13:15:31,057 - INFO -   ✓ Saved: RESTRUCTURED_DB/2009/apr/170566.json
2025-12-06 13:15:31,557 - INFO - 
[406/1500] Processing G.R. No. 178933
2025-12-06 13:15:31,557 - INFO -   Title: Recardo S. Silverio, Jr. vs. Court of Appeals and Nelia S. S...
2025-12-06 13:15:32,012 - INFO -   ✓ Saved: RESTRUCTURED_DB/2009/sep/178933.json
2025-12-06 13:15:32,512 - INFO - 
[407/1500] Processing G.R. No. 178935
2025-12-06 13:15:32,513 - INFO -   Title: Oscar A. Ojeda vs. People of the Philippines...
2025-12-06 13:15:33,471 - WARNING -   ✗ Could not fetch case from any URL
2025-12-06 13:15:33,471 - INFO - 
[408/1500] Processing G.R. No. 178976
2025-12-06 13:15:33,471 - INFO -   Title: Abelardo P. Abel vs. Philex Mining Corporation represented b...
2025-12-06 13:15:33,927 - INFO -   ✓ Saved: RESTRUCTURED_DB/2009/jul/178976.json
2025-12-06 13:15:34,427 - INFO - 
[409/1500] Processing G.R. No. 178984
2025-12-06 13:15:34,427 - INFO -   Title: Erlinda Mapagay vs. People of the Philippines...
2025-12-06 13:15:34,672 - INFO -   ✓ Saved: RESTRUCTURED_DB/2009/aug/178984.json
2025-12-06 13:15:35,172 - INFO - 
[410/1500] Processing G.R. No. 179061
2025-12-06 13:15:35,172 - INFO -   Title: Sheala P. Matrido vs. People of the Philippines...
2025-12-06 13:15:35,628 - INFO -   ✓ Saved: RESTRUCTURED_DB/2009/jul/179061.json
2025-12-06 13:15:36,128 - INFO - 
[411/1500] Processing G.R. No. 179090
2025-12-06 13:15:36,128 - INFO -   Title: Leonilo Sanchez Alias Nilo vs. People of the Philippines and...
2025-12-06 13:15:36,586 - INFO -   ✓ Saved: RESTRUCTURED_DB/2009/jun/179090.json
2025-12-06 13:15:37,086 - INFO - 
[412/1500] Processing G.R. No. 179120
2025-12-06 13:15:37,086 - INFO -   Title: Biraogo vs. Nograles, et al....
2025-12-06 13:15:38,051 - WARNING -   ✗ Could not fetch case from any URL
2025-12-06 13:15:38,051 - INFO - 
[413/1500] Processing G.R. No. 179120
2025-12-06 13:15:38,051 - INFO -   Title: Louis C. Biraogo vs. Hon. Prospero Nograles and Jocelyn C. L...
2025-12-06 13:15:39,009 - WARNING -   ✗ Could not fetch case from any URL
2025-12-06 13:15:39,009 - INFO - 
[414/1500] Processing G.R. No. 179154
2025-12-06 13:15:39,009 - INFO -   Title: People of the Philippines vs. Roger Perez and Danilo Perez...
2025-12-06 13:15:39,465 - INFO -   ✓ Saved: RESTRUCTURED_DB/2009/jul/179154.json
2025-12-06 13:15:39,965 - INFO - 
[415/1500] Processing G.R. No. 179177
2025-12-06 13:15:39,965 - INFO -   Title: Carlos N. Nisda vs. Sea Serve Maritime Agency, et al....
2025-12-06 13:15:40,638 - INFO -   ✓ Saved: RESTRUCTURED_DB/2009/jul/179177.json
2025-12-06 13:15:41,138 - INFO - 
[416/1500] Processing G.R. No. 179187
2025-12-06 13:15:41,138 - INFO -   Title: People of the Philippines vs. Renato Talusan y Panganiban...
2025-12-06 13:15:41,383 - INFO -   ✓ Saved: RESTRUCTURED_DB/2009/jul/179187.json
2025-12-06 13:15:41,883 - INFO - 
[417/1500] Processing G.R. No. 179213
2025-12-06 13:15:41,883 - INFO -   Title: People of the Philippines vs. Nicolas Gutierrez y Licunan...
2025-12-06 13:15:42,339 - INFO -   ✓ Saved: RESTRUCTURED_DB/2009/sep/179213.json
2025-12-06 13:15:42,839 - INFO - 
[418/1500] Processing G.R. No. 179255
2025-12-06 13:15:42,839 - INFO -   Title: National Transmission Corp. vs. Venusto D. Hamoy, Jr....
2025-12-06 13:15:43,297 - INFO -   ✓ Saved: RESTRUCTURED_DB/2009/apr/179255.json
2025-12-06 13:15:43,797 - INFO - 
[419/1500] Processing G.R. No. 179271
2025-12-06 13:15:43,797 - INFO -   Title: BANAT vs. Commission on Election...
2025-12-06 13:15:44,258 - INFO -   ✓ Saved: RESTRUCTURED_DB/2009/jul/179271.json
2025-12-06 13:15:44,758 - INFO - 
[420/1500] Processing G.R. No. 179271
2025-12-06 13:15:44,758 - INFO -   Title: Barangay Association for National Advancement and Transparen...
2025-12-06 13:15:45,445 - INFO -   ✓ Saved: RESTRUCTURED_DB/2009/apr/179271.json
2025-12-06 13:15:45,945 - INFO - 
[421/1500] Processing G.R. No. 179280
2025-12-06 13:15:45,945 - INFO -   Title: People of the Philippines vs. Pedro Calangi alias Haplas...
2025-12-06 13:15:46,191 - INFO -   ✓ Saved: RESTRUCTURED_DB/2009/aug/179280.json
2025-12-06 13:15:46,692 - INFO - 
[422/1500] Processing G.R. No. 179293
2025-12-06 13:15:46,692 - INFO -   Title: Eden Llamas vs. Ocean Gateway Maritime and Management, Inc....
2025-12-06 13:15:46,936 - INFO -   ✓ Saved: RESTRUCTURED_DB/2009/aug/179293.json
2025-12-06 13:15:47,436 - INFO - 
[423/1500] Processing G.R. No. 179295
2025-12-06 13:15:47,436 - INFO -   Title: Bayan Muna, et al. vs. Commission on Elections...
2025-12-06 13:15:48,394 - WARNING -   ✗ Could not fetch case from any URL
2025-12-06 13:15:48,395 - INFO - 
[424/1500] Processing G.R. No. 179313
2025-12-06 13:15:48,395 - INFO -   Title: Makil U. Pundaodaya vs. Commission on Elections, et al....
2025-12-06 13:15:48,850 - INFO -   ✓ Saved: RESTRUCTURED_DB/2009/sep/179313.json
2025-12-06 13:15:49,351 - INFO - 
[425/1500] Processing G.R. No. 179319
2025-12-06 13:15:49,351 - INFO -   Title: Andrew Jame Mcburne vs. Eulalio Ganzon, et al....
2025-12-06 13:15:49,595 - INFO -   ✓ Saved: RESTRUCTURED_DB/2009/sep/179319.json
2025-12-06 13:15:50,095 - INFO - 
[426/1500] Processing G.R. No. 179319
2025-12-06 13:15:50,095 - INFO -   Title: Eugene C. Firaza vs. People of the Philippines...
2025-12-06 13:15:50,337 - INFO -   Case already exists: RESTRUCTURED_DB/2009/sep/179319.json
2025-12-06 13:15:50,838 - INFO - 
[427/1500] Processing G.R. No. 179328
2025-12-06 13:15:50,838 - INFO -   Title: Rizalina P. Positos vs. Jacob M. Chua...
2025-12-06 13:15:51,081 - INFO -   ✓ Saved: RESTRUCTURED_DB/2009/dec/179328.json
2025-12-06 13:15:51,581 - INFO - 
[428/1500] Processing G.R. No. 179356
2025-12-06 13:15:51,581 - INFO -   Title: Kepco Philippines Corporation vs. Commissioner of Internal R...
2025-12-06 13:15:52,500 - INFO -   ✓ Saved: RESTRUCTURED_DB/2009/dec/179356.json
2025-12-06 13:15:53,001 - INFO - 
[429/1500] Processing G.R. No. 179370
2025-12-06 13:15:53,001 - INFO -   Title: Eugenio S. Capablanca vs. Civil Service Commission...
2025-12-06 13:15:53,465 - INFO -   ✓ Saved: RESTRUCTURED_DB/2009/nov/179370.json
2025-12-06 13:15:53,965 - INFO - 
[430/1500] Processing G.R. No. 179404
2025-12-06 13:15:53,966 - INFO -   Title: Nataniel B. Juane vs. Iglesia Evangelisca Metodista En Las I...
2025-12-06 13:15:54,941 - WARNING -   ✗ Could not fetch case from any URL
2025-12-06 13:15:54,941 - INFO - 
[431/1500] Processing G.R. No. 179430
2025-12-06 13:15:54,941 - INFO -   Title: Jamela Salic Maruhom vs. Commssion on Elections and Mohammad...
2025-12-06 13:15:55,405 - INFO -   ✓ Saved: RESTRUCTURED_DB/2009/jul/179430.json
2025-12-06 13:15:55,906 - INFO - 
[432/1500] Processing G.R. No. 179452
2025-12-06 13:15:55,906 - INFO -   Title: Civil Service Commission, Anicia De Lima, in her capacity as...
2025-12-06 13:15:56,370 - INFO -   ✓ Saved: RESTRUCTURED_DB/2009/jun/179452.json
2025-12-06 13:15:56,870 - INFO - 
[433/1500] Processing G.R. No. 179475
2025-12-06 13:15:56,870 - INFO -   Title: People of the Philippines vs. Daniel Sibunga y Agtoca...
2025-12-06 13:15:57,119 - INFO -   ✓ Saved: RESTRUCTURED_DB/2009/sep/179475.json
2025-12-06 13:15:57,619 - INFO - 
[434/1500] Processing G.R. No. 179505
2025-12-06 13:15:57,619 - INFO -   Title: First Philippine Holding Corporation vs. Trans Middle East (...
2025-12-06 13:15:58,082 - INFO -   ✓ Saved: RESTRUCTURED_DB/2009/dec/179505.json
2025-12-06 13:15:58,582 - INFO - 
[435/1500] Processing G.R. No. 179512
2025-12-06 13:15:58,582 - INFO -   Title: Eagle Star Security Services, Inc. vs. Bonifacio L. Mirando....
2025-12-06 13:15:58,830 - INFO -   ✓ Saved: RESTRUCTURED_DB/2009/jul/179512.json
2025-12-06 13:15:59,330 - INFO - 
[436/1500] Processing G.R. No. 179546
2025-12-06 13:15:59,330 - INFO -   Title: Coca-Cola Bottlers Phils, Inc. vs. Alan M. Agito, Regolo S. ...
2025-12-06 13:15:59,575 - INFO -   ✓ Saved: RESTRUCTURED_DB/2009/jul/179546.json
2025-12-06 13:16:00,075 - INFO - 
[437/1500] Processing G.R. No. 179554
2025-12-06 13:16:00,076 - INFO -   Title: Metropolitan Manila Development Authority vs. Trackworks Rai...
2025-12-06 13:16:00,538 - INFO -   ✓ Saved: RESTRUCTURED_DB/2009/dec/179554.json
2025-12-06 13:16:01,038 - INFO - 
[438/1500] Processing G.R. No. 179563
2025-12-06 13:16:01,038 - INFO -   Title: Bacolod-Talisay Realty and Development Corp., et al. vs. Rom...
2025-12-06 13:16:01,500 - INFO -   ✓ Saved: RESTRUCTURED_DB/2009/apr/179563.json
2025-12-06 13:16:02,000 - INFO - 
[439/1500] Processing G.R. No. 179650
2025-12-06 13:16:02,000 - INFO -   Title: DAMBA-NFSW vs. Roxas & Co. Inc....
2025-12-06 13:16:02,975 - WARNING -   ✗ Could not fetch case from any URL
2025-12-06 13:16:02,975 - INFO - 
[440/1500] Processing G.R. No. 179652
2025-12-06 13:16:02,975 - INFO -   Title: People's Broadcasting vs. the Secretary of the Department of...
2025-12-06 13:16:03,701 - INFO -   ✓ Saved: RESTRUCTURED_DB/2009/may/179652.json
2025-12-06 13:16:04,201 - INFO - 
[441/1500] Processing G.R. No. 179653
2025-12-06 13:16:04,201 - INFO -   Title: United Muslim and Christian Urban Poor Association, Inc., et...
2025-12-06 13:16:04,448 - INFO -   ✓ Saved: RESTRUCTURED_DB/2009/jul/179653.json
2025-12-06 13:16:04,948 - INFO - 
[442/1500] Processing G.R. No. 179674
2025-12-06 13:16:04,948 - INFO -   Title: Pyro Coppermining Corporation vs. Mines Adjudication Board-D...
2025-12-06 13:16:05,413 - INFO -   ✓ Saved: RESTRUCTURED_DB/2009/jul/179674.json
2025-12-06 13:16:05,914 - INFO - 
[443/1500] Processing G.R. No. 179700
2025-12-06 13:16:05,914 - INFO -   Title: People of the Philippines vs. Gwyn Quinicot y Curativo...
2025-12-06 13:16:06,379 - INFO -   ✓ Saved: RESTRUCTURED_DB/2009/jun/179700.json
2025-12-06 13:16:06,879 - INFO - 
[444/1500] Processing G.R. No. 179708
2025-12-06 13:16:06,879 - INFO -   Title: People of the Philippines vs. Rogelio Aleta, Mario Aleta and...
2025-12-06 13:16:07,127 - INFO -   ✓ Saved: RESTRUCTURED_DB/2009/apr/179708.json
2025-12-06 13:16:07,627 - INFO - 
[445/1500] Processing G.R. No. 179799
2025-12-06 13:16:07,627 - INFO -   Title: Zenaida R. Gregorio vs. Court of Appeals, et al....
2025-12-06 13:16:08,090 - INFO -   ✓ Saved: RESTRUCTURED_DB/2009/sep/179799.json
2025-12-06 13:16:08,590 - INFO - 
[446/1500] Processing G.R. No. 179807
2025-12-06 13:16:08,590 - INFO -   Title: Ramy Gallego vs. Bayer Philippines, Inc., et al....
2025-12-06 13:16:09,054 - INFO -   ✓ Saved: RESTRUCTURED_DB/2009/jul/179807.json
2025-12-06 13:16:09,554 - INFO - 
[447/1500] Processing G.R. No. 179830
2025-12-06 13:16:09,554 - INFO -   Title: Lintang Bedol vs. Commssion on Elections...
2025-12-06 13:16:10,018 - INFO -   ✓ Saved: RESTRUCTURED_DB/2009/dec/179830.json
2025-12-06 13:16:10,518 - INFO - 
[448/1500] Processing G.R. No. 179862
2025-12-06 13:16:10,518 - INFO -   Title: Land Bank of the Philippines vs. Heirs of Asuncion Anonuevo ...
2025-12-06 13:16:10,766 - INFO -   ✓ Saved: RESTRUCTURED_DB/2009/sep/179862.json
2025-12-06 13:16:11,266 - INFO - 
[449/1500] Processing G.R. No. 179892
2025-12-06 13:16:11,266 - INFO -   Title: Atty. Victoriano V. Orocio vs. Edmund P. Anguluan, et al....
2025-12-06 13:16:11,732 - INFO -   ✓ Saved: RESTRUCTURED_DB/2009/jan/179892.json
2025-12-06 13:16:12,233 - INFO - 
[450/1500] Processing G.R. No. 179905
2025-12-06 13:16:12,233 - INFO -   Title: Republic of the Philippines vs. Neptuna G. Javier...
2025-12-06 13:16:12,481 - INFO -   ✓ Saved: RESTRUCTURED_DB/2009/aug/179905.json
2025-12-06 13:16:12,982 - INFO - 
[451/1500] Processing G.R. No. 179933
2025-12-06 13:16:12,982 - INFO -   Title: People of the Philippines vs. Joseph Fabito...
2025-12-06 13:16:13,448 - INFO -   ✓ Saved: RESTRUCTURED_DB/2009/apr/179933.json
2025-12-06 13:16:13,949 - INFO - 
[452/1500] Processing G.R. No. 179934
2025-12-06 13:16:13,949 - INFO -   Title: People of the Philippines vs. Erlinda Abordo and Vina Cabanl...
2025-12-06 13:16:14,413 - INFO -   ✓ Saved: RESTRUCTURED_DB/2009/may/179934.json
2025-12-06 13:16:14,913 - INFO - 
[453/1500] Processing G.R. No. 179937
2025-12-06 13:16:14,914 - INFO -   Title: The People of the Philippines vs. Gerald Librea y Camitan...
2025-12-06 13:16:15,161 - INFO -   ✓ Saved: RESTRUCTURED_DB/2009/jul/179937.json
2025-12-06 13:16:15,661 - INFO - 
[454/1500] Processing G.R. No. 179941
2025-12-06 13:16:15,661 - INFO -   Title: People of the Philippines vs. Lito Macabare y Lopez...
2025-12-06 13:16:16,124 - INFO -   ✓ Saved: RESTRUCTURED_DB/2009/aug/179941.json
2025-12-06 13:16:16,624 - INFO - 
[455/1500] Processing G.R. No. 179943
2025-12-06 13:16:16,624 - INFO -   Title: People of the Philippines vs. Marlon Albert De Leon y Homo...
2025-12-06 13:16:17,091 - INFO -   ✓ Saved: RESTRUCTURED_DB/2009/jun/179943.json
2025-12-06 13:16:17,591 - INFO - 
[456/1500] Processing G.R. No. 179944
2025-12-06 13:16:17,592 - INFO -   Title: People of the Philippines vs. Antonio Ortiz, et al....
2025-12-06 13:16:17,840 - INFO -   ✓ Saved: RESTRUCTURED_DB/2009/sep/179944.json
2025-12-06 13:16:18,340 - INFO - 
[457/1500] Processing G.R. No. 179946
2025-12-06 13:16:18,340 - INFO -   Title: The People of the Philippines vs. Quirino Cabral y Valencia...
2025-12-06 13:16:18,587 - INFO -   ✓ Saved: RESTRUCTURED_DB/2009/dec/179946.json
2025-12-06 13:16:19,087 - INFO - 
[458/1500] Processing G.R. No. 179952
2025-12-06 13:16:19,087 - INFO -   Title: Metropolitan Bank and Trust Company, etc. vs. BA Finance Cor...
2025-12-06 13:16:19,552 - INFO -   ✓ Saved: RESTRUCTURED_DB/2009/dec/179952.json
2025-12-06 13:16:20,053 - INFO - 
[459/1500] Processing G.R. No. 179955
2025-12-06 13:16:20,053 - INFO -   Title: Jose Sy Bang (Deceased), et al. vs. Rosario Sy (Deceased), e...
2025-12-06 13:16:20,518 - INFO -   ✓ Saved: RESTRUCTURED_DB/2009/apr/179955.json
2025-12-06 13:16:21,018 - INFO - 
[460/1500] Processing G.R. No. 179987
2025-12-06 13:16:21,018 - INFO -   Title: Heirs of Mario Malabanan vs. Republic of the Philippines...
2025-12-06 13:16:21,709 - INFO -   ✓ Saved: RESTRUCTURED_DB/2009/apr/179987.json
2025-12-06 13:16:22,209 - INFO - 
[461/1500] Processing G.R. No. 180043
2025-12-06 13:16:22,209 - INFO -   Title: Commissioner of Internal Revenue vs. Philippine Airline, Inc...
2025-12-06 13:16:22,457 - INFO -   ✓ Saved: RESTRUCTURED_DB/2009/jul/180043.json
2025-12-06 13:16:22,957 - INFO - 
[462/1500] Processing G.R. No. 180046
2025-12-06 13:16:22,957 - INFO -   Title: Review Center Associations of the Philippines vs. Executive ...
2025-12-06 13:16:23,425 - INFO -   ✓ Saved: RESTRUCTURED_DB/2009/apr/180046.json
2025-12-06 13:16:23,925 - INFO - 
[463/1500] Processing G.R. No. 180048
2025-12-06 13:16:23,925 - INFO -   Title: Roseller De Guzman vs. Commission on Elections, et al....
2025-12-06 13:16:24,173 - INFO -   ✓ Saved: RESTRUCTURED_DB/2009/jun/180048.json
2025-12-06 13:16:24,673 - INFO - 
[464/1500] Processing G.R. No. 180055
2025-12-06 13:16:24,673 - INFO -   Title: Franklin M. Drilon, et al. vs. Hon. Jose de Venecia, Jr., et...
2025-12-06 13:16:25,137 - INFO -   ✓ Saved: RESTRUCTURED_DB/2009/jul/180055.json
2025-12-06 13:16:25,637 - INFO - 
[465/1500] Processing G.R. No. 180066
2025-12-06 13:16:25,638 - INFO -   Title: Commissioner of Internal Revenue vs. Philippine Airlines, In...
2025-12-06 13:16:26,104 - INFO -   ✓ Saved: RESTRUCTURED_DB/2009/jan/180066.json
2025-12-06 13:16:26,604 - INFO - 
[466/1500] Processing G.R. No. 180067
2025-12-06 13:16:26,604 - INFO -   Title: Republic of the Philippines vs. Iglesia ni Cristo, Trustee a...
2025-12-06 13:16:26,853 - INFO -   ✓ Saved: RESTRUCTURED_DB/2009/jun/180067.json
2025-12-06 13:16:27,353 - INFO - 
[467/1500] Processing G.R. No. 180165
2025-12-06 13:16:27,353 - INFO -   Title: Metropolitan Bank & Trust Company vs. Hon. Sec of Justice Ra...
2025-12-06 13:16:27,816 - INFO -   ✓ Saved: RESTRUCTURED_DB/2009/apr/180165.json
2025-12-06 13:16:28,317 - INFO - 
[468/1500] Processing G.R. No. 180197
2025-12-06 13:16:28,317 - INFO -   Title: Francisco N. Villanueva vs. Virgilio P. Balaquer, et al....
2025-12-06 13:16:28,566 - INFO -   ✓ Saved: RESTRUCTURED_DB/2009/jun/180197.json
2025-12-06 13:16:29,066 - INFO - 
[469/1500] Processing G.R. No. 180209
2025-12-06 13:16:29,066 - INFO -   Title: Premier Shipping LInes, Inc. vs. National Power Corporation...
2025-12-06 13:16:30,040 - WARNING -   ✗ Could not fetch case from any URL
2025-12-06 13:16:30,040 - INFO - 
[470/1500] Processing G.R. No. 180218
2025-12-06 13:16:30,040 - INFO -   Title: Republic of the Philippines vs. Development Resources Corpor...
2025-12-06 13:16:30,286 - INFO -   ✓ Saved: RESTRUCTURED_DB/2009/dec/180218.json
2025-12-06 13:16:30,787 - INFO - 
[471/1500] Processing G.R. No. 180274
2025-12-06 13:16:30,787 - INFO -   Title: Virgilio C. Crystal and Glynna F. Cystal vs. Bank of the Phi...
2025-12-06 13:16:31,262 - INFO -   ✓ Saved: RESTRUCTURED_DB/2009/sep/180274.json
2025-12-06 13:16:31,762 - INFO - 
[472/1500] Processing G.R. No. 180314
2025-12-06 13:16:31,762 - INFO -   Title: Normallah A. Pacasum vs. People of the Philippines...
2025-12-06 13:16:32,445 - INFO -   ✓ Saved: RESTRUCTURED_DB/2009/apr/180314.json
2025-12-06 13:16:32,945 - INFO - 
[473/1500] Processing G.R. No. 180357
2025-12-06 13:16:32,945 - INFO -   Title: Pioneer Insurance and Surety Corporation vs. Heirs of Vicent...
2025-12-06 13:16:33,192 - INFO -   ✓ Saved: RESTRUCTURED_DB/2009/aug/180357.json
2025-12-06 13:16:33,693 - INFO - 
[474/1500] Processing G.R. No. 180363
2025-12-06 13:16:33,693 - INFO -   Title: Edgar Y. Teves vs. the Commission on Elections and Herminio ...
2025-12-06 13:16:34,376 - INFO -   ✓ Saved: RESTRUCTURED_DB/2009/apr/180363.json
2025-12-06 13:16:34,876 - INFO - 
[475/1500] Processing G.R. No. 180380
2025-12-06 13:16:34,877 - INFO -   Title: Raymund Madali and Rodel Madali vs. People of the Philippine...
2025-12-06 13:16:35,126 - INFO -   ✓ Saved: RESTRUCTURED_DB/2009/aug/180380.json
2025-12-06 13:16:35,626 - INFO - 
[476/1500] Processing G.R. No. 180439
2025-12-06 13:16:35,626 - INFO -   Title: Resort Hotels Corporation, Rodolfo M. Cuenca Insvestment Cor...
2025-12-06 13:16:35,874 - INFO -   ✓ Saved: RESTRUCTURED_DB/2009/dec/180439.json
2025-12-06 13:16:36,374 - INFO - 
[477/1500] Processing G.R. No. 180453
2025-12-06 13:16:36,375 - INFO -   Title: Republic of the Philippines vs. Dante C. Abril, represented ...
2025-12-06 13:16:36,622 - INFO -   ✓ Saved: RESTRUCTURED_DB/2009/sep/180453.json
2025-12-06 13:16:37,122 - INFO - 
[478/1500] Processing G.R. No. 180458
2025-12-06 13:16:37,122 - INFO -   Title: Development Bank of the Philippines vs. Family Foods Manufac...
2025-12-06 13:16:37,585 - INFO -   ✓ Saved: RESTRUCTURED_DB/2009/jul/180458.json
2025-12-06 13:16:38,086 - INFO - 
[479/1500] Processing G.R. No. 180465
2025-12-06 13:16:38,086 - INFO -   Title: Eric Dela Cruz and Paul M. Lacuata vs. Coca-Cola Bottlers Ph...
2025-12-06 13:16:38,335 - INFO -   ✓ Saved: RESTRUCTURED_DB/2009/jul/180465.json
2025-12-06 13:16:38,835 - INFO - 
[480/1500] Processing G.R. No. 180478
2025-12-06 13:16:38,835 - INFO -   Title: The Heritage Hotel of Manila vs. National Labor Relations Co...
2025-12-06 13:16:39,082 - INFO -   ✓ Saved: RESTRUCTURED_DB/2009/sep/180478.json
2025-12-06 13:16:39,582 - INFO - 
[481/1500] Processing G.R. No. 180508
2025-12-06 13:16:39,582 - INFO -   Title: People of the Philippines vs. Antonio vs. Antonio Ramos y Vi...
2025-12-06 13:16:40,045 - INFO -   ✓ Saved: RESTRUCTURED_DB/2009/sep/180508.json
2025-12-06 13:16:40,546 - INFO - 
[482/1500] Processing G.R. No. 180528
2025-12-06 13:16:40,546 - INFO -   Title: Civil Service Commission vs. Nelia O. Tahanlangit...
2025-12-06 13:16:41,008 - INFO -   ✓ Saved: RESTRUCTURED_DB/2009/jul/180528.json
2025-12-06 13:16:41,508 - INFO - 
[483/1500] Processing G.R. No. 180568
2025-12-06 13:16:41,508 - INFO -   Title: Lydia Montebon a.k.a. Jingle Montebon vs. the Honorable Cour...
2025-12-06 13:16:41,755 - INFO -   ✓ Saved: RESTRUCTURED_DB/2009/jul/180568.json
2025-12-06 13:16:42,255 - INFO - 
[484/1500] Processing G.R. No. 180594
2025-12-06 13:16:42,255 - INFO -   Title: People of the Philippines vs. Ismael Mokammad, et al....
2025-12-06 13:16:42,731 - INFO -   ✓ Saved: RESTRUCTURED_DB/2009/aug/180594.json
2025-12-06 13:16:43,231 - INFO - 
[485/1500] Processing G.R. No. 180640
2025-12-06 13:16:43,231 - INFO -   Title: Hutama-RSEA joint Operations, Inc. vs. Citra Metro Manila To...
2025-12-06 13:16:43,695 - INFO -   ✓ Saved: RESTRUCTURED_DB/2009/apr/180640.json
2025-12-06 13:16:44,195 - INFO - 
[486/1500] Processing G.R. No. 180668
2025-12-06 13:16:44,196 - INFO -   Title: Marietta C. Azcueta vs. Republic of the Philippines and the ...
2025-12-06 13:16:44,660 - INFO -   ✓ Saved: RESTRUCTURED_DB/2009/may/180668.json
2025-12-06 13:16:45,161 - INFO - 
[487/1500] Processing G.R. No. 180674
2025-12-06 13:16:45,161 - INFO -   Title: Citinickel Mines and Development Corporation vs. Hon. Judge ...
2025-12-06 13:16:46,135 - WARNING -   ✗ Could not fetch case from any URL
2025-12-06 13:16:46,135 - INFO - 
[488/1500] Processing G.R. No. 180675
2025-12-06 13:16:46,135 - INFO -   Title: Virgilio Bote vs. San Pedro Cineplex Properties Corporation...
2025-12-06 13:16:46,380 - INFO -   ✓ Saved: RESTRUCTURED_DB/2009/jul/180675.json
2025-12-06 13:16:46,881 - INFO - 
[489/1500] Processing G.R. No. 180693
2025-12-06 13:16:46,881 - INFO -   Title: Bonifacio Dolera y Tejada vs. People of the Philippines...
2025-12-06 13:16:47,345 - INFO -   ✓ Saved: RESTRUCTURED_DB/2009/sep/180693.json
2025-12-06 13:16:47,845 - INFO - 
[490/1500] Processing G.R. No. 180755
2025-12-06 13:16:47,845 - INFO -   Title: Pedriatica, Inc. vs. Joselito T. Rafaeles...
2025-12-06 13:16:48,092 - INFO -   ✓ Saved: RESTRUCTURED_DB/2009/jun/180755.json
2025-12-06 13:16:48,592 - INFO - 
[491/1500] Processing G.R. No. 180817
2025-12-06 13:16:48,593 - INFO -   Title: Multi-Trans Agency Phils., Inc. vs. Oriental Assurance Corpo...
2025-12-06 13:16:49,058 - INFO -   ✓ Saved: RESTRUCTURED_DB/2009/jun/180817.json
2025-12-06 13:16:49,558 - INFO - 
[492/1500] Processing G.R. No. 180824
2025-12-06 13:16:49,558 - INFO -   Title: Urban Consolidated Constructors Philippines, Inc. vs. the In...
2025-12-06 13:16:49,806 - INFO -   ✓ Saved: RESTRUCTURED_DB/2009/aug/180824.json
2025-12-06 13:16:50,306 - INFO - 
[493/1500] Processing G.R. No. 180863
2025-12-06 13:16:50,306 - INFO -   Title: Angelita Valdez vs. Republic of the Philippines...
2025-12-06 13:16:50,553 - INFO -   ✓ Saved: RESTRUCTURED_DB/2009/sep/180863.json
2025-12-06 13:16:51,054 - INFO - 
[494/1500] Processing G.R. No. 180888
2025-12-06 13:16:51,054 - INFO -   Title: Rolando Placido and Edgardo Caragay vs. National Labor Relat...
2025-12-06 13:16:51,301 - INFO -   ✓ Saved: RESTRUCTURED_DB/2009/sep/180888.json
2025-12-06 13:16:51,801 - INFO - 
[495/1500] Processing G.R. No. 180892
2025-12-06 13:16:51,801 - INFO -   Title: UST Faculty Union vs. University of Sto. Tomas, Rev. Fr. Rol...
2025-12-06 13:16:52,265 - INFO -   ✓ Saved: RESTRUCTURED_DB/2009/apr/180892.json
2025-12-06 13:16:52,765 - INFO - 
[496/1500] Processing G.R. No. 180893
2025-12-06 13:16:52,765 - INFO -   Title: Pacific Wide Realty and Development Corporation vs. Puerto A...
2025-12-06 13:16:53,740 - WARNING -   ✗ Could not fetch case from any URL
2025-12-06 13:16:53,741 - INFO - 
[497/1500] Processing G.R. No. 180896
2025-12-06 13:16:53,741 - INFO -   Title: Pioneer Insurance and Surety Corporation vs. Keppel Cebu Shi...
2025-12-06 13:16:54,716 - WARNING -   ✗ Could not fetch case from any URL
2025-12-06 13:16:54,716 - INFO - 
[498/1500] Processing G.R. No. 180921
2025-12-06 13:16:54,716 - INFO -   Title: People of the Philippines vs. Bernardo Rimando, Jr. y Basili...
2025-12-06 13:16:54,964 - INFO -   ✓ Saved: RESTRUCTURED_DB/2009/aug/180921.json
2025-12-06 13:16:55,464 - INFO - 
[499/1500] Processing G.R. No. 180923
2025-12-06 13:16:55,464 - INFO -   Title: The People of the Philippines vs. Solomon Dioneda y Dela Cru...
2025-12-06 13:16:55,711 - INFO -   ✓ Saved: RESTRUCTURED_DB/2009/apr/133814.json
2025-12-06 13:16:56,211 - INFO - 
[500/1500] Processing G.R. No. 180941
2025-12-06 13:16:56,212 - INFO -   Title: Chairman Percival C. Chavez, Chair and Chief Executive Offic...
2025-12-06 13:16:56,675 - INFO -   ✓ Saved: RESTRUCTURED_DB/2009/jun/180941.json
2025-12-06 13:16:57,175 - INFO - 
[501/1500] Processing G.R. No. 180988
2025-12-06 13:16:57,175 - INFO -   Title: Julie's Franchise Corporation, et al. vs. Hon. Chandler O. R...
2025-12-06 13:16:57,637 - INFO -   ✓ Saved: RESTRUCTURED_DB/2009/aug/180988.json
2025-12-06 13:16:58,138 - INFO - 
[502/1500] Processing G.R. No. 181081
2025-12-06 13:16:58,138 - INFO -   Title: People of the Philippines vs. Roldan Arcosiba alias "Entoy"...
2025-12-06 13:16:58,603 - INFO -   ✓ Saved: RESTRUCTURED_DB/2009/sep/181081.json
2025-12-06 13:16:59,103 - INFO - 
[503/1500] Processing G.R. No. 181084
2025-12-06 13:16:59,103 - INFO -   Title: People of the Philippines vs. Bartolome Tampus and Ida Monre...
2025-12-06 13:16:59,571 - INFO -   ✓ Saved: RESTRUCTURED_DB/2009/jun/181084.json
2025-12-06 13:17:00,072 - INFO - 
[504/1500] Processing G.R. No. 181132
2025-12-06 13:17:00,072 - INFO -   Title: Heirs of Loreto C. Maramag, etc. vs. Eva Verna De Guzman Mar...
2025-12-06 13:17:00,319 - INFO -   ✓ Saved: RESTRUCTURED_DB/2009/jun/181132.json
2025-12-06 13:17:00,819 - INFO - 
[505/1500] Processing G.R. No. 181141
2025-12-06 13:17:00,819 - INFO -   Title: Platinum Group Metals Corporation vs. Citinickel Mines and D...
2025-12-06 13:17:01,796 - WARNING -   ✗ Could not fetch case from any URL
2025-12-06 13:17:01,796 - INFO - 
[506/1500] Processing G.R. No. 181141
2025-12-06 13:17:01,796 - INFO -   Title: Platinum Group of Metals vs. Citinickel Mines and Developmen...
2025-12-06 13:17:03,446 - WARNING -   ✗ Could not fetch case from any URL
2025-12-06 13:17:03,446 - INFO - 
[507/1500] Processing G.R. No. 181174
2025-12-06 13:17:03,447 - INFO -   Title: Ma. Cristina Torres Braza, et al. vs. the City Registrar of ...
2025-12-06 13:17:03,900 - INFO -   ✓ Saved: RESTRUCTURED_DB/2009/dec/181174.json
2025-12-06 13:17:04,400 - INFO - 
[508/1500] Processing G.R. No. 181235
2025-12-06 13:17:04,400 - INFO -   Title: Banco De Oro-EPCI, Inc. vs. John Tansipek...
2025-12-06 13:17:04,855 - INFO -   ✓ Saved: RESTRUCTURED_DB/2009/jul/181235.json
2025-12-06 13:17:05,355 - INFO - 
[509/1500] Processing G.R. No. 181295
2025-12-06 13:17:05,355 - INFO -   Title: Harlin Castillo Abayon vs. Commission on Elections, et al....
2025-12-06 13:17:06,027 - INFO -   ✓ Saved: RESTRUCTURED_DB/2009/apr/181295.json
2025-12-06 13:17:06,527 - INFO - 
[510/1500] Processing G.R. No. 181300
2025-12-06 13:17:06,527 - INFO -   Title: Malayan Insurance Co., Inc. vs. Jardine Davies Transport Ser...
2025-12-06 13:17:06,773 - INFO -   ✓ Saved: RESTRUCTURED_DB/2009/sep/181300.json
2025-12-06 13:17:07,274 - INFO - 
[511/1500] Processing G.R. No. 181303
2025-12-06 13:17:07,274 - INFO -   Title: Carmen Danao Malana, et al. vs. Benigno Tappa, et al....
2025-12-06 13:17:07,518 - INFO -   ✓ Saved: RESTRUCTURED_DB/2009/sep/181303.json
2025-12-06 13:17:08,018 - INFO - 
[512/1500] Processing G.R. No. 181318
2025-12-06 13:17:08,018 - INFO -   Title: People of the Philippines vs. German Agojo y Luna...
2025-12-06 13:17:08,483 - INFO -   ✓ Saved: RESTRUCTURED_DB/2009/apr/181318.json
2025-12-06 13:17:08,983 - INFO - 
[513/1500] Processing G.R. No. 181377
2025-12-06 13:17:08,983 - INFO -   Title: Rodante Marcoleta, et al. vs. Commission on Elections, et al...
2025-12-06 13:17:09,228 - INFO -   ✓ Saved: RESTRUCTURED_DB/2009/apr/181377.json
2025-12-06 13:17:09,728 - INFO - 
[514/1500] Processing G.R. No. 181393
2025-12-06 13:17:09,728 - INFO -   Title: Grandteq Industrial Steel Products, Inc. and Abelardo M. Gon...
2025-12-06 13:17:10,185 - INFO -   ✓ Saved: RESTRUCTURED_DB/2009/jul/181393.json
2025-12-06 13:17:10,685 - INFO - 
[515/1500] Processing G.R. No. 181415
2025-12-06 13:17:10,685 - INFO -   Title: Finvest Securities, Co., Inc. vs. Trans-Phil Marine Ent., In...
2025-12-06 13:17:11,645 - WARNING -   ✗ Could not fetch case from any URL
2025-12-06 13:17:11,645 - INFO - 
[516/1500] Processing G.R. No. 181455
2025-12-06 13:17:11,645 - INFO -   Title: Santiago Cua, Jr., et al. vs. Miguel Ocampo Tan, et al....
2025-12-06 13:17:12,323 - INFO -   ✓ Saved: RESTRUCTURED_DB/2009/dec/181455.json
2025-12-06 13:17:12,823 - INFO - 
[517/1500] Processing G.R. No. 181475
2025-12-06 13:17:12,823 - INFO -   Title: People of the Philippines vs. Larry "Lauro" Domingo y Cruz...
2025-12-06 13:17:13,072 - INFO -   ✓ Saved: RESTRUCTURED_DB/2009/apr/181475.json
2025-12-06 13:17:13,572 - INFO - 
[518/1500] Processing G.R. No. 181478
2025-12-06 13:17:13,572 - INFO -   Title: Eddie T. Panlilio vs. Commission on Elections and Lilia G. P...
2025-12-06 13:17:13,816 - INFO -   ✓ Saved: RESTRUCTURED_DB/2009/jul/181478.json
2025-12-06 13:17:14,317 - INFO - 
[519/1500] Processing G.R. No. 181503
2025-12-06 13:17:14,317 - INFO -   Title: Bio Quest Marketing Inc. and/or Jose L. Co vs. Edmund Rey...
2025-12-06 13:17:14,560 - INFO -   ✓ Saved: RESTRUCTURED_DB/2009/sep/181503.json
2025-12-06 13:17:15,060 - INFO - 
[520/1500] Processing G.R. No. 181516
2025-12-06 13:17:15,060 - INFO -   Title: Cesario L. Del Rosario vs. Philippine Journalists, Inc....
2025-12-06 13:17:15,304 - INFO -   ✓ Saved: RESTRUCTURED_DB/2009/aug/181516.json
2025-12-06 13:17:15,804 - INFO - 
[521/1500] Processing G.R. No. 181531
2025-12-06 13:17:15,805 - INFO -   Title: National Union of Workers in Hotels Restaurant and Allied In...
2025-12-06 13:17:16,263 - INFO -   ✓ Saved: RESTRUCTURED_DB/2009/jul/181531.json
2025-12-06 13:17:16,763 - INFO - 
[522/1500] Processing G.R. No. 181556
2025-12-06 13:17:16,763 - INFO -   Title: In Re: Petition for Assistance in the Liquidation of Interci...
2025-12-06 13:17:17,006 - INFO -   ✓ Saved: RESTRUCTURED_DB/2009/dec/181556.json
2025-12-06 13:17:17,507 - INFO - 
[523/1500] Processing G.R. No. 181571
2025-12-06 13:17:17,507 - INFO -   Title: Juno Batistis vs. People of the Philippines...
2025-12-06 13:17:17,962 - INFO -   ✓ Saved: RESTRUCTURED_DB/2009/dec/181571.json
2025-12-06 13:17:18,462 - INFO - 
[524/1500] Processing G.R. No. 181613
2025-12-06 13:17:18,463 - INFO -   Title: Rosalinda A. Penera vs. Commission on Elections...
2025-12-06 13:17:19,133 - INFO -   ✓ Saved: RESTRUCTURED_DB/2009/nov/181613.json
2025-12-06 13:17:19,633 - INFO - 
[525/1500] Processing G.R. No. 181613
2025-12-06 13:17:19,634 - INFO -   Title: Rosalinda A. Penera vs. Commission on Elections and Edgar T....
2025-12-06 13:17:20,096 - INFO -   ✓ Saved: RESTRUCTURED_DB/2009/sep/181613.json
2025-12-06 13:17:20,596 - INFO - 
[526/1500] Processing G.R. No. 181629
2025-12-06 13:17:20,596 - INFO -   Title: People of the Philippines vs. Elizardo Cabiles alias "SARDO"...
2025-12-06 13:17:20,840 - INFO -   ✓ Saved: RESTRUCTURED_DB/2009/sep/181629.json
2025-12-06 13:17:21,340 - INFO - 
[527/1500] Processing G.R. No. 181675
2025-12-06 13:17:21,340 - INFO -   Title: Spouses Eduardo Tnakiang and Mayda Tankiang vs. Metropolitan...
2025-12-06 13:17:21,584 - INFO -   ✓ Saved: RESTRUCTURED_DB/2009/jun/181675.json
2025-12-06 13:17:22,085 - INFO - 
[528/1500] Processing G.R. No. 181688
2025-12-06 13:17:22,085 - INFO -   Title: Daikoku Electronics Phils., Inc. vs. Alberto J. Raza...
2025-12-06 13:17:22,329 - INFO -   ✓ Saved: RESTRUCTURED_DB/2009/jun/181688.json
2025-12-06 13:17:22,829 - INFO - 
[529/1500] Processing G.R. No. 181726
2025-12-06 13:17:22,829 - INFO -   Title: Alagad Party-list represented by Diogenes S. Osabel, Preside...
2025-12-06 13:17:23,789 - WARNING -   ✗ Could not fetch case from any URL
2025-12-06 13:17:23,789 - INFO - 
[530/1500] Processing G.R. No. 181845
2025-12-06 13:17:23,789 - INFO -   Title: The City of Manila, Liberty M. Toledo in her capacity as the...
2025-12-06 13:17:24,245 - INFO -   ✓ Saved: RESTRUCTURED_DB/2009/aug/181845.json
2025-12-06 13:17:24,746 - INFO - 
[531/1500] Processing G.R. No. 181972
2025-12-06 13:17:24,746 - INFO -   Title: Philippine Hoteliers, Inc./Dusit Hotel Nikko-Manila vs. Nati...
2025-12-06 13:17:25,202 - INFO -   ✓ Saved: RESTRUCTURED_DB/2009/aug/181972.json
2025-12-06 13:17:25,703 - INFO - 
[532/1500] Processing G.R. No. 182001
2025-12-06 13:17:25,703 - INFO -   Title: Ofelia Caunan vs. People of the Philippines, et al....
2025-12-06 13:17:26,660 - WARNING -   ✗ Could not fetch case from any URL
2025-12-06 13:17:26,660 - INFO - 
[533/1500] Processing G.R. No. 182008
2025-12-06 13:17:26,661 - INFO -   Title: Santiago Cua, Sr., et al. vs. Court of Appeals, et al....
2025-12-06 13:17:27,618 - WARNING -   ✗ Could not fetch case from any URL
2025-12-06 13:17:27,618 - INFO - 
[534/1500] Processing G.R. No. 182013
2025-12-06 13:17:27,618 - INFO -   Title: Quasha Ancheta Peña & Nolasco Law Office and Legeng Internat...
2025-12-06 13:17:28,073 - INFO -   ✓ Saved: RESTRUCTURED_DB/2009/dec/182013.json
2025-12-06 13:17:28,574 - INFO - 
[535/1500] Processing G.R. No. 182020
2025-12-06 13:17:28,574 - INFO -   Title: Joey P. Marquez vs. the Sandiganbayan Fourt Division, et al....
2025-12-06 13:17:29,535 - WARNING -   ✗ Could not fetch case from any URL
2025-12-06 13:17:29,536 - INFO - 
[536/1500] Processing G.R. No. 182185
2025-12-06 13:17:29,536 - INFO -   Title: Joaquin Ga, Jr., et al. vs. Spouses Antonio Tabungan, et al....
2025-12-06 13:17:29,778 - INFO -   ✓ Saved: RESTRUCTURED_DB/2009/sep/182185.json
2025-12-06 13:17:30,278 - INFO - 
[537/1500] Processing G.R. No. 182191
2025-12-06 13:17:30,278 - INFO -   Title: The People of the Philippines vs. Lorenzo Layco, Sr....
2025-12-06 13:17:30,521 - INFO -   ✓ Saved: RESTRUCTURED_DB/2009/may/182191.json
2025-12-06 13:17:31,021 - INFO - 
[538/1500] Processing G.R. No. 182216
2025-12-06 13:17:31,021 - INFO -   Title: Plantation Bay Resort & Spa and Efren Belarmino vs. Romel S....
2025-12-06 13:17:31,266 - INFO -   ✓ Saved: RESTRUCTURED_DB/2009/dec/182216.json
2025-12-06 13:17:31,766 - INFO - 
[539/1500] Processing G.R. No. 182231
2025-12-06 13:17:31,766 - INFO -   Title: People of the Philippines vs. Eddie Gum-Oyen y Sacpa...
2025-12-06 13:17:32,222 - INFO -   ✓ Saved: RESTRUCTURED_DB/2009/apr/182231.json
2025-12-06 13:17:32,722 - INFO - 
[540/1500] Processing G.R. No. 182267
2025-12-06 13:17:32,722 - INFO -   Title: Pagayanan R. Hadji-Sirad vs. Civil Service Commission...
2025-12-06 13:17:33,182 - INFO -   ✓ Saved: RESTRUCTURED_DB/2009/aug/182267.json
2025-12-06 13:17:33,682 - INFO - 
[541/1500] Processing G.R. No. 182296
2025-12-06 13:17:33,682 - INFO -   Title: Susan Sales y Jimena vs. People of the Philippines....
2025-12-06 13:17:33,927 - INFO -   ✓ Saved: RESTRUCTURED_DB/2009/apr/182296.json
2025-12-06 13:17:34,427 - INFO - 
[542/1500] Processing G.R. No. 182310
2025-12-06 13:17:34,427 - INFO -   Title: People of the Philippines vs. Jan Michael Tan and Archie Tan...
2025-12-06 13:17:34,671 - INFO -   ✓ Saved: RESTRUCTURED_DB/2009/dec/182310.json
2025-12-06 13:17:35,171 - INFO - 
[543/1500] Processing G.R. No. 182311
2025-12-06 13:17:35,171 - INFO -   Title: Fidel O. Chua and Filiden Realty and Development Corporation...
2025-12-06 13:17:35,627 - INFO -   ✓ Saved: RESTRUCTURED_DB/2009/aug/182311.json
2025-12-06 13:17:36,128 - INFO - 
[544/1500] Processing G.R. No. 182320
2025-12-06 13:17:36,128 - INFO -   Title: Tacloban Far East Marketing Corporation, et al. vs. the Cour...
2025-12-06 13:17:36,384 - INFO -   ✓ Saved: RESTRUCTURED_DB/2009/sep/182320.json
2025-12-06 13:17:36,884 - INFO - 
[545/1500] Processing G.R. No. 182336
2025-12-06 13:17:36,884 - INFO -   Title: Elvira O. Ong vs. Jose Casim Genio...
2025-12-06 13:17:37,127 - INFO -   ✓ Saved: RESTRUCTURED_DB/2009/dec/182336.json
2025-12-06 13:17:37,627 - INFO - 
[546/1500] Processing G.R. No. 182380
2025-12-06 13:17:37,627 - INFO -   Title: Robert P. Guzman vs. Commission on Elections, Mayor Randolph...
2025-12-06 13:17:38,083 - INFO -   ✓ Saved: RESTRUCTURED_DB/2009/aug/182380.json
2025-12-06 13:17:38,584 - INFO - 
[547/1500] Processing G.R. No. 182418
2025-12-06 13:17:38,584 - INFO -   Title: The People of the Philippines vs. Edwin Partoza y Evora...
2025-12-06 13:17:39,039 - INFO -   ✓ Saved: RESTRUCTURED_DB/2009/may/182418.json
2025-12-06 13:17:39,539 - INFO - 
[548/1500] Processing G.R. No. 182420
2025-12-06 13:17:39,539 - INFO -   Title: People of the Philippines vs. Elsie Barba...
2025-12-06 13:17:39,994 - INFO -   ✓ Saved: RESTRUCTURED_DB/2009/jul/182420.json
2025-12-06 13:17:40,494 - INFO - 
[549/1500] Processing G.R. No. 182430
2025-12-06 13:17:40,495 - INFO -   Title: Leopoldo Abante vs. KJGS Fleet Management Manila and/or Gur ...
2025-12-06 13:17:40,739 - INFO -   ✓ Saved: RESTRUCTURED_DB/2009/dec/182430.json
2025-12-06 13:17:41,239 - INFO - 
[550/1500] Processing G.R. No. 182485
2025-12-06 13:17:41,239 - INFO -   Title: Sps. Henry O and Pacita Cheng vs. Sps. Jose Javier and Claud...
2025-12-06 13:17:41,695 - INFO -   ✓ Saved: RESTRUCTURED_DB/2009/jul/182485.json
2025-12-06 13:17:42,196 - INFO - 
[551/1500] Processing G.R. No. 182528
2025-12-06 13:17:42,196 - INFO -   Title: People of the Philippines vs. Marian Coroche y Caber...
2025-12-06 13:17:42,652 - INFO -   ✓ Saved: RESTRUCTURED_DB/2009/aug/182528.json
2025-12-06 13:17:43,152 - INFO - 
[552/1500] Processing G.R. No. 182567
2025-12-06 13:17:43,152 - INFO -   Title: Guillermo M. Telmo vs. Luciano M. Bustamante...
2025-12-06 13:17:43,607 - INFO -   ✓ Saved: RESTRUCTURED_DB/2009/jul/182567.json
2025-12-06 13:17:44,107 - INFO - 
[553/1500] Processing G.R. No. 182585
2025-12-06 13:17:44,107 - INFO -   Title: Josephine Marmo, et al. vs. Moises O. Anacay...
2025-12-06 13:17:44,563 - INFO -   ✓ Saved: RESTRUCTURED_DB/2009/nov/182585.json
2025-12-06 13:17:45,063 - INFO - 
[554/1500] Processing G.R. No. 182623
2025-12-06 13:17:45,064 - INFO -   Title: Dionisio M. Musnit vs. Sea Star Shipping Corporation and Sea...
2025-12-06 13:17:45,307 - INFO -   ✓ Saved: RESTRUCTURED_DB/2009/dec/182623.json
2025-12-06 13:17:45,808 - INFO - 
[555/1500] Processing G.R. No. 182626
2025-12-06 13:17:45,808 - INFO -   Title: Hilario S. Ramirez vs. Hon. Court of Appeals, et al....
2025-12-06 13:17:46,264 - INFO -   ✓ Saved: RESTRUCTURED_DB/2009/dec/182626.json
2025-12-06 13:17:46,764 - INFO - 
[556/1500] Processing G.R. No. 182687
2025-12-06 13:17:46,764 - INFO -   Title: People of the Philippines vs. Warlito Martinez...
2025-12-06 13:17:47,007 - INFO -   ✓ Saved: RESTRUCTURED_DB/2009/jul/182687.json
2025-12-06 13:17:47,508 - INFO - 
[557/1500] Processing G.R. No. 182735
2025-12-06 13:17:47,508 - INFO -   Title: Sps. Rogelio Marcelo & Milagros vs. Philippine Commercial In...
2025-12-06 13:17:47,966 - INFO -   ✓ Saved: RESTRUCTURED_DB/2009/dec/182735.json
2025-12-06 13:17:48,467 - INFO - 
[558/1500] Processing G.R. No. 182790
2025-12-06 13:17:48,467 - INFO -   Title: People of the Philippines vs. Cesar Cantalejo y Manlangit...
2025-12-06 13:17:48,711 - INFO -   ✓ Saved: RESTRUCTURED_DB/2009/apr/182790.json
2025-12-06 13:17:49,212 - INFO - 
[559/1500] Processing G.R. No. 182792
2025-12-06 13:17:49,212 - INFO -   Title: People of the Philippines vs. Pepito Neverio...
2025-12-06 13:17:49,456 - INFO -   ✓ Saved: RESTRUCTURED_DB/2009/aug/182792.json
2025-12-06 13:17:49,956 - INFO - 
[560/1500] Processing G.R. No. 182941
2025-12-06 13:17:49,956 - INFO -   Title: Roberto Sierra y Caneda vs. People of the Philippines...
2025-12-06 13:17:50,414 - INFO -   ✓ Saved: RESTRUCTURED_DB/2009/jul/182941.json
2025-12-06 13:17:50,914 - INFO - 
[561/1500] Processing G.R. No. 182978
2025-12-06 13:17:50,914 - INFO -   Title: Becmen Services Exporter and Promotion, Inc. vs. Sps. Simpli...
2025-12-06 13:17:51,370 - INFO -   ✓ Saved: RESTRUCTURED_DB/2009/apr/154185.json
2025-12-06 13:17:51,871 - INFO - 
[562/1500] Processing G.R. No. 183055
2025-12-06 13:17:51,871 - INFO -   Title: Sen. Ma. Ana Consuelo A.S. Madrigal vs. Sen. Manuel Villar, ...
2025-12-06 13:17:52,830 - WARNING -   ✗ Could not fetch case from any URL
2025-12-06 13:17:52,830 - INFO - 
[563/1500] Processing G.R. No. 183059
2025-12-06 13:17:52,830 - INFO -   Title: Ely Quilatan & Rosvida Quilatan-Elias vs. Heirs of Lorenzo Q...
2025-12-06 13:17:53,074 - INFO -   ✓ Saved: RESTRUCTURED_DB/2009/aug/183059.json
2025-12-06 13:17:53,574 - INFO - 
[564/1500] Processing G.R. No. 183105
2025-12-06 13:17:53,574 - INFO -   Title: Erna Casals, et al. vs. Tayud Golf and Country Club, et al.....
2025-12-06 13:17:54,246 - INFO -   ✓ Saved: RESTRUCTURED_DB/2009/jul/183105.json
2025-12-06 13:17:54,746 - INFO - 
[565/1500] Processing G.R. No. 183141
2025-12-06 13:17:54,746 - INFO -   Title: Edgardo H. Catindig vs. People of the Philippines, et al....
2025-12-06 13:17:55,202 - INFO -   ✓ Saved: RESTRUCTURED_DB/2009/sep/183141.json
2025-12-06 13:17:55,702 - INFO - 
[566/1500] Processing G.R. No. 183142
2025-12-06 13:17:55,702 - INFO -   Title: Rosita A. Montanez vs. Provincial Agrarian Reform Adjudicato...
2025-12-06 13:17:55,948 - INFO -   ✓ Saved: RESTRUCTURED_DB/2009/sep/183142.json
2025-12-06 13:17:56,448 - INFO - 
[567/1500] Processing G.R. No. 183196
2025-12-06 13:17:56,448 - INFO -   Title: Chona Estacio and Leopoldo Manliclic vs. Pampanga I, Electri...
2025-12-06 13:17:56,907 - INFO -   ✓ Saved: RESTRUCTURED_DB/2009/aug/183196.json
2025-12-06 13:17:57,407 - INFO - 
[568/1500] Processing G.R. No. 183198
2025-12-06 13:17:57,407 - INFO -   Title: Luz Palanca Tan vs. Jam Transit, Inc....
2025-12-06 13:17:57,657 - INFO -   ✓ Saved: RESTRUCTURED_DB/2009/nov/183198.json
2025-12-06 13:17:58,157 - INFO - 
[569/1500] Processing G.R. No. 183211
2025-12-06 13:17:58,157 - INFO -   Title: Philippine National Bank vs. Gotesco Tyan Ming Development, ...
2025-12-06 13:17:58,401 - INFO -   ✓ Saved: RESTRUCTURED_DB/2009/jun/183211.json
2025-12-06 13:17:58,902 - INFO - 
[570/1500] Processing G.R. No. 183232
2025-12-06 13:17:58,902 - INFO -   Title: Gilbert Dela Paz vs. Marikina Footwear Development Cooperati...
2025-12-06 13:17:59,145 - INFO -   ✓ Saved: RESTRUCTURED_DB/2009/apr/183232.json
2025-12-06 13:17:59,645 - INFO - 
[571/1500] Processing G.R. No. 183233
2025-12-06 13:17:59,645 - INFO -   Title: Virgilio G. Anabe vs. Asian Construction (ASIAKONSTRUKT), et...
2025-12-06 13:18:00,100 - INFO -   ✓ Saved: RESTRUCTURED_DB/2009/dec/183233.json
2025-12-06 13:18:00,600 - INFO - 
[572/1500] Processing G.R. No. 183278
2025-12-06 13:18:00,600 - INFO -   Title: Imelda O. Cojuangco, Prime Holdings, Inc., and the Estate of...
2025-12-06 13:18:01,056 - INFO -   ✓ Saved: RESTRUCTURED_DB/2009/apr/183278.json
2025-12-06 13:18:01,556 - INFO - 
[573/1500] Processing G.R. No. 183297
2025-12-06 13:18:01,556 - INFO -   Title: National Power Corporation vs. Hon. Amer Ibrahim, etc., et a...
2025-12-06 13:18:02,012 - INFO -   ✓ Saved: RESTRUCTURED_DB/2009/dec/183297.json
2025-12-06 13:18:02,512 - INFO - 
[574/1500] Processing G.R. No. 183317
2025-12-06 13:18:02,512 - INFO -   Title: Mariwasa Siam Ceramics, Inc. vs. the Secretary of the Depart...
2025-12-06 13:18:02,757 - INFO -   ✓ Saved: RESTRUCTURED_DB/2009/dec/183317.json
2025-12-06 13:18:03,257 - INFO - 
[575/1500] Processing G.R. No. 183329
2025-12-06 13:18:03,257 - INFO -   Title: Rufino C. Montoya vs. Transmed Manila CorporationMr. Edilber...
2025-12-06 13:18:03,713 - INFO -   ✓ Saved: RESTRUCTURED_DB/2009/aug/183329.json
2025-12-06 13:18:04,213 - INFO - 
[576/1500] Processing G.R. No. 183335
2025-12-06 13:18:04,213 - INFO -   Title: Juanito Tabigue, et al. vs. International Copra Export Corpo...
2025-12-06 13:18:04,457 - INFO -   ✓ Saved: RESTRUCTURED_DB/2009/dec/18335.json
2025-12-06 13:18:04,957 - INFO - 
[577/1500] Processing G.R. No. 183366
2025-12-06 13:18:04,957 - INFO -   Title: Ricardo C. Duco vs. the Hon. Commission on Elections, First ...
2025-12-06 13:18:05,413 - INFO -   ✓ Saved: RESTRUCTURED_DB/2009/aug/183366.json
2025-12-06 13:18:05,913 - INFO - 
[578/1500] Processing G.R. No. 183387
2025-12-06 13:18:05,913 - INFO -   Title: Simeon M. Valdez vs. Financiera Manila Inc....
2025-12-06 13:18:06,371 - INFO -   ✓ Saved: RESTRUCTURED_DB/2009/sep/183387.json
2025-12-06 13:18:06,871 - INFO - 
[579/1500] Processing G.R. No. 183457
2025-12-06 13:18:06,871 - INFO -   Title: People of the Philippines vs. Roel Arbalate, et al....
2025-12-06 13:18:07,329 - INFO -   ✓ Saved: RESTRUCTURED_DB/2009/sep/183457.json
2025-12-06 13:18:07,829 - INFO - 
[580/1500] Processing G.R. No. 183526
2025-12-06 13:18:07,829 - INFO -   Title: Violeta R. Lalican vs. the Insular Life Assurance Company Li...
2025-12-06 13:18:08,286 - INFO -   ✓ Saved: RESTRUCTURED_DB/2009/aug/183526.json
2025-12-06 13:18:08,787 - INFO - 
[581/1500] Processing G.R. No. 183527
2025-12-06 13:18:08,787 - INFO -   Title: Platinum Group Metals Corporation vs. Court of Appeals and P...
2025-12-06 13:18:09,748 - WARNING -   ✗ Could not fetch case from any URL
2025-12-06 13:18:09,748 - INFO - 
[582/1500] Processing G.R. No. 183527
2025-12-06 13:18:09,748 - INFO -   Title: Platinum Group of Metals Corporation vs. Court of Appeals an...
2025-12-06 13:18:11,179 - WARNING -   ✗ Could not fetch case from any URL
2025-12-06 13:18:11,179 - INFO - 
[583/1500] Processing G.R. No. 183546
2025-12-06 13:18:11,179 - INFO -   Title: Wilson A. Go vs. Harry A. Go...
2025-12-06 13:18:11,854 - INFO -   ✓ Saved: RESTRUCTURED_DB/2009/sep/183546.json
2025-12-06 13:18:12,354 - INFO - 
[584/1500] Processing G.R. No. 183565
2025-12-06 13:18:12,354 - INFO -   Title: People of the Philippines vs. Eduardo Aboganda...
2025-12-06 13:18:12,602 - INFO -   ✓ Saved: RESTRUCTURED_DB/2009/apr/183565.json
2025-12-06 13:18:13,103 - INFO - 
[585/1500] Processing G.R. No. 183566
2025-12-06 13:18:13,103 - INFO -   Title: People of the Philippines vs. Bonifacio Badriago...
2025-12-06 13:18:13,564 - INFO -   ✓ Saved: RESTRUCTURED_DB/2009/may/183566.json
2025-12-06 13:18:14,064 - INFO - 
[586/1500] Processing G.R. No. 183656
2025-12-06 13:18:14,064 - INFO -   Title: Gilbert Zalameda vs. People of the Philippines...
2025-12-06 13:18:14,529 - INFO -   ✓ Saved: RESTRUCTURED_DB/2009/sep/183656.json
2025-12-06 13:18:15,029 - INFO - 
[587/1500] Processing G.R. No. 183753
2025-12-06 13:18:15,029 - INFO -   Title: Archinet International, Inc., et al. vs. Becco Philippines, ...
2025-12-06 13:18:15,492 - INFO -   ✓ Saved: RESTRUCTURED_DB/2009/jun/183753.json
2025-12-06 13:18:15,992 - INFO - 
[588/1500] Processing G.R. No. 183802
2025-12-06 13:18:15,993 - INFO -   Title: Alexander Tam Wong vs. Catherine Factor-Koyoma...
2025-12-06 13:18:16,241 - INFO -   ✓ Saved: RESTRUCTURED_DB/2009/sep/183802.json
2025-12-06 13:18:16,741 - INFO - 
[589/1500] Processing G.R. No. 183819
2025-12-06 13:18:16,742 - INFO -   Title: People of the Philippines vs. Arsenio Cortez y Macalindong a...
2025-12-06 13:18:17,214 - INFO -   ✓ Saved: RESTRUCTURED_DB/2009/jul/183819.json
2025-12-06 13:18:17,714 - INFO - 
[590/1500] Processing G.R. No. 183905
2025-12-06 13:18:17,714 - INFO -   Title: Government Service Insurance System vs. the Hon. Court of Ap...
2025-12-06 13:18:18,181 - INFO -   ✓ Saved: RESTRUCTURED_DB/2009/apr/183905.json
2025-12-06 13:18:18,681 - INFO - 
[591/1500] Processing G.R. No. 183965
2025-12-06 13:18:18,682 - INFO -   Title: Joanie Surposa Uy vs. Jose Ngo Chua...
2025-12-06 13:18:18,929 - INFO -   ✓ Saved: RESTRUCTURED_DB/2009/sep/183965.json
2025-12-06 13:18:19,429 - INFO - 
[592/1500] Processing G.R. No. 184005
2025-12-06 13:18:19,429 - INFO -   Title: Top Art Shirt Manufacturing Inc., Maximo Arejola and Tan Shu...
2025-12-06 13:18:19,890 - INFO -   ✓ Saved: RESTRUCTURED_DB/2009/aug/184005.json
2025-12-06 13:18:20,391 - INFO - 
[593/1500] Processing G.R. No. 184037
2025-12-06 13:18:20,391 - INFO -   Title: Antonio Lopez y Dela Cruz vs. People of the Philippines...
2025-12-06 13:18:20,642 - INFO -   ✓ Saved: RESTRUCTURED_DB/2009/sep/184037.json
2025-12-06 13:18:21,142 - INFO - 
[594/1500] Processing G.R. No. 184050
2025-12-06 13:18:21,142 - INFO -   Title: People of the Philippines vs. Bienvenido Mara y Bolaqueña al...
2025-12-06 13:18:21,389 - INFO -   ✓ Saved: RESTRUCTURED_DB/2009/may/184050.json
2025-12-06 13:18:21,889 - INFO - 
[595/1500] Processing G.R. No. 184081
2025-12-06 13:18:21,889 - INFO -   Title: Global Holiday Ownership Corporation vs. Metropolitan Bank &...
2025-12-06 13:18:22,351 - INFO -   ✓ Saved: RESTRUCTURED_DB/2009/jun/184081.json
2025-12-06 13:18:22,851 - INFO - 
[596/1500] Processing G.R. No. 184172
2025-12-06 13:18:22,851 - INFO -   Title: People of the Philippines vs. Luis Antonio Garchitorena...
2025-12-06 13:18:23,097 - INFO -   ✓ Saved: RESTRUCTURED_DB/2009/may/184172.json
2025-12-06 13:18:23,597 - INFO - 
[597/1500] Processing G.R. No. 184174
2025-12-06 13:18:23,597 - INFO -   Title: People of the Philippines vs. Reynaldo Capalad...
2025-12-06 13:18:24,057 - INFO -   ✓ Saved: RESTRUCTURED_DB/2009/apr/184174.json
2025-12-06 13:18:24,557 - INFO - 
[598/1500] Processing G.R. No. 184225
2025-12-06 13:18:24,557 - INFO -   Title: Spouses Rogelio F. Lopez and Teotima G. Lopez vs. Samuel R. ...
2025-12-06 13:18:24,803 - INFO -   ✓ Saved: RESTRUCTURED_DB/2009/sep/184225.json
2025-12-06 13:18:25,303 - INFO - 
[599/1500] Processing G.R. No. 184252
2025-12-06 13:18:25,303 - INFO -   Title: China Banking Corporation vs. Sps. Wenceslao & Marcelina Mar...
2025-12-06 13:18:25,763 - INFO -   ✓ Saved: RESTRUCTURED_DB/2009/sep/184252.json
2025-12-06 13:18:26,264 - INFO - 
[600/1500] Processing G.R. No. 184275
2025-12-06 13:18:26,264 - INFO -   Title: Security Exchange Commission, et al. vs. Anthony Rosete, et ...
2025-12-06 13:18:27,231 - WARNING -   ✗ Could not fetch case from any URL
2025-12-06 13:18:27,231 - INFO - 
[601/1500] Processing G.R. No. 184285
2025-12-06 13:18:27,231 - INFO -   Title: Rodolfo "Rudy" Canlas, et al. vs. Iluminada Tubil...
2025-12-06 13:18:27,691 - INFO -   ✓ Saved: RESTRUCTURED_DB/2009/sep/184285.json
2025-12-06 13:18:28,191 - INFO - 
[602/1500] Processing G.R. No. 184315
2025-12-06 13:18:28,191 - INFO -   Title: Alfonso T. Yuchenco vs. the Manila Chronicle Publishing corp...
2025-12-06 13:18:28,656 - INFO -   ✓ Saved: RESTRUCTURED_DB/2009/nov/184315.json
2025-12-06 13:18:29,156 - INFO - 
[603/1500] Processing G.R. No. 184337
2025-12-06 13:18:29,156 - INFO -   Title: Heirs of Federico C. Delgado and Annalisa Pesico vs. Luisito...
2025-12-06 13:18:29,621 - INFO -   ✓ Saved: RESTRUCTURED_DB/2009/aug/184337.json
2025-12-06 13:18:30,121 - INFO - 
[604/1500] Processing G.R. No. 184586
2025-12-06 13:18:30,121 - INFO -   Title: Rafael Flauta, Jr., et al. vs. Commission on Elections, et a...
2025-12-06 13:18:30,369 - INFO -   ✓ Saved: RESTRUCTURED_DB/2009/jul/184586.json
2025-12-06 13:18:30,869 - INFO - 
[605/1500] Processing G.R. No. 184598
2025-12-06 13:18:30,869 - INFO -   Title: People of the Philippines vs. Julio Manalili...
2025-12-06 13:18:31,330 - INFO -   ✓ Saved: RESTRUCTURED_DB/2009/jun/184598.json
2025-12-06 13:18:31,830 - INFO - 
[606/1500] Processing G.R. No. 184704
2025-12-06 13:18:31,830 - INFO -   Title: People of the Philippines vs. Leodegario Bascuguin y Agquiz...
2025-12-06 13:18:32,077 - INFO -   ✓ Saved: RESTRUCTURED_DB/2009/jun/184704.json
2025-12-06 13:18:32,577 - INFO - 
[607/1500] Processing G.R. No. 184735
2025-12-06 13:18:32,577 - INFO -   Title: Miriam B. Elleccion vda. De Lecciones vs. National Labor Rel...
2025-12-06 13:18:32,823 - INFO -   ✓ Saved: RESTRUCTURED_DB/2009/sep/184735.json
2025-12-06 13:18:33,323 - INFO - 
[608/1500] Processing G.R. No. 184756
2025-12-06 13:18:33,323 - INFO -   Title: People of the Philippines vs. Joven Jumawid...
2025-12-06 13:18:33,783 - INFO -   ✓ Saved: RESTRUCTURED_DB/2009/jun/184756.json
2025-12-06 13:18:34,283 - INFO - 
[609/1500] Processing G.R. No. 184791
2025-12-06 13:18:34,283 - INFO -   Title: People of the Philippines vs. Pedro Nogpo, Jr. a.k.a. "TANDO...
2025-12-06 13:18:34,745 - INFO -   ✓ Saved: RESTRUCTURED_DB/2009/apr/184791.json
2025-12-06 13:18:35,246 - INFO - 
[610/1500] Processing G.R. No. 184801
2025-12-06 13:18:35,246 - INFO -   Title: Jonas Taguiam vs. Commission on Election, et al....
2025-12-06 13:18:35,495 - INFO -   ✓ Saved: RESTRUCTURED_DB/2009/jul/184801.json
2025-12-06 13:18:35,995 - INFO - 
[611/1500] Processing G.R. No. 184804
2025-12-06 13:18:35,995 - INFO -   Title: People of the Philippines vs. Rashamia Hernandez y Santos an...
2025-12-06 13:18:36,462 - INFO -   ✓ Saved: RESTRUCTURED_DB/2009/jun/184804.json
2025-12-06 13:18:36,962 - INFO - 
[612/1500] Processing G.R. No. 184836
2025-12-06 13:18:36,962 - INFO -   Title: Simon B. Aldovino, Jr., Danilo B. Faller and Ferdinand N. Ta...
2025-12-06 13:18:37,425 - INFO -   ✓ Saved: RESTRUCTURED_DB/2009/dec/184836.json
2025-12-06 13:18:37,925 - INFO - 
[613/1500] Processing G.R. No. 184861
2025-12-06 13:18:37,925 - INFO -   Title: Dreamwork Construction, Inc. vs. Cleofe S. Janiola and Hon. ...
2025-12-06 13:18:38,184 - INFO -   ✓ Saved: RESTRUCTURED_DB/2009/jun/184861.json
2025-12-06 13:18:38,684 - INFO - 
[614/1500] Processing G.R. No. 184905
2025-12-06 13:18:38,684 - INFO -   Title: Lambert S. Ramos vs. C.O.L. Realty Corporation...
2025-12-06 13:18:38,931 - INFO -   ✓ Saved: RESTRUCTURED_DB/2009/aug/184905.json
2025-12-06 13:18:39,431 - INFO - 
[615/1500] Processing G.R. No. 184915
2025-12-06 13:18:39,431 - INFO -   Title: Nilo T. Pates vs. Commission on Elections and Emelita B. Alm...
2025-12-06 13:18:39,677 - INFO -   ✓ Saved: RESTRUCTURED_DB/2009/jun/184915.json
2025-12-06 13:18:40,177 - INFO - 
[616/1500] Processing G.R. No. 184935
2025-12-06 13:18:40,177 - INFO -   Title: Desederio O. Monrea vs. Commission on Elections and Felipe M...
2025-12-06 13:18:40,421 - INFO -   ✓ Saved: RESTRUCTURED_DB/2009/dec/184935.json
2025-12-06 13:18:40,922 - INFO - 
[617/1500] Processing G.R. No. 184948
2025-12-06 13:18:40,922 - INFO -   Title: Cong. Glenn A. Chong, Mr. Charles Chong, and Mr. Romeo Arrib...
2025-12-06 13:18:41,166 - INFO -   ✓ Saved: RESTRUCTURED_DB/2009/jul/184948.json
2025-12-06 13:18:41,667 - INFO - 
[618/1500] Processing G.R. No. 184977
2025-12-06 13:18:41,667 - INFO -   Title: Coca Cola Bottlers Philippines, Inc. vs. Ricky E. Dela Cruz,...
2025-12-06 13:18:42,128 - INFO -   ✓ Saved: RESTRUCTURED_DB/2009/dec/184977.json
2025-12-06 13:18:42,628 - INFO - 
[619/1500] Processing G.R. No. 185004
2025-12-06 13:18:42,629 - INFO -   Title: People of the Philippines vs. Armando Ferasol...
2025-12-06 13:18:42,875 - INFO -   ✓ Saved: RESTRUCTURED_DB/2009/aug/185004.json
2025-12-06 13:18:43,375 - INFO - 
[620/1500] Processing G.R. No. 185011
2025-12-06 13:18:43,375 - INFO -   Title: People of the Philippines vs. SP03 Sangki Ara y Mirasol, et ...
2025-12-06 13:18:43,837 - INFO -   ✓ Saved: RESTRUCTURED_DB/2009/dec/185011.json
2025-12-06 13:18:44,338 - INFO - 
[621/1500] Processing G.R. No. 185035
2025-12-06 13:18:44,338 - INFO -   Title: Government Service Insurance System vs. Salvador A. De Castr...
2025-12-06 13:18:44,799 - INFO -   ✓ Saved: RESTRUCTURED_DB/2009/jul/185035.json
2025-12-06 13:18:45,299 - INFO - 
[622/1500] Processing G.R. No. 185063
2025-12-06 13:18:45,299 - INFO -   Title: Sps. Lita De Leon, et al. vs. Anita B. De Leon, et al....
2025-12-06 13:18:45,760 - INFO -   ✓ Saved: RESTRUCTURED_DB/2009/jul/185063.json
2025-12-06 13:18:46,260 - INFO - 
[623/1500] Processing G.R. No. 185095
2025-12-06 13:18:46,260 - INFO -   Title: Maria Susan L. Rañola, et al. vs. Spouses Fernando & Ma. Con...
2025-12-06 13:18:46,505 - INFO -   ✓ Saved: RESTRUCTURED_DB/2009/jul/185095.json
2025-12-06 13:18:47,005 - INFO - 
[624/1500] Processing G.R. No. 185132
2025-12-06 13:18:47,005 - INFO -   Title: Gov. Enrique T. Garcia, Jr., et al. vs. Court of Appeals, et...
2025-12-06 13:18:47,467 - INFO -   ✓ Saved: RESTRUCTURED_DB/2009/apr/185132.json
2025-12-06 13:18:47,967 - INFO - 
[625/1500] Processing G.R. No. 185140
2025-12-06 13:18:47,967 - INFO -   Title: Jerry B. Aguilar vs. the Commission on Elections and Romulo ...
2025-12-06 13:18:48,429 - INFO -   ✓ Saved: RESTRUCTURED_DB/2009/jun/185140.json
2025-12-06 13:18:48,929 - INFO - 
[626/1500] Processing G.R. No. 185162
2025-12-06 13:18:48,929 - INFO -   Title: People of the Philippines vs. Rolly Gidoc @ Bayeng...
2025-12-06 13:18:49,176 - INFO -   ✓ Saved: RESTRUCTURED_DB/2009/apr/185162.json
2025-12-06 13:18:49,676 - INFO - 
[627/1500] Processing G.R. No. 185164
2025-12-06 13:18:49,676 - INFO -   Title: People of the Philippines vs. Frederick Richie Teodoro y Del...
2025-12-06 13:18:50,138 - INFO -   ✓ Saved: RESTRUCTURED_DB/2009/jun/185164.json
2025-12-06 13:18:50,638 - INFO - 
[628/1500] Processing G.R. No. 185203
2025-12-06 13:18:50,638 - INFO -   Title: People of the Philippines vs. Domingo Araojo...
2025-12-06 13:18:51,100 - INFO -   ✓ Saved: RESTRUCTURED_DB/2009/sep/185203.json
2025-12-06 13:18:51,600 - INFO - 
[629/1500] Processing G.R. No. 185220
2025-12-06 13:18:51,600 - INFO -   Title: Laguna Metts Corporation vs. Court of Appeals, Aries C. Caal...
2025-12-06 13:18:51,846 - INFO -   ✓ Saved: RESTRUCTURED_DB/2009/jul/185220.json
2025-12-06 13:18:52,346 - INFO - 
[630/1500] Processing G.R. No. 185284
2025-12-06 13:18:52,347 - INFO -   Title: People of the Philippines vs. Jason Sy...
2025-12-06 13:18:52,807 - INFO -   ✓ Saved: RESTRUCTURED_DB/2009/jun/185284.json
2025-12-06 13:18:53,308 - INFO - 
[631/1500] Processing G.R. No. 185379
2025-12-06 13:18:53,308 - INFO -   Title: People of the Philippines vs. Zenaida Quebral y Mateo, et al...
2025-12-06 13:18:53,769 - INFO -   ✓ Saved: RESTRUCTURED_DB/2009/nov/185379.json
2025-12-06 13:18:54,269 - INFO - 
[632/1500] Processing G.R. No. 185380
2025-12-06 13:18:54,269 - INFO -   Title: People of the Philippines vs. Rogelio Marcos...
2025-12-06 13:18:54,730 - INFO -   ✓ Saved: RESTRUCTURED_DB/2009/jun/185380.json
2025-12-06 13:18:55,230 - INFO - 
[633/1500] Processing G.R. No. 185381
2025-12-06 13:18:55,230 - INFO -   Title: People of the Philippines vs. Danilo Cruz y Culala...
2025-12-06 13:18:55,692 - INFO -   ✓ Saved: RESTRUCTURED_DB/2009/dec/185381.json
2025-12-06 13:18:56,192 - INFO - 
[634/1500] Processing G.R. No. 185389
2025-12-06 13:18:56,192 - INFO -   Title: People of the Philippines vs. Benjie Resurrection...
2025-12-06 13:18:56,439 - INFO -   ✓ Saved: RESTRUCTURED_DB/2009/jul/185389.json
2025-12-06 13:18:56,939 - INFO - 
[635/1500] Processing G.R. No. 185396
2025-12-06 13:18:56,939 - INFO -   Title: Rufina Fajardo, et al. vs. Alberto Comandante, et al....
2025-12-06 13:18:57,185 - INFO -   ✓ Saved: RESTRUCTURED_DB/2009/nov/185396.json
2025-12-06 13:18:57,685 - INFO - 
[636/1500] Processing G.R. No. 185401
2025-12-06 13:18:57,685 - INFO -   Title: Henry "June" Dueñas, Jr. vs. House of Representatives Electo...
2025-12-06 13:18:58,368 - INFO -   ✓ Saved: RESTRUCTURED_DB/2009/jul/185401.json
2025-12-06 13:18:58,868 - INFO - 
[637/1500] Processing G.R. No. 185477
2025-12-06 13:18:58,868 - INFO -   Title: Herminio M. Gutierrez, et al. vs. Flora Mendoza-Plaza, et al...
2025-12-06 13:18:59,121 - INFO -   ✓ Saved: RESTRUCTURED_DB/2009/dec/185477.json
2025-12-06 13:18:59,621 - INFO - 
[638/1500] Processing G.R. No. 185711
2025-12-06 13:18:59,621 - INFO -   Title: People of the Philippines vs. Reynaldo Sanz Laboa...
2025-12-06 13:18:59,868 - INFO -   ✓ Saved: RESTRUCTURED_DB/2009/aug/185711.json
2025-12-06 13:19:00,368 - INFO - 
[639/1500] Processing G.R. No. 185712
2025-12-06 13:19:00,368 - INFO -   Title: People of the Philippines vs. Lilio U. Achas...
2025-12-06 13:19:00,615 - INFO -   ✓ Saved: RESTRUCTURED_DB/2009/aug/185712.json
2025-12-06 13:19:01,115 - INFO - 
[640/1500] Processing G.R. No. 185724
2025-12-06 13:19:01,115 - INFO -   Title: People of the Philippines vs. Jessie Malate y Canete...
2025-12-06 13:19:01,362 - INFO -   ✓ Saved: RESTRUCTURED_DB/2009/jun/185724.json
2025-12-06 13:19:01,862 - INFO - 
[641/1500] Processing G.R. No. 185749
2025-12-06 13:19:01,862 - INFO -   Title: Civil Service Commission vs. Herminigildo L. Andal...
2025-12-06 13:19:02,108 - INFO -   ✓ Saved: RESTRUCTURED_DB/2009/dec/185749.json
2025-12-06 13:19:02,609 - INFO - 
[642/1500] Processing G.R. No. 185860
2025-12-06 13:19:02,609 - INFO -   Title: Antonio and Rodolfo Duran vs. People of the Philippines...
2025-12-06 13:19:02,855 - INFO -   ✓ Saved: RESTRUCTURED_DB/2009/jun/185860.json
2025-12-06 13:19:03,355 - INFO - 
[643/1500] Processing G.R. No. 185933
2025-12-06 13:19:03,355 - INFO -   Title: St. Luke's Medical Center, Incorporated vs. Jennifer Lynne C...
2025-12-06 13:19:03,816 - INFO -   ✓ Saved: RESTRUCTURED_DB/2009/nov/185933.json
2025-12-06 13:19:04,317 - INFO - 
[644/1500] Processing G.R. No. 186016
2025-12-06 13:19:04,317 - INFO -   Title: Salvador Divinagracia, Jr. vs. Commission on Elections and A...
2025-12-06 13:19:05,287 - WARNING -   ✗ Could not fetch case from any URL
2025-12-06 13:19:05,287 - INFO - 
[645/1500] Processing G.R. No. 186080
2025-12-06 13:19:05,287 - INFO -   Title: Julius Amanquiton vs. People of the Philippines...
2025-12-06 13:19:05,746 - INFO -   ✓ Saved: RESTRUCTURED_DB/2009/aug/186080.json
2025-12-06 13:19:06,246 - INFO - 
[646/1500] Processing G.R. No. 186129
2025-12-06 13:19:06,246 - INFO -   Title: People of the Philippines vs. Jesus Paragas Cruz...
2025-12-06 13:19:06,706 - INFO -   ✓ Saved: RESTRUCTURED_DB/2009/aug/186129.json
2025-12-06 13:19:07,206 - INFO - 
[647/1500] Processing G.R. No. 186138
2025-12-06 13:19:07,206 - INFO -   Title: People of the Philippines vs. Loreto Daria y Cruz...
2025-12-06 13:19:07,888 - INFO -   ✓ Saved: RESTRUCTURED_DB/2009/sep/186138.json
2025-12-06 13:19:08,388 - INFO - 
[648/1500] Processing G.R. No. 186224
2025-12-06 13:19:08,388 - INFO -   Title: Constancio D. Pacanan, Jr. vs. Commission on Elections and F...
2025-12-06 13:19:08,852 - INFO -   ✓ Saved: RESTRUCTURED_DB/2009/aug/186224.json
2025-12-06 13:19:09,352 - INFO - 
[649/1500] Processing G.R. No. 186234
2025-12-06 13:19:09,352 - INFO -   Title: People of the Philippines vs. Felix Palgan...
2025-12-06 13:19:09,597 - INFO -   ✓ Saved: RESTRUCTURED_DB/2009/dec/186234.json
2025-12-06 13:19:10,097 - INFO - 
[650/1500] Processing G.R. No. 186242
2025-12-06 13:19:10,097 - INFO -   Title: Government Service Insurance System vs. City Treasurer and C...
2025-12-06 13:19:10,559 - INFO -   ✓ Saved: RESTRUCTURED_DB/2009/dec/186242.json
2025-12-06 13:19:11,059 - INFO - 
[651/1500] Processing G.R. No. 186379
2025-12-06 13:19:11,059 - INFO -   Title: People of the Philippines vs. Bienvenido Lazaro @ Bening...
2025-12-06 13:19:11,520 - INFO -   ✓ Saved: RESTRUCTURED_DB/2009/aug/186379.json
2025-12-06 13:19:12,021 - INFO - 
[652/1500] Processing G.R. No. 186381
2025-12-06 13:19:12,021 - INFO -   Title: People of the Philippines vs. Clemencia Arguelles y Talacay...
2025-12-06 13:19:12,266 - INFO -   ✓ Saved: RESTRUCTURED_DB/2009/aug/186381.json
2025-12-06 13:19:12,767 - INFO - 
[653/1500] Processing G.R. No. 186420
2025-12-06 13:19:12,767 - INFO -   Title: People of the Philippines vs. Samuel Anod...
2025-12-06 13:19:13,228 - INFO -   ✓ Saved: RESTRUCTURED_DB/2009/aug/186420.json
2025-12-06 13:19:13,728 - INFO - 
[654/1500] Processing G.R. No. 186493
2025-12-06 13:19:13,728 - INFO -   Title: The People of the Philippines vs. Reynaldo Hernando y Aquino...
2025-12-06 13:19:14,190 - INFO -   ✓ Saved: RESTRUCTURED_DB/2009/nov/186493.json
2025-12-06 13:19:14,690 - INFO - 
[655/1500] Processing G.R. No. 186496
2025-12-06 13:19:14,690 - INFO -   Title: People of the Philippines vs. Dante Gragasin Y Par...
2025-12-06 13:19:15,152 - INFO -   ✓ Saved: RESTRUCTURED_DB/2009/aug/186496.json
2025-12-06 13:19:15,652 - INFO - 
[656/1500] Processing G.R. No. 186497
2025-12-06 13:19:15,652 - INFO -   Title: People of the Philippines vs. Hasanaddin Guira y Bansil...
2025-12-06 13:19:16,115 - INFO -   ✓ Saved: RESTRUCTURED_DB/2009/sep/186497.json
2025-12-06 13:19:16,615 - INFO - 
[657/1500] Processing G.R. No. 186538
2025-12-06 13:19:16,615 - INFO -   Title: People of the Philippines vs. Ausencio Comillo, Jr., et al....
2025-12-06 13:19:17,078 - INFO -   ✓ Saved: RESTRUCTURED_DB/2009/nov/186538.json
2025-12-06 13:19:17,578 - INFO - 
[658/1500] Processing G.R. No. 186616
2025-12-06 13:19:17,578 - INFO -   Title: Commission on Elections vs. Conrado Cruz, et al....
2025-12-06 13:19:18,045 - INFO -   ✓ Saved: RESTRUCTURED_DB/2009/nov/186616.json
2025-12-06 13:19:18,545 - INFO - 
[659/1500] Processing G.R. No. 186965
2025-12-06 13:19:18,545 - INFO -   Title: Temic Automotive Philippines, Inc. vs. Temic Automotive Phil...
2025-12-06 13:19:18,793 - INFO -   ✓ Saved: RESTRUCTURED_DB/2009/dec/186965.json
2025-12-06 13:19:19,293 - INFO - 
[660/1500] Processing G.R. No. 187043
2025-12-06 13:19:19,293 - INFO -   Title: People of the Philippines vs. Lorenzo Oliva y Rosela...
2025-12-06 13:19:19,538 - INFO -   ✓ Saved: RESTRUCTURED_DB/2009/sep/187043.json
2025-12-06 13:19:20,038 - INFO - 
[661/1500] Processing G.R. No. 187152
2025-12-06 13:19:20,039 - INFO -   Title: People of the Philippines vs. Teodulo Villanueva, Jr....
2025-12-06 13:19:20,501 - INFO -   ✓ Saved: RESTRUCTURED_DB/2009/jul/187152.json
2025-12-06 13:19:21,001 - INFO - 
[662/1500] Processing G.R. No. 187156
2025-12-06 13:19:21,001 - INFO -   Title: People of the Philippines vs. Melody Gutierrez y Lauriada...
2025-12-06 13:19:21,247 - INFO -   ✓ Saved: RESTRUCTURED_DB/2009/sep/187156.json
2025-12-06 13:19:21,748 - INFO - 
[663/1500] Processing G.R. No. 187478
2025-12-06 13:19:21,748 - INFO -   Title: Representative Danila Ramon S. Fernandez vs. House of Repres...
2025-12-06 13:19:22,425 - INFO -   ✓ Saved: RESTRUCTURED_DB/2009/dec/187478.json
2025-12-06 13:19:22,926 - INFO - 
[664/1500] Processing G.R. No. 187494
2025-12-06 13:19:22,926 - INFO -   Title: People of the Philippines vs. Elmer Barberos alias "EMIE"...
2025-12-06 13:19:23,173 - INFO -   ✓ Saved: RESTRUCTURED_DB/2009/dec/187494.json
2025-12-06 13:19:23,674 - INFO - 
[665/1500] Processing G.R. No. 187503
2025-12-06 13:19:23,674 - INFO -   Title: People of the Philippines vs. Tecson Lim y Chua and Maximo F...
2025-12-06 13:19:24,137 - INFO -   ✓ Saved: RESTRUCTURED_DB/2009/sep/187503.json
2025-12-06 13:19:24,637 - INFO - 
[666/1500] Processing G.R. No. 187682
2025-12-06 13:19:24,637 - INFO -   Title: People of the Philippines vs. Roman Lacaden y Parinas...
2025-12-06 13:19:25,100 - INFO -   ✓ Saved: RESTRUCTURED_DB/2009/nov/187682.json
2025-12-06 13:19:25,600 - INFO - 
[667/1500] Processing G.R. No. 187838
2025-12-06 13:19:25,600 - INFO -   Title: Adriatico Consortium, Inc. Primary Realty Corp., and Benito ...
2025-12-06 13:19:25,847 - INFO -   ✓ Saved: RESTRUCTURED_DB/2009/dec/187838.json
2025-12-06 13:19:26,348 - INFO - 
[668/1500] Processing G.R. No. 187883
2025-12-06 13:19:26,348 - INFO -   Title: Atty. Oliver O. Lozano and Atty. Evangeline J. Lozano-Endria...
2025-12-06 13:19:26,594 - INFO -   ✓ Saved: RESTRUCTURED_DB/2009/jun/187883.json
2025-12-06 13:19:27,094 - INFO - 
[669/1500] Processing G.R. No. 187956
2025-12-06 13:19:27,094 - INFO -   Title: Ramon P. Torres vs. Commission on Elections and Josephine "J...
2025-12-06 13:19:27,556 - INFO -   ✓ Saved: RESTRUCTURED_DB/2009/nov/187956.json
2025-12-06 13:19:28,056 - INFO - 
[670/1500] Processing G.R. No. 188106
2025-12-06 13:19:28,056 - INFO -   Title: The People of the Philippines vs. Antonio Dalisay y Destresa...
2025-12-06 13:19:28,518 - INFO -   ✓ Saved: RESTRUCTURED_DB/2009/nov/188106.json
2025-12-06 13:19:29,018 - INFO - 
[671/1500] Processing G.R. No. 188240
2025-12-06 13:19:29,018 - INFO -   Title: Michael L. San Miguel vs. Commission on Elections and Christ...
2025-12-06 13:19:29,264 - INFO -   ✓ Saved: RESTRUCTURED_DB/2009/dec/188240.json
2025-12-06 13:19:29,764 - INFO - 
[672/1500] Processing G.R. No. 188456
2025-12-06 13:19:29,764 - INFO -   Title: Harry L. Roque, et al. vs. Commission on Election, et al....
2025-12-06 13:19:30,911 - INFO -   ✓ Saved: RESTRUCTURED_DB/2009/sep/188456.json
2025-12-06 13:19:31,411 - INFO - 
[673/1500] Processing G.R. No. 200972
2025-12-06 13:19:31,411 - INFO -   Title: Philippine National Bank vs. Manuel C. Bulatao...
2025-12-06 13:19:32,382 - WARNING -   ✗ Could not fetch case from any URL
2025-12-06 13:19:32,382 - INFO - 
[674/1500] Processing G.R. No. 200984
2025-12-06 13:19:32,382 - INFO -   Title: Nona S. Ricafort, in her capacity as Chairman of the Board o...
2025-12-06 13:19:33,780 - WARNING -   ✗ Could not fetch case from any URL
2025-12-06 13:19:33,781 - INFO - 
[675/1500] Processing G.R. No. 119857
2025-12-06 13:19:33,781 - INFO -   Title: Golden Apple Realty & Development Corporation and Rosvibon R...
2025-12-06 13:19:34,237 - INFO -   ✓ Saved: RESTRUCTURED_DB/2010/jul/119857.json
2025-12-06 13:19:34,738 - INFO - 
[676/1500] Processing G.R. No. 123294
2025-12-06 13:19:34,738 - INFO -   Title: Philippine Airlines, Inc. vs. National Labor Relations Commi...
2025-12-06 13:19:35,196 - INFO -   ✓ Saved: RESTRUCTURED_DB/2010/oct/123294.json
2025-12-06 13:19:35,696 - INFO - 
[677/1500] Processing G.R. No. 126467
2025-12-06 13:19:35,697 - INFO -   Title: Professional Services, Inc. vs. the Court of Appeals, et al....
2025-12-06 13:19:36,656 - WARNING -   ✗ Could not fetch case from any URL
2025-12-06 13:19:36,656 - INFO - 
[678/1500] Processing G.R. No. 133347
2025-12-06 13:19:36,656 - INFO -   Title: ABS-CBN Broadcasting Corporation, et al. vs. Office of the O...
2025-12-06 13:19:36,898 - INFO -   ✓ Saved: RESTRUCTURED_DB/2010/apr/133347.json
2025-12-06 13:19:37,399 - INFO - 
[679/1500] Processing G.R. No. 134269
2025-12-06 13:19:37,399 - INFO -   Title: The Learning Child, Inc. and Sps. Felipe and Mary Anne Alfon...
2025-12-06 13:19:38,071 - INFO -   ✓ Saved: RESTRUCTURED_DB/2010/jul/134269.json
2025-12-06 13:19:38,571 - INFO - 
[680/1500] Processing G.R. No. 137794
2025-12-06 13:19:38,572 - INFO -   Title: Erlinda Reyes and Rosemarie Matienzo vs. Hon. Judge Belen B....
2025-12-06 13:19:38,818 - INFO -   ✓ Saved: RESTRUCTURED_DB/2010/aug/137794.json
2025-12-06 13:19:39,318 - INFO - 
[681/1500] Processing G.R. No. 138696
2025-12-06 13:19:39,318 - INFO -   Title: Felizardo S. Obando and Juan S. Obando vs. People of the Phi...
2025-12-06 13:19:39,776 - INFO -   ✓ Saved: RESTRUCTURED_DB/2010/jul/138696.json
2025-12-06 13:19:40,276 - INFO - 
[682/1500] Processing G.R. No. 141508
2025-12-06 13:19:40,276 - INFO -   Title: Roberto S. Benedicto, et al. vs. Court of Appeals, et al....
2025-12-06 13:19:40,735 - INFO -   ✓ Saved: RESTRUCTURED_DB/2010/may/141508.json
2025-12-06 13:19:41,235 - INFO - 
[683/1500] Processing G.R. No. 142549
2025-12-06 13:19:41,235 - INFO -   Title: Fidela R. Angeles vs. the Secretary of Justice, et al....
2025-12-06 13:19:41,481 - INFO -   ✓ Saved: RESTRUCTURED_DB/2010/mar/142549.json
2025-12-06 13:19:41,981 - INFO - 
[684/1500] Processing G.R. No. 143511
2025-12-06 13:19:41,981 - INFO -   Title: Philippine Long Distance Telephone Company vs. Joey B. Teves...
2025-12-06 13:19:42,225 - INFO -   ✓ Saved: RESTRUCTURED_DB/2010/nov/143511.json
2025-12-06 13:19:42,725 - INFO - 
[685/1500] Processing G.R. No. 143855
2025-12-06 13:19:42,726 - INFO -   Title: Representatives Gerardo S. Espina, et al. vs. Hon. Ronaldo Z...
2025-12-06 13:19:42,969 - INFO -   ✓ Saved: RESTRUCTURED_DB/2010/sep/143855.json
2025-12-06 13:19:43,469 - INFO - 
[686/1500] Processing G.R. No. 147629
2025-12-06 13:19:43,469 - INFO -   Title: Jaka Investments Corporation vs. Commissioner of Internal Re...
2025-12-06 13:19:43,926 - INFO -   ✓ Saved: RESTRUCTURED_DB/2010/jul/147629.json
2025-12-06 13:19:44,427 - INFO - 
[687/1500] Processing G.R. No. 148225
2025-12-06 13:19:44,427 - INFO -   Title: Carmen Del Prado vs. Spouses Antonio L. Caballero and Leonar...
2025-12-06 13:19:44,671 - INFO -   ✓ Saved: RESTRUCTURED_DB/2010/mar/148225.json
2025-12-06 13:19:45,171 - INFO - 
[688/1500] Processing G.R. No. 148269
2025-12-06 13:19:45,171 - INFO -   Title: Presidential Ad Hoc Fact-Finding Committee on Behest Loans v...
2025-12-06 13:19:45,629 - INFO -   ✓ Saved: RESTRUCTURED_DB/2010/nov/148269.json
2025-12-06 13:19:46,129 - INFO - 
[689/1500] Processing G.R. No. 148306
2025-12-06 13:19:46,129 - INFO -   Title: Teresita De Mesa Reforzado vs. Spouses Nazario C. Lopez and ...
2025-12-06 13:19:46,386 - INFO -   ✓ Saved: RESTRUCTURED_DB/2010/feb/148306.json
2025-12-06 13:19:46,886 - INFO - 
[690/1500] Processing G.R. No. 148892
2025-12-06 13:19:46,886 - INFO -   Title: Land Bank of the Philippines vs. Luz L. Rodriguez...
2025-12-06 13:19:47,132 - INFO -   ✓ Saved: RESTRUCTURED_DB/2010/may/148892.json
2025-12-06 13:19:47,632 - INFO - 
[691/1500] Processing G.R. No. 148974
2025-12-06 13:19:47,632 - INFO -   Title: OMC Carriers, Inc. and Jerry Añalucas y Pitalino vs. Spouses...
2025-12-06 13:19:48,090 - INFO -   ✓ Saved: RESTRUCTURED_DB/2010/jul/148974.json
2025-12-06 13:19:48,591 - INFO - 
[692/1500] Processing G.R. No. 149121
2025-12-06 13:19:48,591 - INFO -   Title: National Housing Authority vs. Augusto Basa, Jr. Luz Basa an...
2025-12-06 13:19:49,051 - INFO -   ✓ Saved: RESTRUCTURED_DB/2010/apr/149121.json
2025-12-06 13:19:49,551 - INFO - 
[693/1500] Processing G.R. No. 149261
2025-12-06 13:19:49,551 - INFO -   Title: Azucena B. Corpuz vs. Roman G. Del Rosario...
2025-12-06 13:19:49,795 - INFO -   ✓ Saved: RESTRUCTURED_DB/2010/dec/149261.json
2025-12-06 13:19:50,295 - INFO - 
[694/1500] Processing G.R. No. 149497
2025-12-06 13:19:50,295 - INFO -   Title: National Electrification Administration vs. Civil Service Co...
2025-12-06 13:19:50,752 - INFO -   ✓ Saved: RESTRUCTURED_DB/2010/jan/149497.json
2025-12-06 13:19:51,252 - INFO - 
[695/1500] Processing G.R. No. 149548
2025-12-06 13:19:51,252 - INFO -   Title: Roxas & Company, Inc., et al. vs. Damayan ng mga Manggagawa ...
2025-12-06 13:19:51,499 - INFO -   ✓ Saved: RESTRUCTURED_DB/2010/dec/149548.json
2025-12-06 13:19:51,999 - INFO - 
[696/1500] Processing G.R. No. 149552
2025-12-06 13:19:51,999 - INFO -   Title: General Milling Corporation vs. Ernesto Casio, et al. and Vi...
2025-12-06 13:19:52,462 - INFO -   ✓ Saved: RESTRUCTURED_DB/2010/mar/149552.json
2025-12-06 13:19:52,962 - INFO - 
[697/1500] Processing G.R. No. 149588
2025-12-06 13:19:52,962 - INFO -   Title: Francisco R. Llamas and Carmelita C. Llamas vs. the Hon. Cou...
2025-12-06 13:19:53,209 - INFO -   ✓ Saved: RESTRUCTURED_DB/2010/aug/149588.json
2025-12-06 13:19:53,709 - INFO - 
[698/1500] Processing G.R. No. 149624
2025-12-06 13:19:53,709 - INFO -   Title: Spouses Conrado Antonio and Avelyn Antonio vs. Julita Sayman...
2025-12-06 13:19:54,170 - INFO -   ✓ Saved: RESTRUCTURED_DB/2010/sep/149624.json
2025-12-06 13:19:54,670 - INFO - 
[699/1500] Processing G.R. No. 150284
2025-12-06 13:19:54,670 - INFO -   Title: Sps. Eliseo Sevilla and Erna Sevilla vs. Hon. Court of Appea...
2025-12-06 13:19:54,916 - INFO -   ✓ Saved: RESTRUCTURED_DB/2010/nov/150284.json
2025-12-06 13:19:55,416 - INFO - 
[700/1500] Processing G.R. No. 150318
2025-12-06 13:19:55,416 - INFO -   Title: Philippine Trust Company (also known as Philtrust Bank) vs. ...
2025-12-06 13:19:55,878 - INFO -   ✓ Saved: RESTRUCTURED_DB/2010/nov/150318.json
2025-12-06 13:19:56,378 - INFO - 
[701/1500] Processing G.R. No. 150666
2025-12-06 13:19:56,379 - INFO -   Title: Luciano Briones and Nelly Briones vs. Jose Macabagdal, Fe D....
2025-12-06 13:19:56,626 - INFO -   ✓ Saved: RESTRUCTURED_DB/2010/aug/150666.json
2025-12-06 13:19:57,126 - INFO - 
[702/1500] Processing G.R. No. 151084
2025-12-06 13:19:57,126 - INFO -   Title: Province of Camarines Sur, represented by Governor Luis R. V...
2025-12-06 13:19:57,372 - INFO -   ✓ Saved: RESTRUCTURED_DB/2010/jul/151084.json
2025-12-06 13:19:57,872 - INFO - 
[703/1500] Processing G.R. No. 151168
2025-12-06 13:19:57,872 - INFO -   Title: Cebu Autometric Motos, Inc. vs. Tirso Uytengsu III...
2025-12-06 13:19:58,334 - INFO -   ✓ Saved: RESTRUCTURED_DB/2010/aug/151168.json
2025-12-06 13:19:58,834 - INFO - 
[704/1500] Processing G.R. No. 151215
2025-12-06 13:19:58,834 - INFO -   Title: PCI Leasing and Finance, Inc. vs. Antonio C. Milan, etc....
2025-12-06 13:19:59,298 - INFO -   ✓ Saved: RESTRUCTURED_DB/2010/apr/151215.json
2025-12-06 13:19:59,799 - INFO - 
[705/1500] Processing G.R. No. 151349
2025-12-06 13:19:59,799 - INFO -   Title: Leandro M. Alcantara vs. the Philippine Commercial and Itern...
2025-12-06 13:20:00,261 - INFO -   ✓ Saved: RESTRUCTURED_DB/2010/oct/151349.json
2025-12-06 13:20:00,761 - INFO - 
[706/1500] Processing G.R. No. 151454
2025-12-06 13:20:00,761 - INFO -   Title: Heirs of Antonio Santos, et al. vs. Heirs of Crispulo Beramo...
2025-12-06 13:20:01,007 - INFO -   ✓ Saved: RESTRUCTURED_DB/2010/aug/151454.json
2025-12-06 13:20:01,507 - INFO - 
[707/1500] Processing G.R. No. 152016
2025-12-06 13:20:01,507 - INFO -   Title: Narciso Tumibay, et al. vs. Sps. Yolanda T. Sora, et al....
2025-12-06 13:20:01,968 - INFO -   ✓ Saved: RESTRUCTURED_DB/2010/apr/152016.json
2025-12-06 13:20:02,469 - INFO - 
[708/1500] Processing G.R. No. 152086
2025-12-06 13:20:02,469 - INFO -   Title: Federico Soriano, et al. vs. Ana Shari B. Bravo, et al....
2025-12-06 13:20:02,932 - INFO -   ✓ Saved: RESTRUCTURED_DB/2010/dec/152086.json
2025-12-06 13:20:03,432 - INFO - 
[709/1500] Processing G.R. No. 152092
2025-12-06 13:20:03,432 - INFO -   Title: Pilipino Telephone Corporation vs. Radiomarine Network, Inc....
2025-12-06 13:20:03,898 - INFO -   ✓ Saved: RESTRUCTURED_DB/2010/aug/152092.json
2025-12-06 13:20:04,398 - INFO - 
[710/1500] Processing G.R. No. 152166
2025-12-06 13:20:04,398 - INFO -   Title: St. Luke's Medical Center, Inc. and Robert Kuan...
2025-12-06 13:20:04,645 - INFO -   ✓ Saved: RESTRUCTURED_DB/2010/oct/152166.json
2025-12-06 13:20:05,145 - INFO - 
[711/1500] Processing G.R. No. 152234
2025-12-06 13:20:05,145 - INFO -   Title: Diversified Security, Inc. vs. Alicia V. Bautista...
2025-12-06 13:20:05,391 - INFO -   ✓ Saved: RESTRUCTURED_DB/2010/apr/152234.json
2025-12-06 13:20:05,891 - INFO - 
[712/1500] Processing G.R. No. 152236
2025-12-06 13:20:05,891 - INFO -   Title: RPRP Ventures Management and Development Corporation vs. Hon...
2025-12-06 13:20:06,352 - INFO -   ✓ Saved: RESTRUCTURED_DB/2010/jul/152236.json
2025-12-06 13:20:06,852 - INFO - 
[713/1500] Processing G.R. No. 152303
2025-12-06 13:20:06,852 - INFO -   Title: University Physicians Services, Inc. vs. Marian Clinics, Inc...
2025-12-06 13:20:07,314 - INFO -   ✓ Saved: RESTRUCTURED_DB/2010/sep/152303.json
2025-12-06 13:20:07,814 - INFO - 
[714/1500] Processing G.R. No. 152364
2025-12-06 13:20:07,814 - INFO -   Title: Alejandra S. Lazaro, et al. vs. Modesta Agustin, et al....
2025-12-06 13:20:08,275 - INFO -   ✓ Saved: RESTRUCTURED_DB/2010/apr/152364.json
2025-12-06 13:20:08,776 - INFO - 
[715/1500] Processing G.R. No. 152423
2025-12-06 13:20:08,776 - INFO -   Title: Spouses Marcos R. Esmaquel and Victoria Sordevilla vs. Maria...
2025-12-06 13:20:09,023 - INFO -   ✓ Saved: RESTRUCTURED_DB/2010/dec/152423.json
2025-12-06 13:20:09,523 - INFO - 
[716/1500] Processing G.R. No. 152866
2025-12-06 13:20:09,523 - INFO -   Title: The Heirs of Romana Saves, namely: Fidela Alamaida, et al. v...
2025-12-06 13:20:09,985 - INFO -   ✓ Saved: RESTRUCTURED_DB/2010/oct/152866.json
2025-12-06 13:20:10,485 - INFO - 
[717/1500] Processing G.R. No. 153142
2025-12-06 13:20:10,485 - INFO -   Title: Catalina Balais-Mabanag, assisted by her husband, Eleuterio ...
2025-12-06 13:20:10,952 - INFO -   ✓ Saved: RESTRUCTURED_DB/2010/mar/153142.json
2025-12-06 13:20:11,452 - INFO - 
[718/1500] Processing G.R. No. 153266
2025-12-06 13:20:11,452 - INFO -   Title: Victoria C. Gutierrez, et al. vs. Department of Budget and M...
2025-12-06 13:20:11,917 - INFO -   ✓ Saved: RESTRUCTURED_DB/2010/mar/153266.json
2025-12-06 13:20:12,417 - INFO - 
[719/1500] Processing G.R. No. 153736
2025-12-06 13:20:12,417 - INFO -   Title: Spouses Nicanor Tumbokon, et al. vs. Apolonia G. Legaspi adn...
2025-12-06 13:20:12,664 - INFO -   ✓ Saved: RESTRUCTURED_DB/2010/aug/153736.json
2025-12-06 13:20:13,164 - INFO - 
[720/1500] Processing G.R. No. 153837
2025-12-06 13:20:13,164 - INFO -   Title: Engr. Job Y. Besana, hon. Ronaldo B. Zamora, in his capacity...
2025-12-06 13:20:13,626 - INFO -   ✓ Saved: RESTRUCTURED_DB/2010/jul/153837.json
2025-12-06 13:20:14,126 - INFO - 
[721/1500] Processing G.R. No. 153998
2025-12-06 13:20:14,126 - INFO -   Title: Jorge L. Tiangco, et al. vs. Land Bank of the Philippines...
2025-12-06 13:20:14,600 - INFO -   ✓ Saved: RESTRUCTURED_DB/2010/oct/153998.json
2025-12-06 13:20:15,100 - INFO - 
[722/1500] Processing G.R. No. 154094
2025-12-06 13:20:15,100 - INFO -   Title: Department of Agrarian Reform, represented by Secretary Hern...
2025-12-06 13:20:15,346 - INFO -   ✓ Saved: RESTRUCTURED_DB/2010/mar/154094.json
2025-12-06 13:20:15,847 - INFO - 
[723/1500] Processing G.R. No. 154124
2025-12-06 13:20:15,847 - INFO -   Title: National Tobacco Administration vs. Daniel Castillo...
2025-12-06 13:20:16,092 - INFO -   ✓ Saved: RESTRUCTURED_DB/2010/aug/154124.json
2025-12-06 13:20:16,592 - INFO - 
[724/1500] Processing G.R. No. 154152
2025-12-06 13:20:16,592 - INFO -   Title: La Campana Development Corporation vs. Arturo Ledesma, et al...
2025-12-06 13:20:17,052 - INFO -   ✓ Saved: RESTRUCTURED_DB/2010/aug/154152.json
2025-12-06 13:20:17,553 - INFO - 
[725/1500] Processing G.R. No. 154270
2025-12-06 13:20:17,553 - INFO -   Title: Teofisto Oño, et al. vs. Vicente N. Lim...
2025-12-06 13:20:18,013 - INFO -   ✓ Saved: RESTRUCTURED_DB/2010/mar/154270.json
2025-12-06 13:20:18,514 - INFO - 
[726/1500] Processing G.R. No. 154366
2025-12-06 13:20:18,514 - INFO -   Title: Cebu Bionic Builders Supply, Inc. and Lydia Sia vs. Developm...
2025-12-06 13:20:19,194 - INFO -   ✓ Saved: RESTRUCTURED_DB/2010/nov/154366.json
2025-12-06 13:20:19,694 - INFO - 
[727/1500] Processing G.R. No. 154486
2025-12-06 13:20:19,694 - INFO -   Title: Federico Jarantilla, Jr. vs. Antonieta Jarantilla, et al....
2025-12-06 13:20:19,943 - INFO -   ✓ Saved: RESTRUCTURED_DB/2010/dec/154486.json
2025-12-06 13:20:20,443 - INFO - 
[728/1500] Processing G.R. No. 154560
2025-12-06 13:20:20,443 - INFO -   Title: Republic of the Philippines vs. Sandiganbayan (Second Divisi...
2025-12-06 13:20:20,691 - INFO -   ✓ Saved: RESTRUCTURED_DB/2010/jul/154560.json
2025-12-06 13:20:21,191 - INFO - 
[729/1500] Processing G.R. No. 154622
2025-12-06 13:20:21,191 - INFO -   Title: Land Bank of the Philippines vs. Ramon P. Jacinto...
2025-12-06 13:20:21,438 - INFO -   ✓ Saved: RESTRUCTURED_DB/2010/aug/154622.json
2025-12-06 13:20:21,938 - INFO - 
[730/1500] Processing G.R. No. 154662
2025-12-06 13:20:21,938 - INFO -   Title: Land Bank of the Philippines vs. Ramon P. Jacinto...
2025-12-06 13:20:22,908 - WARNING -   ✗ Could not fetch case from any URL
2025-12-06 13:20:22,908 - INFO - 
[731/1500] Processing G.R. No. 155097
2025-12-06 13:20:22,908 - INFO -   Title: Philippine Airlines Employees Association (PALEA) vs. Hon. H...
2025-12-06 13:20:23,154 - INFO -   ✓ Saved: RESTRUCTURED_DB/2010/sep/155907.json
2025-12-06 13:20:23,654 - INFO - 
[732/1500] Processing G.R. No. 155109
2025-12-06 13:20:23,654 - INFO -   Title: C. Alcantara & Sons, Inc. vs. Court of Appeals / Nagkahiusan...
2025-12-06 13:20:24,115 - INFO -   ✓ Saved: RESTRUCTURED_DB/2010/sep/155109.json
2025-12-06 13:20:24,615 - INFO - 
[733/1500] Processing G.R. No. 155832
2025-12-06 13:20:24,615 - INFO -   Title: Republic of the Philippines vs. Sandiganbayan and Imelda R. ...
2025-12-06 13:20:24,861 - INFO -   ✓ Saved: RESTRUCTURED_DB/2010/dec/155832.json
2025-12-06 13:20:25,361 - INFO - 
[734/1500] Processing G.R. No. 156038
2025-12-06 13:20:25,361 - INFO -   Title: Spouses Victoriano chung and Debbie Chung vs. Ulanday Constr...
2025-12-06 13:20:25,825 - INFO -   ✓ Saved: RESTRUCTURED_DB/2010/oct/156038.json
2025-12-06 13:20:26,325 - INFO - 
[735/1500] Processing G.R. No. 156125
2025-12-06 13:20:26,325 - INFO -   Title: Francisco Muñoz, Jr. vs. Erlinda Ramirez, et al....
2025-12-06 13:20:26,787 - INFO -   ✓ Saved: RESTRUCTURED_DB/2010/aug/156125.json
2025-12-06 13:20:27,287 - INFO - 
[736/1500] Processing G.R. No. 156287
2025-12-06 13:20:27,288 - INFO -   Title: Felicitas M. Machado and Marcelino P. Machado vs. Ricardo L....
2025-12-06 13:20:27,534 - INFO -   ✓ Saved: RESTRUCTURED_DB/2010/feb/156287.json
2025-12-06 13:20:28,034 - INFO - 
[737/1500] Processing G.R. No. 156439
2025-12-06 13:20:28,035 - INFO -   Title: Clemencia P. Calara, et al. vs. Teresita Francisco, et al....
2025-12-06 13:20:28,497 - INFO -   ✓ Saved: RESTRUCTURED_DB/2010/sep/156439.json
2025-12-06 13:20:28,997 - INFO - 
[738/1500] Processing G.R. No. 156599
2025-12-06 13:20:28,997 - INFO -   Title: Bormaheco, Incorporated vs. Malayan Insurance Company, Incor...
2025-12-06 13:20:29,243 - INFO -   ✓ Saved: RESTRUCTURED_DB/2010/jul/156599.json
2025-12-06 13:20:29,743 - INFO - 
[739/1500] Processing G.R. No. 156797
2025-12-06 13:20:29,743 - INFO -   Title: In Re: Reconstitution of Transfer certificates of Title Nos....
2025-12-06 13:20:30,205 - INFO -   ✓ Saved: RESTRUCTURED_DB/2010/jul/156797.json
2025-12-06 13:20:30,706 - INFO - 
[740/1500] Processing G.R. No. 157009
2025-12-06 13:20:30,706 - INFO -   Title: Sulpicio Line, Inc. vs. Domingo E. Curso, et al....
2025-12-06 13:20:30,952 - INFO -   ✓ Saved: RESTRUCTURED_DB/2010/mar/157009.json
2025-12-06 13:20:31,452 - INFO - 
[741/1500] Processing G.R. No. 157049
2025-12-06 13:20:31,452 - INFO -   Title: Citytrust Banking Corporation vs. Carlos Romulo N. Cruz...
2025-12-06 13:20:31,697 - INFO -   ✓ Saved: RESTRUCTURED_DB/2010/aug/157049.json
2025-12-06 13:20:32,197 - INFO - 
[742/1500] Processing G.R. No. 157315
2025-12-06 13:20:32,197 - INFO -   Title: City Government of Butuan and City Mayor Leonides Theresa Pl...
2025-12-06 13:20:32,659 - INFO -   ✓ Saved: RESTRUCTURED_DB/2010/dec/157315.json
2025-12-06 13:20:33,159 - INFO - 
[743/1500] Processing G.R. No. 157383
2025-12-06 13:20:33,160 - INFO -   Title: Winston F. Garcia vs. Mario I. Molina, et al./Winston F. Gar...
2025-12-06 13:20:33,621 - INFO -   ✓ Saved: RESTRUCTURED_DB/2010/aug/157383.json
2025-12-06 13:20:34,121 - INFO - 
[744/1500] Processing G.R. No. 157449
2025-12-06 13:20:34,122 - INFO -   Title: Nemesio Goco, et al. vs. Honorable Court of Appeals, et al....
2025-12-06 13:20:34,377 - INFO -   ✓ Saved: RESTRUCTURED_DB/2010/apr/157449.json
2025-12-06 13:20:34,878 - INFO - 
[745/1500] Processing G.R. No. 157479
2025-12-06 13:20:34,878 - INFO -   Title: Philip Turner and Elnora Turner vs. Lorenzo Shipping Coporat...
2025-12-06 13:20:35,340 - INFO -   ✓ Saved: RESTRUCTURED_DB/2010/nov/157479.json
2025-12-06 13:20:35,840 - INFO - 
[746/1500] Processing G.R. No. 157594
2025-12-06 13:20:35,840 - INFO -   Title: Toshiba Information Equipment (Phils.), Inc. vs. Commissione...
2025-12-06 13:20:36,307 - INFO -   ✓ Saved: RESTRUCTURED_DB/2010/mar/157594.json
2025-12-06 13:20:36,807 - INFO - 
[747/1500] Processing G.R. No. 157644
2025-12-06 13:20:36,807 - INFO -   Title: Spouses Ernesto and Vicenta Topacio vs. Banco Filipino Savin...
2025-12-06 13:20:37,055 - INFO -   ✓ Saved: RESTRUCTURED_DB/2010/nov/157644.json
2025-12-06 13:20:37,555 - INFO - 
[748/1500] Processing G.R. No. 157802
2025-12-06 13:20:37,555 - INFO -   Title: Matling Industrial and Commercial Corp., et al. vs. Ricardo ...
2025-12-06 13:20:38,017 - INFO -   ✓ Saved: RESTRUCTURED_DB/2010/oct/157802.json
2025-12-06 13:20:38,517 - INFO - 
[749/1500] Processing G.R. No. 157852
2025-12-06 13:20:38,518 - INFO -   Title: Heirs of Domingo Valientes vs. Vilma V. Minor...
2025-12-06 13:20:38,772 - INFO -   ✓ Saved: RESTRUCTURED_DB/2010/dec/157852.json
2025-12-06 13:20:39,272 - INFO - 
[750/1500] Processing G.R. No. 157861
2025-12-06 13:20:39,273 - INFO -   Title: Bibiana Farms and Mills, Inc. vs. Arturo Lado...
2025-12-06 13:20:39,735 - INFO -   ✓ Saved: RESTRUCTURED_DB/2010/feb/157861.json
2025-12-06 13:20:40,236 - INFO - 
[751/1500] Processing G.R. No. 158090
2025-12-06 13:20:40,236 - INFO -   Title: Government Service Insurance System (GSIS) vs. Heirs of Fern...
2025-12-06 13:20:40,482 - INFO -   ✓ Saved: RESTRUCTURED_DB/2010/oct/158090.json
2025-12-06 13:20:40,982 - INFO - 
[752/1500] Processing G.R. No. 158104
2025-12-06 13:20:40,982 - INFO -   Title: Angelita De Guzman vs. Emilio Gonzalez III, et al....
2025-12-06 13:20:41,228 - INFO -   ✓ Saved: RESTRUCTURED_DB/2010/mar/158104.json
2025-12-06 13:20:41,728 - INFO - 
[753/1500] Processing G.R. No. 158189
2025-12-06 13:20:41,728 - INFO -   Title: Roberto B. Kalalo vs. Office of the Ombudsman, et al....
2025-12-06 13:20:42,188 - INFO -   ✓ Saved: RESTRUCTURED_DB/2010/apr/158189.json
2025-12-06 13:20:42,689 - INFO - 
[754/1500] Processing G.R. No. 158298
2025-12-06 13:20:42,689 - INFO -   Title: Isidro Ablaza vs. Republic of the Philippines...
2025-12-06 13:20:43,149 - INFO -   ✓ Saved: RESTRUCTURED_DB/2010/aug/158298.json
2025-12-06 13:20:43,650 - INFO - 
[755/1500] Processing G.R. No. 158377
2025-12-06 13:20:43,650 - INFO -   Title: Heirs of Jose Reyes, jr. namely; Magdalena C. reyes, et al. ...
2025-12-06 13:20:44,112 - INFO -   ✓ Saved: RESTRUCTURED_DB/2010/aug/158377.json
2025-12-06 13:20:44,612 - INFO - 
[756/1500] Processing G.R. No. 158385
2025-12-06 13:20:44,612 - INFO -   Title: Modesto Palali vs. Juliet Awisan, represented by her Attorne...
2025-12-06 13:20:45,074 - INFO -   ✓ Saved: RESTRUCTURED_DB/2010/feb/158385.json
2025-12-06 13:20:45,574 - INFO - 
[757/1500] Processing G.R. No. 158562
2025-12-06 13:20:45,574 - INFO -   Title: Ramon R. Yap vs. Commission on Audit...
2025-12-06 13:20:46,037 - INFO -   ✓ Saved: RESTRUCTURED_DB/2010/apr/158562.json
2025-12-06 13:20:46,537 - INFO - 
[758/1500] Processing G.R. No. 158627
2025-12-06 13:20:46,537 - INFO -   Title: People of the Philippines vs. Maritess Martinez y Dulay...
2025-12-06 13:20:46,785 - INFO -   ✓ Saved: RESTRUCTURED_DB/2010/mar/158627.json
2025-12-06 13:20:47,285 - INFO - 
[759/1500] Processing G.R. No. 158627
2025-12-06 13:20:47,285 - INFO -   Title: People of the Philippines vs. Maritess Martinez y Dulay...
2025-12-06 13:20:47,532 - INFO -   Case already exists: RESTRUCTURED_DB/2010/mar/158627.json
2025-12-06 13:20:48,032 - INFO - 
[760/1500] Processing G.R. No. 158708
2025-12-06 13:20:48,032 - INFO -   Title: Justina Maniebo vs. Hon. CA & Civil Service Commission...
2025-12-06 13:20:48,494 - INFO -   ✓ Saved: RESTRUCTURED_DB/2010/aug/158708.json
2025-12-06 13:20:48,995 - INFO - 
[761/1500] Processing G.R. No. 158929
2025-12-06 13:20:48,995 - INFO -   Title: Rosario P. Tan vs. Artemio G. Ramirez, et al....
2025-12-06 13:20:49,242 - INFO -   ✓ Saved: RESTRUCTURED_DB/2010/aug/158929.json
2025-12-06 13:20:49,742 - INFO - 
[762/1500] Processing G.R. No. 159097
2025-12-06 13:20:49,742 - INFO -   Title: Metropolitan Bank and Trust Company vs. Rural Bank of Gerona...
2025-12-06 13:20:49,989 - INFO -   ✓ Saved: RESTRUCTURED_DB/2010/jul/159097.json
2025-12-06 13:20:50,489 - INFO - 
[763/1500] Processing G.R. No. 159117
2025-12-06 13:20:50,489 - INFO -   Title: Hon. Hector B. Barillo, Acting Presiding Judge, MTC, Guihuln...
2025-12-06 13:20:51,177 - INFO -   ✓ Saved: RESTRUCTURED_DB/2010/mar/159117.json
2025-12-06 13:20:51,677 - INFO - 
[764/1500] Processing G.R. No. 159230
2025-12-06 13:20:51,677 - INFO -   Title: B.E. San Diego, Inc. vs. Court of Appeals and Jovita Matias...
2025-12-06 13:20:51,923 - INFO -   ✓ Saved: RESTRUCTURED_DB/2010/oct/159230.json
2025-12-06 13:20:52,424 - INFO - 
[765/1500] Processing G.R. No. 159275
2025-12-06 13:20:52,424 - INFO -   Title: Republic of the Philippines vs. the Hon. Sandiganbayan, et a...
2025-12-06 13:20:52,885 - INFO -   ✓ Saved: RESTRUCTURED_DB/2010/aug/159275.json
2025-12-06 13:20:53,385 - INFO - 
[766/1500] Processing G.R. No. 159355
2025-12-06 13:20:53,386 - INFO -   Title: Gabriel C. Singson, et al. vs. Commission on Audit...
2025-12-06 13:20:54,518 - INFO -   ✓ Saved: RESTRUCTURED_DB/2010/aug/159355.json
2025-12-06 13:20:55,018 - INFO - 
[767/1500] Processing G.R. No. 159381
2025-12-06 13:20:55,018 - INFO -   Title: Danilo D. Ansaldo vs. Niña Z. Ramirez...
2025-12-06 13:20:55,482 - INFO -   ✓ Saved: RESTRUCTURED_DB/2010/mar/159381.json
2025-12-06 13:20:55,983 - INFO - 
[768/1500] Processing G.R. No. 159460
2025-12-06 13:20:55,983 - INFO -   Title: Solid Bank Corp. Ernesto U. Gamier, et al. and Solid Bank Co...
2025-12-06 13:20:56,450 - INFO -   ✓ Saved: RESTRUCTURED_DB/2010/nov/159460.json
2025-12-06 13:20:56,950 - INFO - 
[769/1500] Processing G.R. No. 159588
2025-12-06 13:20:56,950 - INFO -   Title: P/Chief Superintendent Roberto L. Calinisan, etc., et al. vs...
2025-12-06 13:20:57,198 - INFO -   ✓ Saved: RESTRUCTURED_DB/2010/sep/159588.json
2025-12-06 13:20:57,698 - INFO - 
[770/1500] Processing G.R. No. 159835
2025-12-06 13:20:57,698 - INFO -   Title: The Board of Commissioners of the Bureau of Immigration and ...
2025-12-06 13:20:58,163 - INFO -   ✓ Saved: RESTRUCTURED_DB/2010/jan/159835.json
2025-12-06 13:20:58,663 - INFO - 
[771/1500] Processing G.R. No. 160067
2025-12-06 13:20:58,663 - INFO -   Title: Nelson Imperial, et al. vs. Maricel M. Joson, et al./Santos ...
2025-12-06 13:20:59,130 - INFO -   ✓ Saved: RESTRUCTURED_DB/2010/nov/160067.json
2025-12-06 13:20:59,630 - INFO - 
[772/1500] Processing G.R. No. 160270
2025-12-06 13:20:59,630 - INFO -   Title: Subic Bay Metropolitan Authority vs. Merlino E. Rodriguez, e...
2025-12-06 13:21:00,096 - INFO -   ✓ Saved: RESTRUCTURED_DB/2010/apr/160270.json
2025-12-06 13:21:00,596 - INFO - 
[773/1500] Processing G.R. No. 160302
2025-12-06 13:21:00,596 - INFO -   Title: Danilo Escario, et al. vs. National Labor Relations Commissi...
2025-12-06 13:21:00,845 - INFO -   ✓ Saved: RESTRUCTURED_DB/2010/sep/160302.json
2025-12-06 13:21:01,345 - INFO - 
[774/1500] Processing G.R. No. 160422
2025-12-06 13:21:01,345 - INFO -   Title: Meralco vs. Sps. Edito and Felicidad Chua, et al....
2025-12-06 13:21:02,320 - WARNING -   ✗ Could not fetch case from any URL
2025-12-06 13:21:02,321 - INFO - 
[775/1500] Processing G.R. No. 160506
2025-12-06 13:21:02,321 - INFO -   Title: Joeb Aliviado, et al. vs. Procter & Gamble Philippines, Inc....
2025-12-06 13:21:02,788 - INFO -   ✓ Saved: RESTRUCTURED_DB/2010/mar/160506.json
2025-12-06 13:21:03,288 - INFO - 
[776/1500] Processing G.R. No. 160545
2025-12-06 13:21:03,289 - INFO -   Title: Prisma Construction and Development Corporation and Rogelio ...
2025-12-06 13:21:03,754 - INFO -   ✓ Saved: RESTRUCTURED_DB/2010/mar/160545.json
2025-12-06 13:21:04,255 - INFO - 
[777/1500] Processing G.R. No. 160756
2025-12-06 13:21:04,255 - INFO -   Title: Chamber of Real Estate and Builders' Associations, Inc. vs. ...
2025-12-06 13:21:04,725 - INFO -   ✓ Saved: RESTRUCTURED_DB/2010/mar/160756.json
2025-12-06 13:21:05,226 - INFO - 
[778/1500] Processing G.R. No. 160825
2025-12-06 13:21:05,226 - INFO -   Title: Atty. Voltaire I. Rovira vs. Heirs of Jose C. Delestre, et a...
2025-12-06 13:21:05,474 - INFO -   ✓ Saved: RESTRUCTURED_DB/2010/mar/160825.json
2025-12-06 13:21:05,974 - INFO - 
[779/1500] Processing G.R. No. 160828
2025-12-06 13:21:05,974 - INFO -   Title: Picop Resources Incorporated (PRI) vs. Anacleto L. Tañeca, e...
2025-12-06 13:21:06,438 - INFO -   ✓ Saved: RESTRUCTURED_DB/2010/aug/160828.json
2025-12-06 13:21:06,939 - INFO - 
[780/1500] Processing G.R. No. 160933
2025-12-06 13:21:06,939 - INFO -   Title: Niceas M. Belongilot vs. Rolando S. Cua, et al....
2025-12-06 13:21:07,404 - INFO -   ✓ Saved: RESTRUCTURED_DB/2010/nov/160933.json
2025-12-06 13:21:07,904 - INFO - 
[781/1500] Processing G.R. No. 160972
2025-12-06 13:21:07,904 - INFO -   Title: Leighton Contractors Philippines, Inc. vs. CNP Industries, I...
2025-12-06 13:21:08,155 - INFO -   ✓ Saved: RESTRUCTURED_DB/2010/mar/160972.json
2025-12-06 13:21:08,655 - INFO - 
[782/1500] Processing G.R. No. 161074
2025-12-06 13:21:08,655 - INFO -   Title: Manuel T. De Guia for himself and as Attorney-in-fact of Fe ...
2025-12-06 13:21:08,904 - INFO -   ✓ Saved: RESTRUCTURED_DB/2010/mar/161074.json
2025-12-06 13:21:09,404 - INFO - 
[783/1500] Processing G.R. No. 161083
2025-12-06 13:21:09,404 - INFO -   Title: People of the Philippines vs. Hon. Basilio R. Gabo, et al....
2025-12-06 13:21:09,871 - INFO -   ✓ Saved: RESTRUCTURED_DB/2010/aug/161083.json
2025-12-06 13:21:10,371 - INFO - 
[784/1500] Processing G.R. No. 161137
2025-12-06 13:21:10,371 - INFO -   Title: Lydia L. Roa vs. Heirs of Santiago Ebora, et al....
2025-12-06 13:21:10,619 - INFO -   ✓ Saved: RESTRUCTURED_DB/2010/mar/161137.json
2025-12-06 13:21:11,119 - INFO - 
[785/1500] Processing G.R. No. 161162
2025-12-06 13:21:11,119 - INFO -   Title: Fruehauf Electronics, Phils., Inc. vs. Court of Appeals, et ...
2025-12-06 13:21:11,584 - INFO -   ✓ Saved: RESTRUCTURED_DB/2010/sep/161162.json
2025-12-06 13:21:12,084 - INFO - 
[786/1500] Processing G.R. No. 161178
2025-12-06 13:21:12,085 - INFO -   Title: Adela B. Delgado vs. People of the Philippines and Emmanuel ...
2025-12-06 13:21:12,331 - INFO -   ✓ Saved: RESTRUCTURED_DB/2010/feb/161178.json
2025-12-06 13:21:12,831 - INFO - 
[787/1500] Processing G.R. No. 161368
2025-12-06 13:21:12,831 - INFO -   Title: Mediserv, Inc. vs. Court of Appeals (Specia Former 13th Divi...
2025-12-06 13:21:13,299 - INFO -   ✓ Saved: RESTRUCTURED_DB/2010/apr/161368.json
2025-12-06 13:21:13,799 - INFO - 
[788/1500] Processing G.R. No. 161431
2025-12-06 13:21:13,800 - INFO -   Title: Calibre Traders Inc., Mario Sison Sebastian and Minda Blanco...
2025-12-06 13:21:14,268 - INFO -   ✓ Saved: RESTRUCTURED_DB/2010/oct/161431.json
2025-12-06 13:21:14,768 - INFO - 
[789/1500] Processing G.R. No. 161746
2025-12-06 13:21:14,768 - INFO -   Title: Eugenio Feliciano, et al. vs. Pedro Canoza, et al....
2025-12-06 13:21:15,017 - INFO -   ✓ Saved: RESTRUCTURED_DB/2010/sep/161746.json
2025-12-06 13:21:15,517 - INFO - 
[790/1500] Processing G.R. No. 161834
2025-12-06 13:21:15,517 - INFO -   Title: Land Bank of the Philippines vs. Heir of Trinidad S. Vda. De...
2025-12-06 13:21:15,983 - INFO -   ✓ Saved: RESTRUCTURED_DB/2010/aug/161834.json
2025-12-06 13:21:16,483 - INFO - 
[791/1500] Processing G.R. No. 161838
2025-12-06 13:21:16,483 - INFO -   Title: Republic of the Philippines vs. Coalbrine International Phil...
2025-12-06 13:21:16,731 - INFO -   ✓ Saved: RESTRUCTURED_DB/2010/apr/161838.json
2025-12-06 13:21:17,231 - INFO - 
[792/1500] Processing G.R. No. 161849
2025-12-06 13:21:17,232 - INFO -   Title: Wallem Philippines Shipping, Inc. vs. S.R. Farms, Inc....
2025-12-06 13:21:17,480 - INFO -   ✓ Saved: RESTRUCTURED_DB/2010/jul/161849.json
2025-12-06 13:21:17,980 - INFO - 
[793/1500] Processing G.R. No. 161934
2025-12-06 13:21:17,980 - INFO -   Title: Varorient Shipping Co., Inc., et al. vs. Gil Flores...
2025-12-06 13:21:18,447 - INFO -   ✓ Saved: RESTRUCTURED_DB/2010/oct/161934.json
2025-12-06 13:21:18,947 - INFO - 
[794/1500] Processing G.R. No. 162017
2025-12-06 13:21:18,947 - INFO -   Title: Caltex (Philippines), Inc., et al. vs. Hermie G. Agad, et al...
2025-12-06 13:21:19,413 - INFO -   ✓ Saved: RESTRUCTURED_DB/2010/apr/162017.json
2025-12-06 13:21:19,913 - INFO - 
[795/1500] Processing G.R. No. 162025
2025-12-06 13:21:19,913 - INFO -   Title: Tunay na Pagkakaisa ng Manggagawa sa Asia Brewery vs. Asia B...
2025-12-06 13:21:20,162 - INFO -   ✓ Saved: RESTRUCTURED_DB/2010/aug/162025.json
2025-12-06 13:21:20,663 - INFO - 
[796/1500] Processing G.R. No. 162079
2025-12-06 13:21:20,663 - INFO -   Title: YKR Corporation and Heirs of Luis A. Yulo vs. Sandiganbayan ...
2025-12-06 13:21:21,133 - INFO -   ✓ Saved: RESTRUCTURED_DB/2010/mar/162079.json
2025-12-06 13:21:21,633 - INFO - 
[797/1500] Processing G.R. No. 162175
2025-12-06 13:21:21,633 - INFO -   Title: Miguel J. Osorio Pension Foundation, Incorporated vs. Court ...
2025-12-06 13:21:22,101 - INFO -   ✓ Saved: RESTRUCTURED_DB/2010/jun/162175.json
2025-12-06 13:21:22,601 - INFO - 
[798/1500] Processing G.R. No. 162206
2025-12-06 13:21:22,601 - INFO -   Title: Monico V. Jacob, et al. vs. Sandiganbayan, et al....
2025-12-06 13:21:22,850 - INFO -   ✓ Saved: RESTRUCTURED_DB/2010/nov/162206.json
2025-12-06 13:21:23,351 - INFO - 
[799/1500] Processing G.R. No. 162218
2025-12-06 13:21:23,351 - INFO -   Title: Metropolitan Bank and Trust Company vs. Edgardo D. Viray...
2025-12-06 13:21:23,598 - INFO -   ✓ Saved: RESTRUCTURED_DB/2010/feb/162218.json
2025-12-06 13:21:24,099 - INFO - 
[800/1500] Processing G.R. No. 162230
2025-12-06 13:21:24,099 - INFO -   Title: Isabelita C. Vinuya, et al. vs. Hon. Executive Secretary, et...
2025-12-06 13:21:24,786 - INFO -   ✓ Saved: RESTRUCTURED_DB/2010/apr/162230.json
2025-12-06 13:21:25,287 - INFO - 
[801/1500] Processing G.R. No. 162291
2025-12-06 13:21:25,287 - INFO -   Title: Bank of the Philippines Island vs. Shemberg Biotech Corporat...
2025-12-06 13:21:25,546 - INFO -   ✓ Saved: RESTRUCTURED_DB/2010/aug/162291.json
2025-12-06 13:21:26,046 - INFO - 
[802/1500] Processing G.R. No. 162446
2025-12-06 13:21:26,046 - INFO -   Title: Romanita Concha, et al. vs. Paulino Rubio, et al....
2025-12-06 13:21:26,512 - INFO -   ✓ Saved: RESTRUCTURED_DB/2010/mar/162446.json
2025-12-06 13:21:27,012 - INFO - 
[803/1500] Processing G.R. No. 162575
2025-12-06 13:21:27,012 - INFO -   Title: Beatriz Siok Ping Tang vs. Subic Bay Distribution, Inc....
2025-12-06 13:21:27,262 - INFO -   ✓ Saved: RESTRUCTURED_DB/2010/dec/162575.json
2025-12-06 13:21:27,762 - INFO - 
[804/1500] Processing G.R. No. 162608
2025-12-06 13:21:27,762 - INFO -   Title: Adrian Wilson International Associates, Inc. vs. TMX Philipp...
2025-12-06 13:21:28,228 - INFO -   ✓ Saved: RESTRUCTURED_DB/2010/jul/162608.json
2025-12-06 13:21:28,728 - INFO - 
[805/1500] Processing G.R. No. 162943
2025-12-06 13:21:28,728 - INFO -   Title: Employees Union of Bayer Phils., FFW and Juanito S. Facundo,...
2025-12-06 13:21:29,195 - INFO -   ✓ Saved: RESTRUCTURED_DB/2010/dec/162943.json
2025-12-06 13:21:29,695 - INFO - 
[806/1500] Processing G.R. No. 163091
2025-12-06 13:21:29,695 - INFO -   Title: Coca Cola Bottlers Philippines, Inc. vs. Angel U. Del Villar...
2025-12-06 13:21:30,161 - INFO -   ✓ Saved: RESTRUCTURED_DB/2010/oct/163091.json
2025-12-06 13:21:30,662 - INFO - 
[807/1500] Processing G.R. No. 163267
2025-12-06 13:21:30,662 - INFO -   Title: Teofilo Evangelista vs. the People of the Philippines...
2025-12-06 13:21:30,911 - INFO -   ✓ Saved: RESTRUCTURED_DB/2010/may/163267.json
2025-12-06 13:21:31,412 - INFO - 
[808/1500] Processing G.R. No. 163271
2025-12-06 13:21:31,412 - INFO -   Title: Spouses Patricio and Myrna Bernales vs. Heirs of Julian Samb...
2025-12-06 13:21:31,878 - INFO -   ✓ Saved: RESTRUCTURED_DB/2010/jan/163271.json
2025-12-06 13:21:32,378 - INFO - 
[809/1500] Processing G.R. No. 163280
2025-12-06 13:21:32,379 - INFO -   Title: Doris U. Sunbanun vs. Aurora B. Go...
2025-12-06 13:21:32,627 - INFO -   ✓ Saved: RESTRUCTURED_DB/2010/feb/163280.json
2025-12-06 13:21:33,127 - INFO - 
[810/1500] Processing G.R. No. 163532
2025-12-06 13:21:33,127 - INFO -   Title: Yokohama Tire Philippines, Inc. vs. Yokohama Employees Union...
2025-12-06 13:21:33,591 - INFO -   ✓ Saved: RESTRUCTURED_DB/2010/mar/163532.json
2025-12-06 13:21:34,091 - INFO - 
[811/1500] Processing G.R. No. 163554
2025-12-06 13:21:34,091 - INFO -   Title: Dannie M. Pantoja vs. SCA Hygiene Products Corporation...
2025-12-06 13:21:34,339 - INFO -   ✓ Saved: RESTRUCTURED_DB/2010/apr/163554.json
2025-12-06 13:21:34,840 - INFO - 
[812/1500] Processing G.R. No. 163582
2025-12-06 13:21:34,840 - INFO -   Title: William Golangco Construction Corporation vs. Ray Burton Dev...
2025-12-06 13:21:35,304 - INFO -   ✓ Saved: RESTRUCTURED_DB/2010/aug/163582.json
2025-12-06 13:21:35,804 - INFO - 
[813/1500] Processing G.R. No. 163610
2025-12-06 13:21:35,804 - INFO -   Title: Heirs of Enrique Toring vs. Heirs of Teodosia Boquilaga...
2025-12-06 13:21:36,270 - INFO -   ✓ Saved: RESTRUCTURED_DB/2010/sep/163610.json
2025-12-06 13:21:36,770 - INFO - 
[814/1500] Processing G.R. No. 163825
2025-12-06 13:21:36,770 - INFO -   Title: Violeta Tudtud Banate, et al. vs. Philippine Countryside Rur...
2025-12-06 13:21:37,019 - INFO -   ✓ Saved: RESTRUCTURED_DB/2010/jul/163825.json
2025-12-06 13:21:37,520 - INFO - 
[815/1500] Processing G.R. No. 163835
2025-12-06 13:21:37,520 - INFO -   Title: Commissioner of Internal Revenue vs. Eastern Telecommunicati...
2025-12-06 13:21:37,988 - INFO -   ✓ Saved: RESTRUCTURED_DB/2010/jul/163835.json
2025-12-06 13:21:38,488 - INFO - 
[816/1500] Processing G.R. No. 164016
2025-12-06 13:21:38,488 - INFO -   Title: Reno Foods, Inc., and/or Vicente Khu vs. Nagkakaisang Lakas ...
2025-12-06 13:21:38,736 - INFO -   ✓ Saved: RESTRUCTURED_DB/2010/mar/164016.json
2025-12-06 13:21:39,237 - INFO - 
[817/1500] Processing G.R. No. 164118
2025-12-06 13:21:39,237 - INFO -   Title: Sargasso Construction and Development Corporation vs. Nation...
2025-12-06 13:21:39,484 - INFO -   ✓ Saved: RESTRUCTURED_DB/2010/feb/164118.json
2025-12-06 13:21:39,985 - INFO - 
[818/1500] Processing G.R. No. 164141
2025-12-06 13:21:39,985 - INFO -   Title: Tiger Construction and Development Corporation vs. Reynaldo,...
2025-12-06 13:21:40,448 - INFO -   ✓ Saved: RESTRUCTURED_DB/2010/feb/164141.json
2025-12-06 13:21:40,949 - INFO - 
[819/1500] Processing G.R. No. 164152
2025-12-06 13:21:40,949 - INFO -   Title: Commissioner of Internal Revenue vs. Julieta Ariete...
2025-12-06 13:21:41,413 - INFO -   ✓ Saved: RESTRUCTURED_DB/2010/jan/164152.json
2025-12-06 13:21:41,914 - INFO - 
[820/1500] Processing G.R. No. 164186
2025-12-06 13:21:41,914 - INFO -   Title: Financial Building Corporation vs. Rudlin International Corp...
2025-12-06 13:21:42,382 - INFO -   ✓ Saved: RESTRUCTURED_DB/2010/oct/164186.json
2025-12-06 13:21:42,882 - INFO - 
[821/1500] Processing G.R. No. 164257
2025-12-06 13:21:42,882 - INFO -   Title: San Miguel Corporation vs. Vicente Semillan, et al....
2025-12-06 13:21:43,131 - INFO -   ✓ Saved: RESTRUCTURED_DB/2010/jul/164257.json
2025-12-06 13:21:43,631 - INFO - 
[822/1500] Processing G.R. No. 164301
2025-12-06 13:21:43,631 - INFO -   Title: Bank of the Philippine Islands vs. BPI Employees Union-Davao...
2025-12-06 13:21:44,326 - INFO -   ✓ Saved: RESTRUCTURED_DB/2010/aug/164301.json
2025-12-06 13:21:44,827 - INFO - 
[823/1500] Processing G.R. No. 164435
2025-12-06 13:21:44,827 - INFO -   Title: Victoria S. Jarillo vs. People of the Philippines...
2025-12-06 13:21:45,074 - INFO -   ✓ Saved: RESTRUCTURED_DB/2010/jun/164435.json
2025-12-06 13:21:45,574 - INFO - 
[824/1500] Processing G.R. No. 164443
2025-12-06 13:21:45,574 - INFO -   Title: Eriberto Masangkay vs. People of the Philippines...
2025-12-06 13:21:45,824 - INFO -   ✓ Saved: RESTRUCTURED_DB/2010/jun/164443.json
2025-12-06 13:21:46,325 - INFO - 
[825/1500] Processing G.R. No. 164493
2025-12-06 13:21:46,325 - INFO -   Title: Jocelyn M. Suazo vs. Angelito Suazo and Republic of the Phil...
2025-12-06 13:21:46,791 - INFO -   ✓ Saved: RESTRUCTURED_DB/2010/mar/164493.json
2025-12-06 13:21:47,291 - INFO - 
[826/1500] Processing G.R. No. 164506
2025-12-06 13:21:47,291 - INFO -   Title: Paulino M. Alecha and Precioso M. Tapitan vs. Elmer Ben V. P...
2025-12-06 13:21:47,538 - INFO -   ✓ Saved: RESTRUCTURED_DB/2010/jan/164506.json
2025-12-06 13:21:48,038 - INFO - 
[827/1500] Processing G.R. No. 164538
2025-12-06 13:21:48,038 - INFO -   Title: Metropolitan Bank and Trust Company vs. Rogelio Reynaldo and...
2025-12-06 13:21:48,505 - INFO -   ✓ Saved: RESTRUCTURED_DB/2010/aug/164538.json
2025-12-06 13:21:49,005 - INFO - 
[828/1500] Processing G.R. No. 164577
2025-12-06 13:21:49,005 - INFO -   Title: People of the Philippines vs. Sandiganbayan (First Division)...
2025-12-06 13:21:49,254 - INFO -   ✓ Saved: RESTRUCTURED_DB/2010/jul/164577.json
2025-12-06 13:21:49,754 - INFO - 
[829/1500] Processing G.R. No. 164673
2025-12-06 13:21:49,754 - INFO -   Title: Samuel Lee, et al. vs. KBC Bank N.V. (Formerly Kredietbank, ...
2025-12-06 13:21:50,219 - INFO -   ✓ Saved: RESTRUCTURED_DB/2010/jan/164673.json
2025-12-06 13:21:50,719 - INFO - 
[830/1500] Processing G.R. No. 164695
2025-12-06 13:21:50,719 - INFO -   Title: Heirs of Jose Barredo, namely, Lolita Barredo, et al. vs. La...
2025-12-06 13:21:50,970 - INFO -   ✓ Saved: RESTRUCTURED_DB/2010/dec/164695.json
2025-12-06 13:21:51,470 - INFO - 
[831/1500] Processing G.R. No. 164731
2025-12-06 13:21:51,470 - INFO -   Title: Government Service Insurance System vs. Rosalinda A. Bernada...
2025-12-06 13:21:51,717 - INFO -   ✓ Saved: RESTRUCTURED_DB/2010/feb/164731.json
2025-12-06 13:21:52,217 - INFO - 
[832/1500] Processing G.R. No. 164747
2025-12-06 13:21:52,217 - INFO -   Title: Mortimer F. Cordero vs. Allan C. Go, doing business under th...
2025-12-06 13:21:53,194 - WARNING -   ✗ Could not fetch case from any URL
2025-12-06 13:21:53,194 - INFO - 
[833/1500] Processing G.R. No. 164757
2025-12-06 13:21:53,194 - INFO -   Title: Cebu Metro Pharmacy, Inc. vs. Euro-Med Laboratories, Inc....
2025-12-06 13:21:53,656 - INFO -   ✓ Saved: RESTRUCTURED_DB/2010/oct/164757.json
2025-12-06 13:21:54,156 - INFO - 
[834/1500] Processing G.R. No. 164785
2025-12-06 13:21:54,156 - INFO -   Title: Eliseo F. Soriano vs. Ma. Consoliza P. Laguardia, etc. et al...
2025-12-06 13:21:54,840 - INFO -   ✓ Saved: RESTRUCTURED_DB/2010/mar/164785.json
2025-12-06 13:21:55,341 - INFO - 
[835/1500] Processing G.R. No. 164860
2025-12-06 13:21:55,341 - INFO -   Title: Hilton Heavy Equipment Corporation and Peter Lim vs. Ananias...
2025-12-06 13:21:55,589 - INFO -   ✓ Saved: RESTRUCTURED_DB/2010/feb/164860.json
2025-12-06 13:21:56,089 - INFO - 
[836/1500] Processing G.R. No. 164913
2025-12-06 13:21:56,090 - INFO -   Title: St. Mary's Academy of Dipolog City vs. Teresita Palacio, et ...
2025-12-06 13:21:56,556 - INFO -   ✓ Saved: RESTRUCTURED_DB/2010/sep/164913.json
2025-12-06 13:21:57,056 - INFO - 
[837/1500] Processing G.R. No. 165003
2025-12-06 13:21:57,056 - INFO -   Title: The City Mayor of Baguio and the Head of the Demolition Team...
2025-12-06 13:21:57,303 - INFO -   ✓ Saved: RESTRUCTURED_DB/2010/feb/165003.json
2025-12-06 13:21:57,803 - INFO - 
[838/1500] Processing G.R. No. 165036
2025-12-06 13:21:57,803 - INFO -   Title: Hazel Ma. C. Antolin vs. Abelardo R. Domondon, et al./Hazel ...
2025-12-06 13:21:58,269 - INFO -   ✓ Saved: RESTRUCTURED_DB/2010/jul/165036.json
2025-12-06 13:21:58,769 - INFO - 
[839/1500] Processing G.R. No. 165133
2025-12-06 13:21:58,769 - INFO -   Title: Sps. Joselina Alcantara and Antonio Alcantara, et al. vs. Br...
2025-12-06 13:21:59,018 - INFO -   ✓ Saved: RESTRUCTURED_DB/2010/apr/165133.json
2025-12-06 13:21:59,518 - INFO - 
[840/1500] Processing G.R. No. 165153
2025-12-06 13:21:59,518 - INFO -   Title: Carlos De Castro vs. Liberty Broadcasting Network, Inc. and ...
2025-12-06 13:21:59,767 - INFO -   ✓ Saved: RESTRUCTURED_DB/2010/aug/165153.json
2025-12-06 13:22:00,267 - INFO - 
[841/1500] Processing G.R. No. 165155
2025-12-06 13:22:00,268 - INFO -   Title: Regional Agrarian Reform Adjudication Board, et al. vs. Cour...
2025-12-06 13:22:00,735 - INFO -   ✓ Saved: RESTRUCTURED_DB/2010/jun/165155.json
2025-12-06 13:22:01,235 - INFO - 
[842/1500] Processing G.R. No. 165168
2025-12-06 13:22:01,235 - INFO -   Title: Sps. Nonilon (Manoy) and Irene Montecalvo vs. Heirs of Eugen...
2025-12-06 13:22:01,702 - INFO -   ✓ Saved: RESTRUCTURED_DB/2010/jul/165168.json
2025-12-06 13:22:02,202 - INFO - 
[843/1500] Processing G.R. No. 165266
2025-12-06 13:22:02,203 - INFO -   Title: Air France vs. Bonifacio H. Gillego...
2025-12-06 13:22:02,452 - INFO -   ✓ Saved: RESTRUCTURED_DB/2010/dec/165266.json
2025-12-06 13:22:02,952 - INFO - 
[844/1500] Processing G.R. No. 165273
2025-12-06 13:22:02,952 - INFO -   Title: Leah Palma vs. Hon. Danilo P. Galvez, ih his capacity as Pre...
2025-12-06 13:22:03,201 - INFO -   ✓ Saved: RESTRUCTURED_DB/2010/mar/165273.json
2025-12-06 13:22:03,701 - INFO - 
[845/1500] Processing G.R. No. 165300
2025-12-06 13:22:03,701 - INFO -   Title: Atty. Pedro M. Ferrer vs. Spouses Alfredo Diaz, et al....
2025-12-06 13:22:04,167 - INFO -   ✓ Saved: RESTRUCTURED_DB/2010/apr/165300.json
2025-12-06 13:22:04,667 - INFO - 
[846/1500] Processing G.R. No. 165321
2025-12-06 13:22:04,667 - INFO -   Title: Ricardo P. Toring vs. Teresita M. Toring and Republic of the...
2025-12-06 13:22:05,132 - INFO -   ✓ Saved: RESTRUCTURED_DB/2010/aug/165321.json
2025-12-06 13:22:05,632 - INFO - 
[847/1500] Processing G.R. No. 165333
2025-12-06 13:22:05,632 - INFO -   Title: Republic of the Philippines (DENR) vs. Technological Advocat...
2025-12-06 13:22:05,881 - INFO -   ✓ Saved: RESTRUCTURED_DB/2010/feb/165333.json
2025-12-06 13:22:06,381 - INFO - 
[848/1500] Processing G.R. No. 165339
2025-12-06 13:22:06,381 - INFO -   Title: Equitable PCI Bank vs. Arcelito B. Tan...
2025-12-06 13:22:06,849 - INFO -   ✓ Saved: RESTRUCTURED_DB/2010/aug/165339.json
2025-12-06 13:22:07,350 - INFO - 
[849/1500] Processing G.R. No. 165408
2025-12-06 13:22:07,350 - INFO -   Title: Jaime T. Torres vs. China Banking Corporation...
2025-12-06 13:22:07,599 - INFO -   ✓ Saved: RESTRUCTURED_DB/2010/jan/165408.json
2025-12-06 13:22:08,099 - INFO - 
[850/1500] Processing G.R. No. 165442
2025-12-06 13:22:08,099 - INFO -   Title: NASECO Guards Association - PEMA vs. National Service Corpor...
2025-12-06 13:22:08,347 - INFO -   ✓ Saved: RESTRUCTURED_DB/2010/aug/165442.json
2025-12-06 13:22:08,848 - INFO - 
[851/1500] Processing G.R. No. 165554
2025-12-06 13:22:08,848 - INFO -   Title: Lazaro Pasco and Lauro Pasco vs. Heirs of Filomena De Guzman...
2025-12-06 13:22:09,313 - INFO -   ✓ Saved: RESTRUCTURED_DB/2010/jul/165554.json
2025-12-06 13:22:09,813 - INFO - 
[852/1500] Processing G.R. No. 165569
2025-12-06 13:22:09,813 - INFO -   Title: University of Santo Tomas, Glenda A. Vargas, et al. vs. Dane...
2025-12-06 13:22:10,278 - INFO -   ✓ Saved: RESTRUCTURED_DB/2010/jul/165569.json
2025-12-06 13:22:10,779 - INFO - 
[853/1500] Processing G.R. No. 165582
2025-12-06 13:22:10,779 - INFO -   Title: Luis Chito Buensoceso Lozano vs. Poeple of the Philippines...
2025-12-06 13:22:11,244 - INFO -   ✓ Saved: RESTRUCTURED_DB/2010/jul/165582.json
2025-12-06 13:22:11,744 - INFO - 
[854/1500] Processing G.R. No. 165641
2025-12-06 13:22:11,744 - INFO -   Title: Engr. Ranulfo C. Feliciano vs. Hon. Cornelio C. Gison...
2025-12-06 13:22:11,993 - INFO -   ✓ Saved: RESTRUCTURED_DB/2010/aug/165641.json
2025-12-06 13:22:12,493 - INFO - 
[855/1500] Processing G.R. No. 165676
2025-12-06 13:22:12,493 - INFO -   Title: Jose Mendoza vs. Narciso Germino and Benigno Germino...
2025-12-06 13:22:12,742 - INFO -   ✓ Saved: RESTRUCTURED_DB/2010/nov/165676.json
2025-12-06 13:22:13,243 - INFO - 
[856/1500] Processing G.R. No. 165770
2025-12-06 13:22:13,243 - INFO -   Title: Heirs of Francisca Medrano, namely Yolanda R. Medrano, et al...
2025-12-06 13:22:13,708 - INFO -   ✓ Saved: RESTRUCTURED_DB/2010/aug/165770.json
2025-12-06 13:22:14,208 - INFO - 
[857/1500] Processing G.R. No. 165803
2025-12-06 13:22:14,209 - INFO -   Title: Sps. Rex and Concepcion Aggabao vs. Dionisio Z. Parulan, Jr....
2025-12-06 13:22:14,674 - INFO -   ✓ Saved: RESTRUCTURED_DB/2010/sep/165803.json
2025-12-06 13:22:15,174 - INFO - 
[858/1500] Processing G.R. No. 165876
2025-12-06 13:22:15,174 - INFO -   Title: Westmong Investment Corporation vs. Farmix fertilizer Corpor...
2025-12-06 13:22:15,424 - INFO -   ✓ Saved: RESTRUCTURED_DB/2010/oct/165876.json
2025-12-06 13:22:15,924 - INFO - 
[859/1500] Processing G.R. No. 165878
2025-12-06 13:22:15,924 - INFO -   Title: Presidential Commission on Good Government vs. H.E. Heacock,...
2025-12-06 13:22:16,172 - INFO -   ✓ Saved: RESTRUCTURED_DB/2010/mar/165878.json
2025-12-06 13:22:16,672 - INFO - 
[860/1500] Processing G.R. No. 165922
2025-12-06 13:22:16,672 - INFO -   Title: Baguio Market Vendors Multi-Purpose Cooperative (BAMARVEMPCO...
2025-12-06 13:22:16,921 - INFO -   ✓ Saved: RESTRUCTURED_DB/2010/feb/165922.json
2025-12-06 13:22:17,421 - INFO - 
[861/1500] Processing G.R. No. 165923
2025-12-06 13:22:17,421 - INFO -   Title: Shimizu Philippines Constractors, Inc. vs. Virgilio P. Calla...
2025-12-06 13:22:18,402 - INFO -   ✓ Saved: RESTRUCTURED_DB/2010/sep/165923.json
2025-12-06 13:22:18,902 - INFO - 
[862/1500] Processing G.R. No. 165950
2025-12-06 13:22:18,902 - INFO -   Title: Equitable PCI Bank, Inc. vs. OJ-Mark Trading, Inc. and Spous...
2025-12-06 13:22:19,365 - INFO -   ✓ Saved: RESTRUCTURED_DB/2010/aug/165950.json
2025-12-06 13:22:19,866 - INFO - 
[863/1500] Processing G.R. No. 165951
2025-12-06 13:22:19,866 - INFO -   Title: SolidBank Corporation vs. National Labor Relations Commissio...
2025-12-06 13:22:20,329 - INFO -   ✓ Saved: RESTRUCTURED_DB/2010/mar/165951.json
2025-12-06 13:22:20,829 - INFO - 
[864/1500] Processing G.R. No. 165976
2025-12-06 13:22:20,830 - INFO -   Title: Sonic Steel Industries, inc. vs. Court of Appeals, et al....
2025-12-06 13:22:21,076 - INFO -   ✓ Saved: RESTRUCTURED_DB/2010/jul/165976.json
2025-12-06 13:22:21,576 - INFO - 
[865/1500] Processing G.R. No. 166108
2025-12-06 13:22:21,576 - INFO -   Title: Spouses Teofilo Carpio and Teodora Carpio vs. Ana Sebastian,...
2025-12-06 13:22:22,038 - INFO -   ✓ Saved: RESTRUCTURED_DB/2010/jun/166108.json
2025-12-06 13:22:22,538 - INFO - 
[866/1500] Processing G.R. No. 166134
2025-12-06 13:22:22,538 - INFO -   Title: Angeles City vs. Angeles Electric Corporation...
2025-12-06 13:22:23,003 - INFO -   ✓ Saved: RESTRUCTURED_DB/2010/jun/166134.json
2025-12-06 13:22:23,503 - INFO - 
[867/1500] Processing G.R. No. 166236
2025-12-06 13:22:23,503 - INFO -   Title: Noli Alfonso and Erlinda Fundialan vs. Spouses Henry and Liw...
2025-12-06 13:22:23,750 - INFO -   ✓ Saved: RESTRUCTURED_DB/2010/jul/166236.json
2025-12-06 13:22:24,250 - INFO - 
[868/1500] Processing G.R. No. 166250
2025-12-06 13:22:24,250 - INFO -   Title: Unsworth Transportation International (Phils.), Inc. vs. Cou...
2025-12-06 13:22:24,712 - INFO -   ✓ Saved: RESTRUCTURED_DB/2010/jul/166250.json
2025-12-06 13:22:25,213 - INFO - 
[869/1500] Processing G.R. No. 166298
2025-12-06 13:22:25,213 - INFO -   Title: Land Bank of the Philippines vs. Spouses Joel R. Umandap and...
2025-12-06 13:22:25,678 - INFO -   ✓ Saved: RESTRUCTURED_DB/2010/nov/166298.json
2025-12-06 13:22:26,178 - INFO - 
[870/1500] Processing G.R. No. 166356
2025-12-06 13:22:26,178 - INFO -   Title: Benedicta Samson and Marcial Samson vs. Hon. Judge Geraldine...
2025-12-06 13:22:26,425 - INFO -   ✓ Saved: RESTRUCTURED_DB/2010/feb/166356.json
2025-12-06 13:22:26,925 - INFO - 
[871/1500] Processing G.R. No. 166358
2025-12-06 13:22:26,925 - INFO -   Title: Chang Ik Jin and Korean Christian Businessmen Association, I...
2025-12-06 13:22:27,387 - INFO -   ✓ Saved: RESTRUCTURED_DB/2010/sep/166358.json
2025-12-06 13:22:27,888 - INFO - 
[872/1500] Processing G.R. No. 166411
2025-12-06 13:22:27,888 - INFO -   Title: Elpidio Calipay vs. National Labor Relations Commission, et ...
2025-12-06 13:22:28,350 - INFO -   ✓ Saved: RESTRUCTURED_DB/2010/aug/166411.json
2025-12-06 13:22:28,850 - INFO - 
[873/1500] Processing G.R. No. 166461
2025-12-06 13:22:28,851 - INFO -   Title: Heirs of Lorenzo Vidad and Carmen Vidad, et al. vs. Land Ban...
2025-12-06 13:22:29,319 - INFO -   ✓ Saved: RESTRUCTURED_DB/2010/apr/166461.json
2025-12-06 13:22:29,819 - INFO - 
[874/1500] Processing G.R. No. 166536
2025-12-06 13:22:29,819 - INFO -   Title: Flor Martinez, represented by Macario Martinez, authorized r...
2025-12-06 13:22:30,792 - WARNING -   ✗ Could not fetch case from any URL
2025-12-06 13:22:30,792 - INFO - 
[875/1500] Processing G.R. No. 166566
2025-12-06 13:22:30,792 - INFO -   Title: People of the Philippines vs. Wenceslao Deri y Benitez...
2025-12-06 13:22:31,041 - INFO -   ✓ Saved: RESTRUCTURED_DB/2010/nov/166566.json
2025-12-06 13:22:31,541 - INFO - 
[876/1500] Processing G.R. No. 166577
2025-12-06 13:22:31,541 - INFO -   Title: Spouses Morris Carpo and Socorro Carpo vs. Ayala Land, Incor...
2025-12-06 13:22:32,007 - INFO -   ✓ Saved: RESTRUCTURED_DB/2010/feb/166577.json
2025-12-06 13:22:32,507 - INFO - 
[877/1500] Processing G.R. No. 166579
2025-12-06 13:22:32,507 - INFO -   Title: Jordan Chan Paz vs. Jeanice Pavon-Paz...
2025-12-06 13:22:32,755 - INFO -   ✓ Saved: RESTRUCTURED_DB/2010/feb/166579.json
2025-12-06 13:22:33,255 - INFO - 
[878/1500] Processing G.R. No. 166620
2025-12-06 13:22:33,255 - INFO -   Title: Atty. Sylvia Banda, et al. vs. Eduardo R. Ermita etc., et al...
2025-12-06 13:22:33,939 - INFO -   ✓ Saved: RESTRUCTURED_DB/2010/apr/166620.json
2025-12-06 13:22:34,439 - INFO - 
[879/1500] Processing G.R. No. 166730
2025-12-06 13:22:34,439 - INFO -   Title: Spouses Fernando Torres and Irma Torres vs. Amparo Medina, e...
2025-12-06 13:22:34,688 - INFO -   ✓ Saved: RESTRUCTURED_DB/2010/mar/166730.json
2025-12-06 13:22:35,188 - INFO - 
[880/1500] Processing G.R. No. 166819
2025-12-06 13:22:35,188 - INFO -   Title: Spouses Oscar Arcenas and Dolores Arcenas vs. Queen City Dev...
2025-12-06 13:22:35,435 - INFO -   ✓ Saved: RESTRUCTURED_DB/2010/jun/166819.json
2025-12-06 13:22:35,935 - INFO - 
[881/1500] Processing G.R. No. 166829
2025-12-06 13:22:35,935 - INFO -   Title: TFS Incorporated vs. Commissioner of Internal Revenue...
2025-12-06 13:22:36,183 - INFO -   ✓ Saved: RESTRUCTURED_DB/2010/nov/166829.json
2025-12-06 13:22:36,684 - INFO - 
[882/1500] Processing G.R. No. 166869
2025-12-06 13:22:36,684 - INFO -   Title: Philippine Hawk Corporation vs. Vivian Tan Lee...
2025-12-06 13:22:37,148 - INFO -   ✓ Saved: RESTRUCTURED_DB/2010/feb/166869.json
2025-12-06 13:22:37,649 - INFO - 
[883/1500] Processing G.R. No. 166910
2025-12-06 13:22:37,649 - INFO -   Title: Ernesto B. Francisco, Jr., et al. vs. Toll Regulatory Board,...
2025-12-06 13:22:38,343 - INFO -   ✓ Saved: RESTRUCTURED_DB/2010/oct/166910.json
2025-12-06 13:22:38,843 - INFO - 
[884/1500] Processing G.R. No. 167218
2025-12-06 13:22:38,843 - INFO -   Title: Erector Advertising Sign Group, Inc. and Arch Jimy C. Amorot...
2025-12-06 13:22:39,091 - INFO -   ✓ Saved: RESTRUCTURED_DB/2010/jul/167218.json
2025-12-06 13:22:39,591 - INFO - 
[885/1500] Processing G.R. No. 167237
2025-12-06 13:22:39,591 - INFO -   Title: Associated Anglo-American Tobacco Corporation, et al. vs. Co...
2025-12-06 13:22:39,839 - INFO -   ✓ Saved: RESTRUCTURED_DB/2010/apr/167237.json
2025-12-06 13:22:40,339 - INFO - 
[886/1500] Processing G.R. No. 167239
2025-12-06 13:22:40,339 - INFO -   Title: Hicoblo M. Catly (deceased), subtituted by his wife, Lourdes...
2025-12-06 13:22:41,027 - INFO -   ✓ Saved: RESTRUCTURED_DB/2010/may/167239.json
2025-12-06 13:22:41,527 - INFO - 
[887/1500] Processing G.R. No. 167390
2025-12-06 13:22:41,527 - INFO -   Title: Spouses Adolfo T. Fernandez, Sr. and Lourdes Fernandez vs. S...
2025-12-06 13:22:41,776 - INFO -   ✓ Saved: RESTRUCTURED_DB/2010/jul/167390.json
2025-12-06 13:22:42,276 - INFO - 
[888/1500] Processing G.R. No. 167415
2025-12-06 13:22:42,277 - INFO -   Title: Atty. Mangontawar M. Gubat vs. National Power Corporation...
2025-12-06 13:22:42,525 - INFO -   ✓ Saved: RESTRUCTURED_DB/2010/feb/167415.json
2025-12-06 13:22:43,025 - INFO - 
[889/1500] Processing G.R. No. 167464
2025-12-06 13:22:43,025 - INFO -   Title: Ronnie Sumbillo, et al. vs. People of the Philippines...
2025-12-06 13:22:43,273 - INFO -   ✓ Saved: RESTRUCTURED_DB/2010/jan/167464.json
2025-12-06 13:22:43,773 - INFO - 
[890/1500] Processing G.R. No. 167526
2025-12-06 13:22:43,773 - INFO -   Title: People of the Philippines vs. Dante Tan...
2025-12-06 13:22:44,237 - INFO -   ✓ Saved: RESTRUCTURED_DB/2010/jul/167526.json
2025-12-06 13:22:44,737 - INFO - 
[891/1500] Processing G.R. No. 167563
2025-12-06 13:22:44,737 - INFO -   Title: College of the Immaculate Concepcion vs. National Labor Rela...
2025-12-06 13:22:45,201 - INFO -   ✓ Saved: RESTRUCTURED_DB/2010/mar/167563.json
2025-12-06 13:22:45,701 - INFO - 
[892/1500] Processing G.R. No. 167567
2025-12-06 13:22:45,701 - INFO -   Title: San Miguel Corporation vs. Bartolome Puzon, Jr....
2025-12-06 13:22:45,949 - INFO -   ✓ Saved: RESTRUCTURED_DB/2010/sep/167567.json
2025-12-06 13:22:46,449 - INFO - 
[893/1500] Processing G.R. No. 167583
2025-12-06 13:22:46,449 - INFO -   Title: Artistica Ceramica, Inc., Ceralinda, Inc. Cyber Ceramics, In...
2025-12-06 13:22:46,912 - INFO -   ✓ Saved: RESTRUCTURED_DB/2010/jun/167583.json
2025-12-06 13:22:47,412 - INFO - 
[894/1500] Processing G.R. No. 167606
2025-12-06 13:22:47,412 - INFO -   Title: Commissioner of Internal Revenue vs. Fort Bonifacio Developm...
2025-12-06 13:22:47,660 - INFO -   ✓ Saved: RESTRUCTURED_DB/2010/aug/167606.json
2025-12-06 13:22:48,160 - INFO - 
[895/1500] Processing G.R. No. 167622
2025-12-06 13:22:48,160 - INFO -   Title: Gregorio V. Tongko vs. the Manufacturers Life Insurance Co. ...
2025-12-06 13:22:48,855 - INFO -   ✓ Saved: RESTRUCTURED_DB/2010/jun/167622.json
2025-12-06 13:22:49,355 - INFO - 
[896/1500] Processing G.R. No. 167678
2025-12-06 13:22:49,355 - INFO -   Title: Southeastern Shipping, Southeastern Shipping Group, Ltd. vs....
2025-12-06 13:22:49,603 - INFO -   ✓ Saved: RESTRUCTURED_DB/2010/jun/167678.json
2025-12-06 13:22:50,103 - INFO - 
[897/1500] Processing G.R. No. 167715
2025-12-06 13:22:50,103 - INFO -   Title: Phil Pharmawealth, Inc. vs. Pfizer, Inc and Pfizer (Phil.) I...
2025-12-06 13:22:50,568 - INFO -   ✓ Saved: RESTRUCTURED_DB/2010/nov/167715.json
2025-12-06 13:22:51,068 - INFO - 
[898/1500] Processing G.R. No. 167750
2025-12-06 13:22:51,068 - INFO -   Title: Bank of the Philippines Islands vs. Reynald R. Suarez...
2025-12-06 13:22:51,316 - INFO -   ✓ Saved: RESTRUCTURED_DB/2010/mar/167750.json
2025-12-06 13:22:51,816 - INFO - 
[899/1500] Processing G.R. No. 167766
2025-12-06 13:22:51,816 - INFO -   Title: Engr. Carlito Pentecostes, Jr. vs. People of the Philippines...
2025-12-06 13:22:52,279 - INFO -   ✓ Saved: RESTRUCTURED_DB/2010/apr/167766.json
2025-12-06 13:22:52,779 - INFO - 
[900/1500] Processing G.R. No. 167824
2025-12-06 13:22:52,779 - INFO -   Title: Geraldine Gaw Guy and Grace Guy Cheu vs. Alvin Agustin T. Ig...
2025-12-06 13:22:53,243 - INFO -   ✓ Saved: RESTRUCTURED_DB/2010/jul/167824.json
2025-12-06 13:22:53,744 - INFO - 
[901/1500] Processing G.R. No. 167835
2025-12-06 13:22:53,744 - INFO -   Title: Sps. Alfredo and Encarnacion Ching vs. Family Savings Bank a...
2025-12-06 13:22:54,210 - INFO -   ✓ Saved: RESTRUCTURED_DB/2010/nov/167835.json
2025-12-06 13:22:54,710 - INFO - 
[902/1500] Processing G.R. No. 167874
2025-12-06 13:22:54,710 - INFO -   Title: Spouses Carmen Tongson and Jose Tongson vs. Emergency Pawnsh...
2025-12-06 13:22:54,959 - INFO -   ✓ Saved: RESTRUCTURED_DB/2010/jan/167874.json
2025-12-06 13:22:55,459 - INFO - 
[903/1500] Processing G.R. No. 167891
2025-12-06 13:22:55,459 - INFO -   Title: Sps. Jesus Fajardo and Emer Fajardo vs. Anita R. Flores, ass...
2025-12-06 13:22:55,707 - INFO -   ✓ Saved: RESTRUCTURED_DB/2010/jan/167891.json
2025-12-06 13:22:56,207 - INFO - 
[904/1500] Processing G.R. No. 167942
2025-12-06 13:22:56,207 - INFO -   Title: Asian Construction and Development Corporation vs. Cathay Pa...
2025-12-06 13:22:56,454 - INFO -   ✓ Saved: RESTRUCTURED_DB/2010/jun/167942.json
2025-12-06 13:22:56,954 - INFO - 
[905/1500] Processing G.R. No. 167976
2025-12-06 13:22:56,954 - INFO -   Title: Rosario T. Florendo, for Herself and the Other Heirs of the ...
2025-12-06 13:22:57,418 - INFO -   ✓ Saved: RESTRUCTURED_DB/2010/jan/167976.json
2025-12-06 13:22:57,918 - INFO - 
[906/1500] Processing G.R. No. 168062
2025-12-06 13:22:57,918 - INFO -   Title: Victorias Milling Company, Inc. vs. CA and International Pha...
2025-12-06 13:22:58,164 - INFO -   ✓ Saved: RESTRUCTURED_DB/2010/jun/168062.json
2025-12-06 13:22:58,665 - INFO - 
[907/1500] Processing G.R. No. 168103
2025-12-06 13:22:58,665 - INFO -   Title: People of the Philippines vs. Alejandro Rellota y Tadeo...
2025-12-06 13:22:59,131 - INFO -   ✓ Saved: RESTRUCTURED_DB/2010/aug/168103.json
2025-12-06 13:22:59,631 - INFO - 
[908/1500] Processing G.R. No. 168164
2025-12-06 13:22:59,631 - INFO -   Title: Vicente Adriano vs. Alice M. Tanco, et al....
2025-12-06 13:22:59,879 - INFO -   ✓ Saved: RESTRUCTURED_DB/2010/jul/168164.json
2025-12-06 13:23:00,379 - INFO - 
[909/1500] Processing G.R. No. 168169
2025-12-06 13:23:00,379 - INFO -   Title: People of the Philippines vs. Alberto Tabarnero and Gary Tab...
2025-12-06 13:23:00,845 - INFO -   ✓ Saved: RESTRUCTURED_DB/2010/feb/168169.json
2025-12-06 13:23:01,345 - INFO - 
[910/1500] Processing G.R. No. 168203
2025-12-06 13:23:01,345 - INFO -   Title: National Electrification Administration vs. Val L. Villanuev...
2025-12-06 13:23:01,593 - INFO -   ✓ Saved: RESTRUCTURED_DB/2010/mar/168203.json
2025-12-06 13:23:02,093 - INFO - 
[911/1500] Processing G.R. No. 168266
2025-12-06 13:23:02,093 - INFO -   Title: Cargill, Inc. vs. Intra Strata Assurance Corporation...
2025-12-06 13:23:02,557 - INFO -   ✓ Saved: RESTRUCTURED_DB/2010/mar/168266.json
2025-12-06 13:23:03,058 - INFO - 
[912/1500] Processing G.R. No. 168289
2025-12-06 13:23:03,058 - INFO -   Title: The Municipality of Hagonoy, Bulacan, represented by the Hon...
2025-12-06 13:23:03,522 - INFO -   ✓ Saved: RESTRUCTURED_DB/2010/mar/168289.json
2025-12-06 13:23:04,022 - INFO - 
[913/1500] Processing G.R. No. 168313
2025-12-06 13:23:04,022 - INFO -   Title: Bank of the Philippine Islands vs. Hon. Court of Appeals, et...
2025-12-06 13:23:04,485 - INFO -   ✓ Saved: RESTRUCTURED_DB/2010/oct/168313.json
2025-12-06 13:23:04,986 - INFO - 
[914/1500] Processing G.R. No. 168325
2025-12-06 13:23:04,986 - INFO -   Title: Roberto D. Tuazon vs. Lourdes Q. Del Rosario-Suarez, et al....
2025-12-06 13:23:05,235 - INFO -   ✓ Saved: RESTRUCTURED_DB/2010/dec/168325.json
2025-12-06 13:23:05,735 - INFO - 
[915/1500] Processing G.R. No. 168386
2025-12-06 13:23:05,735 - INFO -   Title: Lucita A. Cantoja vs. Harry S. Lim...
2025-12-06 13:23:05,982 - INFO -   ✓ Saved: RESTRUCTURED_DB/2010/mar/168386.json
2025-12-06 13:23:06,482 - INFO - 
[916/1500] Processing G.R. No. 168387
2025-12-06 13:23:06,482 - INFO -   Title: Salun-at Marquez, et al. vs. Eloisa Espejo, et al....
2025-12-06 13:23:06,948 - INFO -   ✓ Saved: RESTRUCTURED_DB/2010/aug/168387.json
2025-12-06 13:23:07,448 - INFO - 
[917/1500] Processing G.R. No. 168495
2025-12-06 13:23:07,448 - INFO -   Title: Dansart Security Force & Allied Services Company and Danilo ...
2025-12-06 13:23:07,695 - INFO -   ✓ Saved: RESTRUCTURED_DB/2010/jul/168495.json
2025-12-06 13:23:08,195 - INFO - 
[918/1500] Processing G.R. No. 168583
2025-12-06 13:23:08,195 - INFO -   Title: Atty. Allan S. Montaño vs. Atty Ernesto C. Verceles...
2025-12-06 13:23:08,659 - INFO -   ✓ Saved: RESTRUCTURED_DB/2010/jul/168583.json
2025-12-06 13:23:09,159 - INFO - 
[919/1500] Processing G.R. No. 168627
2025-12-06 13:23:09,159 - INFO -   Title: People of the Philippines vs. Reynaldo Bayon y Ramos...
2025-12-06 13:23:09,407 - INFO -   ✓ Saved: RESTRUCTURED_DB/2010/jul/168627.json
2025-12-06 13:23:09,908 - INFO - 
[920/1500] Processing G.R. No. 168644
2025-12-06 13:23:09,908 - INFO -   Title: BSB Group, Inc, represented by its President, Mr. Ricardo Ba...
2025-12-06 13:23:10,372 - INFO -   ✓ Saved: RESTRUCTURED_DB/2010/feb/168644.json
2025-12-06 13:23:10,872 - INFO - 
[921/1500] Processing G.R. No. 168656
2025-12-06 13:23:10,872 - INFO -   Title: Dimson (Manila), Inc. and Phesco, Inc. vs. Local Water Utili...
2025-12-06 13:23:11,120 - INFO -   ✓ Saved: RESTRUCTURED_DB/2010/sep/168656.json
2025-12-06 13:23:11,620 - INFO - 
[922/1500] Processing G.R. No. 168672
2025-12-06 13:23:11,620 - INFO -   Title: Equitable PCI Bank, Inc. vs. DNG Realty and Development Corp...
2025-12-06 13:23:12,084 - INFO -   ✓ Saved: RESTRUCTURED_DB/2010/aug/168672.json
2025-12-06 13:23:12,584 - INFO - 
[923/1500] Processing G.R. No. 168692
2025-12-06 13:23:12,584 - INFO -   Title: Francisco Tayco, substituted by Lecresia Tayco and Noel Tayc...
2025-12-06 13:23:13,047 - INFO -   ✓ Saved: RESTRUCTURED_DB/2010/dec/168692.json
2025-12-06 13:23:13,547 - INFO - 
[924/1500] Processing G.R. No. 168707
2025-12-06 13:23:13,548 - INFO -   Title: Marla Macadaeg Laurel vs. Social Secutirty System, etc., et ...
2025-12-06 13:23:13,794 - INFO -   ✓ Saved: RESTRUCTURED_DB/2010/sep/168707.json
2025-12-06 13:23:14,294 - INFO - 
[925/1500] Processing G.R. No. 168715
2025-12-06 13:23:14,294 - INFO -   Title: Medline Management, Inc. and Grecomar Shipping Agency vs. Gl...
2025-12-06 13:23:14,758 - INFO -   ✓ Saved: RESTRUCTURED_DB/2010/sep/168715.json
2025-12-06 13:23:15,259 - INFO - 
[926/1500] Processing G.R. No. 168726
2025-12-06 13:23:15,259 - INFO -   Title: Pio Delos Reyes, represented by heirs Fidel delos Reyes, et ...
2025-12-06 13:23:15,505 - INFO -   ✓ Saved: RESTRUCTURED_DB/2010/mar/168726.json
2025-12-06 13:23:16,006 - INFO - 
[927/1500] Processing G.R. No. 168726
2025-12-06 13:23:16,006 - INFO -   Title: Pio Delos Reyes, represented by heirs Fidel delos Reyes, et ...
2025-12-06 13:23:16,252 - INFO -   Case already exists: RESTRUCTURED_DB/2010/mar/168726.json
2025-12-06 13:23:16,752 - INFO - 
[928/1500] Processing G.R. No. 168785
2025-12-06 13:23:16,752 - INFO -   Title: Herald Black Dacasin vs. Sharon Del Mundo Dacasin...
2025-12-06 13:23:17,216 - INFO -   ✓ Saved: RESTRUCTURED_DB/2010/feb/168785.json
2025-12-06 13:23:17,716 - INFO - 
[929/1500] Processing G.R. No. 168796
2025-12-06 13:23:17,716 - INFO -   Title: Silvino A. Ligeralde vs. May Ascension A. Patalinghug, et al...
2025-12-06 13:23:17,963 - INFO -   ✓ Saved: RESTRUCTURED_DB/2010/apr/168796.json
2025-12-06 13:23:18,463 - INFO - 
[930/1500] Processing G.R. No. 168840
2025-12-06 13:23:18,463 - INFO -   Title: Enrique Miguel L. Lacson vs. MJ Lacson Development Company, ...
2025-12-06 13:23:18,926 - INFO -   ✓ Saved: RESTRUCTURED_DB/2010/dec/168840.json
2025-12-06 13:23:19,427 - INFO - 
[931/1500] Processing G.R. No. 168842
2025-12-06 13:23:19,427 - INFO -   Title: Vicente Go vs. Metropolitan Bank and Trust Co....
2025-12-06 13:23:19,889 - INFO -   ✓ Saved: RESTRUCTURED_DB/2010/aug/168842.json
2025-12-06 13:23:20,390 - INFO - 
[932/1500] Processing G.R. No. 168959
2025-12-06 13:23:20,390 - INFO -   Title: Napoleon Magno vs. Gonzalo Francisco and Regina vda, De Laza...
2025-12-06 13:23:20,855 - INFO -   ✓ Saved: RESTRUCTURED_DB/2010/mar/168959.json
2025-12-06 13:23:21,355 - INFO - 
[933/1500] Processing G.R. No. 168960
2025-12-06 13:23:21,355 - INFO -   Title: Amelia B. Hebron vs. Franco L. Loyola, et al....
2025-12-06 13:23:21,602 - INFO -   ✓ Saved: RESTRUCTURED_DB/2010/jul/168960.json
2025-12-06 13:23:22,103 - INFO - 
[934/1500] Processing G.R. No. 168967
2025-12-06 13:23:22,103 - INFO -   Title: City of Iloilo, represented by Hon. Jerry P. Treñas, City Ma...
2025-12-06 13:23:22,566 - INFO -   ✓ Saved: RESTRUCTURED_DB/2010/feb/168967.json
2025-12-06 13:23:23,066 - INFO - 
[935/1500] Processing G.R. No. 168970
2025-12-06 13:23:23,066 - INFO -   Title: Celestino Balus vs. Saturnino Balus and Leonarda Balus vda. ...
2025-12-06 13:23:23,313 - INFO -   ✓ Saved: RESTRUCTURED_DB/2010/jan/168970.json
2025-12-06 13:23:23,814 - INFO - 
[936/1500] Processing G.R. No. 169004
2025-12-06 13:23:23,814 - INFO -   Title: People of the Philippines vs. Sandiganbayan and Rolando Pizz...
2025-12-06 13:23:24,277 - INFO -   ✓ Saved: RESTRUCTURED_DB/2010/sep/169004.json
2025-12-06 13:23:24,777 - INFO - 
[937/1500] Processing G.R. No. 169067
2025-12-06 13:23:24,777 - INFO -   Title: Republic of the Philippines vs. Angelo B. Malabanan, et al....
2025-12-06 13:23:25,024 - INFO -   ✓ Saved: RESTRUCTURED_DB/2010/oct/169067.json
2025-12-06 13:23:25,524 - INFO - 
[938/1500] Processing G.R. No. 169122
2025-12-06 13:23:25,524 - INFO -   Title: Marcelino Domingo vs. Court of Appeals, et al....
2025-12-06 13:23:25,988 - INFO -   ✓ Saved: RESTRUCTURED_DB/2010/feb/169122.json
2025-12-06 13:23:26,488 - INFO - 
[939/1500] Processing G.R. No. 169135
2025-12-06 13:23:26,488 - INFO -   Title: Jose dela Reyes vs. Josephine Anne B. Ramnani...
2025-12-06 13:23:26,735 - INFO -   ✓ Saved: RESTRUCTURED_DB/2010/jun/169135.json
2025-12-06 13:23:27,235 - INFO - 
[940/1500] Processing G.R. No. 169170
2025-12-06 13:23:27,235 - INFO -   Title: D.M. Consunji, Inc. vs. Antonio Gobres, et al....
2025-12-06 13:23:27,698 - INFO -   ✓ Saved: RESTRUCTURED_DB/2010/aug/169170.json
2025-12-06 13:23:28,198 - INFO - 
[941/1500] Processing G.R. No. 169195
2025-12-06 13:23:28,198 - INFO -   Title: Francisco Aparis y Santos vs. People of the Philippines...
2025-12-06 13:23:28,662 - INFO -   ✓ Saved: RESTRUCTURED_DB/2010/feb/169195.json
2025-12-06 13:23:29,163 - INFO - 
[942/1500] Processing G.R. No. 169202
2025-12-06 13:23:29,163 - INFO -   Title: Ma. Virginia V. Remo vs. the Honorable Secretary of Foreign ...
2025-12-06 13:23:29,410 - INFO -   ✓ Saved: RESTRUCTURED_DB/2010/mar/169202.json
2025-12-06 13:23:29,911 - INFO - 
[943/1500] Processing G.R. No. 169202
2025-12-06 13:23:29,911 - INFO -   Title: Ma. Virginia V. Remo vs. the Honorable Secretary of Foreign ...
2025-12-06 13:23:30,157 - INFO -   Case already exists: RESTRUCTURED_DB/2010/mar/169202.json
2025-12-06 13:23:30,658 - INFO - 
[944/1500] Processing G.R. No. 169207
2025-12-06 13:23:30,658 - INFO -   Title: WPP Marketing Communications, Inc. et al. vs. Jocelyn M. Gal...
2025-12-06 13:23:31,122 - INFO -   ✓ Saved: RESTRUCTURED_DB/2010/mar/169207.json
2025-12-06 13:23:31,623 - INFO - 
[945/1500] Processing G.R. No. 169225
2025-12-06 13:23:31,623 - INFO -   Title: Commissioner of Internal Revenue vs. Hambrecht & Quist Phili...
2025-12-06 13:23:31,870 - INFO -   ✓ Saved: RESTRUCTURED_DB/2010/nov/169225.json
2025-12-06 13:23:32,370 - INFO - 
[946/1500] Processing G.R. No. 169227
2025-12-06 13:23:32,370 - INFO -   Title: Philippine Rural Reconstruction vs. Virgilio Pulgar...
2025-12-06 13:23:32,834 - INFO -   ✓ Saved: RESTRUCTURED_DB/2010/jul/169227.json
2025-12-06 13:23:33,334 - INFO - 
[947/1500] Processing G.R. No. 169336
2025-12-06 13:23:33,334 - INFO -   Title: Spouses Melchor, et al. vs. Ronald B. Bernal, et al....
2025-12-06 13:23:33,583 - INFO -   ✓ Saved: RESTRUCTURED_DB/2010/mar/169336.json
2025-12-06 13:23:34,083 - INFO - 
[948/1500] Processing G.R. No. 169345
2025-12-06 13:23:34,083 - INFO -   Title: Dee Ping Wee, Araceli Wee & Marina U. Tan vs. Lee Hiong Wee ...
2025-12-06 13:23:34,550 - INFO -   ✓ Saved: RESTRUCTURED_DB/2010/aug/169345.json
2025-12-06 13:23:35,050 - INFO - 
[949/1500] Processing G.R. No. 169449
2025-12-06 13:23:35,050 - INFO -   Title: Teresita G. Narvasa vs. Benjamin A. Sanchez, Jr....
2025-12-06 13:23:35,297 - INFO -   ✓ Saved: RESTRUCTURED_DB/2010/mar/169449.json
2025-12-06 13:23:35,798 - INFO - 
[950/1500] Processing G.R. No. 169467
2025-12-06 13:23:35,798 - INFO -   Title: Alfredo P. Pacis and Cleopatra D. Pacis vs. Jerome Jovanne M...
2025-12-06 13:23:36,260 - INFO -   ✓ Saved: RESTRUCTURED_DB/2010/feb/169467.json
2025-12-06 13:23:36,760 - INFO - 
[951/1500] Processing G.R. No. 169481
2025-12-06 13:23:36,760 - INFO -   Title: Republic of the Philippines vs. Heirs of Julio Ramos, repres...
2025-12-06 13:23:37,224 - INFO -   ✓ Saved: RESTRUCTURED_DB/2010/feb/169481.json
2025-12-06 13:23:37,724 - INFO - 
[952/1500] Processing G.R. No. 169493
2025-12-06 13:23:37,724 - INFO -   Title: Sta. Clara Shipping Corporation vs. Eugenia T. San Pablo...
2025-12-06 13:23:37,972 - INFO -   ✓ Saved: RESTRUCTURED_DB/2010/mar/169493.json
2025-12-06 13:23:38,472 - INFO - 
[953/1500] Processing G.R. No. 169523
2025-12-06 13:23:38,472 - INFO -   Title: Lima Land, Inc., Leandro Javier, Sylvia Duque and Premy Ann ...
2025-12-06 13:23:38,936 - INFO -   ✓ Saved: RESTRUCTURED_DB/2010/jun/169523.json
2025-12-06 13:23:39,436 - INFO - 
[954/1500] Processing G.R. No. 169548
2025-12-06 13:23:39,436 - INFO -   Title: Titan Construction Corporation vs. Manuel A. David, Sr. and ...
2025-12-06 13:23:39,900 - INFO -   ✓ Saved: RESTRUCTURED_DB/2010/mar/169548.json
2025-12-06 13:23:40,400 - INFO - 
[955/1500] Processing G.R. No. 169569
2025-12-06 13:23:40,400 - INFO -   Title: Ramon Torres and Jessie Belarmino vs. Spouses Vihinzky Alama...
2025-12-06 13:23:40,647 - INFO -   ✓ Saved: RESTRUCTURED_DB/2010/aug/169569.json
2025-12-06 13:23:41,147 - INFO - 
[956/1500] Processing G.R. No. 169704
2025-12-06 13:23:41,147 - INFO -   Title: Albert Teng vs. Alfredo S. Pahagac, et al....
2025-12-06 13:23:41,617 - INFO -   ✓ Saved: RESTRUCTURED_DB/2010/nov/169704.json
2025-12-06 13:23:42,117 - INFO - 
[957/1500] Processing G.R. No. 169706
2025-12-06 13:23:42,117 - INFO -   Title: Spouses William Genato and Rebecca Genato vs. Rita Viola...
2025-12-06 13:23:42,592 - INFO -   ✓ Saved: RESTRUCTURED_DB/2010/feb/169706.json
2025-12-06 13:23:43,092 - INFO - 
[958/1500] Processing G.R. No. 169711
2025-12-06 13:23:43,092 - INFO -   Title: Heirs of Sarah Marie Palma Burgos vs. Court of Appeals and J...
2025-12-06 13:23:43,339 - INFO -   ✓ Saved: RESTRUCTURED_DB/2010/feb/169711.json
2025-12-06 13:23:43,840 - INFO - 
[959/1500] Processing G.R. No. 169718
2025-12-06 13:23:43,840 - INFO -   Title: Dante Datu y Hernandez vs. People of the Philippines...
2025-12-06 13:23:44,776 - INFO -   ✓ Saved: RESTRUCTURED_DB/2010/dec/169718.json
2025-12-06 13:23:45,276 - INFO - 
[960/1500] Processing G.R. No. 169725
2025-12-06 13:23:45,276 - INFO -   Title: Ricardo V. Castillo vs. Uniwide Warehouse Club, Inc. and/or ...
2025-12-06 13:23:45,741 - INFO -   ✓ Saved: RESTRUCTURED_DB/2010/apr/169725.json
2025-12-06 13:23:46,241 - INFO - 
[961/1500] Processing G.R. No. 169726
2025-12-06 13:23:46,241 - INFO -   Title: Department of Budget and Management (DBM) vs. Olivia D. Leon...
2025-12-06 13:23:46,703 - INFO -   ✓ Saved: RESTRUCTURED_DB/2010/mar/169726.json
2025-12-06 13:23:47,203 - INFO - 
[962/1500] Processing G.R. No. 169761
2025-12-06 13:23:47,203 - INFO -   Title: Arra Realty Corporation, et al. vs. Paces Industrial Corpora...
2025-12-06 13:23:47,451 - INFO -   ✓ Saved: RESTRUCTURED_DB/2010/dec/169761.json
2025-12-06 13:23:47,951 - INFO - 
[963/1500] Processing G.R. No. 169858
2025-12-06 13:23:47,951 - INFO -   Title: Juanito Geronimo, et al. vs. the Heirs of Carlito Geronimo r...
2025-12-06 13:23:48,198 - INFO -   ✓ Saved: RESTRUCTURED_DB/2010/jan/169858.json
2025-12-06 13:23:48,699 - INFO - 
[964/1500] Processing G.R. No. 169900
2025-12-06 13:23:48,699 - INFO -   Title: Mario Siochi vs. Alfredo Gozon, et al./Inter-Dimensional Rea...
2025-12-06 13:23:49,161 - INFO -   ✓ Saved: RESTRUCTURED_DB/2010/mar/169900.json
2025-12-06 13:23:49,662 - INFO - 
[965/1500] Processing G.R. No. 169958
2025-12-06 13:23:49,662 - INFO -   Title: Department of Justice Secretary Raul M. Gonzalez, et al. vs....
2025-12-06 13:23:50,125 - INFO -   ✓ Saved: RESTRUCTURED_DB/2010/mar/169958.json
2025-12-06 13:23:50,625 - INFO - 
[966/1500] Processing G.R. No. 169958
2025-12-06 13:23:50,625 - INFO -   Title: Department of Justice Secretary Raul M. Gonzalez, et al. vs....
2025-12-06 13:23:51,088 - INFO -   Case already exists: RESTRUCTURED_DB/2010/mar/169958.json
2025-12-06 13:23:51,588 - INFO - 
[967/1500] Processing G.R. No. 169965
2025-12-06 13:23:51,588 - INFO -   Title: Carlos V. Valenzuela vs. Caltex Philippines, Inc....
2025-12-06 13:23:51,836 - INFO -   ✓ Saved: RESTRUCTURED_DB/2010/dec/169965.json
2025-12-06 13:23:52,336 - INFO - 
[968/1500] Processing G.R. No. 169974
2025-12-06 13:23:52,336 - INFO -   Title: Superior Commercial Enterprises, Inc. vs. Kunnan Enterprises...
2025-12-06 13:23:52,803 - INFO -   ✓ Saved: RESTRUCTURED_DB/2010/apr/169974.json
2025-12-06 13:23:53,303 - INFO - 
[969/1500] Processing G.R. No. 169975
2025-12-06 13:23:53,303 - INFO -   Title: Pan Pacific Service Contractors, Inc. et al. vs. Equitable P...
2025-12-06 13:23:53,553 - INFO -   ✓ Saved: RESTRUCTURED_DB/2010/mar/169975.json
2025-12-06 13:23:54,053 - INFO - 
[970/1500] Processing G.R. No. 169999
2025-12-06 13:23:54,054 - INFO -   Title: New Puerto Commercial and Richard Lim vs. Rodel Lopez and Fe...
2025-12-06 13:23:54,301 - INFO -   ✓ Saved: RESTRUCTURED_DB/2010/jul/169999.json
2025-12-06 13:23:54,801 - INFO - 
[971/1500] Processing G.R. No. 170073
2025-12-06 13:23:54,801 - INFO -   Title: Spouses Ramy and Zenaida Pudadera vs. Ireneo Magallanes and ...
2025-12-06 13:23:55,267 - INFO -   ✓ Saved: RESTRUCTURED_DB/2010/oct/170073.json
2025-12-06 13:23:55,767 - INFO - 
[972/1500] Processing G.R. No. 170146
2025-12-06 13:23:55,767 - INFO -   Title: Hon. Waldo Q. Flores, et al. vs. Atty. Antonio F. Montemayor...
2025-12-06 13:23:56,230 - INFO -   ✓ Saved: RESTRUCTURED_DB/2010/aug/170146.json
2025-12-06 13:23:56,731 - INFO - 
[973/1500] Processing G.R. No. 170189
2025-12-06 13:23:56,731 - INFO -   Title: Spouses Elegio Cañego and Dolia Cañezo vs. Spouses Apolinari...
2025-12-06 13:23:56,978 - INFO -   ✓ Saved: RESTRUCTURED_DB/2010/sep/170189.json
2025-12-06 13:23:57,478 - INFO - 
[974/1500] Processing G.R. No. 170207
2025-12-06 13:23:57,478 - INFO -   Title: Vicente Cawis, etc., et al. vs. Hon. Antonio Cerilles, etc....
2025-12-06 13:23:57,941 - INFO -   ✓ Saved: RESTRUCTURED_DB/2010/apr/170207.json
2025-12-06 13:23:58,441 - INFO - 
[975/1500] Processing G.R. No. 170241
2025-12-06 13:23:58,441 - INFO -   Title: Philippine Savings Bank vs. Spouses Dionisio Geronimo, et al...
2025-12-06 13:23:58,904 - INFO -   ✓ Saved: RESTRUCTURED_DB/2010/apr/170241.json
2025-12-06 13:23:59,404 - INFO - 
[976/1500] Processing G.R. No. 170256
2025-12-06 13:23:59,404 - INFO -   Title: Alvin B. Garcia vs. Commission on Elections and Tomas R. Osm...
2025-12-06 13:23:59,868 - INFO -   ✓ Saved: RESTRUCTURED_DB/2010/jan/170256.json
2025-12-06 13:24:00,368 - INFO - 
[977/1500] Processing G.R. No. 170289
2025-12-06 13:24:00,369 - INFO -   Title: Rosie Quidet vs. People of the Philippines...
2025-12-06 13:24:00,832 - INFO -   ✓ Saved: RESTRUCTURED_DB/2010/apr/170289.json
2025-12-06 13:24:01,332 - INFO - 
[978/1500] Processing G.R. No. 170365
2025-12-06 13:24:01,333 - INFO -   Title: Abdul Gaffar P.M. Dibaratun vs. Commission on Elections, et ...
2025-12-06 13:24:01,796 - INFO -   ✓ Saved: RESTRUCTURED_DB/2010/feb/170365.json
2025-12-06 13:24:02,296 - INFO - 
[979/1500] Processing G.R. No. 170375
2025-12-06 13:24:02,296 - INFO -   Title: Republic of the Philippines vs. Hon. Mamindiara P. Mangotara...
2025-12-06 13:24:02,543 - INFO -   ✓ Saved: RESTRUCTURED_DB/2010/oct/170375.json
2025-12-06 13:24:03,043 - INFO - 
[980/1500] Processing G.R. No. 170375
2025-12-06 13:24:03,043 - INFO -   Title: Republic of the Philippines vs. Hon. Mamindiara P. Mangotara...
2025-12-06 13:24:03,956 - INFO -   ✓ Saved: RESTRUCTURED_DB/2010/jul/170375.json
2025-12-06 13:24:04,456 - INFO - 
[981/1500] Processing G.R. No. 170389
2025-12-06 13:24:04,456 - INFO -   Title: Republic of the Philippines., represented by the Hon. Commis...
2025-12-06 13:24:04,705 - INFO -   ✓ Saved: RESTRUCTURED_DB/2010/oct/170389.json
2025-12-06 13:24:05,205 - INFO - 
[982/1500] Processing G.R. No. 170405
2025-12-06 13:24:05,205 - INFO -   Title: Raymundo S. De Leon vs. Republic of the Philippines...
2025-12-06 13:24:05,453 - INFO -   ✓ Saved: RESTRUCTURED_DB/2010/feb/170405.json
2025-12-06 13:24:05,953 - INFO - 
[983/1500] Processing G.R. No. 170414
2025-12-06 13:24:05,954 - INFO -   Title: Government Service Insurance System vs. Pacific Airways Corp...
2025-12-06 13:24:06,418 - INFO -   ✓ Saved: RESTRUCTURED_DB/2010/aug/170414.json
2025-12-06 13:24:06,919 - INFO - 
[984/1500] Processing G.R. No. 170464
2025-12-06 13:24:06,919 - INFO -   Title: Lambert Pawnbrokers and Jewelry corporation and Lambert Lim ...
2025-12-06 13:24:07,167 - INFO -   ✓ Saved: RESTRUCTURED_DB/2010/jul/170464.json
2025-12-06 13:24:07,667 - INFO - 
[985/1500] Processing G.R. No. 170483
2025-12-06 13:24:07,667 - INFO -   Title: Manuel Bungcayao, Sr. etc. vs. Fort ilocandia Property Holdi...
2025-12-06 13:24:07,914 - INFO -   ✓ Saved: RESTRUCTURED_DB/2010/apr/170483.json
2025-12-06 13:24:08,414 - INFO - 
[986/1500] Processing G.R. No. 170515
2025-12-06 13:24:08,414 - INFO -   Title: Marmosy Trading, Inc. and Victor Morales vs. Court of Appeal...
2025-12-06 13:24:08,877 - INFO -   ✓ Saved: RESTRUCTURED_DB/2010/may/170515.json
2025-12-06 13:24:09,378 - INFO - 
[987/1500] Processing G.R. No. 170599
2025-12-06 13:24:09,378 - INFO -   Title: Public Hearing Committee of the Laguna Lake Development Auth...
2025-12-06 13:24:09,841 - INFO -   ✓ Saved: RESTRUCTURED_DB/2010/sep/170599.json
2025-12-06 13:24:10,342 - INFO - 
[988/1500] Processing G.R. No. 170623
2025-12-06 13:24:10,342 - INFO -   Title: A.Z. Arnaiz Realty, Inc. represented by Carmen Z. Arnaiz vs....
2025-12-06 13:24:10,805 - INFO -   ✓ Saved: RESTRUCTURED_DB/2010/jul/170623.json
2025-12-06 13:24:11,305 - INFO - 
[989/1500] Processing G.R. No. 170645
2025-12-06 13:24:11,305 - INFO -   Title: Nieves Estares Baldos, substituted by Francisco Baldos and M...
2025-12-06 13:24:11,552 - INFO -   ✓ Saved: RESTRUCTURED_DB/2010/jul/170645.json
2025-12-06 13:24:12,052 - INFO - 
[990/1500] Processing G.R. No. 170673
2025-12-06 13:24:12,052 - INFO -   Title: Presidential Commission on Good Government vs. Silangan Inve...
2025-12-06 13:24:13,025 - WARNING -   ✗ Could not fetch case from any URL
2025-12-06 13:24:13,025 - INFO - 
[991/1500] Processing G.R. No. 170685
2025-12-06 13:24:13,025 - INFO -   Title: Land Bank of the Philippines vs. Enrique Livioco...
2025-12-06 13:24:13,709 - INFO -   ✓ Saved: RESTRUCTURED_DB/2010/sep/170685.json
2025-12-06 13:24:14,209 - INFO - 
[992/1500] Processing G.R. No. 170693
2025-12-06 13:24:14,209 - INFO -   Title: Emilia Micking Vda. De Coronel, et al. vs. Miguel Tanjangco,...
2025-12-06 13:24:14,458 - INFO -   ✓ Saved: RESTRUCTURED_DB/2010/aug/170693.json
2025-12-06 13:24:14,958 - INFO - 
[993/1500] Processing G.R. No. 170697
2025-12-06 13:24:14,958 - INFO -   Title: Hon. Primo C. Miro, etc. vs. Reynaldo M. Dosono...
2025-12-06 13:24:15,206 - INFO -   ✓ Saved: RESTRUCTURED_DB/2010/apr/170697.json
2025-12-06 13:24:15,706 - INFO - 
[994/1500] Processing G.R. No. 170830
2025-12-06 13:24:15,706 - INFO -   Title: PHIMCO Industries, Inc. vs. PHIMCO Industries Labor Associat...
2025-12-06 13:24:16,174 - INFO -   ✓ Saved: RESTRUCTURED_DB/2010/aug/170830.json
2025-12-06 13:24:16,674 - INFO - 
[995/1500] Processing G.R. No. 170847
2025-12-06 13:24:16,674 - INFO -   Title: Government Service Insurance System vs. Felicitas Zarate, as...
2025-12-06 13:24:16,920 - INFO -   ✓ Saved: RESTRUCTURED_DB/2010/aug/170847.json
2025-12-06 13:24:17,421 - INFO - 
[996/1500] Processing G.R. No. 170864
2025-12-06 13:24:17,421 - INFO -   Title: Nelson Lagazo vs. Gerald B. Soriano and Galileo B. Soriano...
2025-12-06 13:24:17,668 - INFO -   ✓ Saved: RESTRUCTURED_DB/2010/feb/170864.json
2025-12-06 13:24:18,168 - INFO - 
[997/1500] Processing G.R. No. 170912
2025-12-06 13:24:18,168 - INFO -   Title: Roberto Dino vs. Maria Luisa Judal-Loot, joined by her husba...
2025-12-06 13:24:18,631 - INFO -   ✓ Saved: RESTRUCTURED_DB/2010/apr/170912.json
2025-12-06 13:24:19,131 - INFO - 
[998/1500] Processing G.R. No. 170956
2025-12-06 13:24:19,131 - INFO -   Title: Felisa Ferrer vs. Domingo Carganillo, et al....
2025-12-06 13:24:19,815 - INFO -   ✓ Saved: RESTRUCTURED_DB/2010/may/170956.json
2025-12-06 13:24:20,315 - INFO - 
[999/1500] Processing G.R. No. 171015
2025-12-06 13:24:20,315 - INFO -   Title: Continental Watchman and Security Agency, Inc. vs. National ...
2025-12-06 13:24:20,563 - INFO -   ✓ Saved: RESTRUCTURED_DB/2010/aug/171015.json
2025-12-06 13:24:21,063 - INFO - 
[1000/1500] Processing G.R. No. 171033
2025-12-06 13:24:21,063 - INFO -   Title: City Mayor, et al. vs. Rizal Commercial Banking Corporation...
2025-12-06 13:24:21,526 - INFO -   ✓ Saved: RESTRUCTURED_DB/2010/aug/171033.json
2025-12-06 13:24:22,026 - INFO - 
[1001/1500] Processing G.R. No. 171092
2025-12-06 13:24:22,026 - INFO -   Title: Edna Diago Lhuillier vs. British Airways...
2025-12-06 13:24:22,491 - INFO -   ✓ Saved: RESTRUCTURED_DB/2010/mar/171092.json
2025-12-06 13:24:22,991 - INFO - 
[1002/1500] Processing G.R. No. 171115
2025-12-06 13:24:22,991 - INFO -   Title: Nagkakaisang Lakas ng Manggagawa sa Keihin (NLMK-OLALIA-KMU)...
2025-12-06 13:24:23,239 - INFO -   ✓ Saved: RESTRUCTURED_DB/2010/aug/171115.json
2025-12-06 13:24:23,739 - INFO - 
[1003/1500] Processing G.R. No. 171194
2025-12-06 13:24:23,739 - INFO -   Title: Asian Terminals, Inc. vs. Daehan Fire and Marine Insurance C...
2025-12-06 13:24:24,202 - INFO -   ✓ Saved: RESTRUCTURED_DB/2010/feb/171194.json
2025-12-06 13:24:24,702 - INFO - 
[1004/1500] Processing G.R. No. 171201
2025-12-06 13:24:24,702 - INFO -   Title: Sps. Benedict & Maricel Dy Tecklo vs. Rural Bank of Pamplona...
2025-12-06 13:24:24,951 - INFO -   ✓ Saved: RESTRUCTURED_DB/2010/jun/171201.json
2025-12-06 13:24:25,451 - INFO - 
[1005/1500] Processing G.R. No. 171268
2025-12-06 13:24:25,451 - INFO -   Title: People of the Philippines vs. Bringas Bunay y Dam-at...
2025-12-06 13:24:25,704 - INFO -   ✓ Saved: RESTRUCTURED_DB/2010/sep/171268.json
2025-12-06 13:24:26,204 - INFO - 
[1006/1500] Processing G.R. No. 171327
2025-12-06 13:24:26,204 - INFO -   Title: Estrella Velasco vs. Transit Automotive Supply, Inc. and Ant...
2025-12-06 13:24:26,666 - INFO -   ✓ Saved: RESTRUCTURED_DB/2010/jun/171327.json
2025-12-06 13:24:27,166 - INFO - 
[1007/1500] Processing G.R. No. 171365
2025-12-06 13:24:27,166 - INFO -   Title: Ermelinda Manaloto, et al. vs. Ismael Veloso III...
2025-12-06 13:24:27,630 - INFO -   ✓ Saved: RESTRUCTURED_DB/2010/oct/171365.json
2025-12-06 13:24:28,130 - INFO - 
[1008/1500] Processing G.R. No. 171434
2025-12-06 13:24:28,130 - INFO -   Title: National Power Corporation vs. Alan Olandesca...
2025-12-06 13:24:28,594 - INFO -   ✓ Saved: RESTRUCTURED_DB/2010/apr/171434.json
2025-12-06 13:24:29,094 - INFO - 
[1009/1500] Processing G.R. No. 171525
2025-12-06 13:24:29,094 - INFO -   Title: St. Catherine Realty Corporation and Land King Relaty Develo...
2025-12-06 13:24:29,343 - INFO -   ✓ Saved: RESTRUCTURED_DB/2010/jul/171525.json
2025-12-06 13:24:29,844 - INFO - 
[1010/1500] Processing G.R. No. 171526
2025-12-06 13:24:29,844 - INFO -   Title: Rodel Crisostomo vs. People of the Philippines...
2025-12-06 13:24:30,306 - INFO -   ✓ Saved: RESTRUCTURED_DB/2010/sep/171526.json
2025-12-06 13:24:30,806 - INFO - 
[1011/1500] Processing G.R. No. 171565
2025-12-06 13:24:30,807 - INFO -   Title: Antonio B. Ramos (deceased), substitured by his surviving he...
2025-12-06 13:24:31,270 - INFO -   ✓ Saved: RESTRUCTURED_DB/2010/jul/171565.json
2025-12-06 13:24:31,770 - INFO - 
[1012/1500] Processing G.R. No. 171586
2025-12-06 13:24:31,770 - INFO -   Title: National Power Corporation vs. Province of Quezon and Munici...
2025-12-06 13:24:32,235 - INFO -   ✓ Saved: RESTRUCTURED_DB/2010/jan/171586.json
2025-12-06 13:24:32,735 - INFO - 
[1013/1500] Processing G.R. No. 171624
2025-12-06 13:24:32,735 - INFO -   Title: BF Homes Inc, et al. vs. Manila Electric Company...
2025-12-06 13:24:33,199 - INFO -   ✓ Saved: RESTRUCTURED_DB/2010/dec/171624.json
2025-12-06 13:24:33,699 - INFO - 
[1014/1500] Processing G.R. No. 171630
2025-12-06 13:24:33,699 - INFO -   Title: Century Canning Corporation, Ricardo T. Po, Jr., et al. vs. ...
2025-12-06 13:24:33,947 - INFO -   ✓ Saved: RESTRUCTURED_DB/2010/aug/171630.json
2025-12-06 13:24:34,448 - INFO - 
[1015/1500] Processing G.R. No. 171631
2025-12-06 13:24:34,448 - INFO -   Title: Republic of the Philippines vs. Avelino R. Dela Paz, et al....
2025-12-06 13:24:34,695 - INFO -   ✓ Saved: RESTRUCTURED_DB/2010/nov/171631.json
2025-12-06 13:24:35,196 - INFO - 
[1016/1500] Processing G.R. No. 171643
2025-12-06 13:24:35,196 - INFO -   Title: Filemon A. Verzano, Jr. vs. Francis Vitor D. Paro...
2025-12-06 13:24:35,659 - INFO -   ✓ Saved: RESTRUCTURED_DB/2010/aug/171643.json
2025-12-06 13:24:36,159 - INFO - 
[1017/1500] Processing G.R. No. 171685
2025-12-06 13:24:36,160 - INFO -   Title: Land Bank of the Philippines vs. Glenn Y. Escandor, et al....
2025-12-06 13:24:36,407 - INFO -   ✓ Saved: RESTRUCTURED_DB/2010/oct/171685.json
2025-12-06 13:24:36,907 - INFO - 
[1018/1500] Processing G.R. No. 171705
2025-12-06 13:24:36,907 - INFO -   Title: Eduardo Valera vs. Ma. Daisy Revalez...
2025-12-06 13:24:37,370 - INFO -   ✓ Saved: RESTRUCTURED_DB/2010/jul/171705.json
2025-12-06 13:24:37,870 - INFO - 
[1019/1500] Processing G.R. No. 171717
2025-12-06 13:24:37,870 - INFO -   Title: Ramon B. Brito, Sr. vs. Severino D. Dianala, et al....
2025-12-06 13:24:38,118 - INFO -   ✓ Saved: RESTRUCTURED_DB/2010/dec/171717.json
2025-12-06 13:24:38,618 - INFO - 
[1020/1500] Processing G.R. No. 171736
2025-12-06 13:24:38,618 - INFO -   Title: Pentacapital Investment Corporation vs. Makilito Mahinay / P...
2025-12-06 13:24:39,083 - INFO -   ✓ Saved: RESTRUCTURED_DB/2010/jul/171736.json
2025-12-06 13:24:39,583 - INFO - 
[1021/1500] Processing G.R. No. 171766
2025-12-06 13:24:39,583 - INFO -   Title: Asiaworld Properties Philippines Corporation vs. Commissione...
2025-12-06 13:24:39,831 - INFO -   ✓ Saved: RESTRUCTURED_DB/2010/jul/171766.json
2025-12-06 13:24:40,332 - INFO - 
[1022/1500] Processing G.R. No. 171774
2025-12-06 13:24:40,332 - INFO -   Title: Republic of the Philippines vs. Apolinario Catarroja, et al....
2025-12-06 13:24:40,580 - INFO -   ✓ Saved: RESTRUCTURED_DB/2010/feb/171774.json
2025-12-06 13:24:41,080 - INFO - 
[1023/1500] Processing G.R. No. 171872
2025-12-06 13:24:41,080 - INFO -   Title: Fausto R. Preysler vs. Manila South Coast Development Corpor...
2025-12-06 13:24:41,543 - INFO -   ✓ Saved: RESTRUCTURED_DB/2010/jun/171872.json
2025-12-06 13:24:42,043 - INFO - 
[1024/1500] Processing G.R. No. 171911
2025-12-06 13:24:42,043 - INFO -   Title: Bernarda CH. Osmeña vs. Nicasio CH. Osmeña, et al....
2025-12-06 13:24:42,290 - INFO -   ✓ Saved: RESTRUCTURED_DB/2010/jan/171911.json
2025-12-06 13:24:42,790 - INFO - 
[1025/1500] Processing G.R. No. 171925
2025-12-06 13:24:42,790 - INFO -   Title: Solidbank Corporation vs. Permanent Homes, Inc....
2025-12-06 13:24:43,255 - INFO -   ✓ Saved: RESTRUCTURED_DB/2010/jul/171925.json
2025-12-06 13:24:43,756 - INFO - 
[1026/1500] Processing G.R. No. 171980
2025-12-06 13:24:43,756 - INFO -   Title: People of the Philippines vs. Olive Rubio Mamaril...
2025-12-06 13:24:44,219 - INFO -   ✓ Saved: RESTRUCTURED_DB/2010/oct/171980.json
2025-12-06 13:24:44,719 - INFO - 
[1027/1500] Processing G.R. No. 171982
2025-12-06 13:24:44,719 - INFO -   Title: Development Bank of the Philippines vs. Traders Royal Bank, ...
2025-12-06 13:24:44,966 - INFO -   ✓ Saved: RESTRUCTURED_DB/2010/aug/171982.json
2025-12-06 13:24:45,466 - INFO - 
[1028/1500] Processing G.R. No. 171998
2025-12-06 13:24:45,466 - INFO -   Title: Anamer Salazar vs. J.Y. Brothers Marketing Corporation...
2025-12-06 13:24:45,930 - INFO -   ✓ Saved: RESTRUCTURED_DB/2010/oct/171998.json
2025-12-06 13:24:46,430 - INFO - 
[1029/1500] Processing G.R. No. 172020
2025-12-06 13:24:46,430 - INFO -   Title: Traders Royal Bank vs. Norberto Castañares and Milagros Cast...
2025-12-06 13:24:46,894 - INFO -   ✓ Saved: RESTRUCTURED_DB/2010/dec/172020.json
2025-12-06 13:24:47,394 - INFO - 
[1030/1500] Processing G.R. No. 172023
2025-12-06 13:24:47,394 - INFO -   Title: Heirs of Santiago C. Divinagracia vs. Honoralbe Judge Cedric...
2025-12-06 13:24:47,642 - INFO -   ✓ Saved: RESTRUCTURED_DB/2010/jul/172023.json
2025-12-06 13:24:48,142 - INFO - 
[1031/1500] Processing G.R. No. 172027
2025-12-06 13:24:48,142 - INFO -   Title: Gonzalo S. Go, Jr. vs. Court of Appeals and Office of the Pr...
2025-12-06 13:24:48,611 - INFO -   ✓ Saved: RESTRUCTURED_DB/2010/jul/172027.json
2025-12-06 13:24:49,111 - INFO - 
[1032/1500] Processing G.R. No. 172036
2025-12-06 13:24:49,111 - INFO -   Title: Spouses Faustino and Josefina Garcia, et al. vs. Court of Ap...
2025-12-06 13:24:49,359 - INFO -   ✓ Saved: RESTRUCTURED_DB/2010/apr/172036.json
2025-12-06 13:24:49,859 - INFO - 
[1033/1500] Processing G.R. No. 172060
2025-12-06 13:24:49,859 - INFO -   Title: Joselito R. Pimentel vs. Maria Chrysantine L. Pimentel and P...
2025-12-06 13:24:50,107 - INFO -   ✓ Saved: RESTRUCTURED_DB/2010/sep/172060.json
2025-12-06 13:24:50,607 - INFO - 
[1034/1500] Processing G.R. No. 172102
2025-12-06 13:24:50,607 - INFO -   Title: Republic of the Philippines vs. Hanover Worldwide Trading Co...
2025-12-06 13:24:51,070 - INFO -   ✓ Saved: RESTRUCTURED_DB/2010/jul/172102.json
2025-12-06 13:24:51,570 - INFO - 
[1035/1500] Processing G.R. No. 172138
2025-12-06 13:24:51,570 - INFO -   Title: Nelson Jenosa and his son Niño Carlo Jenosa, et al. vs. Rev....
2025-12-06 13:24:51,818 - INFO -   ✓ Saved: RESTRUCTURED_DB/2010/sep/172138.json
2025-12-06 13:24:52,319 - INFO - 
[1036/1500] Processing G.R. No. 172139
2025-12-06 13:24:52,319 - INFO -   Title: Jocelyn M. Toledo vs. Marilou M. Hyden...
2025-12-06 13:24:52,783 - INFO -   ✓ Saved: RESTRUCTURED_DB/2010/dec/172139.json
2025-12-06 13:24:53,283 - INFO - 
[1037/1500] Processing G.R. No. 172144
2025-12-06 13:24:53,283 - INFO -   Title: Peza Board of Directors and Lilia D. De Lima vs. Gloria J. M...
2025-12-06 13:24:53,746 - INFO -   ✓ Saved: RESTRUCTURED_DB/2010/dec/172144.json
2025-12-06 13:24:54,246 - INFO - 
[1038/1500] Processing G.R. No. 172149
2025-12-06 13:24:54,246 - INFO -   Title: Session Delights Ice Cream and Fast Foods vs. the Hon. Court...
2025-12-06 13:24:54,710 - INFO -   ✓ Saved: RESTRUCTURED_DB/2010/feb/172149.json
2025-12-06 13:24:55,210 - INFO - 
[1039/1500] Processing G.R. No. 172200
2025-12-06 13:24:55,210 - INFO -   Title: The Heirs of Redentor Completo and Elpidio Abiad vs. Sgt. Am...
2025-12-06 13:24:55,675 - INFO -   ✓ Saved: RESTRUCTURED_DB/2010/jul/172200.json
2025-12-06 13:24:56,175 - INFO - 
[1040/1500] Processing G.R. No. 172250
2025-12-06 13:24:56,175 - INFO -   Title: Heirs of Pedro Barz, namely: Angelo Barz and Merlinda Barz v...
2025-12-06 13:24:56,422 - INFO -   ✓ Saved: RESTRUCTURED_DB/2010/sep/172250.json
2025-12-06 13:24:56,923 - INFO - 
[1041/1500] Processing G.R. No. 172276
2025-12-06 13:24:56,923 - INFO -   Title: Soceite Des Produits Nestle, S.A. vs. Martin T. Dy, Jr....
2025-12-06 13:24:57,386 - INFO -   ✓ Saved: RESTRUCTURED_DB/2010/aug/172276.json
2025-12-06 13:24:57,886 - INFO - 
[1042/1500] Processing G.R. No. 172279
2025-12-06 13:24:57,886 - INFO -   Title: Valentin Movido substituted by Marginito Movido vs. Luisa Re...
2025-12-06 13:24:58,137 - INFO -   ✓ Saved: RESTRUCTURED_DB/2010/feb/172279.json
2025-12-06 13:24:58,637 - INFO - 
[1043/1500] Processing G.R. No. 172287
2025-12-06 13:24:58,637 - INFO -   Title: Welfredo Ceneze vs. Feliciana Ramos...
2025-12-06 13:24:58,884 - INFO -   ✓ Saved: RESTRUCTURED_DB/2010/jan/172287.json
2025-12-06 13:24:59,384 - INFO - 
[1044/1500] Processing G.R. No. 172292
2025-12-06 13:24:59,384 - INFO -   Title: Alida Mores vs. Shirley M. Yu-Go, Ma. Victoria Yu-Lim and Ma...
2025-12-06 13:24:59,846 - INFO -   ✓ Saved: RESTRUCTURED_DB/2010/jul/172292.json
2025-12-06 13:25:00,347 - INFO - 
[1045/1500] Processing G.R. No. 172316
2025-12-06 13:25:00,347 - INFO -   Title: Spouses Jose Chua and Margarita Chua vs. the Hon. Pedro Guti...
2025-12-06 13:25:00,810 - INFO -   ✓ Saved: RESTRUCTURED_DB/2010/dec/172316.json
2025-12-06 13:25:01,310 - INFO - 
[1046/1500] Processing G.R. No. 172357
2025-12-06 13:25:01,310 - INFO -   Title: People of the Philippines vs. Marcelo Z. Bustamante...
2025-12-06 13:25:01,774 - INFO -   ✓ Saved: RESTRUCTURED_DB/2010/mar/172357.json
2025-12-06 13:25:02,275 - INFO - 
[1047/1500] Processing G.R. No. 172393
2025-12-06 13:25:02,275 - INFO -   Title: Bank of Commerce vs. Hon. Estela Perlas-Bernabe, etc., et al...
2025-12-06 13:25:02,739 - INFO -   ✓ Saved: RESTRUCTURED_DB/2010/oct/172393.json
2025-12-06 13:25:03,239 - INFO - 
[1048/1500] Processing G.R. No. 172394
2025-12-06 13:25:03,240 - INFO -   Title: H. Tambunting Pawnshop, Inc. vs. Commissioner of Internal Re...
2025-12-06 13:25:03,487 - INFO -   ✓ Saved: RESTRUCTURED_DB/2010/oct/172394.json
2025-12-06 13:25:03,987 - INFO - 
[1049/1500] Processing G.R. No. 172476
2025-12-06 13:25:03,987 - INFO -   Title: Brig Gen. (Ret.) Jose Ramiscal, Jr. vs. Sandiganbayan and Pe...
2025-12-06 13:25:04,451 - INFO -   ✓ Saved: RESTRUCTURED_DB/2010/sep/172476.json
2025-12-06 13:25:04,951 - INFO - 
[1050/1500] Processing G.R. No. 172525
2025-12-06 13:25:04,951 - INFO -   Title: Shinryo (Philippines) Company, Inc. vs. RRN Incorporated...
2025-12-06 13:25:05,199 - INFO -   ✓ Saved: RESTRUCTURED_DB/2010/oct/172525.json
2025-12-06 13:25:05,699 - INFO - 
[1051/1500] Processing G.R. No. 172541
2025-12-06 13:25:05,699 - INFO -   Title: Jay Hidalgo Uy vs. Spouses Francisco Medina and Natividad Me...
2025-12-06 13:25:05,947 - INFO -   ✓ Saved: RESTRUCTURED_DB/2010/aug/172541.json
2025-12-06 13:25:06,447 - INFO - 
[1052/1500] Processing G.R. No. 172589
2025-12-06 13:25:06,447 - INFO -   Title: Jeffrey Nacague vs. Sulpicio Lines, Inc....
2025-12-06 13:25:06,694 - INFO -   ✓ Saved: RESTRUCTURED_DB/2010/aug/172589.json
2025-12-06 13:25:07,195 - INFO - 
[1053/1500] Processing G.R. No. 172604
2025-12-06 13:25:07,195 - INFO -   Title: People of the Philippines vs. Venancio Roxas y Arguelles...
2025-12-06 13:25:07,661 - INFO -   ✓ Saved: RESTRUCTURED_DB/2010/aug/172604.json
2025-12-06 13:25:08,161 - INFO - 
[1054/1500] Processing G.R. No. 172605
2025-12-06 13:25:08,161 - INFO -   Title: People of the Philippines vs. Evangeline V. Lascano...
2025-12-06 13:25:08,626 - INFO -   ✓ Saved: RESTRUCTURED_DB/2010/nov/172605.json
2025-12-06 13:25:09,126 - INFO - 
[1055/1500] Processing G.R. No. 172611
2025-12-06 13:25:09,127 - INFO -   Title: Spouses Federico Valenzuela and Luz Buena-Valenzuela vs. Spo...
2025-12-06 13:25:09,384 - INFO -   ✓ Saved: RESTRUCTURED_DB/2010/jul/172611.json
2025-12-06 13:25:09,884 - INFO - 
[1056/1500] Processing G.R. No. 172623
2025-12-06 13:25:09,884 - INFO -   Title: Commission on Appointments, represented herein by its Secret...
2025-12-06 13:25:10,347 - INFO -   ✓ Saved: RESTRUCTURED_DB/2010/mar/172623.json
2025-12-06 13:25:10,847 - INFO - 
[1057/1500] Processing G.R. No. 172635
2025-12-06 13:25:10,847 - INFO -   Title: Office of the Ombudsman vs. Pedro Delijero, Jr....
2025-12-06 13:25:12,003 - INFO -   ✓ Saved: RESTRUCTURED_DB/2010/oct/172635.json
2025-12-06 13:25:12,503 - INFO - 
[1058/1500] Processing G.R. No. 172690
2025-12-06 13:25:12,503 - INFO -   Title: Heirs of Jose Lim, represented by Elenito Lim vs. Juliet Vil...
2025-12-06 13:25:12,750 - INFO -   ✓ Saved: RESTRUCTURED_DB/2010/mar/172690.json
2025-12-06 13:25:13,250 - INFO - 
[1059/1500] Processing G.R. No. 172700
2025-12-06 13:25:13,250 - INFO -   Title: Office of the Ombudsman vs. Rolson Rodriquez...
2025-12-06 13:25:13,497 - INFO -   ✓ Saved: RESTRUCTURED_DB/2010/jul/172700.json
2025-12-06 13:25:13,997 - INFO - 
[1060/1500] Processing G.R. No. 172708
2025-12-06 13:25:13,997 - INFO -   Title: People of the Philippines vs. Joseph Amper y Repaso...
2025-12-06 13:25:14,244 - INFO -   ✓ Saved: RESTRUCTURED_DB/2010/may/172708.json
2025-12-06 13:25:14,744 - INFO - 
[1061/1500] Processing G.R. No. 172716
2025-12-06 13:25:14,744 - INFO -   Title: Jason Ivler y Aguilar vs. Hon. Maria Rowena Modesto-San Pedr...
2025-12-06 13:25:15,423 - INFO -   ✓ Saved: RESTRUCTURED_DB/2010/nov/172716.json
2025-12-06 13:25:15,923 - INFO - 
[1062/1500] Processing G.R. No. 172724
2025-12-06 13:25:15,923 - INFO -   Title: Pharmacia and Upjohn, Inc., et al. vs. Ricardo p. Albayda, J...
2025-12-06 13:25:16,389 - INFO -   ✓ Saved: RESTRUCTURED_DB/2010/aug/172724.json
2025-12-06 13:25:16,889 - INFO - 
[1063/1500] Processing G.R. No. 172727
2025-12-06 13:25:16,889 - INFO -   Title: Queensland-Tokyo Commodities, Inc., et al. vs. Thomas George...
2025-12-06 13:25:17,136 - INFO -   ✓ Saved: RESTRUCTURED_DB/2010/sep/172727.json
2025-12-06 13:25:17,636 - INFO - 
[1064/1500] Processing G.R. No. 172820
2025-12-06 13:25:17,636 - INFO -   Title: Dulce Pamintuan vs. People of the Philippines...
2025-12-06 13:25:18,097 - INFO -   ✓ Saved: RESTRUCTURED_DB/2010/jun/172820.json
2025-12-06 13:25:18,597 - INFO - 
[1065/1500] Processing G.R. No. 172841
2025-12-06 13:25:18,597 - INFO -   Title: Renato Reyes, represented by Ramon Reyes vs. leopoldo Barrio...
2025-12-06 13:25:19,059 - INFO -   ✓ Saved: RESTRUCTURED_DB/2010/dec/172841.json
2025-12-06 13:25:19,560 - INFO - 
[1066/1500] Processing G.R. No. 172873
2025-12-06 13:25:19,560 - INFO -   Title: People of the Philippines vs. Roldan M. Morales...
2025-12-06 13:25:20,023 - INFO -   ✓ Saved: RESTRUCTURED_DB/2010/mar/172873.json
2025-12-06 13:25:20,523 - INFO - 
[1067/1500] Processing G.R. No. 172880
2025-12-06 13:25:20,523 - INFO -   Title: China Banking Corporation vs. Cebu Printing and Packaging Co...
2025-12-06 13:25:20,985 - INFO -   ✓ Saved: RESTRUCTURED_DB/2010/aug/172880.json
2025-12-06 13:25:21,485 - INFO - 
[1068/1500] Processing G.R. No. 172896
2025-12-06 13:25:21,485 - INFO -   Title: Roño Seguritan y Jara vs. People of the Philippines...
2025-12-06 13:25:21,733 - INFO -   ✓ Saved: RESTRUCTURED_DB/2010/apr/172896.json
2025-12-06 13:25:22,233 - INFO - 
[1069/1500] Processing G.R. No. 172927
2025-12-06 13:25:22,233 - INFO -   Title: Ronilo Sorreda vs. Cambridge Electronics Corporation...
2025-12-06 13:25:22,478 - INFO -   ✓ Saved: RESTRUCTURED_DB/2010/feb/172927.json
2025-12-06 13:25:22,979 - INFO - 
[1070/1500] Processing G.R. No. 172960
2025-12-06 13:25:22,979 - INFO -   Title: Mactan Electric Company, Inc. vs. National Power Corporation...
2025-12-06 13:25:23,441 - INFO -   ✓ Saved: RESTRUCTURED_DB/2010/mar/172960.json
2025-12-06 13:25:23,941 - INFO - 
[1071/1500] Processing G.R. No. 172971
2025-12-06 13:25:23,941 - INFO -   Title: People of the Philippines vs. Sitti Domado...
2025-12-06 13:25:24,404 - INFO -   ✓ Saved: RESTRUCTURED_DB/2010/jun/172971.json
2025-12-06 13:25:24,904 - INFO - 
[1072/1500] Processing G.R. No. 172988
2025-12-06 13:25:24,904 - INFO -   Title: Jose P. Artificio vs. National Labor Relations Commission, R...
2025-12-06 13:25:25,150 - INFO -   ✓ Saved: RESTRUCTURED_DB/2010/jul/172988.json
2025-12-06 13:25:25,650 - INFO - 
[1073/1500] Processing G.R. No. 173021
2025-12-06 13:25:25,651 - INFO -   Title: Delfin Lamsis, et al. vs. Margarita Semon Dong-e...
2025-12-06 13:25:26,114 - INFO -   ✓ Saved: RESTRUCTURED_DB/2010/oct/173021.json
2025-12-06 13:25:26,614 - INFO - 
[1074/1500] Processing G.R. No. 173081
2025-12-06 13:25:26,614 - INFO -   Title: Ernesto Marcelo, Jr. and Lauro Llames vs. Rafael R. Villordo...
2025-12-06 13:25:26,860 - INFO -   ✓ Saved: RESTRUCTURED_DB/2010/dec/173081.json
2025-12-06 13:25:27,360 - INFO - 
[1075/1500] Processing G.R. No. 173089
2025-12-06 13:25:27,360 - INFO -   Title: People of the Philippines vs. Hon. Enrique C. Asis, etc., et...
2025-12-06 13:25:27,821 - INFO -   ✓ Saved: RESTRUCTURED_DB/2010/aug/173089.json
2025-12-06 13:25:28,321 - INFO - 
[1076/1500] Processing G.R. No. 173138
2025-12-06 13:25:28,321 - INFO -   Title: Noel B. Baccay vs. Maribel C. Baccay and Republic of the Phi...
2025-12-06 13:25:28,785 - INFO -   ✓ Saved: RESTRUCTURED_DB/2010/dec/173138.json
2025-12-06 13:25:29,285 - INFO - 
[1077/1500] Processing G.R. No. 173150
2025-12-06 13:25:29,285 - INFO -   Title: Lydia Gelig vs. People of the Philippines...
2025-12-06 13:25:29,537 - INFO -   ✓ Saved: RESTRUCTURED_DB/2010/jul/173150.json
2025-12-06 13:25:30,037 - INFO - 
[1078/1500] Processing G.R. No. 173165
2025-12-06 13:25:30,037 - INFO -   Title: Atty. Lucky M. Damasen vs. Oscar G. Tumamao...
2025-12-06 13:25:30,499 - INFO -   ✓ Saved: RESTRUCTURED_DB/2010/feb/173165.json
2025-12-06 13:25:30,999 - INFO - 
[1079/1500] Processing G.R. No. 173169
2025-12-06 13:25:30,999 - INFO -   Title: Irene Martel Francisco vs. Numeriano Mallen, Jr....
2025-12-06 13:25:31,245 - INFO -   ✓ Saved: RESTRUCTURED_DB/2010/sep/173169.json
2025-12-06 13:25:31,746 - INFO - 
[1080/1500] Processing G.R. No. 173179
2025-12-06 13:25:31,746 - INFO -   Title: Manuel D. Recto, et al. vs. Bishop Federico O. Escaler, S.J....
2025-12-06 13:25:32,206 - INFO -   ✓ Saved: RESTRUCTURED_DB/2010/oct/173179.json
2025-12-06 13:25:32,706 - INFO - 
[1081/1500] Processing G.R. No. 173181
2025-12-06 13:25:32,706 - INFO -   Title: Hutama-RSEA/Supermax Phils., J.V. vs. KCD Builders Corporati...
2025-12-06 13:25:33,166 - INFO -   ✓ Saved: RESTRUCTURED_DB/2010/mar/173181.json
2025-12-06 13:25:33,666 - INFO - 
[1082/1500] Processing G.R. No. 173219
2025-12-06 13:25:33,666 - INFO -   Title: ALC industries, Inc. vs. Department of Public Works and High...
2025-12-06 13:25:33,914 - INFO -   ✓ Saved: RESTRUCTURED_DB/2010/aug/173219.json
2025-12-06 13:25:34,415 - INFO - 
[1083/1500] Processing G.R. No. 173289
2025-12-06 13:25:34,415 - INFO -   Title: Eland Philippines, Inc. vs. Azucena Garcia, et al....
2025-12-06 13:25:35,093 - INFO -   ✓ Saved: RESTRUCTURED_DB/2010/feb/173289.json
2025-12-06 13:25:35,593 - INFO - 
[1084/1500] Processing G.R. No. 173292
2025-12-06 13:25:35,593 - INFO -   Title: Memoracion Z. Cruz represented by Edgardo Cruz vs. Oswaldo Z...
2025-12-06 13:25:35,839 - INFO -   ✓ Saved: RESTRUCTURED_DB/2010/sep/173292.json
2025-12-06 13:25:36,340 - INFO - 
[1085/1500] Processing G.R. No. 173326
2025-12-06 13:25:36,340 - INFO -   Title: South Cotabato Communications Corporation, et al. vs. hon. P...
2025-12-06 13:25:36,800 - INFO -   ✓ Saved: RESTRUCTURED_DB/2010/dec/173326.json
2025-12-06 13:25:37,300 - INFO - 
[1086/1500] Processing G.R. No. 173339
2025-12-06 13:25:37,300 - INFO -   Title: Ledesco Development Corp. vs. Worldwide Standard Internation...
2025-12-06 13:25:37,762 - INFO -   ✓ Saved: RESTRUCTURED_DB/2010/nov/173339.json
2025-12-06 13:25:38,262 - INFO - 
[1087/1500] Processing G.R. No. 173342
2025-12-06 13:25:38,263 - INFO -   Title: Zamboanga Forest Managers Corporation vs. New Pacific Timber...
2025-12-06 13:25:38,509 - INFO -   ✓ Saved: RESTRUCTURED_DB/2010/oct/173342.json
2025-12-06 13:25:39,009 - INFO - 
[1088/1500] Processing G.R. No. 173351
2025-12-06 13:25:39,009 - INFO -   Title: BF Citiland Corporation vs. Marilyn B. Otake...
2025-12-06 13:25:39,256 - INFO -   ✓ Saved: RESTRUCTURED_DB/2010/jul/173351.json
2025-12-06 13:25:39,756 - INFO - 
[1089/1500] Processing G.R. No. 173365
2025-12-06 13:25:39,756 - INFO -   Title: Julio Flores, et al. vs. Marciano Bagaoisan...
2025-12-06 13:25:40,002 - INFO -   ✓ Saved: RESTRUCTURED_DB/2010/apr/173365.json
2025-12-06 13:25:40,502 - INFO - 
[1090/1500] Processing G.R. No. 173379
2025-12-06 13:25:40,502 - INFO -   Title: Abubakar A. Afdal and Fatima A. Afdal vs. Romeo Carlos...
2025-12-06 13:25:40,964 - INFO -   ✓ Saved: RESTRUCTURED_DB/2010/dec/173379.json
2025-12-06 13:25:41,464 - INFO - 
[1091/1500] Processing G.R. No. 173396
2025-12-06 13:25:41,464 - INFO -   Title: People of the Philippines vs. Hon. Sandiganbayan, Abelardo P...
2025-12-06 13:25:41,709 - INFO -   ✓ Saved: RESTRUCTURED_DB/2010/sep/173396.json
2025-12-06 13:25:42,209 - INFO - 
[1092/1500] Processing G.R. No. 173428
2025-12-06 13:25:42,210 - INFO -   Title: Froilan Dejuras vs. hon. Rene C. Villa, et al....
2025-12-06 13:25:42,670 - INFO -   ✓ Saved: RESTRUCTURED_DB/2010/nov/173428.json
2025-12-06 13:25:43,170 - INFO - 
[1093/1500] Processing G.R. No. 173463
2025-12-06 13:25:43,170 - INFO -   Title: Global Business Holdings, Inc. vs. Surecomp Software B.V....
2025-12-06 13:25:43,630 - INFO -   ✓ Saved: RESTRUCTURED_DB/2010/oct/173463.json
2025-12-06 13:25:44,130 - INFO - 
[1094/1500] Processing G.R. No. 173472
2025-12-06 13:25:44,130 - INFO -   Title: People of the Philippines vs. Elmer Peralta y De Guzman alia...
2025-12-06 13:25:44,377 - INFO -   ✓ Saved: RESTRUCTURED_DB/2010/feb/173472.json
2025-12-06 13:25:44,877 - INFO - 
[1095/1500] Processing G.R. No. 173510
2025-12-06 13:25:44,877 - INFO -   Title: People of the Philippines vs. Erpascual Diega Y Pajares...
2025-12-06 13:25:45,338 - INFO -   ✓ Saved: RESTRUCTURED_DB/2010/mar/173510.json
2025-12-06 13:25:45,839 - INFO - 
[1096/1500] Processing G.R. No. 173631
2025-12-06 13:25:45,839 - INFO -   Title: Pasig Cylinder Manufacturing Corp. vs. Danilo Rollo, et al....
2025-12-06 13:25:46,085 - INFO -   ✓ Saved: RESTRUCTURED_DB/2010/sep/173631.json
2025-12-06 13:25:46,585 - INFO - 
[1097/1500] Processing G.R. No. 173634
2025-12-06 13:25:46,586 - INFO -   Title: Philippine Amusement and Gaming Corp., rep. by Atty. Carlos ...
2025-12-06 13:25:46,831 - INFO -   ✓ Saved: RESTRUCTURED_DB/2010/jul/173634.json
2025-12-06 13:25:47,332 - INFO - 
[1098/1500] Processing G.R. No. 173798
2025-12-06 13:25:47,332 - INFO -   Title: People of the Philippines vs. Rene Celocelo...
2025-12-06 13:25:47,793 - INFO -   ✓ Saved: RESTRUCTURED_DB/2010/dec/173798.json
2025-12-06 13:25:48,294 - INFO - 
[1099/1500] Processing G.R. No. 173815
2025-12-06 13:25:48,294 - INFO -   Title: Milwaukee Industries Corp. vs. Corp. of Appeals and Commissi...
2025-12-06 13:25:48,540 - INFO -   ✓ Saved: RESTRUCTURED_DB/2010/nov/173815.json
2025-12-06 13:25:49,040 - INFO - 
[1100/1500] Processing G.R. No. 173822
2025-12-06 13:25:49,040 - INFO -   Title: Salvador Atizado and Salvador Monreal vs. People of the Phil...
2025-12-06 13:25:49,503 - INFO -   ✓ Saved: RESTRUCTURED_DB/2010/oct/173822.json
2025-12-06 13:25:50,003 - INFO - 
[1101/1500] Processing G.R. No. 173854
2025-12-06 13:25:50,003 - INFO -   Title: Commissioner of Internal Revenue vs. Far East Bank & Trust C...
2025-12-06 13:25:50,466 - INFO -   ✓ Saved: RESTRUCTURED_DB/2010/mar/173854.json
2025-12-06 13:25:50,966 - INFO - 
[1102/1500] Processing G.R. No. 173863
2025-12-06 13:25:50,966 - INFO -   Title: Chevron Philippines, Inc. vs. Bases conversion Development A...
2025-12-06 13:25:51,213 - INFO -   ✓ Saved: RESTRUCTURED_DB/2010/sep/173863.json
2025-12-06 13:25:51,713 - INFO - 
[1103/1500] Processing G.R. No. 173881
2025-12-06 13:25:51,713 - INFO -   Title: Hyatt Elevators and Escalators Corporation vs. Cathedral Hei...
2025-12-06 13:25:52,175 - INFO -   ✓ Saved: RESTRUCTURED_DB/2010/dec/173881.json
2025-12-06 13:25:52,675 - INFO - 
[1104/1500] Processing G.R. No. 173900
2025-12-06 13:25:52,675 - INFO -   Title: Gaudencio Labrador represented by Lulu Labrador Uson as Atto...
2025-12-06 13:25:52,921 - INFO -   ✓ Saved: RESTRUCTURED_DB/2010/aug/173900.json
2025-12-06 13:25:53,421 - INFO - 
[1105/1500] Processing G.R. No. 173905
2025-12-06 13:25:53,421 - INFO -   Title: Anthony L. Ng vs. People of the Philippines...
2025-12-06 13:25:53,882 - INFO -   ✓ Saved: RESTRUCTURED_DB/2010/apr/173905.json
2025-12-06 13:25:54,383 - INFO - 
[1106/1500] Processing G.R. No. 173930
2025-12-06 13:25:54,383 - INFO -   Title: Salvador O. Echano, Jr. vs. Liberty Toledo...
2025-12-06 13:25:55,259 - INFO -   ✓ Saved: RESTRUCTURED_DB/2010/sep/173930.json
2025-12-06 13:25:55,759 - INFO - 
[1107/1500] Processing G.R. No. 174006
2025-12-06 13:25:55,759 - INFO -   Title: Bank of Commerce and Stephen Z. Taala vs. Spouses Andres and...
2025-12-06 13:25:56,222 - INFO -   ✓ Saved: RESTRUCTURED_DB/2010/dec/174006.json
2025-12-06 13:25:56,722 - INFO - 
[1108/1500] Processing G.R. No. 174039
2025-12-06 13:25:56,722 - INFO -   Title: Nelly Bautista vs. Seraph Management Group, Inc....
2025-12-06 13:25:56,968 - INFO -   ✓ Saved: RESTRUCTURED_DB/2010/jun/174039.json
2025-12-06 13:25:57,468 - INFO - 
[1109/1500] Processing G.R. No. 174040
2025-12-06 13:25:57,468 - INFO -   Title: Insular Hotel Employees Union-NFL vs. Waterfront Insular Hot...
2025-12-06 13:25:58,793 - INFO -   ✓ Saved: RESTRUCTURED_DB/2010/sep/174040.json
2025-12-06 13:25:59,294 - INFO - 
[1110/1500] Processing G.R. No. 174066
2025-12-06 13:25:59,294 - INFO -   Title: People of the Philippines vs. Ernesto Narzabal y Castelo, Jr...
2025-12-06 13:25:59,755 - INFO -   ✓ Saved: RESTRUCTURED_DB/2010/oct/174066.json
2025-12-06 13:26:00,256 - INFO - 
[1111/1500] Processing G.R. No. 174084
2025-12-06 13:26:00,256 - INFO -   Title: Spic n' Span Services Corp. vs. Gloria Paje, et al....
2025-12-06 13:26:00,717 - INFO -   ✓ Saved: RESTRUCTURED_DB/2010/aug/174084.json
2025-12-06 13:26:01,217 - INFO - 
[1112/1500] Processing G.R. No. 174096
2025-12-06 13:26:01,217 - INFO -   Title: Spouses Divina C. Publico and Jose T. Publico vs. Teresa Bau...
2025-12-06 13:26:01,681 - INFO -   ✓ Saved: RESTRUCTURED_DB/2010/jul/174096.json
2025-12-06 13:26:02,181 - INFO - 
[1113/1500] Processing G.R. No. 174097
2025-12-06 13:26:02,181 - INFO -   Title: People of the Philippines vs. Sonny Padua y Reyes...
2025-12-06 13:26:02,858 - INFO -   ✓ Saved: RESTRUCTURED_DB/2010/jul/174097.json
2025-12-06 13:26:03,358 - INFO - 
[1114/1500] Processing G.R. No. 174129
2025-12-06 13:26:03,358 - INFO -   Title: Honesto V. Ferrer, Jr. and Romeo E. Espera vs. Mayor Sulpici...
2025-12-06 13:26:03,818 - INFO -   ✓ Saved: RESTRUCTURED_DB/2010/jul/174129.json
2025-12-06 13:26:04,318 - INFO - 
[1115/1500] Processing G.R. No. 174149
2025-12-06 13:26:04,318 - INFO -   Title: J. Tiosejo Investment Corporation vs. Sps. Benjamin and Elea...
2025-12-06 13:26:05,709 - WARNING -   ✗ Could not fetch case from any URL
2025-12-06 13:26:05,710 - INFO - 
[1116/1500] Processing G.R. No. 174157
2025-12-06 13:26:05,710 - INFO -   Title: Commissioner of Internal Revenue vs. McGeorge Food Industrie...
2025-12-06 13:26:06,385 - INFO -   ✓ Saved: RESTRUCTURED_DB/2010/oct/174157.json
2025-12-06 13:26:06,886 - INFO - 
[1117/1500] Processing G.R. No. 174160
2025-12-06 13:26:06,886 - INFO -   Title: Hacienda Bigaa, Inc. vs. Epifanio V. Chavez, etc....
2025-12-06 13:26:07,993 - INFO -   ✓ Saved: RESTRUCTURED_DB/2010/apr/174160.json
2025-12-06 13:26:08,493 - INFO - 
[1118/1500] Processing G.R. No. 174198
2025-12-06 13:26:08,493 - INFO -   Title: People of the Philippines vs. Zaida Kamad y Ambing...
2025-12-06 13:26:09,170 - INFO -   ✓ Saved: RESTRUCTURED_DB/2010/jan/174198.json
2025-12-06 13:26:09,670 - INFO - 
[1119/1500] Processing G.R. No. 174212
2025-12-06 13:26:09,670 - INFO -   Title: Hitachi Global Storage Technologies Philippines, Corp, etc. ...
2025-12-06 13:26:10,131 - INFO -   ✓ Saved: RESTRUCTURED_DB/2010/oct/174212.json
2025-12-06 13:26:10,631 - INFO - 
[1120/1500] Processing G.R. No. 174237
2025-12-06 13:26:10,631 - INFO -   Title: Teresita L. Araos, et al. vs. Hon. Lea Regala, Presiding Jud...
2025-12-06 13:26:11,793 - INFO -   ✓ Saved: RESTRUCTURED_DB/2010/feb/174237.json
2025-12-06 13:26:12,293 - INFO - 
[1121/1500] Processing G.R. No. 174251
2025-12-06 13:26:12,293 - INFO -   Title: Raul Palomata vs. Nestor Colmenares, et al....
2025-12-06 13:26:12,760 - INFO -   ✓ Saved: RESTRUCTURED_DB/2010/dec/174251.json
2025-12-06 13:26:13,260 - INFO - 
[1122/1500] Processing G.R. No. 174269
2025-12-06 13:26:13,261 - INFO -   Title: Polo S. Panteleon vs. American Express International, Inc....
2025-12-06 13:26:14,153 - INFO -   ✓ Saved: RESTRUCTURED_DB/2010/aug/174269.json
2025-12-06 13:26:14,653 - INFO - 
[1123/1500] Processing G.R. No. 174329
2025-12-06 13:26:14,653 - INFO -   Title: Development Bank of the Philippines vs. Environmental Aquati...
2025-12-06 13:26:15,329 - INFO -   ✓ Saved: RESTRUCTURED_DB/2010/oct/174329.json
2025-12-06 13:26:15,829 - INFO - 
[1124/1500] Processing G.R. No. 174356
2025-12-06 13:26:15,829 - INFO -   Title: Evelina G. Chavez, et al. vs. Court of Appeals and Atty. Fid...
2025-12-06 13:26:16,082 - INFO -   ✓ Saved: RESTRUCTURED_DB/2010/jan/174356.json
2025-12-06 13:26:16,583 - INFO - 
[1125/1500] Processing G.R. No. 174420
2025-12-06 13:26:16,583 - INFO -   Title: Miguela Santuyo, et al. vs. Remerco Garments Manufacturing, ...
2025-12-06 13:26:17,044 - INFO -   ✓ Saved: RESTRUCTURED_DB/2010/mar/174420.json
2025-12-06 13:26:17,544 - INFO - 
[1126/1500] Processing G.R. No. 174570
2025-12-06 13:26:17,544 - INFO -   Title: Romer Sy Tan vs. Sy Tiongs, et al....
2025-12-06 13:26:17,789 - INFO -   ✓ Saved: RESTRUCTURED_DB/2010/dec/174570.json
2025-12-06 13:26:18,289 - INFO - 
[1127/1500] Processing G.R. No. 174570
2025-12-06 13:26:18,289 - INFO -   Title: Romer Sy Tan vs. Sy Tiong Gue, et al....
2025-12-06 13:26:18,750 - INFO -   ✓ Saved: RESTRUCTURED_DB/2010/feb/174570.json
2025-12-06 13:26:19,250 - INFO - 
[1128/1500] Processing G.R. No. 174584
2025-12-06 13:26:19,250 - INFO -   Title: Victoria P. Cabral vs. Jacinto Uy, et al....
2025-12-06 13:26:19,710 - INFO -   ✓ Saved: RESTRUCTURED_DB/2010/jan/174584.json
2025-12-06 13:26:20,210 - INFO - 
[1129/1500] Processing G.R. No. 174593
2025-12-06 13:26:20,210 - INFO -   Title: Alex Gurango vs. Best Chemicals and Plastic, Inc., et al....
2025-12-06 13:26:20,674 - INFO -   ✓ Saved: RESTRUCTURED_DB/2010/aug/174593.json
2025-12-06 13:26:21,174 - INFO - 
[1130/1500] Processing G.R. No. 174674
2025-12-06 13:26:21,174 - INFO -   Title: Nestle Philippines, Inc. et al. vs. Uniwide Sales, Inc., et ...
2025-12-06 13:26:21,639 - INFO -   ✓ Saved: RESTRUCTURED_DB/2010/oct/174674.json
2025-12-06 13:26:22,140 - INFO - 
[1131/1500] Processing G.R. No. 174697
2025-12-06 13:26:22,140 - INFO -   Title: Chamber of Real Estate and Builders' Association, Inc. vs. E...
2025-12-06 13:26:22,816 - INFO -   ✓ Saved: RESTRUCTURED_DB/2010/jul/174697.json
2025-12-06 13:26:23,316 - INFO - 
[1132/1500] Processing G.R. No. 174719
2025-12-06 13:26:23,316 - INFO -   Title: Hiers of Mario Pacres vs. Heirs of Cecilia Ygoña...
2025-12-06 13:26:23,994 - INFO -   ✓ Saved: RESTRUCTURED_DB/2010/may/174719.json
2025-12-06 13:26:24,494 - INFO - 
[1133/1500] Processing G.R. No. 174806
2025-12-06 13:26:24,494 - INFO -   Title: Soloil, Inc. vs. Philippine Coconut Authority...
2025-12-06 13:26:24,954 - INFO -   ✓ Saved: RESTRUCTURED_DB/2010/aug/174806.json
2025-12-06 13:26:25,454 - INFO - 
[1134/1500] Processing G.R. No. 174833
2025-12-06 13:26:25,454 - INFO -   Title: Myrna P. Magana vs. Medicard Philippines, Inc., and Court of...
2025-12-06 13:26:25,914 - INFO -   ✓ Saved: RESTRUCTURED_DB/2010/dec/174833.json
2025-12-06 13:26:26,415 - INFO - 
[1135/1500] Processing G.R. No. 174835
2025-12-06 13:26:26,415 - INFO -   Title: Anita Reyes-Menugas vs. Alejandro Aquino Reyes...
2025-12-06 13:26:26,875 - INFO -   ✓ Saved: RESTRUCTURED_DB/2010/mar/174835.json
2025-12-06 13:26:27,375 - INFO - 
[1136/1500] Processing G.R. No. 174979
2025-12-06 13:26:27,375 - INFO -   Title: Bonifacio Sanz Maceda, Jr. vs. DBO / DBP vs. Bonifacio Sanz ...
2025-12-06 13:26:27,835 - INFO -   ✓ Saved: RESTRUCTURED_DB/2010/aug/174979.json
2025-12-06 13:26:28,335 - INFO - 
[1137/1500] Processing G.R. No. 175023
2025-12-06 13:26:28,335 - INFO -   Title: Giovani Serrano y cervantes vs. People of the Philippines...
2025-12-06 13:26:29,011 - INFO -   ✓ Saved: RESTRUCTURED_DB/2010/jul/175023.json
2025-12-06 13:26:29,511 - INFO - 
[1138/1500] Processing G.R. No. 175040
2025-12-06 13:26:29,511 - INFO -   Title: Francis Ray Talam vs. National Labor Relations Commission, 4...
2025-12-06 13:26:30,190 - INFO -   ✓ Saved: RESTRUCTURED_DB/2010/apr/175040.json
2025-12-06 13:26:30,690 - INFO - 
[1139/1500] Processing G.R. No. 175080
2025-12-06 13:26:30,690 - INFO -   Title: Eugenio R. Reyes, joined by Timothy Joseph M. Reyes, et al. ...
2025-12-06 13:26:31,150 - INFO -   ✓ Saved: RESTRUCTURED_DB/2010/nov/175080.json
2025-12-06 13:26:31,651 - INFO - 
[1140/1500] Processing G.R. No. 175097
2025-12-06 13:26:31,651 - INFO -   Title: Allied Banking Corporation vs. Commissioner of Internal Reve...
2025-12-06 13:26:32,112 - INFO -   ✓ Saved: RESTRUCTURED_DB/2010/aug/175097.json
2025-12-06 13:26:32,612 - INFO - 
[1141/1500] Processing G.R. No. 175116
2025-12-06 13:26:32,612 - INFO -   Title: Jerry Ong vs. Philippine Deposit Insurance Corp....
2025-12-06 13:26:33,074 - INFO -   ✓ Saved: RESTRUCTURED_DB/2010/aug/175116.json
2025-12-06 13:26:33,574 - INFO - 
[1142/1500] Processing G.R. No. 175124
2025-12-06 13:26:33,574 - INFO -   Title: Commissioner of Internal Revenue vs. the Philippine American...
2025-12-06 13:26:34,034 - INFO -   ✓ Saved: RESTRUCTURED_DB/2010/sep/175124.json
2025-12-06 13:26:34,534 - INFO - 
[1143/1500] Processing G.R. No. 175195
2025-12-06 13:26:34,534 - INFO -   Title: Virgilio Bug-Atan, Berme Labandero Gregorio Manatad vs. the ...
2025-12-06 13:26:34,996 - INFO -   ✓ Saved: RESTRUCTURED_DB/2010/sep/175195.json
2025-12-06 13:26:35,496 - INFO - 
[1144/1500] Processing G.R. No. 175241
2025-12-06 13:26:35,496 - INFO -   Title: Intergrated Bar of the Philippines, represented by its Natio...
2025-12-06 13:26:35,956 - INFO -   ✓ Saved: RESTRUCTURED_DB/2010/feb/175241.json
2025-12-06 13:26:36,457 - INFO - 
[1145/1500] Processing G.R. No. 175315
2025-12-06 13:26:36,457 - INFO -   Title: People of the Philippines vs. Elizer Beduya and Ric Baduya...
2025-12-06 13:26:36,919 - INFO -   ✓ Saved: RESTRUCTURED_DB/2010/aug/175315.json
2025-12-06 13:26:37,419 - INFO - 
[1146/1500] Processing G.R. No. 175319
2025-12-06 13:26:37,419 - INFO -   Title: People of the Philippines vs. Joselito Noque y Gomez...
2025-12-06 13:26:37,879 - INFO -   ✓ Saved: RESTRUCTURED_DB/2010/jan/175319.json
2025-12-06 13:26:38,379 - INFO - 
[1147/1500] Processing G.R. No. 175380
2025-12-06 13:26:38,379 - INFO -   Title: Gregorio Espinoza, in his own personal capacity and as survi...
2025-12-06 13:26:38,625 - INFO -   ✓ Saved: RESTRUCTURED_DB/2010/mar/175380.json
2025-12-06 13:26:39,126 - INFO - 
[1148/1500] Processing G.R. No. 175501
2025-12-06 13:26:39,126 - INFO -   Title: Manila Water Company, Inc. vs. Jose J. Dalumpines, et al....
2025-12-06 13:26:40,232 - INFO -   ✓ Saved: RESTRUCTURED_DB/2010/oct/175501.json
2025-12-06 13:26:40,732 - INFO - 
[1149/1500] Processing G.R. No. 175532
2025-12-06 13:26:40,732 - INFO -   Title: Romeo Basay, et al. vs. Hacienda Consolation, et al....
2025-12-06 13:26:41,409 - INFO -   ✓ Saved: RESTRUCTURED_DB/2010/apr/175532.json
2025-12-06 13:26:41,909 - INFO - 
[1150/1500] Processing G.R. No. 175561
2025-12-06 13:26:41,909 - INFO -   Title: Spouses Ida Nieves Beltran and Jose Beltran vs. Ms. Anita R....
2025-12-06 13:26:42,369 - INFO -   ✓ Saved: RESTRUCTURED_DB/2010/oct/175561.json
2025-12-06 13:26:42,870 - INFO - 
[1151/1500] Processing G.R. No. 175573
2025-12-06 13:26:42,870 - INFO -   Title: Office of the Ombudsman vs. Joel S. Samaniego...
2025-12-06 13:26:43,116 - INFO -   ✓ Saved: RESTRUCTURED_DB/2010/oct/175573.json
2025-12-06 13:26:43,616 - INFO - 
[1152/1500] Processing G.R. No. 175578
2025-12-06 13:26:43,616 - INFO -   Title: Republic of the Philippines vs. Zenaida Guinto, in her own b...
2025-12-06 13:26:44,292 - INFO -   ✓ Saved: RESTRUCTURED_DB/2010/aug/175578.json
2025-12-06 13:26:44,793 - INFO - 
[1153/1500] Processing G.R. No. 175595
2025-12-06 13:26:44,793 - INFO -   Title: People of the Philippines vs. Teddy Magayon...
2025-12-06 13:26:45,470 - INFO -   ✓ Saved: RESTRUCTURED_DB/2010/jul/175595.json
2025-12-06 13:26:45,970 - INFO - 
[1154/1500] Processing G.R. No. 175700
2025-12-06 13:26:45,970 - INFO -   Title: Salvador Valdez Rebellion vs. People of the Philippines...
2025-12-06 13:26:46,431 - INFO -   ✓ Saved: RESTRUCTURED_DB/2010/jul/175700.json
2025-12-06 13:26:46,931 - INFO - 
[1155/1500] Processing G.R. No. 175784
2025-12-06 13:26:46,931 - INFO -   Title: People of the Philippines vs. Jaime Ayochok y Tauli...
2025-12-06 13:26:47,969 - INFO -   ✓ Saved: RESTRUCTURED_DB/2010/aug/175784.json
2025-12-06 13:26:48,469 - INFO - 
[1156/1500] Processing G.R. No. 175835
2025-12-06 13:26:48,469 - INFO -   Title: People of the Philippines vs. Gerardo Rollan y Rey...
2025-12-06 13:26:48,934 - INFO -   ✓ Saved: RESTRUCTURED_DB/2010/jul/175835.json
2025-12-06 13:26:49,434 - INFO - 
[1157/1500] Processing G.R. No. 175837
2025-12-06 13:26:49,434 - INFO -   Title: People of the Philippines vs. Leonito Amatorio...
2025-12-06 13:26:49,899 - INFO -   ✓ Saved: RESTRUCTURED_DB/2010/aug/175837.json
2025-12-06 13:26:50,400 - INFO - 
[1158/1500] Processing G.R. No. 175846
2025-12-06 13:26:50,400 - INFO -   Title: Republic of the Philippines vs. Rosila Roche...
2025-12-06 13:26:50,648 - INFO -   ✓ Saved: RESTRUCTURED_DB/2010/jul/175846.json
2025-12-06 13:26:51,148 - INFO - 
[1159/1500] Processing G.R. No. 175849
2025-12-06 13:26:51,148 - INFO -   Title: Manuel Almagro, joined by his spouse, Elizabeth Almagro vs. ...
2025-12-06 13:26:52,125 - WARNING -   ✗ Could not fetch case from any URL
2025-12-06 13:26:52,126 - INFO - 
[1160/1500] Processing G.R. No. 175862
2025-12-06 13:26:52,126 - INFO -   Title: Real Bank Inc. vs. Samsung Mabuhay Corporation, et al....
2025-12-06 13:26:52,591 - INFO -   ✓ Saved: RESTRUCTURED_DB/2010/oct/175862.json
2025-12-06 13:26:53,091 - INFO - 
[1161/1500] Processing G.R. No. 175887
2025-12-06 13:26:53,091 - INFO -   Title: Heirs of the late Nestor Tria vs. Atty. Epifania Obias...
2025-12-06 13:26:54,206 - INFO -   ✓ Saved: RESTRUCTURED_DB/2010/nov/175887.json
2025-12-06 13:26:54,706 - INFO - 
[1162/1500] Processing G.R. No. 176006
2025-12-06 13:26:54,706 - INFO -   Title: National Power Corporation vs. Pinatubo Commercial, represen...
2025-12-06 13:26:55,171 - INFO -   ✓ Saved: RESTRUCTURED_DB/2010/mar/176006.json
2025-12-06 13:26:55,672 - INFO - 
[1163/1500] Processing G.R. No. 176066
2025-12-06 13:26:55,672 - INFO -   Title: People of the Philippines vs. Estela Tuan y Baludda...
2025-12-06 13:26:56,368 - INFO -   ✓ Saved: RESTRUCTURED_DB/2010/aug/176066.json
2025-12-06 13:26:56,869 - INFO - 
[1164/1500] Processing G.R. No. 176123
2025-12-06 13:26:56,869 - INFO -   Title: Jose Cabaral Tiu vs. First Plywood Corporation/Jose Cabaral ...
2025-12-06 13:26:57,335 - INFO -   ✓ Saved: RESTRUCTURED_DB/2010/mar/176123.json
2025-12-06 13:26:57,835 - INFO - 
[1165/1500] Processing G.R. No. 176212
2025-12-06 13:26:57,835 - INFO -   Title: Century Savings Bank vs. Spouses Danilo T. Samonte and Rosal...
2025-12-06 13:26:58,300 - INFO -   ✓ Saved: RESTRUCTURED_DB/2010/oct/176212.json
2025-12-06 13:26:58,800 - INFO - 
[1166/1500] Processing G.R. No. 176260
2025-12-06 13:26:58,800 - INFO -   Title: Lucia Barrameda Vda. De Ballesteros vs. Rural Bank of Canama...
2025-12-06 13:26:59,268 - INFO -   ✓ Saved: RESTRUCTURED_DB/2010/nov/176260.json
2025-12-06 13:26:59,768 - INFO - 
[1167/1500] Processing G.R. No. 176278
2025-12-06 13:26:59,768 - INFO -   Title: Allan F. Paguia vs. Office of the President, et al....
2025-12-06 13:27:00,016 - INFO -   ✓ Saved: RESTRUCTURED_DB/2010/jun/176278.json
2025-12-06 13:27:00,517 - INFO - 
[1168/1500] Processing G.R. No. 176354
2025-12-06 13:27:00,517 - INFO -   Title: People of the Philippines vs. Wilson Lopez, et al....
2025-12-06 13:27:00,985 - INFO -   ✓ Saved: RESTRUCTURED_DB/2010/aug/176354.json
2025-12-06 13:27:01,485 - INFO - 
[1169/1500] Processing G.R. No. 176381
2025-12-06 13:27:01,485 - INFO -   Title: PCI Leasing and Finance, inc. vs. Trojan Metal Industries In...
2025-12-06 13:27:01,957 - INFO -   ✓ Saved: RESTRUCTURED_DB/2010/dec/176381.json
2025-12-06 13:27:02,458 - INFO - 
[1170/1500] Processing G.R. No. 176389
2025-12-06 13:27:02,458 - INFO -   Title: Antonio Lejano vs. People of the Philippines / People of the...
2025-12-06 13:27:04,903 - INFO -   ✓ Saved: RESTRUCTURED_DB/2010/dec/176389.json
2025-12-06 13:27:05,403 - INFO - 
[1171/1500] Processing G.R. No. 176410
2025-12-06 13:27:05,403 - INFO -   Title: Land Bank of the Philippines vs. Conrado O. Colarina...
2025-12-06 13:27:05,873 - INFO -   ✓ Saved: RESTRUCTURED_DB/2010/sep/176410.json
2025-12-06 13:27:06,373 - INFO - 
[1172/1500] Processing G.R. No. 176464
2025-12-06 13:27:06,373 - INFO -   Title: Edward N. Lim vs. Ma. Cheryl Sta. Cruz-Lim...
2025-12-06 13:27:06,839 - INFO -   ✓ Saved: RESTRUCTURED_DB/2010/feb/176464.json
2025-12-06 13:27:07,339 - INFO - 
[1173/1500] Processing G.R. No. 176479
2025-12-06 13:27:07,339 - INFO -   Title: Rizal Commercial Banking Corporation vs. Pedro P. Buenaventu...
2025-12-06 13:27:07,587 - INFO -   ✓ Saved: RESTRUCTURED_DB/2010/oct/176479.json
2025-12-06 13:27:08,087 - INFO - 
[1174/1500] Processing G.R. No. 176634
2025-12-06 13:27:08,087 - INFO -   Title: People of the Philippines vs. Romeo Miranda y Michael...
2025-12-06 13:27:08,552 - INFO -   ✓ Saved: RESTRUCTURED_DB/2010/apr/176634.json
2025-12-06 13:27:09,053 - INFO - 
[1175/1500] Processing G.R. No. 176640
2025-12-06 13:27:09,053 - INFO -   Title: Antonio A. Aboc vs. Metropolitan Bank and Trust Company / Me...
2025-12-06 13:27:10,030 - WARNING -   ✗ Could not fetch case from any URL
2025-12-06 13:27:10,030 - INFO - 
[1176/1500] Processing G.R. No. 176657
2025-12-06 13:27:10,030 - INFO -   Title: Department of Foreign Affairs and Bangko Sentral Ng Pilipina...
2025-12-06 13:27:10,934 - INFO -   ✓ Saved: RESTRUCTURED_DB/2010/sep/176657.json
2025-12-06 13:27:11,434 - INFO - 
[1177/1500] Processing G.R. No. 176657
2025-12-06 13:27:11,434 - INFO -   Title: Department of Foreign Affairs and Bangko Sentral ng Pilipina...
2025-12-06 13:27:12,120 - INFO -   Case already exists: RESTRUCTURED_DB/2010/sep/176657.json
2025-12-06 13:27:12,620 - INFO - 
[1178/1500] Processing G.R. No. 176675
2025-12-06 13:27:12,620 - INFO -   Title: Sps. Alfredo Bontilao and Sherlina Bontilao vs. Dr. Carlos G...
2025-12-06 13:27:12,868 - INFO -   ✓ Saved: RESTRUCTURED_DB/2010/sep/176675.json
2025-12-06 13:27:13,368 - INFO - 
[1179/1500] Processing G.R. No. 176686
2025-12-06 13:27:13,368 - INFO -   Title: Solar Harvest Incorporated vs. Davao Corrugated Carton Corpo...
2025-12-06 13:27:14,346 - WARNING -   ✗ Could not fetch case from any URL
2025-12-06 13:27:14,346 - INFO - 
[1180/1500] Processing G.R. No. 176707
2025-12-06 13:27:14,346 - INFO -   Title: Arlin B. Obiasca vs. Jeane O. Basallote...
2025-12-06 13:27:15,033 - INFO -   ✓ Saved: RESTRUCTURED_DB/2010/feb/176707.json
2025-12-06 13:27:15,533 - INFO - 
[1181/1500] Processing G.R. No. 176717
2025-12-06 13:27:15,533 - INFO -   Title: Evangeline C. Cobarrubias vs. Saint Louis University, Inc....
2025-12-06 13:27:15,782 - INFO -   ✓ Saved: RESTRUCTURED_DB/2010/mar/176717.json
2025-12-06 13:27:16,283 - INFO - 
[1182/1500] Processing G.R. No. 176743
2025-12-06 13:27:16,283 - INFO -   Title: People of the Philippines vs. Nelson Balunsat y Balunsat...
2025-12-06 13:27:16,749 - INFO -   ✓ Saved: RESTRUCTURED_DB/2010/jul/176743.json
2025-12-06 13:27:17,249 - INFO - 
[1183/1500] Processing G.R. No. 176748
2025-12-06 13:27:17,249 - INFO -   Title: Judy O. Dacuital, et al. vs. L.M. Camus Engineering Corporat...
2025-12-06 13:27:17,715 - INFO -   ✓ Saved: RESTRUCTURED_DB/2010/sep/176748.json
2025-12-06 13:27:18,216 - INFO - 
[1184/1500] Processing G.R. No. 176831
2025-12-06 13:27:18,216 - INFO -   Title: Uy Kiao Eng vs. Nixon Lee...
2025-12-06 13:27:18,464 - INFO -   ✓ Saved: RESTRUCTURED_DB/2010/jan/176831.json
2025-12-06 13:27:18,965 - INFO - 
[1185/1500] Processing G.R. No. 176841
2025-12-06 13:27:18,965 - INFO -   Title: Anthony Orduña, et al. vs. Eduardo J. Fuentebella, et al....
2025-12-06 13:27:19,431 - INFO -   ✓ Saved: RESTRUCTURED_DB/2010/jun/176841.json
2025-12-06 13:27:19,931 - INFO - 
[1186/1500] Processing G.R. No. 176858
2025-12-06 13:27:19,931 - INFO -   Title: Heirs of Juanita Padilla, represented by Claudio Padilla vs....
2025-12-06 13:27:20,180 - INFO -   ✓ Saved: RESTRUCTURED_DB/2010/sep/176858.json
2025-12-06 13:27:20,680 - INFO - 
[1187/1500] Processing G.R. No. 176885
2025-12-06 13:27:20,680 - INFO -   Title: Republic of the Philippines vs. Domingo Espinosa...
2025-12-06 13:27:20,929 - INFO -   ✓ Saved: RESTRUCTURED_DB/2010/jul/176885.json
2025-12-06 13:27:21,429 - INFO - 
[1188/1500] Processing G.R. No. 176946
2025-12-06 13:27:21,429 - INFO -   Title: Constancia G. Tamayo, et al. vs. Rosalia Abad Señora, et al....
2025-12-06 13:27:21,678 - INFO -   ✓ Saved: RESTRUCTURED_DB/2010/nov/176946.json
2025-12-06 13:27:22,178 - INFO - 
[1189/1500] Processing G.R. No. 176951
2025-12-06 13:27:22,178 - INFO -   Title: League of Cities of the Phil. rep by LCP National President ...
2025-12-06 13:27:22,642 - INFO -   ✓ Saved: RESTRUCTURED_DB/2010/aug/176951.json
2025-12-06 13:27:23,143 - INFO - 
[1190/1500] Processing G.R. No. 176959
2025-12-06 13:27:23,143 - INFO -   Title: Metropolitan Bank & trust Company, Inc. vs. the Board of Tru...
2025-12-06 13:27:23,608 - INFO -   ✓ Saved: RESTRUCTURED_DB/2010/sep/176959.json
2025-12-06 13:27:24,108 - INFO - 
[1191/1500] Processing G.R. No. 177100
2025-12-06 13:27:24,108 - INFO -   Title: Bandila Shipping, Inc. et al. vs. Marcos C. Abalos...
2025-12-06 13:27:24,356 - INFO -   ✓ Saved: RESTRUCTURED_DB/2010/feb/177100.json
2025-12-06 13:27:24,856 - INFO - 
[1192/1500] Processing G.R. No. 177105
2025-12-06 13:27:24,856 - INFO -   Title: Jose Reyes y vacio vs. People of the Philippines...
2025-12-06 13:27:25,322 - INFO -   ✓ Saved: RESTRUCTURED_DB/2010/aug/177105.json
2025-12-06 13:27:25,822 - INFO - 
[1193/1500] Processing G.R. No. 177114
2025-12-06 13:27:25,822 - INFO -   Title: Manolo A. Peñaflor vs. Outdoor Clothing Manufacturing Corp.,...
2025-12-06 13:27:26,286 - INFO -   ✓ Saved: RESTRUCTURED_DB/2010/apr/177114.json
2025-12-06 13:27:26,786 - INFO - 
[1194/1500] Processing G.R. No. 177114
2025-12-06 13:27:26,786 - INFO -   Title: Manolo A. Peñaflor vs. Outdoor Clothing Manufacturing Corpor...
2025-12-06 13:27:27,251 - INFO -   ✓ Saved: RESTRUCTURED_DB/2010/jan/177114.json
2025-12-06 13:27:27,751 - INFO - 
[1195/1500] Processing G.R. No. 177127
2025-12-06 13:27:27,751 - INFO -   Title: JRA Philippines, Inc. vs. Commissioner of Internal Revenue...
2025-12-06 13:27:28,215 - INFO -   ✓ Saved: RESTRUCTURED_DB/2010/oct/177127.json
2025-12-06 13:27:28,715 - INFO - 
[1196/1500] Processing G.R. No. 177138
2025-12-06 13:27:28,715 - INFO -   Title: People of the Philippines vs. Joel Guillermo...
2025-12-06 13:27:29,179 - INFO -   ✓ Saved: RESTRUCTURED_DB/2010/jan/177138.json
2025-12-06 13:27:29,679 - INFO - 
[1197/1500] Processing G.R. No. 177152
2025-12-06 13:27:29,679 - INFO -   Title: The People of the Philippines vs. Manuel Bagos...
2025-12-06 13:27:30,145 - INFO -   ✓ Saved: RESTRUCTURED_DB/2010/jan/177152.json
2025-12-06 13:27:30,645 - INFO - 
[1198/1500] Processing G.R. No. 177219
2025-12-06 13:27:30,645 - INFO -   Title: People of the Philippines vs. Rogelio Alarcon...
2025-12-06 13:27:31,110 - INFO -   ✓ Saved: RESTRUCTURED_DB/2010/jul/177219.json
2025-12-06 13:27:31,611 - INFO - 
[1199/1500] Processing G.R. No. 177240
2025-12-06 13:27:31,611 - INFO -   Title: Prudential Guarantee and Assurance, Inc. vs. ANSCOR Land, In...
2025-12-06 13:27:32,075 - INFO -   ✓ Saved: RESTRUCTURED_DB/2010/sep/177240.json
2025-12-06 13:27:32,575 - INFO - 
[1200/1500] Processing G.R. No. 177279
2025-12-06 13:27:32,575 - INFO -   Title: Commissioner of Internal Revenue vs. Hon. Raul M. Gonzales, ...
2025-12-06 13:27:33,043 - INFO -   ✓ Saved: RESTRUCTURED_DB/2010/oct/177279.json
2025-12-06 13:27:33,544 - INFO - 
[1201/1500] Processing G.R. No. 177295
2025-12-06 13:27:33,544 - INFO -   Title: People of the Philippines vs. Marlon Barsaga Abella...
2025-12-06 13:27:34,010 - INFO -   ✓ Saved: RESTRUCTURED_DB/2010/jan/177295.json
2025-12-06 13:27:34,510 - INFO - 
[1202/1500] Processing G.R. No. 177355
2025-12-06 13:27:34,510 - INFO -   Title: People of the Philippines vs. Montano Flores y Paras...
2025-12-06 13:27:34,759 - INFO -   ✓ Saved: RESTRUCTURED_DB/2010/dec/177355.json
2025-12-06 13:27:35,259 - INFO - 
[1203/1500] Processing G.R. No. 177361
2025-12-06 13:27:35,259 - INFO -   Title: Armando Vidar, et al. vs. People of the Philippines...
2025-12-06 13:27:35,724 - INFO -   ✓ Saved: RESTRUCTURED_DB/2010/feb/177361.json
2025-12-06 13:27:36,224 - INFO - 
[1204/1500] Processing G.R. No. 177511
2025-12-06 13:27:36,224 - INFO -   Title: Land Bank of the Philippines vs. Fortune Savings and Loan As...
2025-12-06 13:27:36,472 - INFO -   ✓ Saved: RESTRUCTURED_DB/2010/jun/177511.json
2025-12-06 13:27:36,972 - INFO - 
[1205/1500] Processing G.R. No. 177556
2025-12-06 13:27:36,972 - INFO -   Title: Transcept Construction and Management Professionals, Inc. vs...
2025-12-06 13:27:37,437 - INFO -   ✓ Saved: RESTRUCTURED_DB/2010/dec/177556.json
2025-12-06 13:27:37,937 - INFO - 
[1206/1500] Processing G.R. No. 177573
2025-12-06 13:27:37,937 - INFO -   Title: People of the Philippines vs. Roberto Asis and Julius Peñara...
2025-12-06 13:27:38,403 - INFO -   ✓ Saved: RESTRUCTURED_DB/2010/jul/177573.json
2025-12-06 13:27:38,904 - INFO - 
[1207/1500] Processing G.R. No. 177637
2025-12-06 13:27:38,904 - INFO -   Title: Dr. Dioscoro Carbonilla vs. Marcelo Abiera and Maricris Abie...
2025-12-06 13:27:39,152 - INFO -   ✓ Saved: RESTRUCTURED_DB/2010/jul/177637.json
2025-12-06 13:27:39,652 - INFO - 
[1208/1500] Processing G.R. No. 177727
2025-12-06 13:27:39,652 - INFO -   Title: Harold V. Tamargo vs. Romulo Awingan, Lloyd Antiporda and Li...
2025-12-06 13:27:40,118 - INFO -   ✓ Saved: RESTRUCTURED_DB/2010/jan/177727.json
2025-12-06 13:27:40,618 - INFO - 
[1209/1500] Processing G.R. No. 177740
2025-12-06 13:27:40,618 - INFO -   Title: People of the Philippines vs. Romulo Garcia y Maceda...
2025-12-06 13:27:41,083 - INFO -   ✓ Saved: RESTRUCTURED_DB/2010/apr/177740.json
2025-12-06 13:27:41,584 - INFO - 
[1210/1500] Processing G.R. No. 177747
2025-12-06 13:27:41,584 - INFO -   Title: People of the Philippines vs. Ignacio Poras...
2025-12-06 13:27:42,050 - INFO -   ✓ Saved: RESTRUCTURED_DB/2010/feb/177747.json
2025-12-06 13:27:42,550 - INFO - 
[1211/1500] Processing G.R. No. 177779
2025-12-06 13:27:42,550 - INFO -   Title: People of the Philippines vs. Felipe Nachor y Omayan...
2025-12-06 13:27:43,016 - INFO -   ✓ Saved: RESTRUCTURED_DB/2010/dec/177779.json
2025-12-06 13:27:43,516 - INFO - 
[1212/1500] Processing G.R. No. 177779
2025-12-06 13:27:43,516 - INFO -   Title: People of the Philippines vs. Felipe Nachor y Omayan...
2025-12-06 13:27:43,981 - INFO -   Case already exists: RESTRUCTURED_DB/2010/dec/177779.json
2025-12-06 13:27:44,481 - INFO - 
[1213/1500] Processing G.R. No. 177861
2025-12-06 13:27:44,481 - INFO -   Title: In re: petition for cancellation and correction of entries i...
2025-12-06 13:27:44,729 - INFO -   ✓ Saved: RESTRUCTURED_DB/2010/jul/177861.json
2025-12-06 13:27:45,229 - INFO - 
[1214/1500] Processing G.R. No. 177881
2025-12-06 13:27:45,229 - INFO -   Title: Emmanuel C. Villanueva vs. Cherdan Lending Investors Corpora...
2025-12-06 13:27:45,693 - INFO -   ✓ Saved: RESTRUCTURED_DB/2010/oct/177881.json
2025-12-06 13:27:46,194 - INFO - 
[1215/1500] Processing G.R. No. 177970
2025-12-06 13:27:46,194 - INFO -   Title: Agricultural and Industrial Supplies Corporation, et al. vs....
2025-12-06 13:27:46,659 - INFO -   ✓ Saved: RESTRUCTURED_DB/2010/aug/177970.json
2025-12-06 13:27:47,159 - INFO - 
[1216/1500] Processing G.R. No. 177983
2025-12-06 13:27:47,159 - INFO -   Title: People of the Philippines vs. Dante Jadap...
2025-12-06 13:27:47,625 - INFO -   ✓ Saved: RESTRUCTURED_DB/2010/mar/177983.json
2025-12-06 13:27:48,125 - INFO - 
[1217/1500] Processing G.R. No. 178030
2025-12-06 13:27:48,125 - INFO -   Title: Philippine Fisheries Development Authority (PFDA) vs. Centra...
2025-12-06 13:27:48,374 - INFO -   ✓ Saved: RESTRUCTURED_DB/2010/dec/178030.json
2025-12-06 13:27:48,874 - INFO - 
[1218/1500] Processing G.R. No. 178062
2025-12-06 13:27:48,874 - INFO -   Title: People of the Philippines vs. Abdul Aminola y Omar and Mike ...
2025-12-06 13:27:49,339 - INFO -   ✓ Saved: RESTRUCTURED_DB/2010/sep/178062.json
2025-12-06 13:27:49,839 - INFO - 
[1219/1500] Processing G.R. No. 178063
2025-12-06 13:27:49,839 - INFO -   Title: People of the Philippines vs. Tirso Sace y Montoya...
2025-12-06 13:27:50,307 - INFO -   ✓ Saved: RESTRUCTURED_DB/2010/apr/178063.json
2025-12-06 13:27:50,807 - INFO - 
[1220/1500] Processing G.R. No. 178087
2025-12-06 13:27:50,807 - INFO -   Title: Commissioner of Internal Revenue vs. Kudos Metal Corporation...
2025-12-06 13:27:51,273 - INFO -   ✓ Saved: RESTRUCTURED_DB/2010/may/178087.json
2025-12-06 13:27:51,773 - INFO - 
[1221/1500] Processing G.R. No. 178090
2025-12-06 13:27:51,773 - INFO -   Title: Panasonic Communication Imaging Corporation of the Philippin...
2025-12-06 13:27:52,026 - INFO -   ✓ Saved: RESTRUCTURED_DB/2010/feb/178090.json
2025-12-06 13:27:52,526 - INFO - 
[1222/1500] Processing G.R. No. 178193
2025-12-06 13:27:52,526 - INFO -   Title: Philippine Coconut Producers Federation, Inc. (COCOFED), et ...
2025-12-06 13:27:53,502 - WARNING -   ✗ Could not fetch case from any URL
2025-12-06 13:27:53,502 - INFO - 
[1223/1500] Processing G.R. No. 178202
2025-12-06 13:27:53,503 - INFO -   Title: People of the Philippines vs. Norman Sitco and Raymundo Bagt...
2025-12-06 13:27:53,968 - INFO -   ✓ Saved: RESTRUCTURED_DB/2010/may/178205.json
2025-12-06 13:27:54,468 - INFO - 
[1224/1500] Processing G.R. No. 178221
2025-12-06 13:27:54,468 - INFO -   Title: May D. Añonuevo, et al. vs. Intestate of Rodolfo G. Jalandon...
2025-12-06 13:27:54,933 - INFO -   ✓ Saved: RESTRUCTURED_DB/2010/dec/178221.json
2025-12-06 13:27:55,433 - INFO - 
[1225/1500] Processing G.R. No. 178274
2025-12-06 13:27:55,433 - INFO -   Title: People of the Philippines vs. Aurelio Matunhay...
2025-12-06 13:27:55,898 - INFO -   ✓ Saved: RESTRUCTURED_DB/2010/mar/178274.json
2025-12-06 13:27:56,398 - INFO - 
[1226/1500] Processing G.R. No. 178274
2025-12-06 13:27:56,398 - INFO -   Title: People of the Philippines vs. Aurelio Matunhay...
2025-12-06 13:27:56,861 - INFO -   Case already exists: RESTRUCTURED_DB/2010/mar/178274.json
2025-12-06 13:27:57,361 - INFO - 
[1227/1500] Processing G.R. No. 178318
2025-12-06 13:27:57,361 - INFO -   Title: People of the Philippines vs. Edgardo Estrada...
2025-12-06 13:27:57,825 - INFO -   ✓ Saved: RESTRUCTURED_DB/2010/jan/178318.json
2025-12-06 13:27:58,325 - INFO - 
[1228/1500] Processing G.R. No. 178397
2025-12-06 13:27:58,325 - INFO -   Title: Peñafrancia Tours and Travel Transport, Inc. vs. Joselito P....
2025-12-06 13:27:58,574 - INFO -   ✓ Saved: RESTRUCTURED_DB/2010/oct/178397.json
2025-12-06 13:27:59,074 - INFO - 
[1229/1500] Processing G.R. No. 178411
2025-12-06 13:27:59,074 - INFO -   Title: Office of the City Mayor of Parañaque City, et al. vs. Mario...
2025-12-06 13:27:59,539 - INFO -   ✓ Saved: RESTRUCTURED_DB/2010/jun/178411.json
2025-12-06 13:28:00,039 - INFO - 
[1230/1500] Processing G.R. No. 178495
2025-12-06 13:28:00,039 - INFO -   Title: Spouses Rodolfo A. Noceda and Erna T. Noceda vs. Aurora Arbi...
2025-12-06 13:28:00,287 - INFO -   ✓ Saved: RESTRUCTURED_DB/2010/jul/178495.json
2025-12-06 13:28:00,787 - INFO - 
[1231/1500] Processing G.R. No. 178523
2025-12-06 13:28:00,787 - INFO -   Title: Makati Sports Club, Inc. vs. Cecile H. Cheng, et al....
2025-12-06 13:28:01,251 - INFO -   ✓ Saved: RESTRUCTURED_DB/2010/jun/178523.json
2025-12-06 13:28:01,752 - INFO - 
[1232/1500] Processing G.R. No. 178551
2025-12-06 13:28:01,752 - INFO -   Title: ATCI Overseas Corporation, et al. vs. Ma. Josefa Echin...
2025-12-06 13:28:02,006 - INFO -   ✓ Saved: RESTRUCTURED_DB/2010/oct/178551.json
2025-12-06 13:28:02,507 - INFO - 
[1233/1500] Processing G.R. No. 178591
2025-12-06 13:28:02,507 - INFO -   Title: SM Systems Corporation formerly Sprinsun Management System C...
2025-12-06 13:28:02,971 - INFO -   ✓ Saved: RESTRUCTURED_DB/2010/jul/178591.json
2025-12-06 13:28:03,471 - INFO - 
[1234/1500] Processing G.R. No. 178609
2025-12-06 13:28:03,471 - INFO -   Title: Manuel P. Ney and Romulo P. Ney vs. Sps. Celso P. Quijano an...
2025-12-06 13:28:03,719 - INFO -   ✓ Saved: RESTRUCTURED_DB/2010/aug/178609.json
2025-12-06 13:28:04,219 - INFO - 
[1235/1500] Processing G.R. No. 178610
2025-12-06 13:28:04,219 - INFO -   Title: Hongkong and Shanghai Banking corp., Ltd. Staff Retirement P...
2025-12-06 13:28:04,466 - INFO -   ✓ Saved: RESTRUCTURED_DB/2010/nov/178610.json
2025-12-06 13:28:04,966 - INFO - 
[1236/1500] Processing G.R. No. 178618
2025-12-06 13:28:04,966 - INFO -   Title: Mindanao Savings and Loan Association, Inc., etc. vs. Edward...
2025-12-06 13:28:05,432 - INFO -   ✓ Saved: RESTRUCTURED_DB/2010/oct/178618.json
2025-12-06 13:28:05,932 - INFO - 
[1237/1500] Processing G.R. No. 178621
2025-12-06 13:28:05,932 - INFO -   Title: Miguel Rubia vs. National Labor Relations Commission, et al....
2025-12-06 13:28:06,396 - INFO -   ✓ Saved: RESTRUCTURED_DB/2010/jul/178621.json
2025-12-06 13:28:06,896 - INFO - 
[1238/1500] Processing G.R. No. 178652
2025-12-06 13:28:06,896 - INFO -   Title: Spouses Revelo Villamar and Corazon Penuliar-Villamar vs. Pe...
2025-12-06 13:28:07,144 - INFO -   ✓ Saved: RESTRUCTURED_DB/2010/dec/178652.json
2025-12-06 13:28:07,644 - INFO - 
[1239/1500] Processing G.R. No. 178697
2025-12-06 13:28:07,644 - INFO -   Title: Commissioner of Internal Revenue vs. Sony Philippines, Inc....
2025-12-06 13:28:08,111 - INFO -   ✓ Saved: RESTRUCTURED_DB/2010/nov/178797.json
2025-12-06 13:28:08,611 - INFO - 
[1240/1500] Processing G.R. No. 178762
2025-12-06 13:28:08,611 - INFO -   Title: Luzviminda A. Ang vs. Philippine National Bank...
2025-12-06 13:28:09,075 - INFO -   ✓ Saved: RESTRUCTURED_DB/2010/jun/178762.json
2025-12-06 13:28:09,575 - INFO - 
[1241/1500] Processing G.R. No. 178778
2025-12-06 13:28:09,575 - INFO -   Title: People of the Philippines vs. T/Sgt. Porferio R. Angus, Jr....
2025-12-06 13:28:10,040 - INFO -   ✓ Saved: RESTRUCTURED_DB/2010/aug/178778.json
2025-12-06 13:28:10,540 - INFO - 
[1242/1500] Processing G.R. No. 178788
2025-12-06 13:28:10,540 - INFO -   Title: United Airlines, Inc. vs. Commissioner on Internal Revenue...
2025-12-06 13:28:11,005 - INFO -   ✓ Saved: RESTRUCTURED_DB/2010/sep/178788.json
2025-12-06 13:28:11,506 - INFO - 
[1243/1500] Processing G.R. No. 178899
2025-12-06 13:28:11,506 - INFO -   Title: Philippine Business Bank vs. Felipe Chua...
2025-12-06 13:28:11,972 - INFO -   ✓ Saved: RESTRUCTURED_DB/2010/nov/178899.json
2025-12-06 13:28:12,472 - INFO - 
[1244/1500] Processing G.R. No. 178902
2025-12-06 13:28:12,472 - INFO -   Title: Manuel O. Fuentes, et al. vs. Conrado G. Roca, et al....
2025-12-06 13:28:13,384 - INFO -   ✓ Saved: RESTRUCTURED_DB/2010/apr/178902.json
2025-12-06 13:28:13,885 - INFO - 
[1245/1500] Processing G.R. No. 178908
2025-12-06 13:28:13,885 - INFO -   Title: Spouses Eulogio N. Antazo and Nelia C. Antazo vs. Leonides D...
2025-12-06 13:28:14,132 - INFO -   ✓ Saved: RESTRUCTURED_DB/2010/feb/178908.json
2025-12-06 13:28:14,632 - INFO - 
[1246/1500] Processing G.R. No. 178989
2025-12-06 13:28:14,632 - INFO -   Title: Eagle Ridge Gold & Country Club vs. Court of Appeals, et al....
2025-12-06 13:28:15,099 - INFO -   ✓ Saved: RESTRUCTURED_DB/2010/mar/178989.json
2025-12-06 13:28:15,599 - INFO - 
[1247/1500] Processing G.R. No. 179029
2025-12-06 13:28:15,599 - INFO -   Title: People of the Philippines vs. Felimon Pagaduan y Tamayo...
2025-12-06 13:28:16,064 - INFO -   ✓ Saved: RESTRUCTURED_DB/2010/aug/179029.json
2025-12-06 13:28:16,564 - INFO - 
[1248/1500] Processing G.R. No. 179033
2025-12-06 13:28:16,564 - INFO -   Title: People of the Philippines vs. Feliciano Anabe y Capillan...
2025-12-06 13:28:17,029 - INFO -   ✓ Saved: RESTRUCTURED_DB/2010/sep/179033.json
2025-12-06 13:28:17,529 - INFO - 
[1249/1500] Processing G.R. No. 179038
2025-12-06 13:28:17,529 - INFO -   Title: People of the Philippines vs. Joseph Serrano and Anthony Ser...
2025-12-06 13:28:17,779 - INFO -   ✓ Saved: RESTRUCTURED_DB/2010/may/179038.json
2025-12-06 13:28:18,279 - INFO - 
[1250/1500] Processing G.R. No. 179044
2025-12-06 13:28:18,279 - INFO -   Title: People of the Philippines vs. Rodriguez Lucero y Paw-as alia...
2025-12-06 13:28:18,526 - INFO -   ✓ Saved: RESTRUCTURED_DB/2010/dec/179044.json
2025-12-06 13:28:19,026 - INFO - 
[1251/1500] Processing G.R. No. 179045
2025-12-06 13:28:19,026 - INFO -   Title: Commissioner of Internal Revenue vs. Smart Communication, In...
2025-12-06 13:28:20,001 - WARNING -   ✗ Could not fetch case from any URL
2025-12-06 13:28:20,001 - INFO - 
[1252/1500] Processing G.R. No. 179085
2025-12-06 13:28:20,001 - INFO -   Title: Tambunting Pawnshop, Inc. vs. Commissioner of Internal Reven...
2025-12-06 13:28:20,463 - INFO -   ✓ Saved: RESTRUCTURED_DB/2010/jan/179085.json
2025-12-06 13:28:20,963 - INFO - 
[1253/1500] Processing G.R. No. 179105
2025-12-06 13:28:20,964 - INFO -   Title: Matropolitan Bank and Trust Company vs. Larry Mariñas...
2025-12-06 13:28:21,427 - INFO -   ✓ Saved: RESTRUCTURED_DB/2010/jul/179105.json
2025-12-06 13:28:21,927 - INFO - 
[1254/1500] Processing G.R. No. 179117
2025-12-06 13:28:21,927 - INFO -   Title: Northwest Airlines, Inc. vs. Spouses Edward J. Heshan and Ne...
2025-12-06 13:28:22,389 - INFO -   ✓ Saved: RESTRUCTURED_DB/2010/feb/179117.json
2025-12-06 13:28:22,889 - INFO - 
[1255/1500] Processing G.R. No. 179161
2025-12-06 13:28:22,889 - INFO -   Title: Philippine National Bank vs. DKS International, Inc. and Mic...
2025-12-06 13:28:23,354 - INFO -   ✓ Saved: RESTRUCTURED_DB/2010/jan/179161.json
2025-12-06 13:28:23,854 - INFO - 
[1256/1500] Processing G.R. No. 179169
2025-12-06 13:28:23,854 - INFO -   Title: Leonis Navigation Co., Inc. and World Marine Panama, S.A. vs...
2025-12-06 13:28:24,318 - INFO -   ✓ Saved: RESTRUCTURED_DB/2010/mar/179169.json
2025-12-06 13:28:24,818 - INFO - 
[1257/1500] Processing G.R. No. 179230
2025-12-06 13:28:24,818 - INFO -   Title: Eugene L. Lim vs. BPI Agriculture Development Bank...
2025-12-06 13:28:25,065 - INFO -   ✓ Saved: RESTRUCTURED_DB/2010/mar/179230.json
2025-12-06 13:28:25,566 - INFO - 
[1258/1500] Processing G.R. No. 179333
2025-12-06 13:28:25,566 - INFO -   Title: Josephil C. Bien vs. Pedro B. Bo...
2025-12-06 13:28:25,813 - INFO -   ✓ Saved: RESTRUCTURED_DB/2010/aug/179333.json
2025-12-06 13:28:26,314 - INFO - 
[1259/1500] Processing G.R. No. 179343
2025-12-06 13:28:26,314 - INFO -   Title: Fishwealth Canning Corporation vs. Commissioner of Internal ...
2025-12-06 13:28:26,569 - INFO -   ✓ Saved: RESTRUCTURED_DB/2010/jan/179343.json
2025-12-06 13:28:27,069 - INFO - 
[1260/1500] Processing G.R. No. 179395
2025-12-06 13:28:27,070 - INFO -   Title: Maxwell Heavy Equipment Corporation vs. Eric Uychiaoco Yu...
2025-12-06 13:28:27,532 - INFO -   ✓ Saved: RESTRUCTURED_DB/2010/dec/179395.json
2025-12-06 13:28:28,032 - INFO - 
[1261/1500] Processing G.R. No. 179441
2025-12-06 13:28:28,032 - INFO -   Title: St. James College of Parañaque; Jaime T. Torres, represented...
2025-12-06 13:28:28,713 - INFO -   ✓ Saved: RESTRUCTURED_DB/2010/aug/179441.json
2025-12-06 13:28:29,213 - INFO - 
[1262/1500] Processing G.R. No. 179470
2025-12-06 13:28:29,213 - INFO -   Title: Nissan North Edsa Operating Under the name Motor Carriage, I...
2025-12-06 13:28:29,460 - INFO -   ✓ Saved: RESTRUCTURED_DB/2010/apr/179470.json
2025-12-06 13:28:29,961 - INFO - 
[1263/1500] Processing G.R. No. 179487
2025-12-06 13:28:29,961 - INFO -   Title: Romeo Ilisan y Piabol vs. People of the Philippines...
2025-12-06 13:28:30,424 - INFO -   ✓ Saved: RESTRUCTURED_DB/2010/nov/179487.json
2025-12-06 13:28:30,925 - INFO - 
[1264/1500] Processing G.R. No. 179498
2025-12-06 13:28:30,925 - INFO -   Title: People of the Philippines vs. Rustico Bartolin y Ampis...
2025-12-06 13:28:31,394 - INFO -   ✓ Saved: RESTRUCTURED_DB/2010/aug/176498.json
2025-12-06 13:28:31,894 - INFO - 
[1265/1500] Processing G.R. No. 179543
2025-12-06 13:28:31,895 - INFO -   Title: Camper Realty Corp. vs. Maria Nena Pajo-Reyes, represented b...
2025-12-06 13:28:32,142 - INFO -   ✓ Saved: RESTRUCTURED_DB/2010/oct/179543.json
2025-12-06 13:28:32,643 - INFO - 
[1266/1500] Processing G.R. No. 179549
2025-12-06 13:28:32,643 - INFO -   Title: Lirio A. Deanon, represented by Attorney-in-Fact, Jocelyn D....
2025-12-06 13:28:33,106 - INFO -   ✓ Saved: RESTRUCTURED_DB/2010/jun/179549.json
2025-12-06 13:28:33,606 - INFO - 
[1267/1500] Processing G.R. No. 179577
2025-12-06 13:28:33,607 - INFO -   Title: Von Madarang y Montemayor vs. People of the Philippines...
2025-12-06 13:28:33,854 - INFO -   ✓ Saved: RESTRUCTURED_DB/2010/aug/179577.json
2025-12-06 13:28:34,354 - INFO - 
[1268/1500] Processing G.R. No. 179702
2025-12-06 13:28:34,354 - INFO -   Title: Rolando P. Ancheta vs. Destiny Financial Plans, Inc. and Ars...
2025-12-06 13:28:34,817 - INFO -   ✓ Saved: RESTRUCTURED_DB/2010/feb/179702.json
2025-12-06 13:28:35,318 - INFO - 
[1269/1500] Processing G.R. No. 179709
2025-12-06 13:28:35,318 - INFO -   Title: People of the Philippines vs. Filomeno Mayingque, et al....
2025-12-06 13:28:35,784 - INFO -   ✓ Saved: RESTRUCTURED_DB/2010/jul/179709.json
2025-12-06 13:28:36,284 - INFO - 
[1270/1500] Processing G.R. No. 179743
2025-12-06 13:28:36,284 - INFO -   Title: Hadja Fatima Gaguil Magoyag, joined by her husband, Hadjihas...
2025-12-06 13:28:36,532 - INFO -   ✓ Saved: RESTRUCTURED_DB/2010/aug/179743.json
2025-12-06 13:28:37,032 - INFO - 
[1271/1500] Processing G.R. No. 179761
2025-12-06 13:28:37,033 - INFO -   Title: Catmon Sales International Corporation vs. Atty. Manuel D. Y...
2025-12-06 13:28:37,281 - INFO -   ✓ Saved: RESTRUCTURED_DB/2010/jan/179761.json
2025-12-06 13:28:37,781 - INFO - 
[1272/1500] Processing G.R. No. 179781
2025-12-06 13:28:37,781 - INFO -   Title: Spouses Basilio and Norma Hilaga vs. Rural Bank of Isulan, e...
2025-12-06 13:28:38,029 - INFO -   ✓ Saved: RESTRUCTURED_DB/2010/apr/179781.json
2025-12-06 13:28:38,529 - INFO - 
[1273/1500] Processing G.R. No. 179792
2025-12-06 13:28:38,529 - INFO -   Title: LNS International Manpower Services vs. Armando Padua, Jr....
2025-12-06 13:28:38,782 - INFO -   ✓ Saved: RESTRUCTURED_DB/2010/mar/179792.json
2025-12-06 13:28:39,282 - INFO - 
[1274/1500] Processing G.R. No. 179792
2025-12-06 13:28:39,282 - INFO -   Title: LNS International Manpower Services vs. Armando Padua, Jr....
2025-12-06 13:28:39,528 - INFO -   Case already exists: RESTRUCTURED_DB/2010/mar/179792.json
2025-12-06 13:28:40,028 - INFO - 
[1275/1500] Processing G.R. No. 179793
2025-12-06 13:28:40,029 - INFO -   Title: Magdalena Hidalgo, et al. vs. Republic of the Philippines...
2025-12-06 13:28:40,492 - INFO -   ✓ Saved: RESTRUCTURED_DB/2010/jul/179793.json
2025-12-06 13:28:40,992 - INFO - 
[1276/1500] Processing G.R. No. 179800
2025-12-06 13:28:40,992 - INFO -   Title: Republic of the Philippines represented by the Commissioner ...
2025-12-06 13:28:41,240 - INFO -   ✓ Saved: RESTRUCTURED_DB/2010/aug/179800.json
2025-12-06 13:28:41,740 - INFO - 
[1277/1500] Processing G.R. No. 179801
2025-12-06 13:28:41,740 - INFO -   Title: Bank of the Philippine Islands and BPI Family Bank vs. Hon. ...
2025-12-06 13:28:42,211 - INFO -   ✓ Saved: RESTRUCTURED_DB/2010/jun/179801.json
2025-12-06 13:28:42,711 - INFO - 
[1278/1500] Processing G.R. No. 179812
2025-12-06 13:28:42,711 - INFO -   Title: Eterton Multi-Resources Corporation vs. Filipino Pipe and Fo...
2025-12-06 13:28:42,958 - INFO -   ✓ Saved: RESTRUCTURED_DB/2010/jul/179812.json
2025-12-06 13:28:43,458 - INFO - 
[1279/1500] Processing G.R. No. 179859
2025-12-06 13:28:43,458 - INFO -   Title: in Re: Petition for probate of last will and testament of Ba...
2025-12-06 13:28:43,922 - INFO -   ✓ Saved: RESTRUCTURED_DB/2010/aug/179859.json
2025-12-06 13:28:44,423 - INFO - 
[1280/1500] Processing G.R. No. 179868
2025-12-06 13:28:44,423 - INFO -   Title: Rizaldy M. Quitoriano vs. Jebsens Maritime, Inc./Ma. Theresa...
2025-12-06 13:28:44,886 - INFO -   ✓ Saved: RESTRUCTURED_DB/2010/jan/179868.json
2025-12-06 13:28:45,386 - INFO - 
[1281/1500] Processing G.R. No. 179898
2025-12-06 13:28:45,386 - INFO -   Title: Maunlad Homes, Inc., Et Al vs.  Union Bank of the Philippine...
2025-12-06 13:28:45,851 - INFO -   ✓ Saved: RESTRUCTURED_DB/2010/nov/179898.json
2025-12-06 13:28:46,351 - INFO - 
[1282/1500] Processing G.R. No. 179909
2025-12-06 13:28:46,352 - INFO -   Title: Far East Bank and Trust Company (Now Bank of the Philippine ...
2025-12-06 13:28:46,815 - INFO -   ✓ Saved: RESTRUCTURED_DB/2010/jan/179909.json
2025-12-06 13:28:47,315 - INFO - 
[1283/1500] Processing G.R. No. 179918
2025-12-06 13:28:47,315 - INFO -   Title: Shell Philippines Exploration B. V., represented by its Mana...
2025-12-06 13:28:47,778 - INFO -   ✓ Saved: RESTRUCTURED_DB/2010/sep/179918.json
2025-12-06 13:28:48,278 - INFO - 
[1284/1500] Processing G.R. No. 179948
2025-12-06 13:28:48,278 - INFO -   Title: People of the Philippines vs. Eminiano Barcela y Medina...
2025-12-06 13:28:48,743 - INFO -   ✓ Saved: RESTRUCTURED_DB/2010/dec/179948.json
2025-12-06 13:28:49,243 - INFO - 
[1285/1500] Processing G.R. No. 180010
2025-12-06 13:28:49,243 - INFO -   Title: Cenita M. Cariaga vs. People of the Philippines...
2025-12-06 13:28:49,490 - INFO -   ✓ Saved: RESTRUCTURED_DB/2010/jul/180010.json
2025-12-06 13:28:49,991 - INFO - 
[1286/1500] Processing G.R. No. 180042
2025-12-06 13:28:49,991 - INFO -   Title: Commissioner of Internal Revenue vs. Ironco Builders and Dev...
2025-12-06 13:28:50,237 - INFO -   ✓ Saved: RESTRUCTURED_DB/2010/feb/180042.json
2025-12-06 13:28:50,738 - INFO - 
[1287/1500] Processing G.R. No. 180045
2025-12-06 13:28:50,738 - INFO -   Title: Government Service Insurance System vs. National Labor Relat...
2025-12-06 13:28:51,201 - INFO -   ✓ Saved: RESTRUCTURED_DB/2010/nov/180045.json
2025-12-06 13:28:51,701 - INFO - 
[1288/1500] Processing G.R. No. 180050
2025-12-06 13:28:51,701 - INFO -   Title: Rodolfo G. Navarro, et al. vs. Executive Secretary Eduardo E...
2025-12-06 13:28:52,382 - INFO -   ✓ Saved: RESTRUCTURED_DB/2010/may/180050.json
2025-12-06 13:28:52,883 - INFO - 
[1289/1500] Processing G.R. No. 180050
2025-12-06 13:28:52,883 - INFO -   Title: Rodolfo G. Navarro, et al. vs. Executive Secretary Eduardo E...
2025-12-06 13:28:53,357 - INFO -   ✓ Saved: RESTRUCTURED_DB/2010/feb/180050.json
2025-12-06 13:28:53,857 - INFO - 
[1290/1500] Processing G.R. No. 180062
2025-12-06 13:28:53,857 - INFO -   Title: Government Service Insurance System vs. Board of Commissione...
2025-12-06 13:28:54,103 - INFO -   ✓ Saved: RESTRUCTURED_DB/2010/may/180062.json
2025-12-06 13:28:54,604 - INFO - 
[1291/1500] Processing G.R. No. 180109
2025-12-06 13:28:54,604 - INFO -   Title: People of the Philippines vs. Joseph "Jojo" V. Gray, Francis...
2025-12-06 13:28:55,072 - INFO -   ✓ Saved: RESTRUCTURED_DB/2010/jul/180109.json
2025-12-06 13:28:55,572 - INFO - 
[1292/1500] Processing G.R. No. 180123
2025-12-06 13:28:55,572 - INFO -   Title: Kulas Ideas & Creations, et al. vs. Juliet Alcoseba, et al....
2025-12-06 13:28:55,821 - INFO -   ✓ Saved: RESTRUCTURED_DB/2010/feb/180123.json
2025-12-06 13:28:56,321 - INFO - 
[1293/1500] Processing G.R. No. 180285
2025-12-06 13:28:56,321 - INFO -   Title: Ma. Socorro Mandapat vs. Add Force Personnel Serivces, Inc....
2025-12-06 13:28:56,568 - INFO -   ✓ Saved: RESTRUCTURED_DB/2010/jul/180285.json
2025-12-06 13:28:57,068 - INFO - 
[1294/1500] Processing G.R. No. 180291
2025-12-06 13:28:57,068 - INFO -   Title: GSIS and Winston F. Garcia, in his capacity as Pres. & Gen. ...
2025-12-06 13:28:57,531 - INFO -   ✓ Saved: RESTRUCTURED_DB/2010/jul/180291.json
2025-12-06 13:28:58,031 - INFO - 
[1295/1500] Processing G.R. No. 180302
2025-12-06 13:28:58,031 - INFO -   Title: Jimmy Areno, Jr. vs. Skycable PCC-Baguio...
2025-12-06 13:28:58,495 - INFO -   ✓ Saved: RESTRUCTURED_DB/2010/feb/180302.json
2025-12-06 13:28:58,995 - INFO - 
[1296/1500] Processing G.R. No. 180374
2025-12-06 13:28:58,995 - INFO -   Title: Bienvenido T. Buada, et al. vs. Cement Center, Inc....
2025-12-06 13:28:59,242 - INFO -   ✓ Saved: RESTRUCTURED_DB/2010/jan/180374.json
2025-12-06 13:28:59,743 - INFO - 
[1297/1500] Processing G.R. No. 180384
2025-12-06 13:28:59,743 - INFO -   Title: Land Bank of the Philippines vs. Corazon M. Villegas/Land Ba...
2025-12-06 13:28:59,989 - INFO -   ✓ Saved: RESTRUCTURED_DB/2010/mar/180384.json
2025-12-06 13:29:00,489 - INFO - 
[1298/1500] Processing G.R. No. 180385
2025-12-06 13:29:00,489 - INFO -   Title: Petron Corporation vs. Commissioner of Internal Revenue...
2025-12-06 13:29:01,172 - INFO -   ✓ Saved: RESTRUCTURED_DB/2010/jul/180385.json
2025-12-06 13:29:01,673 - INFO - 
[1299/1500] Processing G.R. No. 180443
2025-12-06 13:29:01,673 - INFO -   Title: Luis K. Lokin vs. Commission on Elections, et al....
2025-12-06 13:29:02,646 - WARNING -   ✗ Could not fetch case from any URL
2025-12-06 13:29:02,646 - INFO - 
[1300/1500] Processing G.R. No. 180471
2025-12-06 13:29:02,646 - INFO -   Title: Alangilan Realty & Development Corporation vs. Office of the...
2025-12-06 13:29:02,894 - INFO -   ✓ Saved: RESTRUCTURED_DB/2010/mar/180471.json
2025-12-06 13:29:03,394 - INFO - 
[1301/1500] Processing G.R. No. 180505
2025-12-06 13:29:03,394 - INFO -   Title: People of the Philippines vs. Mario Miguel y Bernabe, et al....
2025-12-06 13:29:03,858 - INFO -   ✓ Saved: RESTRUCTURED_DB/2010/jun/180505.json
2025-12-06 13:29:04,358 - INFO - 
[1302/1500] Processing G.R. No. 180523
2025-12-06 13:29:04,358 - INFO -   Title: Doña Rosana Realty and Development Corp., et al. vs. Molave ...
2025-12-06 13:29:04,605 - INFO -   ✓ Saved: RESTRUCTURED_DB/2010/mar/180523.json
2025-12-06 13:29:05,105 - INFO - 
[1303/1500] Processing G.R. No. 180542
2025-12-06 13:29:05,105 - INFO -   Title: Hubert Nuñez vs. SLTEAS Phoenix Solutions, Inc....
2025-12-06 13:29:05,568 - INFO -   ✓ Saved: RESTRUCTURED_DB/2010/apr/180542.json
2025-12-06 13:29:06,068 - INFO - 
[1304/1500] Processing G.R. No. 180543
2025-12-06 13:29:06,068 - INFO -   Title: Kilosbayan Foundation and Bantay Katarungan Foundation, vs. ...
2025-12-06 13:29:06,534 - INFO -   ✓ Saved: RESTRUCTURED_DB/2010/aug/180543.json
2025-12-06 13:29:07,035 - INFO - 
[1305/1500] Processing G.R. No. 180543
2025-12-06 13:29:07,035 - INFO -   Title: Kilosbayan Foundation, et al. vs. Leoncio M. Janolo, Jr., et...
2025-12-06 13:29:07,499 - INFO -   ✓ Saved: RESTRUCTURED_DB/2010/jul/180543.json
2025-12-06 13:29:08,000 - INFO - 
[1306/1500] Processing G.R. No. 180564
2025-12-06 13:29:08,000 - INFO -   Title: Jesus P. Disini vs. the Honorable Sandiganbayan, et al....
2025-12-06 13:29:08,465 - INFO -   ✓ Saved: RESTRUCTURED_DB/2010/jun/180564.json
2025-12-06 13:29:08,966 - INFO - 
[1307/1500] Processing G.R. No. 180595
2025-12-06 13:29:08,966 - INFO -   Title: Arthur Del Rosario, et al. vs. Hellenor D. Doanto, Jr. et al...
2025-12-06 13:29:09,212 - INFO -   ✓ Saved: RESTRUCTURED_DB/2010/mar/180595.json
2025-12-06 13:29:09,712 - INFO - 
[1308/1500] Processing G.R. No. 180595
2025-12-06 13:29:09,712 - INFO -   Title: Arthur Del Rosario, et al. vs. Hellenor D. Doanto, Jr. et al...
2025-12-06 13:29:09,958 - INFO -   Case already exists: RESTRUCTURED_DB/2010/mar/180595.json
2025-12-06 13:29:10,458 - INFO - 
[1309/1500] Processing G.R. No. 180639
2025-12-06 13:29:10,459 - INFO -   Title: Lepanto Consolidated Mining Company vs. Hon. Mauricio B. Amb...
2025-12-06 13:29:10,705 - INFO -   ✓ Saved: RESTRUCTURED_DB/2010/jun/180639.json
2025-12-06 13:29:11,205 - INFO - 
[1310/1500] Processing G.R. No. 180660
2025-12-06 13:29:11,205 - INFO -   Title: Maribago Bluewater Beach Resort, Inc. vs. Nito Dual...
2025-12-06 13:29:11,669 - INFO -   ✓ Saved: RESTRUCTURED_DB/2010/jul/180660.json
2025-12-06 13:29:12,169 - INFO - 
[1311/1500] Processing G.R. No. 180665
2025-12-06 13:29:12,169 - INFO -   Title: Sps. Paulino Atienza and Rufina Atienza vs. Domingo P. Espid...
2025-12-06 13:29:12,417 - INFO -   ✓ Saved: RESTRUCTURED_DB/2010/aug/180665.json
2025-12-06 13:29:12,917 - INFO - 
[1312/1500] Processing G.R. No. 180687
2025-12-06 13:29:12,917 - INFO -   Title: Esmeraldo C. Romullo, et al. vs. Samahang Magkakapitbahay ng...
2025-12-06 13:29:13,379 - INFO -   ✓ Saved: RESTRUCTURED_DB/2010/oct/180687.json
2025-12-06 13:29:13,879 - INFO - 
[1313/1500] Processing G.R. No. 180699
2025-12-06 13:29:13,880 - INFO -   Title: Bank of the Philippine Islands vs. Labor Arbiter Roderick Jo...
2025-12-06 13:29:14,127 - INFO -   ✓ Saved: RESTRUCTURED_DB/2010/oct/180699.json
2025-12-06 13:29:14,627 - INFO - 
[1314/1500] Processing G.R. No. 180711
2025-12-06 13:29:14,627 - INFO -   Title: Rudolfo I. Beluso vs. Commission on Elections, et al....
2025-12-06 13:29:14,874 - INFO -   ✓ Saved: RESTRUCTURED_DB/2010/jun/180711.json
2025-12-06 13:29:15,374 - INFO - 
[1315/1500] Processing G.R. No. 180761
2025-12-06 13:29:15,374 - INFO -   Title: Roman Garces vs. Simplicio Hernandez, et al....
2025-12-06 13:29:15,622 - INFO -   ✓ Saved: RESTRUCTURED_DB/2010/aug/180761.json
2025-12-06 13:29:16,122 - INFO - 
[1316/1500] Processing G.R. No. 180764
2025-12-06 13:29:16,122 - INFO -   Title: Titus B. Villanueva vs. Emma M. Rosqueta...
2025-12-06 13:29:16,369 - INFO -   ✓ Saved: RESTRUCTURED_DB/2010/jan/180764.json
2025-12-06 13:29:16,869 - INFO - 
[1317/1500] Processing G.R. No. 180776
2025-12-06 13:29:16,869 - INFO -   Title: Land Bank of the Philippines vs. Domingo and Mamerto Soriano...
2025-12-06 13:29:17,844 - WARNING -   ✗ Could not fetch case from any URL
2025-12-06 13:29:17,844 - INFO - 
[1318/1500] Processing G.R. No. 180819
2025-12-06 13:29:17,844 - INFO -   Title: Amihan Bus Lines, Inc. vs. Romars International Gases Corpor...
2025-12-06 13:29:18,095 - INFO -   ✓ Saved: RESTRUCTURED_DB/2010/jul/180819.json
2025-12-06 13:29:18,595 - INFO - 
[1319/1500] Processing G.R. No. 180836
2025-12-06 13:29:18,596 - INFO -   Title: Gilbert Urma, et al. vs. Hon. Orlando Beltran, et al....
2025-12-06 13:29:19,058 - INFO -   ✓ Saved: RESTRUCTURED_DB/2010/aug/180836.json
2025-12-06 13:29:19,558 - INFO - 
[1320/1500] Processing G.R. No. 180866
2025-12-06 13:29:19,558 - INFO -   Title: Lepanto Ceramics, Inc. vs. Lepanto Ceramics Employees Associ...
2025-12-06 13:29:20,021 - INFO -   ✓ Saved: RESTRUCTURED_DB/2010/mar/180866.json
2025-12-06 13:29:20,521 - INFO - 
[1321/1500] Processing G.R. No. 180870
2025-12-06 13:29:20,521 - INFO -   Title: Julius Cacao y Prieto vs. People of the Philippines...
2025-12-06 13:29:20,985 - INFO -   ✓ Saved: RESTRUCTURED_DB/2010/jan/180870.json
2025-12-06 13:29:21,485 - INFO - 
[1322/1500] Processing G.R. No. 180914
2025-12-06 13:29:21,485 - INFO -   Title: People of the Philippines vs. Domingo Dominguez, Jr. alias "...
2025-12-06 13:29:21,952 - INFO -   ✓ Saved: RESTRUCTURED_DB/2010/nov/180914.json
2025-12-06 13:29:22,452 - INFO - 
[1323/1500] Processing G.R. No. 180915
2025-12-06 13:29:22,453 - INFO -   Title: People of the Philippines vs. Charlie Nazareno y Melanios...
2025-12-06 13:29:22,701 - INFO -   ✓ Saved: RESTRUCTURED_DB/2010/aug/180915.json
2025-12-06 13:29:23,202 - INFO - 
[1324/1500] Processing G.R. No. 180917
2025-12-06 13:29:23,202 - INFO -   Title: Atty. Vicente E. Salumbides, Jr., et al. vs. Office of the O...
2025-12-06 13:29:23,665 - INFO -   ✓ Saved: RESTRUCTURED_DB/2010/apr/180917.json
2025-12-06 13:29:24,165 - INFO - 
[1325/1500] Processing G.R. No. 180945
2025-12-06 13:29:24,165 - INFO -   Title: Philippine National Bank, as the Attorney-in-fact of Opal Po...
2025-12-06 13:29:24,410 - INFO -   ✓ Saved: RESTRUCTURED_DB/2010/feb/180945.json
2025-12-06 13:29:24,911 - INFO - 
[1326/1500] Processing G.R. No. 180979
2025-12-06 13:29:24,911 - INFO -   Title: National Power Corporation vs. Teresita Diato-Bernal...
2025-12-06 13:29:25,373 - INFO -   ✓ Saved: RESTRUCTURED_DB/2010/dec/180979.json
2025-12-06 13:29:25,873 - INFO - 
[1327/1500] Processing G.R. No. 181036
2025-12-06 13:29:25,873 - INFO -   Title: People of the Philippines vs. Adriano Leonardo y Dantes...
2025-12-06 13:29:26,555 - INFO -   ✓ Saved: RESTRUCTURED_DB/2010/jul/181036.json
2025-12-06 13:29:27,055 - INFO - 
[1328/1500] Processing G.R. No. 181040
2025-12-06 13:29:27,055 - INFO -   Title: People of the Philippines vs. Raymond Fabian y Nicolas, et a...
2025-12-06 13:29:27,303 - INFO -   ✓ Saved: RESTRUCTURED_DB/2010/mar/181040.json
2025-12-06 13:29:27,803 - INFO - 
[1329/1500] Processing G.R. No. 181051
2025-12-06 13:29:27,803 - INFO -   Title: Mandaue Galleon Trade, Inc., et al. vs. Bienvenido Isidto, e...
2025-12-06 13:29:28,049 - INFO -   ✓ Saved: RESTRUCTURED_DB/2010/jul/181051.json
2025-12-06 13:29:28,549 - INFO - 
[1330/1500] Processing G.R. No. 181071
2025-12-06 13:29:28,549 - INFO -   Title: Ladislao Espinosa vs. People of the Philippines...
2025-12-06 13:29:29,010 - INFO -   ✓ Saved: RESTRUCTURED_DB/2010/mar/181071.json
2025-12-06 13:29:29,511 - INFO - 
[1331/1500] Processing G.R. No. 181112
2025-12-06 13:29:29,511 - INFO -   Title: Interorient Maritime Enterprises, Inc., Interorient Enterpri...
2025-12-06 13:29:29,973 - INFO -   ✓ Saved: RESTRUCTURED_DB/2010/jun/181112.json
2025-12-06 13:29:30,474 - INFO - 
[1332/1500] Processing G.R. No. 181178
2025-12-06 13:29:30,474 - INFO -   Title: Amelia R. Obusan vs. Philippine National Bank...
2025-12-06 13:29:30,936 - INFO -   ✓ Saved: RESTRUCTURED_DB/2010/jul/181178.json
2025-12-06 13:29:31,436 - INFO - 
[1333/1500] Processing G.R. No. 181244
2025-12-06 13:29:31,436 - INFO -   Title: People of the Philippines vs. Anita "Kenneth" Trinidad...
2025-12-06 13:29:31,901 - INFO -   ✓ Saved: RESTRUCTURED_DB/2010/aug/181244.json
2025-12-06 13:29:32,401 - INFO - 
[1334/1500] Processing G.R. No. 181247
2025-12-06 13:29:32,401 - INFO -   Title: People of the Philippines vs. Richard D. Napalit...
2025-12-06 13:29:32,649 - INFO -   ✓ Saved: RESTRUCTURED_DB/2010/mar/181247.json
2025-12-06 13:29:33,149 - INFO - 
[1335/1500] Processing G.R. No. 181258
2025-12-06 13:29:33,149 - INFO -   Title: Ben-Hur Nepomuceno vs. Archbencel Ann Lopez, represented by ...
2025-12-06 13:29:33,396 - INFO -   ✓ Saved: RESTRUCTURED_DB/2010/mar/181258.json
2025-12-06 13:29:33,896 - INFO - 
[1336/1500] Processing G.R. No. 181274
2025-12-06 13:29:33,896 - INFO -   Title: Philippine Economic Zone Authority, represented herein by Di...
2025-12-06 13:29:34,819 - INFO -   ✓ Saved: RESTRUCTURED_DB/2010/jun/181274.json
2025-12-06 13:29:35,319 - INFO - 
[1337/1500] Processing G.R. No. 181357
2025-12-06 13:29:35,319 - INFO -   Title: Malayan Employees Association-FFW and Rodolfo Mangalino vs. ...
2025-12-06 13:29:35,780 - INFO -   ✓ Saved: RESTRUCTURED_DB/2010/feb/181357.json
2025-12-06 13:29:36,280 - INFO - 
[1338/1500] Processing G.R. No. 181409
2025-12-06 13:29:36,280 - INFO -   Title: Intestate of Manolita Gonzales vda. De Carungcong, represent...
2025-12-06 13:29:36,745 - INFO -   ✓ Saved: RESTRUCTURED_DB/2010/feb/181409.json
2025-12-06 13:29:37,245 - INFO - 
[1339/1500] Processing G.R. No. 181422
2025-12-06 13:29:37,245 - INFO -   Title: People of the Philippines vs. Arnel Babanggol and Cesar Nara...
2025-12-06 13:29:37,491 - INFO -   ✓ Saved: RESTRUCTURED_DB/2010/sep/181422.json
2025-12-06 13:29:37,991 - INFO - 
[1340/1500] Processing G.R. No. 181430
2025-12-06 13:29:37,991 - INFO -   Title: Felipe Ronquillo, et al. vs. People of the Philippines...
2025-12-06 13:29:38,238 - INFO -   ✓ Saved: RESTRUCTURED_DB/2010/mar/181430.json
2025-12-06 13:29:38,738 - INFO - 
[1341/1500] Processing G.R. No. 181483
2025-12-06 13:29:38,738 - INFO -   Title: Blazer Car Marketing, Inc. and Freddie Chua vs. Spouses Toma...
2025-12-06 13:29:38,984 - INFO -   ✓ Saved: RESTRUCTURED_DB/2010/mar/181483.json
2025-12-06 13:29:39,484 - INFO - 
[1342/1500] Processing G.R. No. 181560
2025-12-06 13:29:39,484 - INFO -   Title: Vitarich Corporation vs. Chona Losin...
2025-12-06 13:29:39,946 - INFO -   ✓ Saved: RESTRUCTURED_DB/2010/nov/181560.json
2025-12-06 13:29:40,446 - INFO - 
[1343/1500] Processing G.R. No. 181591
2025-12-06 13:29:40,446 - INFO -   Title: People of the Philippines vs. Christopher De Jesus...
2025-12-06 13:29:40,691 - INFO -   ✓ Saved: RESTRUCTURED_DB/2010/jan/181591.json
2025-12-06 13:29:41,191 - INFO - 
[1344/1500] Processing G.R. No. 181635
2025-12-06 13:29:41,191 - INFO -   Title: People of the Philippines vs. Nonoy Ebet...
2025-12-06 13:29:41,652 - INFO -   ✓ Saved: RESTRUCTURED_DB/2010/nov/181635.json
2025-12-06 13:29:42,152 - INFO - 
[1345/1500] Processing G.R. No. 181643
2025-12-06 13:29:42,152 - INFO -   Title: Michelle I. Pineda vs. Court of Appeals and the Department o...
2025-12-06 13:29:42,399 - INFO -   ✓ Saved: RESTRUCTURED_DB/2010/nov/181643.json
2025-12-06 13:29:42,899 - INFO - 
[1346/1500] Processing G.R. No. 181672
2025-12-06 13:29:42,899 - INFO -   Title: Sps. Antonio and Leticia Vega vs. Social Security System, et...
2025-12-06 13:29:43,360 - INFO -   ✓ Saved: RESTRUCTURED_DB/2010/sep/181672.json
2025-12-06 13:29:43,860 - INFO - 
[1347/1500] Processing G.R. No. 181735
2025-12-06 13:29:43,860 - INFO -   Title: LRA, et al. vs. Lanting Security and Watchman Agency...
2025-12-06 13:29:44,107 - INFO -   ✓ Saved: RESTRUCTURED_DB/2010/jul/181735.json
2025-12-06 13:29:44,607 - INFO - 
[1348/1500] Processing G.R. No. 181809
2025-12-06 13:29:44,607 - INFO -   Title: Rose Marie D. Doromal vs. Hernan G. Biron and Commission on ...
2025-12-06 13:29:45,287 - INFO -   ✓ Saved: RESTRUCTURED_DB/2010/feb/181809.json
2025-12-06 13:29:45,788 - INFO - 
[1349/1500] Processing G.R. No. 181829
2025-12-06 13:29:45,788 - INFO -   Title: People of the Philippines vs. Saturnino villanueva vs. Gener...
2025-12-06 13:29:46,038 - INFO -   ✓ Saved: RESTRUCTURED_DB/2010/sep/181289.json
2025-12-06 13:29:46,538 - INFO - 
[1350/1500] Processing G.R. No. 181831
2025-12-06 13:29:46,538 - INFO -   Title: People of the Philippines vs. Rodnie Almorfe y Sedente, et a...
2025-12-06 13:29:46,786 - INFO -   ✓ Saved: RESTRUCTURED_DB/2010/mar/181831.json
2025-12-06 13:29:47,286 - INFO - 
[1351/1500] Processing G.R. No. 181842
2025-12-06 13:29:47,286 - INFO -   Title: Metropolitan Bank and Trust Co. and Solidbank Corporation vs...
2025-12-06 13:29:47,532 - INFO -   ✓ Saved: RESTRUCTURED_DB/2010/feb/181842.json
2025-12-06 13:29:48,032 - INFO - 
[1352/1500] Processing G.R. No. 181844
2025-12-06 13:29:48,032 - INFO -   Title: Sps. Felipe and Josefa Paringit vs. Marciana Paringit Bajit,...
2025-12-06 13:29:48,493 - INFO -   ✓ Saved: RESTRUCTURED_DB/2010/sep/181844.json
2025-12-06 13:29:48,993 - INFO - 
[1353/1500] Processing G.R. No. 181847
2025-12-06 13:29:48,994 - INFO -   Title: Public Estates Authority now Philippine Proclamation Authori...
2025-12-06 13:29:49,246 - INFO -   ✓ Saved: RESTRUCTURED_DB/2010/may/181847.json
2025-12-06 13:29:49,746 - INFO - 
[1354/1500] Processing G.R. No. 181851
2025-12-06 13:29:49,746 - INFO -   Title: Capt. Wilferdo G. Roquero vs. the Chancellor of UP Manila, e...
2025-12-06 13:29:50,207 - INFO -   ✓ Saved: RESTRUCTURED_DB/2010/mar/181851.json
2025-12-06 13:29:50,707 - INFO - 
[1355/1500] Processing G.R. No. 181855
2025-12-06 13:29:50,707 - INFO -   Title: Flordeliza Emilio vs. Bilma Rapal...
2025-12-06 13:29:50,953 - INFO -   ✓ Saved: RESTRUCTURED_DB/2010/mar/181855.json
2025-12-06 13:29:51,453 - INFO - 
[1356/1500] Processing G.R. No. 181858
2025-12-06 13:29:51,453 - INFO -   Title: Kepco Philippines Corp. vs. Commissioner of Internal Revenue...
2025-12-06 13:29:51,916 - INFO -   ✓ Saved: RESTRUCTURED_DB/2010/nov/181858.json
2025-12-06 13:29:52,417 - INFO - 
[1357/1500] Processing G.R. No. 181866
2025-12-06 13:29:52,417 - INFO -   Title: Emmanuel S. Hugo, et al. vs. Light Rail Transit Authority...
2025-12-06 13:29:52,663 - INFO -   ✓ Saved: RESTRUCTURED_DB/2010/mar/181866.json
2025-12-06 13:29:53,163 - INFO - 
[1358/1500] Processing G.R. No. 181900
2025-12-06 13:29:53,163 - INFO -   Title: People of the Philippines vs. Demetrio Salazar...
2025-12-06 13:29:53,625 - INFO -   ✓ Saved: RESTRUCTURED_DB/2010/oct/181900.json
2025-12-06 13:29:54,125 - INFO - 
[1359/1500] Processing G.R. No. 181913
2025-12-06 13:29:54,125 - INFO -   Title: Daniel P. Javellana, Jr. vs. Albino Belen/Albino Belen vs. D...
2025-12-06 13:29:54,588 - INFO -   ✓ Saved: RESTRUCTURED_DB/2010/mar/181913.json
2025-12-06 13:29:55,088 - INFO - 
[1360/1500] Processing G.R. No. 181913
2025-12-06 13:29:55,088 - INFO -   Title: Daniel P. Javellana, Jr. vs. Albino Belen/Albino Belen vs. D...
2025-12-06 13:29:55,550 - INFO -   Case already exists: RESTRUCTURED_DB/2010/mar/181913.json
2025-12-06 13:29:56,050 - INFO - 
[1361/1500] Processing G.R. No. 181956
2025-12-06 13:29:56,050 - INFO -   Title: Victoria L. Teh vs. Natividad Teh Tan, Teh Ki Tiat and Jacin...
2025-12-06 13:29:56,512 - INFO -   ✓ Saved: RESTRUCTURED_DB/2010/nov/181956.json
2025-12-06 13:29:57,012 - INFO - 
[1362/1500] Processing G.R. No. 181970
2025-12-06 13:29:57,012 - INFO -   Title: Bernardo De Leon vs. Public Estates Authority Substituted by...
2025-12-06 13:29:57,473 - INFO -   ✓ Saved: RESTRUCTURED_DB/2010/aug/181970.json
2025-12-06 13:29:57,974 - INFO - 
[1363/1500] Processing G.R. No. 182010
2025-12-06 13:29:57,974 - INFO -   Title: Susan Esquillo y Romines vs. People of the Philippines...
2025-12-06 13:29:58,220 - INFO -   ✓ Saved: RESTRUCTURED_DB/2010/aug/182010.json
2025-12-06 13:29:58,720 - INFO - 
[1364/1500] Processing G.R. No. 182061
2025-12-06 13:29:58,720 - INFO -   Title: Peopel of the Philippines vs. Ferdinand T. Baluntong...
2025-12-06 13:29:58,966 - INFO -   ✓ Saved: RESTRUCTURED_DB/2010/mar/182061.json
2025-12-06 13:29:59,466 - INFO - 
[1365/1500] Processing G.R. No. 182075
2025-12-06 13:29:59,466 - INFO -   Title: The Philippine American Life and General Insurance Company v...
2025-12-06 13:29:59,928 - INFO -   ✓ Saved: RESTRUCTURED_DB/2010/sep/182075.json
2025-12-06 13:30:00,428 - INFO - 
[1366/1500] Processing G.R. No. 182086
2025-12-06 13:30:00,428 - INFO -   Title: Bebina G. Salvaloza vs. National Labor Relations Commission,...
2025-12-06 13:30:00,889 - INFO -   ✓ Saved: RESTRUCTURED_DB/2010/nov/182086.json
2025-12-06 13:30:01,390 - INFO - 
[1367/1500] Processing G.R. No. 182094
2025-12-06 13:30:01,390 - INFO -   Title: People of the Philippines vs. Efren Alfonso...
2025-12-06 13:30:01,853 - INFO -   ✓ Saved: RESTRUCTURED_DB/2010/aug/182094.json
2025-12-06 13:30:02,354 - INFO - 
[1368/1500] Processing G.R. No. 182114
2025-12-06 13:30:02,354 - INFO -   Title: Genesis Transport Service, Inc. et al. vs. Unyon ng Malayang...
2025-12-06 13:30:02,600 - INFO -   ✓ Saved: RESTRUCTURED_DB/2010/apr/182114.json
2025-12-06 13:30:03,100 - INFO - 
[1369/1500] Processing G.R. No. 182147
2025-12-06 13:30:03,100 - INFO -   Title: Arnel U. Ty, et al. vs. National Bureau of Investigation Sup...
2025-12-06 13:30:03,574 - INFO -   ✓ Saved: RESTRUCTURED_DB/2010/dec/182147.json
2025-12-06 13:30:04,074 - INFO - 
[1370/1500] Processing G.R. No. 182221
2025-12-06 13:30:04,075 - INFO -   Title: Themistocles A. Saño, Jr. vs. Commission on Elections, et al...
2025-12-06 13:30:04,540 - INFO -   ✓ Saved: RESTRUCTURED_DB/2010/feb/182221.json
2025-12-06 13:30:05,040 - INFO - 
[1371/1500] Processing G.R. No. 182276
2025-12-06 13:30:05,040 - INFO -   Title: Dionisio Aw, a.k.a. Tony Go vs. People of the Philippines...
2025-12-06 13:30:05,289 - INFO -   ✓ Saved: RESTRUCTURED_DB/2010/mar/182276.json
2025-12-06 13:30:05,789 - INFO - 
[1372/1500] Processing G.R. No. 182291
2025-12-06 13:30:05,789 - INFO -   Title: Philip S. Yu vs. Hernan G. Lim...
2025-12-06 13:30:06,036 - INFO -   ✓ Saved: RESTRUCTURED_DB/2010/sep/182291.json
2025-12-06 13:30:06,537 - INFO - 
[1373/1500] Processing G.R. No. 182299
2025-12-06 13:30:06,537 - INFO -   Title: Wilfredo M. Baron, et al. vs. National Labor Relations Commi...
2025-12-06 13:30:06,784 - INFO -   ✓ Saved: RESTRUCTURED_DB/2010/feb/182299.json
2025-12-06 13:30:07,284 - INFO - 
[1374/1500] Processing G.R. No. 182353
2025-12-06 13:30:07,284 - INFO -   Title: St. Joseph's College, Sr., Josephini Ambatali, SFIC, and Ros...
2025-12-06 13:30:07,531 - INFO -   ✓ Saved: RESTRUCTURED_DB/2010/jun/182353.json
2025-12-06 13:30:08,031 - INFO - 
[1375/1500] Processing G.R. No. 182364
2025-12-06 13:30:08,031 - INFO -   Title: AT&T Communications Services Philippines, Inc. vs. Commissio...
2025-12-06 13:30:08,277 - INFO -   ✓ Saved: RESTRUCTURED_DB/2010/aug/182364.json
2025-12-06 13:30:08,777 - INFO - 
[1376/1500] Processing G.R. No. 182367
2025-12-06 13:30:08,777 - INFO -   Title: Cherryl B. Dolina vs. Glenn D. Vallecera...
2025-12-06 13:30:09,023 - INFO -   ✓ Saved: RESTRUCTURED_DB/2010/dec/182367.json
2025-12-06 13:30:09,524 - INFO - 
[1377/1500] Processing G.R. No. 182398
2025-12-06 13:30:09,524 - INFO -   Title: Benny Y. Hung vs. BPI Card Finance Corp....
2025-12-06 13:30:09,984 - INFO -   ✓ Saved: RESTRUCTURED_DB/2010/jul/182398.json
2025-12-06 13:30:10,484 - INFO - 
[1378/1500] Processing G.R. No. 182403
2025-12-06 13:30:10,484 - INFO -   Title: Atty. Restituto G. Cudiamat, et al. vs. Batangas Savings and...
2025-12-06 13:30:10,734 - INFO -   ✓ Saved: RESTRUCTURED_DB/2010/mar/182403.json
2025-12-06 13:30:11,234 - INFO - 
[1379/1500] Processing G.R. No. 182431
2025-12-06 13:30:11,235 - INFO -   Title: Land Bank of the Philippines vs. Esther Anson Rivera, et al....
2025-12-06 13:30:11,697 - INFO -   ✓ Saved: RESTRUCTURED_DB/2010/nov/182431.json
2025-12-06 13:30:12,197 - INFO - 
[1380/1500] Processing G.R. No. 182434
2025-12-06 13:30:12,197 - INFO -   Title: Sultan Yahya "Jerry" M. Tomawis vs. Hon Rasad G. Balindong, ...
2025-12-06 13:30:12,664 - INFO -   ✓ Saved: RESTRUCTURED_DB/2010/mar/182434.json
2025-12-06 13:30:13,164 - INFO - 
[1381/1500] Processing G.R. No. 182434
2025-12-06 13:30:13,164 - INFO -   Title: Sultan Yahya "Jerry" M. Tomawis vs. Hon Rasad G. Balindong, ...
2025-12-06 13:30:13,625 - INFO -   Case already exists: RESTRUCTURED_DB/2010/mar/182434.json
2025-12-06 13:30:14,125 - INFO - 
[1382/1500] Processing G.R. No. 182460
2025-12-06 13:30:14,125 - INFO -   Title: People of the Philippines vs. Jessie Villegas Murcia...
2025-12-06 13:30:14,373 - INFO -   ✓ Saved: RESTRUCTURED_DB/2010/mar/182460.json
2025-12-06 13:30:14,873 - INFO - 
[1383/1500] Processing G.R. No. 182497
2025-12-06 13:30:14,873 - INFO -   Title: Nurhida Juhuri Ampatuan vs. Judge Virgilio V. Macaraig, RTC,...
2025-12-06 13:30:15,334 - INFO -   ✓ Saved: RESTRUCTURED_DB/2010/jun/182497.json
2025-12-06 13:30:15,834 - INFO - 
[1384/1500] Processing G.R. No. 182507
2025-12-06 13:30:15,834 - INFO -   Title: Philippine National Bank vs. the Intestate Estate of Francis...
2025-12-06 13:30:16,089 - INFO -   ✓ Saved: RESTRUCTURED_DB/2010/jun/182507.json
2025-12-06 13:30:16,590 - INFO - 
[1385/1500] Processing G.R. No. 182526
2025-12-06 13:30:16,590 - INFO -   Title: People of the Philippines vs. Leonardo Degay y Undalos...
2025-12-06 13:30:17,051 - INFO -   ✓ Saved: RESTRUCTURED_DB/2010/aug/182526.json
2025-12-06 13:30:17,551 - INFO - 
[1386/1500] Processing G.R. No. 182574
2025-12-06 13:30:17,551 - INFO -   Title: The Province of Negros Occidental, represented by its Govern...
2025-12-06 13:30:18,012 - INFO -   ✓ Saved: RESTRUCTURED_DB/2010/sep/182574.json
2025-12-06 13:30:18,513 - INFO - 
[1387/1500] Processing G.R. No. 182622
2025-12-06 13:30:18,513 - INFO -   Title: Philippine Long Distance Telephone Company (PLDT) vs. Robert...
2025-12-06 13:30:18,759 - INFO -   ✓ Saved: RESTRUCTURED_DB/2010/sep/182622.json
2025-12-06 13:30:19,259 - INFO - 
[1388/1500] Processing G.R. No. 182651
2025-12-06 13:30:19,260 - INFO -   Title: Heirs of Jane Honrales vs. Jonathan Honrales / People of the...
2025-12-06 13:30:19,721 - INFO -   ✓ Saved: RESTRUCTURED_DB/2010/aug/182651.json
2025-12-06 13:30:20,222 - INFO - 
[1389/1500] Processing G.R. No. 182677
2025-12-06 13:30:20,222 - INFO -   Title: Jose Antonio C. Leviste vs. Hon. Elmo M. Alameda, et al....
2025-12-06 13:30:20,687 - INFO -   ✓ Saved: RESTRUCTURED_DB/2010/aug/182677.json
2025-12-06 13:30:21,187 - INFO - 
[1390/1500] Processing G.R. No. 182707
2025-12-06 13:30:21,188 - INFO -   Title: Spouses Ernesto Lim and Zenaida Lim vs. Ruby Shelter Builder...
2025-12-06 13:30:21,433 - INFO -   ✓ Saved: RESTRUCTURED_DB/2010/sep/182707.json
2025-12-06 13:30:21,933 - INFO - 
[1391/1500] Processing G.R. No. 182720
2025-12-06 13:30:21,933 - INFO -   Title: G.G. Sportswear Mfg. Corp vs. World Class Properties, Inc....
2025-12-06 13:30:22,395 - INFO -   ✓ Saved: RESTRUCTURED_DB/2010/mar/182720.json
2025-12-06 13:30:22,896 - INFO - 
[1392/1500] Processing G.R. No. 182729
2025-12-06 13:30:22,896 - INFO -   Title: Kukan International Corporation vs. Romeo M. Morales...
2025-12-06 13:30:23,358 - INFO -   ✓ Saved: RESTRUCTURED_DB/2010/sep/182729.json
2025-12-06 13:30:23,858 - INFO - 
[1393/1500] Processing G.R. No. 182740
2025-12-06 13:30:23,858 - INFO -   Title: Lydia Escarcha vs. Leonis Navigation Co., Inc., et al....
2025-12-06 13:30:24,106 - INFO -   ✓ Saved: RESTRUCTURED_DB/2010/jul/182740.json
2025-12-06 13:30:24,606 - INFO - 
[1394/1500] Processing G.R. No. 182779
2025-12-06 13:30:24,606 - INFO -   Title: Victorina (Victoria) Alice Lim Lazaro vs. Brewmaster Interna...
2025-12-06 13:30:24,852 - INFO -   ✓ Saved: RESTRUCTURED_DB/2010/aug/182779.json
2025-12-06 13:30:25,352 - INFO - 
[1395/1500] Processing G.R. No. 182789
2025-12-06 13:30:25,352 - INFO -   Title: People of the Philippines vs. Norlito Sambahon y Nueva...
2025-12-06 13:30:25,599 - INFO -   ✓ Saved: RESTRUCTURED_DB/2010/aug/182789.json
2025-12-06 13:30:26,100 - INFO - 
[1396/1500] Processing G.R. No. 182793
2025-12-06 13:30:26,100 - INFO -   Title: People of the Philippines vs. Calonge...
2025-12-06 13:30:26,563 - INFO -   ✓ Saved: RESTRUCTURED_DB/2010/jul/182793.json
2025-12-06 13:30:27,063 - INFO - 
[1397/1500] Processing G.R. No. 182835
2025-12-06 13:30:27,063 - INFO -   Title: Rustan Ang y Pascua vs. the Honorable Court of Appeals and I...
2025-12-06 13:30:27,310 - INFO -   ✓ Saved: RESTRUCTURED_DB/2010/apr/182835.json
2025-12-06 13:30:27,810 - INFO - 
[1398/1500] Processing G.R. No. 182877
2025-12-06 13:30:27,810 - INFO -   Title: SCA Hygiene Products Corporation Employees Association-FFW v...
2025-12-06 13:30:28,057 - INFO -   ✓ Saved: RESTRUCTURED_DB/2010/aug/182877.json
2025-12-06 13:30:28,557 - INFO - 
[1399/1500] Processing G.R. No. 182937
2025-12-06 13:30:28,557 - INFO -   Title: Ernesto Villeza vs. German Management and Services, Inc., et...
2025-12-06 13:30:28,803 - INFO -   ✓ Saved: RESTRUCTURED_DB/2010/aug/182937.json
2025-12-06 13:30:29,303 - INFO - 
[1400/1500] Processing G.R. No. 182948
2025-12-06 13:30:29,303 - INFO -   Title: Gen. Avelino I. Razon, Jr. Chief, Philippine National Police...
2025-12-06 13:30:30,275 - WARNING -   ✗ Could not fetch case from any URL
2025-12-06 13:30:30,275 - INFO - 
[1401/1500] Processing G.R. No. 182953
2025-12-06 13:30:30,275 - INFO -   Title: Corazon D. Sarmienta, et al. vs. Manalite Homeowners Associa...
2025-12-06 13:30:30,736 - INFO -   ✓ Saved: RESTRUCTURED_DB/2010/oct/182953.json
2025-12-06 13:30:31,236 - INFO - 
[1402/1500] Processing G.R. No. 183027
2025-12-06 13:30:31,236 - INFO -   Title: Spouses Edmundo and Lourdes Sarrosa vs. Willy O. Dizon...
2025-12-06 13:30:31,483 - INFO -   ✓ Saved: RESTRUCTURED_DB/2010/jul/183027.json
2025-12-06 13:30:31,983 - INFO - 
[1403/1500] Processing G.R. No. 183053
2025-12-06 13:30:31,983 - INFO -   Title: In the matter of the Intestate Estate of Cristina Aguinaldo-...
2025-12-06 13:30:32,445 - INFO -   ✓ Saved: RESTRUCTURED_DB/2010/jun/183053.json
2025-12-06 13:30:32,945 - INFO - 
[1404/1500] Processing G.R. No. 183054
2025-12-06 13:30:32,945 - INFO -   Title: NFD International Manning Agents, Inc./Barber Ship Managemen...
2025-12-06 13:30:33,409 - INFO -   ✓ Saved: RESTRUCTURED_DB/2010/sep/183054.json
2025-12-06 13:30:33,909 - INFO - 
[1405/1500] Processing G.R. No. 183063
2025-12-06 13:30:33,909 - INFO -   Title: Republic of the Philippines vs. Cayetano L. Serrano, and Hei...
2025-12-06 13:30:34,157 - INFO -   ✓ Saved: RESTRUCTURED_DB/2010/feb/183063.json
2025-12-06 13:30:34,657 - INFO - 
[1406/1500] Processing G.R. No. 183094
2025-12-06 13:30:34,657 - INFO -   Title: People of the Philippines vs. Reynaldo Barde...
2025-12-06 13:30:35,123 - INFO -   ✓ Saved: RESTRUCTURED_DB/2010/sep/183094.json
2025-12-06 13:30:35,623 - INFO - 
[1407/1500] Processing G.R. No. 183099
2025-12-06 13:30:35,623 - INFO -   Title: People of the Philippines vs. Rachelle Balagan vs. Herminia ...
2025-12-06 13:30:35,869 - INFO -   ✓ Saved: RESTRUCTURED_DB/2010/feb/183099.json
2025-12-06 13:30:36,369 - INFO - 
[1408/1500] Processing G.R. No. 183101
2025-12-06 13:30:36,369 - INFO -   Title: People of the Philippines vs. Noel Catentay...
2025-12-06 13:30:36,831 - INFO -   ✓ Saved: RESTRUCTURED_DB/2010/jul/183101.json
2025-12-06 13:30:37,331 - INFO - 
[1409/1500] Processing G.R. No. 183133
2025-12-06 13:30:37,332 - INFO -   Title: Balgamelo Cabiling Ma, et al. vs. Commissioner Alipio F. Fer...
2025-12-06 13:30:37,795 - INFO -   ✓ Saved: RESTRUCTURED_DB/2010/jul/183133.json
2025-12-06 13:30:38,295 - INFO - 
[1410/1500] Processing G.R. No. 183140
2025-12-06 13:30:38,295 - INFO -   Title: North Bulacan Corporation vs. Philippine Bank of Communicati...
2025-12-06 13:30:38,542 - INFO -   ✓ Saved: RESTRUCTURED_DB/2010/aug/183140.json
2025-12-06 13:30:39,042 - INFO - 
[1411/1500] Processing G.R. No. 183182
2025-12-06 13:30:39,042 - INFO -   Title: Gentle Supreme Philippines, Inc. vs. Ricardo F. Consulta...
2025-12-06 13:30:39,288 - INFO -   ✓ Saved: RESTRUCTURED_DB/2010/sep/183182.json
2025-12-06 13:30:39,788 - INFO - 
[1412/1500] Processing G.R. No. 183250
2025-12-06 13:30:39,788 - INFO -   Title: William Construction Corp. and/or Teresita Uy and William Uy...
2025-12-06 13:30:40,032 - INFO -   ✓ Saved: RESTRUCTURED_DB/2010/mar/183250.json
2025-12-06 13:30:40,533 - INFO - 
[1413/1500] Processing G.R. No. 183337
2025-12-06 13:30:40,533 - INFO -   Title: Civil Service Commission vs. Gregorio Magnaye, Jr....
2025-12-06 13:30:40,994 - INFO -   ✓ Saved: RESTRUCTURED_DB/2010/apr/183337.json
2025-12-06 13:30:41,494 - INFO - 
[1414/1500] Processing G.R. No. 183352
2025-12-06 13:30:41,494 - INFO -   Title: Heirs of Jose M. Cervantes, et al. vs. Jesus G. Miranda...
2025-12-06 13:30:41,740 - INFO -   ✓ Saved: RESTRUCTURED_DB/2010/aug/183352.json
2025-12-06 13:30:42,240 - INFO - 
[1415/1500] Processing G.R. No. 183357
2025-12-06 13:30:42,240 - INFO -   Title: Honorio Bernardo vs. Heirs of Eusebio Villegas...
2025-12-06 13:30:42,701 - INFO -   ✓ Saved: RESTRUCTURED_DB/2010/mar/183357.json
2025-12-06 13:30:43,201 - INFO - 
[1416/1500] Processing G.R. No. 183374
2025-12-06 13:30:43,201 - INFO -   Title: Marsman Drysdale Land, Inc., vs. Philippine Geoanalytics, In...
2025-12-06 13:30:43,662 - INFO -   ✓ Saved: RESTRUCTURED_DB/2010/jun/183374.json
2025-12-06 13:30:44,162 - INFO - 
[1417/1500] Processing G.R. No. 183383
2025-12-06 13:30:44,162 - INFO -   Title: Anabel Benjamin, et al. vs. Amellar Corporation...
2025-12-06 13:30:44,625 - INFO -   ✓ Saved: RESTRUCTURED_DB/2010/apr/183383.json
2025-12-06 13:30:45,125 - INFO - 
[1418/1500] Processing G.R. No. 183404
2025-12-06 13:30:45,125 - INFO -   Title: Berris Agricultural Co., Inc. vs. Norvy Abyadang...
2025-12-06 13:30:45,586 - INFO -   ✓ Saved: RESTRUCTURED_DB/2010/oct/183404.json
2025-12-06 13:30:46,086 - INFO - 
[1419/1500] Processing G.R. No. 183409
2025-12-06 13:30:46,087 - INFO -   Title: Chamber of Real Estate and Builders Associations, Inc. vs. t...
2025-12-06 13:30:46,550 - INFO -   ✓ Saved: RESTRUCTURED_DB/2010/jun/183409.json
2025-12-06 13:30:47,050 - INFO - 
[1420/1500] Processing G.R. No. 183417
2025-12-06 13:30:47,050 - INFO -   Title: Mindanao Times Corporation vs. Mitchel R. Confesor...
2025-12-06 13:30:47,295 - INFO -   ✓ Saved: RESTRUCTURED_DB/2010/feb/182417.json
2025-12-06 13:30:47,795 - INFO - 
[1421/1500] Processing G.R. No. 183453
2025-12-06 13:30:47,796 - INFO -   Title: People of the Philippines vs. Danilo Paculba...
2025-12-06 13:30:48,257 - INFO -   ✓ Saved: RESTRUCTURED_DB/2010/mar/183453.json
2025-12-06 13:30:48,757 - INFO - 
[1422/1500] Processing G.R. No. 183455
2025-12-06 13:30:48,757 - INFO -   Title: People of the Philippines vs. Romy Atadero...
2025-12-06 13:30:49,220 - INFO -   ✓ Saved: RESTRUCTURED_DB/2010/oct/183455.json
2025-12-06 13:30:49,720 - INFO - 
[1423/1500] Processing G.R. No. 183467
2025-12-06 13:30:49,720 - INFO -   Title: Evelyn Barredo vs. People of the Philippines, et al....
2025-12-06 13:30:49,966 - INFO -   ✓ Saved: RESTRUCTURED_DB/2010/mar/183467.json
2025-12-06 13:30:50,466 - INFO - 
[1424/1500] Processing G.R. No. 183507
2025-12-06 13:30:50,466 - INFO -   Title: Office of the Ombudsman (Mindanao) vs. Asteria E. Cruzabra...
2025-12-06 13:30:50,712 - INFO -   ✓ Saved: RESTRUCTURED_DB/2010/feb/183507.json
2025-12-06 13:30:51,212 - INFO - 
[1425/1500] Processing G.R. No. 183517
2025-12-06 13:30:51,212 - INFO -   Title: Philippine International Trading Corporation vs. Commission ...
2025-12-06 13:30:51,889 - INFO -   ✓ Saved: RESTRUCTURED_DB/2010/jun/183517.json
2025-12-06 13:30:52,389 - INFO - 
[1426/1500] Processing G.R. No. 183572
2025-12-06 13:30:52,389 - INFO -   Title: Yolanda M. Mercado, et al. vs. Ama Computer College, Parañag...
2025-12-06 13:30:52,852 - INFO -   ✓ Saved: RESTRUCTURED_DB/2010/apr/183572.json
2025-12-06 13:30:53,352 - INFO - 
[1427/1500] Processing G.R. No. 183577
2025-12-06 13:30:53,352 - INFO -   Title: People of the Philippines vs. Hilario Escoton...
2025-12-06 13:30:53,600 - INFO -   ✓ Saved: RESTRUCTURED_DB/2010/feb/183577.json
2025-12-06 13:30:54,100 - INFO - 
[1428/1500] Processing G.R. No. 183612
2025-12-06 13:30:54,100 - INFO -   Title: Polytechnic University of the Philippines vs. Golden Horizon...
2025-12-06 13:30:54,562 - INFO -   ✓ Saved: RESTRUCTURED_DB/2010/mar/183612.json
2025-12-06 13:30:55,062 - INFO - 
[1429/1500] Processing G.R. No. 183616
2025-12-06 13:30:55,062 - INFO -   Title: Julieta Panolino vs. Josephine L. Tajala...
2025-12-06 13:30:55,309 - INFO -   ✓ Saved: RESTRUCTURED_DB/2010/jun/183616.json
2025-12-06 13:30:55,809 - INFO - 
[1430/1500] Processing G.R. No. 183626
2025-12-06 13:30:55,810 - INFO -   Title: Surigao del Norte Electric Cooperative, Inc. (SURNECO) vs. E...
2025-12-06 13:30:56,271 - INFO -   ✓ Saved: RESTRUCTURED_DB/2010/oct/183626.json
2025-12-06 13:30:56,771 - INFO - 
[1431/1500] Processing G.R. No. 183670
2025-12-06 13:30:56,771 - INFO -   Title: Food Fest Land, Inc. vs. Daniel T. So...
2025-12-06 13:30:58,175 - WARNING -   ✗ Could not fetch case from any URL
2025-12-06 13:30:58,175 - INFO - 
[1432/1500] Processing G.R. No. 183678
2025-12-06 13:30:58,175 - INFO -   Title: Rene Ventenilla Puse vs. Ligaya delos Santos-Puse...
2025-12-06 13:30:58,853 - INFO -   ✓ Saved: RESTRUCTURED_DB/2010/mar/183678.json
2025-12-06 13:30:59,353 - INFO - 
[1433/1500] Processing G.R. No. 183688
2025-12-06 13:30:59,353 - INFO -   Title: Land Bank of the Philippines vs. Rizalina Gustilo Barrido, e...
2025-12-06 13:30:59,596 - INFO -   ✓ Saved: RESTRUCTURED_DB/2010/aug/183688.json
2025-12-06 13:31:00,097 - INFO - 
[1434/1500] Processing G.R. No. 183699
2025-12-06 13:31:00,097 - INFO -   Title: People of the Philippines vs. Rosalie Colilap Bañaga...
2025-12-06 13:31:00,551 - INFO -   ✓ Saved: RESTRUCTURED_DB/2010/nov/183699.json
2025-12-06 13:31:01,051 - INFO - 
[1435/1500] Processing G.R. No. 183709
2025-12-06 13:31:01,051 - INFO -   Title: People of the Philippines vs. Manuel "Awil" Pojo...
2025-12-06 13:31:01,506 - INFO -   ✓ Saved: RESTRUCTURED_DB/2010/dec/183709.json
2025-12-06 13:31:02,006 - INFO - 
[1436/1500] Processing G.R. No. 183713
2025-12-06 13:31:02,006 - INFO -   Title: Edita T. Burgos vs. Chief of Staff of the Armed Forces of th...
2025-12-06 13:31:02,963 - WARNING -   ✗ Could not fetch case from any URL
2025-12-06 13:31:02,964 - INFO - 
[1437/1500] Processing G.R. No. 183788
2025-12-06 13:31:02,964 - INFO -   Title: Krizia Katrina Ty-De Zuzuarregui vs. the Hon. Joselito C. Vi...
2025-12-06 13:31:03,418 - INFO -   ✓ Saved: RESTRUCTURED_DB/2010/apr/183788.json
2025-12-06 13:31:03,919 - INFO - 
[1438/1500] Processing G.R. No. 183810
2025-12-06 13:31:03,919 - INFO -   Title: Farley Fulache, et al. vs. ABS-CBN Broadcasting Corporation...
2025-12-06 13:31:04,378 - INFO -   ✓ Saved: RESTRUCTURED_DB/2010/jan/183810.json
2025-12-06 13:31:04,878 - INFO - 
[1439/1500] Processing G.R. No. 183812
2025-12-06 13:31:04,878 - INFO -   Title: Edita T. Burgos vs. President Gloria Macapagal-Arroyo, et al...
2025-12-06 13:31:05,835 - WARNING -   ✗ Could not fetch case from any URL
2025-12-06 13:31:05,835 - INFO - 
[1440/1500] Processing G.R. No. 183824
2025-12-06 13:31:05,835 - INFO -   Title: Myrna P. Antone vs. Leo Beronillar...
2025-12-06 13:31:06,291 - INFO -   ✓ Saved: RESTRUCTURED_DB/2010/dec/183824.json
2025-12-06 13:31:06,791 - INFO - 
[1441/1500] Processing G.R. No. 183829
2025-12-06 13:31:06,791 - INFO -   Title: People of the Philippines vs. Paterno Lasanas...
2025-12-06 13:31:07,035 - INFO -   ✓ Saved: RESTRUCTURED_DB/2010/sep/183829.json
2025-12-06 13:31:07,535 - INFO - 
[1442/1500] Processing G.R. No. 183852
2025-12-06 13:31:07,535 - INFO -   Title: Carmela Brobio Mangahas vs. Eufrocina A. Brobio...
2025-12-06 13:31:07,991 - INFO -   ✓ Saved: RESTRUCTURED_DB/2010/oct/183852.json
2025-12-06 13:31:08,491 - INFO - 
[1443/1500] Processing G.R. No. 183868
2025-12-06 13:31:08,491 - INFO -   Title: Commissioner of Customs vs. Marina Sales, Inc....
2025-12-06 13:31:08,947 - INFO -   ✓ Saved: RESTRUCTURED_DB/2010/nov/183868.json
2025-12-06 13:31:09,447 - INFO - 
[1444/1500] Processing G.R. No. 183871
2025-12-06 13:31:09,448 - INFO -   Title: Lourdes D. Rubrico, et al. vs. Gloria Macapagal-Arroyo, et a...
2025-12-06 13:31:10,121 - INFO -   ✓ Saved: RESTRUCTURED_DB/2010/feb/183871.json
2025-12-06 13:31:10,621 - INFO - 
[1445/1500] Processing G.R. No. 183879
2025-12-06 13:31:10,621 - INFO -   Title: Rosita Sy vs. People of the Philippines...
2025-12-06 13:31:10,866 - INFO -   ✓ Saved: RESTRUCTURED_DB/2010/apr/183879.json
2025-12-06 13:31:11,366 - INFO - 
[1446/1500] Processing G.R. No. 183891
2025-12-06 13:31:11,366 - INFO -   Title: Romarico J. Mendoza vs. People of the Philippines...
2025-12-06 13:31:11,609 - INFO -   ✓ Saved: RESTRUCTURED_DB/2010/aug/183891.json
2025-12-06 13:31:12,109 - INFO - 
[1447/1500] Processing G.R. No. 183926
2025-12-06 13:31:12,109 - INFO -   Title: Generosa Almeda Latorre vs. Luis Esteban Latorre...
2025-12-06 13:31:12,567 - INFO -   ✓ Saved: RESTRUCTURED_DB/2010/mar/183926.json
2025-12-06 13:31:13,067 - INFO - 
[1448/1500] Processing G.R. No. 183975
2025-12-06 13:31:13,068 - INFO -   Title: Gregorio Dimarucot y Garcia vs. People of the Philippines...
2025-12-06 13:31:13,522 - INFO -   ✓ Saved: RESTRUCTURED_DB/2010/sep/183975.json
2025-12-06 13:31:14,023 - INFO - 
[1449/1500] Processing G.R. No. 184036
2025-12-06 13:31:14,023 - INFO -   Title: Pacific Rehouse Corporation, et al. vs. EIB Securities, Inc....
2025-12-06 13:31:14,696 - INFO -   ✓ Saved: RESTRUCTURED_DB/2010/oct/184036.json
2025-12-06 13:31:15,196 - INFO - 
[1450/1500] Processing G.R. No. 184041
2025-12-06 13:31:15,196 - INFO -   Title: Aniceto G. Saludo, Jr. vs. Security Bank Corporation...
2025-12-06 13:31:15,440 - INFO -   ✓ Saved: RESTRUCTURED_DB/2010/oct/184041.json
2025-12-06 13:31:15,940 - INFO - 
[1451/1500] Processing G.R. No. 184058
2025-12-06 13:31:15,941 - INFO -   Title: People of the Philippines vs. Melissa Chua...
2025-12-06 13:31:16,185 - INFO -   ✓ Saved: RESTRUCTURED_DB/2010/mar/184058.json
2025-12-06 13:31:16,685 - INFO - 
[1452/1500] Processing G.R. No. 184088
2025-12-06 13:31:16,685 - INFO -   Title: Iglesia Evangelica Metodista En Las Islas Filipinas (IEMELIF...
2025-12-06 13:31:17,140 - INFO -   ✓ Saved: RESTRUCTURED_DB/2010/jul/184088.json
2025-12-06 13:31:17,640 - INFO - 
[1453/1500] Processing G.R. No. 184122
2025-12-06 13:31:17,641 - INFO -   Title: Bank of the Philippines Islands, Inc. vs. Sps. Norman and An...
2025-12-06 13:31:18,098 - INFO -   ✓ Saved: RESTRUCTURED_DB/2010/jan/184122.json
2025-12-06 13:31:18,598 - INFO - 
[1454/1500] Processing G.R. No. 184177
2025-12-06 13:31:18,598 - INFO -   Title: People of the Philippines vs. Andres Fontillas alias Anding...
2025-12-06 13:31:19,054 - INFO -   ✓ Saved: RESTRUCTURED_DB/2010/dec/184177.json
2025-12-06 13:31:19,554 - INFO - 
[1455/1500] Processing G.R. No. 184179
2025-12-06 13:31:19,554 - INFO -   Title: People of the Philippines vs. Julian Pajes y Ponda, et al....
2025-12-06 13:31:20,011 - INFO -   ✓ Saved: RESTRUCTURED_DB/2010/apr/184179.json
2025-12-06 13:31:20,512 - INFO - 
[1456/1500] Processing G.R. No. 184193
2025-12-06 13:31:20,512 - INFO -   Title: Segundo G. Dimaranan vs. Heirs of Spouses Hermogenes Arayata...
2025-12-06 13:31:20,755 - INFO -   ✓ Saved: RESTRUCTURED_DB/2010/mar/184193.json
2025-12-06 13:31:21,256 - INFO - 
[1457/1500] Processing G.R. No. 184197
2025-12-06 13:31:21,256 - INFO -   Title: Rapid Realty and Development Corporation vs. Orlando Villa, ...
2025-12-06 13:31:21,498 - INFO -   ✓ Saved: RESTRUCTURED_DB/2010/feb/184197.json
2025-12-06 13:31:21,999 - INFO - 
[1458/1500] Processing G.R. No. 184286
2025-12-06 13:31:21,999 - INFO -   Title: Mayor Jose Marquez Lisboa Panlilio vs. Commission on Electio...
2025-12-06 13:31:22,453 - INFO -   ✓ Saved: RESTRUCTURED_DB/2010/feb/184286.json
2025-12-06 13:31:22,953 - INFO - 
[1459/1500] Processing G.R. No. 184362
2025-12-06 13:31:22,953 - INFO -   Title: Millennium Erectors Corporation vs. Virgilio Magallanes...
2025-12-06 13:31:23,196 - INFO -   ✓ Saved: RESTRUCTURED_DB/2010/nov/184362.json
2025-12-06 13:31:23,696 - INFO - 
[1460/1500] Processing G.R. No. 184398
2025-12-06 13:31:23,696 - INFO -   Title: Silkair (Singapore) PTE. Ltd. vs. Commissioner of Internal R...
2025-12-06 13:31:24,152 - INFO -   ✓ Saved: RESTRUCTURED_DB/2010/feb/184398.json
2025-12-06 13:31:24,652 - INFO - 
[1461/1500] Processing G.R. No. 184434
2025-12-06 13:31:24,652 - INFO -   Title: G.G. Sportsware Manufacturing Corp., et al. vs. Banco De Oro...
2025-12-06 13:31:24,895 - INFO -   ✓ Saved: RESTRUCTURED_DB/2010/feb/184434.json
2025-12-06 13:31:25,395 - INFO - 
[1462/1500] Processing G.R. No. 184537
2025-12-06 13:31:25,395 - INFO -   Title: Quintin B. Saludaga, et al. vs. Honorable Sandiganbayan, 4th...
2025-12-06 13:31:25,850 - INFO -   ✓ Saved: RESTRUCTURED_DB/2010/apr/184537.json
2025-12-06 13:31:26,351 - INFO - 
[1463/1500] Processing G.R. No. 184542
2025-12-06 13:31:26,351 - INFO -   Title: Alma B. Russel vs. Teofista Ebasan, et al....
2025-12-06 13:31:26,805 - INFO -   ✓ Saved: RESTRUCTURED_DB/2010/apr/184542.json
2025-12-06 13:31:27,306 - INFO - 
[1464/1500] Processing G.R. No. 184595
2025-12-06 13:31:27,306 - INFO -   Title: People of the Philippines vs. Sapia Andongan y Sandigang...
2025-12-06 13:31:27,760 - INFO -   ✓ Saved: RESTRUCTURED_DB/2010/jun/184595.json
2025-12-06 13:31:28,261 - INFO - 
[1465/1500] Processing G.R. No. 184599
2025-12-06 13:31:28,261 - INFO -   Title: People of the Philippines vs. Teddy Batoon y Miguel and Melc...
2025-12-06 13:31:28,716 - INFO -   ✓ Saved: RESTRUCTURED_DB/2010/nov/184599.json
2025-12-06 13:31:29,216 - INFO - 
[1466/1500] Processing G.R. No. 184600
2025-12-06 13:31:29,216 - INFO -   Title: People of the Philippines vs. Anacito Dimanawa...
2025-12-06 13:31:29,672 - INFO -   ✓ Saved: RESTRUCTURED_DB/2010/mar/184600.json
2025-12-06 13:31:30,172 - INFO - 
[1467/1500] Processing G.R. No. 184603
2025-12-06 13:31:30,172 - INFO -   Title: People of the Philippines vs. Romeo Labagala y Abigonia, Alv...
2025-12-06 13:31:30,628 - INFO -   ✓ Saved: RESTRUCTURED_DB/2010/aug/184603.json
2025-12-06 13:31:31,128 - INFO - 
[1468/1500] Processing G.R. No. 184722
2025-12-06 13:31:31,128 - INFO -   Title: Alex C. Cootauco vs. MMS Phil. Maritime Services, Inc. Ms. M...
2025-12-06 13:31:31,585 - INFO -   ✓ Saved: RESTRUCTURED_DB/2010/mar/184722.json
2025-12-06 13:31:32,085 - INFO - 
[1469/1500] Processing G.R. No. 184740
2025-12-06 13:31:32,085 - INFO -   Title: Dennis B. Funa vs. Executive Secretary Eduardo R. Ermita, Of...
2025-12-06 13:31:32,542 - INFO -   ✓ Saved: RESTRUCTURED_DB/2010/feb/184740.json
2025-12-06 13:31:33,042 - INFO - 
[1470/1500] Processing G.R. No. 184760
2025-12-06 13:31:33,042 - INFO -   Title: People of the Philippines vs. Paterno Lorenzo y Casas...
2025-12-06 13:31:33,286 - INFO -   ✓ Saved: RESTRUCTURED_DB/2010/apr/184760.json
2025-12-06 13:31:33,786 - INFO - 
[1471/1500] Processing G.R. No. 184761
2025-12-06 13:31:33,786 - INFO -   Title: People of the Philippines vs. Julius Gariana y Repollo...
2025-12-06 13:31:34,031 - INFO -   ✓ Saved: RESTRUCTURED_DB/2010/sep/184761.json
2025-12-06 13:31:34,531 - INFO - 
[1472/1500] Processing G.R. No. 184769
2025-12-06 13:31:34,531 - INFO -   Title: Manila Electric Company, Alexander S. Deyto and Ruben A. Sap...
2025-12-06 13:31:34,774 - INFO -   ✓ Saved: RESTRUCTURED_DB/2010/oct/184769.json
2025-12-06 13:31:35,274 - INFO - 
[1473/1500] Processing G.R. No. 184799
2025-12-06 13:31:35,274 - INFO -   Title: Heirs and/or Estate of Atty. Rolando P. Siapian, represented...
2025-12-06 13:31:35,517 - INFO -   ✓ Saved: RESTRUCTURED_DB/2010/sep/184799.json
2025-12-06 13:31:36,017 - INFO - 
[1474/1500] Processing G.R. No. 184800
2025-12-06 13:31:36,018 - INFO -   Title: Wonina M. Bonifacio, et al. vs. Regional Trial Court of Maka...
2025-12-06 13:31:36,473 - INFO -   ✓ Saved: RESTRUCTURED_DB/2010/may/184800.json
2025-12-06 13:31:36,973 - INFO - 
[1475/1500] Processing G.R. No. 184805
2025-12-06 13:31:36,973 - INFO -   Title: People of the Philippines vs. Victorio Pagkalinawan...
2025-12-06 13:31:37,430 - INFO -   ✓ Saved: RESTRUCTURED_DB/2010/mar/184805.json
2025-12-06 13:31:37,930 - INFO - 
[1476/1500] Processing G.R. No. 184809
2025-12-06 13:31:37,930 - INFO -   Title: People of the Philippines vs. Anthony Rante y Reyes...
2025-12-06 13:31:38,175 - INFO -   ✓ Saved: RESTRUCTURED_DB/2010/mar/184809.json
2025-12-06 13:31:38,675 - INFO - 
[1477/1500] Processing G.R. No. 184812
2025-12-06 13:31:38,675 - INFO -   Title: People of the Philippines vs. Ermilito Alegre y Lamoste...
2025-12-06 13:31:38,919 - INFO -   ✓ Saved: RESTRUCTURED_DB/2010/jul/184812.json
2025-12-06 13:31:39,419 - INFO - 
[1478/1500] Processing G.R. No. 184823
2025-12-06 13:31:39,419 - INFO -   Title: Commissioner Internal Revenue vs. Aichi Forging Company of A...
2025-12-06 13:31:39,878 - INFO -   ✓ Saved: RESTRUCTURED_DB/2010/oct/184823.json
2025-12-06 13:31:40,378 - INFO - 
[1479/1500] Processing G.R. No. 184843
2025-12-06 13:31:40,378 - INFO -   Title: Virgilio Dycoco and Cristino Grafilo, et al. vs. Adelaida Or...
2025-12-06 13:31:40,621 - INFO -   ✓ Saved: RESTRUCTURED_DB/2010/jul/184843.json
2025-12-06 13:31:41,122 - INFO - 
[1480/1500] Processing G.R. No. 184850
2025-12-06 13:31:41,122 - INFO -   Title: E.Y. Industrial Sales, Inc. and Engracio Yap vs. Shen Dar El...
2025-12-06 13:31:41,580 - INFO -   ✓ Saved: RESTRUCTURED_DB/2010/oct/184850.json
2025-12-06 13:31:42,081 - INFO - 
[1481/1500] Processing G.R. No. 184869
2025-12-06 13:31:42,081 - INFO -   Title: Central Mindanao University, etc. vs. the Hon. Executive Sec...
2025-12-06 13:31:42,323 - INFO -   ✓ Saved: RESTRUCTURED_DB/2010/sep/184869.json
2025-12-06 13:31:42,824 - INFO - 
[1482/1500] Processing G.R. No. 184952
2025-12-06 13:31:42,824 - INFO -   Title: People of the Philippines vs. Marianito Gonzaga y Jomaya...
2025-12-06 13:31:43,917 - INFO -   ✓ Saved: RESTRUCTURED_DB/2010/oct/184952.json
2025-12-06 13:31:44,417 - INFO - 
[1483/1500] Processing G.R. No. 184971
2025-12-06 13:31:44,417 - INFO -   Title: Land Bank of the Philippines vs. Monet's Export and Manufact...
2025-12-06 13:31:44,872 - INFO -   ✓ Saved: RESTRUCTURED_DB/2010/apr/184971.json
2025-12-06 13:31:45,372 - INFO - 
[1484/1500] Processing G.R. No. 185008
2025-12-06 13:31:45,372 - INFO -   Title: People of the Philippines vs. Maximo Olimba...
2025-12-06 13:31:46,256 - INFO -   ✓ Saved: RESTRUCTURED_DB/2010/sep/185008.json
2025-12-06 13:31:46,756 - INFO - 
[1485/1500] Processing G.R. No. 185012
2025-12-06 13:31:46,757 - INFO -   Title: People of the Philippines vs. Victor Villarino y Mabute...
2025-12-06 13:31:47,425 - INFO -   ✓ Saved: RESTRUCTURED_DB/2010/mar/185012.json
2025-12-06 13:31:47,926 - INFO - 
[1486/1500] Processing G.R. No. 185012
2025-12-06 13:31:47,926 - INFO -   Title: People of the Philippines vs. Victor Villarino y Mabute...
2025-12-06 13:31:48,594 - INFO -   Case already exists: RESTRUCTURED_DB/2010/mar/185012.json
2025-12-06 13:31:49,094 - INFO - 
[1487/1500] Processing G.R. No. 185020
2025-12-06 13:31:49,094 - INFO -   Title: Filomena R. Benedicto vs. Antonio Villaflores...
2025-12-06 13:31:49,549 - INFO -   ✓ Saved: RESTRUCTURED_DB/2010/oct/185020.json
2025-12-06 13:31:50,049 - INFO - 
[1488/1500] Processing G.R. No. 185091
2025-12-06 13:31:50,049 - INFO -   Title: Republic of the Philippines vs. Primo Mendoza and Maria Luce...
2025-12-06 13:31:50,504 - INFO -   ✓ Saved: RESTRUCTURED_DB/2010/aug/185031.json
2025-12-06 13:31:51,005 - INFO - 
[1489/1500] Processing G.R. No. 185112
2025-12-06 13:31:51,005 - INFO -   Title: Department of Labor and Employment, et al. vs. Ruben Y Maced...
2025-12-06 13:31:51,459 - INFO -   ✓ Saved: RESTRUCTURED_DB/2010/jan/185112.json
2025-12-06 13:31:51,959 - INFO - 
[1490/1500] Processing G.R. No. 185121
2025-12-06 13:31:51,960 - INFO -   Title: Limanch-O Hotel and Leasing Corporation, et al. vs. City of ...
2025-12-06 13:31:52,413 - INFO -   ✓ Saved: RESTRUCTURED_DB/2010/jan/185121.json
2025-12-06 13:31:52,914 - INFO - 
[1491/1500] Processing G.R. No. 185122
2025-12-06 13:31:52,914 - INFO -   Title: Wensha Spa Center, inc. and/or Xu Zhi Jie...
2025-12-06 13:31:53,582 - INFO -   ✓ Saved: RESTRUCTURED_DB/2010/aug/185122.json
2025-12-06 13:31:54,082 - INFO - 
[1492/1500] Processing G.R. No. 185123
2025-12-06 13:31:54,082 - INFO -   Title: Lenido Lumanog, et al. vs. People of the Philippines/Cesar F...
2025-12-06 13:31:55,041 - WARNING -   ✗ Could not fetch case from any URL
2025-12-06 13:31:55,041 - INFO - 
[1493/1500] Processing G.R. No. 185195
2025-12-06 13:31:55,041 - INFO -   Title: Violeta Bahilidad vs. People of the Philippines...
2025-12-06 13:31:55,496 - INFO -   ✓ Saved: RESTRUCTURED_DB/2010/mar/185195.json
2025-12-06 13:31:55,996 - INFO - 
[1494/1500] Processing G.R. No. 185206
2025-12-06 13:31:55,996 - INFO -   Title: People of the Philippines vs. Manuel Aguilar...
2025-12-06 13:31:56,451 - INFO -   ✓ Saved: RESTRUCTURED_DB/2010/aug/185206.json
2025-12-06 13:31:56,952 - INFO - 
[1495/1500] Processing G.R. No. 185209
2025-12-06 13:31:56,952 - INFO -   Title: Peopole of the Philippines vs. Rene Baron y Tangarocan...
2025-12-06 13:31:57,620 - INFO -   ✓ Saved: RESTRUCTURED_DB/2010/jun/185209.json
2025-12-06 13:31:58,120 - INFO - 
[1496/1500] Processing G.R. No. 185215
2025-12-06 13:31:58,120 - INFO -   Title: Virginia D. Baustista vs. Civil Service Commission and Devt....
2025-12-06 13:31:58,576 - INFO -   ✓ Saved: RESTRUCTURED_DB/2010/oct/185215.json
2025-12-06 13:31:59,077 - INFO - 
[1497/1500] Processing G.R. No. 185222
2025-12-06 13:31:59,077 - INFO -   Title: Jesus M. Calo vs. Commission on Elections and Ramon "Monchin...
2025-12-06 13:31:59,532 - INFO -   ✓ Saved: RESTRUCTURED_DB/2010/jan/185222.json
2025-12-06 13:32:00,032 - INFO - 
[1498/1500] Processing G.R. No. 185226
2025-12-06 13:32:00,032 - INFO -   Title: Corazon M. Gregorio, as administratrix of the estate litigat...
2025-12-06 13:32:00,487 - INFO -   ✓ Saved: RESTRUCTURED_DB/2010/feb/185226.json
2025-12-06 13:32:00,988 - INFO - 
[1499/1500] Processing G.R. No. 185240
2025-12-06 13:32:00,988 - INFO -   Title: Sps. Manuel and Victoria Salimbangon vs. Sps. Santos and Erl...
2025-12-06 13:32:01,443 - INFO -   ✓ Saved: RESTRUCTURED_DB/2010/jan/185240.json
2025-12-06 13:32:01,943 - INFO - 
[1500/1500] Processing G.R. No. 185269
2025-12-06 13:32:01,943 - INFO -   Title: Elsa S. Malig-on vs. Equitable General Services, Inc....
2025-12-06 13:32:02,399 - INFO -   ✓ Saved: RESTRUCTURED_DB/2010/jun/185269.json
2025-12-06 13:32:02,948 - INFO - 
✓ Updated lawphil_missing_cases.json: removed 1283 scraped cases
2025-12-06 13:32:02,948 - INFO -   Remaining cases: 8468
2025-12-06 13:32:02,949 - INFO - 
================================================================================
2025-12-06 13:32:02,949 - INFO - BATCH COMPLETE
2025-12-06 13:32:02,949 - INFO - ================================================================================
2025-12-06 13:32:02,949 - INFO - Cases attempted: 1500
2025-12-06 13:32:02,949 - INFO - Successfully scraped: 1283
2025-12-06 13:32:02,949 - INFO - Already existed: 51
2025-12-06 13:32:02,949 - INFO - Failed: 166
2025-12-06 13:32:02,949 - INFO - Success rate: 85.5%
2025-12-06 13:32:02,949 - INFO - ================================================================================
