2025-12-06 12:13:20,713 - INFO - ================================================================================
2025-12-06 12:13:20,713 - INFO - CONTINUOUS SCRAPING SESSION
2025-12-06 12:13:20,713 - INFO - ================================================================================
2025-12-06 12:13:20,713 - INFO - Total cases remaining: 10607
2025-12-06 12:13:20,713 - INFO - Will process: 1000 cases
2025-12-06 12:13:20,713 - INFO - Database path: RESTRUCTURED_DB
2025-12-06 12:13:20,713 - INFO - ================================================================================
2025-12-06 12:13:20,713 - INFO - 
[1/1000] Processing G.R. No. 138792
2025-12-06 12:13:20,713 - INFO -   Title: Dante Guevarra, et al. vs. the Hon. Fourth Division of the S...
2025-12-06 12:13:21,958 - WARNING -   ✗ Could not fetch case from any URL
2025-12-06 12:13:21,958 - INFO - 
[2/1000] Processing G.R. No. 141675
2025-12-06 12:13:21,958 - INFO -   Title: Jesus T. Tanchanco, et al., vs. the Honorable Sandiganbayan ...
2025-12-06 12:13:22,758 - WARNING -   ✗ Could not fetch case from any URL
2025-12-06 12:13:22,758 - INFO - 
[3/1000] Processing G.R. No. 142286
2025-12-06 12:13:22,758 - INFO -   Title: Korea Exchange Bank vs. Hon. Rogelio C. Gonzales, et al....
2025-12-06 12:13:23,557 - WARNING -   ✗ Could not fetch case from any URL
2025-12-06 12:13:23,557 - INFO - 
[4/1000] Processing G.R. No. 142408
2025-12-06 12:13:23,557 - INFO -   Title: Spouses Ricardo Almendrala, et al. vs. Spouses Wing on Ngo, ...
2025-12-06 12:13:23,932 - INFO -   Case already exists: RESTRUCTURED_DB/2005/sep/126850.json
2025-12-06 12:13:24,432 - INFO - 
[5/1000] Processing G.R. No. 142619
2025-12-06 12:13:24,432 - INFO -   Title: Municipality of Taguig, et al. vs. the Hon. Court of Appeals...
2025-12-06 12:13:24,806 - INFO -   Case already exists: RESTRUCTURED_DB/2005/sep/142619.json
2025-12-06 12:13:25,306 - INFO - 
[6/1000] Processing G.R. No. 143573
2025-12-06 12:13:25,307 - INFO -   Title: Gregorio "George" Amante, et al. vs. Bibiano Serwelas...
2025-12-06 12:13:26,107 - WARNING -   ✗ Could not fetch case from any URL
2025-12-06 12:13:26,107 - INFO - 
[7/1000] Processing G.R. No. 148682
2025-12-06 12:13:26,107 - INFO -   Title: People of the Philippines vs. Angel A. Enfermo....
2025-12-06 12:13:26,905 - WARNING -   ✗ Could not fetch case from any URL
2025-12-06 12:13:26,905 - INFO - 
[8/1000] Processing G.R. No. 151373
2025-12-06 12:13:26,905 - INFO -   Title: Department of Health vs. C.V. Canchela and Associates, Archi...
2025-12-06 12:13:27,705 - WARNING -   ✗ Could not fetch case from any URL
2025-12-06 12:13:27,705 - INFO - 
[9/1000] Processing G.R. No. 151809
2025-12-06 12:13:27,705 - INFO -   Title: Presidential Commission on Good Government (PCGG) vs. Sandig...
2025-12-06 12:13:28,502 - WARNING -   ✗ Could not fetch case from any URL
2025-12-06 12:13:28,502 - INFO - 
[10/1000] Processing G.R. No. 153063
2025-12-06 12:13:28,502 - INFO -   Title: Amelia D. De Mesa, et al. vs. Pepsi Cola Products Phils., In...
2025-12-06 12:13:29,300 - WARNING -   ✗ Could not fetch case from any URL
2025-12-06 12:13:29,300 - INFO - 
[11/1000] Processing G.R. No. 156254
2025-12-06 12:13:29,300 - INFO -   Title: Crisanto Rafaelito Gualberto V vs. Court of Appeals, et al....
2025-12-06 12:13:30,099 - WARNING -   ✗ Could not fetch case from any URL
2025-12-06 12:13:30,099 - INFO - 
[12/1000] Processing G.R. No. 160577
2025-12-06 12:13:30,099 - INFO -   Title: Gregorio Singian, Jr. vs. the Honorable Sandiganbayan, et al...
2025-12-06 12:13:30,897 - WARNING -   ✗ Could not fetch case from any URL
2025-12-06 12:13:30,897 - INFO - 
[13/1000] Processing G.R. No. 160929
2025-12-06 12:13:30,897 - INFO -   Title: Rene P. Pondevida vs. the Hon. Sandiganbayan, et al....
2025-12-06 12:13:31,695 - WARNING -   ✗ Could not fetch case from any URL
2025-12-06 12:13:31,695 - INFO - 
[14/1000] Processing G.R. No. 161217
2025-12-06 12:13:31,695 - INFO -   Title: Blucor Minerals Corporation, et al. vs. Alfredo M. Amarilla,...
2025-12-06 12:13:32,495 - WARNING -   ✗ Could not fetch case from any URL
2025-12-06 12:13:32,495 - INFO - 
[15/1000] Processing G.R. No. 161784
2025-12-06 12:13:32,495 - INFO -   Title: Dinah C. Barriga vs. the Honorable Sandiganbayan (4th Divisi...
2025-12-06 12:13:33,293 - WARNING -   ✗ Could not fetch case from any URL
2025-12-06 12:13:33,294 - INFO - 
[16/1000] Processing G.R. No. 163619
2025-12-06 12:13:33,294 - INFO -   Title: In the Matter of the Petition for Disqualification of Tess D...
2025-12-06 12:13:34,091 - WARNING -   ✗ Could not fetch case from any URL
2025-12-06 12:13:34,091 - INFO - 
[17/1000] Processing G.R. No. 164684
2025-12-06 12:13:34,091 - INFO -   Title: Philippine Long Distance Telephone Company, Inc., vs. Antoni...
2025-12-06 12:13:34,890 - WARNING -   ✗ Could not fetch case from any URL
2025-12-06 12:13:34,890 - INFO - 
[18/1000] Processing G.R. No. 165510
2025-12-06 12:13:34,890 - INFO -   Title: Benjamin T. Romualdez vs. Hon. Simeon V. Marcelo, et al....
2025-12-06 12:13:35,689 - WARNING -   ✗ Could not fetch case from any URL
2025-12-06 12:13:35,689 - INFO - 
[19/1000] Processing G.R. No. 166299
2025-12-06 12:13:35,689 - INFO -   Title: Aurelio K. Litonjua Jr., vs. Eduardo K. Litonjua, Sr., et al...
2025-12-06 12:13:36,488 - WARNING -   ✗ Could not fetch case from any URL
2025-12-06 12:13:36,488 - INFO - 
[20/1000] Processing G.R. No. 168056
2025-12-06 12:13:36,488 - INFO -   Title: ABAKADA Guro Party List Officers Samson S. Alcantara, et al....
2025-12-06 12:13:37,424 - INFO -   Case already exists: RESTRUCTURED_DB/2005/sep/168056.json
2025-12-06 12:13:37,924 - INFO - 
[21/1000] Processing G.R. No. 200553
2025-12-06 12:13:37,924 - INFO -   Title: Spouses Gildardo C. Loquellano and Roslina Juliet B. Loquell...
2025-12-06 12:13:38,725 - WARNING -   ✗ Could not fetch case from any URL
2025-12-06 12:13:38,725 - INFO - 
[22/1000] Processing G.R. No. 52341
2025-12-06 12:13:38,725 - INFO -   Title: Delia Preagido et al. vs. Sandiganbayan, et al....
2025-12-06 12:13:39,522 - WARNING -   ✗ Could not fetch case from any URL
2025-12-06 12:13:39,523 - INFO - 
[23/1000] Processing G.R. No. 132361
2025-12-06 12:13:39,523 - INFO -   Title: Eduardo Adriano, et al. vs. Court of Appelas...
2025-12-06 12:13:40,322 - WARNING -   ✗ Could not fetch case from any URL
2025-12-06 12:13:40,322 - INFO - 
[24/1000] Processing G.R. No. 138526
2025-12-06 12:13:40,322 - INFO -   Title: Marcelino Tan vs. Court of Appeals, et al....
2025-12-06 12:13:41,120 - WARNING -   ✗ Could not fetch case from any URL
2025-12-06 12:13:41,120 - INFO - 
[25/1000] Processing G.R. No. 138624
2025-12-06 12:13:41,121 - INFO -   Title: Solomon Torrado, et al. vs. Veronica Baluyot, et al....
2025-12-06 12:13:41,929 - WARNING -   ✗ Could not fetch case from any URL
2025-12-06 12:13:41,929 - INFO - 
[26/1000] Processing G.R. No. 139565
2025-12-06 12:13:41,929 - INFO -   Title: Baltazar N. Endriga, et al. vs. Armita B. Rufino, et al....
2025-12-06 12:13:42,728 - WARNING -   ✗ Could not fetch case from any URL
2025-12-06 12:13:42,729 - INFO - 
[27/1000] Processing G.R. No. 140857
2025-12-06 12:13:42,729 - INFO -   Title: CityTrust Investment Phils. vs. Asianbank Corp...
2025-12-06 12:13:43,528 - WARNING -   ✗ Could not fetch case from any URL
2025-12-06 12:13:43,528 - INFO - 
[28/1000] Processing G.R. No. 141174
2025-12-06 12:13:43,528 - INFO -   Title: Aladdin F. Trinidad, et al. vs. Republic of the Philippines...
2025-12-06 12:13:44,741 - WARNING -   ✗ Could not fetch case from any URL
2025-12-06 12:13:44,742 - INFO - 
[29/1000] Processing G.R. No. 143177
2025-12-06 12:13:44,742 - INFO -   Title: New World Properties etc. vs. Advances Foundation Constructi...
2025-12-06 12:13:45,593 - WARNING -   ✗ Could not fetch case from any URL
2025-12-06 12:13:45,593 - INFO - 
[30/1000] Processing G.R. No. 144300
2025-12-06 12:13:45,593 - INFO -   Title: South Pacific Plastic Mfg. Corp vs. the Manila Electric Co....
2025-12-06 12:13:46,445 - WARNING -   ✗ Could not fetch case from any URL
2025-12-06 12:13:46,445 - INFO - 
[31/1000] Processing G.R. No. 145844
2025-12-06 12:13:46,445 - INFO -   Title: Nagkahiusang Namumuo sa Dasuceco-National et al. vs. Davao S...
2025-12-06 12:13:47,297 - WARNING -   ✗ Could not fetch case from any URL
2025-12-06 12:13:47,298 - INFO - 
[32/1000] Processing G.R. No. 146295
2025-12-06 12:13:47,298 - INFO -   Title: Pepsi-Cola Products Phil., Inc. vs. Court of Appeals, et al....
2025-12-06 12:13:48,149 - WARNING -   ✗ Could not fetch case from any URL
2025-12-06 12:13:48,149 - INFO - 
[33/1000] Processing G.R. No. 151991
2025-12-06 12:13:48,149 - INFO -   Title: Trans-asia Shipping Lines, Inc. vs. Prudential Guarantee and...
2025-12-06 12:13:49,001 - WARNING -   ✗ Could not fetch case from any URL
2025-12-06 12:13:49,001 - INFO - 
[34/1000] Processing G.R. No. 152619
2025-12-06 12:13:49,001 - INFO -   Title: Balite Communal Portal Mining Cooperative vs. Southeast Mind...
2025-12-06 12:13:49,852 - WARNING -   ✗ Could not fetch case from any URL
2025-12-06 12:13:49,852 - INFO - 
[35/1000] Processing G.R. No. 152870
2025-12-06 12:13:49,852 - INFO -   Title: Mines Adjucation Board & its Members vs. Southeast Mindanao ...
2025-12-06 12:13:50,704 - WARNING -   ✗ Could not fetch case from any URL
2025-12-06 12:13:50,704 - INFO - 
[36/1000] Processing G.R. No. 154694
2025-12-06 12:13:50,704 - INFO -   Title: Republic of the Philippines vs. R.A.B. Realty, Inc., et. al....
2025-12-06 12:13:51,561 - WARNING -   ✗ Could not fetch case from any URL
2025-12-06 12:13:51,561 - INFO - 
[37/1000] Processing G.R. No. 155554
2025-12-06 12:13:51,561 - INFO -   Title: Republic of the Philippines vs. Mario N. Misa, et. al....
2025-12-06 12:13:52,412 - WARNING -   ✗ Could not fetch case from any URL
2025-12-06 12:13:52,413 - INFO - 
[38/1000] Processing G.R. No. 155711
2025-12-06 12:13:52,413 - INFO -   Title: Republic of the Philippines vs. Alberto De Los Reyes, et. al...
2025-12-06 12:13:53,265 - WARNING -   ✗ Could not fetch case from any URL
2025-12-06 12:13:53,265 - INFO - 
[39/1000] Processing G.R. No. 156481
2025-12-06 12:13:53,265 - INFO -   Title: Civil Service Commission vs. Camilo P. Cabili, et al....
2025-12-06 12:13:54,115 - WARNING -   ✗ Could not fetch case from any URL
2025-12-06 12:13:54,116 - INFO - 
[40/1000] Processing G.R. No. 158276
2025-12-06 12:13:54,116 - INFO -   Title: Bagong Nagkakaisang Lakas sa Nissan Motors Phils., Inc. vs. ...
2025-12-06 12:13:54,967 - WARNING -   ✗ Could not fetch case from any URL
2025-12-06 12:13:54,967 - INFO - 
[41/1000] Processing G.R. No. 158687
2025-12-06 12:13:54,968 - INFO -   Title: Frisco F. Domalsin vs. Spouses Juanito Valenciano and Amalia...
2025-12-06 12:13:55,552 - INFO -   Case already exists: RESTRUCTURED_DB/2006/jan/158687.json
2025-12-06 12:13:56,053 - INFO - 
[42/1000] Processing G.R. No. 160179
2025-12-06 12:13:56,053 - INFO -   Title: Republic of the Philippines vs. Bank of the Philippine Islan...
2025-12-06 12:13:56,904 - WARNING -   ✗ Could not fetch case from any URL
2025-12-06 12:13:56,904 - INFO - 
[43/1000] Processing G.R. No. 163881
2025-12-06 12:13:56,904 - INFO -   Title: Metro Transit Organization, Inc. vs. Court of Appeals, et al...
2025-12-06 12:13:57,754 - WARNING -   ✗ Could not fetch case from any URL
2025-12-06 12:13:57,754 - INFO - 
[44/1000] Processing G.R. No. 165165
2025-12-06 12:13:57,754 - INFO -   Title: Sps. Johnny Lucero & Nona Ariete vs. Heirs of Estanislao Mil...
2025-12-06 12:13:58,604 - WARNING -   ✗ Could not fetch case from any URL
2025-12-06 12:13:58,604 - INFO - 
[45/1000] Processing G.R. No. 166326
2025-12-06 12:13:58,604 - INFO -   Title: Esmeraldo Rivera, et al. vs. People of the Philippines...
2025-12-06 12:13:58,821 - INFO -   Case already exists: RESTRUCTURED_DB/2006/jan/166326.json
2025-12-06 12:13:59,321 - INFO - 
[46/1000] Processing G.R. No. 166546
2025-12-06 12:13:59,321 - INFO -   Title: People of the Philippines vs. Rogelio Arsayo y Lavaquiz...
2025-12-06 12:14:00,173 - WARNING -   ✗ Could not fetch case from any URL
2025-12-06 12:14:00,174 - INFO - 
[47/1000] Processing G.R. No. 166891
2025-12-06 12:14:00,174 - INFO -   Title: Abdusakur M. Tan, et al. vs. Commission on Elections, et al....
2025-12-06 12:14:01,025 - WARNING -   ✗ Could not fetch case from any URL
2025-12-06 12:14:01,025 - INFO - 
[48/1000] Processing G.R. No. 168737
2025-12-06 12:14:01,025 - INFO -   Title: People of the Philippines vs. Edgardo Barcena y Poca...
2025-12-06 12:14:01,425 - INFO -   Case already exists: RESTRUCTURED_DB/2006/feb/168237.json
2025-12-06 12:14:01,925 - INFO - 
[49/1000] Processing G.R. No. 169083
2025-12-06 12:14:01,925 - INFO -   Title: People of the Philippines vs. Ardel Canuto...
2025-12-06 12:14:02,776 - WARNING -   ✗ Could not fetch case from any URL
2025-12-06 12:14:02,776 - INFO - 
[50/1000] Processing G.R. No. 170191
2025-12-06 12:14:02,776 - INFO -   Title: People of the Philippines vs. Rodolfo Suyu, et al....
2025-12-06 12:14:03,626 - WARNING -   ✗ Could not fetch case from any URL
2025-12-06 12:14:03,626 - INFO - 
[51/1000] Processing G.R. No. 170220
2025-12-06 12:14:03,626 - INFO -   Title: Josefina S. Lubrica vs. Land Bank of the Philippines...
2025-12-06 12:14:03,842 - INFO -   Case already exists: RESTRUCTURED_DB/2006/nov/170220.json
2025-12-06 12:14:04,342 - INFO - 
[52/1000] Processing G.R. No. 170470
2025-12-06 12:14:04,342 - INFO -   Title: People vs. Edna Malngan Mayo...
2025-12-06 12:14:05,192 - WARNING -   ✗ Could not fetch case from any URL
2025-12-06 12:14:05,192 - INFO - 
[53/1000] Processing G.R. No. 170474
2025-12-06 12:14:05,192 - INFO -   Title: People of the Phil. vs. Alex Candaza y Calvadores...
2025-12-06 12:14:06,043 - WARNING -   ✗ Could not fetch case from any URL
2025-12-06 12:14:06,043 - INFO - 
[54/1000] Processing G.R. No. 171400
2025-12-06 12:14:06,043 - INFO -   Title: Alternative Law Groups, Inc. vs. Ermita, Senga & Lomibao...
2025-12-06 12:14:06,893 - WARNING -   ✗ Could not fetch case from any URL
2025-12-06 12:14:06,894 - INFO - 
[55/1000] Processing G.R. No. 171409
2025-12-06 12:14:06,894 - INFO -   Title: Niñez Cacho-Olivares & Tribune Publishing Co., Inc. vs. Ermi...
2025-12-06 12:14:07,744 - WARNING -   ✗ Could not fetch case from any URL
2025-12-06 12:14:07,745 - INFO - 
[56/1000] Processing G.R. No. 171424
2025-12-06 12:14:07,745 - INFO -   Title: Loren Legarda vs. Pres. Gloria Macapagal-Arroyo, et al....
2025-12-06 12:14:09,048 - WARNING -   ✗ Could not fetch case from any URL
2025-12-06 12:14:09,049 - INFO - 
[57/1000] Processing G.R. No. 171483
2025-12-06 12:14:09,049 - INFO -   Title: Kilusang Mayo Uno, et al. vs. Pres. Gloria Macapagal-Arroyo,...
2025-12-06 12:14:09,861 - WARNING -   ✗ Could not fetch case from any URL
2025-12-06 12:14:09,861 - INFO - 
[58/1000] Processing G.R. No. 171485
2025-12-06 12:14:09,861 - INFO -   Title: Francis Joseph G. Escudero, et al. vs. Eduardo R. Ermita, et...
2025-12-06 12:14:10,672 - WARNING -   ✗ Could not fetch case from any URL
2025-12-06 12:14:10,673 - INFO - 
[59/1000] Processing G.R. No. 171489
2025-12-06 12:14:10,673 - INFO -   Title: Jose Anselmo I. Cadiz, et al. vs. Ermita, Senga & Lomibao...
2025-12-06 12:14:11,486 - WARNING -   ✗ Could not fetch case from any URL
2025-12-06 12:14:11,486 - INFO - 
[60/1000] Processing G.R. No. 200487
2025-12-06 12:14:11,486 - INFO -   Title: Biggs Inc. vs. Jay Boncacas, et al./Junnie Arines, et al. v...
2025-12-06 12:14:12,299 - WARNING -   ✗ Could not fetch case from any URL
2025-12-06 12:14:12,299 - INFO - 
[61/1000] Processing G.R. No. 200612
2025-12-06 12:14:12,299 - INFO -   Title: Rafael C. Uy vs. Estate of Vipa Fernandez...
2025-12-06 12:14:13,109 - WARNING -   ✗ Could not fetch case from any URL
2025-12-06 12:14:13,109 - INFO - 
[62/1000] Processing G.R. No. 200676
2025-12-06 12:14:13,109 - INFO -   Title: Spoues Luis G. Batalla and Salvacion Batalla vs. Prudential ...
2025-12-06 12:14:13,921 - WARNING -   ✗ Could not fetch case from any URL
2025-12-06 12:14:13,921 - INFO - 
[63/1000] Processing G.R. No. 126467
2025-12-06 12:14:13,921 - INFO -   Title: Natividad & Enrique Agana vs. Juan Fuentes...
2025-12-06 12:14:14,733 - WARNING -   ✗ Could not fetch case from any URL
2025-12-06 12:14:14,733 - INFO - 
[64/1000] Processing G.R. No. 127590
2025-12-06 12:14:14,733 - INFO -   Title: Miguel Ampil vs. Natividad Agana, et al....
2025-12-06 12:14:15,544 - WARNING -   ✗ Could not fetch case from any URL
2025-12-06 12:14:15,545 - INFO - 
[65/1000] Processing G.R. No. 131913
2025-12-06 12:14:15,545 - INFO -   Title: Sps. D. Guinyawan etc. vs. L. Ayogat et al....
2025-12-06 12:14:15,929 - INFO -   Case already exists: RESTRUCTURED_DB/2007/jun/163663.json
2025-12-06 12:14:16,429 - INFO - 
[66/1000] Processing G.R. No. 134029
2025-12-06 12:14:16,429 - INFO -   Title: Rodolfo San Luis vs. Felecidad Sagalongos...
2025-12-06 12:14:17,241 - WARNING -   ✗ Could not fetch case from any URL
2025-12-06 12:14:17,241 - INFO - 
[67/1000] Processing G.R. No. 135688
2025-12-06 12:14:17,241 - INFO -   Title: Ernesto B. Francisco, Jr. vs. Uem-Mara Phil. Corp., et al....
2025-12-06 12:14:17,625 - INFO -   Case already exists: RESTRUCTURED_DB/2007/oct/159245.json
2025-12-06 12:14:18,125 - INFO - 
[68/1000] Processing G.R. No. 137355
2025-12-06 12:14:18,125 - INFO -   Title: Eugen U. Caballero, et al. vs. Sandiganbayan, et al....
2025-12-06 12:14:18,506 - INFO -   Case already exists: RESTRUCTURED_DB/2007/sep/83754.json
2025-12-06 12:14:19,006 - INFO - 
[69/1000] Processing G.R. No. 140836
2025-12-06 12:14:19,006 - INFO -   Title: Iligan Bay Mfg. Corp. et al vs. Henry Dy....
2025-12-06 12:14:19,388 - INFO -   Case already exists: RESTRUCTURED_DB/2007/jun/119247.json
2025-12-06 12:14:19,888 - INFO - 
[70/1000] Processing G.R. No. 142732
2025-12-06 12:14:19,888 - INFO -   Title: Marilou S. Genuino vs. National Labor Relations Commission, ...
2025-12-06 12:14:20,270 - INFO -   Case already exists: RESTRUCTURED_DB/2007/dec/118023.json
2025-12-06 12:14:20,770 - INFO - 
[71/1000] Processing G.R. No. 145743
2025-12-06 12:14:20,770 - INFO -   Title: Antonio P. Calingin vs. Aniano A. Desierto, et al....
2025-12-06 12:14:20,976 - INFO -   Case already exists: RESTRUCTURED_DB/2007/aug/166062.json
2025-12-06 12:14:21,476 - INFO - 
[72/1000] Processing G.R. No. 149158
2025-12-06 12:14:21,476 - INFO -   Title: Kimberly Independent Labour Union for Solidarity, et al. vs....
2025-12-06 12:14:21,859 - INFO -   Case already exists: RESTRUCTURED_DB/2007/jul/156668.json
2025-12-06 12:14:22,359 - INFO - 
[73/1000] Processing G.R. No. 150329
2025-12-06 12:14:22,359 - INFO -   Title: Ronald K. Go, et al. vs. the Hon. Sandiganbayan, et al....
2025-12-06 12:14:22,565 - INFO -   Case already exists: RESTRUCTURED_DB/2007/sep/116526.json
2025-12-06 12:14:23,065 - INFO - 
[74/1000] Processing G.R. No. 152505
2025-12-06 12:14:23,066 - INFO -   Title: Prudential Guarantee & Assurance Inc. vs. Equinox Land Corpo...
2025-12-06 12:14:23,272 - INFO -   Case already exists: RESTRUCTURED_DB/2007/sep/132358.json
2025-12-06 12:14:23,772 - INFO - 
[75/1000] Processing G.R. No. 152687
2025-12-06 12:14:23,772 - INFO -   Title: Ernesto V. Yu, et al. vs. the Court of Appeals, et al....
2025-12-06 12:14:24,584 - WARNING -   ✗ Could not fetch case from any URL
2025-12-06 12:14:24,584 - INFO - 
[76/1000] Processing G.R. No. 153584
2025-12-06 12:14:24,584 - INFO -   Title: Benigno Mariano, Jr. vs. National Labor Relations Commission...
2025-12-06 12:14:25,396 - WARNING -   ✗ Could not fetch case from any URL
2025-12-06 12:14:25,396 - INFO - 
[77/1000] Processing G.R. No. 154014
2025-12-06 12:14:25,396 - INFO -   Title: Silot Bay Fisherman's Asso. Inc. vs. Republic of the Philipp...
2025-12-06 12:14:26,208 - WARNING -   ✗ Could not fetch case from any URL
2025-12-06 12:14:26,208 - INFO - 
[78/1000] Processing G.R. No. 154150
2025-12-06 12:14:26,208 - INFO -   Title: Nida Alejo, et al. vs. the Hon. Judge Erlinda Pestano-Buted,...
2025-12-06 12:14:26,414 - INFO -   Case already exists: RESTRUCTURED_DB/2007/dec/139381.json
2025-12-06 12:14:26,914 - INFO - 
[79/1000] Processing G.R. No. 155409
2025-12-06 12:14:26,915 - INFO -   Title: V. Maquilan vs. D. Maquilan....
2025-12-06 12:14:27,296 - INFO -   Case already exists: RESTRUCTURED_DB/2007/jun/139676.json
2025-12-06 12:14:27,796 - INFO - 
[80/1000] Processing G.R. No. 156542
2025-12-06 12:14:27,796 - INFO -   Title: Candelaria Q. Da Yot vs. Shell Chemical Co., Inc....
2025-12-06 12:14:28,182 - INFO -   Case already exists: RESTRUCTURED_DB/2007/jun/141523.json
2025-12-06 12:14:28,683 - INFO - 
[81/1000] Processing G.R. No. 156605
2025-12-06 12:14:28,683 - INFO -   Title: Edward T. Marcelo, et al. vs. Sandiganbayan, et al....
2025-12-06 12:14:29,070 - INFO -   Case already exists: RESTRUCTURED_DB/2007/aug/156505.json
2025-12-06 12:14:29,570 - INFO - 
[82/1000] Processing G.R. No. 156689
2025-12-06 12:14:29,570 - INFO -   Title: R. Dimaculangan vs. G. Casalla....
2025-12-06 12:14:29,777 - INFO -   Case already exists: RESTRUCTURED_DB/2007/jun/156752.json
2025-12-06 12:14:30,277 - INFO - 
[83/1000] Processing G.R. No. 157057
2025-12-06 12:14:30,277 - INFO -   Title: Leonidas Epifanio y Lazaro vs. People of the Phil....
2025-12-06 12:14:30,658 - INFO -   Case already exists: RESTRUCTURED_DB/2007/jun/143380.json
2025-12-06 12:14:31,158 - INFO - 
[84/1000] Processing G.R. No. 157370
2025-12-06 12:14:31,158 - INFO -   Title: R. P. Ortiz vs. Court of Appeals, et al....
2025-12-06 12:14:31,364 - INFO -   Case already exists: RESTRUCTURED_DB/2007/jun/142051.json
2025-12-06 12:14:31,864 - INFO - 
[85/1000] Processing G.R. No. 157975
2025-12-06 12:14:31,865 - INFO -   Title: Phil. Transmarine Carriers, Inc. vs. Felicisimo Carilla....
2025-12-06 12:14:32,253 - INFO -   Case already exists: RESTRUCTURED_DB/2007/jun/148893.json
2025-12-06 12:14:32,753 - INFO - 
[86/1000] Processing G.R. No. 158053
2025-12-06 12:14:32,753 - INFO -   Title: Edwin Razon y Lucea vs. People of the Phil....
2025-12-06 12:14:33,136 - INFO -   Case already exists: RESTRUCTURED_DB/2007/jun/147011.json
2025-12-06 12:14:33,636 - INFO - 
[87/1000] Processing G.R. No. 158643
2025-12-06 12:14:33,636 - INFO -   Title: Rosa Baricua, et al. vs. Romeo Caballero, et al....
2025-12-06 12:14:33,851 - INFO -   Case already exists: RESTRUCTURED_DB/2007/jun/151922.json
2025-12-06 12:14:34,352 - INFO - 
[88/1000] Processing G.R. No. 158786
2025-12-06 12:14:34,352 - INFO -   Title: Toyota Motor Phils. Corp. Workers Asso., et al. vs. National...
2025-12-06 12:14:34,912 - INFO -   Case already exists: RESTRUCTURED_DB/2007/oct/102672.json
2025-12-06 12:14:35,412 - INFO - 
[89/1000] Processing G.R. No. 159104
2025-12-06 12:14:35,412 - INFO -   Title: Rodolfo M. Cuenca, et al. vs. the PCGG, et al....
2025-12-06 12:14:35,619 - INFO -   Case already exists: RESTRUCTURED_DB/2007/oct/13516.json
2025-12-06 12:14:36,119 - INFO - 
[90/1000] Processing G.R. No. 159153
2025-12-06 12:14:36,120 - INFO -   Title: Isidro Anadon, et al. vs. Miguelina Herrera, et al....
2025-12-06 12:14:36,325 - INFO -   Case already exists: RESTRUCTURED_DB/2007/jul/159253.json
2025-12-06 12:14:36,825 - INFO - 
[91/1000] Processing G.R. No. 159222
2025-12-06 12:14:36,826 - INFO -   Title: People of the Philippines vs. Rafael Bitanga....
2025-12-06 12:14:37,207 - INFO -   Case already exists: RESTRUCTURED_DB/2007/jun/147995.json
2025-12-06 12:14:37,707 - INFO - 
[92/1000] Processing G.R. No. 163793
2025-12-06 12:14:37,707 - INFO -   Title: Philippine Long Distance Telephone Co. vs. Ernesto Borje...
2025-12-06 12:14:38,519 - WARNING -   ✗ Could not fetch case from any URL
2025-12-06 12:14:38,519 - INFO - 
[93/1000] Processing G.R. No. 164173
2025-12-06 12:14:38,519 - INFO -   Title: Rodolfo S. De Jesus vs. Hon. Sandiganbayan, et al....
2025-12-06 12:14:39,329 - WARNING -   ✗ Could not fetch case from any URL
2025-12-06 12:14:39,330 - INFO - 
[94/1000] Processing G.R. No. 165665
2025-12-06 12:14:39,330 - INFO -   Title: The Hon. A. Romulo, et al. vs. the Hon. Judge Eduardo B. Per...
2025-12-06 12:14:40,141 - WARNING -   ✗ Could not fetch case from any URL
2025-12-06 12:14:40,142 - INFO - 
[95/1000] Processing G.R. No. 167006
2025-12-06 12:14:40,142 - INFO -   Title: Danilo D. Collantes vs. Hon. Simeon Marcelo, et al....
2025-12-06 12:14:40,522 - INFO -   Case already exists: RESTRUCTURED_DB/2007/aug/164664.json
2025-12-06 12:14:41,023 - INFO - 
[96/1000] Processing G.R. No. 167006
2025-12-06 12:14:41,023 - INFO -   Title: Danilo D. Collantes vs. Hon. Simeon Marcelo, et al....
2025-12-06 12:14:41,404 - INFO -   Case already exists: RESTRUCTURED_DB/2007/aug/164664.json
2025-12-06 12:14:41,904 - INFO - 
[97/1000] Processing G.R. No. 167335
2025-12-06 12:14:41,904 - INFO -   Title: Dr. Ulysses A. Brito vs. Office of the Deputy Ombudsman for ...
2025-12-06 12:14:42,285 - INFO -   Case already exists: RESTRUCTURED_DB/2007/jul/173152.json
2025-12-06 12:14:42,785 - INFO - 
[98/1000] Processing G.R. No. 167829
2025-12-06 12:14:42,786 - INFO -   Title: Filipinas (Pre-Fab Bldg.) Systems, Inc. vs. MRT Devt., Corp....
2025-12-06 12:14:43,168 - INFO -   Case already exists: RESTRUCTURED_DB/2007/nov/150978.json
2025-12-06 12:14:43,668 - INFO - 
[99/1000] Processing G.R. No. 167994
2025-12-06 12:14:43,668 - INFO -   Title: Jorge Gonzales vs. Hon. Oscar B. Pimentel, et al....
2025-12-06 12:14:44,480 - WARNING -   ✗ Could not fetch case from any URL
2025-12-06 12:14:44,480 - INFO - 
[100/1000] Processing G.R. No. 168069
2025-12-06 12:14:44,480 - INFO -   Title: Albert Cordero Sy vs. People of the Philippines...
2025-12-06 12:14:45,299 - WARNING -   ✗ Could not fetch case from any URL
2025-12-06 12:14:45,299 - INFO - 
[101/1000] Processing G.R. No. 168543
2025-12-06 12:14:45,299 - INFO -   Title: Jaime Tan vs. People of the Philippines...
2025-12-06 12:14:46,110 - WARNING -   ✗ Could not fetch case from any URL
2025-12-06 12:14:46,110 - INFO - 
[102/1000] Processing G.R. No. 170577
2025-12-06 12:14:46,111 - INFO -   Title: Anthony D. Dee vs. Commission on Election, et al....
2025-12-06 12:14:47,274 - WARNING -   ✗ Could not fetch case from any URL
2025-12-06 12:14:47,274 - INFO - 
[103/1000] Processing G.R. No. 170602
2025-12-06 12:14:47,274 - INFO -   Title: Manuel V. Baviera vs. Standard Chartered Bank, et al....
2025-12-06 12:14:48,521 - WARNING -   ✗ Could not fetch case from any URL
2025-12-06 12:14:48,522 - INFO - 
[104/1000] Processing G.R. No. 170628
2025-12-06 12:14:48,522 - INFO -   Title: NAPOCOR vs. Local Board of Assessment Appeals of Batangas, e...
2025-12-06 12:14:49,326 - WARNING -   ✗ Could not fetch case from any URL
2025-12-06 12:14:49,326 - INFO - 
[105/1000] Processing G.R. No. 171354
2025-12-06 12:14:49,326 - INFO -   Title: Marylou B. Tolentino, M.D. vs. Court of Appeals, et al....
2025-12-06 12:14:49,872 - INFO -   Case already exists: RESTRUCTURED_DB/2007/mar/171354.json
2025-12-06 12:14:50,372 - INFO - 
[106/1000] Processing G.R. No. 175013
2025-12-06 12:14:50,372 - INFO -   Title: Crispin B. Beltran vs. People of the Philippines, et al....
2025-12-06 12:14:51,172 - WARNING -   ✗ Could not fetch case from any URL
2025-12-06 12:14:51,172 - INFO - 
[107/1000] Processing G.R. No. 175181
2025-12-06 12:14:51,173 - INFO -   Title: Metropolitan Bank & Trust Co. Inc. vs. SLGT Holdings, Inc., ...
2025-12-06 12:14:51,759 - INFO -   Case already exists: RESTRUCTURED_DB/2007/sep/104528.json
2025-12-06 12:14:52,259 - INFO - 
[108/1000] Processing G.R. No. 176349
2025-12-06 12:14:52,260 - INFO -   Title: People of the Philippines vs. Orlando Ubina y Aggalut...
2025-12-06 12:14:52,813 - INFO -   Case already exists: RESTRUCTURED_DB/2007/jul/176359.json
2025-12-06 12:14:53,314 - INFO - 
[109/1000] Processing G.R. No. 177314
2025-12-06 12:14:53,314 - INFO -   Title: Loretta Ann P. Rosales vs. Commission on Election...
2025-12-06 12:14:54,113 - WARNING -   ✗ Could not fetch case from any URL
2025-12-06 12:14:54,113 - INFO - 
[110/1000] Processing G.R. No. 200774
2025-12-06 12:14:54,113 - INFO -   Title: German Marine Agencies, Inc., et al. vs. Teodolah R. Caro...
2025-12-06 12:14:54,912 - WARNING -   ✗ Could not fetch case from any URL
2025-12-06 12:14:54,913 - INFO - 
[111/1000] Processing G.R. No. 160811
2025-12-06 12:14:54,913 - INFO -   Title: Ricky Bastian vs. Hon. Court of Appeals, et al....
2025-12-06 12:14:55,459 - INFO -   Case already exists: RESTRUCTURED_DB/2008/apr/160811.json
2025-12-06 12:14:55,959 - INFO - 
[112/1000] Processing G.R. No. 165318
2025-12-06 12:14:55,960 - INFO -   Title: Amando A. Pontaoe and Dr. Alejandro G. Pontaoe vs. Teodora A...
2025-12-06 12:14:56,760 - WARNING -   ✗ Could not fetch case from any URL
2025-12-06 12:14:56,760 - INFO - 
[113/1000] Processing G.R. No. 167756
2025-12-06 12:14:56,760 - INFO -   Title: The People of the Philippines vs. Jerry Nazareno...
2025-12-06 12:14:57,484 - INFO -   ✓ Saved: RESTRUCTURED_DB/2008/apr/167756.json
2025-12-06 12:14:57,984 - INFO - 
[114/1000] Processing G.R. No. 167763
2025-12-06 12:14:57,984 - INFO -   Title: Civil Service Commission vs. Jessie V. Rabang...
2025-12-06 12:14:58,359 - INFO -   ✓ Saved: RESTRUCTURED_DB/2008/mar/167763.json
2025-12-06 12:14:58,859 - INFO - 
[115/1000] Processing G.R. No. 167765
2025-12-06 12:14:58,859 - INFO -   Title: Commissioner of Internal Revenue vs. FMF Development Corp....
2025-12-06 12:14:59,236 - INFO -   ✓ Saved: RESTRUCTURED_DB/2008/jun/167765.json
2025-12-06 12:14:59,736 - INFO - 
[116/1000] Processing G.R. No. 167805
2025-12-06 12:14:59,736 - INFO -   Title: Arnold Sta. Catalina vs. People of the Philippines...
2025-12-06 12:15:00,113 - INFO -   ✓ Saved: RESTRUCTURED_DB/2008/nov/167805.json
2025-12-06 12:15:00,613 - INFO - 
[117/1000] Processing G.R. No. 167899
2025-12-06 12:15:00,614 - INFO -   Title: Willie Ong, etc. vs. Lucia N. Basco...
2025-12-06 12:15:00,994 - INFO -   ✓ Saved: RESTRUCTURED_DB/2008/aug/167899.json
2025-12-06 12:15:01,494 - INFO - 
[118/1000] Processing G.R. No. 167916
2025-12-06 12:15:01,494 - INFO -   Title: Sarah P. Ampong vs. Civil Service Commission, CSC-Regional O...
2025-12-06 12:15:01,871 - INFO -   ✓ Saved: RESTRUCTURED_DB/2008/aug/167916.json
2025-12-06 12:15:02,371 - INFO - 
[119/1000] Processing G.R. No. 167954
2025-12-06 12:15:02,371 - INFO -   Title: People of the Philippines vs. Perlito Mondigo y Abemalez...
2025-12-06 12:15:02,748 - INFO -   ✓ Saved: RESTRUCTURED_DB/2008/jan/167954.json
2025-12-06 12:15:03,248 - INFO - 
[120/1000] Processing G.R. No. 167982
2025-12-06 12:15:03,248 - INFO -   Title: Office of the Ombudsman vs. Merceditas de Sahagun, et al....
2025-12-06 12:15:03,624 - INFO -   ✓ Saved: RESTRUCTURED_DB/2008/aug/167982.json
2025-12-06 12:15:04,124 - INFO - 
[121/1000] Processing G.R. No. 168074
2025-12-06 12:15:04,125 - INFO -   Title: Empire East Land Holdings Inc. vs. Capitol Industrial Constr...
2025-12-06 12:15:04,678 - INFO -   ✓ Saved: RESTRUCTURED_DB/2008/sep/168074.json
2025-12-06 12:15:05,178 - INFO - 
[122/1000] Processing G.R. No. 168081
2025-12-06 12:15:05,179 - INFO -   Title: Armando G. Yrasuegui vs. Philippine Airlines, Inc....
2025-12-06 12:15:05,904 - INFO -   ✓ Saved: RESTRUCTURED_DB/2008/oct/168081.json
2025-12-06 12:15:06,405 - INFO - 
[123/1000] Processing G.R. No. 168102
2025-12-06 12:15:06,405 - INFO -   Title: The People of the Philippines vs. Jayson Tuazon y Olia...
2025-12-06 12:15:06,782 - INFO -   ✓ Saved: RESTRUCTURED_DB/2008/aug/168102.json
2025-12-06 12:15:07,282 - INFO - 
[124/1000] Processing G.R. No. 168111
2025-12-06 12:15:07,282 - INFO -   Title: Antonio Tan, et al. vs. Amelito Ballena, et al....
2025-12-06 12:15:07,832 - INFO -   ✓ Saved: RESTRUCTURED_DB/2008/jul/168111.json
2025-12-06 12:15:08,332 - INFO - 
[125/1000] Processing G.R. No. 168166
2025-12-06 12:15:08,332 - INFO -   Title: People of the Philippines vs. Salvadro C. Daco...
2025-12-06 12:15:08,709 - INFO -   ✓ Saved: RESTRUCTURED_DB/2008/oct/168166.json
2025-12-06 12:15:09,209 - INFO - 
[126/1000] Processing G.R. No. 168173
2025-12-06 12:15:09,209 - INFO -   Title: People of the Philippines vs. F01 Felipe dela Cruz y Reyes, ...
2025-12-06 12:15:09,939 - INFO -   ✓ Saved: RESTRUCTURED_DB/2008/dec/168173.json
2025-12-06 12:15:10,439 - INFO - 
[127/1000] Processing G.R. No. 168198
2025-12-06 12:15:10,439 - INFO -   Title: Diana T. Lao, et al. vs. Ramon G. Go, et al....
2025-12-06 12:15:10,642 - INFO -   ✓ Saved: RESTRUCTURED_DB/2008/aug/168198.json
2025-12-06 12:15:11,142 - INFO - 
[128/1000] Processing G.R. No. 168210
2025-12-06 12:15:11,142 - INFO -   Title: Coastal Safeway Marine Services, Inc. vs. Leonisa M. Delgado...
2025-12-06 12:15:11,518 - INFO -   ✓ Saved: RESTRUCTURED_DB/2008/jun/168210.json
2025-12-06 12:15:12,019 - INFO - 
[129/1000] Processing G.R. No. 168252
2025-12-06 12:15:12,019 - INFO -   Title: Eugenio Mabagos vs. Orlando Maningas, et al....
2025-12-06 12:15:12,222 - INFO -   ✓ Saved: RESTRUCTURED_DB/2008/jul/168252.json
2025-12-06 12:15:12,722 - INFO - 
[130/1000] Processing G.R. No. 168263
2025-12-06 12:15:12,722 - INFO -   Title: Sps. Edgardo & Natividad Fidel vs. Hon. CA, Heirs of the lat...
2025-12-06 12:15:13,104 - INFO -   ✓ Saved: RESTRUCTURED_DB/2008/jul/168263.json
2025-12-06 12:15:13,604 - INFO - 
[131/1000] Processing G.R. No. 168274
2025-12-06 12:15:13,604 - INFO -   Title: Far East Bank & Trust Co. vs. Gold Palace Jewellery Co as re...
2025-12-06 12:15:13,988 - INFO -   ✓ Saved: RESTRUCTURED_DB/2008/aug/168274.json
2025-12-06 12:15:14,488 - INFO - 
[132/1000] Processing G.R. No. 168299
2025-12-06 12:15:14,488 - INFO -   Title: People of the Philippines vs. Luis a Ycardo...
2025-12-06 12:15:14,880 - INFO -   ✓ Saved: RESTRUCTURED_DB/2008/oct/168299.json
2025-12-06 12:15:15,380 - INFO - 
[133/1000] Processing G.R. No. 168309
2025-12-06 12:15:15,380 - INFO -   Title: Office of the Ombudsman vs. Marian D. Torres, et al....
2025-12-06 12:15:15,598 - INFO -   ✓ Saved: RESTRUCTURED_DB/2008/sep/168309.json
2025-12-06 12:15:16,098 - INFO - 
[134/1000] Processing G.R. No. 168309
2025-12-06 12:15:16,098 - INFO -   Title: Office of the Ombudsman vs. Marian D. Torres, et al....
2025-12-06 12:15:16,481 - INFO -   ✓ Saved: RESTRUCTURED_DB/2008/jan/168309.json
2025-12-06 12:15:16,981 - INFO - 
[135/1000] Processing G.R. No. 168338
2025-12-06 12:15:16,981 - INFO -   Title: Francisco Chavez vs. Raul M. Gonzales, etc., et al. Separate...
2025-12-06 12:15:17,720 - INFO -   ✓ Saved: RESTRUCTURED_DB/2008/feb/168338.json
2025-12-06 12:15:18,220 - INFO - 
[136/1000] Processing G.R. No. 168339
2025-12-06 12:15:18,221 - INFO -   Title: Ma. Gregorietta Leila C. Sy vs. ALC Industries, Inc & Dexter...
2025-12-06 12:15:18,428 - INFO -   ✓ Saved: RESTRUCTURED_DB/2008/oct/168339.json
2025-12-06 12:15:18,928 - INFO - 
[137/1000] Processing G.R. No. 168350
2025-12-06 12:15:18,928 - INFO -   Title: Percival A. Cendana vs. Cirilo A. Avila...
2025-12-06 12:15:19,135 - INFO -   ✓ Saved: RESTRUCTURED_DB/2008/jan/168350.json
2025-12-06 12:15:19,635 - INFO - 
[138/1000] Processing G.R. No. 168394
2025-12-06 12:15:19,635 - INFO -   Title: Agrarian Reform Beneficiaries Asso. etc. vs. Loreto G. Nicol...
2025-12-06 12:15:20,020 - INFO -   ✓ Saved: RESTRUCTURED_DB/2008/oct/168394.json
2025-12-06 12:15:20,520 - INFO - 
[139/1000] Processing G.R. No. 168402
2025-12-06 12:15:20,520 - INFO -   Title: Aboitiz Shipping Corp. vs. Insurance Co. of North America...
2025-12-06 12:15:20,906 - INFO -   ✓ Saved: RESTRUCTURED_DB/2008/aug/168402.json
2025-12-06 12:15:21,406 - INFO - 
[140/1000] Processing G.R. No. 168448
2025-12-06 12:15:21,406 - INFO -   Title: People of the Philippines vs. Fajardo Napudo...
2025-12-06 12:15:21,802 - INFO -   ✓ Saved: RESTRUCTURED_DB/2008/oct/168448.json
2025-12-06 12:15:22,302 - INFO - 
[141/1000] Processing G.R. No. 168533
2025-12-06 12:15:22,302 - INFO -   Title: Land Bank of the Philippines vs. Heirs of Angel T. Domingo, ...
2025-12-06 12:15:22,688 - INFO -   ✓ Saved: RESTRUCTURED_DB/2008/feb/168533.json
2025-12-06 12:15:23,189 - INFO - 
[142/1000] Processing G.R. No. 168537
2025-12-06 12:15:23,189 - INFO -   Title: Damian Aklan, et al. vs. San Miguel Corp., et al....
2025-12-06 12:15:23,578 - INFO -   ✓ Saved: RESTRUCTURED_DB/2008/dec/168537.json
2025-12-06 12:15:24,078 - INFO - 
[143/1000] Processing G.R. No. 168546
2025-12-06 12:15:24,078 - INFO -   Title: Michael Padua vs. People of the Philippines...
2025-12-06 12:15:24,462 - INFO -   ✓ Saved: RESTRUCTURED_DB/2008/jul/168546.json
2025-12-06 12:15:24,962 - INFO - 
[144/1000] Processing G.R. No. 168560
2025-12-06 12:15:24,962 - INFO -   Title: Klaveness Maritime Agency Inc., et al. vs. Beneficiaries of ...
2025-12-06 12:15:25,354 - INFO -   ✓ Saved: RESTRUCTURED_DB/2008/jan/168560.json
2025-12-06 12:15:25,855 - INFO - 
[145/1000] Processing G.R. No. 168561
2025-12-06 12:15:25,855 - INFO -   Title: Tacloban II Neighborhood Association Inc. vs. Office of the ...
2025-12-06 12:15:26,238 - INFO -   ✓ Saved: RESTRUCTURED_DB/2008/sep/168561.json
2025-12-06 12:15:26,739 - INFO - 
[146/1000] Processing G.R. No. 168578
2025-12-06 12:15:26,739 - INFO -   Title: Nieto A. Racho vs. Hon. Primo C. Miro, et al....
2025-12-06 12:15:27,122 - INFO -   ✓ Saved: RESTRUCTURED_DB/2008/sep/168578.json
2025-12-06 12:15:27,623 - INFO - 
[147/1000] Processing G.R. No. 168637
2025-12-06 12:15:27,623 - INFO -   Title: Michael J. Lagrosas vs. Bristol-Myers Squibb (Phil.), Inc./M...
2025-12-06 12:15:28,006 - INFO -   ✓ Saved: RESTRUCTURED_DB/2008/sep/168637.json
2025-12-06 12:15:28,506 - INFO - 
[148/1000] Processing G.R. No. 168662
2025-12-06 12:15:28,506 - INFO -   Title: Sanrio Company Limited vs. Edgar C. Lim, etc....
2025-12-06 12:15:28,889 - INFO -   ✓ Saved: RESTRUCTURED_DB/2008/feb/168662.json
2025-12-06 12:15:29,389 - INFO - 
[149/1000] Processing G.R. No. 168667
2025-12-06 12:15:29,389 - INFO -   Title: Sps. Alfredo & Ma. Lourdes V. Almonte vs. Clarita Alcala, et...
2025-12-06 12:15:29,772 - INFO -   ✓ Saved: RESTRUCTURED_DB/2008/jul/168667.json
2025-12-06 12:15:30,272 - INFO - 
[150/1000] Processing G.R. No. 168695
2025-12-06 12:15:30,272 - INFO -   Title: People of the Philippines vs. Maribel Lagman, et al....
2025-12-06 12:15:30,655 - INFO -   ✓ Saved: RESTRUCTURED_DB/2008/dec/168695.json
2025-12-06 12:15:31,155 - INFO - 
[151/1000] Processing G.R. No. 168723
2025-12-06 12:15:31,155 - INFO -   Title: Dole Phils., Inc vs. Hon. Reinato G. Quilala etc. and All Se...
2025-12-06 12:15:31,362 - INFO -   ✓ Saved: RESTRUCTURED_DB/2008/jul/168723.json
2025-12-06 12:15:31,862 - INFO - 
[152/1000] Processing G.R. No. 168753
2025-12-06 12:15:31,862 - INFO -   Title: Philimare, Inc. / Marlow Navigation Co. Ltd., Bonifacio & Al...
2025-12-06 12:15:32,245 - INFO -   ✓ Saved: RESTRUCTURED_DB/2008/jul/168753.json
2025-12-06 12:15:32,745 - INFO - 
[153/1000] Processing G.R. No. 168766
2025-12-06 12:15:32,745 - INFO -   Title: The Civil Service Commission vs. Henry A. Solor...
2025-12-06 12:15:33,129 - INFO -   ✓ Saved: RESTRUCTURED_DB/2008/may/168766.json
2025-12-06 12:15:33,630 - INFO - 
[154/1000] Processing G.R. No. 168782
2025-12-06 12:15:33,630 - INFO -   Title: Spouses Jovenal Toring & Cecilia Escalona-To Ring vs. Spouse...
2025-12-06 12:15:33,839 - INFO -   ✓ Saved: RESTRUCTURED_DB/2008/oct/168782.json
2025-12-06 12:15:34,339 - INFO - 
[155/1000] Processing G.R. No. 168787
2025-12-06 12:15:34,339 - INFO -   Title: Department of the Agrarian Reform etc. vs. Polo Coconut Plan...
2025-12-06 12:15:34,726 - INFO -   ✓ Saved: RESTRUCTURED_DB/2008/sep/168787.json
2025-12-06 12:15:35,226 - INFO - 
[156/1000] Processing G.R. No. 168799
2025-12-06 12:15:35,226 - INFO -   Title: Euhilda C. Tabuada vs. Hon. J. Cedrick O. Ruiz, et al....
2025-12-06 12:15:35,439 - INFO -   ✓ Saved: RESTRUCTURED_DB/2008/jun/168799.json
2025-12-06 12:15:35,939 - INFO - 
[157/1000] Processing G.R. No. 168819
2025-12-06 12:15:35,939 - INFO -   Title: Alfredo, Preciosa, Angelita & Crisostomo all surnamed Buena ...
2025-12-06 12:15:36,324 - INFO -   ✓ Saved: RESTRUCTURED_DB/2008/nov/168819.json
2025-12-06 12:15:36,824 - INFO - 
[158/1000] Processing G.R. No. 168852
2025-12-06 12:15:36,824 - INFO -   Title: Sharica Marl L. Go-Tan vs. Spouses Perfecto C. Tan & Juanita...
2025-12-06 12:15:37,207 - INFO -   ✓ Saved: RESTRUCTURED_DB/2008/sep/168852.json
2025-12-06 12:15:37,708 - INFO - 
[159/1000] Processing G.R. No. 168862
2025-12-06 12:15:37,708 - INFO -   Title: Government Service Insurance System (GSIS) vs. Emmanuel P. C...
2025-12-06 12:15:38,100 - INFO -   ✓ Saved: RESTRUCTURED_DB/2008/apr/168862.json
2025-12-06 12:15:38,601 - INFO - 
[160/1000] Processing G.R. No. 168892
2025-12-06 12:15:38,601 - INFO -   Title: Deputy Ombudsman for the Visayas Primo C. Miro, et al. vs. C...
2025-12-06 12:15:38,983 - INFO -   ✓ Saved: RESTRUCTURED_DB/2008/mar/168892.json
2025-12-06 12:15:39,483 - INFO - 
[161/1000] Processing G.R. No. 168923
2025-12-06 12:15:39,483 - INFO -   Title: Bienvenido M. Cadalin, et al. vs. Hon. Court of Appeals, et ...
2025-12-06 12:15:40,246 - INFO -   ✓ Saved: RESTRUCTURED_DB/2008/nov/168923.json
2025-12-06 12:15:40,746 - INFO - 
[162/1000] Processing G.R. No. 168985
2025-12-06 12:15:40,746 - INFO -   Title: Accessories Specialists Inc. etc., et al. vs. Erlinda B. Ala...
2025-12-06 12:15:40,954 - INFO -   ✓ Saved: RESTRUCTURED_DB/2008/jul/168985.json
2025-12-06 12:15:41,454 - INFO - 
[163/1000] Processing G.R. No. 168999
2025-12-06 12:15:41,454 - INFO -   Title: Raul Daza vs. Ronan P. Lugo...
2025-12-06 12:15:41,661 - INFO -   ✓ Saved: RESTRUCTURED_DB/2008/apr/168999.json
2025-12-06 12:15:42,162 - INFO - 
[164/1000] Processing G.R. No. 169013
2025-12-06 12:15:42,162 - INFO -   Title: Department of Education, etc. vs. Godofredo G. Cuanan...
2025-12-06 12:15:42,546 - INFO -   ✓ Saved: RESTRUCTURED_DB/2008/dec/169013.json
2025-12-06 12:15:43,046 - INFO - 
[165/1000] Processing G.R. No. 169047
2025-12-06 12:15:43,046 - INFO -   Title: Eva Floyd, et al. vs. Benjamin Gonzales, et al....
2025-12-06 12:15:43,254 - INFO -   ✓ Saved: RESTRUCTURED_DB/2008/nov/169047.json
2025-12-06 12:15:43,754 - INFO - 
[166/1000] Processing G.R. No. 169095
2025-12-06 12:15:43,754 - INFO -   Title: Heunghwa Industry Co. Ltd vs. DJ Builders Corporation...
2025-12-06 12:15:44,140 - INFO -   ✓ Saved: RESTRUCTURED_DB/2008/dec/169095.json
2025-12-06 12:15:44,641 - INFO - 
[167/1000] Processing G.R. No. 169245
2025-12-06 12:15:44,641 - INFO -   Title: People of the Philippines vs. Nelson Abon y Novido...
2025-12-06 12:15:44,860 - INFO -   ✓ Saved: RESTRUCTURED_DB/2008/feb/169245.json
2025-12-06 12:15:45,360 - INFO - 
[168/1000] Processing G.R. No. 169298
2025-12-06 12:15:45,360 - INFO -   Title: Law Firm of Tungol & Tibayan vs. CA & Sps. Renato M. Ingco &...
2025-12-06 12:15:45,744 - INFO -   ✓ Saved: RESTRUCTURED_DB/2008/jul/169298.json
2025-12-06 12:15:46,244 - INFO - 
[169/1000] Processing G.R. No. 169314
2025-12-06 12:15:46,244 - INFO -   Title: PNB-Republic Bank vs. Sps. Jose & Salvacion Cordova...
2025-12-06 12:15:46,451 - INFO -   ✓ Saved: RESTRUCTURED_DB/2008/mar/169314.json
2025-12-06 12:15:46,951 - INFO - 
[170/1000] Processing G.R. No. 169365
2025-12-06 12:15:46,951 - INFO -   Title: Sps Pedro Santiago and Liwanag Santiago vs. the People of th...
2025-12-06 12:15:47,159 - INFO -   ✓ Saved: RESTRUCTURED_DB/2008/nov/169365.json
2025-12-06 12:15:47,659 - INFO - 
[171/1000] Processing G.R. No. 169370
2025-12-06 12:15:47,659 - INFO -   Title: Eustacio Atwel, et al. vs. Concepcion Progressive Associatio...
2025-12-06 12:15:48,041 - INFO -   ✓ Saved: RESTRUCTURED_DB/2008/apr/169370.json
2025-12-06 12:15:48,541 - INFO - 
[172/1000] Processing G.R. No. 169400
2025-12-06 12:15:48,541 - INFO -   Title: Napoleon G. Rama vs. Spouses Eduardo and Conchita Joaquin...
2025-12-06 12:15:48,924 - INFO -   ✓ Saved: RESTRUCTURED_DB/2008/sep/169400.json
2025-12-06 12:15:49,424 - INFO - 
[173/1000] Processing G.R. No. 169425
2025-12-06 12:15:49,424 - INFO -   Title: Roberto Licyayo vs. People of the Philippines...
2025-12-06 12:15:49,809 - INFO -   ✓ Saved: RESTRUCTURED_DB/2008/mar/169425.json
2025-12-06 12:15:50,309 - INFO - 
[174/1000] Processing G.R. No. 169434
2025-12-06 12:15:50,309 - INFO -   Title: Lazaro V. Dacut, et al. vs. Court of Appeals, et al....
2025-12-06 12:15:50,517 - INFO -   ✓ Saved: RESTRUCTURED_DB/2008/mar/169434.json
2025-12-06 12:15:51,017 - INFO - 
[175/1000] Processing G.R. No. 169435
2025-12-06 12:15:51,017 - INFO -   Title: Municipality of Nueva Era, et al. vs. Municipality of Marcos...
2025-12-06 12:15:51,403 - INFO -   ✓ Saved: RESTRUCTURED_DB/2008/feb/169435.json
2025-12-06 12:15:51,903 - INFO - 
[176/1000] Processing G.R. No. 169444
2025-12-06 12:15:51,904 - INFO -   Title: Pablito T. Villari& P.R. Builders Developers & Managers Inc....
2025-12-06 12:15:52,289 - INFO -   ✓ Saved: RESTRUCTURED_DB/2008/sep/169444.json
2025-12-06 12:15:52,789 - INFO - 
[177/1000] Processing G.R. No. 169482
2025-12-06 12:15:52,789 - INFO -   Title: In the matter of the Petition of Habeas-Corpus of Eufemia Ro...
2025-12-06 12:15:53,008 - INFO -   ✓ Saved: RESTRUCTURED_DB/2008/jan/169482.json
2025-12-06 12:15:53,508 - INFO - 
[178/1000] Processing G.R. No. 169498
2025-12-06 12:15:53,509 - INFO -   Title: Oscar De Los Santos, et al. vs. Court of Appeals, et al....
2025-12-06 12:15:53,904 - INFO -   ✓ Saved: RESTRUCTURED_DB/2008/dec/169498.json
2025-12-06 12:15:54,405 - INFO - 
[179/1000] Processing G.R. No. 169549
2025-12-06 12:15:54,405 - INFO -   Title: John Hancock Life Insurance Corp. and/or Michael Plaxton vs....
2025-12-06 12:15:54,611 - INFO -   ✓ Saved: RESTRUCTURED_DB/2008/sep/169549.json
2025-12-06 12:15:55,111 - INFO - 
[180/1000] Processing G.R. No. 169558
2025-12-06 12:15:55,112 - INFO -   Title: Philippine Crop Insurance Corp. vs. CA, et al....
2025-12-06 12:15:55,494 - INFO -   ✓ Saved: RESTRUCTURED_DB/2008/sep/169558.json
2025-12-06 12:15:55,994 - INFO - 
[181/1000] Processing G.R. No. 169576
2025-12-06 12:15:55,994 - INFO -   Title: Leonides Mercado etc. vs. Court of Appeals & San Miguel Corp...
2025-12-06 12:15:56,209 - INFO -   ✓ Saved: RESTRUCTURED_DB/2008/oct/169576.json
2025-12-06 12:15:56,709 - INFO - 
[182/1000] Processing G.R. No. 169657
2025-12-06 12:15:56,709 - INFO -   Title: Lt. (ret.) Eduardo De Ocampo vs. PO3 Euzueto R. Rey...
2025-12-06 12:15:56,916 - INFO -   ✓ Saved: RESTRUCTURED_DB/2008/sep/169657.json
2025-12-06 12:15:57,416 - INFO - 
[183/1000] Processing G.R. No. 169691
2025-12-06 12:15:57,416 - INFO -   Title: Pedrito Salmorin vs. Dr. Pedro Zaldivar...
2025-12-06 12:15:58,201 - INFO -   ✓ Saved: RESTRUCTURED_DB/2008/jul/169691.json
2025-12-06 12:15:58,701 - INFO - 
[184/1000] Processing G.R. No. 169712
2025-12-06 12:15:58,701 - INFO -   Title: Ma. Wenelita S. Tirazona vs. Court of Appeals, et al....
2025-12-06 12:15:59,260 - INFO -   ✓ Saved: RESTRUCTURED_DB/2008/mar/169712.json
2025-12-06 12:15:59,761 - INFO - 
[185/1000] Processing G.R. No. 169737
2025-12-06 12:15:59,761 - INFO -   Title: Blue Cross Health Care, Inc. vs. Neomi and Danilo Olivares...
2025-12-06 12:15:59,977 - INFO -   ✓ Saved: RESTRUCTURED_DB/2008/feb/169737.json
2025-12-06 12:16:00,478 - INFO - 
[186/1000] Processing G.R. No. 169790
2025-12-06 12:16:00,478 - INFO -   Title: Congregation of the Religious of the Virgin Mary, etc. vs. E...
2025-12-06 12:16:00,859 - INFO -   ✓ Saved: RESTRUCTURED_DB/2008/apr/169790.json
2025-12-06 12:16:01,360 - INFO - 
[187/1000] Processing G.R. No. 169815
2025-12-06 12:16:01,360 - INFO -   Title: BFAR Employees Union etc. vs. COA...
2025-12-06 12:16:01,741 - INFO -   ✓ Saved: RESTRUCTURED_DB/2008/aug/169815.json
2025-12-06 12:16:02,241 - INFO - 
[188/1000] Processing G.R. No. 169846
2025-12-06 12:16:02,242 - INFO -   Title: Sps. Nestor & Ma. Nona Borromeo vs. Hon. Court of Appeals, e...
2025-12-06 12:16:02,627 - INFO -   ✓ Saved: RESTRUCTURED_DB/2008/mar/169846.json
2025-12-06 12:16:03,128 - INFO - 
[189/1000] Processing G.R. No. 169877
2025-12-06 12:16:03,128 - INFO -   Title: People of the Philippines vs. Amador Segobre y Quijano...
2025-12-06 12:16:03,335 - INFO -   ✓ Saved: RESTRUCTURED_DB/2008/feb/169877.json
2025-12-06 12:16:03,835 - INFO - 
[190/1000] Processing G.R. No. 169888
2025-12-06 12:16:03,835 - INFO -   Title: Ramon y. Talaga vs. Hon. Sandiganbayan, et al....
2025-12-06 12:16:04,217 - INFO -   ✓ Saved: RESTRUCTURED_DB/2008/nov/169888.json
2025-12-06 12:16:04,718 - INFO - 
[191/1000] Processing G.R. No. 169914
2025-12-06 12:16:04,718 - INFO -   Title: Asia's Emerging Dragon Corporation vs. Department of Transpo...
2025-12-06 12:16:05,284 - INFO -   ✓ Saved: RESTRUCTURED_DB/2008/apr/169914.json
2025-12-06 12:16:05,784 - INFO - 
[192/1000] Processing G.R. No. 169914
2025-12-06 12:16:05,785 - INFO -   Title: Asias' Emerging Dragon Corp. vs. Dept. of Transportation & C...
2025-12-06 12:16:05,992 - INFO -   ✓ Saved: RESTRUCTURED_DB/2008/mar/169914.json
2025-12-06 12:16:06,492 - INFO - 
[193/1000] Processing G.R. No. 169918
2025-12-06 12:16:06,492 - INFO -   Title: Romulo J. Marohomsalic vs. Reynaldo D. Cole...
2025-12-06 12:16:06,699 - INFO -   ✓ Saved: RESTRUCTURED_DB/2008/feb/169918.json
2025-12-06 12:16:07,200 - INFO - 
[194/1000] Processing G.R. No. 169931
2025-12-06 12:16:07,200 - INFO -   Title: Atty. Emmanuel R. Sison , et al. vs. Dr. Evangeline P. Moral...
2025-12-06 12:16:07,407 - INFO -   ✓ Saved: RESTRUCTURED_DB/2008/mar/169931.json
2025-12-06 12:16:07,907 - INFO - 
[195/1000] Processing G.R. No. 170049
2025-12-06 12:16:07,907 - INFO -   Title: Generoso A. Juaban, et al. vs. Rene Espina, et al....
2025-12-06 12:16:08,291 - INFO -   ✓ Saved: RESTRUCTURED_DB/2008/mar/170049.json
2025-12-06 12:16:08,791 - INFO - 
[196/1000] Processing G.R. No. 170112
2025-12-06 12:16:08,791 - INFO -   Title: Del Pilar Academy, et al. vs. Del Pilar Academy Employees Un...
2025-12-06 12:16:09,000 - INFO -   ✓ Saved: RESTRUCTURED_DB/2008/apr/170112.json
2025-12-06 12:16:09,500 - INFO - 
[197/1000] Processing G.R. No. 170115
2025-12-06 12:16:09,500 - INFO -   Title: Province of Cebu vs. Heirs of Rufina Morales, et al....
2025-12-06 12:16:09,882 - INFO -   ✓ Saved: RESTRUCTURED_DB/2008/feb/170115.json
2025-12-06 12:16:10,382 - INFO - 
[198/1000] Processing G.R. No. 170116
2025-12-06 12:16:10,382 - INFO -   Title: Atty. Carolina R. Ramos vs. Court of Appeals, et al....
2025-12-06 12:16:10,589 - INFO -   ✓ Saved: RESTRUCTURED_DB/2008/dec/170116.json
2025-12-06 12:16:11,090 - INFO - 
[199/1000] Processing G.R. No. 170136
2025-12-06 12:16:11,090 - INFO -   Title: People of the Philippines vs. Robert Brodett Y Pajaro...
2025-12-06 12:16:11,299 - INFO -   ✓ Saved: RESTRUCTURED_DB/2008/jan/170136.json
2025-12-06 12:16:11,800 - INFO - 
[200/1000] Processing G.R. No. 170181
2025-12-06 12:16:11,800 - INFO -   Title: Hanjin Heavy Industries & Construction Co. Ltd., et al. vs. ...
2025-12-06 12:16:12,184 - INFO -   ✓ Saved: RESTRUCTURED_DB/2008/jun/170181.json
2025-12-06 12:16:12,684 - INFO - 
[201/1000] Processing G.R. No. 170202
2025-12-06 12:16:12,685 - INFO -   Title: Optimum Motor Center Corporation vs. Annie Tan etc....
2025-12-06 12:16:12,893 - INFO -   ✓ Saved: RESTRUCTURED_DB/2008/jul/170202.json
2025-12-06 12:16:13,393 - INFO - 
[202/1000] Processing G.R. No. 170216
2025-12-06 12:16:13,393 - INFO -   Title: Alizaman S. Sangcopan vs. COMELEC, et al....
2025-12-06 12:16:13,601 - INFO -   ✓ Saved: RESTRUCTURED_DB/2008/mar/170216.json
2025-12-06 12:16:14,101 - INFO - 
[203/1000] Processing G.R. No. 170243
2025-12-06 12:16:14,101 - INFO -   Title: Nancy H. Zayco, et al. vs. Atty. Jesus V. Hinlo, Jr....
2025-12-06 12:16:14,314 - INFO -   ✓ Saved: RESTRUCTURED_DB/2008/apr/170243.json
2025-12-06 12:16:14,814 - INFO - 
[204/1000] Processing G.R. No. 170247
2025-12-06 12:16:14,814 - INFO -   Title: Heirs of Benjamin Mendoza etc. vs. the Hon. CA & J.A Develop...
2025-12-06 12:16:15,195 - INFO -   ✓ Saved: RESTRUCTURED_DB/2008/sep/170247.json
2025-12-06 12:16:15,696 - INFO - 
[205/1000] Processing G.R. No. 170266
2025-12-06 12:16:15,696 - INFO -   Title: Engracio A. Guerzon, Jr., et al. vs. Pasig Industries, Inc.,...
2025-12-06 12:16:15,901 - INFO -   ✓ Saved: RESTRUCTURED_DB/2008/sep/170266.json
2025-12-06 12:16:16,402 - INFO - 
[206/1000] Processing G.R. No. 170281
2025-12-06 12:16:16,402 - INFO -   Title: Republic of the Philippines etc. vs. Glasgow Credit & Collec...
2025-12-06 12:16:16,784 - INFO -   ✓ Saved: RESTRUCTURED_DB/2008/jan/170281.json
2025-12-06 12:16:17,284 - INFO - 
[207/1000] Processing G.R. No. 170282
2025-12-06 12:16:17,285 - INFO -   Title: Alexander and Jean J. Bacungan vs. Court of Appeals, et al....
2025-12-06 12:16:17,504 - INFO -   ✓ Saved: RESTRUCTURED_DB/2008/dec/170282.json
2025-12-06 12:16:18,004 - INFO - 
[208/1000] Processing G.R. No. 170287
2025-12-06 12:16:18,004 - INFO -   Title: Alabang Country Club, Inc. vs. National Labor Relations Comm...
2025-12-06 12:16:18,387 - INFO -   ✓ Saved: RESTRUCTURED_DB/2008/feb/170287.json
2025-12-06 12:16:18,887 - INFO - 
[209/1000] Processing G.R. No. 170308
2025-12-06 12:16:18,888 - INFO -   Title: Galo Monge vs. People of the Philippines...
2025-12-06 12:16:19,094 - INFO -   ✓ Saved: RESTRUCTURED_DB/2008/mar/170308.json
2025-12-06 12:16:19,594 - INFO - 
[210/1000] Processing G.R. No. 170325
2025-12-06 12:16:19,594 - INFO -   Title: Philippines National Bank vs. Erlando T. Rodriguez, et al....
2025-12-06 12:16:19,982 - INFO -   ✓ Saved: RESTRUCTURED_DB/2008/sep/170325.json
2025-12-06 12:16:20,483 - INFO - 
[211/1000] Processing G.R. No. 170338
2025-12-06 12:16:20,483 - INFO -   Title: Virgilio O. Garcillano vs. the House of Representatives Comm...
2025-12-06 12:16:20,868 - INFO -   ✓ Saved: RESTRUCTURED_DB/2008/dec/170338.json
2025-12-06 12:16:21,368 - INFO - 
[212/1000] Processing G.R. No. 170406
2025-12-06 12:16:21,368 - INFO -   Title: Fouziy Ali Bondagjy vs. Sabrina Artadi...
2025-12-06 12:16:21,583 - INFO -   ✓ Saved: RESTRUCTURED_DB/2008/aug/170406.json
2025-12-06 12:16:22,083 - INFO - 
[213/1000] Processing G.R. No. 170409
2025-12-06 12:16:22,083 - INFO -   Title: Gregoria Martinez vs. Hon. Court of Appeals, et al....
2025-12-06 12:16:22,293 - INFO -   ✓ Saved: RESTRUCTURED_DB/2008/jan/170409.json
2025-12-06 12:16:22,793 - INFO - 
[214/1000] Processing G.R. No. 170422
2025-12-06 12:16:22,793 - INFO -   Title: Sps. Edmond Lee & Helen Huang vs. Land Bank of the Philippin...
2025-12-06 12:16:23,000 - INFO -   ✓ Saved: RESTRUCTURED_DB/2008/mar/170422.json
2025-12-06 12:16:23,500 - INFO - 
[215/1000] Processing G.R. No. 170432
2025-12-06 12:16:23,500 - INFO -   Title: Amos P. Francia, Jr. et al. vs. Municipality of Meycauayan...
2025-12-06 12:16:23,707 - INFO -   ✓ Saved: RESTRUCTURED_DB/2008/mar/170432.json
2025-12-06 12:16:24,207 - INFO - 
[216/1000] Processing G.R. No. 170452
2025-12-06 12:16:24,207 - INFO -   Title: Salvador Chua & Violet Achua vs. Rodrigo Timan & Ma. Lynn Ti...
2025-12-06 12:16:24,588 - INFO -   ✓ Saved: RESTRUCTURED_DB/2008/aug/170452.json
2025-12-06 12:16:25,088 - INFO - 
[217/1000] Processing G.R. No. 170478
2025-12-06 12:16:25,088 - INFO -   Title: Sps. Teresito Y. Villacastin etc. vs. Paul Pelaez...
2025-12-06 12:16:25,469 - INFO -   ✓ Saved: RESTRUCTURED_DB/2008/may/170478.json
2025-12-06 12:16:25,969 - INFO - 
[218/1000] Processing G.R. No. 170479
2025-12-06 12:16:25,969 - INFO -   Title: Andre T. Almocera vs. Johnny Ong...
2025-12-06 12:16:26,351 - INFO -   ✓ Saved: RESTRUCTURED_DB/2008/feb/170479.json
2025-12-06 12:16:26,852 - INFO - 
[219/1000] Processing G.R. No. 170516
2025-12-06 12:16:26,852 - INFO -   Title: AKBAYAN vs. Aquino, et al....
2025-12-06 12:16:27,793 - INFO -   ✓ Saved: RESTRUCTURED_DB/2008/jul/170516.json
2025-12-06 12:16:28,294 - INFO - 
[220/1000] Processing G.R. No. 170528
2025-12-06 12:16:28,294 - INFO -   Title: Heirs of Julian Tiro, et al. vs. Philippine Estates Corporat...
2025-12-06 12:16:28,501 - INFO -   ✓ Saved: RESTRUCTURED_DB/2008/aug/170528.json
2025-12-06 12:16:29,001 - INFO - 
[221/1000] Processing G.R. No. 170539
2025-12-06 12:16:29,001 - INFO -   Title: Heirs of Leticia Lopez-Cuevas rep by Emilio Aytona, Jr. vs. ...
2025-12-06 12:16:29,212 - INFO -   ✓ Saved: RESTRUCTURED_DB/2008/jul/170539.json
2025-12-06 12:16:29,713 - INFO - 
[222/1000] Processing G.R. No. 170567
2025-12-06 12:16:29,713 - INFO -   Title: People of the Philippines vs. Conrado Diocado...
2025-12-06 12:16:29,936 - INFO -   ✓ Saved: RESTRUCTURED_DB/2008/nov/170567.json
2025-12-06 12:16:30,436 - INFO - 
[223/1000] Processing G.R. No. 170569
2025-12-06 12:16:30,436 - INFO -   Title: People of the Philippines vs. Norberto Mateo Y Dizon...
2025-12-06 12:16:30,647 - INFO -   ✓ Saved: RESTRUCTURED_DB/2008/sep/170569.json
2025-12-06 12:16:31,147 - INFO - 
[224/1000] Processing G.R. No. 170585
2025-12-06 12:16:31,147 - INFO -   Title: David C. Lao & Jose C. Lao vs. Dionisio C. Lao...
2025-12-06 12:16:31,355 - INFO -   ✓ Saved: RESTRUCTURED_DB/2008/oct/170585.json
2025-12-06 12:16:31,855 - INFO - 
[225/1000] Processing G.R. No. 170625
2025-12-06 12:16:31,856 - INFO -   Title: Bank of the Philippine Islands vs. CA & TF KO Development Co...
2025-12-06 12:16:32,253 - INFO -   ✓ Saved: RESTRUCTURED_DB/2008/oct/170625.json
2025-12-06 12:16:32,754 - INFO - 
[226/1000] Processing G.R. No. 170626
2025-12-06 12:16:32,754 - INFO -   Title: The Sangguniang Barangay of Barangay Don Mariano Marcos etc....
2025-12-06 12:16:32,961 - INFO -   ✓ Saved: RESTRUCTURED_DB/2008/mar/170626.json
2025-12-06 12:16:33,462 - INFO - 
[227/1000] Processing G.R. No. 170691
2025-12-06 12:16:33,462 - INFO -   Title: Rebecca E. Badiola vs. Hon. Court of Appeals, et al....
2025-12-06 12:16:33,846 - INFO -   ✓ Saved: RESTRUCTURED_DB/2008/apr/170691.json
2025-12-06 12:16:34,346 - INFO - 
[228/1000] Processing G.R. No. 170723
2025-12-06 12:16:34,346 - INFO -   Title: Gloria Pilar S. Aguirre vs. Secretary of the Dept. of Justic...
2025-12-06 12:16:34,732 - INFO -   ✓ Saved: RESTRUCTURED_DB/2008/mar/170723.json
2025-12-06 12:16:35,232 - INFO - 
[229/1000] Processing G.R. No. 170734
2025-12-06 12:16:35,232 - INFO -   Title: Arco Metal Products, Co., Inc., and Mrs. Salvador Uy vs. Sam...
2025-12-06 12:16:35,440 - INFO -   ✓ Saved: RESTRUCTURED_DB/2008/may/170734.json
2025-12-06 12:16:35,940 - INFO - 
[230/1000] Processing G.R. No. 170738
2025-12-06 12:16:35,940 - INFO -   Title: Rizal Commercial Banking Corporation vs. Marcopper Mining Co...
2025-12-06 12:16:36,324 - INFO -   ✓ Saved: RESTRUCTURED_DB/2008/sep/170738.json
2025-12-06 12:16:36,824 - INFO - 
[231/1000] Processing G.R. No. 170813
2025-12-06 12:16:36,824 - INFO -   Title: B.F. Metal (Corporation) vs. Sps. Rolando M. Lomotan, et al....
2025-12-06 12:16:37,032 - INFO -   ✓ Saved: RESTRUCTURED_DB/2008/apr/170813.json
2025-12-06 12:16:37,532 - INFO - 
[232/1000] Processing G.R. No. 170834
2025-12-06 12:16:37,532 - INFO -   Title: People of the Philippines vs. Antonio Nogra...
2025-12-06 12:16:37,740 - INFO -   ✓ Saved: RESTRUCTURED_DB/2008/aug/170834.json
2025-12-06 12:16:38,240 - INFO - 
[233/1000] Processing G.R. No. 170852
2025-12-06 12:16:38,240 - INFO -   Title: Spouses Noe and Clarita Quiampo vs. Capital Insurance & Sure...
2025-12-06 12:16:38,446 - INFO -   ✓ Saved: RESTRUCTURED_DB/2008/sep/170852.json
2025-12-06 12:16:38,946 - INFO - 
[234/1000] Processing G.R. No. 170934
2025-12-06 12:16:38,947 - INFO -   Title: National Power Corporation vs. East Asia Utilities Corp & Ce...
2025-12-06 12:16:39,329 - INFO -   ✓ Saved: RESTRUCTURED_DB/2008/jul/170934.json
2025-12-06 12:16:39,829 - INFO - 
[235/1000] Processing G.R. No. 170943
2025-12-06 12:16:39,829 - INFO -   Title: Pedro Santos, Jr. vs. PNOC Exploration. Corporation...
2025-12-06 12:16:40,037 - INFO -   ✓ Saved: RESTRUCTURED_DB/2008/sep/170943.json
2025-12-06 12:16:40,538 - INFO - 
[236/1000] Processing G.R. No. 170974
2025-12-06 12:16:40,538 - INFO -   Title: Romeo I. Suerte-Felipe vs. People of the Philippines...
2025-12-06 12:16:41,099 - INFO -   ✓ Saved: RESTRUCTURED_DB/2008/mar/170974.json
2025-12-06 12:16:41,600 - INFO - 
[237/1000] Processing G.R. No. 171036
2025-12-06 12:16:41,600 - INFO -   Title: Adela G. Raymundo, et al. vs. Ernesto Lunaria, et al....
2025-12-06 12:16:41,806 - INFO -   ✓ Saved: RESTRUCTURED_DB/2008/oct/171036.json
2025-12-06 12:16:42,306 - INFO - 
[238/1000] Processing G.R. No. 171042
2025-12-06 12:16:42,307 - INFO -   Title: Republic of the Philippines vs. Lynnette Cabantug-Baguio...
2025-12-06 12:16:42,690 - INFO -   ✓ Saved: RESTRUCTURED_DB/2008/jun/171042.json
2025-12-06 12:16:43,190 - INFO - 
[239/1000] Processing G.R. No. 171052
2025-12-06 12:16:43,191 - INFO -   Title: Philippines Health-Care Providers, Inc. vs. Carmela Estrada,...
2025-12-06 12:16:43,410 - INFO -   ✓ Saved: RESTRUCTURED_DB/2008/jan/171052.json
2025-12-06 12:16:43,910 - INFO - 
[240/1000] Processing G.R. No. 171089
2025-12-06 12:16:43,910 - INFO -   Title: People of the Philippines vs. Rogelio Pascual...
2025-12-06 12:16:44,117 - INFO -   ✓ Saved: RESTRUCTURED_DB/2008/oct/171089.json
2025-12-06 12:16:44,618 - INFO - 
[241/1000] Processing G.R. No. 171098
2025-12-06 12:16:44,618 - INFO -   Title: Juan G. Garcia, Jr., et al. vs. Hon. Court of Appeals, et al...
2025-12-06 12:16:45,013 - INFO -   ✓ Saved: RESTRUCTURED_DB/2008/feb/171098.json
2025-12-06 12:16:45,514 - INFO - 
[242/1000] Processing G.R. No. 171124
2025-12-06 12:16:45,514 - INFO -   Title: Alejandro Ng Wee vs. Manuel Tankiansee...
2025-12-06 12:16:45,896 - INFO -   ✓ Saved: RESTRUCTURED_DB/2008/feb/171124.json
2025-12-06 12:16:46,396 - INFO - 
[243/1000] Processing G.R. No. 171164
2025-12-06 12:16:46,396 - INFO -   Title: People of the Philippines vs. Nasario Castel...
2025-12-06 12:16:46,789 - INFO -   ✓ Saved: RESTRUCTURED_DB/2008/nov/171164.json
2025-12-06 12:16:47,289 - INFO - 
[244/1000] Processing G.R. No. 171184
2025-12-06 12:16:47,289 - INFO -   Title: Benjamin P. Quitoriano etc., et al. vs. DAR Adjudication Boa...
2025-12-06 12:16:47,500 - INFO -   ✓ Saved: RESTRUCTURED_DB/2008/mar/171184.json
2025-12-06 12:16:48,000 - INFO - 
[245/1000] Processing G.R. No. 171310
2025-12-06 12:16:48,000 - INFO -   Title: People of the Phil. vs. Sanny Cabacaba Y Gayoso...
2025-12-06 12:16:48,209 - INFO -   ✓ Saved: RESTRUCTURED_DB/2008/jul/171310.json
2025-12-06 12:16:48,709 - INFO - 
[246/1000] Processing G.R. No. 171312
2025-12-06 12:16:48,709 - INFO -   Title: Sps. Lino Francisco & Guia Francisco vs. DEAC Construction, ...
2025-12-06 12:16:49,091 - INFO -   ✓ Saved: RESTRUCTURED_DB/2008/feb/171312.json
2025-12-06 12:16:49,591 - INFO - 
[247/1000] Processing G.R. No. 171315
2025-12-06 12:16:49,591 - INFO -   Title: Antonio Arbizo vs. Sps. Antonio Santillan and Rosario L. San...
2025-12-06 12:16:49,974 - INFO -   ✓ Saved: RESTRUCTURED_DB/2008/feb/171315.json
2025-12-06 12:16:50,474 - INFO - 
[248/1000] Processing G.R. No. 171321
2025-12-06 12:16:50,474 - INFO -   Title: Mary Ann Deheza-Inamarga vs. Celenia C. Alano, et al....
2025-12-06 12:16:50,687 - INFO -   ✓ Saved: RESTRUCTURED_DB/2008/dec/171321.json
2025-12-06 12:16:51,187 - INFO - 
[249/1000] Processing G.R. No. 171348
2025-12-06 12:16:51,187 - INFO -   Title: People of the Philippines vs. Larry Erguiza...
2025-12-06 12:16:51,575 - INFO -   ✓ Saved: RESTRUCTURED_DB/2008/nov/171348.json
2025-12-06 12:16:52,075 - INFO - 
[250/1000] Processing G.R. No. 171351
2025-12-06 12:16:52,075 - INFO -   Title: Metro Water System Service vs. Genaro C. Bautista, et al....
2025-12-06 12:16:52,459 - INFO -   ✓ Saved: RESTRUCTURED_DB/2008/mar/171351.json
2025-12-06 12:16:52,960 - INFO - 
[251/1000] Processing G.R. No. 171373
2025-12-06 12:16:52,960 - INFO -   Title: Lloyd's Enterprises & Credit Corp. vs. Sps. Ferdinand & Pers...
2025-12-06 12:16:53,168 - INFO -   ✓ Saved: RESTRUCTURED_DB/2008/jun/171373.json
2025-12-06 12:16:53,668 - INFO - 
[252/1000] Processing G.R. No. 171374
2025-12-06 12:16:53,668 - INFO -   Title: Teofila Ilagan-Mendoza, et al. vs. Hon. Court of Appeals, et...
2025-12-06 12:16:54,051 - INFO -   ✓ Saved: RESTRUCTURED_DB/2008/apr/171374.json
2025-12-06 12:16:54,551 - INFO - 
[253/1000] Processing G.R. No. 171383
2025-12-06 12:16:54,551 - INFO -   Title: Silkair (Singapore) Pte. Ltd. vs. Commissioner of Internal R...
2025-12-06 12:16:54,946 - INFO -   ✓ Saved: RESTRUCTURED_DB/2008/nov/171383.json
2025-12-06 12:16:55,446 - INFO - 
[254/1000] Processing G.R. No. 171435
2025-12-06 12:16:55,446 - INFO -   Title: Anthony T. Reyes vs. Pearlbank Securities Inc....
2025-12-06 12:16:55,830 - INFO -   ✓ Saved: RESTRUCTURED_DB/2008/jul/171435.json
2025-12-06 12:16:56,330 - INFO - 
[255/1000] Processing G.R. No. 171442
2025-12-06 12:16:56,330 - INFO -   Title: Ading Quizon, et al. vs. Laniza D.Juan...
2025-12-06 12:16:56,537 - INFO -   ✓ Saved: RESTRUCTURED_DB/2008/jun/171442.json
2025-12-06 12:16:57,037 - INFO - 
[256/1000] Processing G.R. No. 171452
2025-12-06 12:16:57,037 - INFO -   Title: People of the Philippines vs. Ricardo Santos...
2025-12-06 12:16:57,425 - INFO -   ✓ Saved: RESTRUCTURED_DB/2008/oct/171452.json
2025-12-06 12:16:57,926 - INFO - 
[257/1000] Processing G.R. No. 171469
2025-12-06 12:16:57,926 - INFO -   Title: V.C. Pnce Company Inc. vs. Rodolfo Reyes, et al....
2025-12-06 12:16:58,140 - INFO -   ✓ Saved: RESTRUCTURED_DB/2008/aug/171469.json
2025-12-06 12:16:58,641 - INFO - 
[258/1000] Processing G.R. No. 171481
2025-12-06 12:16:58,641 - INFO -   Title: Corazon Balbastro vs. Commission on Audit, Regional Office N...
2025-12-06 12:16:58,856 - INFO -   ✓ Saved: RESTRUCTURED_DB/2008/jun/171481.json
2025-12-06 12:16:59,356 - INFO - 
[259/1000] Processing G.R. No. 171487
2025-12-06 12:16:59,356 - INFO -   Title: Ermin Dacles Y Oledo vs. People of the Philippines...
2025-12-06 12:16:59,739 - INFO -   ✓ Saved: RESTRUCTURED_DB/2008/mar/171487.json
2025-12-06 12:17:00,240 - INFO - 
[260/1000] Processing G.R. No. 171500
2025-12-06 12:17:00,240 - INFO -   Title: Fernando C. Parma Jr. vs. the Office of the Deputy Ombudsman...
2025-12-06 12:17:00,448 - INFO -   ✓ Saved: RESTRUCTURED_DB/2008/apr/171500.json
2025-12-06 12:17:00,948 - INFO - 
[261/1000] Processing G.R. No. 171534
2025-12-06 12:17:00,948 - INFO -   Title: Manila Electric Company vs. Wilcon Builders Supply, Inc....
2025-12-06 12:17:01,331 - INFO -   ✓ Saved: RESTRUCTURED_DB/2008/jun/171534.json
2025-12-06 12:17:01,831 - INFO - 
[262/1000] Processing G.R. No. 171548
2025-12-06 12:17:01,832 - INFO -   Title: Philippine Deposit Insurance Corporation vs. Commission on A...
2025-12-06 12:17:02,039 - INFO -   ✓ Saved: RESTRUCTURED_DB/2008/feb/171548.json
2025-12-06 12:17:02,539 - INFO - 
[263/1000] Processing G.R. No. 171571
2025-12-06 12:17:02,539 - INFO -   Title: Republic of the Philippines etc. vs. Heirs of Francisca Dign...
2025-12-06 12:17:02,927 - INFO -   ✓ Saved: RESTRUCTURED_DB/2008/mar/171571.json
2025-12-06 12:17:03,427 - INFO - 
[264/1000] Processing G.R. No. 171654
2025-12-06 12:17:03,427 - INFO -   Title: People of the Philippines vs. Edwin Gayeta y Roblo alias “Fr...
2025-12-06 12:17:03,810 - INFO -   ✓ Saved: RESTRUCTURED_DB/2008/dec/171654.json
2025-12-06 12:17:04,310 - INFO - 
[265/1000] Processing G.R. No. 171678
2025-12-06 12:17:04,310 - INFO -   Title: Rosa J. Sales, et al. vs. William Barro...
2025-12-06 12:17:04,521 - INFO -   ✓ Saved: RESTRUCTURED_DB/2008/dec/171678.json
2025-12-06 12:17:05,021 - INFO - 
[266/1000] Processing G.R. No. 171707
2025-12-06 12:17:05,021 - INFO -   Title: Spouses Wilfredo and Angela Amoncio vs. Aaron Go Benedicto...
2025-12-06 12:17:05,415 - INFO -   ✓ Saved: RESTRUCTURED_DB/2008/jul/171707.json
2025-12-06 12:17:05,915 - INFO - 
[267/1000] Processing G.R. No. 171729
2025-12-06 12:17:05,915 - INFO -   Title: People of the Philippines vs. Ricardo Bohol Y Cabrino...
2025-12-06 12:17:06,300 - INFO -   ✓ Saved: RESTRUCTURED_DB/2008/jul/171729.json
2025-12-06 12:17:06,800 - INFO - 
[268/1000] Processing G.R. No. 171790
2025-12-06 12:17:06,800 - INFO -   Title: Brendo D. Merin vs. NLRC etc., et al....
2025-12-06 12:17:07,018 - INFO -   ✓ Saved: RESTRUCTURED_DB/2008/oct/171790.json
2025-12-06 12:17:07,518 - INFO - 
[269/1000] Processing G.R. No. 171812
2025-12-06 12:17:07,518 - INFO -   Title: Remia F. Boncalon vs. Ombudsman (Visayas), et al....
2025-12-06 12:17:07,903 - INFO -   ✓ Saved: RESTRUCTURED_DB/2008/dec/171812.json
2025-12-06 12:17:08,403 - INFO - 
[270/1000] Processing G.R. No. 171827
2025-12-06 12:17:08,403 - INFO -   Title: Teresita Monzon vs. Sps. James & Maria Rosa Nieves Relova & ...
2025-12-06 12:17:08,796 - INFO -   ✓ Saved: RESTRUCTURED_DB/2008/sep/171827.json
2025-12-06 12:17:09,296 - INFO - 
[271/1000] Processing G.R. No. 171947
2025-12-06 12:17:09,296 - INFO -   Title: Metropolitan Manila Development Authority, et al. vs. Reside...
2025-12-06 12:17:09,683 - INFO -   ✓ Saved: RESTRUCTURED_DB/2008/dec/122728.json
2025-12-06 12:17:10,183 - INFO - 
[272/1000] Processing G.R. No. 171956
2025-12-06 12:17:10,183 - INFO -   Title: State Land Investment Corp. vs. Commissioner of Internal Rev...
2025-12-06 12:17:10,408 - INFO -   ✓ Saved: RESTRUCTURED_DB/2008/jan/171956.json
2025-12-06 12:17:10,908 - INFO - 
[273/1000] Processing G.R. No. 171961
2025-12-06 12:17:10,908 - INFO -   Title: Ferdinand dela Cruz, et al. vs. Amelia Quiazon...
2025-12-06 12:17:11,291 - INFO -   ✓ Saved: RESTRUCTURED_DB/2008/nov/171961.json
2025-12-06 12:17:11,792 - INFO - 
[274/1000] Processing G.R. No. 172029
2025-12-06 12:17:11,792 - INFO -   Title: Association of International Shipping Lines, et al. vs. Unit...
2025-12-06 12:17:12,186 - INFO -   ✓ Saved: RESTRUCTURED_DB/2008/aug/172029.json
2025-12-06 12:17:12,686 - INFO - 
[275/1000] Processing G.R. No. 172031
2025-12-06 12:17:12,686 - INFO -   Title: Juanito Talidano vs. Falcon Maritimes & Allied Services, Inc...
2025-12-06 12:17:13,069 - INFO -   ✓ Saved: RESTRUCTURED_DB/2008/jul/172031.json
2025-12-06 12:17:13,570 - INFO - 
[276/1000] Processing G.R. No. 172038
2025-12-06 12:17:13,570 - INFO -   Title: Dante D. de la Cruz vs. Maersk Filipinas Crewing, Inc., et a...
2025-12-06 12:17:13,778 - INFO -   ✓ Saved: RESTRUCTURED_DB/2008/apr/172038.json
2025-12-06 12:17:14,278 - INFO - 
[277/1000] Processing G.R. No. 172041
2025-12-06 12:17:14,278 - INFO -   Title: Gateway Electronics Corporation, et al. vs. Asianbank Corpor...
2025-12-06 12:17:14,663 - INFO -   ✓ Saved: RESTRUCTURED_DB/2008/dec/172041.json
2025-12-06 12:17:15,164 - INFO - 
[278/1000] Processing G.R. No. 172053
2025-12-06 12:17:15,164 - INFO -   Title: Union Bank of the Philippines vs. Pacific Equipment Corporat...
2025-12-06 12:17:15,372 - INFO -   ✓ Saved: RESTRUCTURED_DB/2008/oct/172053.json
2025-12-06 12:17:15,872 - INFO - 
[279/1000] Processing G.R. No. 172091
2025-12-06 12:17:15,872 - INFO -   Title: People of the Philippines vs. Moises Olivia Orbita...
2025-12-06 12:17:16,079 - INFO -   ✓ Saved: RESTRUCTURED_DB/2008/mar/172091.json
2025-12-06 12:17:16,579 - INFO - 
[280/1000] Processing G.R. No. 172115
2025-12-06 12:17:16,579 - INFO -   Title: People of the Philippines vs. Jesus Baligod y Pineda...
2025-12-06 12:17:16,961 - INFO -   ✓ Saved: RESTRUCTURED_DB/2008/aug/172115.json
2025-12-06 12:17:17,462 - INFO - 
[281/1000] Processing G.R. No. 172129
2025-12-06 12:17:17,462 - INFO -   Title: Commissioner of Internal Revenue vs. Mirant Pagbilao Corp....
2025-12-06 12:17:17,844 - INFO -   ✓ Saved: RESTRUCTURED_DB/2008/sep/172129.json
2025-12-06 12:17:18,344 - INFO - 
[282/1000] Processing G.R. No. 172146
2025-12-06 12:17:18,344 - INFO -   Title: Rodolfo Cornes, et al. vs. Leal Realty Centrum Co., Inc., et...
2025-12-06 12:17:18,729 - INFO -   ✓ Saved: RESTRUCTURED_DB/2008/jul/172146.json
2025-12-06 12:17:19,229 - INFO - 
[283/1000] Processing G.R. No. 172167
2025-12-06 12:17:19,229 - INFO -   Title: Soledad E. Dizon, Corazon, Cynthia, Jennifer, Julie Espinosa...
2025-12-06 12:17:19,449 - INFO -   ✓ Saved: RESTRUCTURED_DB/2008/jul/172167.json
2025-12-06 12:17:19,950 - INFO - 
[284/1000] Processing G.R. No. 172192
2025-12-06 12:17:19,950 - INFO -   Title: China Banking Corp. vs. ASB Holdings, Inc. et al....
2025-12-06 12:17:20,842 - INFO -   ✓ Saved: RESTRUCTURED_DB/2008/dec/172192.json
2025-12-06 12:17:21,342 - INFO - 
[285/1000] Processing G.R. No. 172238
2025-12-06 12:17:21,342 - INFO -   Title: Ma. Liza Franco-Cruz vs. the CA, Victory Liner, Inc. et al....
2025-12-06 12:17:21,743 - INFO -   ✓ Saved: RESTRUCTURED_DB/2008/sep/172238.json
2025-12-06 12:17:22,243 - INFO - 
[286/1000] Processing G.R. No. 172241
2025-12-06 12:17:22,243 - INFO -   Title: Purefoods Corporation (Now San Miguel Purefoods Company, Inc...
2025-12-06 12:17:22,644 - INFO -   ✓ Saved: RESTRUCTURED_DB/2008/nov/172241.json
2025-12-06 12:17:23,145 - INFO - 
[287/1000] Processing G.R. No. 172248
2025-12-06 12:17:23,145 - INFO -   Title: Development Bank of the Phil. vs. Ella Gagarani, Isagani, Ad...
2025-12-06 12:17:23,361 - INFO -   ✓ Saved: RESTRUCTURED_DB/2008/sep/172248.json
2025-12-06 12:17:23,861 - INFO - 
[288/1000] Processing G.R. No. 172263
2025-12-06 12:17:23,861 - INFO -   Title: Sps. Auther Kelly, Jr. & Doris Kelley vs. Planters Products ...
2025-12-06 12:17:24,076 - INFO -   ✓ Saved: RESTRUCTURED_DB/2008/jul/172263.json
2025-12-06 12:17:24,577 - INFO - 
[289/1000] Processing G.R. No. 172267
2025-12-06 12:17:24,577 - INFO -   Title: National Housing Authority vs. Iloilo City as rep. by its Ma...
2025-12-06 12:17:24,975 - INFO -   ✓ Saved: RESTRUCTURED_DB/2008/aug/172267.json
2025-12-06 12:17:25,475 - INFO - 
[290/1000] Processing G.R. No. 172302
2025-12-06 12:17:25,475 - INFO -   Title: Pryce Corp. vs. the Court of Appeals, et al....
2025-12-06 12:17:25,874 - INFO -   ✓ Saved: RESTRUCTURED_DB/2008/feb/172302.json
2025-12-06 12:17:26,374 - INFO - 
[291/1000] Processing G.R. No. 172306
2025-12-06 12:17:26,374 - INFO -   Title: Michael V. Santos vs. Shing Hung Plastics Co., Inc., et al....
2025-12-06 12:17:26,774 - INFO -   ✓ Saved: RESTRUCTURED_DB/2008/sep/172306.json
2025-12-06 12:17:27,274 - INFO - 
[292/1000] Processing G.R. No. 172363
2025-12-06 12:17:27,274 - INFO -   Title: Juvy M. Manatad vs. Philippine Telegraph & Telephone Corp....
2025-12-06 12:17:27,676 - INFO -   ✓ Saved: RESTRUCTURED_DB/2008/mar/172363.json
2025-12-06 12:17:28,176 - INFO - 
[293/1000] Processing G.R. No. 172409
2025-12-06 12:17:28,176 - INFO -   Title: Roos Industrial Construction, Inc., et al. vs. National Labo...
2025-12-06 12:17:28,406 - INFO -   ✓ Saved: RESTRUCTURED_DB/2008/feb/172409.json
2025-12-06 12:17:28,906 - INFO - 
[294/1000] Processing G.R. No. 172410
2025-12-06 12:17:28,906 - INFO -   Title: Republic of the Philippines vs. Holy Trinity Realty and Deve...
2025-12-06 12:17:29,318 - INFO -   ✓ Saved: RESTRUCTURED_DB/2008/apr/172410.json
2025-12-06 12:17:29,818 - INFO - 
[295/1000] Processing G.R. No. 172426
2025-12-06 12:17:29,818 - INFO -   Title: Air Transportation Office vs. Hon. Court of Appeals & Bernie...
2025-12-06 12:17:30,045 - INFO -   ✓ Saved: RESTRUCTURED_DB/2008/oct/172426.json
2025-12-06 12:17:30,545 - INFO - 
[296/1000] Processing G.R. No. 172428
2025-12-06 12:17:30,545 - INFO -   Title: Herman C. Crystal, et al. vs. Bank of the Philippine Islands...
2025-12-06 12:17:30,945 - INFO -   ✓ Saved: RESTRUCTURED_DB/2008/nov/172428.json
2025-12-06 12:17:31,445 - INFO - 
[297/1000] Processing G.R. No. 172449
2025-12-06 12:17:31,445 - INFO -   Title: Lazaro Madara, et al. vs. Hon Norma C. Perello, etc., et al....
2025-12-06 12:17:31,854 - INFO -   ✓ Saved: RESTRUCTURED_DB/2008/aug/172449.json
2025-12-06 12:17:32,354 - INFO - 
[298/1000] Processing G.R. No. 172468
2025-12-06 12:17:32,354 - INFO -   Title: People of the Philippines vs. Julie Villacorta Gil...
2025-12-06 12:17:32,571 - INFO -   ✓ Saved: RESTRUCTURED_DB/2008/oct/172468.json
2025-12-06 12:17:33,071 - INFO - 
[299/1000] Processing G.R. No. 172470
2025-12-06 12:17:33,071 - INFO -   Title: People of the Philippines vs. Sammy Ramos y Dalere...
2025-12-06 12:17:33,474 - INFO -   ✓ Saved: RESTRUCTURED_DB/2008/apr/172470.json
2025-12-06 12:17:33,974 - INFO - 
[300/1000] Processing G.R. No. 172573
2025-12-06 12:17:33,974 - INFO -   Title: Ricardo Suarez vs. People of the Philippines...
2025-12-06 12:17:34,197 - INFO -   ✓ Saved: RESTRUCTURED_DB/2008/jun/172573.json
2025-12-06 12:17:34,698 - INFO - 
[301/1000] Processing G.R. No. 172580
2025-12-06 12:17:34,698 - INFO -   Title: Lourdesita M. Bibas vs. Office of the Ombudsman, et al....
2025-12-06 12:17:35,098 - INFO -   ✓ Saved: RESTRUCTURED_DB/2008/jul/172580.json
2025-12-06 12:17:35,598 - INFO - 
[302/1000] Processing G.R. No. 172584
2025-12-06 12:17:35,598 - INFO -   Title: Edmundo Y. Torres, Jr., et al. vs. Court of Appeals, et al....
2025-12-06 12:17:35,814 - INFO -   ✓ Saved: RESTRUCTURED_DB/2008/nov/172584.json
2025-12-06 12:17:36,314 - INFO - 
[303/1000] Processing G.R. No. 172585
2025-12-06 12:17:36,315 - INFO -   Title: Cristita Buston-Arendain, et al. vs. Antonia Gil, et al....
2025-12-06 12:17:36,728 - INFO -   ✓ Saved: RESTRUCTURED_DB/2008/jun/172585.json
2025-12-06 12:17:37,228 - INFO - 
[304/1000] Processing G.R. No. 172592
2025-12-06 12:17:37,229 - INFO -   Title: Sps. Wilfredo N. Ong & Edna Sheila Paguio-Ong vs. Roban Lend...
2025-12-06 12:17:37,446 - INFO -   ✓ Saved: RESTRUCTURED_DB/2008/jul/172592.json
2025-12-06 12:17:37,946 - INFO - 
[305/1000] Processing G.R. No. 172595
2025-12-06 12:17:37,946 - INFO -   Title: Bienvenido Ejercito, et al. vs. M.R. Vargas Construction, et...
2025-12-06 12:17:38,350 - INFO -   ✓ Saved: RESTRUCTURED_DB/2008/apr/172595.json
2025-12-06 12:17:38,850 - INFO - 
[306/1000] Processing G.R. No. 172677
2025-12-06 12:17:38,850 - INFO -   Title: Isagani Yambot, et al. vs. Raymundo A. Armovit, et al....
2025-12-06 12:17:39,074 - INFO -   ✓ Saved: RESTRUCTURED_DB/2008/sep/172677.json
2025-12-06 12:17:39,574 - INFO - 
[307/1000] Processing G.R. No. 172696
2025-12-06 12:17:39,574 - INFO -   Title: People of the Philippines vs. Benito Ballesteros y Gragasin....
2025-12-06 12:17:39,976 - INFO -   ✓ Saved: RESTRUCTURED_DB/2008/aug/172696.json
2025-12-06 12:17:40,476 - INFO - 
[308/1000] Processing G.R. No. 172733
2025-12-06 12:17:40,476 - INFO -   Title: Sps. Cornelio Joel I. Orden & Maria Nympha V. Orden, et al. ...
2025-12-06 12:17:40,877 - INFO -   ✓ Saved: RESTRUCTURED_DB/2008/aug/172733.json
2025-12-06 12:17:41,377 - INFO - 
[309/1000] Processing G.R. No. 172744
2025-12-06 12:17:41,377 - INFO -   Title: Marvin Angeles vs. People of the Philippines...
2025-12-06 12:17:41,594 - INFO -   ✓ Saved: RESTRUCTURED_DB/2008/sep/172744.json
2025-12-06 12:17:42,094 - INFO - 
[310/1000] Processing G.R. No. 172752
2025-12-06 12:17:42,095 - INFO -   Title: People of the Philippines vs. Rodolfo Sison...
2025-12-06 12:17:42,499 - INFO -   ✓ Saved: RESTRUCTURED_DB/2008/jun/172752.json
2025-12-06 12:17:42,999 - INFO - 
[311/1000] Processing G.R. No. 172776
2025-12-06 12:17:42,999 - INFO -   Title: Commission on Higher Education vs. Atty. Felina S. Dasig...
2025-12-06 12:17:43,399 - INFO -   ✓ Saved: RESTRUCTURED_DB/2008/dec/172776.json
2025-12-06 12:17:43,899 - INFO - 
[312/1000] Processing G.R. No. 172800
2025-12-06 12:17:43,899 - INFO -   Title: Marciano L. Masangcay vs. Trans-Global Maritime Agency, Inc....
2025-12-06 12:17:44,302 - INFO -   ✓ Saved: RESTRUCTURED_DB/2008/oct/172800.json
2025-12-06 12:17:44,802 - INFO - 
[313/1000] Processing G.R. No. 172812
2025-12-06 12:17:44,802 - INFO -   Title: Amelia R. Enriquez, et al. vs. Bank of the Philippine Island...
2025-12-06 12:17:45,020 - INFO -   ✓ Saved: RESTRUCTURED_DB/2008/feb/172812.json
2025-12-06 12:17:45,520 - INFO - 
[314/1000] Processing G.R. No. 172816
2025-12-06 12:17:45,520 - INFO -   Title: Violeta Espino vs. Normandy P. Amora, et al....
2025-12-06 12:17:45,745 - INFO -   ✓ Saved: RESTRUCTURED_DB/2008/mar/172816.json
2025-12-06 12:17:46,245 - INFO - 
[315/1000] Processing G.R. No. 172834
2025-12-06 12:17:46,245 - INFO -   Title: Jun Mupas, et al. vs. People of the Philippines...
2025-12-06 12:17:46,645 - INFO -   ✓ Saved: RESTRUCTURED_DB/2008/feb/172834.json
2025-12-06 12:17:47,146 - INFO - 
[316/1000] Processing G.R. No. 172848
2025-12-06 12:17:47,146 - INFO -   Title: Republic of the Philippines vs. Jose Victorino K. Castro, et...
2025-12-06 12:17:47,552 - INFO -   ✓ Saved: RESTRUCTURED_DB/2008/dec/172848.json
2025-12-06 12:17:48,052 - INFO - 
[317/1000] Processing G.R. No. 172849
2025-12-06 12:17:48,052 - INFO -   Title: Mr. Tereso Tan, et al. vs. Manuel "Guy" Link, et al....
2025-12-06 12:17:48,453 - INFO -   ✓ Saved: RESTRUCTURED_DB/2008/dec/172849.json
2025-12-06 12:17:48,953 - INFO - 
[318/1000] Processing G.R. No. 172869
2025-12-06 12:17:48,954 - INFO -   Title: People of the Philippines vs. Donato Bulasag Y Arellano Alia...
2025-12-06 12:17:49,170 - INFO -   ✓ Saved: RESTRUCTURED_DB/2008/jul/172869.json
2025-12-06 12:17:49,670 - INFO - 
[319/1000] Processing G.R. No. 172871
2025-12-06 12:17:49,671 - INFO -   Title: People of the Philippines vs. Clemente Casta Y carolino...
2025-12-06 12:17:50,072 - INFO -   ✓ Saved: RESTRUCTURED_DB/2008/sep/172871.json
2025-12-06 12:17:50,572 - INFO - 
[320/1000] Processing G.R. No. 172874
2025-12-06 12:17:50,572 - INFO -   Title: People of the Philippines vs. Mario Castro...
2025-12-06 12:17:50,972 - INFO -   ✓ Saved: RESTRUCTURED_DB/2008/dec/172874.json
2025-12-06 12:17:51,472 - INFO - 
[321/1000] Processing G.R. No. 172890
2025-12-06 12:17:51,472 - INFO -   Title: S.L. Teves, Inc. etc. vs. Casiano Eran...
2025-12-06 12:17:51,700 - INFO -   ✓ Saved: RESTRUCTURED_DB/2008/apr/172890.json
2025-12-06 12:17:52,200 - INFO - 
[322/1000] Processing G.R. No. 172895
2025-12-06 12:17:52,200 - INFO -   Title: Union Bank of the Phil. vs. ASB Devt. Corp....
2025-12-06 12:17:52,795 - INFO -   ✓ Saved: RESTRUCTURED_DB/2008/jul/172895.json
2025-12-06 12:17:53,295 - INFO - 
[323/1000] Processing G.R. No. 172901
2025-12-06 12:17:53,296 - INFO -   Title: American Express International Inc. vs. Hon. Judge Marlene G...
2025-12-06 12:17:53,514 - INFO -   ✓ Saved: RESTRUCTURED_DB/2008/oct/172901.json
2025-12-06 12:17:54,014 - INFO - 
[324/1000] Processing G.R. No. 172910
2025-12-06 12:17:54,015 - INFO -   Title: Spouses Loreto Leyba and Matea Leyba vs. Rural Bank of Cabuy...
2025-12-06 12:17:54,229 - INFO -   ✓ Saved: RESTRUCTURED_DB/2008/nov/172910.json
2025-12-06 12:17:54,729 - INFO - 
[325/1000] Processing G.R. No. 172933
2025-12-06 12:17:54,729 - INFO -   Title: Jesus E. Vergara vs. Hammonia Maritime Services Inc & Atlant...
2025-12-06 12:17:55,316 - INFO -   ✓ Saved: RESTRUCTURED_DB/2008/oct/172933.json
2025-12-06 12:17:55,816 - INFO - 
[326/1000] Processing G.R. No. 172953
2025-12-06 12:17:55,816 - INFO -   Title: Junie Malillin y. Lopez vs. People of the Philippines...
2025-12-06 12:17:56,217 - INFO -   ✓ Saved: RESTRUCTURED_DB/2008/apr/172953.json
2025-12-06 12:17:56,717 - INFO - 
[327/1000] Processing G.R. No. 172970
2025-12-06 12:17:56,717 - INFO -   Title: People of the Philippines vs. Mark Jason Javier y Amante...
2025-12-06 12:17:56,933 - INFO -   ✓ Saved: RESTRUCTURED_DB/2008/feb/172970.json
2025-12-06 12:17:57,433 - INFO - 
[328/1000] Processing G.R. No. 172973
2025-12-06 12:17:57,433 - INFO -   Title: People of the Philippines vs. Marcelino Abare Y Isidro...
2025-12-06 12:17:57,834 - INFO -   ✓ Saved: RESTRUCTURED_DB/2008/dec/172973.json
2025-12-06 12:17:58,334 - INFO - 
[329/1000] Processing G.R. No. 172974
2025-12-06 12:17:58,334 - INFO -   Title: People of the Philippines vs. Cesar Arenas...
2025-12-06 12:17:58,550 - INFO -   ✓ Saved: RESTRUCTURED_DB/2008/jul/172974.json
2025-12-06 12:17:59,050 - INFO - 
[330/1000] Processing G.R. No. 172990
2025-12-06 12:17:59,050 - INFO -   Title: Dolmar Real Estate Development Corp., et al. vs. Court of Ap...
2025-12-06 12:17:59,448 - INFO -   ✓ Saved: RESTRUCTURED_DB/2008/feb/172990.json
2025-12-06 12:17:59,949 - INFO - 
[331/1000] Processing G.R. No. 173002
2025-12-06 12:17:59,949 - INFO -   Title: Benjamin Bautista vs. Shirley G. Unangst and Other Unknown P...
2025-12-06 12:18:00,350 - INFO -   ✓ Saved: RESTRUCTURED_DB/2008/jul/173002.json
2025-12-06 12:18:00,850 - INFO - 
[332/1000] Processing G.R. No. 173023
2025-12-06 12:18:00,850 - INFO -   Title: People of the Philippines vs. Resurreccion Ranin, Jr. y Jama...
2025-12-06 12:18:01,251 - INFO -   ✓ Saved: RESTRUCTURED_DB/2008/jun/173023.json
2025-12-06 12:18:01,751 - INFO - 
[333/1000] Processing G.R. No. 173052
2025-12-06 12:18:01,751 - INFO -   Title: People of the Philippines vs. Rogelio Pelagio y Bermudo...
2025-12-06 12:18:01,968 - INFO -   ✓ Saved: RESTRUCTURED_DB/2008/dec/173052.json
2025-12-06 12:18:02,469 - INFO - 
[334/1000] Processing G.R. No. 173088
2025-12-06 12:18:02,469 - INFO -   Title: Republic of the Philippines vs. Imperial Credit Corp....
2025-12-06 12:18:02,683 - INFO -   ✓ Saved: RESTRUCTURED_DB/2008/jun/173088.json
2025-12-06 12:18:03,183 - INFO - 
[335/1000] Processing G.R. No. 173106
2025-12-06 12:18:03,183 - INFO -   Title: Cosme Nacario vs. People of the Philippines...
2025-12-06 12:18:03,582 - INFO -   ✓ Saved: RESTRUCTURED_DB/2008/sep/173106.json
2025-12-06 12:18:04,082 - INFO - 
[336/1000] Processing G.R. No. 173114
2025-12-06 12:18:04,082 - INFO -   Title: Jayson Dandan vs. Arfel Realty & Mgt. Corp., Rafael Felix & ...
2025-12-06 12:18:04,482 - INFO -   ✓ Saved: RESTRUCTURED_DB/2008/sep/173114.json
2025-12-06 12:18:04,982 - INFO - 
[337/1000] Processing G.R. No. 173176
2025-12-06 12:18:04,982 - INFO -   Title: Judy Anne L. Santos vs. People of the Philippines & Bureau o...
2025-12-06 12:18:05,571 - INFO -   ✓ Saved: RESTRUCTURED_DB/2008/aug/173176.json
2025-12-06 12:18:06,071 - INFO - 
[338/1000] Processing G.R. No. 173192
2025-12-06 12:18:06,072 - INFO -   Title: Rosendo Bacalso, et al. vs. Maximo Padigos, et al....
2025-12-06 12:18:06,291 - INFO -   ✓ Saved: RESTRUCTURED_DB/2008/apr/173192.json
2025-12-06 12:18:06,791 - INFO - 
[339/1000] Processing G.R. No. 173207
2025-12-06 12:18:06,791 - INFO -   Title: Philippine Commercial and International Bank, (now Banco de ...
2025-12-06 12:18:07,010 - INFO -   ✓ Saved: RESTRUCTURED_DB/2008/feb/173207.json
2025-12-06 12:18:07,510 - INFO - 
[340/1000] Processing G.R. No. 173242
2025-12-06 12:18:07,510 - INFO -   Title: People of the Philippines vs. Esperidion Balais...
2025-12-06 12:18:07,913 - INFO -   ✓ Saved: RESTRUCTURED_DB/2008/sep/173242.json
2025-12-06 12:18:08,413 - INFO - 
[341/1000] Processing G.R. No. 173248
2025-12-06 12:18:08,413 - INFO -   Title: People of the Philippines vs. Dante Nueva Y Samaro...
2025-12-06 12:18:08,814 - INFO -   ✓ Saved: RESTRUCTURED_DB/2008/nov/173248.json
2025-12-06 12:18:09,315 - INFO - 
[342/1000] Processing G.R. No. 173264
2025-12-06 12:18:09,315 - INFO -   Title: Civil Service Commission vs. Nita P. Javier....
2025-12-06 12:18:09,718 - INFO -   ✓ Saved: RESTRUCTURED_DB/2008/feb/173264.json
2025-12-06 12:18:10,218 - INFO - 
[343/1000] Processing G.R. No. 173282
2025-12-06 12:18:10,218 - INFO -   Title: Jose Ingal Y Santos vs. People of the Philippines...
2025-12-06 12:18:10,622 - INFO -   ✓ Saved: RESTRUCTURED_DB/2008/mar/173282.json
2025-12-06 12:18:11,123 - INFO - 
[344/1000] Processing G.R. No. 173283
2025-12-06 12:18:11,123 - INFO -   Title: Scenarios, Inc &/Or Rhotziv Bago vs. Jelly Vinluan...
2025-12-06 12:18:11,339 - INFO -   ✓ Saved: RESTRUCTURED_DB/2008/sep/173283.json
2025-12-06 12:18:11,839 - INFO - 
[345/1000] Processing G.R. No. 173294
2025-12-06 12:18:11,839 - INFO -   Title: Renne Enrique Bier vs. Ma. Lourdes A. Bier, et al....
2025-12-06 12:18:12,239 - INFO -   ✓ Saved: RESTRUCTURED_DB/2008/feb/173294.json
2025-12-06 12:18:12,739 - INFO - 
[346/1000] Processing G.R. No. 173308
2025-12-06 12:18:12,739 - INFO -   Title: People of the Philippines vs. Elmer Dela Cruz, et al....
2025-12-06 12:18:13,148 - INFO -   ✓ Saved: RESTRUCTURED_DB/2008/jun/173308.json
2025-12-06 12:18:13,648 - INFO - 
[347/1000] Processing G.R. No. 173312
2025-12-06 12:18:13,648 - INFO -   Title: Estate of Lino Olaguer, etc. vs. Emiliano M. Ongjoco...
2025-12-06 12:18:14,051 - INFO -   ✓ Saved: RESTRUCTURED_DB/2008/aug/173312.json
2025-12-06 12:18:14,552 - INFO - 
[348/1000] Processing G.R. No. 173318
2025-12-06 12:18:14,552 - INFO -   Title: U-Bix Corporation vs. Milliken & Company, Sylvan Chemical Co...
2025-12-06 12:18:14,767 - INFO -   ✓ Saved: RESTRUCTURED_DB/2008/sep/173318.json
2025-12-06 12:18:15,267 - INFO - 
[349/1000] Processing G.R. No. 173354
2025-12-06 12:18:15,267 - INFO -   Title: Heirs of Fortunata Muyalde etc. vs. Bonifacio Reyes, Jr....
2025-12-06 12:18:15,678 - INFO -   ✓ Saved: RESTRUCTURED_DB/2008/jul/173354.json
2025-12-06 12:18:16,178 - INFO - 
[350/1000] Processing G.R. No. 173360
2025-12-06 12:18:16,178 - INFO -   Title: Ltc. Pacifico G. Alejo vs. People of the Philippines...
2025-12-06 12:18:16,578 - INFO -   ✓ Saved: RESTRUCTURED_DB/2008/mar/173360.json
2025-12-06 12:18:17,078 - INFO - 
[351/1000] Processing G.R. No. 173375
2025-12-06 12:18:17,079 - INFO -   Title: Leoncio D. Mangahas, et al. vs. the Hon. Court of Appeals, e...
2025-12-06 12:18:17,480 - INFO -   ✓ Saved: RESTRUCTURED_DB/2008/sep/173375.json
2025-12-06 12:18:17,980 - INFO - 
[352/1000] Processing G.R. No. 173415
2025-12-06 12:18:17,980 - INFO -   Title: Mariano Tanenglian vs. Silvestre Lorenzo, et al....
2025-12-06 12:18:18,382 - INFO -   ✓ Saved: RESTRUCTURED_DB/2008/mar/173415.json
2025-12-06 12:18:18,883 - INFO - 
[353/1000] Processing G.R. No. 173430
2025-12-06 12:18:18,883 - INFO -   Title: GSIS vs. Felomino S. Casco...
2025-12-06 12:18:19,098 - INFO -   ✓ Saved: RESTRUCTURED_DB/2008/jul/173430.json
2025-12-06 12:18:19,598 - INFO - 
[354/1000] Processing G.R. No. 173454
2025-12-06 12:18:19,598 - INFO -   Title: PNB vs. Mega Prime Realty and Holdings Corporation/Mega Prim...
2025-12-06 12:18:20,010 - INFO -   ✓ Saved: RESTRUCTURED_DB/2008/oct/173454.json
2025-12-06 12:18:20,510 - INFO - 
[355/1000] Processing G.R. No. 173473
2025-12-06 12:18:20,510 - INFO -   Title: People of the Philippines vs. Beth TemporadaSeparate Dissent...
2025-12-06 12:18:20,921 - INFO -   ✓ Saved: RESTRUCTURED_DB/2008/dec/173473.json
2025-12-06 12:18:21,421 - INFO - 
[356/1000] Processing G.R. No. 173483
2025-12-06 12:18:21,421 - INFO -   Title: People of the Philippines vs. Merlie Dumangay Y Sale...
2025-12-06 12:18:21,639 - INFO -   ✓ Saved: RESTRUCTURED_DB/2008/sep/173483.json
2025-12-06 12:18:22,139 - INFO - 
[357/1000] Processing G.R. No. 173525
2025-12-06 12:18:22,139 - INFO -   Title: Republic of the Philippines vs. Gertrudes B. Verzosa...
2025-12-06 12:18:22,358 - INFO -   ✓ Saved: RESTRUCTURED_DB/2008/mar/173525.json
2025-12-06 12:18:22,858 - INFO - 
[358/1000] Processing G.R. No. 173526
2025-12-06 12:18:22,859 - INFO -   Title: Benjamin Bitanga vs. Pyramid Construction Engineering Corpor...
2025-12-06 12:18:23,259 - INFO -   ✓ Saved: RESTRUCTURED_DB/2008/aug/173526.json
2025-12-06 12:18:23,759 - INFO - 
[359/1000] Processing G.R. No. 173562
2025-12-06 12:18:23,759 - INFO -   Title: Central Cement Corp. vs. Mines Adjudication Board, et al....
2025-12-06 12:18:24,161 - INFO -   ✓ Saved: RESTRUCTURED_DB/2008/jan/173562.json
2025-12-06 12:18:24,661 - INFO - 
[360/1000] Processing G.R. No. 173566
2025-12-06 12:18:24,661 - INFO -   Title: Solar Resources Inc. vs. Inland Trail Ways Inc....
2025-12-06 12:18:24,878 - INFO -   ✓ Saved: RESTRUCTURED_DB/2008/jul/173566.json
2025-12-06 12:18:25,378 - INFO - 
[361/1000] Processing G.R. No. 173582
2025-12-06 12:18:25,378 - INFO -   Title: Yolanda Signey vs. Social Security System, et al....
2025-12-06 12:18:25,594 - INFO -   ✓ Saved: RESTRUCTURED_DB/2008/jan/173582.json
2025-12-06 12:18:26,094 - INFO - 
[362/1000] Processing G.R. No. 173594
2025-12-06 12:18:26,094 - INFO -   Title: Silkair (Singapore) Pte, Ltd. vs. Commissioner of Internal R...
2025-12-06 12:18:26,502 - INFO -   ✓ Saved: RESTRUCTURED_DB/2008/feb/173594.json
2025-12-06 12:18:27,002 - INFO - 
[363/1000] Processing G.R. No. 173608
2025-12-06 12:18:27,002 - INFO -   Title: Jesus Geraldo, et al. vs. People of the Philippines...
2025-12-06 12:18:27,402 - INFO -   ✓ Saved: RESTRUCTURED_DB/2008/nov/173608.json
2025-12-06 12:18:27,902 - INFO - 
[364/1000] Processing G.R. No. 173612
2025-12-06 12:18:27,903 - INFO -   Title: Dominador Malana, et al. vs. People of the Philippines...
2025-12-06 12:18:29,051 - INFO -   ✓ Saved: RESTRUCTURED_DB/2008/mar/173612.json
2025-12-06 12:18:29,551 - INFO - 
[365/1000] Processing G.R. No. 173804
2025-12-06 12:18:29,551 - INFO -   Title: Elpidio Bondad, Jr. y Burac vs. People of the Philippines...
2025-12-06 12:18:29,963 - INFO -   ✓ Saved: RESTRUCTURED_DB/2008/dec/173804.json
2025-12-06 12:18:30,463 - INFO - 
[366/1000] Processing G.R. No. 173808
2025-12-06 12:18:30,463 - INFO -   Title: Fernanda Arbias vs. the Hon. CA & the Republic of the Philip...
2025-12-06 12:18:31,047 - INFO -   ✓ Saved: RESTRUCTURED_DB/2008/sep/173808.json
2025-12-06 12:18:31,548 - INFO - 
[367/1000] Processing G.R. No. 173824
2025-12-06 12:18:31,548 - INFO -   Title: Peter T Arapen y Chongoy vs. People of the Philippines...
2025-12-06 12:18:32,134 - INFO -   ✓ Saved: RESTRUCTURED_DB/2008/aug/173824.json
2025-12-06 12:18:32,635 - INFO - 
[368/1000] Processing G.R. No. 173856
2025-12-06 12:18:32,635 - INFO -   Title: Dao Heng Bank Inc. Now Banco de Oro Universal Bank vs. Sps L...
2025-12-06 12:18:33,036 - INFO -   ✓ Saved: RESTRUCTURED_DB/2008/nov/173856.json
2025-12-06 12:18:33,536 - INFO - 
[369/1000] Processing G.R. No. 173865
2025-12-06 12:18:33,536 - INFO -   Title: Fact-Finding & Intelligence Bureau rep. by Atty. Melchor Art...
2025-12-06 12:18:33,935 - INFO -   ✓ Saved: RESTRUCTURED_DB/2008/aug/173865.json
2025-12-06 12:18:34,435 - INFO - 
[370/1000] Processing G.R. No. 173876
2025-12-06 12:18:34,435 - INFO -   Title: Valcesar Estioca y Macamay vs. People of the Philippines...
2025-12-06 12:18:35,021 - INFO -   ✓ Saved: RESTRUCTURED_DB/2008/jun/173876.json
2025-12-06 12:18:35,521 - INFO - 
[371/1000] Processing G.R. No. 173891
2025-12-06 12:18:35,521 - INFO -   Title: Heirs of the late Sps. Luciano P. Lim & Salud Nakpil Bautist...
2025-12-06 12:18:35,920 - INFO -   ✓ Saved: RESTRUCTURED_DB/2008/sep/173891.json
2025-12-06 12:18:36,420 - INFO - 
[372/1000] Processing G.R. No. 173908
2025-12-06 12:18:36,420 - INFO -   Title: Eleanor C. Magalang vs. Court of Appeals, et al....
2025-12-06 12:18:36,825 - INFO -   ✓ Saved: RESTRUCTURED_DB/2008/feb/173908.json
2025-12-06 12:18:37,325 - INFO - 
[373/1000] Processing G.R. No. 173918
2025-12-06 12:18:37,326 - INFO -   Title: Republic of the Philippines vs. Pilipinas Shell Petroleum Co...
2025-12-06 12:18:37,725 - INFO -   ✓ Saved: RESTRUCTURED_DB/2008/apr/173918.json
2025-12-06 12:18:38,225 - INFO - 
[374/1000] Processing G.R. No. 173956
2025-12-06 12:18:38,225 - INFO -   Title: Frisco F. San Juan vs. the Sandiganbayan, et al....
2025-12-06 12:18:38,624 - INFO -   ✓ Saved: RESTRUCTURED_DB/2008/aug/173956.json
2025-12-06 12:18:39,124 - INFO - 
[375/1000] Processing G.R. No. 174011
2025-12-06 12:18:39,124 - INFO -   Title: Air Transportation Office, et al. vs. Angelus Tongoy, et al....
2025-12-06 12:18:39,525 - INFO -   ✓ Saved: RESTRUCTURED_DB/2008/apr/174011.json
2025-12-06 12:18:40,025 - INFO - 
[376/1000] Processing G.R. No. 174012
2025-12-06 12:18:40,025 - INFO -   Title: Mactan-Cebu International Airport Authority vs. Benjamin Tud...
2025-12-06 12:18:40,426 - INFO -   ✓ Saved: RESTRUCTURED_DB/2008/nov/174012.json
2025-12-06 12:18:40,926 - INFO - 
[377/1000] Processing G.R. No. 174016
2025-12-06 12:18:40,927 - INFO -   Title: Severino C. Baltazar etc. vs. People of the Philippines and ...
2025-12-06 12:18:41,511 - INFO -   ✓ Saved: RESTRUCTURED_DB/2008/jul/174016.json
2025-12-06 12:18:42,011 - INFO - 
[378/1000] Processing G.R. No. 174042
2025-12-06 12:18:42,011 - INFO -   Title: City of Naga as rep by Mayor Jesse M. Robredo vs. Hon. Elvi ...
2025-12-06 12:18:42,606 - INFO -   ✓ Saved: RESTRUCTURED_DB/2008/jul/174042.json
2025-12-06 12:18:43,106 - INFO - 
[379/1000] Processing G.R. No. 174045
2025-12-06 12:18:43,106 - INFO -   Title: Office of the Ombudsman vs. Lalineth Lisondra, et al....
2025-12-06 12:18:43,703 - INFO -   ✓ Saved: RESTRUCTURED_DB/2008/mar/174045.json
2025-12-06 12:18:44,203 - INFO - 
[380/1000] Processing G.R. No. 174055
2025-12-06 12:18:44,203 - INFO -   Title: Philippine National Bank vs. Sps. Wilfredo and Estela Encina...
2025-12-06 12:18:44,609 - INFO -   ✓ Saved: RESTRUCTURED_DB/2008/feb/174055.json
2025-12-06 12:18:45,109 - INFO - 
[381/1000] Processing G.R. No. 174098
2025-12-06 12:18:45,109 - INFO -   Title: People of the Philippines vs. Reynaldo Teczon Y. Pascual...
2025-12-06 12:18:45,508 - INFO -   ✓ Saved: RESTRUCTURED_DB/2008/sep/174098.json
2025-12-06 12:18:46,008 - INFO - 
[382/1000] Processing G.R. No. 174103
2025-12-06 12:18:46,008 - INFO -   Title: Development Bank of the Philippines vs. West Negros College,...
2025-12-06 12:18:46,223 - INFO -   ✓ Saved: RESTRUCTURED_DB/2008/dec/174103.json
2025-12-06 12:18:46,723 - INFO - 
[383/1000] Processing G.R. No. 174109
2025-12-06 12:18:46,723 - INFO -   Title: Rural Bank of the Seven Lakes (S.P.C.), Inc. vs. Belen A. Da...
2025-12-06 12:18:47,124 - INFO -   ✓ Saved: RESTRUCTURED_DB/2008/dec/174109.json
2025-12-06 12:18:47,624 - INFO - 
[384/1000] Processing G.R. No. 174134
2025-12-06 12:18:47,624 - INFO -   Title: First Planters Pawnshop Inc. vs. Commissioner of Internal Re...
2025-12-06 12:18:48,030 - INFO -   ✓ Saved: RESTRUCTURED_DB/2008/jul/174134.json
2025-12-06 12:18:48,530 - INFO - 
[385/1000] Processing G.R. No. 174154
2025-12-06 12:18:48,531 - INFO -   Title: Jesus Cuenco vs. Talisay Tourist Sports Complex, Inc. & Mati...
2025-12-06 12:18:49,591 - INFO -   ✓ Saved: RESTRUCTURED_DB/2008/oct/174154.json
2025-12-06 12:18:50,091 - INFO - 
[386/1000] Processing G.R. No. 174195
2025-12-06 12:18:50,091 - INFO -   Title: People of the Philippines vs. Catalino Mingming y Discalso...
2025-12-06 12:18:50,494 - INFO -   ✓ Saved: RESTRUCTURED_DB/2008/dec/174195.json
2025-12-06 12:18:50,994 - INFO - 
[387/1000] Processing G.R. No. 174205
2025-12-06 12:18:50,994 - INFO -   Title: Gonzalo A. Araneta vs. People of the Philippines...
2025-12-06 12:18:51,225 - INFO -   ✓ Saved: RESTRUCTURED_DB/2008/jun/174205.json
2025-12-06 12:18:51,725 - INFO - 
[388/1000] Processing G.R. No. 174224
2025-12-06 12:18:51,725 - INFO -   Title: Marcial Aparece vs. J. Marketing Corporation etc....
2025-12-06 12:18:51,942 - INFO -   ✓ Saved: RESTRUCTURED_DB/2008/oct/174224.json
2025-12-06 12:18:52,442 - INFO - 
[389/1000] Processing G.R. No. 174312
2025-12-06 12:18:52,442 - INFO -   Title: Capt. Ernesto S. Caballero vs. Philippine Coast Guard Effici...
2025-12-06 12:18:52,844 - INFO -   ✓ Saved: RESTRUCTURED_DB/2008/sep/174312.json
2025-12-06 12:18:53,344 - INFO - 
[390/1000] Processing G.R. No. 174346
2025-12-06 12:18:53,344 - INFO -   Title: Fernanda Geonzon Vda De Barrera & Johnny Oco, Jr. vs. Heirs ...
2025-12-06 12:18:53,559 - INFO -   ✓ Saved: RESTRUCTURED_DB/2008/sep/174346.json
2025-12-06 12:18:54,059 - INFO - 
[391/1000] Processing G.R. No. 174350
2025-12-06 12:18:54,060 - INFO -   Title: Sps. Bernyl & Katherine Balangauan vs. the Hon. Court of App...
2025-12-06 12:18:54,462 - INFO -   ✓ Saved: RESTRUCTURED_DB/2008/aug/174350.json
2025-12-06 12:18:54,962 - INFO - 
[392/1000] Processing G.R. No. 174371
2025-12-06 12:18:54,962 - INFO -   Title: People of the Philippines vs. Warren Dela Cruz y Francisco...
2025-12-06 12:18:55,364 - INFO -   ✓ Saved: RESTRUCTURED_DB/2008/dec/174371.json
2025-12-06 12:18:55,864 - INFO - 
[393/1000] Processing G.R. No. 174405
2025-12-06 12:18:55,864 - INFO -   Title: Flora Bautista vs. Felicidad Castillo Mercado...
2025-12-06 12:18:56,080 - INFO -   ✓ Saved: RESTRUCTURED_DB/2008/aug/174405.json
2025-12-06 12:18:56,581 - INFO - 
[394/1000] Processing G.R. No. 174414
2025-12-06 12:18:56,581 - INFO -   Title: Elmer F. Gomez vs. Ma. Lita A. Montalban...
2025-12-06 12:18:56,981 - INFO -   ✓ Saved: RESTRUCTURED_DB/2008/mar/174414.json
2025-12-06 12:18:57,481 - INFO - 
[395/1000] Processing G.R. No. 174466
2025-12-06 12:18:57,481 - INFO -   Title: ACI Phil. Inc. vs. Editha C. Coquia...
2025-12-06 12:18:57,697 - INFO -   ✓ Saved: RESTRUCTURED_DB/2008/jul/174466.json
2025-12-06 12:18:58,198 - INFO - 
[396/1000] Processing G.R. No. 174479
2025-12-06 12:18:58,198 - INFO -   Title: People of the Philippines vs. Zaldy Garcia y Ancheta...
2025-12-06 12:18:58,604 - INFO -   ✓ Saved: RESTRUCTURED_DB/2008/jun/174479.json
2025-12-06 12:18:59,104 - INFO - 
[397/1000] Processing G.R. No. 174536
2025-12-06 12:18:59,104 - INFO -   Title: Roberto Y. Ponciano, Jr. vs. Court of Appeals, et al....
2025-12-06 12:18:59,505 - INFO -   ✓ Saved: RESTRUCTURED_DB/2008/oct/174536.json
2025-12-06 12:19:00,005 - INFO - 
[398/1000] Processing G.R. No. 174569
2025-12-06 12:19:00,005 - INFO -   Title: China Banking Corp, et al. vs. Benjamin Co, Engr. Dale Olea,...
2025-12-06 12:19:00,221 - INFO -   ✓ Saved: RESTRUCTURED_DB/2008/sep/174569.json
2025-12-06 12:19:00,721 - INFO - 
[399/1000] Processing G.R. No. 174629
2025-12-06 12:19:00,721 - INFO -   Title: Republic of the Philippines vs. Hon. Antonio M. Eugenio, Jr....
2025-12-06 12:19:01,308 - INFO -   ✓ Saved: RESTRUCTURED_DB/2008/feb/174629.json
2025-12-06 12:19:01,809 - INFO - 
[400/1000] Processing G.R. No. 174633
2025-12-06 12:19:01,809 - INFO -   Title: Republic of the Philippines vs. Gregoria L. Diloy...
2025-12-06 12:19:02,025 - INFO -   ✓ Saved: RESTRUCTURED_DB/2008/aug/174633.json
2025-12-06 12:19:02,525 - INFO - 
[401/1000] Processing G.R. No. 174641
2025-12-06 12:19:02,526 - INFO -   Title: National Mines and Allied Workers Union vs. Marcopper Mining...
2025-12-06 12:19:02,926 - INFO -   ✓ Saved: RESTRUCTURED_DB/2008/nov/174641.json
2025-12-06 12:19:03,426 - INFO - 
[402/1000] Processing G.R. No. 174649
2025-12-06 12:19:03,426 - INFO -   Title: Leopoldo Jeremias, et al. vs. the Estate of the Late Irene P...
2025-12-06 12:19:04,274 - WARNING -   ✗ Could not fetch case from any URL
2025-12-06 12:19:04,274 - INFO - 
[403/1000] Processing G.R. No. 174659
2025-12-06 12:19:04,274 - INFO -   Title: People of the Philippines vs. Raga Sarapida Mamantak & Likas...
2025-12-06 12:19:04,495 - INFO -   ✓ Saved: RESTRUCTURED_DB/2008/jul/174659.json
2025-12-06 12:19:04,996 - INFO - 
[404/1000] Processing G.R. No. 174672
2025-12-06 12:19:04,996 - INFO -   Title: Mactan-Cebu International Airport Authority vs. Heirs of Mar...
2025-12-06 12:19:05,218 - INFO -   ✓ Saved: RESTRUCTURED_DB/2008/apr/174672.json
2025-12-06 12:19:05,718 - INFO - 
[405/1000] Processing G.R. No. 174680
2025-12-06 12:19:05,718 - INFO -   Title: Victoria C. Tayag vs. Felicidad A. Tayag-Gallor...
2025-12-06 12:19:05,945 - INFO -   ✓ Saved: RESTRUCTURED_DB/2008/mar/174680.json
2025-12-06 12:19:06,445 - INFO - 
[406/1000] Processing G.R. No. 174698
2025-12-06 12:19:06,446 - INFO -   Title: Aurora Tamayo vs. People of the Philippines and Heirs of Ped...
2025-12-06 12:19:06,846 - INFO -   ✓ Saved: RESTRUCTURED_DB/2008/jul/174698.json
2025-12-06 12:19:07,347 - INFO - 
[407/1000] Processing G.R. No. 174711
2025-12-06 12:19:07,347 - INFO -   Title: Sally Sueno vs. Land Bank of the Philippines...
2025-12-06 12:19:07,746 - INFO -   ✓ Saved: RESTRUCTURED_DB/2008/sep/174711.json
2025-12-06 12:19:08,246 - INFO - 
[408/1000] Processing G.R. No. 174826
2025-12-06 12:19:08,246 - INFO -   Title: Office of the Ombudsman vs. Engr. Alfonso P. Espiritu...
2025-12-06 12:19:08,645 - INFO -   ✓ Saved: RESTRUCTURED_DB/2008/apr/174826.json
2025-12-06 12:19:09,146 - INFO - 
[409/1000] Processing G.R. No. 174873
2025-12-06 12:19:09,146 - INFO -   Title: Quasha Ancheta Pena & Nolasco Law Office, etc. Vs LCN Constr...
2025-12-06 12:19:09,547 - INFO -   ✓ Saved: RESTRUCTURED_DB/2008/aug/174873.json
2025-12-06 12:19:10,047 - INFO - 
[410/1000] Processing G.R. No. 174899
2025-12-06 12:19:10,047 - INFO -   Title: Ramon L. Uy vs. People of the Philippines...
2025-12-06 12:19:10,449 - INFO -   ✓ Saved: RESTRUCTURED_DB/2008/sep/174899.json
2025-12-06 12:19:10,949 - INFO - 
[411/1000] Processing G.R. No. 174902
2025-12-06 12:19:10,949 - INFO -   Title: Alfredo R. Enriquez, et al. vs. Office of the Ombudsman...
2025-12-06 12:19:11,166 - INFO -   ✓ Saved: RESTRUCTURED_DB/2008/feb/140529.json
2025-12-06 12:19:11,666 - INFO - 
[412/1000] Processing G.R. No. 174918
2025-12-06 12:19:11,666 - INFO -   Title: Bonaventure Mining Corp. vs. V.I.L. Mines, Inc. etc....
2025-12-06 12:19:11,893 - INFO -   ✓ Saved: RESTRUCTURED_DB/2008/aug/174918.json
2025-12-06 12:19:12,393 - INFO - 
[413/1000] Processing G.R. No. 174925
2025-12-06 12:19:12,393 - INFO -   Title: Looc Bay Timber Industries Inc. vs. Intestate Estates of Vic...
2025-12-06 12:19:12,616 - INFO -   ✓ Saved: RESTRUCTURED_DB/2008/jun/174925.json
2025-12-06 12:19:13,116 - INFO - 
[414/1000] Processing G.R. No. 174929
2025-12-06 12:19:13,116 - INFO -   Title: Engr. Ranulfo C. Feliciano vs. Nestor P. Villasin...
2025-12-06 12:19:13,702 - INFO -   ✓ Saved: RESTRUCTURED_DB/2008/jun/174929.json
2025-12-06 12:19:14,203 - INFO - 
[415/1000] Processing G.R. No. 174935
2025-12-06 12:19:14,203 - INFO -   Title: Civil Service Commission vs. Tristan C. Colangco...
2025-12-06 12:19:14,419 - INFO -   ✓ Saved: RESTRUCTURED_DB/2008/apr/174935.json
2025-12-06 12:19:14,919 - INFO - 
[416/1000] Processing G.R. No. 174942
2025-12-06 12:19:14,919 - INFO -   Title: BPI vs. Commissioner of Internal Revenue...
2025-12-06 12:19:15,322 - INFO -   ✓ Saved: RESTRUCTURED_DB/2008/mar/174942.json
2025-12-06 12:19:15,822 - INFO - 
[417/1000] Processing G.R. No. 174966
2025-12-06 12:19:15,822 - INFO -   Title: Development Bank of the Philippines vs. Romeo Teston, etc....
2025-12-06 12:19:16,222 - INFO -   ✓ Saved: RESTRUCTURED_DB/2008/feb/174966.json
2025-12-06 12:19:16,722 - INFO - 
[418/1000] Processing G.R. No. 174971
2025-12-06 12:19:16,722 - INFO -   Title: Land Bank of the Philippines vs. AMS Farming Corporation...
2025-12-06 12:19:17,326 - INFO -   ✓ Saved: RESTRUCTURED_DB/2008/oct/174971.json
2025-12-06 12:19:17,826 - INFO - 
[419/1000] Processing G.R. No. 174988
2025-12-06 12:19:17,826 - INFO -   Title: Bank of the Philippine Islands vs. Sps. Homobono and Luzdeld...
2025-12-06 12:19:18,048 - INFO -   ✓ Saved: RESTRUCTURED_DB/2008/dec/174988.json
2025-12-06 12:19:18,549 - INFO - 
[420/1000] Processing G.R. No. 175005
2025-12-06 12:19:18,549 - INFO -   Title: The Estate of Posedio Ortega, etc. vs. the Court of Appeals,...
2025-12-06 12:19:18,764 - INFO -   ✓ Saved: RESTRUCTURED_DB/2008/apr/175005.json
2025-12-06 12:19:19,265 - INFO - 
[421/1000] Processing G.R. No. 175049
2025-12-06 12:19:19,265 - INFO -   Title: Heirs of Sofia Nanaman Lonoy, et al. vs. Sec. of Agrarian Re...
2025-12-06 12:19:19,674 - INFO -   ✓ Saved: RESTRUCTURED_DB/2008/nov/175049.json
2025-12-06 12:19:20,175 - INFO - 
[422/1000] Processing G.R. No. 175057
2025-12-06 12:19:20,175 - INFO -   Title: Ma. Rosario Santos-Concio, et al. vs. Department of Justice,...
2025-12-06 12:19:20,588 - INFO -   ✓ Saved: RESTRUCTURED_DB/2008/jan/175057.json
2025-12-06 12:19:21,088 - INFO - 
[423/1000] Processing G.R. No. 175109
2025-12-06 12:19:21,088 - INFO -   Title: Paramount Insurance Corp. vs. A.C. Ordonez Corp., et al....
2025-12-06 12:19:21,304 - INFO -   ✓ Saved: RESTRUCTURED_DB/2008/aug/175109.json
2025-12-06 12:19:21,804 - INFO - 
[424/1000] Processing G.R. No. 175118
2025-12-06 12:19:21,804 - INFO -   Title: Solidstate Multi-Purpose Corp. vs. Sps. Erlinda Catienza-Vai...
2025-12-06 12:19:22,020 - INFO -   ✓ Saved: RESTRUCTURED_DB/2008/jul/175118.json
2025-12-06 12:19:22,520 - INFO - 
[425/1000] Processing G.R. No. 175145
2025-12-06 12:19:22,520 - INFO -   Title: Sps. Alfredo & Shirley Yap vs. International Exchange Bank, ...
2025-12-06 12:19:22,920 - INFO -   ✓ Saved: RESTRUCTURED_DB/2008/mar/175145.json
2025-12-06 12:19:23,421 - INFO - 
[426/1000] Processing G.R. No. 175162
2025-12-06 12:19:23,421 - INFO -   Title: Atty. Ernesto A. Tabujara III, et al. vs. People of the Phil...
2025-12-06 12:19:23,822 - INFO -   ✓ Saved: RESTRUCTURED_DB/2008/oct/175162.json
2025-12-06 12:19:24,322 - INFO - 
[427/1000] Processing G.R. No. 175175
2025-12-06 12:19:24,322 - INFO -   Title: Land Bank of the Philippines vs. Heirs of Eleuterio Cruz...
2025-12-06 12:19:24,538 - INFO -   ✓ Saved: RESTRUCTURED_DB/2008/sep/175175.json
2025-12-06 12:19:25,038 - INFO - 
[428/1000] Processing G.R. No. 175176
2025-12-06 12:19:25,038 - INFO -   Title: National Power Corp. vs. Santa Loro Vda. De Capin, et al....
2025-12-06 12:19:25,440 - INFO -   ✓ Saved: RESTRUCTURED_DB/2008/oct/175176.json
2025-12-06 12:19:25,940 - INFO - 
[429/1000] Processing G.R. No. 175201
2025-12-06 12:19:25,940 - INFO -   Title: Hon. Ombudsman Simeon V. Marcelo, et al. vs. Leopoldo F. Bun...
2025-12-06 12:19:26,341 - INFO -   ✓ Saved: RESTRUCTURED_DB/2008/apr/175201.json
2025-12-06 12:19:26,841 - INFO - 
[430/1000] Processing G.R. No. 175275
2025-12-06 12:19:26,841 - INFO -   Title: Emilio Campos vs. People of the Philippines...
2025-12-06 12:19:27,059 - INFO -   ✓ Saved: RESTRUCTURED_DB/2008/feb/175275.json
2025-12-06 12:19:27,559 - INFO - 
[431/1000] Processing G.R. No. 175283
2025-12-06 12:19:27,559 - INFO -   Title: Jackqui R. Moreno vs. San Sebastian College-Recoletos, Manil...
2025-12-06 12:19:27,961 - INFO -   ✓ Saved: RESTRUCTURED_DB/2008/mar/175283.json
2025-12-06 12:19:28,462 - INFO - 
[432/1000] Processing G.R. No. 175325
2025-12-06 12:19:28,462 - INFO -   Title: People of the Philippines vs. Conchito Agustin...
2025-12-06 12:19:28,679 - INFO -   ✓ Saved: RESTRUCTURED_DB/2008/feb/175325.json
2025-12-06 12:19:29,179 - INFO - 
[433/1000] Processing G.R. No. 175332
2025-12-06 12:19:29,179 - INFO -   Title: People of the Philippines vs. Damaso Gandia y Castro, et al....
2025-12-06 12:19:29,394 - INFO -   ✓ Saved: RESTRUCTURED_DB/2008/feb/175332.json
2025-12-06 12:19:29,894 - INFO - 
[434/1000] Processing G.R. No. 175334
2025-12-06 12:19:29,894 - INFO -   Title: Sps. Domingo M. Belen etc., et al. vs. Hon. Pablo R. Chavez,...
2025-12-06 12:19:30,294 - INFO -   ✓ Saved: RESTRUCTURED_DB/2008/mar/175334.json
2025-12-06 12:19:30,794 - INFO - 
[435/1000] Processing G.R. No. 175339
2025-12-06 12:19:30,794 - INFO -   Title: Premiere Development Bank vs. Court of Appeals, et al....
2025-12-06 12:19:31,194 - INFO -   ✓ Saved: RESTRUCTURED_DB/2008/dec/175339.json
2025-12-06 12:19:31,694 - INFO - 
[436/1000] Processing G.R. No. 175366
2025-12-06 12:19:31,694 - INFO -   Title: J-Phil Marine, Inc. and/or Jesus Candava & Norman Shipping S...
2025-12-06 12:19:31,910 - INFO -   ✓ Saved: RESTRUCTURED_DB/2008/aug/175366.json
2025-12-06 12:19:32,410 - INFO - 
[437/1000] Processing G.R. No. 175371
2025-12-06 12:19:32,410 - INFO -   Title: Benito J. Brlzuela vs. Abraham Dingle, et al....
2025-12-06 12:19:32,811 - INFO -   ✓ Saved: RESTRUCTURED_DB/2008/apr/175371.json
2025-12-06 12:19:33,311 - INFO - 
[438/1000] Processing G.R. No. 175381
2025-12-06 12:19:33,311 - INFO -   Title: James Svendsen vs. People of the Philippines...
2025-12-06 12:19:33,710 - INFO -   ✓ Saved: RESTRUCTURED_DB/2008/feb/175381.json
2025-12-06 12:19:34,210 - INFO - 
[439/1000] Processing G.R. No. 175460
2025-12-06 12:19:34,210 - INFO -   Title: Metro Transit Organization, Inc., et al. vs. Piglas NFWU-KMU...
2025-12-06 12:19:34,614 - INFO -   ✓ Saved: RESTRUCTURED_DB/2008/apr/175460.json
2025-12-06 12:19:35,114 - INFO - 
[440/1000] Processing G.R. No. 175479
2025-12-06 12:19:35,114 - INFO -   Title: People of the Phil. vs. Bienvenido Payot, Jr. Y Salabao...
2025-12-06 12:19:35,339 - INFO -   ✓ Saved: RESTRUCTURED_DB/2008/jul/175479.json
2025-12-06 12:19:35,839 - INFO - 
[441/1000] Processing G.R. No. 175510
2025-12-06 12:19:35,839 - INFO -   Title: Sps. Victor Valdez and Jocelyn Valdez etc. vs. Sps. Francisc...
2025-12-06 12:19:36,056 - INFO -   ✓ Saved: RESTRUCTURED_DB/2008/jul/175510.json
2025-12-06 12:19:36,556 - INFO - 
[442/1000] Processing G.R. No. 175527
2025-12-06 12:19:36,556 - INFO -   Title: Hon. Gabriel Luis Quisumbing, et al. vs. Hon. Gwendolyn F. G...
2025-12-06 12:19:36,957 - INFO -   ✓ Saved: RESTRUCTURED_DB/2008/dec/175527.json
2025-12-06 12:19:37,457 - INFO - 
[443/1000] Processing G.R. No. 175550
2025-12-06 12:19:37,457 - INFO -   Title: Dasmarinas Water District vs. Monterey Food Corporation...
2025-12-06 12:19:37,674 - INFO -   ✓ Saved: RESTRUCTURED_DB/2008/sep/175550.json
2025-12-06 12:19:38,175 - INFO - 
[444/1000] Processing G.R. No. 175554
2025-12-06 12:19:38,175 - INFO -   Title: Edsel Liga vs. Allegro Resources Corp....
2025-12-06 12:19:38,392 - INFO -   ✓ Saved: RESTRUCTURED_DB/2008/dec/175554.json
2025-12-06 12:19:38,892 - INFO - 
[445/1000] Processing G.R. No. 175573
2025-12-06 12:19:38,892 - INFO -   Title: Office of the Ombudsman vs. Joel S. Samaniego...
2025-12-06 12:19:39,293 - INFO -   ✓ Saved: RESTRUCTURED_DB/2008/sep/175573.json
2025-12-06 12:19:39,794 - INFO - 
[446/1000] Processing G.R. No. 175581
2025-12-06 12:19:39,794 - INFO -   Title: Republic of the Phil vs. Jose A. Dayot / Felisa Tecson-Dayot...
2025-12-06 12:19:40,195 - INFO -   ✓ Saved: RESTRUCTURED_DB/2008/mar/175581.json
2025-12-06 12:19:40,695 - INFO - 
[447/1000] Processing G.R. No. 175589
2025-12-06 12:19:40,695 - INFO -   Title: People of the Philippines vs. Cerillo Tambis...
2025-12-06 12:19:40,910 - INFO -   ✓ Saved: RESTRUCTURED_DB/2008/jul/175589.json
2025-12-06 12:19:41,410 - INFO - 
[448/1000] Processing G.R. No. 175600
2025-12-06 12:19:41,410 - INFO -   Title: People of the Philippines vs. Leonel Pasaol Palac...
2025-12-06 12:19:41,812 - INFO -   ✓ Saved: RESTRUCTURED_DB/2008/apr/175600.json
2025-12-06 12:19:42,312 - INFO - 
[449/1000] Processing G.R. No. 175604
2025-12-06 12:19:42,312 - INFO -   Title: The People of the Philippines vs. Salvador Peñaflorida, Jr....
2025-12-06 12:19:42,712 - INFO -   ✓ Saved: RESTRUCTURED_DB/2008/apr/175604.json
2025-12-06 12:19:43,212 - INFO - 
[450/1000] Processing G.R. No. 175692
2025-12-06 12:19:43,212 - INFO -   Title: Angel Ubales Y Velez vs. People of the Philippines...
2025-12-06 12:19:43,618 - INFO -   ✓ Saved: RESTRUCTURED_DB/2008/oct/175692.json
2025-12-06 12:19:44,119 - INFO - 
[451/1000] Processing G.R. No. 175725
2025-12-06 12:19:44,119 - INFO -   Title: National Power Corporation vs. Angel Suarez, et al....
2025-12-06 12:19:44,335 - INFO -   ✓ Saved: RESTRUCTURED_DB/2008/oct/175725.json
2025-12-06 12:19:44,835 - INFO - 
[452/1000] Processing G.R. No. 175746
2025-12-06 12:19:44,835 - INFO -   Title: Charles L. Ong vs. Republic of the Philippines...
2025-12-06 12:19:45,247 - INFO -   ✓ Saved: RESTRUCTURED_DB/2008/mar/175746.json
2025-12-06 12:19:45,747 - INFO - 
[453/1000] Processing G.R. No. 175832
2025-12-06 12:19:45,747 - INFO -   Title: People of the Philippines vs. Salvador Sanchez y Espiritu...
2025-12-06 12:19:46,333 - INFO -   ✓ Saved: RESTRUCTURED_DB/2008/oct/175832.json
2025-12-06 12:19:46,834 - INFO - 
[454/1000] Processing G.R. No. 175894
2025-12-06 12:19:46,834 - INFO -   Title: NYK-Fil Ship Management, Inc. et al. vs. Alfonso T. Talavera...
2025-12-06 12:19:47,241 - INFO -   ✓ Saved: RESTRUCTURED_DB/2008/nov/175894.json
2025-12-06 12:19:47,741 - INFO - 
[455/1000] Processing G.R. No. 175929
2025-12-06 12:19:47,741 - INFO -   Title: People of the Philippines vs. Rommel Dela Cruz...
2025-12-06 12:19:48,145 - INFO -   ✓ Saved: RESTRUCTURED_DB/2008/dec/175929.json
2025-12-06 12:19:48,645 - INFO - 
[456/1000] Processing G.R. No. 175940
2025-12-06 12:19:48,645 - INFO -   Title: The People of the Philippines vs. Anson Ong a.k.a. Allan Co...
2025-12-06 12:19:48,865 - INFO -   ✓ Saved: RESTRUCTURED_DB/2008/feb/175940.json
2025-12-06 12:19:49,365 - INFO - 
[457/1000] Processing G.R. No. 175952
2025-12-06 12:19:49,365 - INFO -   Title: Social Security System vs. Atlantic Gulf and Pacific Company...
2025-12-06 12:19:49,581 - INFO -   ✓ Saved: RESTRUCTURED_DB/2008/apr/175952.json
2025-12-06 12:19:50,081 - INFO - 
[458/1000] Processing G.R. No. 175960
2025-12-06 12:19:50,081 - INFO -   Title: Padilla Machine Shop, et al. vs. Rufino A. Javilgas...
2025-12-06 12:19:50,480 - INFO -   ✓ Saved: RESTRUCTURED_DB/2008/feb/175960.json
2025-12-06 12:19:50,980 - INFO - 
[459/1000] Processing G.R. No. 175989
2025-12-06 12:19:50,980 - INFO -   Title: Government Service Insurance System vs. Mariano A. Nocom...
2025-12-06 12:19:51,196 - INFO -   ✓ Saved: RESTRUCTURED_DB/2008/feb/175989.json
2025-12-06 12:19:51,696 - INFO - 
[460/1000] Processing G.R. No. 176062
2025-12-06 12:19:51,697 - INFO -   Title: People of the Philippines vs. Efren Custodio Y Esteban...
2025-12-06 12:19:52,096 - INFO -   ✓ Saved: RESTRUCTURED_DB/2008/jul/176062.json
2025-12-06 12:19:52,596 - INFO - 
[461/1000] Processing G.R. No. 176141
2025-12-06 12:19:52,597 - INFO -   Title: Gertrudes Nabua, et al. vs. Douglas Lu Ym...
2025-12-06 12:19:52,998 - INFO -   ✓ Saved: RESTRUCTURED_DB/2008/dec/176141.json
2025-12-06 12:19:53,498 - INFO - 
[462/1000] Processing G.R. No. 176150
2025-12-06 12:19:53,498 - INFO -   Title: Ibarra P. Ortega vs. Social Security Commission, et al....
2025-12-06 12:19:53,911 - INFO -   ✓ Saved: RESTRUCTURED_DB/2008/jun/176150.json
2025-12-06 12:19:54,411 - INFO - 
[463/1000] Processing G.R. No. 176152
2025-12-06 12:19:54,412 - INFO -   Title: People of the Philippines vs. Nido Garte...
2025-12-06 12:19:54,638 - INFO -   ✓ Saved: RESTRUCTURED_DB/2008/nov/176152.json
2025-12-06 12:19:55,139 - INFO - 
[464/1000] Processing G.R. No. 176159
2025-12-06 12:19:55,139 - INFO -   Title: People of the Philippines vs. Lee Rodrigo...
2025-12-06 12:19:55,549 - INFO -   ✓ Saved: RESTRUCTURED_DB/2008/sep/176159.json
2025-12-06 12:19:56,049 - INFO - 
[465/1000] Processing G.R. No. 176169
2025-12-06 12:19:56,049 - INFO -   Title: Rosario Nasi-Villar vs. People of the Philippines...
2025-12-06 12:19:56,265 - INFO -   ✓ Saved: RESTRUCTURED_DB/2008/nov/176169.json
2025-12-06 12:19:56,765 - INFO - 
[466/1000] Processing G.R. No. 176217
2025-12-06 12:19:56,765 - INFO -   Title: Sta Lucia Realty & Devt. Inc. vs. Romeo Uyecio, et al....
2025-12-06 12:19:57,168 - INFO -   ✓ Saved: RESTRUCTURED_DB/2008/aug/176217.json
2025-12-06 12:19:57,668 - INFO - 
[467/1000] Processing G.R. No. 176219
2025-12-06 12:19:57,668 - INFO -   Title: Rentokil (Initial) Philippines, Inc. and/or Ronan Greany, et...
2025-12-06 12:19:58,067 - INFO -   ✓ Saved: RESTRUCTURED_DB/2008/dec/176219.json
2025-12-06 12:19:58,567 - INFO - 
[468/1000] Processing G.R. No. 176240
2025-12-06 12:19:58,567 - INFO -   Title: Rolando Sasan, Sr. et al. vs. NLRC, et al....
2025-12-06 12:19:58,973 - INFO -   ✓ Saved: RESTRUCTURED_DB/2008/oct/176240.json
2025-12-06 12:19:59,473 - INFO - 
[469/1000] Processing G.R. No. 176263
2025-12-06 12:19:59,473 - INFO -   Title: People of the Philippines vs. Michael Muro Y Foster...
2025-12-06 12:19:59,690 - INFO -   ✓ Saved: RESTRUCTURED_DB/2008/dec/176263.json
2025-12-06 12:20:00,190 - INFO - 
[470/1000] Processing G.R. No. 176265
2025-12-06 12:20:00,190 - INFO -   Title: The People of the Philippines vs. Jose Magbanua y Moriño...
2025-12-06 12:20:00,590 - INFO -   ✓ Saved: RESTRUCTURED_DB/2008/apr/176265.json
2025-12-06 12:20:01,090 - INFO - 
[471/1000] Processing G.R. No. 176276
2025-12-06 12:20:01,090 - INFO -   Title: Philippine Health Insurance Corporation vs. the Court of App...
2025-12-06 12:20:01,305 - INFO -   ✓ Saved: RESTRUCTURED_DB/2008/nov/176276.json
2025-12-06 12:20:01,806 - INFO - 
[472/1000] Processing G.R. No. 176282
2025-12-06 12:20:01,806 - INFO -   Title: Victoria Fernando vs. Sps. Reginaldo Lim & Asuncion Lim...
2025-12-06 12:20:02,394 - INFO -   ✓ Saved: RESTRUCTURED_DB/2008/aug/176282.json
2025-12-06 12:20:02,894 - INFO - 
[473/1000] Processing G.R. No. 176296
2025-12-06 12:20:02,894 - INFO -   Title: Indira R. Fernandez vs. Hon. Commission on Elections, et al....
2025-12-06 12:20:03,110 - INFO -   ✓ Saved: RESTRUCTURED_DB/2008/jun/176296.json
2025-12-06 12:20:03,611 - INFO - 
[474/1000] Processing G.R. No. 176324
2025-12-06 12:20:03,611 - INFO -   Title: Abaya Investments Corporation vs. Merit Philippines, et al....
2025-12-06 12:20:04,010 - INFO -   ✓ Saved: RESTRUCTURED_DB/2008/apr/176324.json
2025-12-06 12:20:04,510 - INFO - 
[475/1000] Processing G.R. No. 176344
2025-12-06 12:20:04,510 - INFO -   Title: Land Bank of the Philippines vs. Yolanda G. David...
2025-12-06 12:20:04,727 - INFO -   ✓ Saved: RESTRUCTURED_DB/2008/aug/176344.json
2025-12-06 12:20:05,227 - INFO - 
[476/1000] Processing G.R. No. 176358
2025-12-06 12:20:05,227 - INFO -   Title: Bienvenido Libres, et al. vs. Sps. Rodrigo Delos Santos, et ...
2025-12-06 12:20:05,626 - INFO -   ✓ Saved: RESTRUCTURED_DB/2008/jun/176358.json
2025-12-06 12:20:06,127 - INFO - 
[477/1000] Processing G.R. No. 176405
2025-12-06 12:20:06,127 - INFO -   Title: Leo Wee vs. George de Castro, et al....
2025-12-06 12:20:06,527 - INFO -   ✓ Saved: RESTRUCTURED_DB/2008/aug/176405.json
2025-12-06 12:20:07,027 - INFO - 
[478/1000] Processing G.R. No. 176409
2025-12-06 12:20:07,027 - INFO -   Title: Office of the Ombudsman vs. Rolando S. Miedes, Sr....
2025-12-06 12:20:07,243 - INFO -   ✓ Saved: RESTRUCTURED_DB/2008/feb/176409.json
2025-12-06 12:20:07,743 - INFO - 
[479/1000] Processing G.R. No. 176434
2025-12-06 12:20:07,743 - INFO -   Title: Bank of the Philippine Islands vs. Lifetime Marketing Corpor...
2025-12-06 12:20:07,959 - INFO -   ✓ Saved: RESTRUCTURED_DB/2008/jun/176434.json
2025-12-06 12:20:08,459 - INFO - 
[480/1000] Processing G.R. No. 176441
2025-12-06 12:20:08,459 - INFO -   Title: Heirs of Marcela Navarro, etc. vs. Willy Y. Go...
2025-12-06 12:20:08,859 - INFO -   ✓ Saved: RESTRUCTURED_DB/2008/jun/176441.json
2025-12-06 12:20:09,359 - INFO - 
[481/1000] Processing G.R. No. 176448
2025-12-06 12:20:09,359 - INFO -   Title: Jose S. Dailisan vs. CA and Heirs of the late Federico Pugao...
2025-12-06 12:20:09,758 - INFO -   ✓ Saved: RESTRUCTURED_DB/2008/jul/176448.json
2025-12-06 12:20:10,258 - INFO - 
[482/1000] Processing G.R. No. 176466
2025-12-06 12:20:10,259 - INFO -   Title: Tegimenta Chemical Phils./Vivian D. Garcia vs. Rolan E. Buen...
2025-12-06 12:20:10,658 - INFO -   ✓ Saved: RESTRUCTURED_DB/2008/jun/176466.json
2025-12-06 12:20:11,158 - INFO - 
[483/1000] Processing G.R. No. 176474
2025-12-06 12:20:11,158 - INFO -   Title: Heirs of Arturo Reyes Rep By Evelyn R. San Buena Ventura vs....
2025-12-06 12:20:11,969 - INFO -   ✓ Saved: RESTRUCTURED_DB/2008/nov/176474.json
2025-12-06 12:20:12,469 - INFO - 
[484/1000] Processing G.R. No. 176484
2025-12-06 12:20:12,469 - INFO -   Title: Calamba Medical Center Inc. vs. National Labor Relations Com...
2025-12-06 12:20:12,870 - INFO -   ✓ Saved: RESTRUCTURED_DB/2008/nov/176484.json
2025-12-06 12:20:13,370 - INFO - 
[485/1000] Processing G.R. No. 176504
2025-12-06 12:20:13,371 - INFO -   Title: Ferdinand A. Cruz vs. People of the Philippines...
2025-12-06 12:20:13,588 - INFO -   ✓ Saved: RESTRUCTURED_DB/2008/sep/176504.json
2025-12-06 12:20:14,088 - INFO - 
[486/1000] Processing G.R. No. 176533
2025-12-06 12:20:14,088 - INFO -   Title: Jerome Solco vs. Claudina V. Provido, et al....
2025-12-06 12:20:14,491 - INFO -   ✓ Saved: RESTRUCTURED_DB/2008/feb/176533.json
2025-12-06 12:20:14,991 - INFO - 
[487/1000] Processing G.R. No. 176609
2025-12-06 12:20:14,991 - INFO -   Title: Fernando Estabas Mahawan Alias Pado vs. People of the Philip...
2025-12-06 12:20:15,393 - INFO -   ✓ Saved: RESTRUCTURED_DB/2008/dec/176609.json
2025-12-06 12:20:15,893 - INFO - 
[488/1000] Processing G.R. No. 176637
2025-12-06 12:20:15,893 - INFO -   Title: People of the Philippines vs. Reynaldo Dela Torre...
2025-12-06 12:20:16,111 - INFO -   ✓ Saved: RESTRUCTURED_DB/2008/oct/176637.json
2025-12-06 12:20:16,611 - INFO - 
[489/1000] Processing G.R. No. 176640
2025-12-06 12:20:16,611 - INFO -   Title: People of the Philippines vs. Lustrisimo Arellano y Espiritu...
2025-12-06 12:20:16,828 - INFO -   ✓ Saved: RESTRUCTURED_DB/2008/aug/176640.json
2025-12-06 12:20:17,328 - INFO - 
[490/1000] Processing G.R. No. 176664
2025-12-06 12:20:17,328 - INFO -   Title: Bank of the Phil. Islands vs. Sps. Reynaldo and Victoria Roy...
2025-12-06 12:20:17,727 - INFO -   ✓ Saved: RESTRUCTURED_DB/2008/jul/176664.json
2025-12-06 12:20:18,228 - INFO - 
[491/1000] Processing G.R. No. 176706
2025-12-06 12:20:18,228 - INFO -   Title: Manigo K. Ramos vs. Spouses Purita G. Alvendia & Oscar Alven...
2025-12-06 12:20:18,628 - INFO -   ✓ Saved: RESTRUCTURED_DB/2008/oct/176706.json
2025-12-06 12:20:19,128 - INFO - 
[492/1000] Processing G.R. No. 176733
2025-12-06 12:20:19,128 - INFO -   Title: People of the Philippines vs. Fujita Zenchiro...
2025-12-06 12:20:19,528 - INFO -   ✓ Saved: RESTRUCTURED_DB/2008/aug/176733.json
2025-12-06 12:20:20,029 - INFO - 
[493/1000] Processing G.R. No. 176734
2025-12-06 12:20:20,029 - INFO -   Title: The People of the Philippines vs. Jacinto Lantano...
2025-12-06 12:20:20,444 - INFO -   ✓ Saved: RESTRUCTURED_DB/2008/jan/176734.json
2025-12-06 12:20:20,944 - INFO - 
[494/1000] Processing G.R. No. 176735
2025-12-06 12:20:20,944 - INFO -   Title: People of the Philippines vs. Jerry Santos y Macol, et al....
2025-12-06 12:20:21,348 - INFO -   ✓ Saved: RESTRUCTURED_DB/2008/jun/176735.json
2025-12-06 12:20:21,848 - INFO - 
[495/1000] Processing G.R. No. 176742
2025-12-06 12:20:21,848 - INFO -   Title: People of the Philippines vs. Wenceslao Espino, et al....
2025-12-06 12:20:22,250 - INFO -   ✓ Saved: RESTRUCTURED_DB/2008/jun/176742.json
2025-12-06 12:20:22,750 - INFO - 
[496/1000] Processing G.R. No. 176795
2025-12-06 12:20:22,750 - INFO -   Title: Sps. Carolina & Reynaldo Jose vs. Sps. Laureano & Purita Sua...
2025-12-06 12:20:22,967 - INFO -   ✓ Saved: RESTRUCTURED_DB/2008/jun/176795.json
2025-12-06 12:20:23,467 - INFO - 
[497/1000] Processing G.R. No. 176842
2025-12-06 12:20:23,468 - INFO -   Title: Flora Leoncio, et al. vs. Olympia de Vera and Celso de Vera...
2025-12-06 12:20:23,683 - INFO -   ✓ Saved: RESTRUCTURED_DB/2008/feb/176842.json
2025-12-06 12:20:24,183 - INFO - 
[498/1000] Processing G.R. No. 176909
2025-12-06 12:20:24,183 - INFO -   Title: Jeffrey T. Go vs. Leyte II Electric Cooperative, Inc....
2025-12-06 12:20:24,583 - INFO -   ✓ Saved: RESTRUCTURED_DB/2008/feb/176909.json
2025-12-06 12:20:25,083 - INFO - 
[499/1000] Processing G.R. No. 176929
2025-12-06 12:20:25,083 - INFO -   Title: Inocencio Y. Lucasan etc. vs. Philippine Deposit Insurance C...
2025-12-06 12:20:25,489 - INFO -   ✓ Saved: RESTRUCTURED_DB/2008/jul/176929.json
2025-12-06 12:20:25,989 - INFO - 
[500/1000] Processing G.R. No. 176943
2025-12-06 12:20:25,989 - INFO -   Title: Danilo Aluad, et al. vs. Zenaido Aluad...
2025-12-06 12:20:26,391 - INFO -   ✓ Saved: RESTRUCTURED_DB/2008/oct/176943.json
2025-12-06 12:20:26,891 - INFO - 
[501/1000] Processing G.R. No. 176951
2025-12-06 12:20:26,891 - INFO -   Title: League of Cities of the Philippines vs. Commission on Electi...
2025-12-06 12:20:27,293 - INFO -   ✓ Saved: RESTRUCTURED_DB/2008/nov/176951.json
2025-12-06 12:20:27,793 - INFO - 
[502/1000] Processing G.R. No. 176995
2025-12-06 12:20:27,793 - INFO -   Title: Pablo D. Acaylar, Jr. vs. Danilo G. Harayo...
2025-12-06 12:20:28,194 - INFO -   ✓ Saved: RESTRUCTURED_DB/2008/jul/176995.json
2025-12-06 12:20:28,694 - INFO - 
[503/1000] Processing G.R. No. 177120
2025-12-06 12:20:28,694 - INFO -   Title: Paul R. Irao vs. By the Bay Inc....
2025-12-06 12:20:28,913 - INFO -   ✓ Saved: RESTRUCTURED_DB/2008/jul/177120.json
2025-12-06 12:20:29,413 - INFO - 
[504/1000] Processing G.R. No. 177135
2025-12-06 12:20:29,413 - INFO -   Title: Arturo O. Radaza, et al. vs. the Hon. Court of Appeals, et a...
2025-12-06 12:20:29,814 - INFO -   ✓ Saved: RESTRUCTURED_DB/2008/oct/177135.json
2025-12-06 12:20:30,314 - INFO - 
[505/1000] Processing G.R. No. 177136
2025-12-06 12:20:30,315 - INFO -   Title: The People of the Philippines vs. Arturo Domingo y Gatchalia...
2025-12-06 12:20:30,716 - INFO -   ✓ Saved: RESTRUCTURED_DB/2008/jun/177136.json
2025-12-06 12:20:31,216 - INFO - 
[506/1000] Processing G.R. No. 177144
2025-12-06 12:20:31,216 - INFO -   Title: People of the Phil. vs. Diosdado Codilan Y Palajurin...
2025-12-06 12:20:31,434 - INFO -   ✓ Saved: RESTRUCTURED_DB/2008/jul/177144.json
2025-12-06 12:20:31,934 - INFO - 
[507/1000] Processing G.R. No. 177161
2025-12-06 12:20:31,934 - INFO -   Title: People of the Philippines vs. Abraham Bunagan y Sonio...
2025-12-06 12:20:32,149 - INFO -   ✓ Saved: RESTRUCTURED_DB/2008/jun/177161.json
2025-12-06 12:20:32,650 - INFO - 
[508/1000] Processing G.R. No. 177188
2025-12-06 12:20:32,650 - INFO -   Title: El Greco Ship Manning and Management Corp. vs. Commissioner ...
2025-12-06 12:20:33,052 - INFO -   ✓ Saved: RESTRUCTURED_DB/2008/dec/177188.json
2025-12-06 12:20:33,552 - INFO - 
[509/1000] Processing G.R. No. 177222
2025-12-06 12:20:33,552 - INFO -   Title: The People of the Philippines vs. Ranilo Dela Cruz Y Lizing...
2025-12-06 12:20:33,952 - INFO -   ✓ Saved: RESTRUCTURED_DB/2008/oct/177222.json
2025-12-06 12:20:34,452 - INFO - 
[510/1000] Processing G.R. No. 177237
2025-12-06 12:20:34,452 - INFO -   Title: William Ching vs. People of the Philippines...
2025-12-06 12:20:34,855 - INFO -   ✓ Saved: RESTRUCTURED_DB/2008/oct/177237.json
2025-12-06 12:20:35,355 - INFO - 
[511/1000] Processing G.R. No. 177276
2025-12-06 12:20:35,355 - INFO -   Title: Graciano Santos Olalia, Jr. vs. People of the Philippines...
2025-12-06 12:20:35,573 - INFO -   ✓ Saved: RESTRUCTURED_DB/2008/aug/177276.json
2025-12-06 12:20:36,074 - INFO - 
[512/1000] Processing G.R. No. 177294
2025-12-06 12:20:36,074 - INFO -   Title: People of the Philippines vs. Joseph dela Paz...
2025-12-06 12:20:36,476 - INFO -   ✓ Saved: RESTRUCTURED_DB/2008/feb/177294.json
2025-12-06 12:20:36,976 - INFO - 
[513/1000] Processing G.R. No. 177297
2025-12-06 12:20:36,976 - INFO -   Title: People of the Philippines vs. Claudio Zulueta, Sr....
2025-12-06 12:20:37,191 - INFO -   ✓ Saved: RESTRUCTURED_DB/2008/sep/177297.json
2025-12-06 12:20:37,691 - INFO - 
[514/1000] Processing G.R. No. 177348
2025-12-06 12:20:37,692 - INFO -   Title: Spouses Ramon Patron and Luzviminda Patron vs. Union Bank of...
2025-12-06 12:20:38,092 - INFO -   ✓ Saved: RESTRUCTURED_DB/2008/oct/177348.json
2025-12-06 12:20:38,592 - INFO - 
[515/1000] Processing G.R. No. 177354
2025-12-06 12:20:38,592 - INFO -   Title: People of the Philippines vs. Ricardo Talan Y Doe @ Carding...
2025-12-06 12:20:38,993 - INFO -   ✓ Saved: RESTRUCTURED_DB/2008/nov/177354.json
2025-12-06 12:20:39,493 - INFO - 
[516/1000] Processing G.R. No. 177356
2025-12-06 12:20:39,493 - INFO -   Title: People of the Philippines vs. Johbert Amodia y Baba, et al....
2025-12-06 12:20:39,711 - INFO -   ✓ Saved: RESTRUCTURED_DB/2008/nov/177356.json
2025-12-06 12:20:40,211 - INFO - 
[517/1000] Processing G.R. No. 177414
2025-12-06 12:20:40,211 - INFO -   Title: Noel E. Mora vs. Avesco Marketing Corp....
2025-12-06 12:20:40,611 - INFO -   ✓ Saved: RESTRUCTURED_DB/2008/nov/177414.json
2025-12-06 12:20:41,111 - INFO - 
[518/1000] Processing G.R. No. 177526
2025-12-06 12:20:41,111 - INFO -   Title: Philippine Savings Bank vs. Chowking Food Corporation...
2025-12-06 12:20:41,512 - INFO -   ✓ Saved: RESTRUCTURED_DB/2008/jul/177526.json
2025-12-06 12:20:42,012 - INFO - 
[519/1000] Processing G.R. No. 177563
2025-12-06 12:20:42,012 - INFO -   Title: People of the Philippines vs. Diosdado Balobalo...
2025-12-06 12:20:42,229 - INFO -   ✓ Saved: RESTRUCTURED_DB/2008/oct/177563.json
2025-12-06 12:20:42,729 - INFO - 
[520/1000] Processing G.R. No. 177564
2025-12-06 12:20:42,729 - INFO -   Title: Arturo Revita "Alias" Arthur vs. People of the Philippines...
2025-12-06 12:20:43,130 - INFO -   ✓ Saved: RESTRUCTURED_DB/2008/oct/177564.json
2025-12-06 12:20:43,630 - INFO - 
[521/1000] Processing G.R. No. 177565
2025-12-06 12:20:43,630 - INFO -   Title: People of the Philippines vs. Elmer Glivano y Silvallana...
2025-12-06 12:20:43,847 - INFO -   ✓ Saved: RESTRUCTURED_DB/2008/jan/177565.json
2025-12-06 12:20:44,347 - INFO - 
[522/1000] Processing G.R. No. 177566
2025-12-06 12:20:44,347 - INFO -   Title: The People of the Philippines vs. Rosalinda Trapago Tan, et ...
2025-12-06 12:20:44,747 - INFO -   ✓ Saved: RESTRUCTURED_DB/2008/mar/177566.json
2025-12-06 12:20:45,247 - INFO - 
[523/1000] Processing G.R. No. 177571
2025-12-06 12:20:45,247 - INFO -   Title: People of the Philippines vs. Dean Martin Y Savida @ Denden,...
2025-12-06 12:20:45,471 - INFO -   ✓ Saved: RESTRUCTURED_DB/2008/sep/177571.json
2025-12-06 12:20:45,971 - INFO - 
[524/1000] Processing G.R. No. 177572
2025-12-06 12:20:45,971 - INFO -   Title: People of the Philippines vs. Juanito dela Cruz y Rivera...
2025-12-06 12:20:46,387 - INFO -   ✓ Saved: RESTRUCTURED_DB/2008/feb/177572.json
2025-12-06 12:20:46,888 - INFO - 
[525/1000] Processing G.R. No. 177576
2025-12-06 12:20:46,888 - INFO -   Title: Universal Staffing Services, Inc. vs. NLRC and Grace M. Mora...
2025-12-06 12:20:47,103 - INFO -   ✓ Saved: RESTRUCTURED_DB/2008/jul/177576.json
2025-12-06 12:20:47,604 - INFO - 
[526/1000] Processing G.R. No. 177580
2025-12-06 12:20:47,604 - INFO -   Title: Ma. Ruby A. Dumalaog, et al. vs. Victorio N. Medrano...
2025-12-06 12:20:48,009 - INFO -   ✓ Saved: RESTRUCTURED_DB/2008/oct/177580.json
2025-12-06 12:20:48,509 - INFO - 
[527/1000] Processing G.R. No. 177598
2025-12-06 12:20:48,509 - INFO -   Title: Robert San Pedro vs. Willy Ong & Norma Caballes...
2025-12-06 12:20:48,911 - INFO -   ✓ Saved: RESTRUCTURED_DB/2008/oct/177598.json
2025-12-06 12:20:49,411 - INFO - 
[528/1000] Processing G.R. No. 177647
2025-12-06 12:20:49,411 - INFO -   Title: U-BIX Corporation & Edilberto B. Bravo vs. Valerie Anne H. H...
2025-12-06 12:20:49,629 - INFO -   ✓ Saved: RESTRUCTURED_DB/2008/oct/177647.json
2025-12-06 12:20:50,129 - INFO - 
[529/1000] Processing G.R. No. 177656
2025-12-06 12:20:50,129 - INFO -   Title: Linda Uy Lim vs. Helen O. Tong, et al....
2025-12-06 12:20:50,352 - INFO -   ✓ Saved: RESTRUCTURED_DB/2008/dec/177656.json
2025-12-06 12:20:50,853 - INFO - 
[530/1000] Processing G.R. No. 177666
2025-12-06 12:20:50,853 - INFO -   Title: Eugenio R. Avenido vs. Civil Service Commission...
2025-12-06 12:20:51,080 - INFO -   ✓ Saved: RESTRUCTURED_DB/2008/apr/177666.json
2025-12-06 12:20:51,580 - INFO - 
[531/1000] Processing G.R. No. 177667
2025-12-06 12:20:51,580 - INFO -   Title: Cleodia U. Francisco, et al. vs. Sps Jorge C. Gonzales & Pur...
2025-12-06 12:20:51,797 - INFO -   ✓ Saved: RESTRUCTURED_DB/2008/sep/177667.json
2025-12-06 12:20:52,297 - INFO - 
[532/1000] Processing G.R. No. 177703
2025-12-06 12:20:52,297 - INFO -   Title: Vilma G. Arriola, et al. vs. John Nabor C. Arriola...
2025-12-06 12:20:52,698 - INFO -   ✓ Saved: RESTRUCTURED_DB/2008/jan/177703.json
2025-12-06 12:20:53,198 - INFO - 
[533/1000] Processing G.R. No. 177736
2025-12-06 12:20:53,198 - INFO -   Title: Melanie-P. Montuerto vs. Hon. Mayor Rolando E. Ty, et al....
2025-12-06 12:20:53,412 - INFO -   ✓ Saved: RESTRUCTURED_DB/2008/oct/177736.json
2025-12-06 12:20:53,913 - INFO - 
[534/1000] Processing G.R. No. 177742
2025-12-06 12:20:53,913 - INFO -   Title: People of the Philippines vs. Joselito A. Lopit...
2025-12-06 12:20:54,314 - INFO -   ✓ Saved: RESTRUCTURED_DB/2008/dec/177742.json
2025-12-06 12:20:54,814 - INFO - 
[535/1000] Processing G.R. No. 177756
2025-12-06 12:20:54,814 - INFO -   Title: People of the Philippines vs. Salvador Nieto Y Cabalse....
2025-12-06 12:20:55,214 - INFO -   ✓ Saved: RESTRUCTURED_DB/2008/mar/177756.json
2025-12-06 12:20:55,714 - INFO - 
[536/1000] Processing G.R. No. 177770
2025-12-06 12:20:55,715 - INFO -   Title: People of the Philippines vs. Jose Henry Robles y Nudo...
2025-12-06 12:20:55,932 - INFO -   ✓ Saved: RESTRUCTURED_DB/2008/mar/177770.json
2025-12-06 12:20:56,432 - INFO - 
[537/1000] Processing G.R. No. 177775
2025-12-06 12:20:56,432 - INFO -   Title: People of the Philippines vs. Isaias Dizon...
2025-12-06 12:20:56,647 - INFO -   ✓ Saved: RESTRUCTURED_DB/2008/oct/177775.json
2025-12-06 12:20:57,147 - INFO - 
[538/1000] Processing G.R. No. 177785
2025-12-06 12:20:57,147 - INFO -   Title: Randy Almeda, et al. vs. Asahi Philippines Inc....
2025-12-06 12:20:57,548 - INFO -   ✓ Saved: RESTRUCTURED_DB/2008/sep/177785.json
2025-12-06 12:20:58,049 - INFO - 
[539/1000] Processing G.R. No. 177797
2025-12-06 12:20:58,049 - INFO -   Title: Spouses Pedro Tan and Nena Acero Tan vs. Republic of the Phi...
2025-12-06 12:20:58,449 - INFO -   ✓ Saved: RESTRUCTURED_DB/2008/dec/177797.json
2025-12-06 12:20:58,950 - INFO - 
[540/1000] Processing G.R. No. 177822
2025-12-06 12:20:58,950 - INFO -   Title: People of the Philippines vs. Hilario Opong y Tanesa...
2025-12-06 12:20:59,353 - INFO -   ✓ Saved: RESTRUCTURED_DB/2008/jun/177822.json
2025-12-06 12:20:59,853 - INFO - 
[541/1000] Processing G.R. No. 177825
2025-12-06 12:20:59,854 - INFO -   Title: People of the Phil. vs. Rene Rosas...
2025-12-06 12:21:00,071 - INFO -   ✓ Saved: RESTRUCTURED_DB/2008/oct/177825.json
2025-12-06 12:21:00,571 - INFO - 
[542/1000] Processing G.R. No. 177874
2025-12-06 12:21:00,571 - INFO -   Title: Jaime D. Ang vs. Bruno Soledad...
2025-12-06 12:21:00,787 - INFO -   ✓ Saved: RESTRUCTURED_DB/2008/sep/177874.json
2025-12-06 12:21:01,287 - INFO - 
[543/1000] Processing G.R. No. 177886
2025-12-06 12:21:01,287 - INFO -   Title: Spouses Leopoldo and Mercedita Viola vs. Equitable PCI Bank,...
2025-12-06 12:21:01,687 - INFO -   ✓ Saved: RESTRUCTURED_DB/2008/nov/177886.json
2025-12-06 12:21:02,188 - INFO - 
[544/1000] Processing G.R. No. 177898
2025-12-06 12:21:02,188 - INFO -   Title: Sigma Homebuilding Corp. vs. Inter-Alia Mgt Corp., Devt Bank...
2025-12-06 12:21:02,418 - INFO -   ✓ Saved: RESTRUCTURED_DB/2008/aug/177898.json
2025-12-06 12:21:02,918 - INFO - 
[545/1000] Processing G.R. No. 177927
2025-12-06 12:21:02,919 - INFO -   Title: Florante S. Quizon vs. Hon. Commission on Elections, et al....
2025-12-06 12:21:03,318 - INFO -   ✓ Saved: RESTRUCTURED_DB/2008/feb/177927.json
2025-12-06 12:21:03,818 - INFO - 
[546/1000] Processing G.R. No. 177931
2025-12-06 12:21:03,818 - INFO -   Title: Philippine National Bank vs. Deang Marketing Corp, et al....
2025-12-06 12:21:04,218 - INFO -   ✓ Saved: RESTRUCTURED_DB/2008/dec/177931.json
2025-12-06 12:21:04,718 - INFO - 
[547/1000] Processing G.R. No. 177944
2025-12-06 12:21:04,718 - INFO -   Title: Judith P. Ortega vs. People of the Philippines...
2025-12-06 12:21:05,118 - INFO -   ✓ Saved: RESTRUCTURED_DB/2008/dec/177944.json
2025-12-06 12:21:05,619 - INFO - 
[548/1000] Processing G.R. No. 177947
2025-12-06 12:21:05,619 - INFO -   Title: Sps Gabriel Llanes and Maria Llanes vs. Republic of the Phil...
2025-12-06 12:21:06,018 - INFO -   ✓ Saved: RESTRUCTURED_DB/2008/nov/177947.json
2025-12-06 12:21:06,518 - INFO - 
[549/1000] Processing G.R. No. 177948
2025-12-06 12:21:06,518 - INFO -   Title: Flourish Maritime Shipping, et al. vs. Donato A. Almanzor...
2025-12-06 12:21:06,734 - INFO -   ✓ Saved: RESTRUCTURED_DB/2008/mar/177948.json
2025-12-06 12:21:07,234 - INFO - 
[550/1000] Processing G.R. No. 177982
2025-12-06 12:21:07,234 - INFO -   Title: Fitness By Design Inc. vs. Commissioner of Internal Revenue...
2025-12-06 12:21:07,636 - INFO -   ✓ Saved: RESTRUCTURED_DB/2008/oct/177982.json
2025-12-06 12:21:08,137 - INFO - 
[551/1000] Processing G.R. No. 178024
2025-12-06 12:21:08,137 - INFO -   Title: Lawrence B. W Acnang vs. COMELEC, et al....
2025-12-06 12:21:08,585 - INFO -   ✓ Saved: RESTRUCTURED_DB/2008/oct/178024.json
2025-12-06 12:21:09,086 - INFO - 
[552/1000] Processing G.R. No. 178059
2025-12-06 12:21:09,086 - INFO -   Title: People of the Philippines vs. Christopher Tabuelog Y Claor....
2025-12-06 12:21:09,488 - INFO -   ✓ Saved: RESTRUCTURED_DB/2008/jan/178059.json
2025-12-06 12:21:09,988 - INFO - 
[553/1000] Processing G.R. No. 178061
2025-12-06 12:21:09,988 - INFO -   Title: People of the Philippines vs. John Montinola...
2025-12-06 12:21:10,391 - INFO -   ✓ Saved: RESTRUCTURED_DB/2008/jan/178061.json
2025-12-06 12:21:10,891 - INFO - 
[554/1000] Processing G.R. No. 178066
2025-12-06 12:21:10,891 - INFO -   Title: The People of the Philippines vs. Rolando Zamoraga...
2025-12-06 12:21:11,290 - INFO -   ✓ Saved: RESTRUCTURED_DB/2008/feb/178066.json
2025-12-06 12:21:11,790 - INFO - 
[555/1000] Processing G.R. No. 178067
2025-12-06 12:21:11,790 - INFO -   Title: People of the Philippines vs. Abdelkarim Ahmad Alkodha...
2025-12-06 12:21:12,190 - INFO -   ✓ Saved: RESTRUCTURED_DB/2008/aug/178067.json
2025-12-06 12:21:12,690 - INFO - 
[556/1000] Processing G.R. No. 178196
2025-12-06 12:21:12,690 - INFO -   Title: People of the Philippines vs. Robert Buduhan, et al....
2025-12-06 12:21:13,278 - INFO -   ✓ Saved: RESTRUCTURED_DB/2008/aug/178196.json
2025-12-06 12:21:13,779 - INFO - 
[557/1000] Processing G.R. No. 178198
2025-12-06 12:21:13,779 - INFO -   Title: People of the Philippines vs. Evelyn Bohol y Talaogan etc....
2025-12-06 12:21:14,182 - INFO -   ✓ Saved: RESTRUCTURED_DB/2008/dec/178198.json
2025-12-06 12:21:14,682 - INFO - 
[558/1000] Processing G.R. No. 178204
2025-12-06 12:21:14,682 - INFO -   Title: The People of the Philippines vs. Marcos Ganigan...
2025-12-06 12:21:15,082 - INFO -   ✓ Saved: RESTRUCTURED_DB/2008/aug/178204.json
2025-12-06 12:21:15,582 - INFO - 
[559/1000] Processing G.R. No. 178233
2025-12-06 12:21:15,582 - INFO -   Title: Joseph A. Gandol vs. People of the Philippines/People of the...
2025-12-06 12:21:15,984 - INFO -   ✓ Saved: RESTRUCTURED_DB/2008/dec/178233.json
2025-12-06 12:21:16,485 - INFO - 
[560/1000] Processing G.R. No. 178236
2025-12-06 12:21:16,485 - INFO -   Title: Oligario Salas vs. Aboitiz One, Inc., et al....
2025-12-06 12:21:16,885 - INFO -   ✓ Saved: RESTRUCTURED_DB/2008/jun/178236.json
2025-12-06 12:21:17,385 - INFO - 
[561/1000] Processing G.R. No. 178256
2025-12-06 12:21:17,385 - INFO -   Title: Dept. of Transportation and Communications vs. Rolando Cruz...
2025-12-06 12:21:17,793 - INFO -   ✓ Saved: RESTRUCTURED_DB/2008/jul/178256.json
2025-12-06 12:21:18,293 - INFO - 
[562/1000] Processing G.R. No. 178266
2025-12-06 12:21:18,293 - INFO -   Title: People of the Phil. vs. Samuel and Loreta Vanzuela...
2025-12-06 12:21:18,693 - INFO -   ✓ Saved: RESTRUCTURED_DB/2008/jul/178266.json
2025-12-06 12:21:19,193 - INFO - 
[563/1000] Processing G.R. No. 178271
2025-12-06 12:21:19,193 - INFO -   Title: Banco De Oro-Epci, Inc. vs. Hon. Zenaida R. Daguna etc. & Ph...
2025-12-06 12:21:19,593 - INFO -   ✓ Saved: RESTRUCTURED_DB/2008/oct/178271.json
2025-12-06 12:21:20,093 - INFO - 
[564/1000] Processing G.R. No. 178306
2025-12-06 12:21:20,093 - INFO -   Title: Francisco R. Nunga, Jr., et al. vs. Francisco N. Nunga, III...
2025-12-06 12:21:20,681 - INFO -   ✓ Saved: RESTRUCTURED_DB/2008/dec/178306.json
2025-12-06 12:21:21,181 - INFO - 
[565/1000] Processing G.R. No. 178325
2025-12-06 12:21:21,181 - INFO -   Title: People of the Philippines vs. Dominador Soriano Sr....
2025-12-06 12:21:21,581 - INFO -   ✓ Saved: RESTRUCTURED_DB/2008/feb/178325.json
2025-12-06 12:21:22,081 - INFO - 
[566/1000] Processing G.R. No. 178352
2025-12-06 12:21:22,081 - INFO -   Title: Virgilio S. Delima vs. Susan Mercaida Gois...
2025-12-06 12:21:22,481 - INFO -   ✓ Saved: RESTRUCTURED_DB/2008/jun/178352.json
2025-12-06 12:21:22,981 - INFO - 
[567/1000] Processing G.R. No. 178366
2025-12-06 12:21:22,981 - INFO -   Title: Dominador A. Mocorro, Jr. vs. Rodito Ramirez...
2025-12-06 12:21:23,381 - INFO -   ✓ Saved: RESTRUCTURED_DB/2008/jul/178366.json
2025-12-06 12:21:23,881 - INFO - 
[568/1000] Processing G.R. No. 178405
2025-12-06 12:21:23,881 - INFO -   Title: Reynaldo Deus Y Santos vs. People of the Philippines...
2025-12-06 12:21:24,280 - INFO -   ✓ Saved: RESTRUCTURED_DB/2008/oct/178405.json
2025-12-06 12:21:24,781 - INFO - 
[569/1000] Processing G.R. No. 178413
2025-12-06 12:21:24,781 - INFO -   Title: Aquilino L. Pimentel III vs. the COMELEC, et al....
2025-12-06 12:21:25,369 - INFO -   ✓ Saved: RESTRUCTURED_DB/2008/mar/178413.json
2025-12-06 12:21:25,869 - INFO - 
[570/1000] Processing G.R. No. 178443
2025-12-06 12:21:25,869 - INFO -   Title: Spouses Lorenzo H.Labayen, et al. vs. Leonardo. Serafica...
2025-12-06 12:21:26,086 - INFO -   ✓ Saved: RESTRUCTURED_DB/2008/oct/178443.json
2025-12-06 12:21:26,586 - INFO - 
[571/1000] Processing G.R. No. 178449
2025-12-06 12:21:26,586 - INFO -   Title: Metropolitan Bank and Trust Company vs. Sps. Elisa Tan & Ant...
2025-12-06 12:21:26,988 - INFO -   ✓ Saved: RESTRUCTURED_DB/2008/oct/178449.json
2025-12-06 12:21:27,489 - INFO - 
[572/1000] Processing G.R. No. 178456
2025-12-06 12:21:27,489 - INFO -   Title: Randy C. Cambe vs. the Commission on Elections...
2025-12-06 12:21:27,889 - INFO -   ✓ Saved: RESTRUCTURED_DB/2008/jan/178456.json
2025-12-06 12:21:28,390 - INFO - 
[573/1000] Processing G.R. No. 178537
2025-12-06 12:21:28,390 - INFO -   Title: Sps. Rafael and Zenaida Estanislao vs. East West Banking Cor...
2025-12-06 12:21:28,789 - INFO -   ✓ Saved: RESTRUCTURED_DB/2008/feb/178537.json
2025-12-06 12:21:29,289 - INFO - 
[574/1000] Processing G.R. No. 178540
2025-12-06 12:21:29,289 - INFO -   Title: People of the Philippines vs. Alejandro Sorilla, Jr. y Supid...
2025-12-06 12:21:29,877 - INFO -   ✓ Saved: RESTRUCTURED_DB/2008/jun/178540.json
2025-12-06 12:21:30,377 - INFO - 
[575/1000] Processing G.R. No. 178541
2025-12-06 12:21:30,378 - INFO -   Title: People of the Philippines vs. Angelo Zeta....
2025-12-06 12:21:30,790 - INFO -   ✓ Saved: RESTRUCTURED_DB/2008/mar/178541.json
2025-12-06 12:21:31,290 - INFO - 
[576/1000] Processing G.R. No. 178545
2025-12-06 12:21:31,291 - INFO -   Title: People of the Philippines vs. Leo Barriga, et al....
2025-12-06 12:21:31,693 - INFO -   ✓ Saved: RESTRUCTURED_DB/2008/sep/178545.json
2025-12-06 12:21:32,193 - INFO - 
[577/1000] Processing G.R. No. 178546
2025-12-06 12:21:32,193 - INFO -   Title: People of the Philippines vs. Mukim Eling y Manalac...
2025-12-06 12:21:32,593 - INFO -   ✓ Saved: RESTRUCTURED_DB/2008/apr/178546.json
2025-12-06 12:21:33,093 - INFO - 
[578/1000] Processing G.R. No. 178628
2025-12-06 12:21:33,094 - INFO -   Title: Bai Sandra S. A. Sema vs. Commission on Elections and Didage...
2025-12-06 12:21:33,956 - WARNING -   ✗ Could not fetch case from any URL
2025-12-06 12:21:33,956 - INFO - 
[579/1000] Processing G.R. No. 178759
2025-12-06 12:21:33,956 - INFO -   Title: Chevron Philippines, Inc. vs. Commission of the Bureau of cu...
2025-12-06 12:21:34,375 - INFO -   ✓ Saved: RESTRUCTURED_DB/2008/aug/178759.json
2025-12-06 12:21:34,875 - INFO - 
[580/1000] Processing G.R. No. 178767
2025-12-06 12:21:34,876 - INFO -   Title: Norma Patalinghug, et al. vs. Commission on Elections, et al...
2025-12-06 12:21:35,276 - INFO -   ✓ Saved: RESTRUCTURED_DB/2008/jan/178767.json
2025-12-06 12:21:35,776 - INFO - 
[581/1000] Processing G.R. No. 178770
2025-12-06 12:21:35,776 - INFO -   Title: People of the Philippines vs. Fernando Bucayo y Mojica, et a...
2025-12-06 12:21:36,549 - INFO -   ✓ Saved: RESTRUCTURED_DB/2008/jun/178770.json
2025-12-06 12:21:37,049 - INFO - 
[582/1000] Processing G.R. No. 178830
2025-12-06 12:21:37,049 - INFO -   Title: Rolex Suplico vs. NEDA / Amsterdam Holdings vs. DOTC / Galel...
2025-12-06 12:21:37,615 - INFO -   ✓ Saved: RESTRUCTURED_DB/2008/jul/178830.json
2025-12-06 12:21:38,115 - INFO - 
[583/1000] Processing G.R. No. 178836
2025-12-06 12:21:38,115 - INFO -   Title: Elvira "Elvie" Joson vs. People of the Philippines...
2025-12-06 12:21:38,328 - INFO -   ✓ Saved: RESTRUCTURED_DB/2008/jul/178836.json
2025-12-06 12:21:38,828 - INFO - 
[584/1000] Processing G.R. No. 178876
2025-12-06 12:21:38,828 - INFO -   Title: People of the Philippines vs. Alfredo Concepcion y Clemente,...
2025-12-06 12:21:39,214 - INFO -   ✓ Saved: RESTRUCTURED_DB/2008/jun/178876.json
2025-12-06 12:21:39,714 - INFO - 
[585/1000] Processing G.R. No. 178881
2025-12-06 12:21:39,714 - INFO -   Title: Sps. Alex and Julie Lam vs. Metropolitan Bank and Trust Co....
2025-12-06 12:21:39,921 - INFO -   ✓ Saved: RESTRUCTURED_DB/2008/feb/178881.json
2025-12-06 12:21:40,421 - INFO - 
[586/1000] Processing G.R. No. 178884
2025-12-06 12:21:40,422 - INFO -   Title: Ricardo P. Presbitero, Jr., et al. vs. Commission on Electio...
2025-12-06 12:21:40,629 - INFO -   ✓ Saved: RESTRUCTURED_DB/2008/jun/178884.json
2025-12-06 12:21:41,129 - INFO - 
[587/1000] Processing G.R. No. 178907
2025-12-06 12:21:41,129 - INFO -   Title: Flora N. Flores herein rep. by her Attys-in-f act Jose Navar...
2025-12-06 12:21:41,334 - INFO -   ✓ Saved: RESTRUCTURED_DB/2008/jul/178907.json
2025-12-06 12:21:41,835 - INFO - 
[588/1000] Processing G.R. No. 178923
2025-12-06 12:21:41,835 - INFO -   Title: Office of the Ombudsman vs. Rolando L. Magno and the Court o...
2025-12-06 12:21:42,394 - INFO -   ✓ Saved: RESTRUCTURED_DB/2008/nov/178923.json
2025-12-06 12:21:42,894 - INFO - 
[589/1000] Processing G.R. No. 179030
2025-12-06 12:21:42,894 - INFO -   Title: People of the Philippines vs. Marcelino Ramos...
2025-12-06 12:21:43,102 - INFO -   ✓ Saved: RESTRUCTURED_DB/2008/jun/179030.json
2025-12-06 12:21:43,603 - INFO - 
[590/1000] Processing G.R. No. 179035
2025-12-06 12:21:43,603 - INFO -   Title: The People of the Philippines vs. Jesus Paycana, Jr....
2025-12-06 12:21:43,811 - INFO -   ✓ Saved: RESTRUCTURED_DB/2008/apr/179035.json
2025-12-06 12:21:44,311 - INFO - 
[591/1000] Processing G.R. No. 179036
2025-12-06 12:21:44,311 - INFO -   Title: People of the Philippines vs. Carlito Mateo y Patawid...
2025-12-06 12:21:44,696 - INFO -   ✓ Saved: RESTRUCTURED_DB/2008/jul/179036.json
2025-12-06 12:21:45,196 - INFO - 
[592/1000] Processing G.R. No. 179051
2025-12-06 12:21:45,196 - INFO -   Title: People of the Philippines vs. Gilbert Mallari y Tayag...
2025-12-06 12:21:45,416 - INFO -   ✓ Saved: RESTRUCTURED_DB/2008/mar/179051.json
2025-12-06 12:21:45,916 - INFO - 
[593/1000] Processing G.R. No. 179104
2025-12-06 12:21:45,916 - INFO -   Title: Anastacio Tuballa Heirs, etc. vs. Raul Cabrera, et al....
2025-12-06 12:21:46,123 - INFO -   ✓ Saved: RESTRUCTURED_DB/2008/feb/179104.json
2025-12-06 12:21:46,623 - INFO - 
[594/1000] Processing G.R. No. 179150
2025-12-06 12:21:46,623 - INFO -   Title: People of the Philippines vs. Delia Bayani y Botanes...
2025-12-06 12:21:47,007 - INFO -   ✓ Saved: RESTRUCTURED_DB/2008/jun/179150.json
2025-12-06 12:21:47,507 - INFO - 
[595/1000] Processing G.R. No. 179174
2025-12-06 12:21:47,507 - INFO -   Title: Reynaldo Madrigalejos vs. Geminilou Trucking Service, et al....
2025-12-06 12:21:47,716 - INFO -   ✓ Saved: RESTRUCTURED_DB/2008/dec/179174.json
2025-12-06 12:21:48,216 - INFO - 
[596/1000] Processing G.R. No. 179189
2025-12-06 12:21:48,216 - INFO -   Title: The People of the Philippines vs. Reynaldo Resuma y Agravant...
2025-12-06 12:21:48,601 - INFO -   ✓ Saved: RESTRUCTURED_DB/2008/feb/179189.json
2025-12-06 12:21:49,101 - INFO - 
[597/1000] Processing G.R. No. 179261
2025-12-06 12:21:49,101 - INFO -   Title: The Ombudsman, et al. vs. Beatriz S. Pelino....
2025-12-06 12:21:49,501 - INFO -   ✓ Saved: RESTRUCTURED_DB/2008/apr/179261.json
2025-12-06 12:21:50,001 - INFO - 
[598/1000] Processing G.R. No. 179277
2025-12-06 12:21:50,001 - INFO -   Title: People of the Philippines vs. Ramon Coja y Simeon...
2025-12-06 12:21:50,210 - INFO -   ✓ Saved: RESTRUCTURED_DB/2008/jun/179277.json
2025-12-06 12:21:50,710 - INFO - 
[599/1000] Processing G.R. No. 179278
2025-12-06 12:21:50,710 - INFO -   Title: People of the Philippines vs. Charlie Villa Jr....
2025-12-06 12:21:51,095 - INFO -   ✓ Saved: RESTRUCTURED_DB/2008/mar/176278.json
2025-12-06 12:21:51,595 - INFO - 
[600/1000] Processing G.R. No. 179285
2025-12-06 12:21:51,595 - INFO -   Title: Imelda Q. Dimaporo vs. Commission on Elections, et al....
2025-12-06 12:21:51,804 - INFO -   ✓ Saved: RESTRUCTURED_DB/2008/feb/179285.json
2025-12-06 12:21:52,304 - INFO - 
[601/1000] Processing G.R. No. 179337
2025-12-06 12:21:52,304 - INFO -   Title: Joseph Saludaga vs. Far Eastern University, et al...
2025-12-06 12:21:52,688 - INFO -   ✓ Saved: RESTRUCTURED_DB/2008/apr/179337.json
2025-12-06 12:21:53,188 - INFO - 
[602/1000] Processing G.R. No. 179413
2025-12-06 12:21:53,188 - INFO -   Title: Priscila R. Justimbaste vs. Commission on Elections, et al....
2025-12-06 12:21:53,572 - INFO -   ✓ Saved: RESTRUCTURED_DB/2008/nov/179413.json
2025-12-06 12:21:54,072 - INFO - 
[603/1000] Processing G.R. No. 179477
2025-12-06 12:21:54,073 - INFO -   Title: The People of the Philippines vs. Jimmy Tabio...
2025-12-06 12:21:54,281 - INFO -   ✓ Saved: RESTRUCTURED_DB/2008/feb/179477.json
2025-12-06 12:21:54,782 - INFO - 
[604/1000] Processing G.R. No. 179478
2025-12-06 12:21:54,782 - INFO -   Title: People of the Philippines vs. Jinggoy Mateo y Rodriguez...
2025-12-06 12:21:55,168 - INFO -   ✓ Saved: RESTRUCTURED_DB/2008/jul/179478.json
2025-12-06 12:21:55,668 - INFO - 
[605/1000] Processing G.R. No. 179499
2025-12-06 12:21:55,668 - INFO -   Title: People of the Philippines vs. Toribio Jabiniano Jr., et al....
2025-12-06 12:21:56,053 - INFO -   ✓ Saved: RESTRUCTURED_DB/2008/apr/179499.json
2025-12-06 12:21:56,553 - INFO - 
[606/1000] Processing G.R. No. 179695
2025-12-06 12:21:56,553 - INFO -   Title: Mike A. Fermin vs. Commission on Electons, et al....
2025-12-06 12:21:56,940 - INFO -   ✓ Saved: RESTRUCTURED_DB/2008/dec/179695.json
2025-12-06 12:21:57,440 - INFO - 
[607/1000] Processing G.R. No. 179712
2025-12-06 12:21:57,440 - INFO -   Title: People of the Philippines vs. Efren Maglente y Cervantes...
2025-12-06 12:21:57,651 - INFO -   ✓ Saved: RESTRUCTURED_DB/2008/jun/179712.json
2025-12-06 12:21:58,151 - INFO - 
[608/1000] Processing G.R. No. 179718
2025-12-06 12:21:58,151 - INFO -   Title: People of the Philippines vs. Lourdes V. Legaspi...
2025-12-06 12:21:58,358 - INFO -   ✓ Saved: RESTRUCTURED_DB/2008/sep/179718.json
2025-12-06 12:21:58,858 - INFO - 
[609/1000] Processing G.R. No. 179802
2025-12-06 12:21:58,858 - INFO -   Title: Maritime Corp et al. vs. Jaime M. Velasquez, et al....
2025-12-06 12:21:59,241 - INFO -   ✓ Saved: RESTRUCTURED_DB/2008/nov/179802.json
2025-12-06 12:21:59,741 - INFO - 
[610/1000] Processing G.R. No. 179813
2025-12-06 12:21:59,741 - INFO -   Title: Datu Pax Pakung S. Mangudadatu vs. the House of Representati...
2025-12-06 12:22:00,124 - INFO -   ✓ Saved: RESTRUCTURED_DB/2008/dec/179813.json
2025-12-06 12:22:00,624 - INFO - 
[611/1000] Processing G.R. No. 179817
2025-12-06 12:22:00,624 - INFO -   Title: Antonio F. Trillanes, IV vs. Hon. Oscar Pimentel, Sr., etc.,...
2025-12-06 12:22:01,010 - INFO -   ✓ Saved: RESTRUCTURED_DB/2008/jun/179817.json
2025-12-06 12:22:01,510 - INFO - 
[612/1000] Processing G.R. No. 179848
2025-12-06 12:22:01,510 - INFO -   Title: Nestor A. Jacot vs. Rogen T. Dal, et al....
2025-12-06 12:22:01,894 - INFO -   ✓ Saved: RESTRUCTURED_DB/2008/nov/179848.json
2025-12-06 12:22:02,394 - INFO - 
[613/1000] Processing G.R. No. 179851
2025-12-06 12:22:02,394 - INFO -   Title: Mayor Jose Ugdoracion vs. Commission on Elections, et al....
2025-12-06 12:22:02,603 - INFO -   ✓ Saved: RESTRUCTURED_DB/2008/apr/179851.json
2025-12-06 12:22:03,103 - INFO - 
[614/1000] Processing G.R. No. 179878
2025-12-06 12:22:03,103 - INFO -   Title: Negros Oriental Planters Association, Inc. (NOPA) vs. Hon. P...
2025-12-06 12:22:03,486 - INFO -   ✓ Saved: RESTRUCTURED_DB/2008/dec/179878.json
2025-12-06 12:22:03,986 - INFO - 
[615/1000] Processing G.R. No. 179895
2025-12-06 12:22:03,986 - INFO -   Title: Ferdinand S. Topacio vs. Associate Justice of the Sandiganba...
2025-12-06 12:22:04,379 - INFO -   ✓ Saved: RESTRUCTURED_DB/2008/dec/179895.json
2025-12-06 12:22:04,879 - INFO - 
[616/1000] Processing G.R. No. 179898
2025-12-06 12:22:04,879 - INFO -   Title: Maunlad Homes, Inc. et al. vs. Union Bank of the Phils., et ...
2025-12-06 12:22:05,098 - INFO -   ✓ Saved: RESTRUCTURED_DB/2008/dec/179898.json
2025-12-06 12:22:05,599 - INFO - 
[617/1000] Processing G.R. No. 179922
2025-12-06 12:22:05,599 - INFO -   Title: Juan De Delos Carlos vs. Felicidad Sandoval, et al....
2025-12-06 12:22:05,984 - INFO -   ✓ Saved: RESTRUCTURED_DB/2008/dec/179922.json
2025-12-06 12:22:06,484 - INFO - 
[618/1000] Processing G.R. No. 179939
2025-12-06 12:22:06,484 - INFO -   Title: People of the Philippines vs. Geraldine Magat Y Paderon...
2025-12-06 12:22:06,693 - INFO -   ✓ Saved: RESTRUCTURED_DB/2008/sep/179939.json
2025-12-06 12:22:07,193 - INFO - 
[619/1000] Processing G.R. No. 179940
2025-12-06 12:22:07,194 - INFO -   Title: People of the Philippines vs. Norberto Del Monte Gapay...
2025-12-06 12:22:07,407 - INFO -   ✓ Saved: RESTRUCTURED_DB/2008/apr/179940.json
2025-12-06 12:22:07,908 - INFO - 
[620/1000] Processing G.R. No. 180051
2025-12-06 12:22:07,908 - INFO -   Title: Nardo M. Velasco vs. Commission on Elections, et al....
2025-12-06 12:22:08,293 - INFO -   ✓ Saved: RESTRUCTURED_DB/2008/dec/180051.json
2025-12-06 12:22:08,793 - INFO - 
[621/1000] Processing G.R. No. 180146
2025-12-06 12:22:08,793 - INFO -   Title: P02 Ruel C. Montoya vs. Police Director Reynaldo P. Varilla,...
2025-12-06 12:22:09,178 - INFO -   ✓ Saved: RESTRUCTURED_DB/2008/dec/180146.json
2025-12-06 12:22:09,678 - INFO - 
[622/1000] Processing G.R. No. 180164
2025-12-06 12:22:09,678 - INFO -   Title: Florentino P. Blanco vs. the Commission on Elections, et al....
2025-12-06 12:22:09,908 - INFO -   ✓ Saved: RESTRUCTURED_DB/2008/jun/180164.json
2025-12-06 12:22:10,408 - INFO - 
[623/1000] Processing G.R. No. 180299
2025-12-06 12:22:10,408 - INFO -   Title: Lyndon D. Bolser vs. People of the Philippines...
2025-12-06 12:22:10,615 - INFO -   ✓ Saved: RESTRUCTURED_DB/2008/jan/180299.json
2025-12-06 12:22:11,115 - INFO - 
[624/1000] Processing G.R. No. 180394
2025-12-06 12:22:11,115 - INFO -   Title: Marjorie B. Cadimas, Represented by her Atty-In-Fact, Venanc...
2025-12-06 12:22:11,498 - INFO -   ✓ Saved: RESTRUCTURED_DB/2008/sep/180394.json
2025-12-06 12:22:11,999 - INFO - 
[625/1000] Processing G.R. No. 180425
2025-12-06 12:22:11,999 - INFO -   Title: Felix Rait vs. the People of the Philippines...
2025-12-06 12:22:12,206 - INFO -   ✓ Saved: RESTRUCTURED_DB/2008/jul/180425.json
2025-12-06 12:22:12,706 - INFO - 
[626/1000] Processing G.R. No. 180448
2025-12-06 12:22:12,706 - INFO -   Title: The People of the Philippines vs. Budoy Gonzales y Lacdang...
2025-12-06 12:22:13,089 - INFO -   ✓ Saved: RESTRUCTURED_DB/2008/jul/180448.json
2025-12-06 12:22:13,589 - INFO - 
[627/1000] Processing G.R. No. 180451
2025-12-06 12:22:13,589 - INFO -   Title: People of the Philippines vs. SPO1 Arnulfo a Aure, et al....
2025-12-06 12:22:14,166 - INFO -   ✓ Saved: RESTRUCTURED_DB/2008/oct/180451.json
2025-12-06 12:22:14,666 - INFO - 
[628/1000] Processing G.R. No. 180499
2025-12-06 12:22:14,666 - INFO -   Title: The People of the Phil. vs. Conrado Cacayan...
2025-12-06 12:22:14,877 - INFO -   ✓ Saved: RESTRUCTURED_DB/2008/jul/180499.json
2025-12-06 12:22:15,377 - INFO - 
[629/1000] Processing G.R. No. 180501
2025-12-06 12:22:15,377 - INFO -   Title: People of the Philippines vs. Roger Mendoza y Dela Cruz...
2025-12-06 12:22:15,587 - INFO -   ✓ Saved: RESTRUCTURED_DB/2008/dec/180501.json
2025-12-06 12:22:16,087 - INFO - 
[630/1000] Processing G.R. No. 180507
2025-12-06 12:22:16,087 - INFO -   Title: People of the Philippines vs. Nestor Bajada y Bautista, et a...
2025-12-06 12:22:16,295 - INFO -   ✓ Saved: RESTRUCTURED_DB/2008/nov/180507.json
2025-12-06 12:22:16,795 - INFO - 
[631/1000] Processing G.R. No. 180511
2025-12-06 12:22:16,796 - INFO -   Title: People of the Philippines vs. Marilyn Naquita y Cibulo...
2025-12-06 12:22:17,182 - INFO -   ✓ Saved: RESTRUCTURED_DB/2008/jul/180511.json
2025-12-06 12:22:17,682 - INFO - 
[632/1000] Processing G.R. No. 180512
2025-12-06 12:22:17,682 - INFO -   Title: People of the Philippines vs. Noel Cuasay...
2025-12-06 12:22:17,889 - INFO -   ✓ Saved: RESTRUCTURED_DB/2008/oct/180512.json
2025-12-06 12:22:18,390 - INFO - 
[633/1000] Processing G.R. No. 180557
2025-12-06 12:22:18,390 - INFO -   Title: Heirs of Roque F. Tabuena, et al. vs. Land Bank of the Phili...
2025-12-06 12:22:18,773 - INFO -   ✓ Saved: RESTRUCTURED_DB/2008/sep/180557.json
2025-12-06 12:22:19,274 - INFO - 
[634/1000] Processing G.R. No. 180597
2025-12-06 12:22:19,274 - INFO -   Title: Raul Basilio D. Boac, et al. vs. People of the Philippines...
2025-12-06 12:22:19,671 - INFO -   ✓ Saved: RESTRUCTURED_DB/2008/nov/180597.json
2025-12-06 12:22:20,171 - INFO - 
[635/1000] Processing G.R. No. 180700
2025-12-06 12:22:20,171 - INFO -   Title: Gerardo R.Villasenor, et al. vs. Sandiganbayan, et al....
2025-12-06 12:22:20,387 - INFO -   ✓ Saved: RESTRUCTURED_DB/2008/mar/180700.json
2025-12-06 12:22:20,887 - INFO - 
[636/1000] Processing G.R. No. 180719
2025-12-06 12:22:20,888 - INFO -   Title: Centennial Transmarine, Inc. et al. vs. Ruben G. Dela Cruz...
2025-12-06 12:22:21,279 - INFO -   ✓ Saved: RESTRUCTURED_DB/2008/aug/180719.json
2025-12-06 12:22:21,780 - INFO - 
[637/1000] Processing G.R. No. 180730
2025-12-06 12:22:21,780 - INFO -   Title: Carlos Gonzales vs. Hon. Judge Mercedes Posada Lacap, etc., ...
2025-12-06 12:22:21,987 - INFO -   ✓ Saved: RESTRUCTURED_DB/2008/dec/180730.json
2025-12-06 12:22:22,487 - INFO - 
[638/1000] Processing G.R. No. 180832
2025-12-06 12:22:22,487 - INFO -   Title: Jerome Castro vs. People of the Philippines...
2025-12-06 12:22:22,869 - INFO -   ✓ Saved: RESTRUCTURED_DB/2008/jul/180832.json
2025-12-06 12:22:23,369 - INFO - 
[639/1000] Processing G.R. No. 180884
2025-12-06 12:22:23,369 - INFO -   Title: Emerlinda S. Talento, etc. vs. Hon. Remigio M. Escalada, Jr....
2025-12-06 12:22:23,752 - INFO -   ✓ Saved: RESTRUCTURED_DB/2008/jun/180884.json
2025-12-06 12:22:24,252 - INFO - 
[640/1000] Processing G.R. No. 180906
2025-12-06 12:22:24,252 - INFO -   Title: The Secretary of National Defense, et al. vs. Manalo...
2025-12-06 12:22:24,822 - INFO -   ✓ Saved: RESTRUCTURED_DB/2008/oct/180906.json
2025-12-06 12:22:25,323 - INFO - 
[641/1000] Processing G.R. No. 180920
2025-12-06 12:22:25,323 - INFO -   Title: People of the Philippines vs. Edgardo Z. Antonio...
2025-12-06 12:22:25,531 - INFO -   ✓ Saved: RESTRUCTURED_DB/2008/mar/180920.json
2025-12-06 12:22:26,031 - INFO - 
[642/1000] Processing G.R. No. 180925
2025-12-06 12:22:26,031 - INFO -   Title: The People of the Philippines vs. Jaime del Castillo...
2025-12-06 12:22:26,239 - INFO -   ✓ Saved: RESTRUCTURED_DB/2008/aug/180925.json
2025-12-06 12:22:26,739 - INFO - 
[643/1000] Processing G.R. No. 180926
2025-12-06 12:22:26,740 - INFO -   Title: People of the Philippines vs. Lourdes V Alenciano y Dacuba...
2025-12-06 12:22:26,946 - INFO -   ✓ Saved: RESTRUCTURED_DB/2008/dec/180926.json
2025-12-06 12:22:27,447 - INFO - 
[644/1000] Processing G.R. No. 180986
2025-12-06 12:22:27,447 - INFO -   Title: Norberto Altres, et al. vs. Camilo G. Empleo, et al....
2025-12-06 12:22:27,832 - INFO -   ✓ Saved: RESTRUCTURED_DB/2008/dec/180986.json
2025-12-06 12:22:28,332 - INFO - 
[645/1000] Processing G.R. No. 181043
2025-12-06 12:22:28,332 - INFO -   Title: The People of the Philippines vs. Millano Muit, et al....
2025-12-06 12:22:28,717 - INFO -   ✓ Saved: RESTRUCTURED_DB/2008/oct/181043.json
2025-12-06 12:22:29,218 - INFO - 
[646/1000] Processing G.R. No. 181086
2025-12-06 12:22:29,218 - INFO -   Title: People of the Philippines vs. Alfredo Natan...
2025-12-06 12:22:29,425 - INFO -   ✓ Saved: RESTRUCTURED_DB/2008/jul/181086.json
2025-12-06 12:22:29,925 - INFO - 
[647/1000] Processing G.R. No. 181097
2025-12-06 12:22:29,925 - INFO -   Title: Norlainie Mitmug Limbona vs. Commission on Elections, et al....
2025-12-06 12:22:30,309 - INFO -   ✓ Saved: RESTRUCTURED_DB/2008/jun/181097.json
2025-12-06 12:22:30,809 - INFO - 
[648/1000] Processing G.R. No. 181245
2025-12-06 12:22:30,809 - INFO -   Title: People of the Philippines vs. Jimmy Ang, et al....
2025-12-06 12:22:31,018 - INFO -   ✓ Saved: RESTRUCTURED_DB/2008/aug/181245.json
2025-12-06 12:22:31,518 - INFO - 
[649/1000] Processing G.R. No. 181441
2025-12-06 12:22:31,518 - INFO -   Title: People of the Philippines vs. Larry Lopez...
2025-12-06 12:22:31,900 - INFO -   ✓ Saved: RESTRUCTURED_DB/2008/nov/181441.json
2025-12-06 12:22:32,400 - INFO - 
[650/1000] Processing G.R. No. 181467
2025-12-06 12:22:32,401 - INFO -   Title: People of the Philippines vs. Ambrosio Goleas Y Limuel, et a...
2025-12-06 12:22:32,785 - INFO -   ✓ Saved: RESTRUCTURED_DB/2008/aug/181467.json
2025-12-06 12:22:33,285 - INFO - 
[651/1000] Processing G.R. No. 181492
2025-12-06 12:22:33,285 - INFO -   Title: The People of the Philippines vs. Samuel Obmiranis Y Oreta...
2025-12-06 12:22:33,669 - INFO -   ✓ Saved: RESTRUCTURED_DB/2008/dec/181492.json
2025-12-06 12:22:34,170 - INFO - 
[652/1000] Processing G.R. No. 181493
2025-12-06 12:22:34,170 - INFO -   Title: People of the Philippines vs. Ricardo Notarion y Zanoria...
2025-12-06 12:22:34,378 - INFO -   ✓ Saved: RESTRUCTURED_DB/2008/aug/181493.json
2025-12-06 12:22:34,878 - INFO - 
[653/1000] Processing G.R. No. 181545
2025-12-06 12:22:34,878 - INFO -   Title: The People of the Philippines vs. Mark Dela Cruz...
2025-12-06 12:22:35,096 - INFO -   ✓ Saved: RESTRUCTURED_DB/2008/oct/181545.json
2025-12-06 12:22:35,596 - INFO - 
[654/1000] Processing G.R. No. 181546
2025-12-06 12:22:35,596 - INFO -   Title: People of the Philippines vs. Ricardo Alunday...
2025-12-06 12:22:35,989 - INFO -   ✓ Saved: RESTRUCTURED_DB/2008/sep/181546.json
2025-12-06 12:22:36,490 - INFO - 
[655/1000] Processing G.R. No. 181568
2025-12-06 12:22:36,490 - INFO -   Title: Sps. Manalo P. Hernal, Jr., et al. vs. Sps. Paulino De Guzma...
2025-12-06 12:22:36,707 - INFO -   ✓ Saved: RESTRUCTURED_DB/2008/jun/181568.json
2025-12-06 12:22:37,207 - INFO - 
[656/1000] Processing G.R. No. 181599
2025-12-06 12:22:37,207 - INFO -   Title: People of the Philippines vs. Salvador Dumlao y Agliam alias...
2025-12-06 12:22:37,597 - INFO -   ✓ Saved: RESTRUCTURED_DB/2008/aug/181599.json
2025-12-06 12:22:38,097 - INFO - 
[657/1000] Processing G.R. No. 181631
2025-12-06 12:22:38,097 - INFO -   Title: The People of the Philippines vs. Jose Balinas, Jr....
2025-12-06 12:22:38,480 - INFO -   ✓ Saved: RESTRUCTURED_DB/2008/sep/181631.json
2025-12-06 12:22:38,980 - INFO - 
[658/1000] Processing G.R. No. 181633
2025-12-06 12:22:38,980 - INFO -   Title: People of the Philippines vs. Roger Ugos...
2025-12-06 12:22:39,363 - INFO -   ✓ Saved: RESTRUCTURED_DB/2008/sep/181633.json
2025-12-06 12:22:39,863 - INFO - 
[659/1000] Processing G.R. No. 181644
2025-12-06 12:22:39,863 - INFO -   Title: Hermilina N. Abainza vs. Ernesto Arellano, et al....
2025-12-06 12:22:40,077 - INFO -   ✓ Saved: RESTRUCTURED_DB/2008/dec/181644.json
2025-12-06 12:22:40,578 - INFO - 
[660/1000] Processing G.R. No. 181747
2025-12-06 12:22:40,578 - INFO -   Title: People of the Philippines vs. Narciso Agulay y Lopez...
2025-12-06 12:22:41,144 - INFO -   ✓ Saved: RESTRUCTURED_DB/2008/sep/181747.json
2025-12-06 12:22:41,644 - INFO - 
[661/1000] Processing G.R. No. 181818
2025-12-06 12:22:41,644 - INFO -   Title: Edgar Perpetuo Fermin E. Hipol vs. National Labor Relations ...
2025-12-06 12:22:41,851 - INFO -   ✓ Saved: RESTRUCTURED_DB/2008/dec/181818.json
2025-12-06 12:22:42,351 - INFO - 
[662/1000] Processing G.R. No. 181899
2025-12-06 12:22:42,351 - INFO -   Title: People of the Philippines vs. Rolly Montesa Y Lumiran...
2025-12-06 12:22:42,749 - INFO -   ✓ Saved: RESTRUCTURED_DB/2008/nov/181899.json
2025-12-06 12:22:43,250 - INFO - 
[663/1000] Processing G.R. No. 181901
2025-12-06 12:22:43,250 - INFO -   Title: People of the Philippines vs. Emilio Manchu, et al....
2025-12-06 12:22:43,458 - INFO -   ✓ Saved: RESTRUCTURED_DB/2008/nov/181901.json
2025-12-06 12:22:43,959 - INFO - 
[664/1000] Processing G.R. No. 182084
2025-12-06 12:22:43,959 - INFO -   Title: Librado M. Cabrera vs. the Commission on Elections, et al....
2025-12-06 12:22:44,166 - INFO -   ✓ Saved: RESTRUCTURED_DB/2008/oct/182084.json
2025-12-06 12:22:44,667 - INFO - 
[665/1000] Processing G.R. No. 182192
2025-12-06 12:22:44,667 - INFO -   Title: People of the Philippines vs. Agripino Guevarra Y Mulingtapa...
2025-12-06 12:22:45,054 - INFO -   ✓ Saved: RESTRUCTURED_DB/2008/oct/182192.json
2025-12-06 12:22:45,554 - INFO - 
[666/1000] Processing G.R. No. 182193
2025-12-06 12:22:45,554 - INFO -   Title: People of the Philippines vs. Fidel Canete...
2025-12-06 12:22:45,762 - INFO -   ✓ Saved: RESTRUCTURED_DB/2008/nov/182193.json
2025-12-06 12:22:46,263 - INFO - 
[667/1000] Processing G.R. No. 182232
2025-12-06 12:22:46,263 - INFO -   Title: People of the Philippines vs. Nenita B. Hu...
2025-12-06 12:22:46,648 - INFO -   ✓ Saved: RESTRUCTURED_DB/2008/oct/182232.json
2025-12-06 12:22:47,148 - INFO - 
[668/1000] Processing G.R. No. 182347
2025-12-06 12:22:47,148 - INFO -   Title: People of the Philippines vs. Emilio Rivera Y Cablang...
2025-12-06 12:22:47,533 - INFO -   ✓ Saved: RESTRUCTURED_DB/2008/oct/182347.json
2025-12-06 12:22:48,033 - INFO - 
[669/1000] Processing G.R. No. 182348
2025-12-06 12:22:48,033 - INFO -   Title: People of the Philippines vs. Carlos dela Cruz...
2025-12-06 12:22:48,241 - INFO -   ✓ Saved: RESTRUCTURED_DB/2008/nov/182348.json
2025-12-06 12:22:48,742 - INFO - 
[670/1000] Processing G.R. No. 182374
2025-12-06 12:22:48,742 - INFO -   Title: Jemias V. Esteves vs. Rene V. Sarmiento, et al....
2025-12-06 12:22:48,949 - INFO -   ✓ Saved: RESTRUCTURED_DB/2008/nov/182374.json
2025-12-06 12:22:49,450 - INFO - 
[671/1000] Processing G.R. No. 182421
2025-12-06 12:22:49,450 - INFO -   Title: UCPB General Insurance Corporation vs. Owner of M/V "Sarinde...
2025-12-06 12:22:49,657 - INFO -   ✓ Saved: RESTRUCTURED_DB/2008/oct/182421.json
2025-12-06 12:22:50,157 - INFO - 
[672/1000] Processing G.R. No. 182484
2025-12-06 12:22:50,157 - INFO -   Title: Daniel Masangka y Tapuz, et al. vs. Hon. Judge Elmo del Rosa...
2025-12-06 12:22:50,542 - INFO -   ✓ Saved: RESTRUCTURED_DB/2008/jun/182484.json
2025-12-06 12:22:51,042 - INFO - 
[673/1000] Processing G.R. No. 182548
2025-12-06 12:22:51,042 - INFO -   Title: People of the Philippines vs. Cesario Osianas, et al....
2025-12-06 12:22:51,428 - INFO -   ✓ Saved: RESTRUCTURED_DB/2008/sep/182548.json
2025-12-06 12:22:51,928 - INFO - 
[674/1000] Processing G.R. No. 182694
2025-12-06 12:22:51,928 - INFO -   Title: Igmidio Madrigal vs. People of the Philippines...
2025-12-06 12:22:52,134 - INFO -   ✓ Saved: RESTRUCTURED_DB/2008/aug/182694.json
2025-12-06 12:22:52,635 - INFO - 
[675/1000] Processing G.R. No. 182701
2025-12-06 12:22:52,635 - INFO -   Title: Eusebio Eugenio K. Lopez vs. Commission on Election, et al....
2025-12-06 12:22:52,841 - INFO -   ✓ Saved: RESTRUCTURED_DB/2008/jul/182701.json
2025-12-06 12:22:53,341 - INFO - 
[676/1000] Processing G.R. No. 182718
2025-12-06 12:22:53,342 - INFO -   Title: Julio B. Purcon, Jr. vs. MRM Philippines, Inc., et al....
2025-12-06 12:22:53,724 - INFO -   ✓ Saved: RESTRUCTURED_DB/2008/sep/182718.json
2025-12-06 12:22:54,224 - INFO - 
[677/1000] Processing G.R. No. 182795
2025-12-06 12:22:54,224 - INFO -   Title: Armando Q. Canlas, et al. vs. Napico Homeowners Association,...
2025-12-06 12:22:54,441 - INFO -   ✓ Saved: RESTRUCTURED_DB/2008/jun/182795.json
2025-12-06 12:22:54,941 - INFO - 
[678/1000] Processing G.R. No. 182865
2025-12-06 12:22:54,941 - INFO -   Title: Romulo F. Pecson vs. Commission on Elections, et al....
2025-12-06 12:22:55,328 - INFO -   ✓ Saved: RESTRUCTURED_DB/2008/dec/182865.json
2025-12-06 12:22:55,829 - INFO - 
[679/1000] Processing G.R. No. 182867
2025-12-06 12:22:55,829 - INFO -   Title: Roberto Laceda, Sr. vs. Randy L. Limena, et al....
2025-12-06 12:22:56,036 - INFO -   ✓ Saved: RESTRUCTURED_DB/2008/nov/182867.json
2025-12-06 12:22:56,537 - INFO - 
[680/1000] Processing G.R. No. 182924
2025-12-06 12:22:56,537 - INFO -   Title: People of the Philippines vs. Jose Perez Y Dalegdeg...
2025-12-06 12:22:57,099 - INFO -   ✓ Saved: RESTRUCTURED_DB/2008/dec/182924.json
2025-12-06 12:22:57,600 - INFO - 
[681/1000] Processing G.R. No. 183087
2025-12-06 12:22:57,600 - INFO -   Title: People of the Philippines vs. Ignacio Isang y Lagay...
2025-12-06 12:22:57,808 - INFO -   ✓ Saved: RESTRUCTURED_DB/2008/dec/183087.json
2025-12-06 12:22:58,308 - INFO - 
[682/1000] Processing G.R. No. 183171
2025-12-06 12:22:58,308 - INFO -   Title: Francisco S. Tatad vs. Commission on Appointments...
2025-12-06 12:22:58,938 - INFO -   ✓ Saved: RESTRUCTURED_DB/2008/aug/183171.json
2025-12-06 12:22:59,438 - INFO - 
[683/1000] Processing G.R. No. 183456
2025-12-06 12:22:59,438 - INFO -   Title: People of the Philippines vs. Regino Tormis...
2025-12-06 12:22:59,987 - INFO -   ✓ Saved: RESTRUCTURED_DB/2008/dec/183456.json
2025-12-06 12:23:00,487 - INFO - 
[684/1000] Processing G.R. No. 183696
2025-12-06 12:23:00,487 - INFO -   Title: People of the Philippines vs. Nelson Arraz...
2025-12-06 12:23:00,692 - INFO -   ✓ Saved: RESTRUCTURED_DB/2008/oct/183696.json
2025-12-06 12:23:01,192 - INFO - 
[685/1000] Processing G.R. No. 183806
2025-12-06 12:23:01,192 - INFO -   Title: Mayor Abraham N. Tolentino vs. Commission on Elections, et a...
2025-12-06 12:23:01,568 - INFO -   ✓ Saved: RESTRUCTURED_DB/2008/sep/165258.json
2025-12-06 12:23:02,068 - INFO - 
[686/1000] Processing G.R. No. 184098
2025-12-06 12:23:02,068 - INFO -   Title: Amado Taopa vs. People of the Philippines...
2025-12-06 12:23:02,272 - INFO -   ✓ Saved: RESTRUCTURED_DB/2008/nov/184098.json
2025-12-06 12:23:02,772 - INFO - 
[687/1000] Processing G.R. No. 184182
2025-12-06 12:23:02,772 - INFO -   Title: People of the Philippines vs. Alfredo M. Papa...
2025-12-06 12:23:02,975 - INFO -   ✓ Saved: RESTRUCTURED_DB/2008/oct/184182.json
2025-12-06 12:23:03,475 - INFO - 
[688/1000] Processing G.R. No. 20089
2025-12-06 12:23:03,475 - INFO -   Title: Beatriz P. Wassmer, vs. Francisco X. Velez...
2025-12-06 12:23:04,273 - WARNING -   ✗ Could not fetch case from any URL
2025-12-06 12:23:04,273 - INFO - 
[689/1000] Processing G.R. No. 119660
2025-12-06 12:23:04,273 - INFO -   Title: Pat. Edgardo Herrera Y Baltoribio et al. vs. Hon. Sandiganba...
2025-12-06 12:23:04,823 - INFO -   ✓ Saved: RESTRUCTURED_DB/2009/feb/146664.json
2025-12-06 12:23:05,323 - INFO - 
[690/1000] Processing G.R. No. 120935
2025-12-06 12:23:05,323 - INFO -   Title: Lucas G. Adamson, et al. vs. Court of Appeals, et al....
2025-12-06 12:23:05,700 - INFO -   ✓ Saved: RESTRUCTURED_DB/2009/may/120935.json
2025-12-06 12:23:06,201 - INFO - 
[691/1000] Processing G.R. No. 124557
2025-12-06 12:23:06,201 - INFO -   Title: Commissioner of Internal Revenue vs. Court of Appeals, et al...
2025-12-06 12:23:07,001 - WARNING -   ✗ Could not fetch case from any URL
2025-12-06 12:23:07,001 - INFO - 
[692/1000] Processing G.R. No. 130088
2025-12-06 12:23:07,001 - INFO -   Title: Tala Realy Services Corp., et al. vs. Hon. Court of Appeals ...
2025-12-06 12:23:07,207 - INFO -   ✓ Saved: RESTRUCTURED_DB/2009/apr/130088.json
2025-12-06 12:23:07,707 - INFO - 
[693/1000] Processing G.R. No. 130223
2025-12-06 12:23:07,708 - INFO -   Title: Rural Bank of Sta. Barbara (Pangasinan), Inc. vs. the Manila...
2025-12-06 12:23:07,913 - INFO -   ✓ Saved: RESTRUCTURED_DB/2009/aug/130223.json
2025-12-06 12:23:08,413 - INFO - 
[694/1000] Processing G.R. No. 130371
2025-12-06 12:23:08,413 - INFO -   Title: Repbulic of the Philippines vs. Ferdinand R. Marcos II and I...
2025-12-06 12:23:08,791 - INFO -   ✓ Saved: RESTRUCTURED_DB/2009/aug/130371.json
2025-12-06 12:23:09,291 - INFO - 
[695/1000] Processing G.R. No. 131469
2025-12-06 12:23:09,291 - INFO -   Title: Tala Realy Services Corp., et al. vs. Hon. Alicia B. Gonzale...
2025-12-06 12:23:10,089 - WARNING -   ✗ Could not fetch case from any URL
2025-12-06 12:23:10,089 - INFO - 
[696/1000] Processing G.R. No. 132540
2025-12-06 12:23:10,089 - INFO -   Title: Albay Electric Cooperative, Inc., et al. vs. Hon. Rafael P. ...
2025-12-06 12:23:10,293 - INFO -   ✓ Saved: RESTRUCTURED_DB/2009/apr/132540.json
2025-12-06 12:23:10,793 - INFO - 
[697/1000] Processing G.R. No. 132826
2025-12-06 12:23:10,793 - INFO -   Title: Rolando Saa vs. Integrated Bar of the Philippines, Commissoi...
2025-12-06 12:23:11,008 - INFO -   ✓ Saved: RESTRUCTURED_DB/2009/sep/132826.json
2025-12-06 12:23:11,508 - INFO - 
[698/1000] Processing G.R. No. 135703
2025-12-06 12:23:11,508 - INFO -   Title: Presidential Ad Hoc Fact Finding Committee on Behest Loans, ...
2025-12-06 12:23:11,885 - INFO -   ✓ Saved: RESTRUCTURED_DB/2009/apr/135703.json
2025-12-06 12:23:12,385 - INFO - 
[699/1000] Processing G.R. No. 136466
2025-12-06 12:23:12,385 - INFO -   Title: Heirs of Aurelio Reyes vs. Hon. Ernesto D. Garilao, et al....
2025-12-06 12:23:12,770 - INFO -   ✓ Saved: RESTRUCTURED_DB/2009/nov/136466.json
2025-12-06 12:23:13,270 - INFO - 
[700/1000] Processing G.R. No. 136978
2025-12-06 12:23:13,271 - INFO -   Title: GD Express Worldwide N.V., et al. vs. Court of Appeals, et a...
2025-12-06 12:23:13,476 - INFO -   ✓ Saved: RESTRUCTURED_DB/2009/may/136978.json
2025-12-06 12:23:13,976 - INFO - 
[701/1000] Processing G.R. No. 138814
2025-12-06 12:23:13,976 - INFO -   Title: Makati Stock Exchange, Inc., et al. vs. Miguel V. Campos...
2025-12-06 12:23:14,179 - INFO -   ✓ Saved: RESTRUCTURED_DB/2009/apr/138814.json
2025-12-06 12:23:14,680 - INFO - 
[702/1000] Processing G.R. No. 140717
2025-12-06 12:23:14,680 - INFO -   Title: Annie L. Manubay, et al. vs. Hon. Ernesto Garilao...
2025-12-06 12:23:14,892 - INFO -   ✓ Saved: RESTRUCTURED_DB/2009/apr/140717.json
2025-12-06 12:23:15,392 - INFO - 
[703/1000] Processing G.R. No. 140745
2025-12-06 12:23:15,392 - INFO -   Title: City Government of Tagaytay vs. Hon. Eleuterio F. Guerrero, ...
2025-12-06 12:23:16,191 - WARNING -   ✗ Could not fetch case from any URL
2025-12-06 12:23:16,192 - INFO - 
[704/1000] Processing G.R. No. 141001
2025-12-06 12:23:16,192 - INFO -   Title: Bank of America, NT and SA vs. Associated Citizens Bank, et ...
2025-12-06 12:23:16,567 - INFO -   ✓ Saved: RESTRUCTURED_DB/2009/may/141001.json
2025-12-06 12:23:17,067 - INFO - 
[705/1000] Processing G.R. No. 141018
2025-12-06 12:23:17,068 - INFO -   Title: Associated Citizens Bank vs. BA Finance Corporation, et al....
2025-12-06 12:23:17,867 - WARNING -   ✗ Could not fetch case from any URL
2025-12-06 12:23:17,867 - INFO - 
[706/1000] Processing G.R. No. 141451
2025-12-06 12:23:17,867 - INFO -   Title: Ameurfina Melencio-Herrera, et al. vs. Hon. Eleuterio F. Gue...
2025-12-06 12:23:18,666 - WARNING -   ✗ Could not fetch case from any URL
2025-12-06 12:23:18,666 - INFO - 
[707/1000] Processing G.R. No. 141888
2025-12-06 12:23:18,666 - INFO -   Title: Melba Rose R. Sasot vs. Amado Yuson, et al....
2025-12-06 12:23:19,053 - INFO -   ✓ Saved: RESTRUCTURED_DB/2009/jul/141888.json
2025-12-06 12:23:19,554 - INFO - 
[708/1000] Processing G.R. No. 145222
2025-12-06 12:23:19,554 - INFO -   Title: Spouses Roberto Buado and Venus Buado vs. the Honorable Cour...
2025-12-06 12:23:19,929 - INFO -   ✓ Saved: RESTRUCTURED_DB/2009/apr/145222.json
2025-12-06 12:23:20,429 - INFO - 
[709/1000] Processing G.R. No. 145867
2025-12-06 12:23:20,429 - INFO -   Title: Estate of Soledad Manantan etc. vs. Aniceto Somera...
2025-12-06 12:23:20,806 - INFO -   ✓ Saved: RESTRUCTURED_DB/2009/apr/145867.json
2025-12-06 12:23:21,306 - INFO - 
[710/1000] Processing G.R. No. 146408
2025-12-06 12:23:21,306 - INFO -   Title: Philippine Airlines, Inc. vs. Enrique Ligan, et al....
2025-12-06 12:23:21,510 - INFO -   ✓ Saved: RESTRUCTURED_DB/2009/apr/146408.json
2025-12-06 12:23:22,010 - INFO - 
[711/1000] Processing G.R. No. 146534
2025-12-06 12:23:22,010 - INFO -   Title: Spouses Hu Chuan Hai and Leonica Lim Hu vs. Spouses Renato U...
2025-12-06 12:23:22,213 - INFO -   ✓ Saved: RESTRUCTURED_DB/2009/sep/146534.json
2025-12-06 12:23:22,713 - INFO - 
[712/1000] Processing G.R. No. 146548
2025-12-06 12:23:22,713 - INFO -   Title: Heirs of Domingo Hernandez, Sr., vs. Plaridel Mingoa, Sr., e...
2025-12-06 12:23:23,271 - INFO -   ✓ Saved: RESTRUCTURED_DB/2009/dec/146548.json
2025-12-06 12:23:23,771 - INFO - 
[713/1000] Processing G.R. No. 146622
2025-12-06 12:23:23,771 - INFO -   Title: Leonora P. Calanza, et al. vs. Paper Industries Corp., et al...
2025-12-06 12:23:23,975 - INFO -   ✓ Saved: RESTRUCTURED_DB/2009/apr/146622.json
2025-12-06 12:23:24,475 - INFO - 
[714/1000] Processing G.R. No. 147097
2025-12-06 12:23:24,475 - INFO -   Title: Carmelo Lazatin, et al. vs. Hon. Aniano A. Disierto, et al....
2025-12-06 12:23:24,851 - INFO -   ✓ Saved: RESTRUCTURED_DB/2009/jun/147097.json
2025-12-06 12:23:25,351 - INFO - 
[715/1000] Processing G.R. No. 147437
2025-12-06 12:23:25,351 - INFO -   Title: Larry V. Caminos, Jr. vs. People of the Philippines...
2025-12-06 12:23:25,729 - INFO -   ✓ Saved: RESTRUCTURED_DB/2009/may/147437.json
2025-12-06 12:23:26,229 - INFO - 
[716/1000] Processing G.R. No. 147951
2025-12-06 12:23:26,229 - INFO -   Title: Arsenio F. Olegario, et al. vs. Pedro C. Mari, represented b...
2025-12-06 12:23:26,435 - INFO -   ✓ Saved: RESTRUCTURED_DB/2009/dec/147951.json
2025-12-06 12:23:26,936 - INFO - 
[717/1000] Processing G.R. No. 147957
2025-12-06 12:23:26,936 - INFO -   Title: Privatization Management Office vs. Legaspi Towers 300, Inc....
2025-12-06 12:23:27,140 - INFO -   ✓ Saved: RESTRUCTURED_DB/2009/jul/147957.json
2025-12-06 12:23:27,640 - INFO - 
[718/1000] Processing G.R. No. 148213
2025-12-06 12:23:27,640 - INFO -   Title: Eduardo E. Kapunan, Jr. vs. CA, et al....
2025-12-06 12:23:28,018 - INFO -   ✓ Saved: RESTRUCTURED_DB/2009/mar/148243.json
2025-12-06 12:23:28,518 - INFO - 
[719/1000] Processing G.R. No. 148263
2025-12-06 12:23:28,518 - INFO -   Title: Armando David vs. National Federation of Labor Union, et al....
2025-12-06 12:23:28,722 - INFO -   ✓ Saved: RESTRUCTURED_DB/2009/apr/118880.json
2025-12-06 12:23:29,222 - INFO - 
[720/1000] Processing G.R. No. 148600
2025-12-06 12:23:29,222 - INFO -   Title: Atty. Emmanuel Pontejos vs. Hon. Aniano Desierto and Restitu...
2025-12-06 12:23:29,597 - INFO -   ✓ Saved: RESTRUCTURED_DB/2009/jul/148600.json
2025-12-06 12:23:30,097 - INFO - 
[721/1000] Processing G.R. No. 149221
2025-12-06 12:23:30,097 - INFO -   Title: Philippine National Bank vs. Marcelino Banatao, et al. and M...
2025-12-06 12:23:30,473 - INFO -   ✓ Saved: RESTRUCTURED_DB/2009/apr/149221.json
2025-12-06 12:23:30,973 - INFO - 
[722/1000] Processing G.R. No. 149241
2025-12-06 12:23:30,973 - INFO -   Title: Dart Philippines, Inc. vs. Spouses Francisco and Erlinda Cal...
2025-12-06 12:23:31,350 - INFO -   ✓ Saved: RESTRUCTURED_DB/2009/aug/149241.json
2025-12-06 12:23:31,850 - INFO - 
[723/1000] Processing G.R. No. 149273
2025-12-06 12:23:31,850 - INFO -   Title: Beinvenido C. Gilles vs. Court of Appeals, Schema Konsult an...
2025-12-06 12:23:32,228 - INFO -   ✓ Saved: RESTRUCTURED_DB/2009/jun/149273.json
2025-12-06 12:23:32,728 - INFO - 
[724/1000] Processing G.R. No. 149548
2025-12-06 12:23:32,728 - INFO -   Title: Roxas & Company, Inc. vs. DAMBA-NFSW and the Department of A...
2025-12-06 12:23:33,469 - INFO -   ✓ Saved: RESTRUCTURED_DB/2009/dec/149548.json
2025-12-06 12:23:33,970 - INFO - 
[725/1000] Processing G.R. No. 149588
2025-12-06 12:23:33,970 - INFO -   Title: Francisco R. Llamas, et al. vs. the Honorable Court of Appea...
2025-12-06 12:23:34,173 - INFO -   ✓ Saved: RESTRUCTURED_DB/2009/sep/149588.json
2025-12-06 12:23:34,673 - INFO - 
[726/1000] Processing G.R. No. 149763
2025-12-06 12:23:34,673 - INFO -   Title: Eduardo J. Mariño, Jr. et al. vs. Gil Y. Gamilla, et al....
2025-12-06 12:23:34,883 - INFO -   ✓ Saved: RESTRUCTURED_DB/2009/jul/149763.json
2025-12-06 12:23:35,383 - INFO - 
[727/1000] Processing G.R. No. 149907
2025-12-06 12:23:35,383 - INFO -   Title: Roma Drug and Romeo Rodriguez vs. RTC of Guagua Pampanga, et...
2025-12-06 12:23:35,587 - INFO -   ✓ Saved: RESTRUCTURED_DB/2009/apr/149907.json
2025-12-06 12:23:36,087 - INFO - 
[728/1000] Processing G.R. No. 149988
2025-12-06 12:23:36,087 - INFO -   Title: Ramie Velenzuela vs. People of the Philippines...
2025-12-06 12:23:36,291 - INFO -   ✓ Saved: RESTRUCTURED_DB/2009/aug/149988.json
2025-12-06 12:23:36,791 - INFO - 
[729/1000] Processing G.R. No. 150228
2025-12-06 12:23:36,791 - INFO -   Title: Bank of America NT & SA vs. Philippine Racing Club...
2025-12-06 12:23:37,167 - INFO -   ✓ Saved: RESTRUCTURED_DB/2009/jul/150228.json
2025-12-06 12:23:37,667 - INFO - 
[730/1000] Processing G.R. No. 150664
2025-12-06 12:23:37,667 - INFO -   Title: Vicente Dacanay, in his capacity as administrator of the Tes...
2025-12-06 12:23:37,877 - INFO -   ✓ Saved: RESTRUCTURED_DB/2009/sep/150664.json
2025-12-06 12:23:38,377 - INFO - 
[731/1000] Processing G.R. No. 150677
2025-12-06 12:23:38,377 - INFO -   Title: Renato Reyes So vs. Lorna Valera...
2025-12-06 12:23:38,927 - INFO -   ✓ Saved: RESTRUCTURED_DB/2009/jun/150677.json
2025-12-06 12:23:39,427 - INFO - 
[732/1000] Processing G.R. No. 150887
2025-12-06 12:23:39,427 - INFO -   Title: Francisco Madrid and Edgardo Bernardo vs. Spouses Bonifacio ...
2025-12-06 12:23:39,632 - INFO -   ✓ Saved: RESTRUCTURED_DB/2009/aug/150887.json
2025-12-06 12:23:40,132 - INFO - 
[733/1000] Processing G.R. No. 151424
2025-12-06 12:23:40,132 - INFO -   Title: Eagle Realty Corporation vs. Republic of the Philippines, et...
2025-12-06 12:23:40,334 - INFO -   ✓ Saved: RESTRUCTURED_DB/2009/jul/151424.json
2025-12-06 12:23:40,834 - INFO - 
[734/1000] Processing G.R. No. 151800
2025-12-06 12:23:40,834 - INFO -   Title: Office of the Ombudsman, represented by Hon. Aniano A. Desie...
2025-12-06 12:23:41,209 - INFO -   ✓ Saved: RESTRUCTURED_DB/2009/nov/151800.json
2025-12-06 12:23:41,709 - INFO - 
[735/1000] Processing G.R. No. 151932
2025-12-06 12:23:41,709 - INFO -   Title: Henry Ching Tiu, et al. vs. Philippine Bank of Communication...
2025-12-06 12:23:42,085 - INFO -   ✓ Saved: RESTRUCTURED_DB/2009/aug/151932.json
2025-12-06 12:23:42,585 - INFO - 
[736/1000] Processing G.R. No. 151969
2025-12-06 12:23:42,585 - INFO -   Title: Valle Verde Country Club, Inc., et al. vs. Victor Africa...
2025-12-06 12:23:42,789 - INFO -   ✓ Saved: RESTRUCTURED_DB/2009/sep/151969.json
2025-12-06 12:23:43,290 - INFO - 
[737/1000] Processing G.R. No. 151973
2025-12-06 12:23:43,290 - INFO -   Title: National Power Corporation vs. Sps. Lorenzo L. Laohoo, et al...
2025-12-06 12:23:43,668 - INFO -   ✓ Saved: RESTRUCTURED_DB/2009/jul/151973.json
2025-12-06 12:23:44,169 - INFO - 
[738/1000] Processing G.R. No. 152048
2025-12-06 12:23:44,169 - INFO -   Title: Felix B. Perez, et al. vs. Philippine Telegraph and Telephon...
2025-12-06 12:23:44,549 - INFO -   ✓ Saved: RESTRUCTURED_DB/2009/apr/152048.json
2025-12-06 12:23:45,049 - INFO - 
[739/1000] Processing G.R. No. 152071
2025-12-06 12:23:45,049 - INFO -   Title: Producers Bank of the Philippines vs. Excelsa Industries, In...
2025-12-06 12:23:45,263 - INFO -   ✓ Saved: RESTRUCTURED_DB/2009/may/152071.json
2025-12-06 12:23:45,763 - INFO - 
[740/1000] Processing G.R. No. 152101
2025-12-06 12:23:45,763 - INFO -   Title: Emcor, Incorporated vs. Ma. Lourdes D. Sienes...
2025-12-06 12:23:46,139 - INFO -   ✓ Saved: RESTRUCTURED_DB/2009/sep/152101.json
2025-12-06 12:23:46,639 - INFO - 
[741/1000] Processing G.R. No. 152131
2025-12-06 12:23:46,639 - INFO -   Title: Floraida Teraña vs. Hon. Antonio De Sagun etc....
2025-12-06 12:23:47,017 - INFO -   ✓ Saved: RESTRUCTURED_DB/2009/apr/152131.json
2025-12-06 12:23:47,517 - INFO - 
[742/1000] Processing G.R. No. 152263
2025-12-06 12:23:47,517 - INFO -   Title: Arthur Zarate vs. Regional Trial Court, Br. Gingoog City, Mi...
2025-12-06 12:23:47,721 - INFO -   ✓ Saved: RESTRUCTURED_DB/2009/jul/152263.json
2025-12-06 12:23:48,222 - INFO - 
[743/1000] Processing G.R. No. 152318
2025-12-06 12:23:48,222 - INFO -   Title: Deutsche Gesellschaft fur Techniche vs. Hon. Court of Appeal...
2025-12-06 12:23:48,599 - INFO -   ✓ Saved: RESTRUCTURED_DB/2009/apr/152318.json
2025-12-06 12:23:49,099 - INFO - 
[744/1000] Processing G.R. No. 152496
2025-12-06 12:23:49,099 - INFO -   Title: Sps. German Anunciacion, et al. vs. Perpetua M. Bocanegra, e...
2025-12-06 12:23:49,304 - INFO -   ✓ Saved: RESTRUCTURED_DB/2009/jul/152496.json
2025-12-06 12:23:49,804 - INFO - 
[745/1000] Processing G.R. No. 152579
2025-12-06 12:23:49,804 - INFO -   Title: Sameer Overseas Placement Agency, Inc. vs. Mildred R. Santos...
2025-12-06 12:23:50,008 - INFO -   ✓ Saved: RESTRUCTURED_DB/2009/aug/152579.json
2025-12-06 12:23:50,508 - INFO - 
[746/1000] Processing G.R. No. 152614
2025-12-06 12:23:50,508 - INFO -   Title: Salvador A. Fernandez vs. Cristina D. Amagna...
2025-12-06 12:23:50,884 - INFO -   ✓ Saved: RESTRUCTURED_DB/2009/sep/152614.json
2025-12-06 12:23:51,384 - INFO - 
[747/1000] Processing G.R. No. 152619
2025-12-06 12:23:51,384 - INFO -   Title: Balite Communal Portal Mining Cooperative vs. Southest Minda...
2025-12-06 12:23:52,184 - WARNING -   ✗ Could not fetch case from any URL
2025-12-06 12:23:52,184 - INFO - 
[748/1000] Processing G.R. No. 152870
2025-12-06 12:23:52,184 - INFO -   Title: The Mines Adjudication Board and Its Members, vs. Southest M...
2025-12-06 12:23:52,984 - WARNING -   ✗ Could not fetch case from any URL
2025-12-06 12:23:52,985 - INFO - 
[749/1000] Processing G.R. No. 152889
2025-12-06 12:23:52,985 - INFO -   Title: Enrique V. Viudez vs. Hon Basilio R. Gabo, Jr. etc., et al....
2025-12-06 12:23:53,361 - INFO -   ✓ Saved: RESTRUCTURED_DB/2009/jun/152889.json
2025-12-06 12:23:53,861 - INFO - 
[750/1000] Processing G.R. No. 152928
2025-12-06 12:23:53,861 - INFO -   Title: Metropilitan Bank and Trust Company vs. National Labor Relat...
2025-12-06 12:23:54,065 - INFO -   ✓ Saved: RESTRUCTURED_DB/2009/jun/152928.json
2025-12-06 12:23:54,565 - INFO - 
[751/1000] Processing G.R. No. 153690
2025-12-06 12:23:54,566 - INFO -   Title: David Lu vs. Paterno Lu Ym, Sr., et al....
2025-12-06 12:23:54,944 - INFO -   ✓ Saved: RESTRUCTURED_DB/2009/aug/153690.json
2025-12-06 12:23:55,444 - INFO - 
[752/1000] Processing G.R. No. 153788
2025-12-06 12:23:55,444 - INFO -   Title: Roger V. Navarro vs. Hon. Jose L. Escobido, Presiding Judge,...
2025-12-06 12:23:55,649 - INFO -   ✓ Saved: RESTRUCTURED_DB/2009/nov/153788.json
2025-12-06 12:23:56,150 - INFO - 
[753/1000] Processing G.R. No. 153983
2025-12-06 12:23:56,150 - INFO -   Title: San Miguel Corporation vs. NLRC, et al....
2025-12-06 12:23:56,355 - INFO -   ✓ Saved: RESTRUCTURED_DB/2009/may/153983.json
2025-12-06 12:23:56,855 - INFO - 
[754/1000] Processing G.R. No. 154048
2025-12-06 12:23:56,855 - INFO -   Title: Stanfilco Employees Agrarian Reform Beneficiaries Multi-Purp...
2025-12-06 12:23:57,232 - INFO -   ✓ Saved: RESTRUCTURED_DB/2009/nov/154048.json
2025-12-06 12:23:57,732 - INFO - 
[755/1000] Processing G.R. No. 154427
2025-12-06 12:23:57,733 - INFO -   Title: Zacarias Delos Santos vs. Consuelo B. Papa and Maria C. Mate...
2025-12-06 12:23:57,937 - INFO -   ✓ Saved: RESTRUCTURED_DB/2009/may/154427.json
2025-12-06 12:23:58,437 - INFO - 
[756/1000] Processing G.R. No. 154473
2025-12-06 12:23:58,437 - INFO -   Title: People of the Philippines vs. Alfredo L. Benipayo...
2025-12-06 12:23:58,814 - INFO -   ✓ Saved: RESTRUCTURED_DB/2009/apr/154473.json
2025-12-06 12:23:59,314 - INFO - 
[757/1000] Processing G.R. No. 154609
2025-12-06 12:23:59,314 - INFO -   Title: Ma. Corazon San Juan vs. Celeste M. Offril...
2025-12-06 12:23:59,518 - INFO -   ✓ Saved: RESTRUCTURED_DB/2009/apr/154609.json
2025-12-06 12:24:00,018 - INFO - 
[758/1000] Processing G.R. No. 154717
2025-12-06 12:24:00,018 - INFO -   Title: Bonifacio M. Mejillano vs. Enrique Lucillo, et al....
2025-12-06 12:24:00,223 - INFO -   ✓ Saved: RESTRUCTURED_DB/2009/jun/154717.json
2025-12-06 12:24:00,723 - INFO - 
[759/1000] Processing G.R. No. 154720
2025-12-06 12:24:00,723 - INFO -   Title: Juan Balbuena and Teodulfo Retuya vs. Leona Aparicio Sabay, ...
2025-12-06 12:24:01,472 - INFO -   ✓ Saved: RESTRUCTURED_DB/2009/sep/154720.json
2025-12-06 12:24:01,973 - INFO - 
[760/1000] Processing G.R. No. 155125
2025-12-06 12:24:01,973 - INFO -   Title: YSS Employees Union-Philippine Transport and General Organiz...
2025-12-06 12:24:02,355 - INFO -   ✓ Saved: RESTRUCTURED_DB/2009/dec/155125.json
2025-12-06 12:24:02,855 - INFO - 
[761/1000] Processing G.R. No. 155171
2025-12-06 12:24:02,855 - INFO -   Title: Nancy L. Ty vs. Hon. Wenceslao E. Ebabao, etc. et al....
2025-12-06 12:24:03,668 - WARNING -   ✗ Could not fetch case from any URL
2025-12-06 12:24:03,668 - INFO - 
[762/1000] Processing G.R. No. 155174
2025-12-06 12:24:03,668 - INFO -   Title: D.M. Consunji, Inc. vs. Duvaz Corporation...
2025-12-06 12:24:04,060 - INFO -   ✓ Saved: RESTRUCTURED_DB/2009/aug/155174.json
2025-12-06 12:24:04,560 - INFO - 
[763/1000] Processing G.R. No. 155201
2025-12-06 12:24:04,560 - INFO -   Title: Tala Realy Services Corp., et al. vs.Banco Filipino Savings ...
2025-12-06 12:24:05,370 - WARNING -   ✗ Could not fetch case from any URL
2025-12-06 12:24:05,371 - INFO - 
[764/1000] Processing G.R. No. 155491
2025-12-06 12:24:05,371 - INFO -   Title: Smart Communications, Inc., vs. the City of Davao, represent...
2025-12-06 12:24:05,575 - INFO -   ✓ Saved: RESTRUCTURED_DB/2009/jul/155491.json
2025-12-06 12:24:06,076 - INFO - 
[765/1000] Processing G.R. No. 155502
2025-12-06 12:24:06,076 - INFO -   Title: Sarabia Optical and Vivian Sarabia-Orn vs. Jeanet B. Camacho...
2025-12-06 12:24:06,282 - INFO -   ✓ Saved: RESTRUCTURED_DB/2009/jun/155502.json
2025-12-06 12:24:06,783 - INFO - 
[766/1000] Processing G.R. No. 155504
2025-12-06 12:24:06,783 - INFO -   Title: Professional Video, Inc. vs. Technical Education and Skills ...
2025-12-06 12:24:07,166 - INFO -   ✓ Saved: RESTRUCTURED_DB/2009/jun/155504.json
2025-12-06 12:24:07,666 - INFO - 
[767/1000] Processing G.R. No. 155573
2025-12-06 12:24:07,666 - INFO -   Title: Photokina Marketing Corporation vs. Alfredo L. Benipayo...
2025-12-06 12:24:08,481 - WARNING -   ✗ Could not fetch case from any URL
2025-12-06 12:24:08,481 - INFO - 
[768/1000] Processing G.R. No. 155639
2025-12-06 12:24:08,481 - INFO -   Title: Juanaria A. Rivera vs. United Laboratories, Inc....
2025-12-06 12:24:08,867 - INFO -   ✓ Saved: RESTRUCTURED_DB/2009/apr/155639.json
2025-12-06 12:24:09,368 - INFO - 
[769/1000] Processing G.R. No. 156009
2025-12-06 12:24:09,368 - INFO -   Title: Rommel C. Briones vs. People of the Philippines...
2025-12-06 12:24:09,576 - INFO -   ✓ Saved: RESTRUCTURED_DB/2009/jun/156009.json
2025-12-06 12:24:10,076 - INFO - 
[770/1000] Processing G.R. No. 156087
2025-12-06 12:24:10,077 - INFO -   Title: Kuwait Airways Corporation vs. Philippine Airlines, Inc....
2025-12-06 12:24:10,459 - INFO -   ✓ Saved: RESTRUCTURED_DB/2009/may/156087.json
2025-12-06 12:24:10,959 - INFO - 
[771/1000] Processing G.R. No. 156164
2025-12-06 12:24:10,959 - INFO -   Title: Sps. Leonardo and Milagros Chua vs. Hon. Jacinto G. Ang, et ...
2025-12-06 12:24:11,167 - INFO -   ✓ Saved: RESTRUCTURED_DB/2009/sep/156164.json
2025-12-06 12:24:11,667 - INFO - 
[772/1000] Processing G.R. No. 156302
2025-12-06 12:24:11,668 - INFO -   Title: The Heirs of George Y. Poe vs. Malayan Insurance Co. Inc....
2025-12-06 12:24:12,053 - INFO -   ✓ Saved: RESTRUCTURED_DB/2009/apr/156302.json
2025-12-06 12:24:12,553 - INFO - 
[773/1000] Processing G.R. No. 156660
2025-12-06 12:24:12,553 - INFO -   Title: Ormoc Sugarcane Planters' Association, Inc. (OSPA), Occident...
2025-12-06 12:24:12,760 - INFO -   ✓ Saved: RESTRUCTURED_DB/2009/aug/156660.json
2025-12-06 12:24:13,261 - INFO - 
[774/1000] Processing G.R. No. 156766
2025-12-06 12:24:13,261 - INFO -   Title: Rosario A. Gatus vs. Quality Hounse Inc., and Christopher Ch...
2025-12-06 12:24:13,645 - INFO -   ✓ Saved: RESTRUCTURED_DB/2009/apr/156766.json
2025-12-06 12:24:14,145 - INFO - 
[775/1000] Processing G.R. No. 156946
2025-12-06 12:24:14,145 - INFO -   Title: Secretary of Finance vs. Oro Maura Shipping Lines...
2025-12-06 12:24:14,528 - INFO -   ✓ Saved: RESTRUCTURED_DB/2009/jul/156946.json
2025-12-06 12:24:15,029 - INFO - 
[776/1000] Processing G.R. No. 157038
2025-12-06 12:24:15,029 - INFO -   Title: Government Serive Insurance System vs. Jean E. Raoet...
2025-12-06 12:24:15,237 - INFO -   ✓ Saved: RESTRUCTURED_DB/2009/dec/157038.json
2025-12-06 12:24:15,737 - INFO - 
[777/1000] Processing G.R. No. 157147
2025-12-06 12:24:15,737 - INFO -   Title: People of the Philippines vs. Wilfredoo Cawaling...
2025-12-06 12:24:16,121 - INFO -   ✓ Saved: RESTRUCTURED_DB/2009/apr/157147.json
2025-12-06 12:24:16,621 - INFO - 
[778/1000] Processing G.R. No. 157374
2025-12-06 12:24:16,621 - INFO -   Title: Heirs of Cayetano Pangan and Consuelo Pangan vs. Spouses Rog...
2025-12-06 12:24:16,829 - INFO -   ✓ Saved: RESTRUCTURED_DB/2009/aug/157374.json
2025-12-06 12:24:17,329 - INFO - 
[779/1000] Processing G.R. No. 157381
2025-12-06 12:24:17,329 - INFO -   Title: Paterno Lu Ym, Sr., et al. vs. David Lu...
2025-12-06 12:24:18,141 - WARNING -   ✗ Could not fetch case from any URL
2025-12-06 12:24:18,141 - INFO - 
[780/1000] Processing G.R. No. 157384
2025-12-06 12:24:18,141 - INFO -   Title: Erlinda I. Bildner and Maximo K. Illusorio vs. Erlinda K. Il...
2025-12-06 12:24:18,524 - INFO -   ✓ Saved: RESTRUCTURED_DB/2009/jun/157384.json
2025-12-06 12:24:19,024 - INFO - 
[781/1000] Processing G.R. No. 157584
2025-12-06 12:24:19,024 - INFO -   Title: Congressman Enrique T. Garcia vs. the Executive Secretary, e...
2025-12-06 12:24:19,408 - INFO -   ✓ Saved: RESTRUCTURED_DB/2009/apr/157584.json
2025-12-06 12:24:19,908 - INFO - 
[782/1000] Processing G.R. No. 157607
2025-12-06 12:24:19,908 - INFO -   Title: Land Bank of the Philippines vs. Rowena O. Paden...
2025-12-06 12:24:20,295 - INFO -   ✓ Saved: RESTRUCTURED_DB/2009/jul/157607.json
2025-12-06 12:24:20,795 - INFO - 
[783/1000] Processing G.R. No. 157714
2025-12-06 12:24:20,795 - INFO -   Title: Municipality of Pateros vs.The Honorable Court of Appeals, e...
2025-12-06 12:24:21,180 - INFO -   ✓ Saved: RESTRUCTURED_DB/2009/jun/157714.json
2025-12-06 12:24:21,681 - INFO - 
[784/1000] Processing G.R. No. 157723
2025-12-06 12:24:21,681 - INFO -   Title: Romeo Sayo y Aquino, et al. vs. People of the Philippines...
2025-12-06 12:24:21,888 - INFO -   ✓ Saved: RESTRUCTURED_DB/2009/apr/157723.json
2025-12-06 12:24:22,388 - INFO - 
[785/1000] Processing G.R. No. 157862
2025-12-06 12:24:22,389 - INFO -   Title: Philippine Countryside Rural Bank Inc. vs. Jovenal B. Toring...
2025-12-06 12:24:22,772 - INFO -   ✓ Saved: RESTRUCTURED_DB/2009/apr/157862.json
2025-12-06 12:24:23,273 - INFO - 
[786/1000] Processing G.R. No. 157901
2025-12-06 12:24:23,273 - INFO -   Title: Orix Metro Leasing and Finance Corporation vs. M/V "PILAR-I"...
2025-12-06 12:24:23,665 - INFO -   ✓ Saved: RESTRUCTURED_DB/2009/sep/157901.json
2025-12-06 12:24:24,165 - INFO - 
[787/1000] Processing G.R. No. 158071
2025-12-06 12:24:24,165 - INFO -   Title: Jose Santos vs. Committee on Claims Settlement, et al....
2025-12-06 12:24:24,372 - INFO -   ✓ Saved: RESTRUCTURED_DB/2009/apr/158071.json
2025-12-06 12:24:24,873 - INFO - 
[788/1000] Processing G.R. No. 158093
2025-12-06 12:24:24,873 - INFO -   Title: Alberto Imperial vs. Hon. Court of Appeals and the Republic ...
2025-12-06 12:24:25,080 - INFO -   ✓ Saved: RESTRUCTURED_DB/2009/jun/158093.json
2025-12-06 12:24:25,580 - INFO - 
[789/1000] Processing G.R. No. 158252
2025-12-06 12:24:25,580 - INFO -   Title: Philippine Ports Authority vs. Remedios Rosales-Bondoc, et a...
2025-12-06 12:24:26,394 - WARNING -   ✗ Could not fetch case from any URL
2025-12-06 12:24:26,394 - INFO - 
[790/1000] Processing G.R. No. 158630
2025-12-06 12:24:26,394 - INFO -   Title: Joyce Y. Lim, represented by her attorney-in-fact Bernardo M...
2025-12-06 12:24:26,777 - INFO -   ✓ Saved: RESTRUCTURED_DB/2009/sep/158630.json
2025-12-06 12:24:27,277 - INFO - 
[791/1000] Processing G.R. No. 158694
2025-12-06 12:24:27,277 - INFO -   Title: People of the Philippines vs. Teofilo G. Pantaleon, Jr., et ...
2025-12-06 12:24:27,839 - INFO -   ✓ Saved: RESTRUCTURED_DB/2009/mar/158694.json
2025-12-06 12:24:28,339 - INFO - 
[792/1000] Processing G.R. No. 158703
2025-12-06 12:24:28,339 - INFO -   Title: Technological Institute of the Philippines Teachers and Empl...
2025-12-06 12:24:28,549 - INFO -   ✓ Saved: RESTRUCTURED_DB/2009/jun/158703.json
2025-12-06 12:24:29,049 - INFO - 
[793/1000] Processing G.R. No. 158805
2025-12-06 12:24:29,049 - INFO -   Title: Valley Golf & Country Club, Inc. vs. Rosa O. Vda. Caram...
2025-12-06 12:24:29,261 - INFO -   ✓ Saved: RESTRUCTURED_DB/2009/apr/158805.json
2025-12-06 12:24:29,761 - INFO - 
[794/1000] Processing G.R. No. 158819
2025-12-06 12:24:29,761 - INFO -   Title: Antero Luistro vs. Court of Appeals and First Gas Power Corp...
2025-12-06 12:24:29,968 - INFO -   ✓ Saved: RESTRUCTURED_DB/2009/apr/158819.json
2025-12-06 12:24:30,468 - INFO - 
[795/1000] Processing G.R. No. 158820
2025-12-06 12:24:30,468 - INFO -   Title: Stronghold Insurance, Company, Inc. vs. Tokyu Construction C...
2025-12-06 12:24:30,850 - INFO -   ✓ Saved: RESTRUCTURED_DB/2009/jun/158820.json
2025-12-06 12:24:31,350 - INFO - 
[796/1000] Processing G.R. No. 158877
2025-12-06 12:24:31,351 - INFO -   Title: Joven De Grano, etc., vs. Gregorio Lacaba...
2025-12-06 12:24:31,558 - INFO -   ✓ Saved: RESTRUCTURED_DB/2009/jun/158877.json
2025-12-06 12:24:32,058 - INFO - 
[797/1000] Processing G.R. No. 158885
2025-12-06 12:24:32,059 - INFO -   Title: Fort Bonifacio Development Corp. vs. Commissioner of Interna...
2025-12-06 12:24:32,624 - INFO -   ✓ Saved: RESTRUCTURED_DB/2009/apr/158885.json
2025-12-06 12:24:33,124 - INFO - 
[798/1000] Processing G.R. No. 158956
2025-12-06 12:24:33,124 - INFO -   Title: Iligan Cement Corporation vs. Iliascor Employees and Workers...
2025-12-06 12:24:33,333 - INFO -   ✓ Saved: RESTRUCTURED_DB/2009/apr/158956.json
2025-12-06 12:24:33,833 - INFO - 
[799/1000] Processing G.R. No. 159116
2025-12-06 12:24:33,833 - INFO -   Title: Sps. Nestor and Felicidad Dadizon vs. Hon. Court of Appeals ...
2025-12-06 12:24:34,042 - INFO -   ✓ Saved: RESTRUCTURED_DB/2009/sep/159116.json
2025-12-06 12:24:34,542 - INFO - 
[800/1000] Processing G.R. No. 159131
2025-12-06 12:24:34,542 - INFO -   Title: Heirs of Toribio Waga, represented by Merba A. Waga vs. Isab...
2025-12-06 12:24:34,749 - INFO -   ✓ Saved: RESTRUCTURED_DB/2009/jul/159131.json
2025-12-06 12:24:35,249 - INFO - 
[801/1000] Processing G.R. No. 159186
2025-12-06 12:24:35,249 - INFO -   Title: Jesse Y Yap vs. Hon. Monico G. Cabales, et al....
2025-12-06 12:24:35,630 - INFO -   ✓ Saved: RESTRUCTURED_DB/2009/jun/159186.json
2025-12-06 12:24:36,130 - INFO - 
[802/1000] Processing G.R. No. 159358
2025-12-06 12:24:36,130 - INFO -   Title: Eureka Personnel and Management Corp., and Nari K. Gidwani v...
2025-12-06 12:24:36,512 - INFO -   ✓ Saved: RESTRUCTURED_DB/2009/jul/159358.json
2025-12-06 12:24:37,013 - INFO - 
[803/1000] Processing G.R. No. 159517
2025-12-06 12:24:37,013 - INFO -   Title: Hilario P. Soriano and Rosalinda Ilagan vs. People of the Ph...
2025-12-06 12:24:37,395 - INFO -   ✓ Saved: RESTRUCTURED_DB/2009/jun/159517.json
2025-12-06 12:24:37,895 - INFO - 
[804/1000] Processing G.R. No. 159624
2025-12-06 12:24:37,895 - INFO -   Title: Cebu Mactan Members Center, Inc. vs. Masahiro Tsukahara...
2025-12-06 12:24:38,102 - INFO -   ✓ Saved: RESTRUCTURED_DB/2009/jul/159624.json
2025-12-06 12:24:38,602 - INFO - 
[805/1000] Processing G.R. No. 159687
2025-12-06 12:24:38,602 - INFO -   Title: Gulf Air Jassim Hindri Abdullah, et al. vs. NLRC, et al....
2025-12-06 12:24:38,987 - INFO -   ✓ Saved: RESTRUCTURED_DB/2009/apr/159687.json
2025-12-06 12:24:39,488 - INFO - 
[806/1000] Processing G.R. No. 159710
2025-12-06 12:24:39,488 - INFO -   Title: Carmen A. Blas vs. Spouses Eduardo and Salud Galapon...
2025-12-06 12:24:39,869 - INFO -   ✓ Saved: RESTRUCTURED_DB/2009/sep/159710.json
2025-12-06 12:24:40,369 - INFO - 
[807/1000] Processing G.R. No. 159755
2025-12-06 12:24:40,370 - INFO -   Title: Grace Gosiengfiao Guillen, etc. vs. the Court of Appeals, et...
2025-12-06 12:24:40,754 - INFO -   ✓ Saved: RESTRUCTURED_DB/2009/jun/159755.json
2025-12-06 12:24:41,254 - INFO - 
[808/1000] Processing G.R. No. 159788
2025-12-06 12:24:41,254 - INFO -   Title: Sotero Roy Leonero, et al. vs. Spouses Marcelino B. Barba, e...
2025-12-06 12:24:41,460 - INFO -   ✓ Saved: RESTRUCTURED_DB/2009/dec/159788.json
2025-12-06 12:24:41,960 - INFO - 
[809/1000] Processing G.R. No. 159792
2025-12-06 12:24:41,961 - INFO -   Title: Barangay Sangalang, represented by its Chairman Dante C. Mar...
2025-12-06 12:24:42,348 - INFO -   ✓ Saved: RESTRUCTURED_DB/2009/dec/159792.json
2025-12-06 12:24:42,848 - INFO - 
[810/1000] Processing G.R. No. 160046
2025-12-06 12:24:42,848 - INFO -   Title: Bank fo the Philippines Islands, etc. vs. Evangeline L. Puzo...
2025-12-06 12:24:43,240 - INFO -   ✓ Saved: RESTRUCTURED_DB/2009/nov/160046.json
2025-12-06 12:24:43,741 - INFO - 
[811/1000] Processing G.R. No. 160080
2025-12-06 12:24:43,741 - INFO -   Title: National Power Corporation vs. Carlos Villamor...
2025-12-06 12:24:44,123 - INFO -   ✓ Saved: RESTRUCTURED_DB/2009/jun/160080.json
2025-12-06 12:24:44,623 - INFO - 
[812/1000] Processing G.R. No. 160132
2025-12-06 12:24:44,623 - INFO -   Title: Serafin Naranja, et al. vs. the Honorable Court of Appeals, ...
2025-12-06 12:24:44,830 - INFO -   ✓ Saved: RESTRUCTURED_DB/2009/apr/160132.json
2025-12-06 12:24:45,330 - INFO - 
[813/1000] Processing G.R. No. 160146
2025-12-06 12:24:45,330 - INFO -   Title: Leslie Okol vs. Slimmers World International, et al....
2025-12-06 12:24:45,537 - INFO -   ✓ Saved: RESTRUCTURED_DB/2009/dec/160146.json
2025-12-06 12:24:46,037 - INFO - 
[814/1000] Processing G.R. No. 160239
2025-12-06 12:24:46,038 - INFO -   Title: Angelina S. Soriente, et al. vs. the Estate of the late Arse...
2025-12-06 12:24:46,425 - INFO -   ✓ Saved: RESTRUCTURED_DB/2009/nov/160239.json
2025-12-06 12:24:46,926 - INFO - 
[815/1000] Processing G.R. No. 160265
2025-12-06 12:24:46,926 - INFO -   Title: Nely T. Co. vs. People of the Philippines, et al....
2025-12-06 12:24:47,133 - INFO -   ✓ Saved: RESTRUCTURED_DB/2009/jul/160265.json
2025-12-06 12:24:47,633 - INFO - 
[816/1000] Processing G.R. No. 160346
2025-12-06 12:24:47,633 - INFO -   Title: Purita A. Pahud, et al. vs. Court of Appeals, et al....
2025-12-06 12:24:48,017 - INFO -   ✓ Saved: RESTRUCTURED_DB/2009/aug/160346.json
2025-12-06 12:24:48,517 - INFO - 
[817/1000] Processing G.R. No. 160367
2025-12-06 12:24:48,517 - INFO -   Title: Evelyn S. Cabungcal, et al. vs. Sonia R. Lorenzo, et al....
2025-12-06 12:24:48,726 - INFO -   ✓ Saved: RESTRUCTURED_DB/2009/dec/160367.json
2025-12-06 12:24:49,226 - INFO - 
[818/1000] Processing G.R. No. 160379
2025-12-06 12:24:49,226 - INFO -   Title: Republic of the Philippines through the Department of Public...
2025-12-06 12:24:49,609 - INFO -   ✓ Saved: RESTRUCTURED_DB/2009/aug/160379.json
2025-12-06 12:24:50,109 - INFO - 
[819/1000] Processing G.R. No. 160380
2025-12-06 12:24:50,109 - INFO -   Title: Sps. Eduardo & Leticia Montaño vs. Rosalina Francisco, et al...
2025-12-06 12:24:50,316 - INFO -   ✓ Saved: RESTRUCTURED_DB/2009/jul/160380.json
2025-12-06 12:24:50,816 - INFO - 
[820/1000] Processing G.R. No. 160394
2025-12-06 12:24:50,817 - INFO -   Title: Land Bank of the Philippines vs. Agustin C. Dizon...
2025-12-06 12:24:51,198 - INFO -   ✓ Saved: RESTRUCTURED_DB/2009/nov/160394.json
2025-12-06 12:24:51,699 - INFO - 
[821/1000] Processing G.R. No. 160467
2025-12-06 12:24:51,699 - INFO -   Title: Soledad Muños Mesa vs. Social Security System, et al....
2025-12-06 12:24:51,905 - INFO -   ✓ Saved: RESTRUCTURED_DB/2009/apr/160467.json
2025-12-06 12:24:52,405 - INFO - 
[822/1000] Processing G.R. No. 160610
2025-12-06 12:24:52,405 - INFO -   Title: Judelio Cobarrubias vs. People of the Philippines...
2025-12-06 12:24:52,787 - INFO -   ✓ Saved: RESTRUCTURED_DB/2009/aug/160610.json
2025-12-06 12:24:53,287 - INFO - 
[823/1000] Processing G.R. No. 160743
2025-12-06 12:24:53,287 - INFO -   Title: Cornelia Baladad (Represented by Heinrich M. Angeles and Rex...
2025-12-06 12:24:53,495 - INFO -   ✓ Saved: RESTRUCTURED_DB/2009/aug/160743.json
2025-12-06 12:24:53,995 - INFO - 
[824/1000] Processing G.R. No. 160772
2025-12-06 12:24:53,995 - INFO -   Title: Hilario P. Soriano vs. Ombudsman Simeon V. Marcelo, et al....
2025-12-06 12:24:54,376 - INFO -   ✓ Saved: RESTRUCTURED_DB/2009/jul/160772.json
2025-12-06 12:24:54,876 - INFO - 
[825/1000] Processing G.R. No. 160918
2025-12-06 12:24:54,876 - INFO -   Title: Concepcion Alcantara vs. Hilaria Roble De Temple, et al....
2025-12-06 12:24:55,258 - INFO -   ✓ Saved: RESTRUCTURED_DB/2009/apr/160918.json
2025-12-06 12:24:55,758 - INFO - 
[826/1000] Processing G.R. No. 161027
2025-12-06 12:24:55,758 - INFO -   Title: Francisco G. Calma vs. Arsenio Santos, et al....
2025-12-06 12:24:56,143 - INFO -   ✓ Saved: RESTRUCTURED_DB/2009/jun/161027.json
2025-12-06 12:24:56,643 - INFO - 
[827/1000] Processing G.R. No. 161034
2025-12-06 12:24:56,643 - INFO -   Title: Zenaida Acosta, et al. vs. Trinidad Salazar, et al....
2025-12-06 12:24:56,850 - INFO -   ✓ Saved: RESTRUCTURED_DB/2009/jun/161034.json
2025-12-06 12:24:57,350 - INFO - 
[828/1000] Processing G.R. No. 161042
2025-12-06 12:24:57,350 - INFO -   Title: Republic of the Philippines vs. Agripina Dela Raga...
2025-12-06 12:24:57,558 - INFO -   ✓ Saved: RESTRUCTURED_DB/2009/aug/161042.json
2025-12-06 12:24:58,058 - INFO - 
[829/1000] Processing G.R. No. 161051
2025-12-06 12:24:58,058 - INFO -   Title: Compania General de Tabacos De Filipinas and La Flor De La I...
2025-12-06 12:24:58,443 - INFO -   ✓ Saved: RESTRUCTURED_DB/2009/jul/161051.json
2025-12-06 12:24:58,943 - INFO - 
[830/1000] Processing G.R. No. 161062
2025-12-06 12:24:58,943 - INFO -   Title: Republic of the Philippines vs. Ferventino U, Tango...
2025-12-06 12:24:59,150 - INFO -   ✓ Saved: RESTRUCTURED_DB/2009/jul/161062.json
2025-12-06 12:24:59,650 - INFO - 
[831/1000] Processing G.R. No. 161318
2025-12-06 12:24:59,650 - INFO -   Title: Julie Nabus, Michelle Nabus and Betty Tolero vs. Joaquin and...
2025-12-06 12:25:00,034 - INFO -   ✓ Saved: RESTRUCTURED_DB/2009/nov/161318.json
2025-12-06 12:25:00,535 - INFO - 
[832/1000] Processing G.R. No. 161366
2025-12-06 12:25:00,535 - INFO -   Title: Sycip, Gorres, Velayo, & Company vs. Carol De Raedt...
2025-12-06 12:25:00,742 - INFO -   ✓ Saved: RESTRUCTURED_DB/2009/jun/161366.json
2025-12-06 12:25:01,243 - INFO - 
[833/1000] Processing G.R. No. 161407
2025-12-06 12:25:01,243 - INFO -   Title: Joaquin Villegas, et al. vs. Rural Bank of Tanay, Inc....
2025-12-06 12:25:01,625 - INFO -   ✓ Saved: RESTRUCTURED_DB/2009/jun/161407.json
2025-12-06 12:25:02,126 - INFO - 
[834/1000] Processing G.R. No. 161419
2025-12-06 12:25:02,126 - INFO -   Title: Eugenio Encinares vs. Dominga Achero...
2025-12-06 12:25:02,508 - INFO -   ✓ Saved: RESTRUCTURED_DB/2009/aug/161419.json
2025-12-06 12:25:03,008 - INFO - 
[835/1000] Processing G.R. No. 161424
2025-12-06 12:25:03,008 - INFO -   Title: Republic of the Philippines vs. Ignacio Leonor and Catalino ...
2025-12-06 12:25:03,216 - INFO -   ✓ Saved: RESTRUCTURED_DB/2009/dec/161424.json
2025-12-06 12:25:03,716 - INFO - 
[836/1000] Processing G.R. No. 161533
2025-12-06 12:25:03,716 - INFO -   Title: Filomena Soneja vs. Honorable Court of Appeals and Ramon Sau...
2025-12-06 12:25:03,923 - INFO -   ✓ Saved: RESTRUCTURED_DB/2009/jun/161533.json
2025-12-06 12:25:04,423 - INFO - 
[837/1000] Processing G.R. No. 161539
2025-12-06 12:25:04,423 - INFO -   Title: International Container Terminal Services, Inc. vs. FGU Insu...
2025-12-06 12:25:04,635 - INFO -   ✓ Saved: RESTRUCTURED_DB/2009/apr/161539.json
2025-12-06 12:25:05,136 - INFO - 
[838/1000] Processing G.R. No. 161748
2025-12-06 12:25:05,136 - INFO -   Title: Spouses Francisco and Betty Wong and Spouses Joaquin and Lol...
2025-12-06 12:25:05,519 - INFO -   ✓ Saved: RESTRUCTURED_DB/2009/jul/161748.json
2025-12-06 12:25:06,019 - INFO - 
[839/1000] Processing G.R. No. 161778
2025-12-06 12:25:06,019 - INFO -   Title: Cayetano A. Tejano, Jr. vs. the Hon. Sandiganbayan, et al....
2025-12-06 12:25:06,402 - INFO -   ✓ Saved: RESTRUCTURED_DB/2009/apr/161778.json
2025-12-06 12:25:06,903 - INFO - 
[840/1000] Processing G.R. No. 161794
2025-12-06 12:25:06,903 - INFO -   Title: Nestor J. Balladares, etal., vs. Peak VenturesCorporation, e...
2025-12-06 12:25:07,110 - INFO -   ✓ Saved: RESTRUCTURED_DB/2009/jun/161794.json
2025-12-06 12:25:07,610 - INFO - 
[841/1000] Processing G.R. No. 161827
2025-12-06 12:25:07,610 - INFO -   Title: Sesinando Polintan vs. People of the Philippines...
2025-12-06 12:25:07,816 - INFO -   ✓ Saved: RESTRUCTURED_DB/2009/apr/161827.json
2025-12-06 12:25:08,317 - INFO - 
[842/1000] Processing G.R. No. 161902
2025-12-06 12:25:08,317 - INFO -   Title: Edgar Mercado vs. People of the Philippines...
2025-12-06 12:25:08,701 - INFO -   ✓ Saved: RESTRUCTURED_DB/2009/sep/161902.json
2025-12-06 12:25:09,201 - INFO - 
[843/1000] Processing G.R. No. 161929
2025-12-06 12:25:09,201 - INFO -   Title: Lynn Paz T. Dela Cruz, et al. vs. Sandiganbayan, et al....
2025-12-06 12:25:09,584 - INFO -   ✓ Saved: RESTRUCTURED_DB/2009/dec/161929.json
2025-12-06 12:25:10,084 - INFO - 
[844/1000] Processing G.R. No. 162033
2025-12-06 12:25:10,084 - INFO -   Title: Heirs of Tranquilino Labiste, et al. vs. Heirs of Jose Labis...
2025-12-06 12:25:10,292 - INFO -   ✓ Saved: RESTRUCTURED_DB/2009/may/162033.json
2025-12-06 12:25:10,792 - INFO - 
[845/1000] Processing G.R. No. 162047
2025-12-06 12:25:10,792 - INFO -   Title: Joyce Y. Lim, represented by her attorney-in-fact Bernardo M...
2025-12-06 12:25:12,032 - WARNING -   ✗ Could not fetch case from any URL
2025-12-06 12:25:12,032 - INFO - 
[846/1000] Processing G.R. No. 162103
2025-12-06 12:25:12,032 - INFO -   Title: Marylou B. Tolentino, M.D. vs. Shenton Realty Corp....
2025-12-06 12:25:12,431 - INFO -   ✓ Saved: RESTRUCTURED_DB/2009/jun/162103.json
2025-12-06 12:25:12,931 - INFO - 
[847/1000] Processing G.R. No. 162104
2025-12-06 12:25:12,931 - INFO -   Title: R Transport Corporation vs. Eduardo Pante...
2025-12-06 12:25:13,331 - INFO -   ✓ Saved: RESTRUCTURED_DB/2009/sep/162104.json
2025-12-06 12:25:13,831 - INFO - 
[848/1000] Processing G.R. No. 162243
2025-12-06 12:25:13,831 - INFO -   Title: Hon. Heherson T. Alvarez vs. PICOP Resources, Inc....
2025-12-06 12:25:14,611 - INFO -   ✓ Saved: RESTRUCTURED_DB/2009/dec/162243.json
2025-12-06 12:25:15,111 - INFO - 
[849/1000] Processing G.R. No. 162272
2025-12-06 12:25:15,111 - INFO -   Title: Santiago C. Divinagracia vs. Consolidated Broadcasting Syste...
2025-12-06 12:25:15,332 - INFO -   ✓ Saved: RESTRUCTURED_DB/2009/apr/162272.json
2025-12-06 12:25:15,833 - INFO - 
[850/1000] Processing G.R. No. 162286
2025-12-06 12:25:15,833 - INFO -   Title: Glen Pascual Y Malumbay, et al. vs. People of the Philippine...
2025-12-06 12:25:16,050 - INFO -   ✓ Saved: RESTRUCTURED_DB/2009/jun/162286.json
2025-12-06 12:25:16,550 - INFO - 
[851/1000] Processing G.R. No. 162355
2025-12-06 12:25:16,550 - INFO -   Title: Sta. Lucia East Commercial Corporation vs. Hon. Secretary of...
2025-12-06 12:25:16,777 - INFO -   ✓ Saved: RESTRUCTURED_DB/2009/aug/162355.json
2025-12-06 12:25:17,277 - INFO - 
[852/1000] Processing G.R. No. 162370
2025-12-06 12:25:17,277 - INFO -   Title: David Tiu vs. Court of Appeals and Edgardo Postanes...
2025-12-06 12:25:17,677 - INFO -   ✓ Saved: RESTRUCTURED_DB/2009/apr/162370.json
2025-12-06 12:25:18,177 - INFO - 
[853/1000] Processing G.R. No. 162374
2025-12-06 12:25:18,177 - INFO -   Title: Rodolfo B. Arceño vs. Government Serivec Insurance System...
2025-12-06 12:25:18,392 - INFO -   ✓ Saved: RESTRUCTURED_DB/2009/jun/162374.json
2025-12-06 12:25:18,893 - INFO - 
[854/1000] Processing G.R. No. 162467
2025-12-06 12:25:18,893 - INFO -   Title: Mindanao Terminal and Brokerage Service, Inc. vs. Phoenix As...
2025-12-06 12:25:19,305 - INFO -   ✓ Saved: RESTRUCTURED_DB/2009/may/162467.json
2025-12-06 12:25:19,805 - INFO - 
[855/1000] Processing G.R. No. 162518
2025-12-06 12:25:19,805 - INFO -   Title: Rodrigo Sumiran vs. Spouses Generoso Damaso and Eva Damaso...
2025-12-06 12:25:20,021 - INFO -   ✓ Saved: RESTRUCTURED_DB/2009/aug/162518.json
2025-12-06 12:25:20,521 - INFO - 
[856/1000] Processing G.R. No. 162538
2025-12-06 12:25:20,521 - INFO -   Title: Nissan North Edsa Balintawak, Quezon City vs. Angelito Serra...
2025-12-06 12:25:20,920 - INFO -   ✓ Saved: RESTRUCTURED_DB/2009/jun/162538.json
2025-12-06 12:25:21,420 - INFO - 
[857/1000] Processing G.R. No. 162540
2025-12-06 12:25:21,420 - INFO -   Title: Gemma T. Jacinto vs. People of the Philippines...
2025-12-06 12:25:21,819 - INFO -   ✓ Saved: RESTRUCTURED_DB/2009/jul/162540.json
2025-12-06 12:25:22,320 - INFO - 
[858/1000] Processing G.R. No. 162721
2025-12-06 12:25:22,320 - INFO -   Title: Petronila Maylem vs. Carmelita Ellano and Antonia Morciento...
2025-12-06 12:25:22,720 - INFO -   ✓ Saved: RESTRUCTURED_DB/2009/jul/162721.json
2025-12-06 12:25:23,220 - INFO - 
[859/1000] Processing G.R. No. 162738
2025-12-06 12:25:23,220 - INFO -   Title: Sps. Elizabeth S. Tagle Ernesto R. Tagle vs. Hon. Court of A...
2025-12-06 12:25:23,436 - INFO -   ✓ Saved: RESTRUCTURED_DB/2009/jul/162738.json
2025-12-06 12:25:23,936 - INFO - 
[860/1000] Processing G.R. No. 162836
2025-12-06 12:25:23,936 - INFO -   Title: Cerefina Argallon-Jocson and Rodolfo Tuising vs. Maria Crist...
2025-12-06 12:25:24,341 - INFO -   ✓ Saved: RESTRUCTURED_DB/2009/jul/162836.json
2025-12-06 12:25:24,842 - INFO - 
[861/1000] Processing G.R. No. 162987
2025-12-06 12:25:24,842 - INFO -   Title: Sofia Guillang represented by Susan Guillang-Cabatbat, et al...
2025-12-06 12:25:25,243 - INFO -   ✓ Saved: RESTRUCTURED_DB/2009/may/162987.json
2025-12-06 12:25:25,743 - INFO - 
[862/1000] Processing G.R. No. 163053
2025-12-06 12:25:25,743 - INFO -   Title: Agripina Panganiban vs. Sps. Romeo Roldan, et al....
2025-12-06 12:25:25,958 - INFO -   ✓ Saved: RESTRUCTURED_DB/2009/nov/163053.json
2025-12-06 12:25:26,459 - INFO - 
[863/1000] Processing G.R. No. 163072
2025-12-06 12:25:26,459 - INFO -   Title: Manila International Airport Authority vs. City of Pasay, et...
2025-12-06 12:25:27,064 - INFO -   ✓ Saved: RESTRUCTURED_DB/2009/apr/163072.json
2025-12-06 12:25:27,564 - INFO - 
[864/1000] Processing G.R. No. 163078
2025-12-06 12:25:27,564 - INFO -   Title: Sthepen Cang and George Nardo y Josol vs. Herminia Cullen...
2025-12-06 12:25:27,790 - INFO -   ✓ Saved: RESTRUCTURED_DB/2009/nov/163078.json
2025-12-06 12:25:28,290 - INFO - 
[865/1000] Processing G.R. No. 163117
2025-12-06 12:25:28,290 - INFO -   Title: Equitable PCI Bank, Inc. vs. Maria Letecia Fernandez, et al....
2025-12-06 12:25:28,506 - INFO -   ✓ Saved: RESTRUCTURED_DB/2009/dec/163117.json
2025-12-06 12:25:29,006 - INFO - 
[866/1000] Processing G.R. No. 163244
2025-12-06 12:25:29,006 - INFO -   Title: Spouses Jose T. Valenzuela & Gloria Valenzuela vs. Kalayaan ...
2025-12-06 12:25:29,406 - INFO -   ✓ Saved: RESTRUCTURED_DB/2009/jun/163244.json
2025-12-06 12:25:29,907 - INFO - 
[867/1000] Processing G.R. No. 163270
2025-12-06 12:25:29,907 - INFO -   Title: Eduardo M. Tomada, Sr. vs. RFM Corporation-Bakery Flour Divi...
2025-12-06 12:25:30,129 - INFO -   ✓ Saved: RESTRUCTURED_DB/2009/sep/163270.json
2025-12-06 12:25:30,630 - INFO - 
[868/1000] Processing G.R. No. 163406
2025-12-06 12:25:30,630 - INFO -   Title: Power Sites and Signs, Inc. vs. United Neon (A Division of E...
2025-12-06 12:25:31,029 - INFO -   ✓ Saved: RESTRUCTURED_DB/2009/nov/163406.json
2025-12-06 12:25:31,530 - INFO - 
[869/1000] Processing G.R. No. 163495
2025-12-06 12:25:31,530 - INFO -   Title: Samuel Malabanan vs. Rural Bank of Cabuyao, Inc....
2025-12-06 12:25:31,746 - INFO -   ✓ Saved: RESTRUCTURED_DB/2009/may/163495.json
2025-12-06 12:25:32,246 - INFO - 
[870/1000] Processing G.R. No. 163505
2025-12-06 12:25:32,247 - INFO -   Title: Gualberto Aguanza vs. Asian Terminal, Inc., et al....
2025-12-06 12:25:32,469 - INFO -   ✓ Saved: RESTRUCTURED_DB/2009/aug/163505.json
2025-12-06 12:25:32,969 - INFO - 
[871/1000] Processing G.R. No. 163553
2025-12-06 12:25:32,969 - INFO -   Title: Yun Kwan Byung vs. Philippine Amusement Gaming Corporation...
2025-12-06 12:25:33,371 - INFO -   ✓ Saved: RESTRUCTURED_DB/2009/dec/163553.json
2025-12-06 12:25:33,871 - INFO - 
[872/1000] Processing G.R. No. 163583
2025-12-06 12:25:33,871 - INFO -   Title: British American Tobacco vs. Jose Isidro N. Camacho, et al....
2025-12-06 12:25:34,271 - INFO -   ✓ Saved: RESTRUCTURED_DB/2009/apr/163583.json
2025-12-06 12:25:34,771 - INFO - 
[873/1000] Processing G.R. No. 163788
2025-12-06 12:25:34,771 - INFO -   Title: Ester B. Maralit vs. Philippine National Bank...
2025-12-06 12:25:35,174 - INFO -   ✓ Saved: RESTRUCTURED_DB/2009/aug/163788.json
2025-12-06 12:25:35,674 - INFO - 
[874/1000] Processing G.R. No. 163868
2025-12-06 12:25:35,674 - INFO -   Title: Romualdo Pagsibigan vs. People of the Philippines and Eleaza...
2025-12-06 12:25:35,890 - INFO -   ✓ Saved: RESTRUCTURED_DB/2009/jun/163868.json
2025-12-06 12:25:36,390 - INFO - 
[875/1000] Processing G.R. No. 163872
2025-12-06 12:25:36,390 - INFO -   Title: RTG Construction, Inc. And/Or Rolito Go/Russet Construction ...
2025-12-06 12:25:36,606 - INFO -   ✓ Saved: RESTRUCTURED_DB/2009/dec/163872.json
2025-12-06 12:25:37,106 - INFO - 
[876/1000] Processing G.R. No. 163891
2025-12-06 12:25:37,107 - INFO -   Title: Charter Chemical and Coating Corporation vs. Herbert Tan and...
2025-12-06 12:25:37,322 - INFO -   ✓ Saved: RESTRUCTURED_DB/2009/may/163891.json
2025-12-06 12:25:37,822 - INFO - 
[877/1000] Processing G.R. No. 163924
2025-12-06 12:25:37,822 - INFO -   Title: "J" Marketing Corporation, represented by its Branch Manager...
2025-12-06 12:25:38,222 - INFO -   ✓ Saved: RESTRUCTURED_DB/2009/jun/163924.json
2025-12-06 12:25:38,723 - INFO - 
[878/1000] Processing G.R. No. 164025
2025-12-06 12:25:38,723 - INFO -   Title: Land Bank of the Philippines vs. Heirs of Honorio De Leon, r...
2025-12-06 12:25:38,939 - INFO -   ✓ Saved: RESTRUCTURED_DB/2009/may/164025.json
2025-12-06 12:25:39,439 - INFO - 
[879/1000] Processing G.R. No. 164108
2025-12-06 12:25:39,439 - INFO -   Title: Alfredo Hildao, Lopez Sugar Corporation, First Farmers Holdi...
2025-12-06 12:25:39,838 - INFO -   ✓ Saved: RESTRUCTURED_DB/2009/may/164108.json
2025-12-06 12:25:40,339 - INFO - 
[880/1000] Processing G.R. No. 164170
2025-12-06 12:25:40,339 - INFO -   Title: Maca-Angcos Alawiya y Abdul, et al. vs. Hon. Simeon A. Datum...
2025-12-06 12:25:40,740 - INFO -   ✓ Saved: RESTRUCTURED_DB/2009/apr/164170.json
2025-12-06 12:25:41,240 - INFO - 
[881/1000] Processing G.R. No. 164205
2025-12-06 12:25:41,240 - INFO -   Title: Oldarico S. Traveño, et al. vs. Bobongon Banana Growers Mult...
2025-12-06 12:25:41,457 - INFO -   ✓ Saved: RESTRUCTURED_DB/2009/sep/164205.json
2025-12-06 12:25:41,957 - INFO - 
[882/1000] Processing G.R. No. 164213
2025-12-06 12:25:41,957 - INFO -   Title: Valentin Cabrera et al. vs. Elizabeth Getaruela et al....
2025-12-06 12:25:42,172 - INFO -   ✓ Saved: RESTRUCTURED_DB/2009/apr/164213.json
2025-12-06 12:25:42,672 - INFO - 
[883/1000] Processing G.R. No. 164244
2025-12-06 12:25:42,672 - INFO -   Title: National Housing Authority vs. Reynaldo Magat...
2025-12-06 12:25:42,899 - INFO -   ✓ Saved: RESTRUCTURED_DB/2009/jul/164244.json
2025-12-06 12:25:43,399 - INFO - 
[884/1000] Processing G.R. No. 164315
2025-12-06 12:25:43,399 - INFO -   Title: Alcatel Philippines, Inc. vs. Rene R. Relos...
2025-12-06 12:25:43,799 - INFO -   ✓ Saved: RESTRUCTURED_DB/2009/jul/164315.json
2025-12-06 12:25:44,299 - INFO - 
[885/1000] Processing G.R. No. 164324
2025-12-06 12:25:44,299 - INFO -   Title: Tanduay Distillers, Inc. vs. Ginebra San Miguel, Inc....
2025-12-06 12:25:44,701 - INFO -   ✓ Saved: RESTRUCTURED_DB/2009/aug/164324.json
2025-12-06 12:25:45,201 - INFO - 
[886/1000] Processing G.R. No. 164368
2025-12-06 12:25:45,201 - INFO -   Title: People of the Philippines vs. Joseph Ejercito Estrada, et al...
2025-12-06 12:25:45,603 - INFO -   ✓ Saved: RESTRUCTURED_DB/2009/apr/164368.json
2025-12-06 12:25:46,103 - INFO - 
[887/1000] Processing G.R. No. 164423
2025-12-06 12:25:46,103 - INFO -   Title: Triumph International (PHILS.), Inc., vs. Ramon L. Apostol, ...
2025-12-06 12:25:46,505 - INFO -   ✓ Saved: RESTRUCTURED_DB/2009/jun/164423.json
2025-12-06 12:25:47,006 - INFO - 
[888/1000] Processing G.R. No. 164435
2025-12-06 12:25:47,006 - INFO -   Title: Victoria S. Jarillo vs. People of the Philippines...
2025-12-06 12:25:47,222 - INFO -   ✓ Saved: RESTRUCTURED_DB/2009/sep/164435.json
2025-12-06 12:25:47,722 - INFO - 
[889/1000] Processing G.R. No. 164437
2025-12-06 12:25:47,722 - INFO -   Title: Hector C. Villanueva vs. Philippine Daily Inquirer, Inc., et...
2025-12-06 12:25:48,124 - INFO -   ✓ Saved: RESTRUCTURED_DB/2009/may/164437.json
2025-12-06 12:25:48,625 - INFO - 
[890/1000] Processing G.R. No. 164516
2025-12-06 12:25:48,625 - INFO -   Title: PICOP Resources, Inc. vs. Hon. Heherson T. Alavarez...
2025-12-06 12:25:49,472 - WARNING -   ✗ Could not fetch case from any URL
2025-12-06 12:25:49,472 - INFO - 
[891/1000] Processing G.R. No. 164549
2025-12-06 12:25:49,472 - INFO -   Title: Philippine National Bank vs. Spouses Agustin and Pilar Rocam...
2025-12-06 12:25:50,056 - INFO -   ✓ Saved: RESTRUCTURED_DB/2009/sep/164549.json
2025-12-06 12:25:50,556 - INFO - 
[892/1000] Processing G.R. No. 164560
2025-12-06 12:25:50,556 - INFO -   Title: Ana De Guia San Pedro, et al. vs. Hon. Fatima G. Asdala (etc...
2025-12-06 12:25:50,966 - INFO -   ✓ Saved: RESTRUCTURED_DB/2009/jul/164560.json
2025-12-06 12:25:51,467 - INFO - 
[893/1000] Processing G.R. No. 164584
2025-12-06 12:25:51,467 - INFO -   Title: Philip Mattews vs. Benjamin A. Taylor and Joselyn C. Taylor...
2025-12-06 12:25:51,866 - INFO -   ✓ Saved: RESTRUCTURED_DB/2009/jun/164584.json
2025-12-06 12:25:52,366 - INFO - 
[894/1000] Processing G.R. No. 164631
2025-12-06 12:25:52,366 - INFO -   Title: Land Bank of the Philippines vs. Rene Ralla Belista...
2025-12-06 12:25:52,765 - INFO -   ✓ Saved: RESTRUCTURED_DB/2009/jun/164631.json
2025-12-06 12:25:53,265 - INFO - 
[895/1000] Processing G.R. No. 164648
2025-12-06 12:25:53,265 - INFO -   Title: Eric L. Lee vs. Hon. Henry J. Trocino, et al....
2025-12-06 12:25:53,664 - INFO -   ✓ Saved: RESTRUCTURED_DB/2009/jun/164648.json
2025-12-06 12:25:54,164 - INFO - 
[896/1000] Processing G.R. No. 164681
2025-12-06 12:25:54,164 - INFO -   Title: Bernardino V. Navarro vs. P.V. Pajarillo Liner and NLRC...
2025-12-06 12:25:54,563 - INFO -   ✓ Saved: RESTRUCTURED_DB/2009/apr/164681.json
2025-12-06 12:25:55,063 - INFO - 
[897/1000] Processing G.R. No. 164785
2025-12-06 12:25:55,063 - INFO -   Title: Eliseo F. Soriano vs. Ma. Consoliza P. Laguardia etc....
2025-12-06 12:25:56,024 - INFO -   ✓ Saved: RESTRUCTURED_DB/2009/apr/164785.json
2025-12-06 12:25:56,525 - INFO - 
[898/1000] Processing G.R. No. 164789
2025-12-06 12:25:56,525 - INFO -   Title: Christian Assembly, Inc. vs. Sps. Avelino C. Ignacio and Pri...
2025-12-06 12:25:57,892 - INFO -   ✓ Saved: RESTRUCTURED_DB/2009/aug/164789.json
2025-12-06 12:25:58,392 - INFO - 
[899/1000] Processing G.R. No. 164800
2025-12-06 12:25:58,392 - INFO -   Title: Republic of the Philippines vs. Estate of Alfonso Lim, Sr., ...
2025-12-06 12:25:58,976 - INFO -   ✓ Saved: RESTRUCTURED_DB/2009/jul/164800.json
2025-12-06 12:25:59,477 - INFO - 
[900/1000] Processing G.R. No. 164817
2025-12-06 12:25:59,477 - INFO -   Title: Digna A. Najera vs. Eduardo J. Najera...
2025-12-06 12:26:00,061 - INFO -   ✓ Saved: RESTRUCTURED_DB/2009/jul/164817.json
2025-12-06 12:26:00,561 - INFO - 
[901/1000] Processing G.R. No. 164886
2025-12-06 12:26:00,561 - INFO -   Title: Jose Feliciano Loy, et al. vs. San Miguel Corporation Employ...
2025-12-06 12:26:00,965 - INFO -   ✓ Saved: RESTRUCTURED_DB/2009/nov/164886.json
2025-12-06 12:26:01,465 - INFO - 
[902/1000] Processing G.R. No. 164968
2025-12-06 12:26:01,465 - INFO -   Title: Gloria Ocampo, et al. vs. Land Bank of the Philippines, et a...
2025-12-06 12:26:01,866 - INFO -   ✓ Saved: RESTRUCTURED_DB/2009/jul/164968.json
2025-12-06 12:26:02,366 - INFO - 
[903/1000] Processing G.R. No. 165109
2025-12-06 12:26:02,366 - INFO -   Title: Manuel Mamba, et al. vs. Edgar R. Lara, et al....
2025-12-06 12:26:02,782 - INFO -   ✓ Saved: RESTRUCTURED_DB/2009/dec/165109.json
2025-12-06 12:26:03,282 - INFO - 
[904/1000] Processing G.R. No. 165116
2025-12-06 12:26:03,282 - INFO -   Title: Maria Soledad Tomimbang vs. Atty. Jose Tomimbang...
2025-12-06 12:26:03,682 - INFO -   ✓ Saved: RESTRUCTURED_DB/2009/aug/165116.json
2025-12-06 12:26:04,182 - INFO - 
[905/1000] Processing G.R. No. 165141
2025-12-06 12:26:04,182 - INFO -   Title: Peregina Mistica vs. Republic of the Philippines...
2025-12-06 12:26:04,581 - INFO -   ✓ Saved: RESTRUCTURED_DB/2009/sep/165141.json
2025-12-06 12:26:05,081 - INFO - 
[906/1000] Processing G.R. No. 165199
2025-12-06 12:26:05,082 - INFO -   Title: Philippine Long Distance Telephone Company vs. Inocencio B. ...
2025-12-06 12:26:05,482 - INFO -   ✓ Saved: RESTRUCTURED_DB/2009/nov/165199.json
2025-12-06 12:26:05,982 - INFO - 
[907/1000] Processing G.R. No. 165299
2025-12-06 12:26:05,982 - INFO -   Title: Pacific Steam Laundry, Inc. vs. Laguna Lake Development Auth...
2025-12-06 12:26:06,382 - INFO -   ✓ Saved: RESTRUCTURED_DB/2009/dec/165299.json
2025-12-06 12:26:06,882 - INFO - 
[908/1000] Processing G.R. No. 165387
2025-12-06 12:26:06,882 - INFO -   Title: Mayon Estate Corporation and Earthland Developer Corporation...
2025-12-06 12:26:07,281 - INFO -   ✓ Saved: RESTRUCTURED_DB/2009/dec/165387.json
2025-12-06 12:26:07,782 - INFO - 
[909/1000] Processing G.R. No. 165407
2025-12-06 12:26:07,782 - INFO -   Title: Herminigildo Inguillo, et al. vs. First Philippine Scales, I...
2025-12-06 12:26:08,368 - INFO -   ✓ Saved: RESTRUCTURED_DB/2009/jun/165407.json
2025-12-06 12:26:08,868 - INFO - 
[910/1000] Processing G.R. No. 165411
2025-12-06 12:26:08,868 - INFO -   Title: Wilma Tabaniag vs. People of the Philippines...
2025-12-06 12:26:09,269 - INFO -   ✓ Saved: RESTRUCTURED_DB/2009/jun/165411.json
2025-12-06 12:26:09,769 - INFO - 
[911/1000] Processing G.R. No. 165428
2025-12-06 12:26:09,770 - INFO -   Title: Land Bank of the Philippines vs. Teresita Panlilio Luciano...
2025-12-06 12:26:10,170 - INFO -   ✓ Saved: RESTRUCTURED_DB/2009/nov/165428.json
2025-12-06 12:26:10,670 - INFO - 
[912/1000] Processing G.R. No. 165443
2025-12-06 12:26:10,670 - INFO -   Title: Calatagan Golf Club, Inc. vs. Sixto Clemente, Jr....
2025-12-06 12:26:11,069 - INFO -   ✓ Saved: RESTRUCTURED_DB/2009/apr/165443.json
2025-12-06 12:26:11,570 - INFO - 
[913/1000] Processing G.R. No. 165448
2025-12-06 12:26:11,570 - INFO -   Title: Ernesto Aquino vs. People of the Philippines...
2025-12-06 12:26:11,968 - INFO -   ✓ Saved: RESTRUCTURED_DB/2009/jul/165448.json
2025-12-06 12:26:12,468 - INFO - 
[914/1000] Processing G.R. No. 165450
2025-12-06 12:26:12,468 - INFO -   Title: Francis F. Yenko, et al., (etc.) vs. Raul Nestor C. Gungon...
2025-12-06 12:26:13,053 - INFO -   ✓ Saved: RESTRUCTURED_DB/2009/aug/165450.json
2025-12-06 12:26:13,553 - INFO - 
[915/1000] Processing G.R. No. 165568
2025-12-06 12:26:13,553 - INFO -   Title: Government Service Insurance System vs. Abraham Lopez...
2025-12-06 12:26:13,953 - INFO -   ✓ Saved: RESTRUCTURED_DB/2009/jul/165568.json
2025-12-06 12:26:14,453 - INFO - 
[916/1000] Processing G.R. No. 165678
2025-12-06 12:26:14,453 - INFO -   Title: Rosario Panuncio vs. People of the Philippines...
2025-12-06 12:26:14,870 - INFO -   ✓ Saved: RESTRUCTURED_DB/2009/jul/165678.json
2025-12-06 12:26:15,370 - INFO - 
[917/1000] Processing G.R. No. 165697
2025-12-06 12:26:15,370 - INFO -   Title: Antonio Navarro vs. Metropolitan Bank & Trust Company...
2025-12-06 12:26:15,771 - INFO -   ✓ Saved: RESTRUCTURED_DB/2009/aug/165697.json
2025-12-06 12:26:16,271 - INFO - 
[918/1000] Processing G.R. No. 165742
2025-12-06 12:26:16,271 - INFO -   Title: Tri-Corp Land & Development, Inc. represented by Solita S. J...
2025-12-06 12:26:16,674 - INFO -   ✓ Saved: RESTRUCTURED_DB/2009/jun/165742.json
2025-12-06 12:26:17,174 - INFO - 
[919/1000] Processing G.R. No. 165756
2025-12-06 12:26:17,174 - INFO -   Title: Hotel Enterprises of the Philippines, Inc., etc. vs. Samahan...
2025-12-06 12:26:17,760 - INFO -   ✓ Saved: RESTRUCTURED_DB/2009/jun/165756.json
2025-12-06 12:26:18,260 - INFO - 
[920/1000] Processing G.R. No. 165781
2025-12-06 12:26:18,260 - INFO -   Title: Raul S. Tello vs. People of the Philippines...
2025-12-06 12:26:18,475 - INFO -   ✓ Saved: RESTRUCTURED_DB/2009/jun/165781.json
2025-12-06 12:26:18,976 - INFO - 
[921/1000] Processing G.R. No. 165895
2025-12-06 12:26:18,976 - INFO -   Title: Terlyngrace Rivera vs. Florencio L. Vargas...
2025-12-06 12:26:19,375 - INFO -   ✓ Saved: RESTRUCTURED_DB/2009/jun/165895.json
2025-12-06 12:26:19,875 - INFO - 
[922/1000] Processing G.R. No. 165907
2025-12-06 12:26:19,875 - INFO -   Title: Spouses Dominador R. Narvaez and Lilia W. Narvaez vs. Spouse...
2025-12-06 12:26:20,276 - INFO -   ✓ Saved: RESTRUCTURED_DB/2009/jul/165907.json
2025-12-06 12:26:20,776 - INFO - 
[923/1000] Processing G.R. No. 165927
2025-12-06 12:26:20,776 - INFO -   Title: Ernesto Z. Giduquio vs. People of the Philippines...
2025-12-06 12:26:21,176 - INFO -   ✓ Saved: RESTRUCTURED_DB/2009/apr/165927.json
2025-12-06 12:26:21,676 - INFO - 
[924/1000] Processing G.R. No. 165938
2025-12-06 12:26:21,676 - INFO -   Title: Rogelio Dizon vs. Philippine Veterans Bank...
2025-12-06 12:26:22,074 - INFO -   ✓ Saved: RESTRUCTURED_DB/2009/nov/165938.json
2025-12-06 12:26:22,574 - INFO - 
[925/1000] Processing G.R. No. 166036
2025-12-06 12:26:22,575 - INFO -   Title: Nena A. Cariño vs. Estrella M. Espinosa, represented by her ...
2025-12-06 12:26:22,789 - INFO -   ✓ Saved: RESTRUCTURED_DB/2009/jun/166036.json
2025-12-06 12:26:23,289 - INFO - 
[926/1000] Processing G.R. No. 166086
2025-12-06 12:26:23,290 - INFO -   Title: Eleno T. Regidor, Jr. et al. vs. People of the Philippines, ...
2025-12-06 12:26:24,137 - WARNING -   ✗ Could not fetch case from any URL
2025-12-06 12:26:24,137 - INFO - 
[927/1000] Processing G.R. No. 166198
2025-12-06 12:26:24,137 - INFO -   Title: Marcelino A. Magdadaro vs. Philippine National Bank...
2025-12-06 12:26:24,535 - INFO -   ✓ Saved: RESTRUCTURED_DB/2009/jul/166198.json
2025-12-06 12:26:25,035 - INFO - 
[928/1000] Processing G.R. No. 166199
2025-12-06 12:26:25,035 - INFO -   Title: The Secretary of Justice, et al. vs. Christopher Koruga...
2025-12-06 12:26:25,445 - INFO -   ✓ Saved: RESTRUCTURED_DB/2009/apr/166199.json
2025-12-06 12:26:25,945 - INFO - 
[929/1000] Processing G.R. No. 166200
2025-12-06 12:26:25,945 - INFO -   Title: Philippine Ports Authority vs. Hon. Paterno Tac-an, et al.,...
2025-12-06 12:26:26,792 - WARNING -   ✗ Could not fetch case from any URL
2025-12-06 12:26:26,792 - INFO - 
[930/1000] Processing G.R. No. 166260
2025-12-06 12:26:26,792 - INFO -   Title: Metropolitan Bank & Trust Company vs. the Hon. CA, et al....
2025-12-06 12:26:27,203 - INFO -   ✓ Saved: RESTRUCTURED_DB/2009/feb/166260.json
2025-12-06 12:26:27,703 - INFO - 
[931/1000] Processing G.R. No. 166393
2025-12-06 12:26:27,703 - INFO -   Title: Cristina F. Reillo, et al. vs. Galicano E. San Jose etc., et...
2025-12-06 12:26:28,102 - INFO -   ✓ Saved: RESTRUCTURED_DB/2009/jun/166393.json
2025-12-06 12:26:28,602 - INFO - 
[932/1000] Processing G.R. No. 166470
2025-12-06 12:26:28,602 - INFO -   Title: Cecilio C. Hernandez, Ma, Victoria C. Hernandez-Sagun, Teres...
2025-12-06 12:26:29,002 - INFO -   ✓ Saved: RESTRUCTURED_DB/2009/aug/166470.json
2025-12-06 12:26:29,502 - INFO - 
[933/1000] Processing G.R. No. 166481
2025-12-06 12:26:29,503 - INFO -   Title: Clarita P. Navarro vs. Metropolitan Bank & Trust Company...
2025-12-06 12:26:30,769 - WARNING -   ✗ Could not fetch case from any URL
2025-12-06 12:26:30,770 - INFO - 
[934/1000] Processing G.R. No. 166498
2025-12-06 12:26:30,770 - INFO -   Title: Hon. Secretary of Finance, et al. vs. La Suerte Cigar and Ci...
2025-12-06 12:26:31,169 - INFO -   ✓ Saved: RESTRUCTURED_DB/2009/jun/166498.json
2025-12-06 12:26:31,670 - INFO - 
[935/1000] Processing G.R. No. 166510
2025-12-06 12:26:31,670 - INFO -   Title: People of the Philippines vs. Benjamin "Kokoy" T. Romuladez ...
2025-12-06 12:26:32,256 - INFO -   ✓ Saved: RESTRUCTURED_DB/2009/apr/166510.json
2025-12-06 12:26:32,756 - INFO - 
[936/1000] Processing G.R. No. 166516
2025-12-06 12:26:32,756 - INFO -   Title: Emma Ver Reyes and Ramon Reyes vs. the Register of Deeds of ...
2025-12-06 12:26:32,982 - INFO -   ✓ Saved: RESTRUCTURED_DB/2009/sep/166516.json
2025-12-06 12:26:33,482 - INFO - 
[937/1000] Processing G.R. No. 166518
2025-12-06 12:26:33,482 - INFO -   Title: National Housing Authority vs. Heirs of Isidro Guivelorido, ...
2025-12-06 12:26:33,699 - INFO -   ✓ Saved: RESTRUCTURED_DB/2009/jun/166518.json
2025-12-06 12:26:34,199 - INFO - 
[938/1000] Processing G.R. No. 166553
2025-12-06 12:26:34,199 - INFO -   Title: Republic of the Philippines, represented by the National Pow...
2025-12-06 12:26:34,599 - INFO -   ✓ Saved: RESTRUCTURED_DB/2009/jul/166553.json
2025-12-06 12:26:35,099 - INFO - 
[939/1000] Processing G.R. No. 166570
2025-12-06 12:26:35,099 - INFO -   Title: Efren M. Herrera, et al. vs. National Power Corporation, et ...
2025-12-06 12:26:35,503 - INFO -   ✓ Saved: RESTRUCTURED_DB/2009/dec/166570.json
2025-12-06 12:26:36,003 - INFO - 
[940/1000] Processing G.R. No. 166608
2025-12-06 12:26:36,003 - INFO -   Title: Tala Realy Services Corp., et al. vs. Banco Filipino Savings...
2025-12-06 12:26:36,852 - WARNING -   ✗ Could not fetch case from any URL
2025-12-06 12:26:36,852 - INFO - 
[941/1000] Processing G.R. No. 166640
2025-12-06 12:26:36,852 - INFO -   Title: Herminio Mariano, Jr. vs. Ildefonso C. Callejas and Edgar De...
2025-12-06 12:26:37,067 - INFO -   ✓ Saved: RESTRUCTURED_DB/2009/jul/166640.json
2025-12-06 12:26:37,567 - INFO - 
[942/1000] Processing G.R. No. 166682
2025-12-06 12:26:37,567 - INFO -   Title: Noel B. Bagtas vs. Hon. Ruth C. Santos, etc. et al....
2025-12-06 12:26:37,966 - INFO -   ✓ Saved: RESTRUCTURED_DB/2009/nov/166682.json
2025-12-06 12:26:38,467 - INFO - 
[943/1000] Processing G.R. No. 166705
2025-12-06 12:26:38,467 - INFO -   Title: Mantle Trading Services, Incorporated and/or Bobby Del Rosar...
2025-12-06 12:26:38,866 - INFO -   ✓ Saved: RESTRUCTURED_DB/2009/jul/166705.json
2025-12-06 12:26:39,366 - INFO - 
[944/1000] Processing G.R. No. 166734
2025-12-06 12:26:39,366 - INFO -   Title: Mandy Commodities Co., Inc. vs. the International Commercial...
2025-12-06 12:26:39,767 - INFO -   ✓ Saved: RESTRUCTURED_DB/2009/jul/166734.json
2025-12-06 12:26:40,267 - INFO - 
[945/1000] Processing G.R. No. 166738
2025-12-06 12:26:40,267 - INFO -   Title: Rowena Padilla-Rumbaua vs. Eduardo Rumbaua...
2025-12-06 12:26:40,671 - INFO -   ✓ Saved: RESTRUCTURED_DB/2009/aug/166738.json
2025-12-06 12:26:41,172 - INFO - 
[946/1000] Processing G.R. No. 166748
2025-12-06 12:26:41,172 - INFO -   Title: Laureano V. Hermoso, et al. vs. Heirs of Antonio Francia and...
2025-12-06 12:26:41,389 - INFO -   ✓ Saved: RESTRUCTURED_DB/2009/apr/166748.json
2025-12-06 12:26:41,889 - INFO - 
[947/1000] Processing G.R. No. 166794
2025-12-06 12:26:41,889 - INFO -   Title: Cesar P. Guy vs. the People of the Philippines...
2025-12-06 12:26:42,289 - INFO -   ✓ Saved: RESTRUCTURED_DB/2009/mar/166880.json
2025-12-06 12:26:42,790 - INFO - 
[948/1000] Processing G.R. No. 166857
2025-12-06 12:26:42,790 - INFO -   Title: D.M. Wenceslao & Associates, inc. vs. Freyssinet Philippines...
2025-12-06 12:26:43,005 - INFO -   ✓ Saved: RESTRUCTURED_DB/2009/sep/166857.json
2025-12-06 12:26:43,505 - INFO - 
[949/1000] Processing G.R. No. 166879
2025-12-06 12:26:43,506 - INFO -   Title: A. Soriano Aviation vs. Employees Association of A. Soriano ...
2025-12-06 12:26:43,906 - INFO -   ✓ Saved: RESTRUCTURED_DB/2009/aug/166879.json
2025-12-06 12:26:44,406 - INFO - 
[950/1000] Processing G.R. No. 166880
2025-12-06 12:26:44,406 - INFO -   Title: Felix T. Ripalda, et al. vs. People of the Philippines...
2025-12-06 12:26:45,255 - WARNING -   ✗ Could not fetch case from any URL
2025-12-06 12:26:45,255 - INFO - 
[951/1000] Processing G.R. No. 166941
2025-12-06 12:26:45,255 - INFO -   Title: Spouses Dennis Barias and Divina Barias vs. Heirs of Bartolo...
2025-12-06 12:26:45,481 - INFO -   ✓ Saved: RESTRUCTURED_DB/2009/dec/166941.json
2025-12-06 12:26:45,982 - INFO - 
[952/1000] Processing G.R. No. 166988
2025-12-06 12:26:45,982 - INFO -   Title: Heirs of Emiliano San Pedro, etc. vs. Pablito Garcia and Jos...
2025-12-06 12:26:46,385 - INFO -   ✓ Saved: RESTRUCTURED_DB/2009/jul/166988.json
2025-12-06 12:26:46,885 - INFO - 
[953/1000] Processing G.R. No. 167017
2025-12-06 12:26:46,885 - INFO -   Title: Serafin Cheng vs. Spouses Vittorio and Ma. Helen Donini...
2025-12-06 12:26:47,287 - INFO -   ✓ Saved: RESTRUCTURED_DB/2009/jun/167017.json
2025-12-06 12:26:47,787 - INFO - 
[954/1000] Processing G.R. No. 167088
2025-12-06 12:26:47,787 - INFO -   Title: Narcisa A. Grefiel vs. the Hon. Sandiganbayan, et al....
2025-12-06 12:26:48,636 - WARNING -   ✗ Could not fetch case from any URL
2025-12-06 12:26:48,636 - INFO - 
[955/1000] Processing G.R. No. 167195
2025-12-06 12:26:48,636 - INFO -   Title: Asset Privitazation Trust vs. T.J. Enterprises...
2025-12-06 12:26:48,862 - INFO -   ✓ Saved: RESTRUCTURED_DB/2009/may/167195.json
2025-12-06 12:26:49,362 - INFO - 
[956/1000] Processing G.R. No. 167230
2025-12-06 12:26:49,362 - INFO -   Title: Spouses Dante and Ma. Teresa Galura vs. Math-Agro Corporatio...
2025-12-06 12:26:49,762 - INFO -   ✓ Saved: RESTRUCTURED_DB/2009/aug/167230.json
2025-12-06 12:26:50,262 - INFO - 
[957/1000] Processing G.R. No. 167232
2025-12-06 12:26:50,262 - INFO -   Title: D.B.T. Mar-Bay Construction Incorporated vs. Ricaredo Panes,...
2025-12-06 12:26:50,664 - INFO -   ✓ Saved: RESTRUCTURED_DB/2009/jul/167232.json
2025-12-06 12:26:51,164 - INFO - 
[958/1000] Processing G.R. No. 167304
2025-12-06 12:26:51,164 - INFO -   Title: People of the Philippines vs. Sandiganbayan (Third Division)...
2025-12-06 12:26:51,564 - INFO -   ✓ Saved: RESTRUCTURED_DB/2009/aug/167304.json
2025-12-06 12:26:52,064 - INFO - 
[959/1000] Processing G.R. No. 167330
2025-12-06 12:26:52,064 - INFO -   Title: Philippine Health Providers, Inc. vs. Commissioner of Intern...
2025-12-06 12:26:52,469 - INFO -   ✓ Saved: RESTRUCTURED_DB/2009/sep/167330.json
2025-12-06 12:26:52,969 - INFO - 
[960/1000] Processing G.R. No. 167420
2025-12-06 12:26:52,969 - INFO -   Title: Allied Banking Corporation vs. Ruperto Jose H. Mateo, repres...
2025-12-06 12:26:53,185 - INFO -   ✓ Saved: RESTRUCTURED_DB/2009/jun/167420.json
2025-12-06 12:26:53,685 - INFO - 
[961/1000] Processing G.R. No. 167505
2025-12-06 12:26:53,685 - INFO -   Title: Damayan ng mga manggagawang bukid sa asyenda Roxas-National ...
2025-12-06 12:26:54,533 - WARNING -   ✗ Could not fetch case from any URL
2025-12-06 12:26:54,533 - INFO - 
[962/1000] Processing G.R. No. 167540
2025-12-06 12:26:54,533 - INFO -   Title: Department of Land Reform, Formerly Department of Agrarian R...
2025-12-06 12:26:55,380 - WARNING -   ✗ Could not fetch case from any URL
2025-12-06 12:26:55,380 - INFO - 
[963/1000] Processing G.R. No. 167543
2025-12-06 12:26:55,380 - INFO -   Title: Katipunan ng mga Magbubukid sa Hacienda Roxas, Inc. (KAMAHAR...
2025-12-06 12:26:56,227 - WARNING -   ✗ Could not fetch case from any URL
2025-12-06 12:26:56,227 - INFO - 
[964/1000] Processing G.R. No. 167546
2025-12-06 12:26:56,227 - INFO -   Title: Sonny Romero y Dominguez vs. People of the Philippines...
2025-12-06 12:26:56,442 - INFO -   ✓ Saved: RESTRUCTURED_DB/2009/jul/167546.json
2025-12-06 12:26:56,942 - INFO - 
[965/1000] Processing G.R. No. 167569
2025-12-06 12:26:56,942 - INFO -   Title: Carlos T. Go., Sr., vs. Luis T. Ramos...
2025-12-06 12:26:57,529 - INFO -   ✓ Saved: RESTRUCTURED_DB/2009/sep/167569.json
2025-12-06 12:26:58,029 - INFO - 
[966/1000] Processing G.R. No. 167570
2025-12-06 12:26:58,030 - INFO -   Title: Jimmy T. Go vs. Luis T. Ramos...
2025-12-06 12:26:58,876 - WARNING -   ✗ Could not fetch case from any URL
2025-12-06 12:26:58,876 - INFO - 
[967/1000] Processing G.R. No. 167706
2025-12-06 12:26:58,876 - INFO -   Title: Reynaldo G. Cabigting vs. San Miguel Foods, Inc....
2025-12-06 12:26:59,104 - INFO -   ✓ Saved: RESTRUCTURED_DB/2009/nov/167706.json
2025-12-06 12:26:59,605 - INFO - 
[968/1000] Processing G.R. No. 167710
2025-12-06 12:26:59,605 - INFO -   Title: People of the Philippines vs. Joven De Grano, et al....
2025-12-06 12:27:00,007 - INFO -   ✓ Saved: RESTRUCTURED_DB/2009/jun/167710.json
2025-12-06 12:27:00,507 - INFO - 
[969/1000] Processing G.R. No. 167768
2025-12-06 12:27:00,507 - INFO -   Title: Malayan Insurance Company, Inc. vs. Victorias Milling Compan...
2025-12-06 12:27:00,737 - INFO -   ✓ Saved: RESTRUCTURED_DB/2009/apr/167768.json
2025-12-06 12:27:01,238 - INFO - 
[970/1000] Processing G.R. No. 167955
2025-12-06 12:27:01,238 - INFO -   Title: People of the Philippines vs. Armando Padilla y Nicolas...
2025-12-06 12:27:01,639 - INFO -   ✓ Saved: RESTRUCTURED_DB/2009/sep/167955.json
2025-12-06 12:27:02,139 - INFO - 
[971/1000] Processing G.R. No. 167995
2025-12-06 12:27:02,139 - INFO -   Title: Julita V. Imuan, et al. vs. Juanito Cereno, et al....
2025-12-06 12:27:02,356 - INFO -   ✓ Saved: RESTRUCTURED_DB/2009/sep/167995.json
2025-12-06 12:27:02,857 - INFO - 
[972/1000] Processing G.R. No. 168039
2025-12-06 12:27:02,857 - INFO -   Title: Office of the Ombudsman vs. Fernando J. Beltran...
2025-12-06 12:27:03,257 - INFO -   ✓ Saved: RESTRUCTURED_DB/2009/jun/168039.json
2025-12-06 12:27:03,757 - INFO - 
[973/1000] Processing G.R. No. 168151
2025-12-06 12:27:03,757 - INFO -   Title: Regional Container Lines (RCL) of Singapore and Shipping Age...
2025-12-06 12:27:03,974 - INFO -   ✓ Saved: RESTRUCTURED_DB/2009/sep/168151.json
2025-12-06 12:27:04,474 - INFO - 
[974/1000] Processing G.R. No. 168184
2025-12-06 12:27:04,475 - INFO -   Title: Republic of the Philippines vs. Ruby Lee Tsai...
2025-12-06 12:27:04,874 - INFO -   ✓ Saved: RESTRUCTURED_DB/2009/jun/168184.json
2025-12-06 12:27:05,374 - INFO - 
[975/1000] Processing G.R. No. 168215
2025-12-06 12:27:05,374 - INFO -   Title: LBC Express Metro Manila, Inc. and Lorenzo A. Niño vs. James...
2025-12-06 12:27:05,589 - INFO -   ✓ Saved: RESTRUCTURED_DB/2009/jun/168215.json
2025-12-06 12:27:06,089 - INFO - 
[976/1000] Processing G.R. No. 168272
2025-12-06 12:27:06,089 - INFO -   Title: Rosalina Buenafe, et al. vs. Philippine Ports Authority,...
2025-12-06 12:27:06,936 - WARNING -   ✗ Could not fetch case from any URL
2025-12-06 12:27:06,936 - INFO - 
[977/1000] Processing G.R. No. 168273
2025-12-06 12:27:06,936 - INFO -   Title: Harbor View Restaurant vs. Reynaldo Labro...
2025-12-06 12:27:07,334 - INFO -   ✓ Saved: RESTRUCTURED_DB/2009/apr/168273.json
2025-12-06 12:27:07,834 - INFO - 
[978/1000] Processing G.R. No. 168332
2025-12-06 12:27:07,835 - INFO -   Title: Teodoro O. Arcenas, Jr., et al. vs. Hon. Sixto Marella, Jr.,...
2025-12-06 12:27:08,420 - INFO -   ✓ Saved: RESTRUCTURED_DB/2009/jun/168332.json
2025-12-06 12:27:08,920 - INFO - 
[979/1000] Processing G.R. No. 168406
2025-12-06 12:27:08,921 - INFO -   Title: Club Filipino, Inc. and Atty. Roberto F. De Leon vs. Benjami...
2025-12-06 12:27:09,136 - INFO -   ✓ Saved: RESTRUCTURED_DB/2009/jul/168406.json
2025-12-06 12:27:09,636 - INFO - 
[980/1000] Processing G.R. No. 168446
2025-12-06 12:27:09,636 - INFO -   Title: People of the Philippines vs. Ernesto Cruz, Jr. y Concepcion...
2025-12-06 12:27:10,040 - INFO -   ✓ Saved: RESTRUCTURED_DB/2009/sep/168446.json
2025-12-06 12:27:10,540 - INFO - 
[981/1000] Processing G.R. No. 168631
2025-12-06 12:27:10,540 - INFO -   Title: Land Bank of the Philippines vs. Carolina vda. de Abello, et...
2025-12-06 12:27:10,757 - INFO -   ✓ Saved: RESTRUCTURED_DB/2009/apr/168631.json
2025-12-06 12:27:11,257 - INFO - 
[982/1000] Processing G.R. No. 168660
2025-12-06 12:27:11,258 - INFO -   Title: Hilarion, Jr. and Enrico Orendain, represented by Fe Orendai...
2025-12-06 12:27:11,474 - INFO -   ✓ Saved: RESTRUCTURED_DB/2009/jun/168660.json
2025-12-06 12:27:11,974 - INFO - 
[983/1000] Processing G.R. No. 168668
2025-12-06 12:27:11,974 - INFO -   Title: Philippine Economic Zone Authority (PEZA), et al. vs. Pearl ...
2025-12-06 12:27:12,374 - INFO -   ✓ Saved: RESTRUCTURED_DB/2009/dec/168668.json
2025-12-06 12:27:12,875 - INFO - 
[984/1000] Processing G.R. No. 168693
2025-12-06 12:27:12,875 - INFO -   Title: The People of the Philippines vs. Jessie Mariano y Isla...
2025-12-06 12:27:13,275 - INFO -   ✓ Saved: RESTRUCTURED_DB/2009/jun/168693.json
2025-12-06 12:27:13,775 - INFO - 
[985/1000] Processing G.R. No. 168697
2025-12-06 12:27:13,776 - INFO -   Title: Gina M. Tiangco and Salvacion Jenny Manego vs. Uniwide Sales...
2025-12-06 12:27:13,992 - INFO -   ✓ Saved: RESTRUCTURED_DB/2009/dec/168897.json
2025-12-06 12:27:14,492 - INFO - 
[986/1000] Processing G.R. No. 168716
2025-12-06 12:27:14,493 - INFO -   Title: HFS Phlippines, Inc., Ruben T. Del Rosario and IUM Ship Mana...
2025-12-06 12:27:14,893 - INFO -   ✓ Saved: RESTRUCTURED_DB/2009/apr/168716.json
2025-12-06 12:27:15,393 - INFO - 
[987/1000] Processing G.R. No. 168734
2025-12-06 12:27:15,393 - INFO -   Title: Marcelino Lopez, et al. vs. Hon. Court of Appeals, et al....
2025-12-06 12:27:15,796 - INFO -   ✓ Saved: RESTRUCTURED_DB/2009/apr/168734.json
2025-12-06 12:27:16,296 - INFO - 
[988/1000] Processing G.R. No. 168756
2025-12-06 12:27:16,296 - INFO -   Title: Shrimp Specialist, Inc., vs. Fuji-Triumph Agri-Industrial Co...
2025-12-06 12:27:16,514 - INFO -   ✓ Saved: RESTRUCTURED_DB/2009/dec/168756.json
2025-12-06 12:27:17,014 - INFO - 
[989/1000] Processing G.R. No. 168800
2025-12-06 12:27:17,014 - INFO -   Title: New Regent Sources, Inc. vs. Teofilo Victor Tanjuatco, Jr. a...
2025-12-06 12:27:17,230 - INFO -   ✓ Saved: RESTRUCTURED_DB/2009/apr/168800.json
2025-12-06 12:27:17,730 - INFO - 
[990/1000] Processing G.R. No. 168848
2025-12-06 12:27:17,730 - INFO -   Title: Heirs of the late Jose Luzuriaga, etc., vs. Republic of the ...
2025-12-06 12:27:18,131 - INFO -   ✓ Saved: RESTRUCTURED_DB/2009/jun/168848.json
2025-12-06 12:27:18,632 - INFO - 
[991/1000] Processing G.R. No. 168859
2025-12-06 12:27:18,632 - INFO -   Title: United Coconut Planters Bank, et al. vs. E. Ganzon, Inc....
2025-12-06 12:27:19,033 - INFO -   ✓ Saved: RESTRUCTURED_DB/2009/jun/168859.json
2025-12-06 12:27:19,533 - INFO - 
[992/1000] Processing G.R. No. 168863
2025-12-06 12:27:19,534 - INFO -   Title: Hi-Yield Realty, Incorporated vs. Hon. Court of Appeals, et ...
2025-12-06 12:27:19,749 - INFO -   ✓ Saved: RESTRUCTURED_DB/2009/jun/168863.json
2025-12-06 12:27:20,249 - INFO - 
[993/1000] Processing G.R. No. 168897
2025-12-06 12:27:20,249 - INFO -   Title: E. Ganzon, Inc. vs. united Coconut Planters Bank, et al....
2025-12-06 12:27:21,097 - WARNING -   ✗ Could not fetch case from any URL
2025-12-06 12:27:21,097 - INFO - 
[994/1000] Processing G.R. No. 168910
2025-12-06 12:27:21,097 - INFO -   Title: Republic Cement Corporation vs. Peter Guinmapang...
2025-12-06 12:27:21,315 - INFO -   ✓ Saved: RESTRUCTURED_DB/2009/aug/168910.json
2025-12-06 12:27:21,815 - INFO - 
[995/1000] Processing G.R. No. 168927
2025-12-06 12:27:21,815 - INFO -   Title: Arsenio F. Quevedo, et al. vs. Benguet Electric Cooperative ...
2025-12-06 12:27:22,217 - INFO -   ✓ Saved: RESTRUCTURED_DB/2009/sep/168927.json
2025-12-06 12:27:22,717 - INFO - 
[996/1000] Processing G.R. No. 168940
2025-12-06 12:27:22,717 - INFO -   Title: Sps. Isagani & Diosdada Castro vs. Angelina de Leon Tan...
2025-12-06 12:27:23,130 - INFO -   ✓ Saved: RESTRUCTURED_DB/2009/nov/168940.json
2025-12-06 12:27:23,630 - INFO - 
[997/1000] Processing G.R. No. 169019
2025-12-06 12:27:23,630 - INFO -   Title: Heirs of the late Jose Luzuriaga, etc., vs. Republic of the ...
2025-12-06 12:27:24,482 - WARNING -   ✗ Could not fetch case from any URL
2025-12-06 12:27:24,482 - INFO - 
[998/1000] Processing G.R. No. 169163
2025-12-06 12:27:24,482 - INFO -   Title: DAMBA-NFSW/DAMBANFSW), represented by Lauro Martin vs. Roxas...
2025-12-06 12:27:25,328 - WARNING -   ✗ Could not fetch case from any URL
2025-12-06 12:27:25,328 - INFO - 
[999/1000] Processing G.R. No. 169173
2025-12-06 12:27:25,328 - INFO -   Title: M+W Zander Philippines, Inc. and Rolf Wiltschek vs. Trinidad...
2025-12-06 12:27:26,359 - INFO -   ✓ Saved: RESTRUCTURED_DB/2009/jun/169173.json
2025-12-06 12:27:26,860 - INFO - 
[1000/1000] Processing G.R. No. 169217
2025-12-06 12:27:26,860 - INFO -   Title: Cecilio C. Hernandez, Ma. Victoria C. Hernandez-Sagun and Te...
2025-12-06 12:27:27,709 - WARNING -   ✗ Could not fetch case from any URL
2025-12-06 12:27:27,765 - INFO - 
✓ Updated lawphil_missing_cases.json: removed 856 scraped cases
2025-12-06 12:27:27,765 - INFO -   Remaining cases: 9751
2025-12-06 12:27:27,766 - INFO - 
================================================================================
2025-12-06 12:27:27,766 - INFO - BATCH COMPLETE
2025-12-06 12:27:27,766 - INFO - ================================================================================
2025-12-06 12:27:27,766 - INFO - Cases attempted: 1000
2025-12-06 12:27:27,766 - INFO - Successfully scraped: 856
2025-12-06 12:27:27,766 - INFO - Already existed: 38
2025-12-06 12:27:27,766 - INFO - Failed: 106
2025-12-06 12:27:27,766 - INFO - Success rate: 85.6%
2025-12-06 12:27:27,766 - INFO - ================================================================================
