2025-12-05 18:42:09,467 - INFO - Loading missing cases list...
2025-12-05 18:42:09,485 - INFO - ================================================================================
2025-12-05 18:42:09,485 - INFO - LAWPHIL BATCH SCRAPER
2025-12-05 18:42:09,485 - INFO - ================================================================================
2025-12-05 18:42:09,485 - INFO - Database path: RESTRUCTURED_DB
2025-12-05 18:42:09,485 - INFO - Cases to scrape: 5
2025-12-05 18:42:09,485 - INFO - Year range: 2024-2024
2025-12-05 18:42:09,485 - INFO - Batch size: 100
2025-12-05 18:42:09,485 - INFO - ================================================================================
2025-12-05 18:42:09,485 - INFO - 
================================================================================
2025-12-05 18:42:09,485 - INFO - BATCH 1/1 (5 cases)
2025-12-05 18:42:09,485 - INFO - ================================================================================
2025-12-05 18:42:09,485 - INFO - Scraping G.R. No. 255466 (2024): BBB255466 vs. People of the Philippines...
2025-12-05 18:42:13,314 - WARNING -   ✗ Not found for G.R. No. 255466
2025-12-05 18:42:15,314 - INFO - Scraping G.R. No. 263047 (2024): Spouses Noel John M. Kaw And Josephine Caseres-Kaw...
2025-12-05 18:42:18,570 - WARNING -   ✗ Not found for G.R. No. 263047
2025-12-05 18:42:20,570 - INFO - Scraping G.R. No. 267310 (2024): Fleet Marine Cable Solutions Inc. vs. Mjas Zenith ...
2025-12-05 18:42:23,840 - WARNING -   ✗ Not found for G.R. No. 267310
2025-12-05 18:42:25,840 - INFO - Scraping G.R. No. 261123 (2024): Duty to Energize The Republic Through the Enlighte...
2025-12-05 18:42:29,166 - WARNING -   ✗ Not found for G.R. No. 261123
2025-12-05 18:42:31,167 - INFO - Scraping G.R. No. 254976 (2024): Marcelino Dela Cruz Lingganay vs. Del Monte Land T...
2025-12-05 18:42:34,404 - WARNING -   ✗ Not found for G.R. No. 254976
2025-12-05 18:42:36,404 - INFO - 
Batch 1 complete:
2025-12-05 18:42:36,405 - INFO -   Successful: 0
2025-12-05 18:42:36,405 - INFO -   Failed: 5
2025-12-05 18:42:36,405 - INFO -   Skipped: 0
2025-12-05 18:42:36,405 - INFO - 
Overall progress: 5/5 cases
2025-12-05 18:42:36,405 - INFO - 
================================================================================
2025-12-05 18:42:36,405 - INFO - SCRAPING COMPLETE
2025-12-05 18:42:36,405 - INFO - ================================================================================
2025-12-05 18:42:36,405 - INFO - Total cases attempted: 5
2025-12-05 18:42:36,405 - INFO - Successfully scraped: 0
2025-12-05 18:42:36,405 - INFO - Failed: 5
2025-12-05 18:42:36,405 - INFO - Skipped (already exist): 0
2025-12-05 18:42:36,405 - INFO - Success rate: 0.0%
2025-12-05 18:42:36,405 - INFO - Time elapsed: 0.4 minutes
2025-12-05 18:42:36,405 - INFO - ================================================================================
2025-12-05 18:55:15,664 - INFO - Loading missing cases list...
2025-12-05 18:55:15,678 - INFO - ================================================================================
2025-12-05 18:55:15,678 - INFO - LAWPHIL BATCH SCRAPER
2025-12-05 18:55:15,678 - INFO - ================================================================================
2025-12-05 18:55:15,678 - INFO - Database path: RESTRUCTURED_DB
2025-12-05 18:55:15,678 - INFO - Cases to scrape: 3
2025-12-05 18:55:15,678 - INFO - Year range: 2005-2005
2025-12-05 18:55:15,678 - INFO - Batch size: 100
2025-12-05 18:55:15,678 - INFO - ================================================================================
2025-12-05 18:55:15,679 - INFO - 
================================================================================
2025-12-05 18:55:15,679 - INFO - BATCH 1/1 (3 cases)
2025-12-05 18:55:15,679 - INFO - ================================================================================
2025-12-05 18:55:15,679 - INFO - Scraping G.R. No. 200553 (2005): Spouses Gildardo C. Loquellano and Roslina Juliet ...
2025-12-05 18:55:24,005 - WARNING -   ✗ Not found for G.R. No. 200553
2025-12-05 18:55:25,005 - INFO - Scraping G.R. No. 155879 (2005): Manila International Airport Authority vs. the Hon...
2025-12-05 18:55:25,485 - INFO -   ✓ Found at: https://lawphil.net/judjuris/juri2005/dec2005/gr_155879_2005.html
2025-12-05 18:55:25,487 - INFO -   ✓ Saved: RESTRUCTURED_DB/2005/december/155879.json
2025-12-05 18:55:26,487 - INFO - Scraping G.R. No. 156894 (2005): Guillermo A. Cruz vs. Hon. Court of Appeals, et al...
2025-12-05 18:55:26,965 - INFO -   ✓ Found at: https://lawphil.net/judjuris/juri2005/dec2005/gr_156894_2005.html
2025-12-05 18:55:26,966 - INFO -   ✓ Saved: RESTRUCTURED_DB/2005/december/156894.json
2025-12-05 18:55:27,967 - INFO - 
Batch 1 complete:
2025-12-05 18:55:27,967 - INFO -   Successful: 2
2025-12-05 18:55:27,967 - INFO -   Failed: 1
2025-12-05 18:55:27,967 - INFO -   Skipped: 0
2025-12-05 18:55:27,967 - INFO - 
Overall progress: 3/3 cases
2025-12-05 18:55:27,967 - INFO - 
================================================================================
2025-12-05 18:55:27,967 - INFO - SCRAPING COMPLETE
2025-12-05 18:55:27,967 - INFO - ================================================================================
2025-12-05 18:55:27,967 - INFO - Total cases attempted: 3
2025-12-05 18:55:27,967 - INFO - Successfully scraped: 2
2025-12-05 18:55:27,967 - INFO - Failed: 1
2025-12-05 18:55:27,967 - INFO - Skipped (already exist): 0
2025-12-05 18:55:27,967 - INFO - Success rate: 66.7%
2025-12-05 18:55:27,967 - INFO - Time elapsed: 0.2 minutes
2025-12-05 18:55:27,967 - INFO - ================================================================================
2025-12-05 18:55:47,697 - INFO - Loading missing cases list...
2025-12-05 18:55:47,712 - INFO - ================================================================================
2025-12-05 18:55:47,712 - INFO - LAWPHIL BATCH SCRAPER
2025-12-05 18:55:47,712 - INFO - ================================================================================
2025-12-05 18:55:47,712 - INFO - Database path: RESTRUCTURED_DB
2025-12-05 18:55:47,712 - INFO - Cases to scrape: 20
2025-12-05 18:55:47,712 - INFO - Year range: 2005-2005
2025-12-05 18:55:47,712 - INFO - Batch size: 100
2025-12-05 18:55:47,712 - INFO - ================================================================================
2025-12-05 18:55:47,712 - INFO - 
================================================================================
2025-12-05 18:55:47,712 - INFO - BATCH 1/1 (20 cases)
2025-12-05 18:55:47,712 - INFO - ================================================================================
2025-12-05 18:55:47,712 - INFO - Scraping G.R. No. 200553 (2005): Spouses Gildardo C. Loquellano and Roslina Juliet ...
2025-12-05 18:55:56,007 - WARNING -   ✗ Not found for G.R. No. 200553
2025-12-05 18:55:56,808 - INFO - Scraping G.R. No. 157985 (2005): Zenaida Bugarin, et al. vs. Cecilia B. Palisoc, et...
2025-12-05 18:55:57,285 - INFO -   ✓ Found at: https://lawphil.net/judjuris/juri2005/dec2005/gr_157985_2005.html
2025-12-05 18:55:57,287 - INFO -   ✓ Saved: RESTRUCTURED_DB/2005/december/157985.json
2025-12-05 18:55:58,087 - INFO - Scraping G.R. No. 162277 (2005): Corazon Suyat, et al. vs. Hon. Annie Gonzales-Teso...
2025-12-05 18:55:58,567 - INFO -   ✓ Found at: https://lawphil.net/judjuris/juri2005/dec2005/gr_162277_2005.html
2025-12-05 18:55:58,569 - INFO -   ✓ Saved: RESTRUCTURED_DB/2005/december/162277.json
2025-12-05 18:55:59,369 - INFO - Scraping G.R. No. 129130 (2005): Far East Bank and Trust Company vs. Court of Appea...
2025-12-05 18:55:59,847 - INFO -   ✓ Found at: https://lawphil.net/judjuris/juri2005/dec2005/gr_129130_2005.html
2025-12-05 18:55:59,849 - INFO -   ✓ Saved: RESTRUCTURED_DB/2005/december/129130.json
2025-12-05 18:56:00,649 - INFO - Scraping G.R. No. 129807 (2005): Davao Light and Power Co., Inc., vs. Cristina Opeñ...
2025-12-05 18:56:01,351 - INFO -   ✓ Found at: https://lawphil.net/judjuris/juri2005/dec2005/gr_129807_2005.html
2025-12-05 18:56:01,354 - INFO -   ✓ Saved: RESTRUCTURED_DB/2005/december/129807.json
2025-12-05 18:56:02,154 - INFO - Scraping G.R. No. 132196 (2005): Spouses Segundo Ramos and Felisa Valdez vs. Hon. C...
2025-12-05 18:56:02,631 - INFO -   ✓ Found at: https://lawphil.net/judjuris/juri2005/dec2005/gr_132196_2005.html
2025-12-05 18:56:02,633 - INFO -   ✓ Saved: RESTRUCTURED_DB/2005/december/132196.json
2025-12-05 18:56:03,434 - INFO - Scraping G.R. No. 133154 (2005): Jowel Sales vs. Cyril A. Sabino....
2025-12-05 18:56:03,913 - INFO -   ✓ Found at: https://lawphil.net/judjuris/juri2005/dec2005/gr_133154_2005.html
2025-12-05 18:56:03,914 - INFO -   ✓ Saved: RESTRUCTURED_DB/2005/december/133154.json
2025-12-05 18:56:04,714 - INFO - Scraping G.R. No. 137337 (2005): Juan Padin, et al. vs. Heirs of Vivencio Obias, et...
2025-12-05 18:56:05,191 - INFO -   ✓ Found at: https://lawphil.net/judjuris/juri2005/dec2005/gr_137337_2005.html
2025-12-05 18:56:05,192 - INFO -   ✓ Saved: RESTRUCTURED_DB/2005/december/137337.json
2025-12-05 18:56:05,993 - INFO - Scraping G.R. No. 138348 (2005): Municipality of Butig, Lanao del Sur vs. Court of ...
2025-12-05 18:56:06,694 - INFO -   ✓ Found at: https://lawphil.net/judjuris/juri2005/dec2005/gr_138348_2005.html
2025-12-05 18:56:06,696 - INFO -   ✓ Saved: RESTRUCTURED_DB/2005/december/138348.json
2025-12-05 18:56:07,496 - INFO - Scraping G.R. No. 140305 (2005): Platon and Librada Ceruila vs. Rosilyn Delantar, e...
2025-12-05 18:56:07,974 - INFO -   ✓ Found at: https://lawphil.net/judjuris/juri2005/dec2005/gr_140305_2005.html
2025-12-05 18:56:07,976 - INFO -   ✓ Saved: RESTRUCTURED_DB/2005/december/140305.json
2025-12-05 18:56:08,776 - INFO - Scraping G.R. No. 141269 (2005): Bergesen D.Y. Philippines, Inc., et al. vs. Rizali...
2025-12-05 18:56:09,254 - INFO -   ✓ Found at: https://lawphil.net/judjuris/juri2005/dec2005/gr_141269_2005.html
2025-12-05 18:56:09,255 - INFO -   ✓ Saved: RESTRUCTURED_DB/2005/december/141269.json
2025-12-05 18:56:10,055 - INFO - Scraping G.R. No. 145379 (2005): Damiana Into vs. Mario Valle, et al....
2025-12-05 18:56:10,533 - INFO -   ✓ Found at: https://lawphil.net/judjuris/juri2005/dec2005/gr_145379_2005.html
2025-12-05 18:56:10,535 - INFO -   ✓ Saved: RESTRUCTURED_DB/2005/december/145379.json
2025-12-05 18:56:11,335 - INFO - Scraping G.R. No. 145470 (2005): Sps. Luis V. Cruz and Aida Cruz vs. Sps. Alejandro...
2025-12-05 18:56:11,812 - INFO -   ✓ Found at: https://lawphil.net/judjuris/juri2005/dec2005/gr_145470_2005.html
2025-12-05 18:56:11,814 - INFO -   ✓ Saved: RESTRUCTURED_DB/2005/december/145470.json
2025-12-05 18:56:12,614 - INFO - Scraping G.R. No. 147081 (2005): Planters Development Bank vs. Francisco Garcia....
2025-12-05 18:56:13,316 - INFO -   ✓ Found at: https://lawphil.net/judjuris/juri2005/dec2005/gr_147081_2005.html
2025-12-05 18:56:13,318 - INFO -   ✓ Saved: RESTRUCTURED_DB/2005/december/147081.json
2025-12-05 18:56:14,118 - INFO - Scraping G.R. No. 148380 (2005): Oceanic Wireless Network, Inc. vs. Commissioner In...
2025-12-05 18:56:14,595 - INFO -   ✓ Found at: https://lawphil.net/judjuris/juri2005/dec2005/gr_148380_2005.html
2025-12-05 18:56:14,596 - INFO -   ✓ Saved: RESTRUCTURED_DB/2005/december/148380.json
2025-12-05 18:56:15,397 - INFO - Scraping G.R. No. 152777 (2005): Lolita R. Lacuesta vs. Ateneo De Manila University...
2025-12-05 18:56:15,874 - INFO -   ✓ Found at: https://lawphil.net/judjuris/juri2005/dec2005/gr_152777_2005.html
2025-12-05 18:56:15,875 - INFO -   ✓ Saved: RESTRUCTURED_DB/2005/december/152777.json
2025-12-05 18:56:16,675 - INFO - Scraping G.R. No. 157701 (2005): Spouses Danilo and Alberta Domingo, et al. vs. Gui...
2025-12-05 18:56:17,377 - INFO -   ✓ Found at: https://lawphil.net/judjuris/juri2005/dec2005/gr_157701_2005.html
2025-12-05 18:56:17,379 - INFO -   ✓ Saved: RESTRUCTURED_DB/2005/december/157701.json
2025-12-05 18:56:18,179 - INFO - Scraping G.R. No. 158635 (2005): Magna Financial Services Group, Inc. vs. Elias Col...
2025-12-05 18:56:18,656 - INFO -   ✓ Found at: https://lawphil.net/judjuris/juri2005/dec2005/gr_158635_2005.html
2025-12-05 18:56:18,657 - INFO -   ✓ Saved: RESTRUCTURED_DB/2005/december/158635.json
2025-12-05 18:56:19,458 - INFO - 
Batch 1 complete:
2025-12-05 18:56:19,458 - INFO -   Successful: 17
2025-12-05 18:56:19,458 - INFO -   Failed: 1
2025-12-05 18:56:19,458 - INFO -   Skipped: 2
2025-12-05 18:56:19,458 - INFO - 
Overall progress: 20/20 cases
2025-12-05 18:56:19,458 - INFO - 
================================================================================
2025-12-05 18:56:19,458 - INFO - SCRAPING COMPLETE
2025-12-05 18:56:19,458 - INFO - ================================================================================
2025-12-05 18:56:19,458 - INFO - Total cases attempted: 20
2025-12-05 18:56:19,458 - INFO - Successfully scraped: 17
2025-12-05 18:56:19,458 - INFO - Failed: 1
2025-12-05 18:56:19,458 - INFO - Skipped (already exist): 2
2025-12-05 18:56:19,458 - INFO - Success rate: 94.4%
2025-12-05 18:56:19,459 - INFO - Time elapsed: 0.5 minutes
2025-12-05 18:56:19,459 - INFO - ================================================================================
2025-12-05 18:56:32,368 - INFO - Loading missing cases list...
2025-12-05 18:56:32,384 - INFO - ================================================================================
2025-12-05 18:56:32,384 - INFO - LAWPHIL BATCH SCRAPER
2025-12-05 18:56:32,384 - INFO - ================================================================================
2025-12-05 18:56:32,385 - INFO - Database path: RESTRUCTURED_DB
2025-12-05 18:56:32,385 - INFO - Cases to scrape: 1009
2025-12-05 18:56:32,385 - INFO - Year range: 2005-2005
2025-12-05 18:56:32,385 - INFO - Batch size: 100
2025-12-05 18:56:32,385 - INFO - ================================================================================
2025-12-05 18:56:32,385 - INFO - 
================================================================================
2025-12-05 18:56:32,385 - INFO - BATCH 1/11 (100 cases)
2025-12-05 18:56:32,385 - INFO - ================================================================================
2025-12-05 18:56:32,385 - INFO - Scraping G.R. No. 200553 (2005): Spouses Gildardo C. Loquellano and Roslina Juliet ...
2025-12-05 18:56:40,701 - WARNING -   ✗ Not found for G.R. No. 200553
2025-12-05 18:56:41,202 - INFO - Scraping G.R. No. 159467 (2005): Spouses Nora Saguid and Rolando P. Saguid vs. Secu...
2025-12-05 18:56:41,927 - INFO -   ✓ Found at: https://lawphil.net/judjuris/juri2005/dec2005/gr_159467_2005.html
2025-12-05 18:56:41,929 - INFO -   ✓ Saved: RESTRUCTURED_DB/2005/december/159467.json
2025-12-05 18:56:42,429 - INFO - Scraping G.R. No. 159614 (2005): Republic of the Philippines vs. the Honorable Cour...
2025-12-05 18:56:42,687 - INFO -   ✓ Found at: https://lawphil.net/judjuris/juri2005/dec2005/gr_159614_2005.html
2025-12-05 18:56:42,688 - INFO -   ✓ Saved: RESTRUCTURED_DB/2005/december/159614.json
2025-12-05 18:56:43,189 - INFO - Scraping G.R. No. 161640 (2005): Samson B. Bedruz, et al. vs. the Honorable Sandiga...
2025-12-05 18:56:43,675 - INFO -   ✓ Found at: https://lawphil.net/judjuris/juri2005/dec2005/gr_161640_2005.html
2025-12-05 18:56:43,677 - INFO -   ✓ Saved: RESTRUCTURED_DB/2005/december/161640.json
2025-12-05 18:56:44,177 - INFO - Scraping G.R. No. 163569 (2005): Philippine Radiant Products, Inc., et al. vs. Metr...
2025-12-05 18:56:44,664 - INFO -   ✓ Found at: https://lawphil.net/judjuris/juri2005/dec2005/gr_163569_2005.html
2025-12-05 18:56:44,667 - INFO -   ✓ Saved: RESTRUCTURED_DB/2005/december/163569.json
2025-12-05 18:56:45,167 - INFO - Scraping G.R. No. 162335 (2005): Severino M. Manotok IV, et al. vs. Heirs of Homer ...
2025-12-05 18:56:45,656 - INFO -   ✓ Found at: https://lawphil.net/judjuris/juri2005/dec2005/gr_162335_2005.html
2025-12-05 18:56:45,660 - INFO -   ✓ Saved: RESTRUCTURED_DB/2005/december/162335.json
2025-12-05 18:56:46,161 - INFO - Scraping G.R. No. 123807 (2005): Pacific Mills Inc., et al. vs. the Hon. Court of A...
2025-12-05 18:56:46,419 - INFO -   ✓ Found at: https://lawphil.net/judjuris/juri2005/dec2005/gr_123807_2005.html
2025-12-05 18:56:46,421 - INFO -   ✓ Saved: RESTRUCTURED_DB/2005/december/123807.json
2025-12-05 18:56:46,921 - INFO - Scraping G.R. No. 128213 (2005): Avella Garcia vs. the Honorable Court of Appeals, ...
2025-12-05 18:56:47,179 - INFO -   ✓ Found at: https://lawphil.net/judjuris/juri2005/dec2005/gr_128213_2005.html
2025-12-05 18:56:47,180 - INFO -   ✓ Saved: RESTRUCTURED_DB/2005/december/128213.json
2025-12-05 18:56:47,681 - INFO - Scraping G.R. No. 129546 (2005): Province of Rizal, et al. vs. Executive Secretary,...
2025-12-05 18:56:48,397 - INFO -   ✓ Found at: https://lawphil.net/judjuris/juri2005/dec2005/gr_129546_2005.html
2025-12-05 18:56:48,400 - INFO -   ✓ Saved: RESTRUCTURED_DB/2005/december/129546.json
2025-12-05 18:56:48,900 - INFO - Scraping G.R. No. 140984 (2005): Emiliano D. Joven vs. Federico S. Calilung, et al....
2025-12-05 18:56:49,158 - INFO -   ✓ Found at: https://lawphil.net/judjuris/juri2005/dec2005/gr_140984_2005.html
2025-12-05 18:56:49,160 - INFO -   ✓ Saved: RESTRUCTURED_DB/2005/december/140984.json
2025-12-05 18:56:49,660 - INFO - Scraping G.R. No. 143372 (2005): Philippine Journalists Inc. (Peoples Journal), et...
2025-12-05 18:56:50,146 - INFO -   ✓ Found at: https://lawphil.net/judjuris/juri2005/dec2005/gr_143372_2005.html
2025-12-05 18:56:50,148 - INFO -   ✓ Saved: RESTRUCTURED_DB/2005/december/143372.json
2025-12-05 18:56:50,649 - INFO - Scraping G.R. No. 144895 (2005): Rustico C. Nazi vs. Gov. Antonio P. Calingin....
2025-12-05 18:56:50,907 - INFO -   ✓ Found at: https://lawphil.net/judjuris/juri2005/dec2005/gr_144895_2005.html
2025-12-05 18:56:50,908 - INFO -   ✓ Saved: RESTRUCTURED_DB/2005/december/144895.json
2025-12-05 18:56:51,408 - INFO - Scraping G.R. No. 146581 (2005): Land bank of the Philippines, et al. vs. the Honor...
2025-12-05 18:56:51,667 - INFO -   ✓ Found at: https://lawphil.net/judjuris/juri2005/dec2005/gr_146581_2005.html
2025-12-05 18:56:51,667 - INFO -   ✓ Saved: RESTRUCTURED_DB/2005/december/146581.json
2025-12-05 18:56:52,168 - INFO - Scraping G.R. No. 146708 (2005): Joel B. Bortikey vs. AFP Retirement and Separation...
2025-12-05 18:56:52,426 - INFO -   ✓ Found at: https://lawphil.net/judjuris/juri2005/dec2005/gr_146708_2005.html
2025-12-05 18:56:52,427 - INFO -   ✓ Saved: RESTRUCTURED_DB/2005/december/146708.json
2025-12-05 18:56:52,927 - INFO - Scraping G.R. No. 147623 (2005): Stolt-Nielsen Marine Services, Inc. (Now Stolt-Nie...
2025-12-05 18:56:54,558 - INFO -   ✓ Found at: https://lawphil.net/judjuris/juri2005/dec2005/gr_147623_2005.html
2025-12-05 18:56:54,559 - INFO -   ✓ Saved: RESTRUCTURED_DB/2005/december/147623.json
2025-12-05 18:56:55,060 - INFO - Scraping G.R. No. 147738 (2005): Phil-Ville Development and Housing Corporation, et...
2025-12-05 18:56:55,317 - INFO -   ✓ Found at: https://lawphil.net/judjuris/juri2005/dec2005/gr_147738_2005.html
2025-12-05 18:56:55,318 - INFO -   ✓ Saved: RESTRUCTURED_DB/2005/december/147738.json
2025-12-05 18:56:55,819 - INFO - Scraping G.R. No. 157605 (2005): Sps. Enriqueta Rasdas and Tomas Rasdas, et al. vs....
2025-12-05 18:56:56,306 - INFO -   ✓ Found at: https://lawphil.net/judjuris/juri2005/dec2005/gr_157605_2005.html
2025-12-05 18:56:56,307 - INFO -   ✓ Saved: RESTRUCTURED_DB/2005/december/157605.json
2025-12-05 18:56:56,808 - INFO - Scraping G.R. No. 158585 (2005): Amon Trading Corporation, et al. vs. Hon. Court of...
2025-12-05 18:56:57,294 - INFO -   ✓ Found at: https://lawphil.net/judjuris/juri2005/dec2005/gr_158585_2005.html
2025-12-05 18:56:57,295 - INFO -   ✓ Saved: RESTRUCTURED_DB/2005/december/158585.json
2025-12-05 18:56:57,796 - INFO - Scraping G.R. No. 159606 (2005): Marilyn Bunao vs. Social Security System, et al....
2025-12-05 18:56:58,282 - INFO -   ✓ Found at: https://lawphil.net/judjuris/juri2005/dec2005/gr_159606_2005.html
2025-12-05 18:56:58,283 - INFO -   ✓ Saved: RESTRUCTURED_DB/2005/december/159606.json
2025-12-05 18:56:58,784 - INFO - Scraping G.R. No. 166299 (2005): Aurelio K. Litonjua Jr., vs. Eduardo K. Litonjua, ...
2025-12-05 18:57:06,600 - WARNING -   ✗ Not found for G.R. No. 166299
2025-12-05 18:57:07,101 - INFO - Scraping G.R. No. 167385 (2005): Jesus B. Lopez vs. National Labor Relations Commis...
2025-12-05 18:57:07,587 - INFO -   ✓ Found at: https://lawphil.net/judjuris/juri2005/dec2005/gr_167385_2005.html
2025-12-05 18:57:07,588 - INFO -   ✓ Saved: RESTRUCTURED_DB/2005/december/167385.json
2025-12-05 18:57:08,089 - INFO - Scraping G.R. No. 168194 (2005): San Miguel Corporation vs. Caroline C. del Rosario...
2025-12-05 18:57:08,575 - INFO -   ✓ Found at: https://lawphil.net/judjuris/juri2005/dec2005/gr_168194_2005.html
2025-12-05 18:57:08,577 - INFO -   ✓ Saved: RESTRUCTURED_DB/2005/december/168194.json
2025-12-05 18:57:09,077 - INFO - Scraping G.R. No. 123672 (2005): Fernando Carrascoso Jr. vs. the Honorable Court of...
2025-12-05 18:57:10,021 - INFO -   ✓ Found at: https://lawphil.net/judjuris/juri2005/dec2005/gr_123672_2005.html
2025-12-05 18:57:10,025 - INFO -   ✓ Saved: RESTRUCTURED_DB/2005/december/123672.json
2025-12-05 18:57:10,525 - INFO - Scraping G.R. No. 127967 (2005): Federated Realty Corporation vs. Hon. Court of App...
2025-12-05 18:57:11,012 - INFO -   ✓ Found at: https://lawphil.net/judjuris/juri2005/dec2005/gr_127967_2005.html
2025-12-05 18:57:11,014 - INFO -   ✓ Saved: RESTRUCTURED_DB/2005/december/127967.json
2025-12-05 18:57:11,515 - INFO - Scraping G.R. No. 143217 (2005): Amando S. San Juan, et al. vs. Miguel L. Arambulo,...
2025-12-05 18:57:12,001 - INFO -   ✓ Found at: https://lawphil.net/judjuris/juri2005/dec2005/gr_143217_2005.html
2025-12-05 18:57:12,002 - INFO -   ✓ Saved: RESTRUCTURED_DB/2005/december/143217.json
2025-12-05 18:57:12,502 - INFO - Scraping G.R. No. 146367 (2005): Silverio Picar vs. Shangri-La Hotel....
2025-12-05 18:57:12,989 - INFO -   ✓ Found at: https://lawphil.net/judjuris/juri2005/dec2005/gr_146367_2005.html
2025-12-05 18:57:12,990 - INFO -   ✓ Saved: RESTRUCTURED_DB/2005/december/146367.json
2025-12-05 18:57:13,490 - INFO - Scraping G.R. No. 146635 (2005): Marcelo Macalinao, et al. vs. Eddie Medecielo Ong,...
2025-12-05 18:57:14,206 - INFO -   ✓ Found at: https://lawphil.net/judjuris/juri2005/dec2005/gr_146635_2005.html
2025-12-05 18:57:14,208 - INFO -   ✓ Saved: RESTRUCTURED_DB/2005/december/146635.json
2025-12-05 18:57:14,708 - INFO - Scraping G.R. No. 156637 (2005): Philam Asset Management Inc. vs. Commissioner of I...
2025-12-05 18:57:15,423 - INFO -   ✓ Found at: https://lawphil.net/judjuris/juri2005/dec2005/gr_156637_2005.html
2025-12-05 18:57:15,425 - INFO -   ✓ Saved: RESTRUCTURED_DB/2005/december/156637.json
2025-12-05 18:57:15,925 - INFO - Scraping G.R. No. 159750 (2005): Jehan Shipping Corporation vs. National Food Autho...
2025-12-05 18:57:16,412 - INFO -   ✓ Found at: https://lawphil.net/judjuris/juri2005/dec2005/gr_159750_2005.html
2025-12-05 18:57:16,413 - INFO -   ✓ Saved: RESTRUCTURED_DB/2005/december/159750.json
2025-12-05 18:57:16,914 - INFO - Scraping G.R. No. 165811 (2005): DAP Corporation, et al. vs. Court of Appeals, et a...
2025-12-05 18:57:17,400 - INFO -   ✓ Found at: https://lawphil.net/judjuris/juri2005/dec2005/gr_165811_2005.html
2025-12-05 18:57:17,401 - INFO -   ✓ Saved: RESTRUCTURED_DB/2005/december/165811.json
2025-12-05 18:57:17,902 - INFO - Scraping G.R. No. 167136 (2005): Durban Apartments Corporation, et al. vs. Miguel G...
2025-12-05 18:57:18,388 - INFO -   ✓ Found at: https://lawphil.net/judjuris/juri2005/dec2005/gr_167136_2005.html
2025-12-05 18:57:18,389 - INFO -   ✓ Saved: RESTRUCTURED_DB/2005/december/167136.json
2025-12-05 18:57:18,890 - INFO - Scraping G.R. No. 131547 (2005): Nicasio I. Alcantara, et al. vs. Vicente C. Ponce,...
2025-12-05 18:57:19,844 - INFO -   ✓ Found at: https://lawphil.net/judjuris/juri2005/dec2005/gr_131547_2005.html
2025-12-05 18:57:19,847 - INFO -   ✓ Saved: RESTRUCTURED_DB/2005/december/131547.json
2025-12-05 18:57:20,347 - INFO - Scraping G.R. No. 140230 (2005): Commissioner of Internal Revenue vs. Philippine Lo...
2025-12-05 18:57:20,833 - INFO -   ✓ Found at: https://lawphil.net/judjuris/juri2005/dec2005/gr_140230_2005.html
2025-12-05 18:57:20,835 - INFO -   ✓ Saved: RESTRUCTURED_DB/2005/december/140230.json
2025-12-05 18:57:21,335 - INFO - Scraping G.R. No. 141462 (2005): Danzas Corporation, et al. vs. Hon. Zeus C. Abroga...
2025-12-05 18:57:21,595 - INFO -   ✓ Found at: https://lawphil.net/judjuris/juri2005/dec2005/gr_141462_2005.html
2025-12-05 18:57:21,596 - INFO -   ✓ Saved: RESTRUCTURED_DB/2005/december/141462.json
2025-12-05 18:57:22,096 - INFO - Scraping G.R. No. 142541 (2005): Cathay Pacific Airways vs. Spouses Arnulfo and Eve...
2025-12-05 18:57:22,354 - INFO -   ✓ Found at: https://lawphil.net/judjuris/juri2005/dec2005/gr_142541_2005.html
2025-12-05 18:57:22,355 - INFO -   ✓ Saved: RESTRUCTURED_DB/2005/december/142541.json
2025-12-05 18:57:22,855 - INFO - Scraping G.R. No. 145901 (2005): Easycall Communications Phils., Inc., vs. Edward K...
2025-12-05 18:57:23,342 - INFO -   ✓ Found at: https://lawphil.net/judjuris/juri2005/dec2005/gr_145901_2005.html
2025-12-05 18:57:23,343 - INFO -   ✓ Saved: RESTRUCTURED_DB/2005/december/145901.json
2025-12-05 18:57:23,843 - INFO - Scraping G.R. No. 148420 (2005): Andrea Tan, et al. vs. Bausch & Lomb, Inc....
2025-12-05 18:57:24,329 - INFO -   ✓ Found at: https://lawphil.net/judjuris/juri2005/dec2005/gr_148420_2005.html
2025-12-05 18:57:24,331 - INFO -   ✓ Saved: RESTRUCTURED_DB/2005/december/148420.json
2025-12-05 18:57:24,831 - INFO - Scraping G.R. No. 150668 (2005): Fortuny Garments, et al. vs. Elena J. Castro....
2025-12-05 18:57:25,318 - INFO -   ✓ Found at: https://lawphil.net/judjuris/juri2005/dec2005/gr_150668_2005.html
2025-12-05 18:57:25,319 - INFO -   ✓ Saved: RESTRUCTURED_DB/2005/december/150668.json
2025-12-05 18:57:25,819 - INFO - Scraping G.R. No. 157029 (2005): Jimmy Kent Rambuyon, et al. vs. Fiesta Brands, Inc...
2025-12-05 18:57:26,305 - INFO -   ✓ Found at: https://lawphil.net/judjuris/juri2005/dec2005/gr_157029_2005.html
2025-12-05 18:57:26,307 - INFO -   ✓ Saved: RESTRUCTURED_DB/2005/december/157029.json
2025-12-05 18:57:26,807 - INFO - Scraping G.R. No. 167762 (2005): Batangas State University vs. Nestor Bonifacio....
2025-12-05 18:57:27,295 - INFO -   ✓ Found at: https://lawphil.net/judjuris/juri2005/dec2005/gr_167762_2005.html
2025-12-05 18:57:27,297 - INFO -   ✓ Saved: RESTRUCTURED_DB/2005/december/167762.json
2025-12-05 18:57:27,797 - INFO - Scraping G.R. No. 141277 (2005): Reynaldo Dela Cruz, et al. vs. Golar Maritime Serv...
2025-12-05 18:57:28,283 - INFO -   ✓ Found at: https://lawphil.net/judjuris/juri2005/dec2005/gr_141277_2005.html
2025-12-05 18:57:28,285 - INFO -   ✓ Saved: RESTRUCTURED_DB/2005/december/141277.json
2025-12-05 18:57:28,785 - INFO - Scraping G.R. No. 141613 (2005): Senen B. Aguilar vs. Virgilio B. Aguilar, et al....
2025-12-05 18:57:29,043 - INFO -   ✓ Found at: https://lawphil.net/judjuris/juri2005/dec2005/gr_141613_2005.html
2025-12-05 18:57:29,044 - INFO -   ✓ Saved: RESTRUCTURED_DB/2005/december/141613.json
2025-12-05 18:57:29,545 - INFO - Scraping G.R. No. 144652 (2005): Arcadio B. Dandoy, et al. vs. Zacarias Tongson, et...
2025-12-05 18:57:30,031 - INFO -   ✓ Found at: https://lawphil.net/judjuris/juri2005/dec2005/gr_144652_2005.html
2025-12-05 18:57:30,032 - INFO -   ✓ Saved: RESTRUCTURED_DB/2005/december/144652.json
2025-12-05 18:57:30,533 - INFO - Scraping G.R. No. 153166 (2005): Teresita L. Vertudes vs. Julie Buenaflor, et al....
2025-12-05 18:57:31,249 - INFO -   ✓ Found at: https://lawphil.net/judjuris/juri2005/dec2005/gr_153166_2005.html
2025-12-05 18:57:31,251 - INFO -   ✓ Saved: RESTRUCTURED_DB/2005/december/153166.json
2025-12-05 18:57:31,751 - INFO - Scraping G.R. No. 156311 (2005): Central Bank of the Philippines, vs. Aurora P. Cas...
2025-12-05 18:57:32,237 - INFO -   ✓ Found at: https://lawphil.net/judjuris/juri2005/dec2005/gr_156311_2005.html
2025-12-05 18:57:32,238 - INFO -   ✓ Saved: RESTRUCTURED_DB/2005/december/156311.json
2025-12-05 18:57:32,739 - INFO - Scraping G.R. No. 157451 (2005): Leticia Valmonte Ortega vs. Josefina C. Valmonte....
2025-12-05 18:57:33,226 - INFO -   ✓ Found at: https://lawphil.net/judjuris/juri2005/dec2005/gr_157451_2005.html
2025-12-05 18:57:33,227 - INFO -   ✓ Saved: RESTRUCTURED_DB/2005/december/157451.json
2025-12-05 18:57:33,728 - INFO - Scraping G.R. No. 157591 (2005): Antonio Chua Jr., et al. vs. Commissioner Titus Vi...
2025-12-05 18:57:34,232 - INFO -   ✓ Found at: https://lawphil.net/judjuris/juri2005/dec2005/gr_157591_2005.html
2025-12-05 18:57:34,234 - INFO -   ✓ Saved: RESTRUCTURED_DB/2005/december/157591.json
2025-12-05 18:57:34,734 - INFO - Scraping G.R. No. 158195 (2005): James L. King, et al. vs. Court of Appeals, et al....
2025-12-05 18:57:34,992 - INFO -   ✓ Found at: https://lawphil.net/judjuris/juri2005/dec2005/gr_158195_2005.html
2025-12-05 18:57:34,993 - INFO -   ✓ Saved: RESTRUCTURED_DB/2005/december/158195.json
2025-12-05 18:57:35,493 - INFO - Scraping G.R. No. 158904 (2005): Orlando Solis Ungsod vs. People of the Philippines...
2025-12-05 18:57:35,982 - INFO -   ✓ Found at: https://lawphil.net/judjuris/juri2005/dec2005/gr_158904_2005.html
2025-12-05 18:57:35,984 - INFO -   ✓ Saved: RESTRUCTURED_DB/2005/december/158904.json
2025-12-05 18:57:36,484 - INFO - Scraping G.R. No. 159293 (2005): Veterans Security Agency Inc., et al. vs. Felipe G...
2025-12-05 18:57:36,972 - INFO -   ✓ Found at: https://lawphil.net/judjuris/juri2005/dec2005/gr_159293_2005.html
2025-12-05 18:57:36,973 - INFO -   ✓ Saved: RESTRUCTURED_DB/2005/december/159293.json
2025-12-05 18:57:37,474 - INFO - Scraping G.R. No. 159448 (2005): Wah Yuen Restaurant vs. Primo Jayona....
2025-12-05 18:57:37,959 - INFO -   ✓ Found at: https://lawphil.net/judjuris/juri2005/dec2005/gr_159448_2005.html
2025-12-05 18:57:37,961 - INFO -   ✓ Saved: RESTRUCTURED_DB/2005/december/159448.json
2025-12-05 18:57:38,461 - INFO - Scraping G.R. No. 159521 (2005): Francisco L. Gonzales vs. Erminda F. Gonzales....
2025-12-05 18:57:38,947 - INFO -   ✓ Found at: https://lawphil.net/judjuris/juri2005/dec2005/gr_159521_2005.html
2025-12-05 18:57:38,948 - INFO -   ✓ Saved: RESTRUCTURED_DB/2005/december/159521.json
2025-12-05 18:57:39,448 - INFO - Scraping G.R. No. 160214 (2005): Gaudencia Navarro Vda. De Taroma, et al. vs. Sps. ...
2025-12-05 18:57:39,934 - INFO -   ✓ Found at: https://lawphil.net/judjuris/juri2005/dec2005/gr_160214_2005.html
2025-12-05 18:57:39,935 - INFO -   ✓ Saved: RESTRUCTURED_DB/2005/december/160214.json
2025-12-05 18:57:40,436 - INFO - Scraping G.R. No. 160577 (2005): Gregorio Singian, Jr. vs. the Honorable Sandiganba...
2025-12-05 18:57:48,248 - WARNING -   ✗ Not found for G.R. No. 160577
2025-12-05 18:57:48,749 - INFO - Scraping G.R. No. 161756 (2005): Victoria J. Ilano, et al. vs. Hon. Dolores L. Espa...
2025-12-05 18:57:49,236 - INFO -   ✓ Found at: https://lawphil.net/judjuris/juri2005/dec2005/gr_161756_2005.html
2025-12-05 18:57:49,237 - INFO -   ✓ Saved: RESTRUCTURED_DB/2005/december/161756.json
2025-12-05 18:57:49,737 - INFO - Scraping G.R. No. 162850 (2005): Maxi Security and Detective Agency, et al. vs. Nat...
2025-12-05 18:57:50,224 - INFO -   ✓ Found at: https://lawphil.net/judjuris/juri2005/dec2005/gr_162850_2005.html
2025-12-05 18:57:50,225 - INFO -   ✓ Saved: RESTRUCTURED_DB/2005/december/162850.json
2025-12-05 18:57:50,726 - INFO - Scraping G.R. No. 163593 (2005): Preferred Home Specialties Inc., et al. vs. Court ...
2025-12-05 18:57:51,449 - INFO -   ✓ Found at: https://lawphil.net/judjuris/juri2005/dec2005/gr_163593_2005.html
2025-12-05 18:57:51,452 - INFO -   ✓ Saved: RESTRUCTURED_DB/2005/december/163593.json
2025-12-05 18:57:51,952 - INFO - Scraping G.R. No. 163994 (2005): Eastworld Motor Industries Corporation, et al. vs....
2025-12-05 18:57:52,211 - INFO -   ✓ Found at: https://lawphil.net/judjuris/juri2005/dec2005/gr_163994_2005.html
2025-12-05 18:57:52,212 - INFO -   ✓ Saved: RESTRUCTURED_DB/2005/december/163994.json
2025-12-05 18:57:52,712 - INFO - Scraping G.R. No. 167631 (2005): Jenette Marie B. Crisologo vs. Globe Telecom Inc.,...
2025-12-05 18:57:52,970 - INFO -   ✓ Found at: https://lawphil.net/judjuris/juri2005/dec2005/gr_167631_2005.html
2025-12-05 18:57:52,972 - INFO -   ✓ Saved: RESTRUCTURED_DB/2005/december/167631.json
2025-12-05 18:57:53,472 - INFO - Scraping G.R. No. 122463 (2005): Rudolf Lietz, Inc., vs. the Court of Appeals, et a...
2025-12-05 18:57:53,962 - INFO -   ✓ Found at: https://lawphil.net/judjuris/juri2005/dec2005/gr_122463_2005.html
2025-12-05 18:57:53,963 - INFO -   ✓ Saved: RESTRUCTURED_DB/2005/december/122463.json
2025-12-05 18:57:54,463 - INFO - Scraping G.R. No. 152335 (2005): Romeo G. Lorenzo vs. the People of the Philippines...
2025-12-05 18:57:54,963 - INFO -   ✓ Found at: https://lawphil.net/judjuris/juri2005/dec2005/gr_152335_2005.html
2025-12-05 18:57:54,964 - INFO -   ✓ Saved: RESTRUCTURED_DB/2005/december/152335.json
2025-12-05 18:57:55,465 - INFO - Scraping G.R. No. 166429 (2005): Republic of the Philippines, et al. vs. Hon. Henri...
2025-12-05 18:57:56,640 - INFO -   ✓ Found at: https://lawphil.net/judjuris/juri2005/dec2005/gr_166429_2005.html
2025-12-05 18:57:56,653 - INFO -   ✓ Saved: RESTRUCTURED_DB/2005/december/166429.json
2025-12-05 18:57:57,153 - INFO - Scraping G.R. No. 166993 (2005): DSM Construction and Development Corporation vs. C...
2025-12-05 18:57:58,344 - INFO -   ✓ Found at: https://lawphil.net/judjuris/juri2005/dec2005/gr_166993_2005.html
2025-12-05 18:57:58,346 - INFO -   ✓ Saved: RESTRUCTURED_DB/2005/december/166993.json
2025-12-05 18:57:58,846 - INFO - Scraping G.R. No. 167025 (2005): Herminio C. Principio vs. the Hon. Oscar Barriento...
2025-12-05 18:57:59,324 - INFO -   ✓ Found at: https://lawphil.net/judjuris/juri2005/dec2005/gr_167025_2005.html
2025-12-05 18:57:59,325 - INFO -   ✓ Saved: RESTRUCTURED_DB/2005/december/167025.json
2025-12-05 18:57:59,826 - INFO - Scraping G.R. No. 161629 (2005): Atty. Ronaldo P. Ledesma vs. Hon. Court of Appeals...
2025-12-05 18:58:00,079 - INFO -   ✓ Found at: https://lawphil.net/judjuris/juri2005/nov2005/gr_161629_2005.html
2025-12-05 18:58:00,080 - INFO -   ✓ Saved: RESTRUCTURED_DB/2005/november/161629.json
2025-12-05 18:58:00,580 - INFO - Scraping G.R. No. 165268 (2005): Challenge Socks Corporation vs. Court of Appeals, ...
2025-12-05 18:58:01,058 - INFO -   ✓ Found at: https://lawphil.net/judjuris/juri2005/nov2005/gr_165268_2005.html
2025-12-05 18:58:01,059 - INFO -   ✓ Saved: RESTRUCTURED_DB/2005/november/165268.json
2025-12-05 18:58:01,559 - INFO - Scraping G.R. No. 167748 (2005): Heirs of Rafael Magpily vs. Herminigildo de Jesus,...
2025-12-05 18:58:02,037 - INFO -   ✓ Found at: https://lawphil.net/judjuris/juri2005/nov2005/gr_167748_2005.html
2025-12-05 18:58:02,039 - INFO -   ✓ Saved: RESTRUCTURED_DB/2005/november/167748.json
2025-12-05 18:58:02,539 - INFO - Scraping G.R. No. 154554 (2005): Goodyear Philippines, Inc. vs. Anthony Sy, et al....
2025-12-05 18:58:03,022 - INFO -   ✓ Found at: https://lawphil.net/judjuris/juri2005/nov2005/gr_154554_2005.html
2025-12-05 18:58:03,023 - INFO -   ✓ Saved: RESTRUCTURED_DB/2005/november/154554.json
2025-12-05 18:58:03,524 - INFO - Scraping G.R. No. 118757 (2005): Roberto Brillante vs. Court of Appeals, et al....
2025-12-05 18:58:03,778 - INFO -   ✓ Found at: https://lawphil.net/judjuris/juri2005/nov2005/gr_118757_2005.html
2025-12-05 18:58:03,778 - INFO -   ✓ Saved: RESTRUCTURED_DB/2005/november/118757.json
2025-12-05 18:58:04,279 - INFO - Scraping G.R. No. 136371 (2005): Prudential Bank vs. Chonney Lim....
2025-12-05 18:58:04,764 - INFO -   ✓ Found at: https://lawphil.net/judjuris/juri2005/nov2005/gr_136371_2005.html
2025-12-05 18:58:04,766 - INFO -   ✓ Saved: RESTRUCTURED_DB/2005/november/136371.json
2025-12-05 18:58:05,266 - INFO - Scraping G.R. No. 139233 (2005): Spouses Alfredo and Brigida Rosario vs. PCI Leasin...
2025-12-05 18:58:05,745 - INFO -   ✓ Found at: https://lawphil.net/judjuris/juri2005/nov2005/gr_139233_2005.html
2025-12-05 18:58:05,747 - INFO -   ✓ Saved: RESTRUCTURED_DB/2005/november/139233.json
2025-12-05 18:58:06,247 - INFO - Scraping G.R. No. 139290 (2005): Trade and Investment Development Corporation of th...
2025-12-05 18:58:06,949 - INFO -   ✓ Found at: https://lawphil.net/judjuris/juri2005/nov2005/gr_139290_2005.html
2025-12-05 18:58:06,952 - INFO -   ✓ Saved: RESTRUCTURED_DB/2005/november/139290.json
2025-12-05 18:58:07,452 - INFO - Scraping G.R. No. 141484 (2005): GCP-Manny Transport Services, Inc. vs. Hon. Abraha...
2025-12-05 18:58:07,707 - INFO -   ✓ Found at: https://lawphil.net/judjuris/juri2005/nov2005/gr_141484_2005.html
2025-12-05 18:58:07,708 - INFO -   ✓ Saved: RESTRUCTURED_DB/2005/november/141484.json
2025-12-05 18:58:08,209 - INFO - Scraping G.R. No. 143647 (2005): Yusuke Fukuzume vs. People of the Philippines....
2025-12-05 18:58:08,690 - INFO -   ✓ Found at: https://lawphil.net/judjuris/juri2005/nov2005/gr_143647_2005.html
2025-12-05 18:58:08,692 - INFO -   ✓ Saved: RESTRUCTURED_DB/2005/november/143647.json
2025-12-05 18:58:09,192 - INFO - Scraping G.R. No. 144244 (2005): Ester Deloso vs. Sps. Alfonso Marapao, et al....
2025-12-05 18:58:09,447 - INFO -   ✓ Found at: https://lawphil.net/judjuris/juri2005/nov2005/gr_144244_2005.html
2025-12-05 18:58:09,449 - INFO -   ✓ Saved: RESTRUCTURED_DB/2005/november/144244.json
2025-12-05 18:58:09,949 - INFO - Scraping G.R. No. 144374 (2005): Romeo Teston, et al. vs. Development Bank of the P...
2025-12-05 18:58:10,205 - INFO -   ✓ Found at: https://lawphil.net/judjuris/juri2005/nov2005/gr_144374_2005.html
2025-12-05 18:58:10,206 - INFO -   ✓ Saved: RESTRUCTURED_DB/2005/november/144374.json
2025-12-05 18:58:10,706 - INFO - Scraping G.R. No. 144619 (2005): C. Planas Commercial, et al. vs. National Labor Re...
2025-12-05 18:58:11,184 - INFO -   ✓ Found at: https://lawphil.net/judjuris/juri2005/nov2005/gr_144619_2005.html
2025-12-05 18:58:11,186 - INFO -   ✓ Saved: RESTRUCTURED_DB/2005/november/144619.json
2025-12-05 18:58:11,686 - INFO - Scraping G.R. No. 155014 (2005): Crescent Petroleum, Ltd. vs. M/V "LoK Maheshwari, ...
2025-12-05 18:58:12,164 - INFO -   ✓ Found at: https://lawphil.net/judjuris/juri2005/nov2005/gr_155014_2005.html
2025-12-05 18:58:12,166 - INFO -   ✓ Saved: RESTRUCTURED_DB/2005/november/155014.json
2025-12-05 18:58:12,666 - INFO - Scraping G.R. No. 156969 (2005): Baron Express, et al. vs. Roberto F. Umanito, et a...
2025-12-05 18:58:12,920 - INFO -   ✓ Found at: https://lawphil.net/judjuris/juri2005/nov2005/gr_156969_2005.html
2025-12-05 18:58:12,921 - INFO -   ✓ Saved: RESTRUCTURED_DB/2005/november/156969.json
2025-12-05 18:58:13,422 - INFO - Scraping G.R. No. 157656 (2005): Arnulfo C. Acevedo vs. Advanstar Company, Inc., et...
2025-12-05 18:58:13,899 - INFO -   ✓ Found at: https://lawphil.net/judjuris/juri2005/nov2005/gr_157656_2005.html
2025-12-05 18:58:13,901 - INFO -   ✓ Saved: RESTRUCTURED_DB/2005/november/157656.json
2025-12-05 18:58:14,401 - INFO - Scraping G.R. No. 158857 (2005): Pfeger R. Dulay, et al. vs. Rodrigo S. Dulay....
2025-12-05 18:58:14,669 - INFO -   ✓ Found at: https://lawphil.net/judjuris/juri2005/nov2005/gr_158857_2005.html
2025-12-05 18:58:14,670 - INFO -   ✓ Saved: RESTRUCTURED_DB/2005/november/158857.json
2025-12-05 18:58:15,171 - INFO - 
Batch 1 complete:
2025-12-05 18:58:15,171 - INFO -   Successful: 78
2025-12-05 18:58:15,171 - INFO -   Failed: 3
2025-12-05 18:58:15,171 - INFO -   Skipped: 19
2025-12-05 18:58:15,171 - INFO - 
Overall progress: 100/1009 cases
2025-12-05 18:58:15,171 - INFO - 
================================================================================
2025-12-05 18:58:15,171 - INFO - BATCH 2/11 (100 cases)
2025-12-05 18:58:15,171 - INFO - ================================================================================
2025-12-05 18:58:15,171 - INFO - Scraping G.R. No. 160032 (2005): Estela L. Berba vs. Josephine Pablo, et al....
2025-12-05 18:58:15,649 - INFO -   ✓ Found at: https://lawphil.net/judjuris/juri2005/nov2005/gr_160032_2005.html
2025-12-05 18:58:15,650 - INFO -   ✓ Saved: RESTRUCTURED_DB/2005/november/160032.json
2025-12-05 18:58:16,151 - INFO - Scraping G.R. No. 160145 (2005): Republic of the Philippines vs. Pedro O. Enciso....
2025-12-05 18:58:16,629 - INFO -   ✓ Found at: https://lawphil.net/judjuris/juri2005/nov2005/gr_160145_2005.html
2025-12-05 18:58:16,630 - INFO -   ✓ Saved: RESTRUCTURED_DB/2005/november/160145.json
2025-12-05 18:58:17,130 - INFO - Scraping G.R. No. 160315 (2005): Lourdes D. Rivera vs. Wallem Maritime Services, In...
2025-12-05 18:58:17,384 - INFO -   ✓ Found at: https://lawphil.net/judjuris/juri2005/nov2005/gr_160315_2005.html
2025-12-05 18:58:17,386 - INFO -   ✓ Saved: RESTRUCTURED_DB/2005/november/160315.json
2025-12-05 18:58:17,886 - INFO - Scraping G.R. No. 161973 (2005): Francisco Ramos vs. Stateland Investment Corporati...
2025-12-05 18:58:18,364 - INFO -   ✓ Found at: https://lawphil.net/judjuris/juri2005/nov2005/gr_161973_2005.html
2025-12-05 18:58:18,366 - INFO -   ✓ Saved: RESTRUCTURED_DB/2005/november/161973.json
2025-12-05 18:58:18,866 - INFO - Scraping G.R. No. 162934 (2005): Heirs of Belinda Dahlia A. Castillo, et al. vs. Do...
2025-12-05 18:58:19,120 - INFO -   ✓ Found at: https://lawphil.net/judjuris/juri2005/nov2005/gr_162934_2005.html
2025-12-05 18:58:19,122 - INFO -   ✓ Saved: RESTRUCTURED_DB/2005/november/162934.json
2025-12-05 18:58:19,622 - INFO - Scraping G.R. No. 164684 (2005): Philippine Long Distance Telephone Company, Inc., ...
2025-12-05 18:58:27,376 - WARNING -   ✗ Not found for G.R. No. 164684
2025-12-05 18:58:27,877 - INFO - Scraping G.R. No. 164865 (2005): Roberto P. Fuentes Jr., vs. Office of the Ombudsma...
2025-12-05 18:58:28,579 - INFO -   ✓ Found at: https://lawphil.net/judjuris/juri2005/nov2005/gr_164865_2005.html
2025-12-05 18:58:28,581 - INFO -   ✓ Saved: RESTRUCTURED_DB/2005/november/164865.json
2025-12-05 18:58:29,082 - INFO - Scraping G.R. No. 168445 (2005): People of the Philippines vs. Capt. Florencio O. G...
2025-12-05 18:58:29,336 - INFO -   ✓ Found at: https://lawphil.net/judjuris/juri2005/nov2005/gr_168445_2005.html
2025-12-05 18:58:29,337 - INFO -   ✓ Saved: RESTRUCTURED_DB/2005/november/168445.json
2025-12-05 18:58:29,837 - INFO - Scraping G.R. No. 134787 (2005): Nicanor T. Santos vs. Court of Appeals, et al....
2025-12-05 18:58:30,092 - INFO -   ✓ Found at: https://lawphil.net/judjuris/juri2005/nov2005/gr_134787_2005.html
2025-12-05 18:58:30,093 - INFO -   ✓ Saved: RESTRUCTURED_DB/2005/november/134787.json
2025-12-05 18:58:30,593 - INFO - Scraping G.R. No. 142308 (2005): Sps. Rev. Elmer J. Bañes, et al. vs. Lutheran Chur...
2025-12-05 18:58:31,071 - INFO -   ✓ Found at: https://lawphil.net/judjuris/juri2005/nov2005/gr_142308_2005.html
2025-12-05 18:58:31,074 - INFO -   ✓ Saved: RESTRUCTURED_DB/2005/november/142308.json
2025-12-05 18:58:31,574 - INFO - Scraping G.R. No. 142937 (2005): Philippine Amusement and Gaming Corporation vs. Ma...
2025-12-05 18:58:32,052 - INFO -   ✓ Found at: https://lawphil.net/judjuris/juri2005/nov2005/gr_142937_2005.html
2025-12-05 18:58:32,054 - INFO -   ✓ Saved: RESTRUCTURED_DB/2005/november/142937.json
2025-12-05 18:58:32,555 - INFO - Scraping G.R. No. 144705 (2005): Nancy L. Ty vs. Banco Filipino Savings and Mortgag...
2025-12-05 18:58:32,809 - INFO -   ✓ Found at: https://lawphil.net/judjuris/juri2005/nov2005/gr_144705_2005.html
2025-12-05 18:58:32,811 - INFO -   ✓ Saved: RESTRUCTURED_DB/2005/november/144705.json
2025-12-05 18:58:33,311 - INFO - Scraping G.R. No. 152545 (2005): R-II Builders, Inc., vs. Construction Industry Arb...
2025-12-05 18:58:33,789 - INFO -   ✓ Found at: https://lawphil.net/judjuris/juri2005/nov2005/gr_152545_2005.html
2025-12-05 18:58:33,791 - INFO -   ✓ Saved: RESTRUCTURED_DB/2005/november/152545.json
2025-12-05 18:58:34,291 - INFO - Scraping G.R. No. 155309 (2005): Josephine M. Sanchez vs. Far East Bank and Trust C...
2025-12-05 18:58:34,770 - INFO -   ✓ Found at: https://lawphil.net/judjuris/juri2005/nov2005/gr_155309_2005.html
2025-12-05 18:58:34,772 - INFO -   ✓ Saved: RESTRUCTURED_DB/2005/november/155309.json
2025-12-05 18:58:35,272 - INFO - Scraping G.R. No. 160324 (2005): International Finance Corporation vs. Imperial tex...
2025-12-05 18:58:35,526 - INFO -   ✓ Found at: https://lawphil.net/judjuris/juri2005/nov2005/gr_160324_2005.html
2025-12-05 18:58:35,527 - INFO -   ✓ Saved: RESTRUCTURED_DB/2005/november/160324.json
2025-12-05 18:58:36,028 - INFO - Scraping G.R. No. 167474 (2005): Conrado Banal III vs. Hon. Delia H. Panganiban, in...
2025-12-05 18:58:36,282 - INFO -   ✓ Found at: https://lawphil.net/judjuris/juri2005/nov2005/gr_167474_2005.html
2025-12-05 18:58:36,283 - INFO -   ✓ Saved: RESTRUCTURED_DB/2005/november/167474.json
2025-12-05 18:58:36,784 - INFO - Scraping G.R. No. 143803 (2005): Creser Precision Systems, Inc., vs. Commission on ...
2025-12-05 18:58:37,262 - INFO -   ✓ Found at: https://lawphil.net/judjuris/juri2005/nov2005/gr_143803_2005.html
2025-12-05 18:58:37,263 - INFO -   ✓ Saved: RESTRUCTURED_DB/2005/november/143803.json
2025-12-05 18:58:37,764 - INFO - Scraping G.R. No. 145568 (2005): Heirs of Enrique Tan Sr., et al., vs. Reynalda Pol...
2025-12-05 18:58:38,246 - INFO -   ✓ Found at: https://lawphil.net/judjuris/juri2005/nov2005/gr_145568_2005.html
2025-12-05 18:58:38,247 - INFO -   ✓ Saved: RESTRUCTURED_DB/2005/november/145568.json
2025-12-05 18:58:38,747 - INFO - Scraping G.R. No. 151373 (2005): Department of Health vs. C.V. Canchela and Associa...
2025-12-05 18:58:46,501 - WARNING -   ✗ Not found for G.R. No. 151373
2025-12-05 18:58:47,002 - INFO - Scraping G.R. No. 157399 (2005): People of the Philippines vs. Jose Ting Lan Uy (Ac...
2025-12-05 18:58:47,480 - INFO -   ✓ Found at: https://lawphil.net/judjuris/juri2005/nov2005/gr_157399_2005.html
2025-12-05 18:58:47,481 - INFO -   ✓ Saved: RESTRUCTURED_DB/2005/november/157399.json
2025-12-05 18:58:47,982 - INFO - Scraping G.R. No. 157830 (2005): Dante M. Pascual, et al., vs. Marilou M. Pascual....
2025-12-05 18:58:48,235 - INFO -   ✓ Found at: https://lawphil.net/judjuris/juri2005/nov2005/gr_157830_2005.html
2025-12-05 18:58:48,236 - INFO -   ✓ Saved: RESTRUCTURED_DB/2005/november/157830.json
2025-12-05 18:58:48,736 - INFO - Scraping G.R. No. 159696 (2005): Civil Service Commission vs. Court of Appeals, et ...
2025-12-05 18:58:49,214 - INFO -   ✓ Found at: https://lawphil.net/judjuris/juri2005/nov2005/gr_159696_2005.html
2025-12-05 18:58:49,215 - INFO -   ✓ Saved: RESTRUCTURED_DB/2005/november/159696.json
2025-12-05 18:58:49,716 - INFO - Scraping G.R. No. 163619 (2005): In the Matter of the Petition for Disqualification...
2025-12-05 18:58:57,468 - WARNING -   ✗ Not found for G.R. No. 163619
2025-12-05 18:58:57,969 - INFO - Scraping G.R. No. 163988 (2005): Valentina A. Nuñez, et al., vs. GSIS Family Bank, ...
2025-12-05 18:58:58,447 - INFO -   ✓ Found at: https://lawphil.net/judjuris/juri2005/nov2005/gr_163988_2005.html
2025-12-05 18:58:58,449 - INFO -   ✓ Saved: RESTRUCTURED_DB/2005/november/163988.json
2025-12-05 18:58:58,949 - INFO - Scraping G.R. No. 164635 (2005): Majurine L. Mauricio vs. National Labor Relations ...
2025-12-05 18:58:59,203 - INFO -   ✓ Found at: https://lawphil.net/judjuris/juri2005/nov2005/gr_164635_2005.html
2025-12-05 18:58:59,204 - INFO -   ✓ Saved: RESTRUCTURED_DB/2005/november/164635.json
2025-12-05 18:58:59,704 - INFO - Scraping G.R. No. 164798 (2005): China Banking Corporation vs. Mondragon Internatio...
2025-12-05 18:58:59,958 - INFO -   ✓ Found at: https://lawphil.net/judjuris/juri2005/nov2005/gr_164798_2005.html
2025-12-05 18:58:59,959 - INFO -   ✓ Saved: RESTRUCTURED_DB/2005/november/164798.json
2025-12-05 18:59:00,459 - INFO - Scraping G.R. No. 144900 (2005): Domingo Marcial vs. Hi-Cement Corporation, et al....
2025-12-05 18:59:00,937 - INFO -   ✓ Found at: https://lawphil.net/judjuris/juri2005/nov2005/gr_144900_2005.html
2025-12-05 18:59:00,938 - INFO -   ✓ Saved: RESTRUCTURED_DB/2005/november/144900.json
2025-12-05 18:59:01,439 - INFO - Scraping G.R. No. 145578 (2005): Jose C. Tupaz IV, et al., vs. the Court of Appeals...
2025-12-05 18:59:01,916 - INFO -   ✓ Found at: https://lawphil.net/judjuris/juri2005/nov2005/gr_145578_2005.html
2025-12-05 18:59:01,918 - INFO -   ✓ Saved: RESTRUCTURED_DB/2005/november/145578.json
2025-12-05 18:59:02,418 - INFO - Scraping G.R. No. 146424 (2005): Albino Josef vs. People of the Philippines, et al....
2025-12-05 18:59:02,687 - INFO -   ✓ Found at: https://lawphil.net/judjuris/juri2005/nov2005/gr_146424_2005.html
2025-12-05 18:59:02,688 - INFO -   ✓ Saved: RESTRUCTURED_DB/2005/november/146424.json
2025-12-05 18:59:03,189 - INFO - Scraping G.R. No. 147861 (2005): Philippine Ports Authority vs. Pier 8 Arrastre and...
2025-12-05 18:59:03,667 - INFO -   ✓ Found at: https://lawphil.net/judjuris/juri2005/nov2005/gr_147861_2005.html
2025-12-05 18:59:03,669 - INFO -   ✓ Saved: RESTRUCTURED_DB/2005/november/147861.json
2025-12-05 18:59:04,169 - INFO - Scraping G.R. No. 148152 (2005): International Broadcasting Corporation vs. Jose T....
2025-12-05 18:59:04,423 - INFO -   ✓ Found at: https://lawphil.net/judjuris/juri2005/nov2005/gr_148152_2005.html
2025-12-05 18:59:04,425 - INFO -   ✓ Saved: RESTRUCTURED_DB/2005/november/148152.json
2025-12-05 18:59:04,925 - INFO - Scraping G.R. No. 152663 (2005): Edgardo D. Dolar vs. Barangay Lublub (Now P.D. Mon...
2025-12-05 18:59:05,403 - INFO -   ✓ Found at: https://lawphil.net/judjuris/juri2005/nov2005/gr_152663_2005.html
2025-12-05 18:59:05,405 - INFO -   ✓ Saved: RESTRUCTURED_DB/2005/november/152663.json
2025-12-05 18:59:05,905 - INFO - Scraping G.R. No. 160893 (2005): Sonia P. Ruiz vs. People of the Philippines....
2025-12-05 18:59:06,384 - INFO -   ✓ Found at: https://lawphil.net/judjuris/juri2005/nov2005/gr_160893_2005.html
2025-12-05 18:59:06,386 - INFO -   ✓ Saved: RESTRUCTURED_DB/2005/november/160893.json
2025-12-05 18:59:06,886 - INFO - Scraping G.R. No. 162727 (2005): Ssangyong Corporation vs. Unimarine Shipping Lines...
2025-12-05 18:59:07,141 - INFO -   ✓ Found at: https://lawphil.net/judjuris/juri2005/nov2005/gr_162727_2005.html
2025-12-05 18:59:07,142 - INFO -   ✓ Saved: RESTRUCTURED_DB/2005/november/162727.json
2025-12-05 18:59:07,643 - INFO - Scraping G.R. No. 165125 (2005): Cesar T. Villanueva, et al., vs. Mayor Felix V. Op...
2025-12-05 18:59:08,120 - INFO -   ✓ Found at: https://lawphil.net/judjuris/juri2005/nov2005/gr_165125_2005.html
2025-12-05 18:59:08,122 - INFO -   ✓ Saved: RESTRUCTURED_DB/2005/november/165125.json
2025-12-05 18:59:08,623 - INFO - Scraping G.R. No. 166550 (2005): Robert C. Casol, et al., vs. Purefoods Corporation...
2025-12-05 18:59:08,877 - INFO -   ✓ Found at: https://lawphil.net/judjuris/juri2005/nov2005/gr_166550_2005.html
2025-12-05 18:59:08,878 - INFO -   ✓ Saved: RESTRUCTURED_DB/2005/november/166550.json
2025-12-05 18:59:09,378 - INFO - Scraping G.R. No. 166755 (2005): Elmer F. Cervantes vs. the Honorable Court of Appe...
2025-12-05 18:59:09,856 - INFO -   ✓ Found at: https://lawphil.net/judjuris/juri2005/nov2005/gr_166755_2005.html
2025-12-05 18:59:09,857 - INFO -   ✓ Saved: RESTRUCTURED_DB/2005/november/166755.json
2025-12-05 18:59:10,358 - INFO - Scraping G.R. No. 167206 (2005): Jaime F. Villalon vs. Ma. Corazon N. Villalon....
2025-12-05 18:59:10,836 - INFO -   ✓ Found at: https://lawphil.net/judjuris/juri2005/nov2005/gr_167206_2005.html
2025-12-05 18:59:10,837 - INFO -   ✓ Saved: RESTRUCTURED_DB/2005/november/167206.json
2025-12-05 18:59:11,338 - INFO - Scraping G.R. No. 136897 (2005): Private Development Corporation of the Philippines...
2025-12-05 18:59:11,816 - INFO -   ✓ Found at: https://lawphil.net/judjuris/juri2005/nov2005/gr_136897_2005.html
2025-12-05 18:59:11,818 - INFO -   ✓ Saved: RESTRUCTURED_DB/2005/november/136897.json
2025-12-05 18:59:12,318 - INFO - Scraping G.R. No. 141241 (2005): Republic of the Philippines, through its trustee, ...
2025-12-05 18:59:12,572 - INFO -   ✓ Found at: https://lawphil.net/judjuris/juri2005/nov2005/gr_141241_2005.html
2025-12-05 18:59:12,573 - INFO -   ✓ Saved: RESTRUCTURED_DB/2005/november/141241.json
2025-12-05 18:59:13,073 - INFO - Scraping G.R. No. 143772 (2005): Development Bank of the Philippines vs. Prudential...
2025-12-05 18:59:13,552 - INFO -   ✓ Found at: https://lawphil.net/judjuris/juri2005/nov2005/gr_143772_2005.html
2025-12-05 18:59:13,553 - INFO -   ✓ Saved: RESTRUCTURED_DB/2005/november/143772.json
2025-12-05 18:59:14,053 - INFO - Scraping G.R. No. 149628 (2005): Edgardo B. Alcazaren vs. Univet Agricultural Produ...
2025-12-05 18:59:14,756 - INFO -   ✓ Found at: https://lawphil.net/judjuris/juri2005/nov2005/gr_149628_2005.html
2025-12-05 18:59:14,758 - INFO -   ✓ Saved: RESTRUCTURED_DB/2005/november/149628.json
2025-12-05 18:59:15,258 - INFO - Scraping G.R. No. 154185 (2005): Amelia J. Delos Santos vs. Jebsen Maritime, Inc....
2025-12-05 18:59:15,736 - INFO -   ✓ Found at: https://lawphil.net/judjuris/juri2005/nov2005/gr_154185_2005.html
2025-12-05 18:59:15,738 - INFO -   ✓ Saved: RESTRUCTURED_DB/2005/november/154185.json
2025-12-05 18:59:16,238 - INFO - Scraping G.R. No. 154460 (2005): Lauro C. Degamo vs. Avant Garde Shipping Corporati...
2025-12-05 18:59:17,284 - INFO -   ✓ Found at: https://lawphil.net/judjuris/juri2005/nov2005/gr_154460_2005.html
2025-12-05 18:59:17,285 - INFO -   ✓ Saved: RESTRUCTURED_DB/2005/november/154460.json
2025-12-05 18:59:17,785 - INFO - Scraping G.R. No. 157812 (2005): Rodolfo Santos vs. Ronald C. Manalili, et al....
2025-12-05 18:59:18,263 - INFO -   ✓ Found at: https://lawphil.net/judjuris/juri2005/nov2005/gr_157812_2005.html
2025-12-05 18:59:18,264 - INFO -   ✓ Saved: RESTRUCTURED_DB/2005/november/157812.json
2025-12-05 18:59:18,764 - INFO - Scraping G.R. No. 160109 (2005): Spouses German and Elisa Balanoba, et al., vs. Man...
2025-12-05 18:59:19,242 - INFO -   ✓ Found at: https://lawphil.net/judjuris/juri2005/nov2005/gr_160109_2005.html
2025-12-05 18:59:19,243 - INFO -   ✓ Saved: RESTRUCTURED_DB/2005/november/160109.json
2025-12-05 18:59:19,744 - INFO - Scraping G.R. No. 160118 (2005): Norberto Rimasug, et al., vs. Melencio Martin, et ...
2025-12-05 18:59:20,222 - INFO -   ✓ Found at: https://lawphil.net/judjuris/juri2005/nov2005/gr_160118_2005.html
2025-12-05 18:59:20,224 - INFO -   ✓ Saved: RESTRUCTURED_DB/2005/november/160118.json
2025-12-05 18:59:20,724 - INFO - Scraping G.R. No. 160892 (2005): Spouses Antonio and Lolita Tan vs. Carmelito Villa...
2025-12-05 18:59:20,978 - INFO -   ✓ Found at: https://lawphil.net/judjuris/juri2005/nov2005/gr_160892_2005.html
2025-12-05 18:59:20,979 - INFO -   ✓ Saved: RESTRUCTURED_DB/2005/november/160892.json
2025-12-05 18:59:21,480 - INFO - Scraping G.R. No. 161720 (2005): Heirs of Flores Restar, et al., vs. Heirs of Dolor...
2025-12-05 18:59:21,734 - INFO -   ✓ Found at: https://lawphil.net/judjuris/juri2005/nov2005/gr_161720_2005.html
2025-12-05 18:59:21,735 - INFO -   ✓ Saved: RESTRUCTURED_DB/2005/november/161720.json
2025-12-05 18:59:22,235 - INFO - Scraping G.R. No. 162890 (2005): Heirs of Julian Dela Cruz, et al., vs. Heirs of Al...
2025-12-05 18:59:22,713 - INFO -   ✓ Found at: https://lawphil.net/judjuris/juri2005/nov2005/gr_162890_2005.html
2025-12-05 18:59:22,715 - INFO -   ✓ Saved: RESTRUCTURED_DB/2005/november/162890.json
2025-12-05 18:59:23,216 - INFO - Scraping G.R. No. 143510 (2005): Roman Catholic Archbishop of Caceres vs. Heirs of ...
2025-12-05 18:59:23,476 - INFO -   ✓ Found at: https://lawphil.net/judjuris/juri2005/nov2005/gr_143510_2005.html
2025-12-05 18:59:23,478 - INFO -   ✓ Saved: RESTRUCTURED_DB/2005/november/143510.json
2025-12-05 18:59:23,978 - INFO - Scraping G.R. No. 151326 (2005): St. James School of Quezon City vs. Samahang Mangg...
2025-12-05 18:59:24,232 - INFO -   ✓ Found at: https://lawphil.net/judjuris/juri2005/nov2005/gr_151326_2005.html
2025-12-05 18:59:24,233 - INFO -   ✓ Saved: RESTRUCTURED_DB/2005/november/151326.json
2025-12-05 18:59:24,734 - INFO - Scraping G.R. No. 152578 (2005): Republic of the Philippines, et al., vs. Estate of...
2025-12-05 18:59:25,437 - INFO -   ✓ Found at: https://lawphil.net/judjuris/juri2005/nov2005/gr_152578_2005.html
2025-12-05 18:59:25,440 - INFO -   ✓ Saved: RESTRUCTURED_DB/2005/november/152578.json
2025-12-05 18:59:25,941 - INFO - Scraping G.R. No. 162461 (2005): Amos P. Francia, Jr., et al., vs. Power Merge Corp...
2025-12-05 18:59:26,207 - INFO -   ✓ Found at: https://lawphil.net/judjuris/juri2005/nov2005/gr_162461_2005.html
2025-12-05 18:59:26,208 - INFO -   ✓ Saved: RESTRUCTURED_DB/2005/november/162461.json
2025-12-05 18:59:26,709 - INFO - Scraping G.R. No. 166883 (2005): Angela Taguinod, et al. vs. Maximino Dalupang, et ...
2025-12-05 18:59:27,186 - INFO -   ✓ Found at: https://lawphil.net/judjuris/juri2005/nov2005/gr_166883_2005.html
2025-12-05 18:59:27,188 - INFO -   ✓ Saved: RESTRUCTURED_DB/2005/november/166883.json
2025-12-05 18:59:27,688 - INFO - Scraping G.R. No. 133640 (2005): Rodolfo S. Beltran, et al., vs. the Secretary of H...
2025-12-05 18:59:28,167 - INFO -   ✓ Found at: https://lawphil.net/judjuris/juri2005/nov2005/gr_133640_2005.html
2025-12-05 18:59:28,169 - INFO -   ✓ Saved: RESTRUCTURED_DB/2005/november/133640.json
2025-12-05 18:59:28,670 - INFO - Scraping G.R. No. 141675 (2005): Jesus T. Tanchanco, et al., vs. the Honorable Sand...
2025-12-05 18:59:36,425 - WARNING -   ✗ Not found for G.R. No. 141675
2025-12-05 18:59:36,925 - INFO - Scraping G.R. No. 150920 (2005): Child Learning Center, Inc., et al., vs. Timothy T...
2025-12-05 18:59:37,404 - INFO -   ✓ Found at: https://lawphil.net/judjuris/juri2005/nov2005/gr_150920_2005.html
2025-12-05 18:59:37,405 - INFO -   ✓ Saved: RESTRUCTURED_DB/2005/november/150920.json
2025-12-05 18:59:37,905 - INFO - Scraping G.R. No. 152346 (2005): Isaias F. Fabregas, et al. vs. San Francisco Del M...
2025-12-05 18:59:38,393 - INFO -   ✓ Found at: https://lawphil.net/judjuris/juri2005/nov2005/gr_152346_2005.html
2025-12-05 18:59:38,394 - INFO -   ✓ Saved: RESTRUCTURED_DB/2005/november/152346.json
2025-12-05 18:59:38,895 - INFO - Scraping G.R. No. 157306 (2005): Republic of the Philippines vs. Anatalia Actub Tiu...
2025-12-05 18:59:39,379 - INFO -   ✓ Found at: https://lawphil.net/judjuris/juri2005/nov2005/gr_157306_2005.html
2025-12-05 18:59:39,381 - INFO -   ✓ Saved: RESTRUCTURED_DB/2005/november/157306.json
2025-12-05 18:59:39,881 - INFO - Scraping G.R. No. 166333 (2005): Jose E. Honrado vs. Court of Appeals, et al....
2025-12-05 18:59:40,136 - INFO -   ✓ Found at: https://lawphil.net/judjuris/juri2005/nov2005/gr_166333_2005.html
2025-12-05 18:59:40,137 - INFO -   ✓ Saved: RESTRUCTURED_DB/2005/november/166333.json
2025-12-05 18:59:40,637 - INFO - Scraping G.R. No. 52341 (2005): Delia Preagido et al. vs. Sandiganbayan, et al....
2025-12-05 18:59:48,400 - WARNING -   ✗ Not found for G.R. No. 52341
2025-12-05 18:59:48,901 - INFO - Scraping G.R. No. 124779 (2005): Danilo Antonio, et al., vs. Hon. Isagani A. Geroni...
2025-12-05 18:59:49,379 - INFO -   ✓ Found at: https://lawphil.net/judjuris/juri2005/nov2005/gr_124779_2005.html
2025-12-05 18:59:49,381 - INFO -   ✓ Saved: RESTRUCTURED_DB/2005/november/124779.json
2025-12-05 18:59:49,881 - INFO - Scraping G.R. No. 135507 (2005): Philippine Rabbit Bus Lines, Inc., vs. Nelson Goim...
2025-12-05 18:59:50,135 - INFO -   ✓ Found at: https://lawphil.net/judjuris/juri2005/nov2005/gr_135507_2005.html
2025-12-05 18:59:50,136 - INFO -   ✓ Saved: RESTRUCTURED_DB/2005/november/135507.json
2025-12-05 18:59:50,637 - INFO - Scraping G.R. No. 139158 (2005): Chandra O. Cacho vs. Joaquin O. Bonifacio, et al....
2025-12-05 18:59:51,115 - INFO -   ✓ Found at: https://lawphil.net/judjuris/juri2005/nov2005/gr_139158_2005.html
2025-12-05 18:59:51,116 - INFO -   ✓ Saved: RESTRUCTURED_DB/2005/november/139158.json
2025-12-05 18:59:51,616 - INFO - Scraping G.R. No. 142729 (2005): Mamsar Enterprises Agro-Industrial Corporation vs....
2025-12-05 18:59:51,870 - INFO -   ✓ Found at: https://lawphil.net/judjuris/juri2005/nov2005/gr_142729_2005.html
2025-12-05 18:59:51,871 - INFO -   ✓ Saved: RESTRUCTURED_DB/2005/november/142729.json
2025-12-05 18:59:52,371 - INFO - Scraping G.R. No. 143023 (2005): Eastern Overseas Employment Center, Inc., vs. Ceci...
2025-12-05 18:59:52,849 - INFO -   ✓ Found at: https://lawphil.net/judjuris/juri2005/nov2005/gr_143023_2005.html
2025-12-05 18:59:52,850 - INFO -   ✓ Saved: RESTRUCTURED_DB/2005/november/143023.json
2025-12-05 18:59:53,350 - INFO - Scraping G.R. No. 145276 (2005): Rolando Agulto, et al. vs. William Z. Tecson....
2025-12-05 18:59:53,829 - INFO -   ✓ Found at: https://lawphil.net/judjuris/juri2005/nov2005/gr_145276_2005.html
2025-12-05 18:59:53,830 - INFO -   ✓ Saved: RESTRUCTURED_DB/2005/november/145276.json
2025-12-05 18:59:54,330 - INFO - Scraping G.R. No. 148361 (2005): Rafael Bautista, et al., vs. Maya-Maya Cottages, I...
2025-12-05 18:59:54,597 - INFO -   ✓ Found at: https://lawphil.net/judjuris/juri2005/nov2005/gr_148361_2005.html
2025-12-05 18:59:54,597 - INFO -   ✓ Saved: RESTRUCTURED_DB/2005/november/148361.json
2025-12-05 18:59:55,098 - INFO - Scraping G.R. No. 148411 (2005): Martha R. Horrigan vs. Troika Commercial, Inc....
2025-12-05 18:59:55,352 - INFO -   ✓ Found at: https://lawphil.net/judjuris/juri2005/nov2005/gr_148411_2005.html
2025-12-05 18:59:55,352 - INFO -   ✓ Saved: RESTRUCTURED_DB/2005/november/148411.json
2025-12-05 18:59:55,853 - INFO - Scraping G.R. No. 151266 (2005): Spouses Raymundo and Marilyn Calo vs. Spouses Reyn...
2025-12-05 18:59:56,331 - INFO -   ✓ Found at: https://lawphil.net/judjuris/juri2005/nov2005/gr_151266_2005.html
2025-12-05 18:59:56,333 - INFO -   ✓ Saved: RESTRUCTURED_DB/2005/november/151266.json
2025-12-05 18:59:56,833 - INFO - Scraping G.R. No. 154115 (2005): Philip S. Yu vs. Hon. Court of Appeals, et al....
2025-12-05 18:59:57,094 - INFO -   ✓ Found at: https://lawphil.net/judjuris/juri2005/nov2005/gr_154115_2005.html
2025-12-05 18:59:57,095 - INFO -   ✓ Saved: RESTRUCTURED_DB/2005/november/154115.json
2025-12-05 18:59:57,596 - INFO - Scraping G.R. No. 165767 (2005): Spouses William G. Friend and Maria Renee Friend, ...
2025-12-05 18:59:57,858 - INFO -   ✓ Found at: https://lawphil.net/judjuris/juri2005/nov2005/gr_165767_2005.html
2025-12-05 18:59:57,859 - INFO -   ✓ Saved: RESTRUCTURED_DB/2005/november/165767.json
2025-12-05 18:59:58,360 - INFO - Scraping G.R. No. 166606 (2005): Guillermo T. Domondon, et al., vs. Hon. First Divi...
2025-12-05 18:59:58,838 - INFO -   ✓ Found at: https://lawphil.net/judjuris/juri2005/nov2005/gr_166606_2005.html
2025-12-05 18:59:58,839 - INFO -   ✓ Saved: RESTRUCTURED_DB/2005/november/166606.json
2025-12-05 18:59:59,340 - INFO - Scraping G.R. No. 166753 (2005): Angelita Morcal vs. Antonio Laviña, et al....
2025-12-05 18:59:59,596 - INFO -   ✓ Found at: https://lawphil.net/judjuris/juri2005/nov2005/gr_166753_2005.html
2025-12-05 18:59:59,597 - INFO -   ✓ Saved: RESTRUCTURED_DB/2005/november/166753.json
2025-12-05 19:00:00,097 - INFO - Scraping G.R. No. 148682 (2005): People of the Philippines vs. Angel A. Enfermo....
2025-12-05 19:00:08,278 - WARNING -   ✗ Not found for G.R. No. 148682
2025-12-05 19:00:08,779 - INFO - Scraping G.R. No. 161357 (2005): Elena P. Dycaico vs. Social Security Commission, e...
2025-12-05 19:00:09,707 - INFO -   ✓ Found at: https://lawphil.net/judjuris/juri2005/nov2005/gr_161357_2005.html
2025-12-05 19:00:09,709 - INFO -   ✓ Saved: RESTRUCTURED_DB/2005/november/161357.json
2025-12-05 19:00:10,209 - INFO - Scraping G.R. No. 156887 (2005): Philippine National Construction Corporation vs. H...
2025-12-05 19:00:10,686 - INFO -   ✓ Found at: https://lawphil.net/judjuris/juri2005/oct2005/gr_156887_2005.html
2025-12-05 19:00:10,688 - INFO -   ✓ Saved: RESTRUCTURED_DB/2005/october/156887.json
2025-12-05 19:00:11,188 - INFO - Scraping G.R. No. 163099 (2005): Amadeo Fishing Corporation, et al. vs. Romeo Nierr...
2025-12-05 19:00:12,115 - INFO -   ✓ Found at: https://lawphil.net/judjuris/juri2005/oct2005/gr_163099_2005.html
2025-12-05 19:00:12,117 - INFO -   ✓ Saved: RESTRUCTURED_DB/2005/october/163099.json
2025-12-05 19:00:12,617 - INFO - Scraping G.R. No. 166152 (2005): Villamor Golf Club, et al. vs. Rodolfo F. Pehid....
2025-12-05 19:00:13,094 - INFO -   ✓ Found at: https://lawphil.net/judjuris/juri2005/oct2005/gr_166152_2005.html
2025-12-05 19:00:13,096 - INFO -   ✓ Saved: RESTRUCTURED_DB/2005/october/166152.json
2025-12-05 19:00:13,596 - INFO - Scraping G.R. No. 142664 (2005): Leoncio Ho, et al. vs. Pedro S. Lacsa....
2025-12-05 19:00:14,074 - INFO -   ✓ Found at: https://lawphil.net/judjuris/juri2005/oct2005/gr_142664_2005.html
2025-12-05 19:00:14,075 - INFO -   ✓ Saved: RESTRUCTURED_DB/2005/october/142664.json
2025-12-05 19:00:14,575 - INFO - Scraping G.R. No. 154380 (2005): Republic of the Philippines vs. Cipriano Orbecido ...
2025-12-05 19:00:15,053 - INFO -   ✓ Found at: https://lawphil.net/judjuris/juri2005/oct2005/gr_154380_2005.html
2025-12-05 19:00:15,054 - INFO -   ✓ Saved: RESTRUCTURED_DB/2005/october/154380.json
2025-12-05 19:00:15,554 - INFO - Scraping G.R. No. 154629 (2005): SPO4 Marino Soberano, et al. vs. the People of the...
2025-12-05 19:00:16,259 - INFO -   ✓ Found at: https://lawphil.net/judjuris/juri2005/oct2005/gr_154629_2005.html
2025-12-05 19:00:16,261 - INFO -   ✓ Saved: RESTRUCTURED_DB/2005/october/154629.json
2025-12-05 19:00:16,761 - INFO - Scraping G.R. No. 157044 (2005): Rodolfo V. Rosales, et al. vs. Miguel Castelltort,...
2025-12-05 19:00:17,464 - INFO -   ✓ Found at: https://lawphil.net/judjuris/juri2005/oct2005/gr_157044_2005.html
2025-12-05 19:00:17,466 - INFO -   ✓ Saved: RESTRUCTURED_DB/2005/october/157044.json
2025-12-05 19:00:17,966 - INFO - Scraping G.R. No. 158812 (2005): Public Estates Authority, et al. vs. Bolinao Secur...
2025-12-05 19:00:18,669 - INFO -   ✓ Found at: https://lawphil.net/judjuris/juri2005/oct2005/gr_158812_2005.html
2025-12-05 19:00:18,671 - INFO -   ✓ Saved: RESTRUCTURED_DB/2005/october/158812.json
2025-12-05 19:00:19,172 - INFO - Scraping G.R. No. 164914 (2005): Natalia Realty, Inc. vs. Hon. Mauricio M. Rivera, ...
2025-12-05 19:00:19,650 - INFO -   ✓ Found at: https://lawphil.net/judjuris/juri2005/oct2005/gr_164914_2005.html
2025-12-05 19:00:19,652 - INFO -   ✓ Saved: RESTRUCTURED_DB/2005/october/164914.json
2025-12-05 19:00:20,152 - INFO - Scraping G.R. No. 165282 (2005): Electro System Industries Corporation vs. National...
2025-12-05 19:00:20,631 - INFO -   ✓ Found at: https://lawphil.net/judjuris/juri2005/oct2005/gr_165282_2005.html
2025-12-05 19:00:20,632 - INFO -   ✓ Saved: RESTRUCTURED_DB/2005/october/165282.json
2025-12-05 19:00:21,132 - INFO - Scraping G.R. No. 151040 (2005): Allied Banking Corporation vs. Cheng Yong, et al....
2025-12-05 19:00:21,623 - INFO -   ✓ Found at: https://lawphil.net/judjuris/juri2005/oct2005/gr_151040_2005.html
2025-12-05 19:00:21,624 - INFO -   ✓ Saved: RESTRUCTURED_DB/2005/october/151040.json
2025-12-05 19:00:22,124 - INFO - Scraping G.R. No. 125254 (2005): Spouses Samuel Ulep, et al. vs. Honorable Court of...
2025-12-05 19:00:22,603 - INFO -   ✓ Found at: https://lawphil.net/judjuris/juri2005/oct2005/gr_125254_2005.html
2025-12-05 19:00:22,605 - INFO -   ✓ Saved: RESTRUCTURED_DB/2005/october/125254.json
2025-12-05 19:00:23,106 - INFO - Scraping G.R. No. 139448 (2005): Jacinto Galang, et al. vs. Hon. Court of Appeals, ...
2025-12-05 19:00:23,585 - INFO -   ✓ Found at: https://lawphil.net/judjuris/juri2005/oct2005/gr_139448_2005.html
2025-12-05 19:00:23,586 - INFO -   ✓ Saved: RESTRUCTURED_DB/2005/october/139448.json
2025-12-05 19:00:24,087 - INFO - Scraping G.R. No. 148574 (2005): Eugenio G. Palileo, et al. vs. National Irrigation...
2025-12-05 19:00:24,565 - INFO -   ✓ Found at: https://lawphil.net/judjuris/juri2005/oct2005/gr_148574_2005.html
2025-12-05 19:00:24,567 - INFO -   ✓ Saved: RESTRUCTURED_DB/2005/october/148574.json
2025-12-05 19:00:25,067 - INFO - Scraping G.R. No. 154126 (2005): Allied Banking Corporation vs. the Quezon City Gov...
2025-12-05 19:00:25,770 - INFO -   ✓ Found at: https://lawphil.net/judjuris/juri2005/oct2005/gr_154126_2005.html
2025-12-05 19:00:25,772 - INFO -   ✓ Saved: RESTRUCTURED_DB/2005/october/154126.json
2025-12-05 19:00:26,273 - INFO - Scraping G.R. No. 155279 (2005): Micro Sales Operation Network, et al. vs. the Nati...
2025-12-05 19:00:26,750 - INFO -   ✓ Found at: https://lawphil.net/judjuris/juri2005/oct2005/gr_155279_2005.html
2025-12-05 19:00:26,752 - INFO -   ✓ Saved: RESTRUCTURED_DB/2005/october/155279.json
2025-12-05 19:00:27,252 - INFO - Scraping G.R. No. 159048 (2005): Benny Go vs. Eliodoro Bacaron....
2025-12-05 19:00:27,730 - INFO -   ✓ Found at: https://lawphil.net/judjuris/juri2005/oct2005/gr_159048_2005.html
2025-12-05 19:00:27,732 - INFO -   ✓ Saved: RESTRUCTURED_DB/2005/october/159048.json
2025-12-05 19:00:28,232 - INFO - Scraping G.R. No. 160966 (2005): Pagoda Philippines, Inc. vs. Universal Canning, In...
2025-12-05 19:00:28,487 - INFO -   ✓ Found at: https://lawphil.net/judjuris/juri2005/oct2005/gr_160966_2005.html
2025-12-05 19:00:28,488 - INFO -   ✓ Saved: RESTRUCTURED_DB/2005/october/160966.json
2025-12-05 19:00:28,988 - INFO - Scraping G.R. No. 161733 (2005): Civil Service Commission vs. Arnulfo A. Sebastian....
2025-12-05 19:00:29,466 - INFO -   ✓ Found at: https://lawphil.net/judjuris/juri2005/oct2005/gr_161733_2005.html
2025-12-05 19:00:29,468 - INFO -   ✓ Saved: RESTRUCTURED_DB/2005/october/161733.json
2025-12-05 19:00:29,968 - INFO - Scraping G.R. No. 164922 (2005): Raymond P. Espidol vs. Commission on Elections, et...
2025-12-05 19:00:30,671 - INFO -   ✓ Found at: https://lawphil.net/judjuris/juri2005/oct2005/gr_164922_2005.html
2025-12-05 19:00:30,674 - INFO -   ✓ Saved: RESTRUCTURED_DB/2005/october/164922.json
2025-12-05 19:00:31,175 - INFO - Scraping G.R. No. 166964 (2005): Patricia L. Tiongson, et al. vs. National Housing ...
2025-12-05 19:00:31,429 - INFO -   ✓ Found at: https://lawphil.net/judjuris/juri2005/oct2005/gr_166964_2005.html
2025-12-05 19:00:31,430 - INFO -   ✓ Saved: RESTRUCTURED_DB/2005/october/166964.json
2025-12-05 19:00:31,930 - INFO - Scraping G.R. No. 134113 (2005): Air France Philippines vs. the Honorable Judge Emi...
2025-12-05 19:00:32,184 - INFO -   ✓ Found at: https://lawphil.net/judjuris/juri2005/oct2005/gr_134113_2005.html
2025-12-05 19:00:32,185 - INFO -   ✓ Saved: RESTRUCTURED_DB/2005/october/134113.json
2025-12-05 19:00:32,686 - INFO - Scraping G.R. No. 141715 (2005): Local Superior of the Servants of Charity, Inc., e...
2025-12-05 19:00:33,164 - INFO -   ✓ Found at: https://lawphil.net/judjuris/juri2005/oct2005/gr_141715_2005.html
2025-12-05 19:00:33,165 - INFO -   ✓ Saved: RESTRUCTURED_DB/2005/october/141715.json
2025-12-05 19:00:33,665 - INFO - 
Batch 2 complete:
2025-12-05 19:00:33,665 - INFO -   Successful: 94
2025-12-05 19:00:33,665 - INFO -   Failed: 6
2025-12-05 19:00:33,665 - INFO -   Skipped: 0
2025-12-05 19:00:33,666 - INFO - 
Overall progress: 200/1009 cases
2025-12-05 19:00:33,666 - INFO - 
================================================================================
2025-12-05 19:00:33,666 - INFO - BATCH 3/11 (100 cases)
2025-12-05 19:00:33,666 - INFO - ================================================================================
2025-12-05 19:00:33,666 - INFO - Scraping G.R. No. 152689 (2005): Philippine Long Distance Telephone Company, Inc., ...
2025-12-05 19:00:34,150 - INFO -   ✓ Found at: https://lawphil.net/judjuris/juri2005/oct2005/gr_152689_2005.html
2025-12-05 19:00:34,151 - INFO -   ✓ Saved: RESTRUCTURED_DB/2005/october/152689.json
2025-12-05 19:00:34,651 - INFO - Scraping G.R. No. 164282 (2005): Teresita M. Yujuico vs. Hon. Jose L. Atienza, Jr.,...
2025-12-05 19:00:35,354 - INFO -   ✓ Found at: https://lawphil.net/judjuris/juri2005/oct2005/gr_164282_2005.html
2025-12-05 19:00:35,356 - INFO -   ✓ Saved: RESTRUCTURED_DB/2005/october/164282.json
2025-12-05 19:00:35,856 - INFO - Scraping G.R. No. 106064 (2005): Spouses Renato Constanino, Jr., et al. vs. Hon. Jo...
2025-12-05 19:00:36,559 - INFO -   ✓ Found at: https://lawphil.net/judjuris/juri2005/oct2005/gr_106064_2005.html
2025-12-05 19:00:36,562 - INFO -   ✓ Saved: RESTRUCTURED_DB/2005/october/106064.json
2025-12-05 19:00:37,063 - INFO - Scraping G.R. No. 155784 (2005): Civil Service Commission vs. Ranulfo P. Albao....
2025-12-05 19:00:37,316 - INFO -   ✓ Found at: https://lawphil.net/judjuris/juri2005/oct2005/gr_155784_2005.html
2025-12-05 19:00:37,317 - INFO -   ✓ Saved: RESTRUCTURED_DB/2005/october/155784.json
2025-12-05 19:00:37,818 - INFO - Scraping G.R. No. 156652 (2005): Dr. Benita F. Osorio vs. Hon. Aniano A. Desierto, ...
2025-12-05 19:00:38,295 - INFO -   ✓ Found at: https://lawphil.net/judjuris/juri2005/oct2005/gr_156652_2005.html
2025-12-05 19:00:38,297 - INFO -   ✓ Saved: RESTRUCTURED_DB/2005/october/156652.json
2025-12-05 19:00:38,797 - INFO - Scraping G.R. No. 161942 (2005): Jose M. Caringal vs. Philippine Charity Sweepstake...
2025-12-05 19:00:39,845 - INFO -   ✓ Found at: https://lawphil.net/judjuris/juri2005/oct2005/gr_161942_2005.html
2025-12-05 19:00:39,846 - INFO -   ✓ Saved: RESTRUCTURED_DB/2005/october/161942.json
2025-12-05 19:00:40,347 - INFO - Scraping G.R. No. 164978 (2005): Aquilino Q. Pimentel, Jr., et al. vs. Exec. Secret...
2025-12-05 19:00:40,832 - INFO -   ✓ Found at: https://lawphil.net/judjuris/juri2005/oct2005/gr_164978_2005.html
2025-12-05 19:00:40,834 - INFO -   ✓ Saved: RESTRUCTURED_DB/2005/october/164978.json
2025-12-05 19:00:41,334 - INFO - Scraping G.R. No. 138550 (2005): American Express International Inc., vs. Noel Cord...
2025-12-05 19:00:41,591 - INFO -   ✓ Found at: https://lawphil.net/judjuris/juri2005/oct2005/gr_138550_2005.html
2025-12-05 19:00:41,592 - INFO -   ✓ Saved: RESTRUCTURED_DB/2005/october/138550.json
2025-12-05 19:00:42,093 - INFO - Scraping G.R. No. 142411 (2005): Winifreda Ursal vs. Court of Appeals, et al....
2025-12-05 19:00:42,578 - INFO -   ✓ Found at: https://lawphil.net/judjuris/juri2005/oct2005/gr_142411_2005.html
2025-12-05 19:00:42,580 - INFO -   ✓ Saved: RESTRUCTURED_DB/2005/october/142411.json
2025-12-05 19:00:43,080 - INFO - Scraping G.R. No. 143439 (2005): Maximo Alvarez vs. Susan Ramirez....
2025-12-05 19:00:43,338 - INFO -   ✓ Found at: https://lawphil.net/judjuris/juri2005/oct2005/gr_143439_2005.html
2025-12-05 19:00:43,339 - INFO -   ✓ Saved: RESTRUCTURED_DB/2005/october/143439.json
2025-12-05 19:00:43,839 - INFO - Scraping G.R. No. 145330 (2005): Spouses Gomer Ramos, et al. vs. Spouses Santiago H...
2025-12-05 19:00:44,331 - INFO -   ✓ Found at: https://lawphil.net/judjuris/juri2005/oct2005/gr_145330_2005.html
2025-12-05 19:00:44,332 - INFO -   ✓ Saved: RESTRUCTURED_DB/2005/october/145330.json
2025-12-05 19:00:44,832 - INFO - Scraping G.R. No. 147911 (2005): Federico B. Diamante III vs. Honorable Sandiganbay...
2025-12-05 19:00:45,091 - INFO -   ✓ Found at: https://lawphil.net/judjuris/juri2005/oct2005/gr_147911_2005.html
2025-12-05 19:00:45,092 - INFO -   ✓ Saved: RESTRUCTURED_DB/2005/october/147911.json
2025-12-05 19:00:45,592 - INFO - Scraping G.R. No. 151818 (2005): Oriental Petroleum, et al. vs. Marciano V. Fuentes...
2025-12-05 19:00:46,083 - INFO -   ✓ Found at: https://lawphil.net/judjuris/juri2005/oct2005/gr_151818_2005.html
2025-12-05 19:00:46,085 - INFO -   ✓ Saved: RESTRUCTURED_DB/2005/october/151818.json
2025-12-05 19:00:46,585 - INFO - Scraping G.R. No. 156381 (2005): JSS Indochina Corporation vs. Gerardo R. Ferrer, e...
2025-12-05 19:00:46,843 - INFO -   ✓ Found at: https://lawphil.net/judjuris/juri2005/oct2005/gr_156381_2005.html
2025-12-05 19:00:46,844 - INFO -   ✓ Saved: RESTRUCTURED_DB/2005/october/156381.json
2025-12-05 19:00:47,345 - INFO - Scraping G.R. No. 158085 (2005): Republic of the Philippines, et al. vs. Sunlife As...
2025-12-05 19:00:47,831 - INFO -   ✓ Found at: https://lawphil.net/judjuris/juri2005/oct2005/gr_158085_2005.html
2025-12-05 19:00:47,833 - INFO -   ✓ Saved: RESTRUCTURED_DB/2005/october/158085.json
2025-12-05 19:00:48,333 - INFO - Scraping G.R. No. 159831 (2005): Pilipinas Shell Petroleum Corporation vs. John Bor...
2025-12-05 19:00:48,824 - INFO -   ✓ Found at: https://lawphil.net/judjuris/juri2005/oct2005/gr_159831_2005.html
2025-12-05 19:00:48,826 - INFO -   ✓ Saved: RESTRUCTURED_DB/2005/october/159831.json
2025-12-05 19:00:49,326 - INFO - Scraping G.R. No. 160283 (2005): John Kam Biak Y. Chan, Jr., vs. Iglesia ni Cristo ...
2025-12-05 19:00:49,584 - INFO -   ✓ Found at: https://lawphil.net/judjuris/juri2005/oct2005/gr_160283_2005.html
2025-12-05 19:00:49,585 - INFO -   ✓ Saved: RESTRUCTURED_DB/2005/october/160283.json
2025-12-05 19:00:50,085 - INFO - Scraping G.R. No. 164736 (2005): Universal Robina Corporation, et al. vs. Benito Ca...
2025-12-05 19:00:50,571 - INFO -   ✓ Found at: https://lawphil.net/judjuris/juri2005/oct2005/gr_164736_2005.html
2025-12-05 19:00:50,572 - INFO -   ✓ Saved: RESTRUCTURED_DB/2005/october/164736.json
2025-12-05 19:00:51,073 - INFO - Scraping G.R. No. 139736 (2005): Bank of the Philippine Islands vs. Commissioner of...
2025-12-05 19:00:51,559 - INFO -   ✓ Found at: https://lawphil.net/judjuris/juri2005/oct2005/gr_139736_2005.html
2025-12-05 19:00:51,562 - INFO -   ✓ Saved: RESTRUCTURED_DB/2005/october/139736.json
2025-12-05 19:00:52,062 - INFO - Scraping G.R. No. 154190 (2005): MIAA-NAIA Association of Service Operators vs. the...
2025-12-05 19:00:52,320 - INFO -   ✓ Found at: https://lawphil.net/judjuris/juri2005/oct2005/gr_154190_2005.html
2025-12-05 19:00:52,321 - INFO -   ✓ Saved: RESTRUCTURED_DB/2005/october/154190.json
2025-12-05 19:00:52,822 - INFO - Scraping G.R. No. 158674 (2005): Lapreciosisma Cagungun, et al. vs. Planters Develo...
2025-12-05 19:00:53,307 - INFO -   ✓ Found at: https://lawphil.net/judjuris/juri2005/oct2005/gr_158674_2005.html
2025-12-05 19:00:53,309 - INFO -   ✓ Saved: RESTRUCTURED_DB/2005/october/158674.json
2025-12-05 19:00:53,809 - INFO - Scraping G.R. No. 165996 (2005): Rodolfo G. Valencia vs. the Sandiganbayan....
2025-12-05 19:00:54,295 - INFO -   ✓ Found at: https://lawphil.net/judjuris/juri2005/oct2005/gr_165996_2005.html
2025-12-05 19:00:54,297 - INFO -   ✓ Saved: RESTRUCTURED_DB/2005/october/165996.json
2025-12-05 19:00:54,797 - INFO - Scraping G.R. No. 168056 (2005): ABAKADA Guro Party List Officer Samson S. Alcantar...
2025-12-05 19:00:55,283 - INFO -   ✓ Found at: https://lawphil.net/judjuris/juri2005/oct2005/gr_168056_2005.html
2025-12-05 19:00:55,285 - INFO -   ✓ Saved: RESTRUCTURED_DB/2005/october/168056.json
2025-12-05 19:00:55,785 - INFO - Scraping G.R. No. 146987 (2005): Metro Properties, Inc. vs. Magallanes Village Asso...
2025-12-05 19:00:56,043 - INFO -   ✓ Found at: https://lawphil.net/judjuris/juri2005/oct2005/gr_146987_2005.html
2025-12-05 19:00:56,044 - INFO -   ✓ Saved: RESTRUCTURED_DB/2005/october/146987.json
2025-12-05 19:00:56,545 - INFO - Scraping G.R. No. 153152 (2005): Ruperto V. Peralta, et al. vs. Hon. Aniano Desiert...
2025-12-05 19:00:57,031 - INFO -   ✓ Found at: https://lawphil.net/judjuris/juri2005/oct2005/gr_153152_2005.html
2025-12-05 19:00:57,033 - INFO -   ✓ Saved: RESTRUCTURED_DB/2005/october/153152.json
2025-12-05 19:00:57,533 - INFO - Scraping G.R. No. 155737 (2005): R Transport Corporation vs. Philippine Hawk Transp...
2025-12-05 19:00:58,991 - INFO -   ✓ Found at: https://lawphil.net/judjuris/juri2005/oct2005/gr_155737_2005.html
2025-12-05 19:00:58,992 - INFO -   ✓ Saved: RESTRUCTURED_DB/2005/october/155737.json
2025-12-05 19:00:59,492 - INFO - Scraping G.R. No. 156081 (2005): Ferdinand T. Santos, et al. vs. Wilson Go....
2025-12-05 19:00:59,978 - INFO -   ✓ Found at: https://lawphil.net/judjuris/juri2005/oct2005/gr_156081_2005.html
2025-12-05 19:00:59,980 - INFO -   ✓ Saved: RESTRUCTURED_DB/2005/october/156081.json
2025-12-05 19:01:00,480 - INFO - Scraping G.R. No. 157604 (2005): George V. Benedicto vs. Hon. Court of Appeals, et ...
2025-12-05 19:01:00,966 - INFO -   ✓ Found at: https://lawphil.net/judjuris/juri2005/oct2005/gr_157604_2005.html
2025-12-05 19:01:00,967 - INFO -   ✓ Saved: RESTRUCTURED_DB/2005/october/157604.json
2025-12-05 19:01:01,467 - INFO - Scraping G.R. No. 158227 (2005): Keppel Bank Philippines, Inc. vs. Philip Adao....
2025-12-05 19:01:01,952 - INFO -   ✓ Found at: https://lawphil.net/judjuris/juri2005/oct2005/gr_158227_2005.html
2025-12-05 19:01:01,954 - INFO -   ✓ Saved: RESTRUCTURED_DB/2005/october/158227.json
2025-12-05 19:01:02,454 - INFO - Scraping G.R. No. 160573 (2005): Grace A. Basmayor vs. Loida B. Atencio....
2025-12-05 19:01:02,941 - INFO -   ✓ Found at: https://lawphil.net/judjuris/juri2005/oct2005/gr_160573_2005.html
2025-12-05 19:01:02,942 - INFO -   ✓ Saved: RESTRUCTURED_DB/2005/october/160573.json
2025-12-05 19:01:03,442 - INFO - Scraping G.R. No. 162070 (2005): Department of Agrarian Reform vs. Delia T. Sutton,...
2025-12-05 19:01:03,928 - INFO -   ✓ Found at: https://lawphil.net/judjuris/juri2005/oct2005/gr_162070_2005.html
2025-12-05 19:01:03,929 - INFO -   ✓ Saved: RESTRUCTURED_DB/2005/october/162070.json
2025-12-05 19:01:04,430 - INFO - Scraping G.R. No. 163181 (2005): Bonifacio L. Cañal, Sr. vs. People of the Philippi...
2025-12-05 19:01:04,915 - INFO -   ✓ Found at: https://lawphil.net/judjuris/juri2005/oct2005/gr_163181_2005.html
2025-12-05 19:01:04,917 - INFO -   ✓ Saved: RESTRUCTURED_DB/2005/october/163181.json
2025-12-05 19:01:05,417 - INFO - Scraping G.R. No. 164588 (2005): Nautica Canning Corporation, et al. vs. Roberto C....
2025-12-05 19:01:05,903 - INFO -   ✓ Found at: https://lawphil.net/judjuris/juri2005/oct2005/gr_164588_2005.html
2025-12-05 19:01:05,904 - INFO -   ✓ Saved: RESTRUCTURED_DB/2005/october/164588.json
2025-12-05 19:01:06,405 - INFO - Scraping G.R. No. 122472 (2005): Apex Mining Co., Inc. vs. Commissioner of Internal...
2025-12-05 19:01:06,891 - INFO -   ✓ Found at: https://lawphil.net/judjuris/juri2005/oct2005/gr_122472_2005.html
2025-12-05 19:01:06,892 - INFO -   ✓ Saved: RESTRUCTURED_DB/2005/october/122472.json
2025-12-05 19:01:07,393 - INFO - Scraping G.R. No. 144273 (2005): Rodolfo Ramos, et al. vs. Hon. Judge Alfonso V. Co...
2025-12-05 19:01:07,882 - INFO -   ✓ Found at: https://lawphil.net/judjuris/juri2005/oct2005/gr_144273_2005.html
2025-12-05 19:01:07,884 - INFO -   ✓ Saved: RESTRUCTURED_DB/2005/october/144273.json
2025-12-05 19:01:08,384 - INFO - Scraping G.R. No. 149259 (2005): People of the Philippines vs. Juanito P. Quirol, e...
2025-12-05 19:01:08,870 - INFO -   ✓ Found at: https://lawphil.net/judjuris/juri2005/oct2005/gr_149259_2005.html
2025-12-05 19:01:08,871 - INFO -   ✓ Saved: RESTRUCTURED_DB/2005/october/149259.json
2025-12-05 19:01:09,372 - INFO - Scraping G.R. No. 151893 (2005): Precy P. Jacang vs. Employees Compensation Commis...
2025-12-05 19:01:09,857 - INFO -   ✓ Found at: https://lawphil.net/judjuris/juri2005/oct2005/gr_151893_2005.html
2025-12-05 19:01:09,859 - INFO -   ✓ Saved: RESTRUCTURED_DB/2005/october/151893.json
2025-12-05 19:01:10,359 - INFO - Scraping G.R. No. 152527 (2005): Joey Guiyab y Danao vs. People of the Philippines....
2025-12-05 19:01:10,845 - INFO -   ✓ Found at: https://lawphil.net/judjuris/juri2005/oct2005/gr_152527_2005.html
2025-12-05 19:01:10,847 - INFO -   ✓ Saved: RESTRUCTURED_DB/2005/october/152527.json
2025-12-05 19:01:11,347 - INFO - Scraping G.R. No. 154410 (2005): Heavylift Manila, Inc., et al. vs. the Court of Ap...
2025-12-05 19:01:11,833 - INFO -   ✓ Found at: https://lawphil.net/judjuris/juri2005/oct2005/gr_154410_2005.html
2025-12-05 19:01:11,834 - INFO -   ✓ Saved: RESTRUCTURED_DB/2005/october/154410.json
2025-12-05 19:01:12,334 - INFO - Scraping G.R. No. 154428 (2005): Philippine National Bank vs. Shellink Planners, In...
2025-12-05 19:01:12,820 - INFO -   ✓ Found at: https://lawphil.net/judjuris/juri2005/oct2005/gr_154428_2005.html
2025-12-05 19:01:12,821 - INFO -   ✓ Saved: RESTRUCTURED_DB/2005/october/154428.json
2025-12-05 19:01:13,321 - INFO - Scraping G.R. No. 154798 (2005): Crystal Shipping, Inc., et al. vs. Deo P. Nativida...
2025-12-05 19:01:13,807 - INFO -   ✓ Found at: https://lawphil.net/judjuris/juri2005/oct2005/gr_154798_2005.html
2025-12-05 19:01:13,808 - INFO -   ✓ Saved: RESTRUCTURED_DB/2005/october/154798.json
2025-12-05 19:01:14,308 - INFO - Scraping G.R. No. 156033 (2005): Expresscredit Financing Corporation vs. Sps. Morto...
2025-12-05 19:01:14,794 - INFO -   ✓ Found at: https://lawphil.net/judjuris/juri2005/oct2005/gr_156033_2005.html
2025-12-05 19:01:14,795 - INFO -   ✓ Saved: RESTRUCTURED_DB/2005/october/156033.json
2025-12-05 19:01:15,296 - INFO - Scraping G.R. No. 162445 (2005): Dionisio L. Bacarra vs. National Labor Relations C...
2025-12-05 19:01:15,781 - INFO -   ✓ Found at: https://lawphil.net/judjuris/juri2005/oct2005/gr_162445_2005.html
2025-12-05 19:01:15,782 - INFO -   ✓ Saved: RESTRUCTURED_DB/2005/october/162445.json
2025-12-05 19:01:16,283 - INFO - Scraping G.R. No. 163818 (2005): Sebastian Serag, et al. vs. Court of Appeals, et a...
2025-12-05 19:01:16,768 - INFO -   ✓ Found at: https://lawphil.net/judjuris/juri2005/oct2005/gr_163818_2005.html
2025-12-05 19:01:16,770 - INFO -   ✓ Saved: RESTRUCTURED_DB/2005/october/163818.json
2025-12-05 19:01:17,270 - INFO - Scraping G.R. No. 164678 (2005): Office of the Ombudsman vs. Mary Ann T. Castro....
2025-12-05 19:01:17,762 - INFO -   ✓ Found at: https://lawphil.net/judjuris/juri2005/oct2005/gr_164678_2005.html
2025-12-05 19:01:17,763 - INFO -   ✓ Saved: RESTRUCTURED_DB/2005/october/164678.json
2025-12-05 19:01:18,263 - INFO - Scraping G.R. No. 166379 (2005): Lakpue Drug, Inc., et al. vs. Ma. Lourdes Belga....
2025-12-05 19:01:18,752 - INFO -   ✓ Found at: https://lawphil.net/judjuris/juri2005/oct2005/gr_166379_2005.html
2025-12-05 19:01:18,753 - INFO -   ✓ Saved: RESTRUCTURED_DB/2005/october/166379.json
2025-12-05 19:01:19,253 - INFO - Scraping G.R. No. 166664 (2005): Domingo C. Suarez vs. Leo B. Saul, et al....
2025-12-05 19:01:19,738 - INFO -   ✓ Found at: https://lawphil.net/judjuris/juri2005/oct2005/gr_166664_2005.html
2025-12-05 19:01:19,740 - INFO -   ✓ Saved: RESTRUCTURED_DB/2005/october/166664.json
2025-12-05 19:01:20,240 - INFO - Scraping G.R. No. 132864 (2005): Philippine Free Press, Inc. vs. Court of Appeals, ...
2025-12-05 19:01:20,954 - INFO -   ✓ Found at: https://lawphil.net/judjuris/juri2005/oct2005/gr_132864_2005.html
2025-12-05 19:01:20,957 - INFO -   ✓ Saved: RESTRUCTURED_DB/2005/october/132864.json
2025-12-05 19:01:21,457 - INFO - Scraping G.R. No. 154027 (2005): Spouses Ramon and Rosita Tan vs. Gorgonia Bantegui...
2025-12-05 19:01:21,943 - INFO -   ✓ Found at: https://lawphil.net/judjuris/juri2005/oct2005/gr_154027_2005.html
2025-12-05 19:01:21,945 - INFO -   ✓ Saved: RESTRUCTURED_DB/2005/october/154027.json
2025-12-05 19:01:22,445 - INFO - Scraping G.R. No. 160073 (2005): Abundio Barayoga, et al. vs. Asset Privatization T...
2025-12-05 19:01:22,931 - INFO -   ✓ Found at: https://lawphil.net/judjuris/juri2005/oct2005/gr_160073_2005.html
2025-12-05 19:01:22,932 - INFO -   ✓ Saved: RESTRUCTURED_DB/2005/october/160073.json
2025-12-05 19:01:23,432 - INFO - Scraping G.R. No. 161026 (2005): Hyatt Elevators and Escalators Corporation vs. Gol...
2025-12-05 19:01:23,918 - INFO -   ✓ Found at: https://lawphil.net/judjuris/juri2005/oct2005/gr_161026_2005.html
2025-12-05 19:01:23,920 - INFO -   ✓ Saved: RESTRUCTURED_DB/2005/october/161026.json
2025-12-05 19:01:24,420 - INFO - Scraping G.R. No. 132759 (2005): Alejandro Danan, et al. vs. the Honorable Court of...
2025-12-05 19:01:24,906 - INFO -   ✓ Found at: https://lawphil.net/judjuris/juri2005/oct2005/gr_132759_2005.html
2025-12-05 19:01:24,908 - INFO -   ✓ Saved: RESTRUCTURED_DB/2005/october/132759.json
2025-12-05 19:01:25,408 - INFO - Scraping G.R. No. 139858 (2005): Commissioner of Internal Revenue vs. Arturo Tulio....
2025-12-05 19:01:25,666 - INFO -   ✓ Found at: https://lawphil.net/judjuris/juri2005/oct2005/gr_139858_2005.html
2025-12-05 19:01:25,667 - INFO -   ✓ Saved: RESTRUCTURED_DB/2005/october/139858.json
2025-12-05 19:01:26,167 - INFO - Scraping G.R. No. 143951 (2005): Norma Mangaliag, et al. vs. Hon. Edelwina Catubig-...
2025-12-05 19:01:26,653 - INFO -   ✓ Found at: https://lawphil.net/judjuris/juri2005/oct2005/gr_143951_2005.html
2025-12-05 19:01:26,655 - INFO -   ✓ Saved: RESTRUCTURED_DB/2005/october/143951.json
2025-12-05 19:01:27,155 - INFO - Scraping G.R. No. 145259 (2005): Casimiro R. Nadela vs. Engineering and Constructio...
2025-12-05 19:01:27,641 - INFO -   ✓ Found at: https://lawphil.net/judjuris/juri2005/oct2005/gr_145259_2005.html
2025-12-05 19:01:27,642 - INFO -   ✓ Saved: RESTRUCTURED_DB/2005/october/145259.json
2025-12-05 19:01:28,142 - INFO - Scraping G.R. No. 146400 (2005): Bernardito A. Florido vs. Shemberg Marketing Corpo...
2025-12-05 19:01:28,406 - INFO -   ✓ Found at: https://lawphil.net/judjuris/juri2005/oct2005/gr_146400_2005.html
2025-12-05 19:01:28,407 - INFO -   ✓ Saved: RESTRUCTURED_DB/2005/october/146400.json
2025-12-05 19:01:28,908 - INFO - Scraping G.R. No. 147746 (2005): Perla Compania De Seguros, Inc., et al. vs. Sps. G...
2025-12-05 19:01:29,394 - INFO -   ✓ Found at: https://lawphil.net/judjuris/juri2005/oct2005/gr_147746_2005.html
2025-12-05 19:01:29,395 - INFO -   ✓ Saved: RESTRUCTURED_DB/2005/october/147746.json
2025-12-05 19:01:29,895 - INFO - Scraping G.R. No. 149175 (2005): Jaime H. Domingo vs. Hon. Sandiganbayan, et al....
2025-12-05 19:01:30,381 - INFO -   ✓ Found at: https://lawphil.net/judjuris/juri2005/oct2005/gr_149175_2005.html
2025-12-05 19:01:30,383 - INFO -   ✓ Saved: RESTRUCTURED_DB/2005/october/149175.json
2025-12-05 19:01:30,883 - INFO - Scraping G.R. No. 153526 (2005): Florante Soriquez vs. Sandiganbayan, et al....
2025-12-05 19:01:31,370 - INFO -   ✓ Found at: https://lawphil.net/judjuris/juri2005/oct2005/gr_153526_2005.html
2025-12-05 19:01:31,371 - INFO -   ✓ Saved: RESTRUCTURED_DB/2005/october/153526.json
2025-12-05 19:01:31,872 - INFO - Scraping G.R. No. 153784 (2005): Romeo C. Cadiz, et al. vs. Court of Appeals, et al...
2025-12-05 19:01:32,358 - INFO -   ✓ Found at: https://lawphil.net/judjuris/juri2005/oct2005/gr_153784_2005.html
2025-12-05 19:01:32,359 - INFO -   ✓ Saved: RESTRUCTURED_DB/2005/october/153784.json
2025-12-05 19:01:32,860 - INFO - Scraping G.R. No. 154087 (2005): Milagros Ilao-Quianay, et al. vs. Rodolfo Mapile....
2025-12-05 19:01:33,345 - INFO -   ✓ Found at: https://lawphil.net/judjuris/juri2005/oct2005/gr_154087_2005.html
2025-12-05 19:01:33,347 - INFO -   ✓ Saved: RESTRUCTURED_DB/2005/october/154087.json
2025-12-05 19:01:33,847 - INFO - Scraping G.R. No. 154993 (2005): Luz R. Yamane vs. BA Lepanto Condominium Corporati...
2025-12-05 19:01:34,561 - INFO -   ✓ Found at: https://lawphil.net/judjuris/juri2005/oct2005/gr_154993_2005.html
2025-12-05 19:01:34,563 - INFO -   ✓ Saved: RESTRUCTURED_DB/2005/october/154993.json
2025-12-05 19:01:35,063 - INFO - Scraping G.R. No. 159592 (2005): Spouses Ferdinand Aguilar, et al. vs. Citytrust Fi...
2025-12-05 19:01:35,548 - INFO -   ✓ Found at: https://lawphil.net/judjuris/juri2005/oct2005/gr_159592_2005.html
2025-12-05 19:01:35,550 - INFO -   ✓ Saved: RESTRUCTURED_DB/2005/october/159592.json
2025-12-05 19:01:36,051 - INFO - Scraping G.R. No. 161997 (2005): Commissioner of Internal Revenue vs. Philippine Na...
2025-12-05 19:01:36,537 - INFO -   ✓ Found at: https://lawphil.net/judjuris/juri2005/oct2005/gr_161997_2005.html
2025-12-05 19:01:36,539 - INFO -   ✓ Saved: RESTRUCTURED_DB/2005/october/161997.json
2025-12-05 19:01:37,039 - INFO - Scraping G.R. No. 167462 (2005): Manly Express Inc., et al. vs. Romualdo Payong, Jr...
2025-12-05 19:01:37,297 - INFO -   ✓ Found at: https://lawphil.net/judjuris/juri2005/oct2005/gr_167462_2005.html
2025-12-05 19:01:37,298 - INFO -   ✓ Saved: RESTRUCTURED_DB/2005/october/167462.json
2025-12-05 19:01:37,798 - INFO - Scraping G.R. No. 167514 (2005): Metropolitan Manila Development Authority vs. Trac...
2025-12-05 19:01:38,294 - INFO -   ✓ Found at: https://lawphil.net/judjuris/juri2005/oct2005/gr_167514_2005.html
2025-12-05 19:01:38,295 - INFO -   ✓ Saved: RESTRUCTURED_DB/2005/october/167514.json
2025-12-05 19:01:38,796 - INFO - Scraping G.R. No. 167886 (2005): Land Bank of the Philippines vs. Pamintuan Develop...
2025-12-05 19:01:39,054 - INFO -   ✓ Found at: https://lawphil.net/judjuris/juri2005/oct2005/gr_167886_2005.html
2025-12-05 19:01:39,055 - INFO -   ✓ Saved: RESTRUCTURED_DB/2005/october/167886.json
2025-12-05 19:01:39,556 - INFO - Scraping G.R. No. 128959 (2005): Ciriaco "Boy" Guingging vs. the Honorable Court of...
2025-12-05 19:01:40,270 - INFO -   ✓ Found at: https://lawphil.net/judjuris/juri2005/sep2005/gr_128959_2005.html
2025-12-05 19:01:40,273 - INFO -   ✓ Saved: RESTRUCTURED_DB/2005/september/128959.json
2025-12-05 19:01:40,773 - INFO - Scraping G.R. No. 129704 (2005): Ulpiano Balo, et al. vs. the Hon. Court of Appeals...
2025-12-05 19:01:41,031 - INFO -   ✓ Found at: https://lawphil.net/judjuris/juri2005/sep2005/gr_129704_2005.html
2025-12-05 19:01:41,033 - INFO -   ✓ Saved: RESTRUCTURED_DB/2005/september/129704.json
2025-12-05 19:01:41,533 - INFO - Scraping G.R. No. 129875 (2005): Jovito Cabuslay vs. People of the Philippines, et ...
2025-12-05 19:01:42,019 - INFO -   ✓ Found at: https://lawphil.net/judjuris/juri2005/sep2005/gr_129875_2005.html
2025-12-05 19:01:42,021 - INFO -   ✓ Saved: RESTRUCTURED_DB/2005/september/129875.json
2025-12-05 19:01:42,521 - INFO - Scraping G.R. No. 135830 (2005): Juan De Dios Carlos vs. Felicidad Sandoval, et al....
2025-12-05 19:01:43,236 - INFO -   ✓ Found at: https://lawphil.net/judjuris/juri2005/sep2005/gr_135830_2005.html
2025-12-05 19:01:43,239 - INFO -   ✓ Saved: RESTRUCTURED_DB/2005/september/135830.json
2025-12-05 19:01:43,739 - INFO - Scraping G.R. No. 137808 (2005): Aldegonda Vda. De Ramones, et al. vs. Aurora P. Ag...
2025-12-05 19:01:43,997 - INFO -   ✓ Found at: https://lawphil.net/judjuris/juri2005/sep2005/gr_137808_2005.html
2025-12-05 19:01:43,998 - INFO -   ✓ Saved: RESTRUCTURED_DB/2005/september/137808.json
2025-12-05 19:01:44,498 - INFO - Scraping G.R. No. 142408 (2005): Spouses Ricardo Almendrala, et al. vs. Spouses Win...
2025-12-05 19:01:44,984 - INFO -   ✓ Found at: https://lawphil.net/judjuris/juri2005/sep2005/gr_142408_2005.html
2025-12-05 19:01:44,985 - INFO -   ✓ Saved: RESTRUCTURED_DB/2005/september/142408.json
2025-12-05 19:01:45,486 - INFO - Scraping G.R. No. 143573 (2005): Gregorio "George" Amante, et al. vs. Bibiano Serwe...
2025-12-05 19:01:53,291 - WARNING -   ✗ Not found for G.R. No. 143573
2025-12-05 19:01:53,792 - INFO - Scraping G.R. No. 143870 (2005): Manila International Airport Authority vs. Rivera ...
2025-12-05 19:01:54,506 - INFO -   ✓ Found at: https://lawphil.net/judjuris/juri2005/sep2005/gr_143870_2005.html
2025-12-05 19:01:54,508 - INFO -   ✓ Saved: RESTRUCTURED_DB/2005/september/143870.json
2025-12-05 19:01:55,008 - INFO - Scraping G.R. No. 145874 (2005): Sps. Salvacion Serrano Ladanga, et al. vs. Bernard...
2025-12-05 19:01:55,266 - INFO -   ✓ Found at: https://lawphil.net/judjuris/juri2005/sep2005/gr_145874_2005.html
2025-12-05 19:01:55,267 - INFO -   ✓ Saved: RESTRUCTURED_DB/2005/september/145874.json
2025-12-05 19:01:55,768 - INFO - Scraping G.R. No. 147266 (2005): Ludo & Luym Development Corporation, et al. vs. Vi...
2025-12-05 19:01:56,254 - INFO -   ✓ Found at: https://lawphil.net/judjuris/juri2005/sep2005/gr_147266_2005.html
2025-12-05 19:01:56,255 - INFO -   ✓ Saved: RESTRUCTURED_DB/2005/september/147266.json
2025-12-05 19:01:56,756 - INFO - Scraping G.R. No. 147996 (2005): People of the Philippines vs. Bayani Roma...
2025-12-05 19:01:57,242 - INFO -   ✓ Found at: https://lawphil.net/judjuris/juri2005/sep2005/gr_147996_2005.html
2025-12-05 19:01:57,244 - INFO -   ✓ Saved: RESTRUCTURED_DB/2005/september/147996.json
2025-12-05 19:01:57,744 - INFO - Scraping G.R. No. 148196 (2005): BPI Family Bank vs. Edgardo Buenaventura, et al....
2025-12-05 19:01:58,230 - INFO -   ✓ Found at: https://lawphil.net/judjuris/juri2005/sep2005/gr_148196_2005.html
2025-12-05 19:01:58,231 - INFO -   ✓ Saved: RESTRUCTURED_DB/2005/september/148196.json
2025-12-05 19:01:58,732 - INFO - Scraping G.R. No. 150234 (2005): People of the Philippines vs. Florante Padrones...
2025-12-05 19:01:59,218 - INFO -   ✓ Found at: https://lawphil.net/judjuris/juri2005/sep2005/gr_150234_2005.html
2025-12-05 19:01:59,220 - INFO -   ✓ Saved: RESTRUCTURED_DB/2005/september/150234.json
2025-12-05 19:01:59,721 - INFO - Scraping G.R. No. 150773 (2005): Spouses David B. Carpo, et al. vs. Eleanor Chua, e...
2025-12-05 19:01:59,979 - INFO -   ✓ Found at: https://lawphil.net/judjuris/juri2005/sep2005/gr_150773_2005.html
2025-12-05 19:01:59,980 - INFO -   ✓ Saved: RESTRUCTURED_DB/2005/september/150773.json
2025-12-05 19:02:00,481 - INFO - Scraping G.R. No. 152012 (2005): Land and Housing Development Corporation, et al. v...
2025-12-05 19:02:00,739 - INFO -   ✓ Found at: https://lawphil.net/judjuris/juri2005/sep2005/gr_152012_2005.html
2025-12-05 19:02:00,741 - INFO -   ✓ Saved: RESTRUCTURED_DB/2005/september/152012.json
2025-12-05 19:02:01,241 - INFO - Scraping G.R. No. 152808 (2005): Antonio T. Chua vs. Total Office Products and Serv...
2025-12-05 19:02:01,499 - INFO -   ✓ Found at: https://lawphil.net/judjuris/juri2005/sep2005/gr_152808_2005.html
2025-12-05 19:02:01,500 - INFO -   ✓ Saved: RESTRUCTURED_DB/2005/september/152808.json
2025-12-05 19:02:02,000 - INFO - Scraping G.R. No. 153155 (2005): Manuel D. Laxina, Sr. vs. Office of the Ombudsman,...
2025-12-05 19:02:02,486 - INFO -   ✓ Found at: https://lawphil.net/judjuris/juri2005/sep2005/gr_153155_2005.html
2025-12-05 19:02:02,487 - INFO -   ✓ Saved: RESTRUCTURED_DB/2005/september/153155.json
2025-12-05 19:02:02,987 - INFO - Scraping G.R. No. 154376 (2005): Roberto T. Domondon vs. National Labor Relations C...
2025-12-05 19:02:03,472 - INFO -   ✓ Found at: https://lawphil.net/judjuris/juri2005/sep2005/gr_154376_2005.html
2025-12-05 19:02:03,474 - INFO -   ✓ Saved: RESTRUCTURED_DB/2005/september/154376.json
2025-12-05 19:02:03,974 - INFO - Scraping G.R. No. 154475 (2005): Republic of the Philippines, et al. vs. Eno Fishpo...
2025-12-05 19:02:04,460 - INFO -   ✓ Found at: https://lawphil.net/judjuris/juri2005/sep2005/gr_154475_2005.html
2025-12-05 19:02:04,461 - INFO -   ✓ Saved: RESTRUCTURED_DB/2005/september/154475.json
2025-12-05 19:02:04,961 - INFO - Scraping G.R. No. 155653 (2005): Union Refinery Corporation vs. Reynaldo C. Tolenti...
2025-12-05 19:02:05,219 - INFO -   ✓ Found at: https://lawphil.net/judjuris/juri2005/sep2005/gr_155653_2005.html
2025-12-05 19:02:05,220 - INFO -   ✓ Saved: RESTRUCTURED_DB/2005/september/155653.json
2025-12-05 19:02:05,721 - INFO - Scraping G.R. No. 156559 (2005): Rodolfo S. De Jesus, et al. vs. Civil Service Comm...
2025-12-05 19:02:06,205 - INFO -   ✓ Found at: https://lawphil.net/judjuris/juri2005/sep2005/gr_156559_2005.html
2025-12-05 19:02:06,207 - INFO -   ✓ Saved: RESTRUCTURED_DB/2005/september/156559.json
2025-12-05 19:02:06,707 - INFO - Scraping G.R. No. 156581 (2005): Victoria R. Arambulo, et al. vs. Emerenciana R. Gu...
2025-12-05 19:02:06,965 - INFO -   ✓ Found at: https://lawphil.net/judjuris/juri2005/sep2005/gr_156581_2005.html
2025-12-05 19:02:06,966 - INFO -   ✓ Saved: RESTRUCTURED_DB/2005/september/156581.json
2025-12-05 19:02:07,467 - INFO - Scraping G.R. No. 156705 (2005): Socorro Taopo-Banga vs. Spouses Jose and Emiline B...
2025-12-05 19:02:07,952 - INFO -   ✓ Found at: https://lawphil.net/judjuris/juri2005/sep2005/gr_156705_2005.html
2025-12-05 19:02:07,953 - INFO -   ✓ Saved: RESTRUCTURED_DB/2005/september/156705.json
2025-12-05 19:02:08,454 - INFO - Scraping G.R. No. 158157 (2005): People of the Philippines, et al. vs. Louel Uy, et...
2025-12-05 19:02:08,938 - INFO -   ✓ Found at: https://lawphil.net/judjuris/juri2005/sep2005/gr_158157_2005.html
2025-12-05 19:02:08,940 - INFO -   ✓ Saved: RESTRUCTURED_DB/2005/september/158157.json
2025-12-05 19:02:09,440 - INFO - Scraping G.R. No. 161745 (2005): Leamer Industries, Inc. vs. Malayan Insurance Co.,...
2025-12-05 19:02:09,926 - INFO -   ✓ Found at: https://lawphil.net/judjuris/juri2005/sep2005/gr_161745_2005.html
2025-12-05 19:02:09,928 - INFO -   ✓ Saved: RESTRUCTURED_DB/2005/september/161745.json
2025-12-05 19:02:10,428 - INFO - Scraping G.R. No. 164250 (2005): Office of the Ombudsman, et al. vs. Atty. Gil A. V...
2025-12-05 19:02:10,915 - INFO -   ✓ Found at: https://lawphil.net/judjuris/juri2005/sep2005/gr_164250_2005.html
2025-12-05 19:02:10,917 - INFO -   ✓ Saved: RESTRUCTURED_DB/2005/september/164250.json
2025-12-05 19:02:11,417 - INFO - Scraping G.R. No. 164910 (2005): Union Bank of the Philippines vs. Hon. Court of Ap...
2025-12-05 19:02:12,461 - INFO -   ✓ Found at: https://lawphil.net/judjuris/juri2005/sep2005/gr_164910_2005.html
2025-12-05 19:02:12,463 - INFO -   ✓ Saved: RESTRUCTURED_DB/2005/september/164910.json
2025-12-05 19:02:12,963 - INFO - Scraping G.R. No. 165675 (2005): Spouses Eduardo Sobrejuanite, et al. vs. ASB Devel...
2025-12-05 19:02:13,441 - INFO -   ✓ Found at: https://lawphil.net/judjuris/juri2005/sep2005/gr_165675_2005.html
2025-12-05 19:02:13,442 - INFO -   ✓ Saved: RESTRUCTURED_DB/2005/september/165675.json
2025-12-05 19:02:13,942 - INFO - Scraping G.R. No. 166365 (2005): Duty Free Philippines vs. Rossano J. Mojica...
2025-12-05 19:02:14,196 - INFO -   ✓ Found at: https://lawphil.net/judjuris/juri2005/sep2005/gr_166365_2005.html
2025-12-05 19:02:14,197 - INFO -   ✓ Saved: RESTRUCTURED_DB/2005/september/166365.json
2025-12-05 19:02:14,697 - INFO - Scraping G.R. No. 139536 (2005): Jesus Perez vs. Ruth S. Falcatan, et al....
2025-12-05 19:02:15,175 - INFO -   ✓ Found at: https://lawphil.net/judjuris/juri2005/sep2005/gr_139536_2005.html
2025-12-05 19:02:15,176 - INFO -   ✓ Saved: RESTRUCTURED_DB/2005/september/139536.json
2025-12-05 19:02:15,677 - INFO - Scraping G.R. No. 142464 (2005): Guillermo Dela Cruz vs. Hon. Deodoro J. Sison, et ...
2025-12-05 19:02:16,157 - INFO -   ✓ Found at: https://lawphil.net/judjuris/juri2005/sep2005/gr_142464_2005.html
2025-12-05 19:02:16,158 - INFO -   ✓ Saved: RESTRUCTURED_DB/2005/september/142464.json
2025-12-05 19:02:16,658 - INFO - Scraping G.R. No. 142666 (2005): Metro Drug Distribution, Inc. vs. Metro Drug Corpo...
2025-12-05 19:02:17,136 - INFO -   ✓ Found at: https://lawphil.net/judjuris/juri2005/sep2005/gr_142666_2005.html
2025-12-05 19:02:17,137 - INFO -   ✓ Saved: RESTRUCTURED_DB/2005/september/142666.json
2025-12-05 19:02:17,638 - INFO - Scraping G.R. No. 144099 (2005): Elvira Macabalo-Bravo, et al. vs. Juan F. Macabalo...
2025-12-05 19:02:18,121 - INFO -   ✓ Found at: https://lawphil.net/judjuris/juri2005/sep2005/gr_144099_2005.html
2025-12-05 19:02:18,123 - INFO -   ✓ Saved: RESTRUCTURED_DB/2005/september/144099.json
2025-12-05 19:02:18,623 - INFO - 
Batch 3 complete:
2025-12-05 19:02:18,623 - INFO -   Successful: 99
2025-12-05 19:02:18,623 - INFO -   Failed: 1
2025-12-05 19:02:18,623 - INFO -   Skipped: 0
2025-12-05 19:02:18,623 - INFO - 
Overall progress: 300/1009 cases
2025-12-05 19:02:18,623 - INFO - 
================================================================================
2025-12-05 19:02:18,623 - INFO - BATCH 4/11 (100 cases)
2025-12-05 19:02:18,623 - INFO - ================================================================================
2025-12-05 19:02:18,624 - INFO - Scraping G.R. No. 147479 (2005): Department of Agrarian Reform, et al. vs. Paulino ...
2025-12-05 19:02:19,101 - INFO -   ✓ Found at: https://lawphil.net/judjuris/juri2005/sep2005/gr_147479_2005.html
2025-12-05 19:02:19,103 - INFO -   ✓ Saved: RESTRUCTURED_DB/2005/september/147479.json
2025-12-05 19:02:19,604 - INFO - Scraping G.R. No. 151912 (2005): Philippine Savings Bank vs. Spouses Pedrito Bermoy...
2025-12-05 19:02:20,081 - INFO -   ✓ Found at: https://lawphil.net/judjuris/juri2005/sep2005/gr_151912_2005.html
2025-12-05 19:02:20,083 - INFO -   ✓ Saved: RESTRUCTURED_DB/2005/september/151912.json
2025-12-05 19:02:20,583 - INFO - Scraping G.R. No. 140847 (2005): Hospicio de San Jose de Barili, Cebu City vs. Depa...
2025-12-05 19:02:21,063 - INFO -   ✓ Found at: https://lawphil.net/judjuris/juri2005/sep2005/gr_140847_2005.html
2025-12-05 19:02:21,065 - INFO -   ✓ Saved: RESTRUCTURED_DB/2005/september/140847.json
2025-12-05 19:02:21,566 - INFO - Scraping G.R. No. 144892 (2005): Sps. Carlos J. Suntay, et al. vs. Eugenia D. Gocol...
2025-12-05 19:02:21,819 - INFO -   ✓ Found at: https://lawphil.net/judjuris/juri2005/sep2005/gr_144892_2005.html
2025-12-05 19:02:21,820 - INFO -   ✓ Saved: RESTRUCTURED_DB/2005/september/144892.json
2025-12-05 19:02:22,321 - INFO - Scraping G.R. No. 145022 (2005): Armand Nocum, et al. vs. Lucio Tan...
2025-12-05 19:02:22,574 - INFO -   ✓ Found at: https://lawphil.net/judjuris/juri2005/sep2005/gr_145022_2005.html
2025-12-05 19:02:22,576 - INFO -   ✓ Saved: RESTRUCTURED_DB/2005/september/145022.json
2025-12-05 19:02:23,076 - INFO - Scraping G.R. No. 152228 (2005): Rimbunan Hijau Group of Companies, et al. vs. Orie...
2025-12-05 19:02:23,554 - INFO -   ✓ Found at: https://lawphil.net/judjuris/juri2005/sep2005/gr_152228_2005.html
2025-12-05 19:02:23,556 - INFO -   ✓ Saved: RESTRUCTURED_DB/2005/september/152228.json
2025-12-05 19:02:24,056 - INFO - Scraping G.R. No. 152243 (2005): Victor R. Reyes vs. Hon. Jose L. Atienza, et al....
2025-12-05 19:02:24,311 - INFO -   ✓ Found at: https://lawphil.net/judjuris/juri2005/sep2005/gr_152243_2005.html
2025-12-05 19:02:24,312 - INFO -   ✓ Saved: RESTRUCTURED_DB/2005/september/152243.json
2025-12-05 19:02:24,812 - INFO - Scraping G.R. No. 155225 (2005): PVC Investment and Management Corporation vs. Jose...
2025-12-05 19:02:25,066 - INFO -   ✓ Found at: https://lawphil.net/judjuris/juri2005/sep2005/gr_155225_2005.html
2025-12-05 19:02:25,067 - INFO -   ✓ Saved: RESTRUCTURED_DB/2005/september/155225.json
2025-12-05 19:02:25,567 - INFO - Scraping G.R. No. 156021 (2005): Cynthia C. Alaban, et al. vs. Court of Appeals, et...
2025-12-05 19:02:26,045 - INFO -   ✓ Found at: https://lawphil.net/judjuris/juri2005/sep2005/gr_156021_2005.html
2025-12-05 19:02:26,046 - INFO -   ✓ Saved: RESTRUCTURED_DB/2005/september/156021.json
2025-12-05 19:02:26,547 - INFO - Scraping G.R. No. 157783 (2005): Nilo Paloma vs. Danilo Mora, et al....
2025-12-05 19:02:27,024 - INFO -   ✓ Found at: https://lawphil.net/judjuris/juri2005/sep2005/gr_157783_2005.html
2025-12-05 19:02:27,026 - INFO -   ✓ Saved: RESTRUCTURED_DB/2005/september/157783.json
2025-12-05 19:02:27,526 - INFO - Scraping G.R. No. 160703 (2005): GMA Network, Inc. vs. ABS-CBN Broadcasting Corpora...
2025-12-05 19:02:27,780 - INFO -   ✓ Found at: https://lawphil.net/judjuris/juri2005/sep2005/gr_160703_2005.html
2025-12-05 19:02:27,781 - INFO -   ✓ Saved: RESTRUCTURED_DB/2005/september/160703.json
2025-12-05 19:02:28,281 - INFO - Scraping G.R. No. 165510 (2005): Benjamin T. Romualdez vs. Hon. Simeon V. Marcelo, ...
2025-12-05 19:02:36,035 - WARNING -   ✗ Not found for G.R. No. 165510
2025-12-05 19:02:36,536 - INFO - Scraping G.R. No. 162846 (2005): Republic of the Philippines vs. Jose Lubis Masongs...
2025-12-05 19:02:37,013 - INFO -   ✓ Found at: https://lawphil.net/judjuris/juri2005/sep2005/gr_162846_2005.html
2025-12-05 19:02:37,015 - INFO -   ✓ Saved: RESTRUCTURED_DB/2005/september/162846.json
2025-12-05 19:02:37,515 - INFO - Scraping G.R. No. 166550 (2005): Robert C. Casol, et al. vs. Purefoods Corporation...
2025-12-05 19:02:37,993 - INFO -   ✓ Found at: https://lawphil.net/judjuris/juri2005/sep2005/gr_166550_2005.html
2025-12-05 19:02:37,994 - INFO -   ✓ Saved: RESTRUCTURED_DB/2005/september/166550.json
2025-12-05 19:02:38,494 - INFO - Scraping G.R. No. 127454 (2005): Mavest (USA) Inc., et al. vs. Sapaguita Garment Co...
2025-12-05 19:02:38,972 - INFO -   ✓ Found at: https://lawphil.net/judjuris/juri2005/sep2005/gr_127454_2005.html
2025-12-05 19:02:38,974 - INFO -   ✓ Saved: RESTRUCTURED_DB/2005/september/127454.json
2025-12-05 19:02:39,474 - INFO - Scraping G.R. No. 140892 (2005): Dr. Ibarra S. Santos, et al. vs. Spouses Pablo and...
2025-12-05 19:02:39,728 - INFO -   ✓ Found at: https://lawphil.net/judjuris/juri2005/sep2005/gr_140892_2005.html
2025-12-05 19:02:39,728 - INFO -   ✓ Saved: RESTRUCTURED_DB/2005/september/140892.json
2025-12-05 19:02:40,229 - INFO - Scraping G.R. No. 141464 (2005): Grandspan Development Corporation vs. Ricardo Bern...
2025-12-05 19:02:40,707 - INFO -   ✓ Found at: https://lawphil.net/judjuris/juri2005/sep2005/gr_141464_2005.html
2025-12-05 19:02:40,708 - INFO -   ✓ Saved: RESTRUCTURED_DB/2005/september/141464.json
2025-12-05 19:02:41,209 - INFO - Scraping G.R. No. 144570 (2005): Vivencio V. Jumamil vs. Jose J. Café, et al....
2025-12-05 19:02:41,688 - INFO -   ✓ Found at: https://lawphil.net/judjuris/juri2005/sep2005/gr_144570_2005.html
2025-12-05 19:02:41,690 - INFO -   ✓ Saved: RESTRUCTURED_DB/2005/september/144570.json
2025-12-05 19:02:42,190 - INFO - Scraping G.R. No. 145291 (2005): Public Estates Authority vs. Rosario Ganac Chu...
2025-12-05 19:02:42,444 - INFO -   ✓ Found at: https://lawphil.net/judjuris/juri2005/sep2005/gr_145291_2005.html
2025-12-05 19:02:42,445 - INFO -   ✓ Saved: RESTRUCTURED_DB/2005/september/145291.json
2025-12-05 19:02:42,946 - INFO - Scraping G.R. No. 152577 (2005): Republic of the Philippines vs. Crasus L. Iyoy...
2025-12-05 19:02:43,423 - INFO -   ✓ Found at: https://lawphil.net/judjuris/juri2005/sep2005/gr_152577_2005.html
2025-12-05 19:02:43,425 - INFO -   ✓ Saved: RESTRUCTURED_DB/2005/september/152577.json
2025-12-05 19:02:43,925 - INFO - Scraping G.R. No. 163338 (2005): Luzon Development Bank vs. Benedicto C. Conquilla,...
2025-12-05 19:02:44,404 - INFO -   ✓ Found at: https://lawphil.net/judjuris/juri2005/sep2005/gr_163338_2005.html
2025-12-05 19:02:44,408 - INFO -   ✓ Saved: RESTRUCTURED_DB/2005/september/163338.json
2025-12-05 19:02:44,908 - INFO - Scraping G.R. No. 166273 (2005): Metro Rail Transit Corporation vs. Court of Tax Ap...
2025-12-05 19:02:45,161 - INFO -   ✓ Found at: https://lawphil.net/judjuris/juri2005/sep2005/gr_166273_2005.html
2025-12-05 19:02:45,162 - INFO -   ✓ Saved: RESTRUCTURED_DB/2005/september/166273.json
2025-12-05 19:02:45,662 - INFO - Scraping G.R. No. 138900 (2005): Levi Strauss & Co., et al. vs. Clinton Apparelle, ...
2025-12-05 19:02:46,148 - INFO -   ✓ Found at: https://lawphil.net/judjuris/juri2005/sep2005/gr_138900_2005.html
2025-12-05 19:02:46,150 - INFO -   ✓ Saved: RESTRUCTURED_DB/2005/september/138900.json
2025-12-05 19:02:46,650 - INFO - Scraping G.R. No. 138980 (2005): Filinvest Land, Inc. vs. Hon. Court of Appeals, et...
2025-12-05 19:02:47,128 - INFO -   ✓ Found at: https://lawphil.net/judjuris/juri2005/sep2005/gr_138980_2005.html
2025-12-05 19:02:47,130 - INFO -   ✓ Saved: RESTRUCTURED_DB/2005/september/138980.json
2025-12-05 19:02:47,630 - INFO - Scraping G.R. No. 142402 (2005): Oscar L. Rivera vs. Serafin O. Roman...
2025-12-05 19:02:47,884 - INFO -   ✓ Found at: https://lawphil.net/judjuris/juri2005/sep2005/gr_142402_2005.html
2025-12-05 19:02:47,885 - INFO -   ✓ Saved: RESTRUCTURED_DB/2005/september/142402.json
2025-12-05 19:02:48,386 - INFO - Scraping G.R. No. 151333 (2005): Spouses Natalio and Felicidad Salonga vs. Spouses ...
2025-12-05 19:02:48,863 - INFO -   ✓ Found at: https://lawphil.net/judjuris/juri2005/sep2005/gr_151333_2005.html
2025-12-05 19:02:48,865 - INFO -   ✓ Saved: RESTRUCTURED_DB/2005/september/151333.json
2025-12-05 19:02:49,366 - INFO - Scraping G.R. No. 153034 (2005): Development Bank of the Philippines vs. Honorable ...
2025-12-05 19:02:49,619 - INFO -   ✓ Found at: https://lawphil.net/judjuris/juri2005/sep2005/gr_153034_2005.html
2025-12-05 19:02:49,620 - INFO -   ✓ Saved: RESTRUCTURED_DB/2005/september/153034.json
2025-12-05 19:02:50,121 - INFO - Scraping G.R. No. 157845 (2005): Philippine National Bank vs. Norman Y. Pike...
2025-12-05 19:02:50,599 - INFO -   ✓ Found at: https://lawphil.net/judjuris/juri2005/sep2005/gr_157845_2005.html
2025-12-05 19:02:50,601 - INFO -   ✓ Saved: RESTRUCTURED_DB/2005/september/157845.json
2025-12-05 19:02:51,101 - INFO - Scraping G.R. No. 158566 (2005): Josephine Orola, et al. vs. the Rural Bank of Pont...
2025-12-05 19:02:51,578 - INFO -   ✓ Found at: https://lawphil.net/judjuris/juri2005/sep2005/gr_158566_2005.html
2025-12-05 19:02:51,580 - INFO -   ✓ Saved: RESTRUCTURED_DB/2005/september/158566.json
2025-12-05 19:02:52,080 - INFO - Scraping G.R. No. 164481 (2005): Conrado C. Doldol vs. People of the Philippines, e...
2025-12-05 19:02:52,334 - INFO -   ✓ Found at: https://lawphil.net/judjuris/juri2005/sep2005/gr_164481_2005.html
2025-12-05 19:02:52,335 - INFO -   ✓ Saved: RESTRUCTURED_DB/2005/september/164481.json
2025-12-05 19:02:52,836 - INFO - Scraping G.R. No. 165306 (2005): Manly Sportwear Manufacturing, Inc. vs. Dadodette ...
2025-12-05 19:02:53,088 - INFO -   ✓ Found at: https://lawphil.net/judjuris/juri2005/sep2005/gr_165306_2005.html
2025-12-05 19:02:53,089 - INFO -   ✓ Saved: RESTRUCTURED_DB/2005/september/165306.json
2025-12-05 19:02:53,590 - INFO - Scraping G.R. No. 165889 (2005): Sacobia Hills Development Corporation, et al. vs. ...
2025-12-05 19:02:53,926 - INFO - Loading missing cases list...
2025-12-05 19:02:53,943 - INFO - ================================================================================
2025-12-05 19:02:53,943 - INFO - LAWPHIL BATCH SCRAPER
2025-12-05 19:02:53,943 - INFO - ================================================================================
2025-12-05 19:02:53,943 - INFO - Database path: RESTRUCTURED_DB
2025-12-05 19:02:53,943 - INFO - Cases to scrape: 1169
2025-12-05 19:02:53,943 - INFO - Year range: 2006-2006
2025-12-05 19:02:53,943 - INFO - Batch size: 100
2025-12-05 19:02:53,943 - INFO - ================================================================================
2025-12-05 19:02:53,943 - INFO - 
================================================================================
2025-12-05 19:02:53,943 - INFO - BATCH 1/12 (100 cases)
2025-12-05 19:02:53,943 - INFO - ================================================================================
2025-12-05 19:02:53,943 - INFO - Scraping G.R. No. 200676 (2006): Spoues Luis G. Batalla and Salvacion Batalla vs. P...
2025-12-05 19:02:54,067 - INFO -   ✓ Found at: https://lawphil.net/judjuris/juri2005/sep2005/gr_165889_2005.html
2025-12-05 19:02:54,069 - INFO -   ✓ Saved: RESTRUCTURED_DB/2005/september/165889.json
2025-12-05 19:02:54,569 - INFO - Scraping G.R. No. 126858 (2005): Jose U Ong, et al. vs. Sandiganbayan, et al....
2025-12-05 19:02:55,298 - INFO -   ✓ Found at: https://lawphil.net/judjuris/juri2005/sep2005/gr_126858_2005.html
2025-12-05 19:02:55,300 - INFO -   ✓ Saved: RESTRUCTURED_DB/2005/september/126858.json
2025-12-05 19:02:55,800 - INFO - Scraping G.R. No. 130982 (2005): Spouses Domingo and Lourdes Paguyo vs. Pierre Asto...
2025-12-05 19:02:56,286 - INFO -   ✓ Found at: https://lawphil.net/judjuris/juri2005/sep2005/gr_130982_2005.html
2025-12-05 19:02:56,288 - INFO -   ✓ Saved: RESTRUCTURED_DB/2005/september/130982.json
2025-12-05 19:02:56,789 - INFO - Scraping G.R. No. 133803 (2005): Bienvenido M. Casiño, Jr. vs. the Court of Appeals...
2025-12-05 19:02:57,272 - INFO -   ✓ Found at: https://lawphil.net/judjuris/juri2005/sep2005/gr_133803_2005.html
2025-12-05 19:02:57,274 - INFO -   ✓ Saved: RESTRUCTURED_DB/2005/september/133803.json
2025-12-05 19:02:57,774 - INFO - Scraping G.R. No. 138500 (2005): Andy Quelnan vs. VHF Philippines...
2025-12-05 19:02:58,028 - INFO -   ✓ Found at: https://lawphil.net/judjuris/juri2005/sep2005/gr_138500_2005.html
2025-12-05 19:02:58,029 - INFO -   ✓ Saved: RESTRUCTURED_DB/2005/september/138500.json
2025-12-05 19:02:58,530 - INFO - Scraping G.R. No. 140923 (2005): Manuel M. Mendoza, et al. vs. Banco Real Developme...
2025-12-05 19:02:58,786 - INFO -   ✓ Found at: https://lawphil.net/judjuris/juri2005/sep2005/gr_140923_2005.html
2025-12-05 19:02:58,787 - INFO -   ✓ Saved: RESTRUCTURED_DB/2005/september/140923.json
2025-12-05 19:02:59,287 - INFO - Scraping G.R. No. 144101 (2005): Antonio P. Tambunting, Jr., et al. vs. Spouses Emi...
2025-12-05 19:02:59,764 - INFO -   ✓ Found at: https://lawphil.net/judjuris/juri2005/sep2005/gr_144101_2005.html
2025-12-05 19:02:59,765 - INFO -   ✓ Saved: RESTRUCTURED_DB/2005/september/144101.json
2025-12-05 19:03:00,266 - INFO - Scraping G.R. No. 152627 (2005): Spouses Amancio and and Luisa Sarmiento, et al. vs...
2025-12-05 19:03:00,999 - INFO -   ✓ Found at: https://lawphil.net/judjuris/juri2005/sep2005/gr_152627_2005.html
2025-12-05 19:03:01,001 - INFO -   ✓ Saved: RESTRUCTURED_DB/2005/september/152627.json
2025-12-05 19:03:01,502 - INFO - Scraping G.R. No. 155098 (2005): Capitol Medical Center, Inc., et al. vs. Dr. Cesar...
2025-12-05 19:03:01,814 - WARNING -   ✗ Not found for G.R. No. 200676
2025-12-05 19:03:01,979 - INFO -   ✓ Found at: https://lawphil.net/judjuris/juri2005/sep2005/gr_155098_2005.html
2025-12-05 19:03:01,981 - INFO -   ✓ Saved: RESTRUCTURED_DB/2005/september/155098.json
2025-12-05 19:03:02,315 - INFO - Scraping G.R. No. 200487 (2006): Biggs Inc. vs. Jay Boncacas, et al./Junnie Arines...
2025-12-05 19:03:02,481 - INFO - Scraping G.R. No. 156379 (2005): Emma Cordova, et al. vs. Keysas Boutique, et al....
2025-12-05 19:03:02,967 - INFO -   ✓ Found at: https://lawphil.net/judjuris/juri2005/sep2005/gr_156379_2005.html
2025-12-05 19:03:02,969 - INFO -   ✓ Saved: RESTRUCTURED_DB/2005/september/156379.json
2025-12-05 19:03:03,469 - INFO - Scraping G.R. No. 163410 (2005): Concepcion R. Anceta vs. Metropolitan Bank & Trust...
2025-12-05 19:03:03,955 - INFO -   ✓ Found at: https://lawphil.net/judjuris/juri2005/sep2005/gr_163410_2005.html
2025-12-05 19:03:03,956 - INFO -   ✓ Saved: RESTRUCTURED_DB/2005/september/163410.json
2025-12-05 19:03:04,457 - INFO - Scraping G.R. No. 165005 (2005): Spouses Roberto and Natividad Valderama vs. Salvac...
2025-12-05 19:03:04,943 - INFO -   ✓ Found at: https://lawphil.net/judjuris/juri2005/sep2005/gr_165005_2005.html
2025-12-05 19:03:04,945 - INFO -   ✓ Saved: RESTRUCTURED_DB/2005/september/165005.json
2025-12-05 19:03:05,445 - INFO - Scraping G.R. No. 167499 (2005): Miles Andrew Mari Roces vs. House of Representativ...
2025-12-05 19:03:05,715 - INFO -   ✓ Found at: https://lawphil.net/judjuris/juri2005/sep2005/gr_167499_2005.html
2025-12-05 19:03:05,717 - INFO -   ✓ Saved: RESTRUCTURED_DB/2005/september/167499.json
2025-12-05 19:03:06,217 - INFO - Scraping G.R. No. 141524 (2005): Domingo Neypes, et al. vs. Hon. Court of Appeals, ...
2025-12-05 19:03:06,477 - INFO -   ✓ Found at: https://lawphil.net/judjuris/juri2005/sep2005/gr_141524_2005.html
2025-12-05 19:03:06,478 - INFO -   ✓ Saved: RESTRUCTURED_DB/2005/september/141524.json
2025-12-05 19:03:06,978 - INFO - Scraping G.R. No. 142619 (2005): Municipality of Taguig, et al. vs. the Hon. Court ...
2025-12-05 19:03:07,456 - INFO -   ✓ Found at: https://lawphil.net/judjuris/juri2005/sep2005/gr_142619_2005.html
2025-12-05 19:03:07,458 - INFO -   ✓ Saved: RESTRUCTURED_DB/2005/september/142619.json
2025-12-05 19:03:07,958 - INFO - Scraping G.R. No. 168168 (2005): People of the Philippines vs. Edgardo Dimaano...
2025-12-05 19:03:08,438 - INFO -   ✓ Found at: https://lawphil.net/judjuris/juri2005/sep2005/gr_168168_2005.html
2025-12-05 19:03:08,440 - INFO -   ✓ Saved: RESTRUCTURED_DB/2005/september/168168.json
2025-12-05 19:03:08,941 - INFO - Scraping G.R. No. 141007 (2005): Adoracion Reyes Bautista, et al. vs. Celia Reyes P...
2025-12-05 19:03:09,207 - INFO -   ✓ Found at: https://lawphil.net/judjuris/juri2005/sep2005/gr_141007_2005.html
2025-12-05 19:03:09,208 - INFO -   ✓ Saved: RESTRUCTURED_DB/2005/september/141007.json
2025-12-05 19:03:09,708 - INFO - Scraping G.R. No. 143195 (2005): Andrea Camposagrado, et al. vs. Pablo S. Camposagr...
2025-12-05 19:03:09,969 - INFO -   ✓ Found at: https://lawphil.net/judjuris/juri2005/sep2005/gr_143195_2005.html
2025-12-05 19:03:09,970 - INFO -   ✓ Saved: RESTRUCTURED_DB/2005/september/143195.json
2025-12-05 19:03:10,098 - WARNING -   ✗ Not found for G.R. No. 200487
2025-12-05 19:03:10,470 - INFO - Scraping G.R. No. 154363 (2005): Joel P. Libuit vs. People of the Philippines...
2025-12-05 19:03:10,598 - INFO - Scraping G.R. No. 200612 (2006): Rafael C. Uy vs. Estate of Vipa Fernandez...
2025-12-05 19:03:10,948 - INFO -   ✓ Found at: https://lawphil.net/judjuris/juri2005/sep2005/gr_154363_2005.html
2025-12-05 19:03:10,949 - INFO -   ✓ Saved: RESTRUCTURED_DB/2005/september/154363.json
2025-12-05 19:03:11,450 - INFO - Scraping G.R. No. 159212 (2005): Navotas Industrial Corporation vs. German D. Cruz,...
2025-12-05 19:03:12,152 - INFO -   ✓ Found at: https://lawphil.net/judjuris/juri2005/sep2005/gr_159212_2005.html
2025-12-05 19:03:12,155 - INFO -   ✓ Saved: RESTRUCTURED_DB/2005/september/159212.json
2025-12-05 19:03:12,655 - INFO - Scraping G.R. No. 161223 (2005): Virgilio A. Cadungog vs. Jocelyn O. Yap...
2025-12-05 19:03:12,909 - INFO -   ✓ Found at: https://lawphil.net/judjuris/juri2005/sep2005/gr_161223_2005.html
2025-12-05 19:03:12,911 - INFO -   ✓ Saved: RESTRUCTURED_DB/2005/september/161223.json
2025-12-05 19:03:13,411 - INFO - Scraping G.R. No. 132768 (2005): Jaime B. Biana vs. George Gimenez...
2025-12-05 19:03:13,889 - INFO -   ✓ Found at: https://lawphil.net/judjuris/juri2005/sep2005/gr_132768_2005.html
2025-12-05 19:03:13,891 - INFO -   ✓ Saved: RESTRUCTURED_DB/2005/september/132768.json
2025-12-05 19:03:14,391 - INFO - Scraping G.R. No. 139464 (2005): Republic of the Philippines vs. Sps. Felix Baes, e...
2025-12-05 19:03:14,645 - INFO -   ✓ Found at: https://lawphil.net/judjuris/juri2005/sep2005/gr_139464_2005.html
2025-12-05 19:03:14,646 - INFO -   ✓ Saved: RESTRUCTURED_DB/2005/september/139464.json
2025-12-05 19:03:15,147 - INFO - Scraping G.R. No. 143788 (2005): Danfoss, Inc. vs. Continental Cement Corporation...
2025-12-05 19:03:15,635 - INFO -   ✓ Found at: https://lawphil.net/judjuris/juri2005/sep2005/gr_143788_2005.html
2025-12-05 19:03:15,636 - INFO -   ✓ Saved: RESTRUCTURED_DB/2005/september/143788.json
2025-12-05 19:03:16,137 - INFO - Scraping G.R. No. 146035 (2005): Esperanza Vda. De Lopez, et al. vs. Hon. Court of ...
2025-12-05 19:03:16,621 - INFO -   ✓ Found at: https://lawphil.net/judjuris/juri2005/sep2005/gr_146035_2005.html
2025-12-05 19:03:16,623 - INFO -   ✓ Saved: RESTRUCTURED_DB/2005/september/146035.json
2025-12-05 19:03:17,123 - INFO - Scraping G.R. No. 154684 (2005): Francel Realty Corporation vs. Ricardo T. Sycip...
2025-12-05 19:03:17,609 - INFO -   ✓ Found at: https://lawphil.net/judjuris/juri2005/sep2005/gr_154684_2005.html
2025-12-05 19:03:17,610 - INFO -   ✓ Saved: RESTRUCTURED_DB/2005/september/154684.json
2025-12-05 19:03:18,111 - INFO - Scraping G.R. No. 138248 (2005): Rangay Piapi, et al. vs. Nacio Talip, et al....
2025-12-05 19:03:18,368 - INFO -   ✓ Found at: https://lawphil.net/judjuris/juri2005/sep2005/gr_138248_2005.html
2025-12-05 19:03:18,369 - INFO -   ✓ Saved: RESTRUCTURED_DB/2005/september/138248.json
2025-12-05 19:03:18,385 - WARNING -   ✗ Not found for G.R. No. 200612
2025-12-05 19:03:18,869 - INFO - Scraping G.R. No. 142022 (2005): Mindanao Savings and Loan Association, Inc., vs. V...
2025-12-05 19:03:18,886 - INFO - Scraping G.R. No. 162447 (2006): Anabelle Muaje-Tuazon and Almer R. Abing vs. Wenph...
2025-12-05 19:03:19,128 - INFO -   ✓ Found at: https://lawphil.net/judjuris/juri2005/sep2005/gr_142022_2005.html
2025-12-05 19:03:19,130 - INFO -   ✓ Saved: RESTRUCTURED_DB/2005/september/142022.json
2025-12-05 19:03:19,364 - INFO -   ✓ Found at: https://lawphil.net/judjuris/juri2006/dec2006/gr_162447_2006.html
2025-12-05 19:03:19,366 - INFO -   ✓ Saved: RESTRUCTURED_DB/2006/december/162447.json
2025-12-05 19:03:19,630 - INFO - Scraping G.R. No. 160396 (2005): Philippine Ports Authority (PPA) Employees Hired a...
2025-12-05 19:03:19,866 - INFO - Scraping G.R. No. 126619 (2006): Uniwide Sales Realty and Resources Corporation vs....
2025-12-05 19:03:20,107 - INFO -   ✓ Found at: https://lawphil.net/judjuris/juri2005/sep2005/gr_160396_2005.html
2025-12-05 19:03:20,108 - INFO -   ✓ Saved: RESTRUCTURED_DB/2005/september/160396.json
2025-12-05 19:03:20,581 - INFO -   ✓ Found at: https://lawphil.net/judjuris/juri2006/dec2006/gr_126619_2006.html
2025-12-05 19:03:20,584 - INFO -   ✓ Saved: RESTRUCTURED_DB/2006/december/126619.json
2025-12-05 19:03:20,609 - INFO - Scraping G.R. No. 136814 (2005): Spouses Carlos Gocotano, et al. vs. Spouses Marcel...
2025-12-05 19:03:20,866 - INFO -   ✓ Found at: https://lawphil.net/judjuris/juri2005/sep2005/gr_136814_2005.html
2025-12-05 19:03:20,867 - INFO -   ✓ Saved: RESTRUCTURED_DB/2005/september/136814.json
2025-12-05 19:03:21,084 - INFO - Scraping G.R. No. 153674 (2006): Avon Cosmetics, Incorporated, et al. vs. Leticia H...
2025-12-05 19:03:21,367 - INFO - Scraping G.R. No. 138380 (2005): Demetria Garcia vs. Teofilo D. Zosa, Jr....
2025-12-05 19:03:21,570 - INFO -   ✓ Found at: https://lawphil.net/judjuris/juri2006/dec2006/gr_153674_2006.html
2025-12-05 19:03:21,572 - INFO -   ✓ Saved: RESTRUCTURED_DB/2006/december/153674.json
2025-12-05 19:03:21,620 - INFO -   ✓ Found at: https://lawphil.net/judjuris/juri2005/sep2005/gr_138380_2005.html
2025-12-05 19:03:21,621 - INFO -   ✓ Saved: RESTRUCTURED_DB/2005/september/138380.json
2025-12-05 19:03:22,072 - INFO - Scraping G.R. No. 164358 (2006): Theresa Macalalag vs. People of the Philippines...
2025-12-05 19:03:22,121 - INFO - Scraping G.R. No. 139803 (2005): Commissioner of Internal Revenue vs. La Suerte Cig...
2025-12-05 19:03:22,390 - INFO -   ✓ Found at: https://lawphil.net/judjuris/juri2005/sep2005/gr_139803_2005.html
2025-12-05 19:03:22,391 - INFO -   ✓ Saved: RESTRUCTURED_DB/2005/september/139803.json
2025-12-05 19:03:22,550 - INFO -   ✓ Found at: https://lawphil.net/judjuris/juri2006/dec2006/gr_164358_2006.html
2025-12-05 19:03:22,551 - INFO -   ✓ Saved: RESTRUCTURED_DB/2006/december/164358.json
2025-12-05 19:03:22,891 - INFO - Scraping G.R. No. 141525 (2005): Carlos Sanchez vs. Medicard Philippines, Inc., et ...
2025-12-05 19:03:23,051 - INFO - Scraping G.R. No. 128099 (2006): Felix Camitan, et al. vs. Court of Appeals, et al....
2025-12-05 19:03:23,145 - INFO -   ✓ Found at: https://lawphil.net/judjuris/juri2005/sep2005/gr_141525_2005.html
2025-12-05 19:03:23,146 - INFO -   ✓ Saved: RESTRUCTURED_DB/2005/september/141525.json
2025-12-05 19:03:23,537 - INFO -   ✓ Found at: https://lawphil.net/judjuris/juri2006/dec2006/gr_128099_2006.html
2025-12-05 19:03:23,538 - INFO -   ✓ Saved: RESTRUCTURED_DB/2006/december/128099.json
2025-12-05 19:03:23,646 - INFO - Scraping G.R. No. 153180 (2005): Manila Electric Company vs. National Labor Relatio...
2025-12-05 19:03:23,904 - INFO -   ✓ Found at: https://lawphil.net/judjuris/juri2005/sep2005/gr_153180_2005.html
2025-12-05 19:03:23,905 - INFO -   ✓ Saved: RESTRUCTURED_DB/2005/september/153180.json
2025-12-05 19:03:24,039 - INFO - Scraping G.R. No. 166704 (2006): Agrifina Aquintey vs. Sps. Felicidad and Rico Tibo...
2025-12-05 19:03:24,405 - INFO - Scraping G.R. No. 153798 (2005): Belen Sagad Angeles vs. Aleli "Corazon" Angeles Ma...
2025-12-05 19:03:24,525 - INFO -   ✓ Found at: https://lawphil.net/judjuris/juri2006/dec2006/gr_166704_2006.html
2025-12-05 19:03:24,528 - INFO -   ✓ Saved: RESTRUCTURED_DB/2006/december/166704.json
2025-12-05 19:03:24,882 - INFO -   ✓ Found at: https://lawphil.net/judjuris/juri2005/sep2005/gr_153798_2005.html
2025-12-05 19:03:24,884 - INFO -   ✓ Saved: RESTRUCTURED_DB/2005/september/153798.json
2025-12-05 19:03:25,028 - INFO - Scraping G.R. No. 166862 (2006): Manila Metal Container Corporation vs. Reynaldo C....
2025-12-05 19:03:25,384 - INFO - Scraping G.R. No. 155343 (2005): Benguet Corporation vs. Cordillera Caraballo Missi...
2025-12-05 19:03:25,505 - INFO -   ✓ Found at: https://lawphil.net/judjuris/juri2006/dec2006/gr_166862_2006.html
2025-12-05 19:03:25,507 - INFO -   ✓ Saved: RESTRUCTURED_DB/2006/december/166862.json
2025-12-05 19:03:25,642 - INFO -   ✓ Found at: https://lawphil.net/judjuris/juri2005/sep2005/gr_155343_2005.html
2025-12-05 19:03:25,643 - INFO -   ✓ Saved: RESTRUCTURED_DB/2005/september/155343.json
2025-12-05 19:03:26,008 - INFO - Scraping G.R. No. 169251 (2006): Demie L. Uriarte vs. People of the Philippines...
2025-12-05 19:03:26,143 - INFO - Scraping G.R. No. 161400 (2005): Zenaida Ortega, et al. vs. the Quezon City Governm...
2025-12-05 19:03:26,503 - INFO -   ✓ Found at: https://lawphil.net/judjuris/juri2006/dec2006/gr_169251_2006.html
2025-12-05 19:03:26,505 - INFO -   ✓ Saved: RESTRUCTURED_DB/2006/december/169251.json
2025-12-05 19:03:26,620 - INFO -   ✓ Found at: https://lawphil.net/judjuris/juri2005/sep2005/gr_161400_2005.html
2025-12-05 19:03:26,621 - INFO -   ✓ Saved: RESTRUCTURED_DB/2005/september/161400.json
2025-12-05 19:03:27,006 - INFO - Scraping G.R. No. 170563 (2006): Sps. Pedro and Paz Surtida vs. Rural Bank of Malin...
2025-12-05 19:03:27,122 - INFO - Scraping G.R. No. 168056 (2005): ABAKADA Guro Party List Officers Samson S. Alcanta...
2025-12-05 19:03:27,484 - INFO -   ✓ Found at: https://lawphil.net/judjuris/juri2006/dec2006/gr_170563_2006.html
2025-12-05 19:03:27,485 - INFO -   ✓ Saved: RESTRUCTURED_DB/2006/december/170563.json
2025-12-05 19:03:27,985 - INFO - Scraping G.R. No. 149190 (2006): Felicisimo L. Opriasa, et al. vs. the City Governm...
2025-12-05 19:03:28,463 - INFO -   ✓ Found at: https://lawphil.net/judjuris/juri2006/dec2006/gr_149190_2006.html
2025-12-05 19:03:28,464 - INFO -   ✓ Saved: RESTRUCTURED_DB/2006/december/149190.json
2025-12-05 19:03:28,525 - INFO -   ✓ Found at: https://lawphil.net/judjuris/juri2005/sep2005/gr_168056_2005.html
2025-12-05 19:03:28,544 - INFO -   ✓ Saved: RESTRUCTURED_DB/2005/september/168056.json
2025-12-05 19:03:28,965 - INFO - Scraping G.R. No. 155679 (2006): Biflex Phils. Inc. Labor Union, et al. vs. Filflex...
2025-12-05 19:03:29,045 - INFO - Scraping G.R. No. 158540 (2005): Southern Cross Cement Corp. vs. Cement Manufacture...
2025-12-05 19:03:29,223 - INFO -   ✓ Found at: https://lawphil.net/judjuris/juri2006/dec2006/gr_155679_2006.html
2025-12-05 19:03:29,224 - INFO -   ✓ Saved: RESTRUCTURED_DB/2006/december/155679.json
2025-12-05 19:03:29,724 - INFO - Scraping G.R. No. 157875 (2006): Dr. Teresita L. Salva vs. Guillermo N. Carague, et...
2025-12-05 19:03:29,982 - INFO -   ✓ Found at: https://lawphil.net/judjuris/juri2006/dec2006/gr_157875_2006.html
2025-12-05 19:03:29,983 - INFO -   ✓ Saved: RESTRUCTURED_DB/2006/december/157875.json
2025-12-05 19:03:30,483 - INFO - Scraping G.R. No. 161950 (2006): Florencio B. Campomanes vs. People of the Philippi...
2025-12-05 19:03:30,741 - INFO -   ✓ Found at: https://lawphil.net/judjuris/juri2006/dec2006/gr_161950_2006.html
2025-12-05 19:03:30,743 - INFO -   ✓ Saved: RESTRUCTURED_DB/2006/december/161950.json
2025-12-05 19:03:30,870 - INFO -   ✓ Found at: https://lawphil.net/judjuris/juri2005/aug2005/gr_158540_2005.html
2025-12-05 19:03:30,878 - INFO -   ✓ Saved: RESTRUCTURED_DB/2005/august/158540.json
2025-12-05 19:03:31,243 - INFO - Scraping G.R. No. 167812 (2006): Jesus M. Gozun vs. Jose Teofilo T. Mercado...
2025-12-05 19:03:31,378 - INFO - Scraping G.R. No. 167147 (2005): People of the Philippines vs. Genaro Cayabyab y Fe...
2025-12-05 19:03:31,721 - INFO -   ✓ Found at: https://lawphil.net/judjuris/juri2006/dec2006/gr_167812_2006.html
2025-12-05 19:03:31,722 - INFO -   ✓ Saved: RESTRUCTURED_DB/2006/december/167812.json
2025-12-05 19:03:31,863 - INFO -   ✓ Found at: https://lawphil.net/judjuris/juri2005/aug2005/gr_167147_2005.html
2025-12-05 19:03:31,865 - INFO -   ✓ Saved: RESTRUCTURED_DB/2005/august/167147.json
2025-12-05 19:03:32,223 - INFO - Scraping G.R. No. 171901 (2006): First United Constructors Corporation vs. Court of...
2025-12-05 19:03:32,365 - INFO - Scraping G.R. No. 121920 (2005): Municipality of San Juan, Metro Manila vs. the Hon...
2025-12-05 19:03:32,481 - INFO -   ✓ Found at: https://lawphil.net/judjuris/juri2006/dec2006/gr_171901_2006.html
2025-12-05 19:03:32,482 - INFO -   ✓ Saved: RESTRUCTURED_DB/2006/december/171901.json
2025-12-05 19:03:32,842 - INFO -   ✓ Found at: https://lawphil.net/judjuris/juri2005/aug2005/gr_121920_2005.html
2025-12-05 19:03:32,843 - INFO -   ✓ Saved: RESTRUCTURED_DB/2005/august/121920.json
2025-12-05 19:03:32,982 - INFO - Scraping G.R. No. 140687 (2006): China Banking Corporation vs. Court of Appeals, et...
2025-12-05 19:03:33,344 - INFO - Scraping G.R. No. 127920 (2005): Emilio B. Pacioles, Jr., et al. vs. Miguela Chuato...
2025-12-05 19:03:33,469 - INFO -   ✓ Found at: https://lawphil.net/judjuris/juri2006/dec2006/gr_140687_2006.html
2025-12-05 19:03:33,470 - INFO -   ✓ Saved: RESTRUCTURED_DB/2006/december/140687.json
2025-12-05 19:03:33,699 - INFO -   ✓ Found at: https://lawphil.net/judjuris/juri2005/aug2005/gr_127920_2005.html
2025-12-05 19:03:33,700 - INFO -   ✓ Saved: RESTRUCTURED_DB/2005/august/127920.json
2025-12-05 19:03:33,970 - INFO - Scraping G.R. No. 158261 (2006): In Re: Petition for Assistance in the liquidation ...
2025-12-05 19:03:34,200 - INFO - Scraping G.R. No. 133079 (2005): Sps. Maximo Landrito, Jr., et al. vs. the Honorabl...
2025-12-05 19:03:34,458 - INFO -   ✓ Found at: https://lawphil.net/judjuris/juri2005/aug2005/gr_133079_2005.html
2025-12-05 19:03:34,459 - INFO -   ✓ Saved: RESTRUCTURED_DB/2005/august/133079.json
2025-12-05 19:03:34,685 - INFO -   ✓ Found at: https://lawphil.net/judjuris/juri2006/dec2006/gr_158261_2006.html
2025-12-05 19:03:34,687 - INFO -   ✓ Saved: RESTRUCTURED_DB/2006/december/158261.json
2025-12-05 19:03:34,959 - INFO - Scraping G.R. No. 142913 (2005): Estate of Salvador Serra Serra, et al. vs. Heirs o...
2025-12-05 19:03:35,187 - INFO - Scraping G.R. No. 166177 (2006): Herbert Williams vs. Court of Appeals, et al....
2025-12-05 19:03:35,217 - INFO -   ✓ Found at: https://lawphil.net/judjuris/juri2005/aug2005/gr_142913_2005.html
2025-12-05 19:03:35,218 - INFO -   ✓ Saved: RESTRUCTURED_DB/2005/august/142913.json
2025-12-05 19:03:35,672 - INFO -   ✓ Found at: https://lawphil.net/judjuris/juri2006/dec2006/gr_166177_2006.html
2025-12-05 19:03:35,673 - INFO -   ✓ Saved: RESTRUCTURED_DB/2006/december/166177.json
2025-12-05 19:03:35,718 - INFO - Scraping G.R. No. 144638 (2005): Matagumpay Maritime Co., Inc., et al. vs. Benedict...
2025-12-05 19:03:35,987 - INFO -   ✓ Found at: https://lawphil.net/judjuris/juri2005/aug2005/gr_144638_2005.html
2025-12-05 19:03:35,987 - INFO -   ✓ Saved: RESTRUCTURED_DB/2005/august/144638.json
2025-12-05 19:03:36,174 - INFO - Scraping G.R. No. 168071 (2006): Luciano Tan vs. Rodil Enterprises...
2025-12-05 19:03:36,488 - INFO - Scraping G.R. No. 146823 (2005): Spouses Ramon and Estrella Ragudo vs. Fabella Esta...
2025-12-05 19:03:36,660 - INFO -   ✓ Found at: https://lawphil.net/judjuris/juri2006/dec2006/gr_168071_2006.html
2025-12-05 19:03:36,662 - INFO -   ✓ Saved: RESTRUCTURED_DB/2006/december/168071.json
2025-12-05 19:03:36,977 - INFO -   ✓ Found at: https://lawphil.net/judjuris/juri2005/aug2005/gr_146823_2005.html
2025-12-05 19:03:36,979 - INFO -   ✓ Saved: RESTRUCTURED_DB/2005/august/146823.json
2025-12-05 19:03:37,162 - INFO - Scraping G.R. No. 153031 (2006): PCL Shipping Philippines, Inc., et al. vs. Nationa...
2025-12-05 19:03:37,421 - INFO -   ✓ Found at: https://lawphil.net/judjuris/juri2006/dec2006/gr_153031_2006.html
2025-12-05 19:03:37,422 - INFO -   ✓ Saved: RESTRUCTURED_DB/2006/december/153031.json
2025-12-05 19:03:37,479 - INFO - Scraping G.R. No. 147756 (2005): Roberto O. Ariola, et al. vs. Philex Mining Corpor...
2025-12-05 19:03:37,737 - INFO -   ✓ Found at: https://lawphil.net/judjuris/juri2005/aug2005/gr_147756_2005.html
2025-12-05 19:03:37,739 - INFO -   ✓ Saved: RESTRUCTURED_DB/2005/august/147756.json
2025-12-05 19:03:37,923 - INFO - Scraping G.R. No. 165732 (2006): Safeguard Security Agency, Inc., et al. vs. Lauro ...
2025-12-05 19:03:38,181 - INFO -   ✓ Found at: https://lawphil.net/judjuris/juri2006/dec2006/gr_165732_2006.html
2025-12-05 19:03:38,183 - INFO -   ✓ Saved: RESTRUCTURED_DB/2006/december/165732.json
2025-12-05 19:03:38,240 - INFO - Scraping G.R. No. 149111 (2005): Jose S. Baltazar vs. Domingo B. Pantig, et al....
2025-12-05 19:03:38,497 - INFO -   ✓ Found at: https://lawphil.net/judjuris/juri2005/aug2005/gr_149111_2005.html
2025-12-05 19:03:38,498 - INFO -   ✓ Saved: RESTRUCTURED_DB/2005/august/149111.json
2025-12-05 19:03:38,683 - INFO - Scraping G.R. No. 166315 (2006): Alfredo Sy, et al. vs. Hon. Secretary of Justice, ...
2025-12-05 19:03:38,944 - INFO -   ✓ Found at: https://lawphil.net/judjuris/juri2006/dec2006/gr_166315_2006.html
2025-12-05 19:03:38,945 - INFO -   ✓ Saved: RESTRUCTURED_DB/2006/december/166315.json
2025-12-05 19:03:38,998 - INFO - Scraping G.R. No. 149613 (2005): Pamela Chan vs. Sandiganbayan....
2025-12-05 19:03:39,256 - INFO -   ✓ Found at: https://lawphil.net/judjuris/juri2005/aug2005/gr_149613_2005.html
2025-12-05 19:03:39,258 - INFO -   ✓ Saved: RESTRUCTURED_DB/2005/august/149613.json
2025-12-05 19:03:39,445 - INFO - Scraping G.R. No. 173421 (2006): Oscar Z. Benares vs. Josephine Lim...
2025-12-05 19:03:39,703 - INFO -   ✓ Found at: https://lawphil.net/judjuris/juri2006/dec2006/gr_173421_2006.html
2025-12-05 19:03:39,704 - INFO -   ✓ Saved: RESTRUCTURED_DB/2006/december/173421.json
2025-12-05 19:03:39,758 - INFO - Scraping G.R. No. 150154 (2005): Commissioner of Internal Revenue vs. Toshiba Infor...
2025-12-05 19:03:40,016 - INFO -   ✓ Found at: https://lawphil.net/judjuris/juri2005/aug2005/gr_150154_2005.html
2025-12-05 19:03:40,018 - INFO -   ✓ Saved: RESTRUCTURED_DB/2005/august/150154.json
2025-12-05 19:03:40,205 - INFO - Scraping G.R. No. 168444 (2006): People of the Philippines vs. Romeo Canare y Mendo...
2025-12-05 19:03:40,463 - INFO -   ✓ Found at: https://lawphil.net/judjuris/juri2006/dec2006/gr_168444_2006.html
2025-12-05 19:03:40,464 - INFO -   ✓ Saved: RESTRUCTURED_DB/2006/december/168444.json
2025-12-05 19:03:40,518 - INFO - Scraping G.R. No. 152230 (2005): Jesus is Lord Christian School Foundation, Inc. vs...
2025-12-05 19:03:40,964 - INFO - Scraping G.R. No. 132925 (2006): Marcial Sienes, et al. vs. People of the Philippin...
2025-12-05 19:03:41,004 - INFO -   ✓ Found at: https://lawphil.net/judjuris/juri2005/aug2005/gr_152230_2005.html
2025-12-05 19:03:41,006 - INFO -   ✓ Saved: RESTRUCTURED_DB/2005/august/152230.json
2025-12-05 19:03:41,450 - INFO -   ✓ Found at: https://lawphil.net/judjuris/juri2006/dec2006/gr_132925_2006.html
2025-12-05 19:03:41,452 - INFO -   ✓ Saved: RESTRUCTURED_DB/2006/december/132925.json
2025-12-05 19:03:41,507 - INFO - Scraping G.R. No. 152427 (2005): Integrated Contractor and Plumbing Works, Inc. vs....
2025-12-05 19:03:41,765 - INFO -   ✓ Found at: https://lawphil.net/judjuris/juri2005/aug2005/gr_152427_2005.html
2025-12-05 19:03:41,766 - INFO -   ✓ Saved: RESTRUCTURED_DB/2005/august/152427.json
2025-12-05 19:03:41,952 - INFO - Scraping G.R. No. 163878 (2006): Far East Bank and Trust Company vs. Shemberg Marke...
2025-12-05 19:03:42,266 - INFO - Scraping G.R. No. 155620 (2005): Prudencio Quimbo vs. Acting Ombudsman Margarito Ge...
2025-12-05 19:03:42,440 - INFO -   ✓ Found at: https://lawphil.net/judjuris/juri2006/dec2006/gr_163878_2006.html
2025-12-05 19:03:42,441 - INFO -   ✓ Saved: RESTRUCTURED_DB/2006/december/163878.json
2025-12-05 19:03:42,752 - INFO -   ✓ Found at: https://lawphil.net/judjuris/juri2005/aug2005/gr_155620_2005.html
2025-12-05 19:03:42,753 - INFO -   ✓ Saved: RESTRUCTURED_DB/2005/august/155620.json
2025-12-05 19:03:42,942 - INFO - Scraping G.R. No. 163584 (2006): Remelita M. Robinson vs. Celita B. Miralles...
2025-12-05 19:03:43,207 - INFO -   ✓ Found at: https://lawphil.net/judjuris/juri2006/dec2006/gr_163584_2006.html
2025-12-05 19:03:43,208 - INFO -   ✓ Saved: RESTRUCTURED_DB/2006/december/163584.json
2025-12-05 19:03:43,254 - INFO - Scraping G.R. No. 155738 (2005): Angel Pagtalunan vs. Ricardo Manlapig, et al....
2025-12-05 19:03:43,511 - INFO -   ✓ Found at: https://lawphil.net/judjuris/juri2005/aug2005/gr_155738_2005.html
2025-12-05 19:03:43,512 - INFO -   ✓ Saved: RESTRUCTURED_DB/2005/august/155738.json
2025-12-05 19:03:43,708 - INFO - Scraping G.R. No. 129098 (2006): Amelia Cabrera vs. Manuel Lapid, et al....
2025-12-05 19:03:44,012 - INFO - Scraping G.R. No. 156273 (2005): Heirs of Timoteo Moreno, et al. vs. Mactan-Cebu In...
2025-12-05 19:03:44,204 - INFO -   ✓ Found at: https://lawphil.net/judjuris/juri2006/dec2006/gr_129098_2006.html
2025-12-05 19:03:44,205 - INFO -   ✓ Saved: RESTRUCTURED_DB/2006/december/129098.json
2025-12-05 19:03:44,499 - INFO -   ✓ Found at: https://lawphil.net/judjuris/juri2005/aug2005/gr_156273_2005.html
2025-12-05 19:03:44,501 - INFO -   ✓ Saved: RESTRUCTURED_DB/2005/august/156273.json
2025-12-05 19:03:44,705 - INFO - Scraping G.R. No. 131260 (2006): Santos Ventura Hocorma Foundation, Inc. vs. Richar...
2025-12-05 19:03:44,963 - INFO -   ✓ Found at: https://lawphil.net/judjuris/juri2006/dec2006/gr_131260_2006.html
2025-12-05 19:03:44,964 - INFO -   ✓ Saved: RESTRUCTURED_DB/2006/december/131260.json
2025-12-05 19:03:45,001 - INFO - Scraping G.R. No. 157279 (2005): Philippine National Bank vs. Giovanni Palma, et al...
2025-12-05 19:03:45,464 - INFO - Scraping G.R. No. 136433 (2006): Antonio B. Baltazar vs. Honorable Ombudsman, et al...
2025-12-05 19:03:45,487 - INFO -   ✓ Found at: https://lawphil.net/judjuris/juri2005/aug2005/gr_157279_2005.html
2025-12-05 19:03:45,490 - INFO -   ✓ Saved: RESTRUCTURED_DB/2005/august/157279.json
2025-12-05 19:03:45,724 - INFO -   ✓ Found at: https://lawphil.net/judjuris/juri2006/dec2006/gr_136433_2006.html
2025-12-05 19:03:45,725 - INFO -   ✓ Saved: RESTRUCTURED_DB/2006/december/136433.json
2025-12-05 19:03:45,990 - INFO - Scraping G.R. No. 157611 (2005): Alabang Country Club Inc., et al. vs. National Lab...
2025-12-05 19:03:46,225 - INFO - Scraping G.R. No. 139442 (2006): Lourdes Dela Cruz vs. Court of Appeals, et al....
2025-12-05 19:03:46,248 - INFO -   ✓ Found at: https://lawphil.net/judjuris/juri2005/aug2005/gr_157611_2005.html
2025-12-05 19:03:46,250 - INFO -   ✓ Saved: RESTRUCTURED_DB/2005/august/157611.json
2025-12-05 19:03:46,484 - INFO -   ✓ Found at: https://lawphil.net/judjuris/juri2006/dec2006/gr_139442_2006.html
2025-12-05 19:03:46,486 - INFO -   ✓ Saved: RESTRUCTURED_DB/2006/december/139442.json
2025-12-05 19:03:46,751 - INFO - Scraping G.R. No. 158244 (2005): Ernesto Ponce, et al. vs. National Labor Relations...
2025-12-05 19:03:46,987 - INFO - Scraping G.R. No. 143527 (2006): United Field Sea Watchman and Checkers Agency, et ...
2025-12-05 19:03:47,009 - INFO -   ✓ Found at: https://lawphil.net/judjuris/juri2005/aug2005/gr_158244_2005.html
2025-12-05 19:03:47,011 - INFO -   ✓ Saved: RESTRUCTURED_DB/2005/august/158244.json
2025-12-05 19:03:47,247 - INFO -   ✓ Found at: https://lawphil.net/judjuris/juri2006/dec2006/gr_143527_2006.html
2025-12-05 19:03:47,248 - INFO -   ✓ Saved: RESTRUCTURED_DB/2006/december/143527.json
2025-12-05 19:03:47,512 - INFO - Scraping G.R. No. 160391 (2005): Dusit Hotel Nikko, et al. vs. National Union of Wo...
2025-12-05 19:03:47,749 - INFO - Scraping G.R. No. 146322 (2006): Ernesto Ramas Uypitching, et al. vs. Ernesto Quiam...
2025-12-05 19:03:47,998 - INFO -   ✓ Found at: https://lawphil.net/judjuris/juri2005/aug2005/gr_160391_2005.html
2025-12-05 19:03:48,000 - INFO -   ✓ Saved: RESTRUCTURED_DB/2005/august/160391.json
2025-12-05 19:03:48,235 - INFO -   ✓ Found at: https://lawphil.net/judjuris/juri2006/dec2006/gr_146322_2006.html
2025-12-05 19:03:48,236 - INFO -   ✓ Saved: RESTRUCTURED_DB/2006/december/146322.json
2025-12-05 19:03:48,500 - INFO - Scraping G.R. No. 161608 (2005): Leoncio A. Amadore vs. Alberto G. Romulo, et al....
2025-12-05 19:03:48,736 - INFO - Scraping G.R. No. 147832 (2006): People of the Philippines vs. Danilo P. Gabriel...
2025-12-05 19:03:48,986 - INFO -   ✓ Found at: https://lawphil.net/judjuris/juri2005/aug2005/gr_161608_2005.html
2025-12-05 19:03:48,988 - INFO -   ✓ Saved: RESTRUCTURED_DB/2005/august/161608.json
2025-12-05 19:03:48,994 - INFO -   ✓ Found at: https://lawphil.net/judjuris/juri2006/dec2006/gr_147832_2006.html
2025-12-05 19:03:48,995 - INFO -   ✓ Saved: RESTRUCTURED_DB/2006/december/147832.json
2025-12-05 19:03:49,488 - INFO - Scraping G.R. No. 132887 (2005): The Manila Banking Corporation vs. Edmundo S. Silv...
2025-12-05 19:03:49,495 - INFO - Scraping G.R. No. 148423 (2006): Esperanza G. Frondarina vs. Napoleon Malazarte, et...
2025-12-05 19:03:49,986 - INFO -   ✓ Found at: https://lawphil.net/judjuris/juri2005/aug2005/gr_132887_2005.html
2025-12-05 19:03:49,988 - INFO -   ✓ Saved: RESTRUCTURED_DB/2005/august/132887.json
2025-12-05 19:03:49,992 - INFO -   ✓ Found at: https://lawphil.net/judjuris/juri2006/dec2006/gr_148423_2006.html
2025-12-05 19:03:49,994 - INFO -   ✓ Saved: RESTRUCTURED_DB/2006/december/148423.json
2025-12-05 19:03:50,488 - INFO - Scraping G.R. No. 134342 (2005): Evelyn Panahon vs. People of the Philippines....
2025-12-05 19:03:50,494 - INFO - Scraping G.R. No. 159751 (2006): Gaudencio E. Fernando, et al. vs. Court of Appeals...
2025-12-05 19:03:50,747 - INFO -   ✓ Found at: https://lawphil.net/judjuris/juri2005/aug2005/gr_134342_2005.html
2025-12-05 19:03:50,747 - INFO -   ✓ Saved: RESTRUCTURED_DB/2005/august/134342.json
2025-12-05 19:03:50,980 - INFO -   ✓ Found at: https://lawphil.net/judjuris/juri2006/dec2006/gr_159751_2006.html
2025-12-05 19:03:50,981 - INFO -   ✓ Saved: RESTRUCTURED_DB/2006/december/159751.json
2025-12-05 19:03:51,248 - INFO - Scraping G.R. No. 148235 (2005): Rosalina Tagle vs. Court of Appeals, et al....
2025-12-05 19:03:51,482 - INFO - Scraping G.R. No. 164575 (2006): Robert P. Wa-Acon vs. People of the Philippines...
2025-12-05 19:03:51,506 - INFO -   ✓ Found at: https://lawphil.net/judjuris/juri2005/aug2005/gr_148235_2005.html
2025-12-05 19:03:51,507 - INFO -   ✓ Saved: RESTRUCTURED_DB/2005/august/148235.json
2025-12-05 19:03:51,749 - INFO -   ✓ Found at: https://lawphil.net/judjuris/juri2006/dec2006/gr_164575_2006.html
2025-12-05 19:03:51,750 - INFO -   ✓ Saved: RESTRUCTURED_DB/2006/december/164575.json
2025-12-05 19:03:52,007 - INFO - Scraping G.R. No. 148862 (2005): Rubin Tad-y y Babor vs. People of the Philippines....
2025-12-05 19:03:52,251 - INFO - Scraping G.R. No. 166854 (2006): Semirara Coal Corporation vs. Hgl Development Corp...
2025-12-05 19:03:52,494 - INFO -   ✓ Found at: https://lawphil.net/judjuris/juri2005/aug2005/gr_148862_2005.html
2025-12-05 19:03:52,496 - INFO -   ✓ Saved: RESTRUCTURED_DB/2005/august/148862.json
2025-12-05 19:03:52,736 - INFO -   ✓ Found at: https://lawphil.net/judjuris/juri2006/dec2006/gr_166854_2006.html
2025-12-05 19:03:52,737 - INFO -   ✓ Saved: RESTRUCTURED_DB/2006/december/166854.json
2025-12-05 19:03:52,997 - INFO - Scraping G.R. No. 148923 (2005): Vicente Lamis, et al. vs. David Y. Ong....
2025-12-05 19:03:53,238 - INFO - Scraping G.R. No. 168649 (2006): People of the Philippines vs. Jose Alvizo Audine...
2025-12-05 19:03:53,254 - INFO -   ✓ Found at: https://lawphil.net/judjuris/juri2005/aug2005/gr_148923_2005.html
2025-12-05 19:03:53,255 - INFO -   ✓ Saved: RESTRUCTURED_DB/2005/august/148923.json
2025-12-05 19:03:53,724 - INFO -   ✓ Found at: https://lawphil.net/judjuris/juri2006/dec2006/gr_168649_2006.html
2025-12-05 19:03:53,726 - INFO -   ✓ Saved: RESTRUCTURED_DB/2006/december/168649.json
2025-12-05 19:03:53,755 - INFO - Scraping G.R. No. 153667 (2005): Ayala Land vs. Hon. Lucenito N. Tagle, et al....
2025-12-05 19:03:54,013 - INFO -   ✓ Found at: https://lawphil.net/judjuris/juri2005/aug2005/gr_153667_2005.html
2025-12-05 19:03:54,014 - INFO -   ✓ Saved: RESTRUCTURED_DB/2005/august/153667.json
2025-12-05 19:03:54,226 - INFO - Scraping G.R. No. 173054 (2006): People of the Philippines vs. Elmercito Manalo y D...
2025-12-05 19:03:54,484 - INFO -   ✓ Found at: https://lawphil.net/judjuris/juri2006/dec2006/gr_173054_2006.html
2025-12-05 19:03:54,486 - INFO -   ✓ Saved: RESTRUCTURED_DB/2006/december/173054.json
2025-12-05 19:03:54,514 - INFO - Scraping G.R. No. 154818 (2005): Stanley Garments Specialist, et al. vs. George Gom...
2025-12-05 19:03:54,773 - INFO -   ✓ Found at: https://lawphil.net/judjuris/juri2005/aug2005/gr_154818_2005.html
2025-12-05 19:03:54,774 - INFO -   ✓ Saved: RESTRUCTURED_DB/2005/august/154818.json
2025-12-05 19:03:54,986 - INFO - Scraping G.R. No. 138939 (2006): Mr. and Mrs. Alejandro Pang-Oden vs. Isabel Leonen...
2025-12-05 19:03:55,251 - INFO -   ✓ Found at: https://lawphil.net/judjuris/juri2006/dec2006/gr_138939_2006.html
2025-12-05 19:03:55,253 - INFO -   ✓ Saved: RESTRUCTURED_DB/2006/december/138939.json
2025-12-05 19:03:55,275 - INFO - 
Batch 4 complete:
2025-12-05 19:03:55,275 - INFO -   Successful: 97
2025-12-05 19:03:55,275 - INFO -   Failed: 1
2025-12-05 19:03:55,275 - INFO -   Skipped: 2
2025-12-05 19:03:55,275 - INFO - 
Overall progress: 400/1009 cases
2025-12-05 19:03:55,275 - INFO - 
================================================================================
2025-12-05 19:03:55,275 - INFO - BATCH 5/11 (100 cases)
2025-12-05 19:03:55,275 - INFO - ================================================================================
2025-12-05 19:03:55,275 - INFO - Scraping G.R. No. 156015 (2005): Republic of the Philippines, et al. vs. Hon. Victo...
2025-12-05 19:03:55,534 - INFO -   ✓ Found at: https://lawphil.net/judjuris/juri2005/aug2005/gr_156015_2005.html
2025-12-05 19:03:55,535 - INFO -   ✓ Saved: RESTRUCTURED_DB/2005/august/156015.json
2025-12-05 19:03:55,753 - INFO - Scraping G.R. No. 142439 (2006): Filinvest Land, Inc. vs. Court of Appeals, et al....
2025-12-05 19:03:56,036 - INFO - Scraping G.R. No. 161379 (2005): Ma. Teresa Belonio vs. Richard Rodriguez, et al....
2025-12-05 19:03:56,238 - INFO -   ✓ Found at: https://lawphil.net/judjuris/juri2006/dec2006/gr_142439_2006.html
2025-12-05 19:03:56,240 - INFO -   ✓ Saved: RESTRUCTURED_DB/2006/december/142439.json
2025-12-05 19:03:56,741 - INFO - Scraping G.R. No. 143491 (2006): Republic of the Philippines vs. Efren M. Carrasco...
2025-12-05 19:03:56,751 - INFO -   ✓ Found at: https://lawphil.net/judjuris/juri2005/aug2005/gr_161379_2005.html
2025-12-05 19:03:56,754 - INFO -   ✓ Saved: RESTRUCTURED_DB/2005/august/161379.json
2025-12-05 19:03:57,001 - INFO -   ✓ Found at: https://lawphil.net/judjuris/juri2006/dec2006/gr_143491_2006.html
2025-12-05 19:03:57,002 - INFO -   ✓ Saved: RESTRUCTURED_DB/2006/december/143491.json
2025-12-05 19:03:57,254 - INFO - Scraping G.R. No. 143312 (2005): Ricardo S. Silverio, Jr., et al. vs. Filipino Busi...
2025-12-05 19:03:57,503 - INFO - Scraping G.R. No. 147566 (2006): San Miguel Corporation vs. National Labor Relation...
2025-12-05 19:03:57,512 - INFO -   ✓ Found at: https://lawphil.net/judjuris/juri2005/aug2005/gr_143312_2005.html
2025-12-05 19:03:57,513 - INFO -   ✓ Saved: RESTRUCTURED_DB/2005/august/143312.json
2025-12-05 19:03:57,761 - INFO -   ✓ Found at: https://lawphil.net/judjuris/juri2006/dec2006/gr_147566_2006.html
2025-12-05 19:03:57,763 - INFO -   ✓ Saved: RESTRUCTURED_DB/2006/december/147566.json
2025-12-05 19:03:58,014 - INFO - Scraping G.R. No. 148288 (2005): Rosemarie Balba vs. Peak Development Inc., et al....
2025-12-05 19:03:58,263 - INFO - Scraping G.R. No. 148021 (2006): Sime Darby Employees Association, et al. vs. Natio...
2025-12-05 19:03:58,272 - INFO -   ✓ Found at: https://lawphil.net/judjuris/juri2005/aug2005/gr_148288_2005.html
2025-12-05 19:03:58,274 - INFO -   ✓ Saved: RESTRUCTURED_DB/2005/august/148288.json
2025-12-05 19:03:58,524 - INFO -   ✓ Found at: https://lawphil.net/judjuris/juri2006/dec2006/gr_148021_2006.html
2025-12-05 19:03:58,525 - INFO -   ✓ Saved: RESTRUCTURED_DB/2006/december/148021.json
2025-12-05 19:03:58,774 - INFO - Scraping G.R. No. 148482 (2005): Joseph Dorman D. Tamayo, et al. vs. Jose D. Tamayo...
2025-12-05 19:03:59,026 - INFO - Scraping G.R. No. 153193 (2006): Pamplona Plantation Company vs. Ramon Acosta, et a...
2025-12-05 19:03:59,032 - INFO -   ✓ Found at: https://lawphil.net/judjuris/juri2005/aug2005/gr_148482_2005.html
2025-12-05 19:03:59,033 - INFO -   ✓ Saved: RESTRUCTURED_DB/2005/august/148482.json
2025-12-05 19:03:59,284 - INFO -   ✓ Found at: https://lawphil.net/judjuris/juri2006/dec2006/gr_153193_2006.html
2025-12-05 19:03:59,285 - INFO -   ✓ Saved: RESTRUCTURED_DB/2006/december/153193.json
2025-12-05 19:03:59,533 - INFO - Scraping G.R. No. 149999 (2005): The National Appellate Board (NAB) of the National...
2025-12-05 19:03:59,785 - INFO - Scraping G.R. No. 154469 (2006): Metropolitan Bank and Trust Company vs. Renato D. ...
2025-12-05 19:04:00,018 - INFO -   ✓ Found at: https://lawphil.net/judjuris/juri2005/aug2005/gr_149999_2005.html
2025-12-05 19:04:00,020 - INFO -   ✓ Saved: RESTRUCTURED_DB/2005/august/149999.json
2025-12-05 19:04:00,272 - INFO -   ✓ Found at: https://lawphil.net/judjuris/juri2006/dec2006/gr_154469_2006.html
2025-12-05 19:04:00,273 - INFO -   ✓ Saved: RESTRUCTURED_DB/2006/december/154469.json
2025-12-05 19:04:00,521 - INFO - Scraping G.R. No. 153762 (2005): Susan Honoridez, et al. vs. Makilito B. Mahinay, e...
2025-12-05 19:04:00,773 - INFO - Scraping G.R. No. 154493 (2006): Reynaldo Villanueva vs. Philippine National Bank...
2025-12-05 19:04:00,778 - INFO -   ✓ Found at: https://lawphil.net/judjuris/juri2005/aug2005/gr_153762_2005.html
2025-12-05 19:04:00,779 - INFO -   ✓ Saved: RESTRUCTURED_DB/2005/august/153762.json
2025-12-05 19:04:01,032 - INFO -   ✓ Found at: https://lawphil.net/judjuris/juri2006/dec2006/gr_154493_2006.html
2025-12-05 19:04:01,033 - INFO -   ✓ Saved: RESTRUCTURED_DB/2006/december/154493.json
2025-12-05 19:04:01,279 - INFO - Scraping G.R. No. 156169 (2005): Victor Ongson vs. People of the Philippines....
2025-12-05 19:04:01,533 - INFO - Scraping G.R. No. 154628 (2006): Estrellita G. Salazar vs. Philippine Duplicators, ...
2025-12-05 19:04:01,775 - INFO -   ✓ Found at: https://lawphil.net/judjuris/juri2005/aug2005/gr_156169_2005.html
2025-12-05 19:04:01,777 - INFO -   ✓ Saved: RESTRUCTURED_DB/2005/august/156169.json
2025-12-05 19:04:02,250 - INFO -   ✓ Found at: https://lawphil.net/judjuris/juri2006/dec2006/gr_154628_2006.html
2025-12-05 19:04:02,252 - INFO -   ✓ Saved: RESTRUCTURED_DB/2006/december/154628.json
2025-12-05 19:04:02,277 - INFO - Scraping G.R. No. 158139 (2005): Nelson P. Patulot vs. Jose L. Umali, et al....
2025-12-05 19:04:02,534 - INFO -   ✓ Found at: https://lawphil.net/judjuris/juri2005/aug2005/gr_158139_2005.html
2025-12-05 19:04:02,535 - INFO -   ✓ Saved: RESTRUCTURED_DB/2005/august/158139.json
2025-12-05 19:04:02,752 - INFO - Scraping G.R. No. 155392 (2006): Erlinda Guanzon vs. Andrew P. Arradaza, et al....
2025-12-05 19:04:03,010 - INFO -   ✓ Found at: https://lawphil.net/judjuris/juri2006/dec2006/gr_155392_2006.html
2025-12-05 19:04:03,011 - INFO -   ✓ Saved: RESTRUCTURED_DB/2006/december/155392.json
2025-12-05 19:04:03,035 - INFO - Scraping G.R. No. 159170 (2005): Equitable PCIBank, et al. vs. Generosa A. Caguioa....
2025-12-05 19:04:03,294 - INFO -   ✓ Found at: https://lawphil.net/judjuris/juri2005/aug2005/gr_159170_2005.html
2025-12-05 19:04:03,295 - INFO -   ✓ Saved: RESTRUCTURED_DB/2005/august/159170.json
2025-12-05 19:04:03,511 - INFO - Scraping G.R. No. 155488 (2006): Erlinda R. Velayo-Fong vs. Spouses Raymond and Mar...
2025-12-05 19:04:03,795 - INFO - Scraping G.R. No. 161976 (2005): Central Luzon Conference Corporation of Seventh-Da...
2025-12-05 19:04:03,998 - INFO -   ✓ Found at: https://lawphil.net/judjuris/juri2006/dec2006/gr_155488_2006.html
2025-12-05 19:04:03,999 - INFO -   ✓ Saved: RESTRUCTURED_DB/2006/december/155488.json
2025-12-05 19:04:04,053 - INFO -   ✓ Found at: https://lawphil.net/judjuris/juri2005/aug2005/gr_161976_2005.html
2025-12-05 19:04:04,054 - INFO -   ✓ Saved: RESTRUCTURED_DB/2005/august/161976.json
2025-12-05 19:04:04,499 - INFO - Scraping G.R. No. 157632 (2006): Jose S. Roque, Jr. vs. Jaime T. Torres, et al....
2025-12-05 19:04:04,554 - INFO - Scraping G.R. No. 163981 (2005): Construction & Development Corporation of the Phil...
2025-12-05 19:04:04,812 - INFO -   ✓ Found at: https://lawphil.net/judjuris/juri2005/aug2005/gr_163981_2005.html
2025-12-05 19:04:04,813 - INFO -   ✓ Saved: RESTRUCTURED_DB/2005/august/163981.json
2025-12-05 19:04:04,985 - INFO -   ✓ Found at: https://lawphil.net/judjuris/juri2006/dec2006/gr_157632_2006.html
2025-12-05 19:04:04,986 - INFO -   ✓ Saved: RESTRUCTURED_DB/2006/december/157632.json
2025-12-05 19:04:05,313 - INFO - Scraping G.R. No. 134493 (2005): Buencamino Cruz vs. the Honorable Sandiganbayan, e...
2025-12-05 19:04:05,486 - INFO - Scraping G.R. No. 161007 (2006): Celerino Sanchez vs. People of the Philippines...
2025-12-05 19:04:05,799 - INFO -   ✓ Found at: https://lawphil.net/judjuris/juri2005/aug2005/gr_134493_2005.html
2025-12-05 19:04:05,800 - INFO -   ✓ Saved: RESTRUCTURED_DB/2005/august/134493.json
2025-12-05 19:04:05,974 - INFO -   ✓ Found at: https://lawphil.net/judjuris/juri2006/dec2006/gr_161007_2006.html
2025-12-05 19:04:05,975 - INFO -   ✓ Saved: RESTRUCTURED_DB/2006/december/161007.json
2025-12-05 19:04:06,301 - INFO - Scraping G.R. No. 141709 (2005): Manuel Rañises vs. the Employees Compensation Comm...
2025-12-05 19:04:06,476 - INFO - Scraping G.R. No. 163089 (2006): Republic of the Philippines vs. Jesus Francisco, e...
2025-12-05 19:04:06,558 - INFO -   ✓ Found at: https://lawphil.net/judjuris/juri2005/aug2005/gr_141709_2005.html
2025-12-05 19:04:06,559 - INFO -   ✓ Saved: RESTRUCTURED_DB/2005/august/141709.json
2025-12-05 19:04:07,059 - INFO - Scraping G.R. No. 147550 (2005): Isidra Vda. De Victoria vs. Hon. Court of Appeals,...
2025-12-05 19:04:07,190 - INFO -   ✓ Found at: https://lawphil.net/judjuris/juri2006/dec2006/gr_163089_2006.html
2025-12-05 19:04:07,192 - INFO -   ✓ Saved: RESTRUCTURED_DB/2006/december/163089.json
2025-12-05 19:04:07,546 - INFO -   ✓ Found at: https://lawphil.net/judjuris/juri2005/aug2005/gr_147550_2005.html
2025-12-05 19:04:07,548 - INFO -   ✓ Saved: RESTRUCTURED_DB/2005/august/147550.json
2025-12-05 19:04:07,692 - INFO - Scraping G.R. No. 163509 (2006): Picop Resources, Inc. vs. Base Metals Mineral Reso...
2025-12-05 19:04:08,048 - INFO - Scraping G.R. No. 151899 (2005): Philippine Long Distance Telephone Company, Inc. v...
2025-12-05 19:04:08,178 - INFO -   ✓ Found at: https://lawphil.net/judjuris/juri2006/dec2006/gr_163509_2006.html
2025-12-05 19:04:08,180 - INFO -   ✓ Saved: RESTRUCTURED_DB/2006/december/163509.json
2025-12-05 19:04:08,535 - INFO -   ✓ Found at: https://lawphil.net/judjuris/juri2005/aug2005/gr_151899_2005.html
2025-12-05 19:04:08,536 - INFO -   ✓ Saved: RESTRUCTURED_DB/2005/august/151899.json
2025-12-05 19:04:08,681 - INFO - Scraping G.R. No. 164888 (2006): Rural Bank of Coron, Inc., et al. vs. Annalisa Cor...
2025-12-05 19:04:08,938 - INFO -   ✓ Found at: https://lawphil.net/judjuris/juri2006/dec2006/gr_164888_2006.html
2025-12-05 19:04:08,940 - INFO -   ✓ Saved: RESTRUCTURED_DB/2006/december/164888.json
2025-12-05 19:04:09,036 - INFO - Scraping G.R. No. 152356 (2005): San Miguel Corporation vs. Mandaue Packing Product...
2025-12-05 19:04:09,440 - INFO - Scraping G.R. No. 166769 (2006): Manila Electric Company, Inc. vs. Genaro Lualhati,...
2025-12-05 19:04:09,522 - INFO -   ✓ Found at: https://lawphil.net/judjuris/juri2005/aug2005/gr_152356_2005.html
2025-12-05 19:04:09,524 - INFO -   ✓ Saved: RESTRUCTURED_DB/2005/august/152356.json
2025-12-05 19:04:10,025 - INFO - Scraping G.R. No. 152532 (2005): People of the Philippines vs. Sandiganbayan, et al...
2025-12-05 19:04:10,155 - INFO -   ✓ Found at: https://lawphil.net/judjuris/juri2006/dec2006/gr_166769_2006.html
2025-12-05 19:04:10,157 - INFO -   ✓ Saved: RESTRUCTURED_DB/2006/december/166769.json
2025-12-05 19:04:10,510 - INFO -   ✓ Found at: https://lawphil.net/judjuris/juri2005/aug2005/gr_152532_2005.html
2025-12-05 19:04:10,513 - INFO -   ✓ Saved: RESTRUCTURED_DB/2005/august/152532.json
2025-12-05 19:04:10,657 - INFO - Scraping G.R. No. 168156 (2006): Heirs of Rosendo Lasam vs. Vicenta Umengan...
2025-12-05 19:04:10,915 - INFO -   ✓ Found at: https://lawphil.net/judjuris/juri2006/dec2006/gr_168156_2006.html
2025-12-05 19:04:10,917 - INFO -   ✓ Saved: RESTRUCTURED_DB/2006/december/168156.json
2025-12-05 19:04:11,013 - INFO - Scraping G.R. No. 154060 (2005): Yusen Air and Sea Service Philippines, Incorporate...
2025-12-05 19:04:11,271 - INFO -   ✓ Found at: https://lawphil.net/judjuris/juri2005/aug2005/gr_154060_2005.html
2025-12-05 19:04:11,272 - INFO -   ✓ Saved: RESTRUCTURED_DB/2005/august/154060.json
2025-12-05 19:04:11,418 - INFO - Scraping G.R. No. 168628 (2006): People of the Philippines vs. Emeterio Ricamora y ...
2025-12-05 19:04:11,675 - INFO -   ✓ Found at: https://lawphil.net/judjuris/juri2006/dec2006/gr_168628_2006.html
2025-12-05 19:04:11,677 - INFO -   ✓ Saved: RESTRUCTURED_DB/2006/december/168628.json
2025-12-05 19:04:11,772 - INFO - Scraping G.R. No. 154942 (2005): Rolando Santos vs. Constancia Santos Alana....
2025-12-05 19:04:12,030 - INFO -   ✓ Found at: https://lawphil.net/judjuris/juri2005/aug2005/gr_154942_2005.html
2025-12-05 19:04:12,031 - INFO -   ✓ Saved: RESTRUCTURED_DB/2005/august/154942.json
2025-12-05 19:04:12,177 - INFO - Scraping G.R. No. 169141 (2006): People of the Philippines vs. Romeo Del Mundo y St...
2025-12-05 19:04:12,437 - INFO -   ✓ Found at: https://lawphil.net/judjuris/juri2006/dec2006/gr_169141_2006.html
2025-12-05 19:04:12,438 - INFO -   ✓ Saved: RESTRUCTURED_DB/2006/december/169141.json
2025-12-05 19:04:12,531 - INFO - Scraping G.R. No. 156474 (2005): Pesane Animas Mongao vs. Pryce Properties Corporat...
2025-12-05 19:04:12,789 - INFO -   ✓ Found at: https://lawphil.net/judjuris/juri2005/aug2005/gr_156474_2005.html
2025-12-05 19:04:12,791 - INFO -   ✓ Saved: RESTRUCTURED_DB/2005/august/156474.json
2025-12-05 19:04:12,938 - INFO - Scraping G.R. No. 169372 (2006): Narciso Guiang vs. Court of Appeals, et al....
2025-12-05 19:04:13,208 - INFO -   ✓ Found at: https://lawphil.net/judjuris/juri2006/dec2006/gr_169372_2006.html
2025-12-05 19:04:13,210 - INFO -   ✓ Saved: RESTRUCTURED_DB/2006/december/169372.json
2025-12-05 19:04:13,291 - INFO - Scraping G.R. No. 160929 (2005): Rene P. Pondevida vs. the Hon. Sandiganbayan, et a...
2025-12-05 19:04:13,710 - INFO - Scraping G.R. No. 169453 (2006): Capitol Steel Corporation vs. Phividec Industrial ...
2025-12-05 19:04:13,969 - INFO -   ✓ Found at: https://lawphil.net/judjuris/juri2006/dec2006/gr_169453_2006.html
2025-12-05 19:04:13,971 - INFO -   ✓ Saved: RESTRUCTURED_DB/2006/december/169453.json
2025-12-05 19:04:14,471 - INFO - Scraping G.R. No. 170092 (2006): Xavierville III Homeowners Association, Inc. vs. X...
2025-12-05 19:04:14,729 - INFO -   ✓ Found at: https://lawphil.net/judjuris/juri2006/dec2006/gr_170092_2006.html
2025-12-05 19:04:14,730 - INFO -   ✓ Saved: RESTRUCTURED_DB/2006/december/170092.json
2025-12-05 19:04:15,230 - INFO - Scraping G.R. No. 171017 (2006): People of the Philippines vs. Zosimo Aguila y Atie...
2025-12-05 19:04:15,716 - INFO -   ✓ Found at: https://lawphil.net/judjuris/juri2006/dec2006/gr_171017_2006.html
2025-12-05 19:04:15,717 - INFO -   ✓ Saved: RESTRUCTURED_DB/2006/december/171017.json
2025-12-05 19:04:16,217 - INFO - Scraping G.R. No. 170132 (2006): Government Service Insurance System, et al.vs. Kap...
2025-12-05 19:04:16,703 - INFO -   ✓ Found at: https://lawphil.net/judjuris/juri2006/dec2006/gr_170132_2006.html
2025-12-05 19:04:16,705 - INFO -   ✓ Saved: RESTRUCTURED_DB/2006/december/170132.json
2025-12-05 19:04:17,205 - INFO - Scraping G.R. No. 148014 (2006): Spouses Antonio Vizarra and Brenda Logatoc Vizarra...
2025-12-05 19:04:17,473 - INFO -   ✓ Found at: https://lawphil.net/judjuris/juri2006/dec2006/gr_148014_2006.html
2025-12-05 19:04:17,475 - INFO -   ✓ Saved: RESTRUCTURED_DB/2006/december/148014.json
2025-12-05 19:04:17,975 - INFO - Scraping G.R. No. 172259 (2006): Sps. Jaime Benos and Marina Benos vs. Sps. Gregori...
