nohup: ignoring input
2025-12-05 19:17:58,748 - INFO - Loading missing cases list...
2025-12-05 19:17:58,764 - INFO - ================================================================================
2025-12-05 19:17:58,764 - INFO - LAWPHIL BATCH SCRAPER
2025-12-05 19:17:58,764 - INFO - ================================================================================
2025-12-05 19:17:58,764 - INFO - Database path: RESTRUCTURED_DB
2025-12-05 19:17:58,764 - INFO - Cases to scrape: 731
2025-12-05 19:17:58,764 - INFO - Year range: 2013-2013
2025-12-05 19:17:58,764 - INFO - Batch size: 100
2025-12-05 19:17:58,764 - INFO - ================================================================================
2025-12-05 19:17:58,765 - INFO - 
================================================================================
2025-12-05 19:17:58,765 - INFO - BATCH 1/8 (100 cases)
2025-12-05 19:17:58,765 - INFO - ================================================================================
2025-12-05 19:17:58,765 - INFO - Scraping G.R. No. 201302 (2013): Hygienic Packaging Corp. vs. Nutri-Asia, Inc. Doin...
2025-12-05 19:18:06,927 - WARNING -   ✗ Not found for G.R. No. 201302
2025-12-05 19:18:07,428 - INFO - Scraping G.R. No. 201326 (2013): Sitel Philippines Corporation vs. Commissioner of ...
2025-12-05 19:18:15,723 - WARNING -   ✗ Not found for G.R. No. 201326
2025-12-05 19:18:16,224 - INFO - Scraping G.R. No. 157988 (2013): Republic of the Philippines-Bureau of Forest Devel...
2025-12-05 19:18:16,941 - INFO -   ✓ Found at: https://lawphil.net/judjuris/juri2013/dec2013/gr_157988_2013.html
2025-12-05 19:18:16,944 - INFO -   ✓ Saved: RESTRUCTURED_DB/2013/december/157988.json
2025-12-05 19:18:17,444 - INFO - Scraping G.R. No. 189840 (2013): People of the Philippines vs. Jay Montevirgen y Oz...
2025-12-05 19:18:17,694 - INFO -   ✓ Found at: https://lawphil.net/judjuris/juri2013/dec2013/gr_189840_2013.html
2025-12-05 19:18:17,696 - INFO -   ✓ Saved: RESTRUCTURED_DB/2013/december/189840.json
2025-12-05 19:18:18,196 - INFO - Scraping G.R. No. 200713 (2013): Mario Reyes vs. Heirs of Pablo Floro...
2025-12-05 19:18:18,820 - INFO -   ✓ Found at: https://lawphil.net/judjuris/juri2013/dec2013/gr_200713_2013.html
2025-12-05 19:18:18,822 - INFO -   ✓ Saved: RESTRUCTURED_DB/2013/december/200713.json
2025-12-05 19:18:19,322 - INFO - Scraping G.R. No. 191475 (2013): Philippine Carpet Manufacturing Corporation, et al...
2025-12-05 19:18:19,788 - INFO -   ✓ Found at: https://lawphil.net/judjuris/juri2013/dec2013/gr_191475_2013.html
2025-12-05 19:18:19,790 - INFO -   ✓ Saved: RESTRUCTURED_DB/2013/december/191475.json
2025-12-05 19:18:20,290 - INFO - Scraping G.R. No. 191538 (2013): Weller Jopson vs. Fabian O. Mendoza and DBP...
2025-12-05 19:18:20,535 - INFO -   ✓ Found at: https://lawphil.net/judjuris/juri2013/dec2013/gr_191538_2013.html
2025-12-05 19:18:20,536 - INFO -   ✓ Saved: RESTRUCTURED_DB/2013/december/191538.json
2025-12-05 19:18:21,036 - INFO - Scraping G.R. No. 198113 (2013): People of the Philippines vs. Ferdinand Bautista y...
2025-12-05 19:18:21,515 - INFO -   ✓ Found at: https://lawphil.net/judjuris/juri2013/dec2013/gr_198113_2013.html
2025-12-05 19:18:21,516 - INFO -   ✓ Saved: RESTRUCTURED_DB/2013/december/198113.json
2025-12-05 19:18:22,016 - INFO - Scraping G.R. No. 173331 (2013): Florpina Benvidez vs. Nestor Salvador...
2025-12-05 19:18:22,415 - INFO -   ✓ Found at: https://lawphil.net/judjuris/juri2013/dec2013/gr_173331_2013.html
2025-12-05 19:18:22,418 - INFO -   ✓ Saved: RESTRUCTURED_DB/2013/december/173331.json
2025-12-05 19:18:22,918 - INFO - Scraping G.R. No. 184145 (2013): Commissioner of Internal Revenue vs. Dash Engineer...
2025-12-05 19:18:23,379 - INFO -   ✓ Found at: https://lawphil.net/judjuris/juri2013/dec2013/gr_184145_2013.html
2025-12-05 19:18:23,381 - INFO -   ✓ Saved: RESTRUCTURED_DB/2013/december/184145.json
2025-12-05 19:18:23,881 - INFO - Scraping G.R. No. 200602 (2013): ACE Foods, Inc. vs. Micro Pacific Technologies Co....
2025-12-05 19:18:24,377 - INFO -   ✓ Found at: https://lawphil.net/judjuris/juri2013/dec2013/gr_200602_2013.html
2025-12-05 19:18:24,378 - INFO -   ✓ Saved: RESTRUCTURED_DB/2013/december/200602.json
2025-12-05 19:18:24,878 - INFO - Scraping G.R. No. 188165 (2013): People of the Philippines vs. Hon. Sandiganbayan, ...
2025-12-05 19:18:25,142 - INFO -   ✓ Found at: https://lawphil.net/judjuris/juri2013/dec2013/gr_188165_2013.html
2025-12-05 19:18:25,145 - INFO -   ✓ Saved: RESTRUCTURED_DB/2013/december/188165.json
2025-12-05 19:18:25,645 - INFO - Scraping G.R. No. 180661 (2013): George Antiquera y Codes vs. People of the Philipp...
2025-12-05 19:18:26,102 - INFO -   ✓ Found at: https://lawphil.net/judjuris/juri2013/dec2013/gr_180661_2013.html
2025-12-05 19:18:26,103 - INFO -   ✓ Saved: RESTRUCTURED_DB/2013/december/180661.json
2025-12-05 19:18:26,604 - INFO - Scraping G.R. No. 176897 (2013): Advance Paper Corporation and George Haw, in his c...
2025-12-05 19:18:27,288 - INFO -   ✓ Found at: https://lawphil.net/judjuris/juri2013/dec2013/gr_176897_2013.html
2025-12-05 19:18:27,291 - INFO -   ✓ Saved: RESTRUCTURED_DB/2013/december/176897.json
2025-12-05 19:18:27,791 - INFO - Scraping G.R. No. 174588 (2013): Davao Town Development Corporation vs. Spouses Glo...
2025-12-05 19:18:28,466 - INFO -   ✓ Found at: https://lawphil.net/judjuris/juri2013/dec2013/gr_174588_2013.html
2025-12-05 19:18:28,469 - INFO -   ✓ Saved: RESTRUCTURED_DB/2013/december/174588.json
2025-12-05 19:18:28,969 - INFO - Scraping G.R. No. 175768 (2013): Metropolitan Bank & Trust Company vs. Spouses Edga...
2025-12-05 19:18:29,324 - INFO -   ✓ Found at: https://lawphil.net/judjuris/juri2013/dec2013/gr_175768_2013.html
2025-12-05 19:18:29,325 - INFO -   ✓ Saved: RESTRUCTURED_DB/2013/december/175768.json
2025-12-05 19:18:29,825 - INFO - Scraping G.R. No. 175874 (2013): Heirs of Cipriano Trazona, et al. vs. Heirs of Dio...
2025-12-05 19:18:30,297 - INFO -   ✓ Found at: https://lawphil.net/judjuris/juri2013/dec2013/gr_175874_2013.html
2025-12-05 19:18:30,299 - INFO -   ✓ Saved: RESTRUCTURED_DB/2013/december/175874.json
2025-12-05 19:18:30,799 - INFO - Scraping G.R. No. 193936 (2013): National Power Corporation vs. YCLA Sugar Developm...
2025-12-05 19:18:31,277 - INFO -   ✓ Found at: https://lawphil.net/judjuris/juri2013/dec2013/gr_193936_2013.html
2025-12-05 19:18:31,278 - INFO -   ✓ Saved: RESTRUCTURED_DB/2013/december/193936.json
2025-12-05 19:18:31,778 - INFO - Scraping G.R. No. 198800 (2013): Jose T. Ramirez vs. the Manila Banking Corporation...
2025-12-05 19:18:32,063 - INFO -   ✓ Found at: https://lawphil.net/judjuris/juri2013/dec2013/gr_198800_2013.html
2025-12-05 19:18:32,065 - INFO -   ✓ Saved: RESTRUCTURED_DB/2013/december/198800.json
2025-12-05 19:18:32,565 - INFO - Scraping G.R. No. 198904 (2013): Delia Ines Ringor vs. People of the Philippines...
2025-12-05 19:18:33,017 - INFO -   ✓ Found at: https://lawphil.net/judjuris/juri2013/dec2013/gr_198904_2013.html
2025-12-05 19:18:33,019 - INFO -   ✓ Saved: RESTRUCTURED_DB/2013/december/198904.json
2025-12-05 19:18:33,519 - INFO - Scraping G.R. No. 190566 (2013): Mark Jerome S. Maglalang vs. Philippine Amusement ...
2025-12-05 19:18:33,764 - INFO -   ✓ Found at: https://lawphil.net/judjuris/juri2013/dec2013/gr_190566_2013.html
2025-12-05 19:18:33,765 - INFO -   ✓ Saved: RESTRUCTURED_DB/2013/december/190566.json
2025-12-05 19:18:34,265 - INFO - Scraping G.R. No. 205442 (2013): People of the Philippines vs. Jonathan Con-U and R...
2025-12-05 19:18:34,761 - INFO -   ✓ Found at: https://lawphil.net/judjuris/juri2013/dec2013/gr_205442_2013.html
2025-12-05 19:18:34,762 - INFO -   ✓ Saved: RESTRUCTURED_DB/2013/december/205442.json
2025-12-05 19:18:35,262 - INFO - Scraping G.R. No. 198108 (2013): People of the Philippines vs. Roselito Taculod y E...
2025-12-05 19:18:36,047 - INFO -   ✓ Found at: https://lawphil.net/judjuris/juri2013/dec2013/gr_198108_2013.html
2025-12-05 19:18:36,048 - INFO -   ✓ Saved: RESTRUCTURED_DB/2013/december/198108.json
2025-12-05 19:18:36,549 - INFO - Scraping G.R. No. 208290 (2013): People of the Philippines vs. the Hon. Juanito C. ...
2025-12-05 19:18:36,795 - INFO -   ✓ Found at: https://lawphil.net/judjuris/juri2013/dec2013/gr_208290_2013.html
2025-12-05 19:18:36,796 - INFO -   ✓ Saved: RESTRUCTURED_DB/2013/december/208290.json
2025-12-05 19:18:37,296 - INFO - Scraping G.R. No. 162757 (2013): United Coconut Planters Bank vs. Christopher Lumbo...
2025-12-05 19:18:39,279 - INFO -   ✓ Found at: https://lawphil.net/judjuris/juri2013/dec2013/gr_162757_2013.html
2025-12-05 19:18:39,281 - INFO -   ✓ Saved: RESTRUCTURED_DB/2013/december/162757.json
2025-12-05 19:18:39,781 - INFO - Scraping G.R. No. 199868 (2013): People of the Philippines vs. Dalton Laurian, Jr. ...
2025-12-05 19:18:40,520 - INFO -   ✓ Found at: https://lawphil.net/judjuris/juri2013/dec2013/gr_199868_2013.html
2025-12-05 19:18:40,522 - INFO -   ✓ Saved: RESTRUCTURED_DB/2013/december/199868.json
2025-12-05 19:18:41,022 - INFO - Scraping G.R. No. 191722 (2013): People of the Philippines vs. Gerry Sabangan and N...
2025-12-05 19:18:41,510 - INFO -   ✓ Found at: https://lawphil.net/judjuris/juri2013/dec2013/gr_191722_2013.html
2025-12-05 19:18:41,512 - INFO -   ✓ Saved: RESTRUCTURED_DB/2013/december/191722.json
2025-12-05 19:18:42,012 - INFO - Scraping G.R. No. 200515 (2013): People of the Philippines vs. Lino Paldo...
2025-12-05 19:18:42,304 - INFO -   ✓ Found at: https://lawphil.net/judjuris/juri2013/dec2013/gr_200515_2013.html
2025-12-05 19:18:42,306 - INFO -   ✓ Saved: RESTRUCTURED_DB/2013/december/200515.json
2025-12-05 19:18:42,806 - INFO - Scraping G.R. No. 201715 (2013): Republic of the Philippines vs. Manila Electric Co...
2025-12-05 19:18:43,055 - INFO -   ✓ Found at: https://lawphil.net/judjuris/juri2013/dec2013/gr_201715_2013.html
2025-12-05 19:18:43,057 - INFO -   ✓ Saved: RESTRUCTURED_DB/2013/december/201715.json
2025-12-05 19:18:43,557 - INFO - Scraping G.R. No. 202060 (2013): People of the Philippines vs. Ferdinand Banzuela...
2025-12-05 19:18:43,815 - INFO -   ✓ Found at: https://lawphil.net/judjuris/juri2013/dec2013/gr_202060_2013.html
2025-12-05 19:18:43,817 - INFO -   ✓ Saved: RESTRUCTURED_DB/2013/december/202060.json
2025-12-05 19:18:44,317 - INFO - Scraping G.R. No. 192803 (2013): Alliance for Rural and Agrarian Reconstruction, In...
2025-12-05 19:18:45,096 - INFO -   ✓ Found at: https://lawphil.net/judjuris/juri2013/dec2013/gr_192803_2013.html
2025-12-05 19:18:45,099 - INFO -   ✓ Saved: RESTRUCTURED_DB/2013/december/192803.json
2025-12-05 19:18:45,599 - INFO - Scraping G.R. No. 184621 (2013): Republic of the Philippines vs. Maria Fe Espinosa ...
2025-12-05 19:18:46,053 - INFO -   ✓ Found at: https://lawphil.net/judjuris/juri2013/dec2013/gr_184621_2013.html
2025-12-05 19:18:46,055 - INFO -   ✓ Saved: RESTRUCTURED_DB/2013/december/184621.json
2025-12-05 19:18:46,555 - INFO - Scraping G.R. No. 192105 (2013): Antonio Locsin II vs. Mekeni Food Corporation...
2025-12-05 19:18:47,152 - INFO -   ✓ Found at: https://lawphil.net/judjuris/juri2013/dec2013/gr_192105_2013.html
2025-12-05 19:18:47,153 - INFO -   ✓ Saved: RESTRUCTURED_DB/2013/december/192105.json
2025-12-05 19:18:47,654 - INFO - Scraping G.R. No. 173590 (2013): Philippine Postal Corporation vs. Court of Appeals...
2025-12-05 19:18:48,332 - INFO -   ✓ Found at: https://lawphil.net/judjuris/juri2013/dec2013/gr_173590_2013.html
2025-12-05 19:18:48,334 - INFO -   ✓ Saved: RESTRUCTURED_DB/2013/december/173590.json
2025-12-05 19:18:48,835 - INFO - Scraping G.R. No. 173154 (2013): Sangwoo Philippines, Inc. and/or Sang Ik Jang, Jis...
2025-12-05 19:18:49,078 - INFO -   ✓ Found at: https://lawphil.net/judjuris/juri2013/dec2013/gr_173154_2013.html
2025-12-05 19:18:49,080 - INFO -   ✓ Saved: RESTRUCTURED_DB/2013/december/173154.json
2025-12-05 19:18:49,580 - INFO - Scraping G.R. No. 192383 (2013): Isabelo C. Dela Cruz vs. Lucila C. Dela Cruz...
2025-12-05 19:18:49,831 - INFO -   ✓ Found at: https://lawphil.net/judjuris/juri2013/dec2013/gr_192383_2013.html
2025-12-05 19:18:49,832 - INFO -   ✓ Saved: RESTRUCTURED_DB/2013/december/192383.json
2025-12-05 19:18:50,332 - INFO - Scraping G.R. No. 187661 (2013): Modesto Sanchez vs. Andrew Sanchez...
2025-12-05 19:18:50,577 - INFO -   ✓ Found at: https://lawphil.net/judjuris/juri2013/dec2013/gr_187661_2013.html
2025-12-05 19:18:50,578 - INFO -   ✓ Saved: RESTRUCTURED_DB/2013/december/187661.json
2025-12-05 19:18:51,079 - INFO - Scraping G.R. No. 194169 (2013): Romeo R. Araullo vs. Office of the Ombudsman, et a...
2025-12-05 19:18:51,968 - INFO -   ✓ Found at: https://lawphil.net/judjuris/juri2013/dec2013/gr_194169_2013.html
2025-12-05 19:18:51,970 - INFO -   ✓ Saved: RESTRUCTURED_DB/2013/december/194169.json
2025-12-05 19:18:52,470 - INFO - Scraping G.R. No. 204076 (2013): Jebsens Maritime, Inc., et al. vs. Eleno A. Baol...
2025-12-05 19:18:52,738 - INFO -   ✓ Found at: https://lawphil.net/judjuris/juri2013/dec2013/gr_204076_2013.html
2025-12-05 19:18:52,739 - INFO -   ✓ Saved: RESTRUCTURED_DB/2013/december/204076.json
2025-12-05 19:18:53,240 - INFO - Scraping G.R. No. 203186 (2013): Xavier C. Ramos vs. BPI Family Savings Bank, Inc. ...
2025-12-05 19:18:53,793 - INFO -   ✓ Found at: https://lawphil.net/judjuris/juri2013/dec2013/gr_203186_2013.html
2025-12-05 19:18:53,795 - INFO -   ✓ Saved: RESTRUCTURED_DB/2013/december/203186.json
2025-12-05 19:18:54,295 - INFO - Scraping G.R. No. 189145 (2013): Optimum Development Bank vs. Spouses Benigno V. Jo...
2025-12-05 19:18:54,552 - INFO -   ✓ Found at: https://lawphil.net/judjuris/juri2013/dec2013/gr_189145_2013.html
2025-12-05 19:18:54,553 - INFO -   ✓ Saved: RESTRUCTURED_DB/2013/december/189145.json
2025-12-05 19:18:55,053 - INFO - Scraping G.R. No. 177921 (2013): Metro Concast Steel Corp., Spouses Jose S. Dychiao...
2025-12-05 19:18:55,306 - INFO -   ✓ Found at: https://lawphil.net/judjuris/juri2013/dec2013/gr_177921_2013.html
2025-12-05 19:18:55,307 - INFO -   ✓ Saved: RESTRUCTURED_DB/2013/december/177921.json
2025-12-05 19:18:55,807 - INFO - Scraping G.R. No. 182356 (2013): Dra. Leila A. Dela Llana vs. Rebecca Biong, doing ...
2025-12-05 19:18:56,054 - INFO -   ✓ Found at: https://lawphil.net/judjuris/juri2013/dec2013/gr_182356_2013.html
2025-12-05 19:18:56,056 - INFO -   ✓ Saved: RESTRUCTURED_DB/2013/december/182356.json
2025-12-05 19:18:56,556 - INFO - Scraping G.R. No. 179691 (2013): Philippine Bank of Communication vs. Mary Ann O. Y...
2025-12-05 19:18:56,803 - INFO -   ✓ Found at: https://lawphil.net/judjuris/juri2013/dec2013/gr_179691_2013.html
2025-12-05 19:18:56,806 - INFO -   ✓ Saved: RESTRUCTURED_DB/2013/december/179691.json
2025-12-05 19:18:57,306 - INFO - Scraping G.R. No. 204828 (2013): Jaime C. Regio vs. Commission on Elections and Ron...
2025-12-05 19:18:57,965 - INFO -   ✓ Found at: https://lawphil.net/judjuris/juri2013/dec2013/gr_204828_2013.html
2025-12-05 19:18:57,968 - INFO -   ✓ Saved: RESTRUCTURED_DB/2013/december/204828.json
2025-12-05 19:18:58,468 - INFO - Scraping G.R. No. 175356 (2013): Manila Memorial Park, Inc., et al. vs. Secretary o...
2025-12-05 19:18:58,933 - INFO -   ✓ Found at: https://lawphil.net/judjuris/juri2013/dec2013/gr_175356_2013.html
2025-12-05 19:18:58,936 - INFO -   ✓ Saved: RESTRUCTURED_DB/2013/december/175356.json
2025-12-05 19:18:59,437 - INFO - Scraping G.R. No. 184496 (2013): Hadjim Hashim Abdul vs. Sandiganbayan (Fifth Divis...
2025-12-05 19:18:59,897 - INFO -   ✓ Found at: https://lawphil.net/judjuris/juri2013/dec2013/gr_184496_2013.html
2025-12-05 19:18:59,898 - INFO -   ✓ Saved: RESTRUCTURED_DB/2013/december/184496.json
2025-12-05 19:19:00,398 - INFO - Scraping G.R. No. 205413 (2013): People of the Philippines vs. Rogelio Manicat y De...
2025-12-05 19:19:00,706 - INFO -   ✓ Found at: https://lawphil.net/judjuris/juri2013/dec2013/gr_205413_2013.html
2025-12-05 19:19:00,708 - INFO -   ✓ Saved: RESTRUCTURED_DB/2013/december/205413.json
2025-12-05 19:19:01,208 - INFO - Scraping G.R. No. 188267 (2013): Baguio Central University vs. Ignacio Gallente...
2025-12-05 19:19:01,720 - INFO -   ✓ Found at: https://lawphil.net/judjuris/juri2013/dec2013/gr_188267_2013.html
2025-12-05 19:19:01,722 - INFO -   ✓ Saved: RESTRUCTURED_DB/2013/december/188267.json
2025-12-05 19:19:02,222 - INFO - Scraping G.R. No. 168979 (2013): Rebecca Pacana-Contreras, et al. vs. Rovila Water...
2025-12-05 19:19:02,903 - INFO -   ✓ Found at: https://lawphil.net/judjuris/juri2013/dec2013/gr_168979_2013.html
2025-12-05 19:19:02,905 - INFO -   ✓ Saved: RESTRUCTURED_DB/2013/december/168979.json
2025-12-05 19:19:03,405 - INFO - Scraping G.R. No. 186433 (2013): Nuccio Saverio, et al. vs. Alfonso G. Puyat...
2025-12-05 19:19:03,792 - INFO -   ✓ Found at: https://lawphil.net/judjuris/juri2013/nov2013/gr_186433_2013.html
2025-12-05 19:19:03,793 - INFO -   ✓ Saved: RESTRUCTURED_DB/2013/november/186433.json
2025-12-05 19:19:04,293 - INFO - Scraping G.R. No. 194582 (2013): People of the Philippines vs. Allan Niegas y Fallo...
2025-12-05 19:19:04,563 - INFO -   ✓ Found at: https://lawphil.net/judjuris/juri2013/nov2013/gr_194582_2013.html
2025-12-05 19:19:04,564 - INFO -   ✓ Saved: RESTRUCTURED_DB/2013/november/194582.json
2025-12-05 19:19:05,064 - INFO - Scraping G.R. No. 198318 (2013): People of the Philippines vs. PO2 Asir Gani y Alih...
2025-12-05 19:19:05,404 - INFO -   ✓ Found at: https://lawphil.net/judjuris/juri2013/nov2013/gr_198318_2013.html
2025-12-05 19:19:05,405 - INFO -   ✓ Saved: RESTRUCTURED_DB/2013/november/198318.json
2025-12-05 19:19:05,906 - INFO - Scraping G.R. No. 171464 (2013): Spouses Eliseo R. Baustista and Emperatriz C. Baus...
2025-12-05 19:19:06,188 - INFO -   ✓ Found at: https://lawphil.net/judjuris/juri2013/nov2013/gr_171464_2013.html
2025-12-05 19:19:06,190 - INFO -   ✓ Saved: RESTRUCTURED_DB/2013/november/171464.json
2025-12-05 19:19:06,690 - INFO - Scraping G.R. No. 168951 (2013): Dr. Roger R. Posadas and Dr. Rolando P. Dayco vs. ...
2025-12-05 19:19:07,127 - INFO -   ✓ Found at: https://lawphil.net/judjuris/juri2013/nov2013/gr_168951_2013.html
2025-12-05 19:19:07,128 - INFO -   ✓ Saved: RESTRUCTURED_DB/2013/november/168951.json
2025-12-05 19:19:07,629 - INFO - Scraping G.R. No. 197592 (2013): The Province of Aklan vs. Jody King Construction a...
2025-12-05 19:19:07,905 - INFO -   ✓ Found at: https://lawphil.net/judjuris/juri2013/nov2013/gr_197592_2013.html
2025-12-05 19:19:07,906 - INFO -   ✓ Saved: RESTRUCTURED_DB/2013/november/197592.json
2025-12-05 19:19:08,407 - INFO - Scraping G.R. No. 202358 (2013): Gatchalian Realty, Inc. vs. Evelyn M. Angeles...
2025-12-05 19:19:08,813 - INFO -   ✓ Found at: https://lawphil.net/judjuris/juri2013/nov2013/gr_202358_2013.html
2025-12-05 19:19:08,815 - INFO -   ✓ Saved: RESTRUCTURED_DB/2013/november/202358.json
2025-12-05 19:19:09,315 - INFO - Scraping G.R. No. 190180 (2013): People of the Philippines vs. Marissa Castillo y A...
2025-12-05 19:19:09,577 - INFO -   ✓ Found at: https://lawphil.net/judjuris/juri2013/nov2013/gr_190180_2013.html
2025-12-05 19:19:09,579 - INFO -   ✓ Saved: RESTRUCTURED_DB/2013/november/190180.json
2025-12-05 19:19:10,079 - INFO - Scraping G.R. No. 190318 (2013): People of the Philippines vs. Roberto Velasco...
2025-12-05 19:19:10,345 - INFO -   ✓ Found at: https://lawphil.net/judjuris/juri2013/nov2013/gr_190318_2013.html
2025-12-05 19:19:10,346 - INFO -   ✓ Saved: RESTRUCTURED_DB/2013/november/190318.json
2025-12-05 19:19:10,847 - INFO - Scraping G.R. No. 198718 (2013): Spouses Teodoro and Rosario Saraza, et al. vs. Wil...
2025-12-05 19:19:11,203 - INFO -   ✓ Found at: https://lawphil.net/judjuris/juri2013/nov2013/gr_198718_2013.html
2025-12-05 19:19:11,204 - INFO -   ✓ Saved: RESTRUCTURED_DB/2013/november/198718.json
2025-12-05 19:19:11,704 - INFO - Scraping G.R. No. 193839 (2013): People of the Philippines vs. Javier Cañaveras...
2025-12-05 19:19:12,489 - INFO -   ✓ Found at: https://lawphil.net/judjuris/juri2013/nov2013/gr_193839_2013.html
2025-12-05 19:19:12,490 - INFO -   ✓ Saved: RESTRUCTURED_DB/2013/november/193839.json
2025-12-05 19:19:12,991 - INFO - Scraping G.R. No. 198935 (2013): Maynilad Water Supervisors Association, represente...
2025-12-05 19:19:13,239 - INFO -   ✓ Found at: https://lawphil.net/judjuris/juri2013/nov2013/gr_198935_2013.html
2025-12-05 19:19:13,240 - INFO -   ✓ Saved: RESTRUCTURED_DB/2013/november/198935.json
2025-12-05 19:19:13,741 - INFO - Scraping G.R. No. 183923 (2013): Generoso Enesio vs. Lilia Tulop, substituted by he...
2025-12-05 19:19:14,209 - INFO -   ✓ Found at: https://lawphil.net/judjuris/juri2013/nov2013/gr_183923_2013.html
2025-12-05 19:19:14,210 - INFO -   ✓ Saved: RESTRUCTURED_DB/2013/november/183923.json
2025-12-05 19:19:14,710 - INFO - Scraping G.R. No. 194201 (2013): Spouses Bayani H. Andal and Gracia G. Andal vs. Ph...
2025-12-05 19:19:14,964 - INFO -   ✓ Found at: https://lawphil.net/judjuris/juri2013/nov2013/gr_194201_2013.html
2025-12-05 19:19:14,966 - INFO -   ✓ Saved: RESTRUCTURED_DB/2013/november/194201.json
2025-12-05 19:19:15,466 - INFO - Scraping G.R. No. 201445 (2013): People of the Philippines vs. Hermenigildo Maglent...
2025-12-05 19:19:15,764 - INFO -   ✓ Found at: https://lawphil.net/judjuris/juri2013/nov2013/gr_201445_2013.html
2025-12-05 19:19:15,765 - INFO -   ✓ Saved: RESTRUCTURED_DB/2013/november/201445.json
2025-12-05 19:19:16,266 - INFO - Scraping G.R. No. 203433 (2013): People of the Philippines vs. Faisal Loks y Pelony...
2025-12-05 19:19:16,725 - INFO -   ✓ Found at: https://lawphil.net/judjuris/juri2013/nov2013/gr_203433_2013.html
2025-12-05 19:19:16,726 - INFO -   ✓ Saved: RESTRUCTURED_DB/2013/november/203433.json
2025-12-05 19:19:17,227 - INFO - Scraping G.R. No. 176419 (2013): GMA Network, Inc. vs. Carlos P. Pabriga, Geoffrey ...
2025-12-05 19:19:17,471 - INFO -   ✓ Found at: https://lawphil.net/judjuris/juri2013/nov2013/gr_176419_2013.html
2025-12-05 19:19:17,473 - INFO -   ✓ Saved: RESTRUCTURED_DB/2013/november/176419.json
2025-12-05 19:19:17,973 - INFO - Scraping G.R. No. 194538 (2013): Moreto Mirallosa and all persons claiming rights a...
2025-12-05 19:19:18,571 - INFO -   ✓ Found at: https://lawphil.net/judjuris/juri2013/nov2013/gr_194538_2013.html
2025-12-05 19:19:18,572 - INFO -   ✓ Saved: RESTRUCTURED_DB/2013/november/194538.json
2025-12-05 19:19:19,072 - INFO - Scraping G.R. No. 199494 (2013): People of the Philippines vs. Welmo Linsie y Benev...
2025-12-05 19:19:19,589 - INFO -   ✓ Found at: https://lawphil.net/judjuris/juri2013/nov2013/gr_199494_2013.html
2025-12-05 19:19:19,590 - INFO -   ✓ Saved: RESTRUCTURED_DB/2013/november/199494.json
2025-12-05 19:19:20,090 - INFO - Scraping G.R. No. 206794 (2013): Bankers Association of the Philippines and Perry L...
2025-12-05 19:19:20,630 - INFO -   ✓ Found at: https://lawphil.net/judjuris/juri2013/nov2013/gr_206794_2013.html
2025-12-05 19:19:20,631 - INFO -   ✓ Saved: RESTRUCTURED_DB/2013/november/206794.json
2025-12-05 19:19:21,132 - INFO - Scraping G.R. No. 191756 (2013): People of the Philippines vs. Jonas Guillen y Atie...
2025-12-05 19:19:21,378 - INFO -   ✓ Found at: https://lawphil.net/judjuris/juri2013/nov2013/gr_191756_2013.html
2025-12-05 19:19:21,380 - INFO -   ✓ Saved: RESTRUCTURED_DB/2013/november/191756.json
2025-12-05 19:19:21,880 - INFO - Scraping G.R. No. 180200 (2013): Digital Telecommunications Philippines, Inc. vs. J...
2025-12-05 19:19:22,291 - INFO -   ✓ Found at: https://lawphil.net/judjuris/juri2013/nov2013/gr_180200_2013.html
2025-12-05 19:19:22,292 - INFO -   ✓ Saved: RESTRUCTURED_DB/2013/november/180200.json
2025-12-05 19:19:22,792 - INFO - Scraping G.R. No. 201105 (2013): People of the Philippines vs. Natalio Hilarion y L...
2025-12-05 19:19:23,039 - INFO -   ✓ Found at: https://lawphil.net/judjuris/juri2013/nov2013/gr_201105_2013.html
2025-12-05 19:19:23,040 - INFO -   ✓ Saved: RESTRUCTURED_DB/2013/november/201105.json
2025-12-05 19:19:23,540 - INFO - Scraping G.R. No. 206095 (2013): People of the Philippines vs. Roberto Garcia y Pad...
2025-12-05 19:19:24,002 - INFO -   ✓ Found at: https://lawphil.net/judjuris/juri2013/nov2013/gr_206095_2013.html
2025-12-05 19:19:24,003 - INFO -   ✓ Saved: RESTRUCTURED_DB/2013/november/206095.json
2025-12-05 19:19:24,504 - INFO - Scraping G.R. No. 171937 (2013): Cerila J. Calanasan, represented by Teodora J. Cal...
2025-12-05 19:19:24,966 - INFO -   ✓ Found at: https://lawphil.net/judjuris/juri2013/nov2013/gr_171937_2013.html
2025-12-05 19:19:24,967 - INFO -   ✓ Saved: RESTRUCTURED_DB/2013/november/171937.json
2025-12-05 19:19:25,467 - INFO - Scraping G.R. No. 200289 (2013): Westwind Corporation vs. UCPB General Insurance Co...
2025-12-05 19:19:26,009 - INFO -   ✓ Found at: https://lawphil.net/judjuris/juri2013/nov2013/gr_200289_2013.html
2025-12-05 19:19:26,011 - INFO -   ✓ Saved: RESTRUCTURED_DB/2013/november/200289.json
2025-12-05 19:19:26,511 - INFO - Scraping G.R. No. 165585 (2013): Government Service Insurance system vs. Prudential...
2025-12-05 19:19:26,979 - INFO -   ✓ Found at: https://lawphil.net/judjuris/juri2013/nov2013/gr_165585_2013.html
2025-12-05 19:19:26,981 - INFO -   ✓ Saved: RESTRUCTURED_DB/2013/november/165585.json
2025-12-05 19:19:27,481 - INFO - Scraping G.R. No. 188395 (2013): Heirs of the late Felix M. Bucton, namely Nicanora...
2025-12-05 19:19:27,729 - INFO -   ✓ Found at: https://lawphil.net/judjuris/juri2013/nov2013/gr_188395_2013.html
2025-12-05 19:19:27,731 - INFO -   ✓ Saved: RESTRUCTURED_DB/2013/november/188395.json
2025-12-05 19:19:28,231 - INFO - Scraping G.R. No. 181622 (2013): Genesis Investment, Inc., et al. vs. Heirs of Cefe...
2025-12-05 19:19:28,518 - INFO -   ✓ Found at: https://lawphil.net/judjuris/juri2013/nov2013/gr_181622_2013.html
2025-12-05 19:19:28,520 - INFO -   ✓ Saved: RESTRUCTURED_DB/2013/november/181622.json
2025-12-05 19:19:29,020 - INFO - Scraping G.R. No. 170618 (2013): Far Eastern Surety and Insurance Co., Inc. vs. Peo...
2025-12-05 19:19:29,407 - INFO -   ✓ Found at: https://lawphil.net/judjuris/juri2013/nov2013/gr_170618_2013.html
2025-12-05 19:19:29,408 - INFO -   ✓ Saved: RESTRUCTURED_DB/2013/november/170618.json
2025-12-05 19:19:29,908 - INFO - Scraping G.R. No. 184565 (2013): Manolito De Leon and Lourdes E. De Leon vs. Bank o...
2025-12-05 19:19:30,371 - INFO -   ✓ Found at: https://lawphil.net/judjuris/juri2013/nov2013/gr_184565_2013.html
2025-12-05 19:19:30,373 - INFO -   ✓ Saved: RESTRUCTURED_DB/2013/november/184565.json
2025-12-05 19:19:30,873 - INFO - Scraping G.R. No. 182913 (2013): Republic of the Philippines vs. Antonio Bacas, et ...
2025-12-05 19:19:31,329 - INFO -   ✓ Found at: https://lawphil.net/judjuris/juri2013/nov2013/gr_182913_2013.html
2025-12-05 19:19:31,332 - INFO -   ✓ Saved: RESTRUCTURED_DB/2013/november/182913.json
2025-12-05 19:19:31,832 - INFO - Scraping G.R. No. 203204 (2013): Heirs of Romulo D. Sandueta, namely: Gloria Sandue...
2025-12-05 19:19:32,170 - INFO -   ✓ Found at: https://lawphil.net/judjuris/juri2013/nov2013/gr_203204_2013.html
2025-12-05 19:19:32,172 - INFO -   ✓ Saved: RESTRUCTURED_DB/2013/november/203204.json
2025-12-05 19:19:32,672 - INFO - Scraping G.R. No. 184083 (2013): William C. Dagan vs. Office of the Ombudsman etc.,...
2025-12-05 19:19:33,131 - INFO -   ✓ Found at: https://lawphil.net/judjuris/juri2013/nov2013/gr_184083_2013.html
2025-12-05 19:19:33,132 - INFO -   ✓ Saved: RESTRUCTURED_DB/2013/november/184083.json
2025-12-05 19:19:33,632 - INFO - Scraping G.R. No. 173183 (2013): Sycamore Ventures Corporation, et al. vs. Metropol...
2025-12-05 19:19:33,883 - INFO -   ✓ Found at: https://lawphil.net/judjuris/juri2013/nov2013/gr_173183_2013.html
2025-12-05 19:19:33,885 - INFO -   ✓ Saved: RESTRUCTURED_DB/2013/november/173183.json
2025-12-05 19:19:34,385 - INFO - Scraping G.R. No. 179181 (2013): Roman Catholic Archbishop of Manila vs. Cresencia ...
2025-12-05 19:19:35,051 - INFO -   ✓ Found at: https://lawphil.net/judjuris/juri2013/nov2013/gr_179181_2013.html
2025-12-05 19:19:35,053 - INFO -   ✓ Saved: RESTRUCTURED_DB/2013/november/179181.json
2025-12-05 19:19:35,553 - INFO - Scraping G.R. No. 200029 (2013): People of the Philippines vs. Basilio Villarmea y ...
2025-12-05 19:19:35,913 - INFO -   ✓ Found at: https://lawphil.net/judjuris/juri2013/nov2013/gr_200029_2013.html
2025-12-05 19:19:35,914 - INFO -   ✓ Saved: RESTRUCTURED_DB/2013/november/200029.json
2025-12-05 19:19:36,415 - INFO - Scraping G.R. No. 180529 (2013): Commissioner of Internal Revenue vs. Bank of Comme...
2025-12-05 19:19:36,736 - INFO -   ✓ Found at: https://lawphil.net/judjuris/juri2013/nov2013/gr_180529_2013.html
2025-12-05 19:19:36,737 - INFO -   ✓ Saved: RESTRUCTURED_DB/2013/november/180529.json
2025-12-05 19:19:37,238 - INFO - Scraping G.R. No. 188260 (2013): Luzon Hydro Corporation vs. Commissioner of Intern...
2025-12-05 19:19:37,495 - INFO -   ✓ Found at: https://lawphil.net/judjuris/juri2013/nov2013/gr_188260_2013.html
2025-12-05 19:19:37,496 - INFO -   ✓ Saved: RESTRUCTURED_DB/2013/november/188260.json
2025-12-05 19:19:37,997 - INFO - Scraping G.R. No. 181983 (2013): Consolidated Industrial Gases, Inc. vs. Alabang Me...
2025-12-05 19:19:38,245 - INFO -   ✓ Found at: https://lawphil.net/judjuris/juri2013/nov2013/gr_181983_2013.html
2025-12-05 19:19:38,247 - INFO -   ✓ Saved: RESTRUCTURED_DB/2013/november/181983.json
2025-12-05 19:19:38,747 - INFO - Scraping G.R. No. 182314 (2013): Virginia Y. Gochan, Felix Y. Gochan, et al. vs. Ch...
2025-12-05 19:19:39,327 - INFO -   ✓ Found at: https://lawphil.net/judjuris/juri2013/nov2013/gr_182314_2013.html
2025-12-05 19:19:39,329 - INFO -   ✓ Saved: RESTRUCTURED_DB/2013/november/182314.json
2025-12-05 19:19:39,829 - INFO - Scraping G.R. No. 198338 (2013): People of the Philippines vs. P/Supt. Artemio E. L...
2025-12-05 19:19:40,342 - INFO -   ✓ Found at: https://lawphil.net/judjuris/juri2013/nov2013/gr_198338_2013.html
2025-12-05 19:19:40,342 - INFO -   ✓ Saved: RESTRUCTURED_DB/2013/november/198338.json
2025-12-05 19:19:40,843 - INFO - Scraping G.R. No. 193190 (2013): People of the Philippines vs. Marilyn Santos, et a...
2025-12-05 19:19:41,098 - INFO -   ✓ Found at: https://lawphil.net/judjuris/juri2013/nov2013/gr_193190_2013.html
2025-12-05 19:19:41,100 - INFO -   ✓ Saved: RESTRUCTURED_DB/2013/november/193190.json
2025-12-05 19:19:41,601 - INFO - Scraping G.R. No. 176702 (2013): Office of the Ombudsman vs. Marcelino A. Dechavez...
2025-12-05 19:19:41,847 - INFO -   ✓ Found at: https://lawphil.net/judjuris/juri2013/nov2013/gr_176702_2013.html
2025-12-05 19:19:41,849 - INFO -   ✓ Saved: RESTRUCTURED_DB/2013/november/176702.json
2025-12-05 19:19:42,350 - INFO - Scraping G.R. No. 170904 (2013): Bani Rural Bank, Inc., et al. vs. Teresa de Guzman...
2025-12-05 19:19:43,180 - INFO -   ✓ Found at: https://lawphil.net/judjuris/juri2013/nov2013/gr_170904_2013.html
2025-12-05 19:19:43,181 - INFO -   ✓ Saved: RESTRUCTURED_DB/2013/november/170904.json
2025-12-05 19:19:43,682 - INFO - Scraping G.R. No. 192941 (2013): People of the Philippines vs. Daniel Alcober...
2025-12-05 19:19:44,030 - INFO -   ✓ Found at: https://lawphil.net/judjuris/juri2013/nov2013/gr_192941_2013.html
2025-12-05 19:19:44,032 - INFO -   ✓ Saved: RESTRUCTURED_DB/2013/november/192941.json
2025-12-05 19:19:44,532 - INFO - Scraping G.R. No. 176269 (2013): People of the Philippines vs. Kenneth Monceda y Sy...
2025-12-05 19:19:44,844 - INFO -   ✓ Found at: https://lawphil.net/judjuris/juri2013/nov2013/gr_176269_2013.html
2025-12-05 19:19:44,846 - INFO -   ✓ Saved: RESTRUCTURED_DB/2013/november/176269.json
2025-12-05 19:19:45,347 - INFO - Scraping G.R. No. 187854 (2013): Ray Peter O. Vivo vs. Philippine Amusement and Gam...
2025-12-05 19:19:45,610 - INFO -   ✓ Found at: https://lawphil.net/judjuris/juri2013/nov2013/gr_187854_2013.html
2025-12-05 19:19:45,612 - INFO -   ✓ Saved: RESTRUCTURED_DB/2013/november/187854.json
2025-12-05 19:19:46,112 - INFO - Scraping G.R. No. 205180 (2013): Ryan Viray vs. People of the Philippines...
2025-12-05 19:19:46,572 - INFO -   ✓ Found at: https://lawphil.net/judjuris/juri2013/nov2013/gr_205180_2013.html
2025-12-05 19:19:46,574 - INFO -   ✓ Saved: RESTRUCTURED_DB/2013/november/205180.json
2025-12-05 19:19:47,074 - INFO - Scraping G.R. No. 174493 (2013): Victor Africa vs. the Hon. Sandiganbayan and Barba...
2025-12-05 19:19:55,333 - WARNING -   ✗ Not found for G.R. No. 174493
2025-12-05 19:19:55,833 - INFO - 
Batch 1 complete:
2025-12-05 19:19:55,834 - INFO -   Successful: 97
2025-12-05 19:19:55,834 - INFO -   Failed: 3
2025-12-05 19:19:55,834 - INFO -   Skipped: 0
2025-12-05 19:19:55,834 - INFO - 
Overall progress: 100/731 cases
2025-12-05 19:19:55,834 - INFO - 
================================================================================
2025-12-05 19:19:55,834 - INFO - BATCH 2/8 (100 cases)
2025-12-05 19:19:55,834 - INFO - ================================================================================
2025-12-05 19:19:55,834 - INFO - Scraping G.R. No. 181416 (2013): Medical Plaza Makati Condominium Corporation vs. R...
2025-12-05 19:19:56,312 - INFO -   ✓ Found at: https://lawphil.net/judjuris/juri2013/nov2013/gr_181416_2013.html
2025-12-05 19:19:56,314 - INFO -   ✓ Saved: RESTRUCTURED_DB/2013/november/181416.json
2025-12-05 19:19:56,814 - INFO - Scraping G.R. No. 171428 (2013): Alejandro V. Tankeh vs. Development Bank of the Ph...
2025-12-05 19:19:57,474 - INFO -   ✓ Found at: https://lawphil.net/judjuris/juri2013/nov2013/gr_171428_2013.html
2025-12-05 19:19:57,477 - INFO -   ✓ Saved: RESTRUCTURED_DB/2013/november/171428.json
2025-12-05 19:19:57,977 - INFO - Scraping G.R. No. 188526 (2013): Century Chinese Medicine Co., et al. vs. People of...
2025-12-05 19:19:58,230 - INFO -   ✓ Found at: https://lawphil.net/judjuris/juri2013/nov2013/gr_188526_2013.html
2025-12-05 19:19:58,232 - INFO -   ✓ Saved: RESTRUCTURED_DB/2013/november/188526.json
2025-12-05 19:19:58,732 - INFO - Scraping G.R. No. 181276 (2013): The Commissioner of Internal Revenue vs. Visayas G...
2025-12-05 19:19:59,195 - INFO -   ✓ Found at: https://lawphil.net/judjuris/juri2013/nov2013/gr_181276_2013.html
2025-12-05 19:19:59,197 - INFO -   ✓ Saved: RESTRUCTURED_DB/2013/november/181276.json
2025-12-05 19:19:59,698 - INFO - Scraping G.R. No. 199067 (2013): Nissan Gallery-Ortigas vs. Purification F. Felipe...
2025-12-05 19:19:59,943 - INFO -   ✓ Found at: https://lawphil.net/judjuris/juri2013/nov2013/gr_199067_2013.html
2025-12-05 19:19:59,944 - INFO -   ✓ Saved: RESTRUCTURED_DB/2013/november/199067.json
2025-12-05 19:20:00,444 - INFO - Scraping G.R. No. 184266 (2013): Applied Food Ingedients Co., Inc. vs. Commissioner...
2025-12-05 19:20:00,692 - INFO -   ✓ Found at: https://lawphil.net/judjuris/juri2013/nov2013/gr_184266_2013.html
2025-12-05 19:20:00,693 - INFO -   ✓ Saved: RESTRUCTURED_DB/2013/november/184266.json
2025-12-05 19:20:01,193 - INFO - Scraping G.R. No. 181473 (2013): People of the Philippines vs. Doney Gaduyon y Tapi...
2025-12-05 19:20:01,670 - INFO -   ✓ Found at: https://lawphil.net/judjuris/juri2013/nov2013/gr_181473_2013.html
2025-12-05 19:20:01,673 - INFO -   ✓ Saved: RESTRUCTURED_DB/2013/november/181473.json
2025-12-05 19:20:02,173 - INFO - Scraping G.R. No. 192183 (2013): People of the Philippines vs. Andy Zulueta a.k.a B...
2025-12-05 19:20:02,421 - INFO -   ✓ Found at: https://lawphil.net/judjuris/juri2013/nov2013/gr_192183_2013.html
2025-12-05 19:20:02,423 - INFO -   ✓ Saved: RESTRUCTURED_DB/2013/november/192183.json
2025-12-05 19:20:02,923 - INFO - Scraping G.R. No. 209185 (2013): Marc Douglas IV C. Cagas vs. Commission on Electio...
2025-12-05 19:20:03,572 - INFO -   ✓ Found at: https://lawphil.net/judjuris/juri2013/oct2013/gr_209185_2013.html
2025-12-05 19:20:03,574 - INFO -   ✓ Saved: RESTRUCTURED_DB/2013/october/209185.json
2025-12-05 19:20:04,074 - INFO - Scraping G.R. No. 175365 (2013): Candido S. Gemina, Jr. vs. Bankwise, Inc. et al....
2025-12-05 19:20:04,522 - INFO -   ✓ Found at: https://lawphil.net/judjuris/juri2013/oct2013/gr_175365_2013.html
2025-12-05 19:20:04,523 - INFO -   ✓ Saved: RESTRUCTURED_DB/2013/october/175365.json
2025-12-05 19:20:05,024 - INFO - Scraping G.R. No. 187899 (2013): Robert Da Jose, et al. vs. Celerina R. Angeles, et...
2025-12-05 19:20:05,330 - INFO -   ✓ Found at: https://lawphil.net/judjuris/juri2013/oct2013/gr_187899_2013.html
2025-12-05 19:20:05,331 - INFO -   ✓ Saved: RESTRUCTURED_DB/2013/october/187899.json
2025-12-05 19:20:05,831 - INFO - Scraping G.R. No. 203786 (2013): Aquiles Riosa vs. Tabaco La Suerte Corporation...
2025-12-05 19:20:06,077 - INFO -   ✓ Found at: https://lawphil.net/judjuris/juri2013/oct2013/gr_203786_2013.html
2025-12-05 19:20:06,078 - INFO -   ✓ Saved: RESTRUCTURED_DB/2013/october/203786.json
2025-12-05 19:20:06,578 - INFO - Scraping G.R. No. 184369 (2013): Heirs of Florentino Quilo, namely; Benjamin V. Qui...
2025-12-05 19:20:06,837 - INFO -   ✓ Found at: https://lawphil.net/judjuris/juri2013/oct2013/gr_184369_2013.html
2025-12-05 19:20:06,838 - INFO -   ✓ Saved: RESTRUCTURED_DB/2013/october/184369.json
2025-12-05 19:20:07,338 - INFO - Scraping G.R. No. 196036 (2013): Elizabeth M. Gagui vs. Simeon Dejero, et al....
2025-12-05 19:20:07,584 - INFO -   ✓ Found at: https://lawphil.net/judjuris/juri2013/oct2013/gr_196036_2013.html
2025-12-05 19:20:07,585 - INFO -   ✓ Saved: RESTRUCTURED_DB/2013/october/196036.json
2025-12-05 19:20:08,085 - INFO - Scraping G.R. No. 175822 (2013): California Clothing, Inc. and Michelle S. Ybanez v...
2025-12-05 19:20:08,564 - INFO -   ✓ Found at: https://lawphil.net/judjuris/juri2013/oct2013/gr_175822_2013.html
2025-12-05 19:20:08,566 - INFO -   ✓ Saved: RESTRUCTURED_DB/2013/october/175822.json
2025-12-05 19:20:09,066 - INFO - Scraping G.R. No. 202932 (2013): Edilberto U. Ventura, Jr. vs. Sps. Paulino and Eva...
2025-12-05 19:20:09,316 - INFO -   ✓ Found at: https://lawphil.net/judjuris/juri2013/oct2013/gr_202932_2013.html
2025-12-05 19:20:09,317 - INFO -   ✓ Saved: RESTRUCTURED_DB/2013/october/202932.json
2025-12-05 19:20:09,818 - INFO - Scraping G.R. No. 200053 (2013): People of the Philippines vs. Alfredo Jose y Lagua...
2025-12-05 19:20:10,288 - INFO -   ✓ Found at: https://lawphil.net/judjuris/juri2013/oct2013/gr_200053_2013.html
2025-12-05 19:20:10,290 - INFO -   ✓ Saved: RESTRUCTURED_DB/2013/october/200053.json
2025-12-05 19:20:10,790 - INFO - Scraping G.R. No. 202847 (2013): People of the Philippines vs. Antero Gamez y Balta...
2025-12-05 19:20:11,726 - INFO -   ✓ Found at: https://lawphil.net/judjuris/juri2013/oct2013/gr_202847_2013.html
2025-12-05 19:20:11,727 - INFO -   ✓ Saved: RESTRUCTURED_DB/2013/october/202847.json
2025-12-05 19:20:12,227 - INFO - Scraping G.R. No. 189801 (2013): Office of the Ombudsman (visayas) vs. Court of App...
2025-12-05 19:20:12,501 - INFO -   ✓ Found at: https://lawphil.net/judjuris/juri2013/oct2013/gr_189801_2013.html
2025-12-05 19:20:12,502 - INFO -   ✓ Saved: RESTRUCTURED_DB/2013/october/189801.json
2025-12-05 19:20:13,002 - INFO - Scraping G.R. No. 174626 (2013): Republic of the Philippines vs. Luis Miguel O. Abo...
2025-12-05 19:20:13,469 - INFO -   ✓ Found at: https://lawphil.net/judjuris/juri2013/oct2013/gr_174626_2013.html
2025-12-05 19:20:13,470 - INFO -   ✓ Saved: RESTRUCTURED_DB/2013/october/174626.json
2025-12-05 19:20:13,971 - INFO - Scraping G.R. No. 186332 (2013): Planters Development Bank vs. Sps. Ernesto Lopez a...
2025-12-05 19:20:14,390 - INFO -   ✓ Found at: https://lawphil.net/judjuris/juri2013/oct2013/gr_186332_2013.html
2025-12-05 19:20:14,392 - INFO -   ✓ Saved: RESTRUCTURED_DB/2013/october/186332.json
2025-12-05 19:20:14,893 - INFO - Scraping G.R. No. 171136 (2013): Republic of the Philippines vs. Lydia Capco De Ten...
2025-12-05 19:20:15,313 - INFO -   ✓ Found at: https://lawphil.net/judjuris/juri2013/oct2013/gr_171136_2013.html
2025-12-05 19:20:15,314 - INFO -   ✓ Saved: RESTRUCTURED_DB/2013/october/171136.json
2025-12-05 19:20:15,815 - INFO - Scraping G.R. No. 179990 (2013): Republic of the Philippines vs. Diosdada L. Gielcz...
2025-12-05 19:20:16,537 - INFO -   ✓ Found at: https://lawphil.net/judjuris/juri2013/oct2013/gr_179990_2013.html
2025-12-05 19:20:16,540 - INFO -   ✓ Saved: RESTRUCTURED_DB/2013/october/179990.json
2025-12-05 19:20:17,040 - INFO - Scraping G.R. No. 196966 (2013): People of the Philippines vs. Michael Maongco y Yu...
2025-12-05 19:20:17,283 - INFO -   ✓ Found at: https://lawphil.net/judjuris/juri2013/oct2013/gr_196966_2013.html
2025-12-05 19:20:17,285 - INFO -   ✓ Saved: RESTRUCTURED_DB/2013/october/196966.json
2025-12-05 19:20:17,785 - INFO - Scraping G.R. No. 199210 (2013): People of the Philippines vs. Ricardo M. Vidaña...
2025-12-05 19:20:18,279 - INFO -   ✓ Found at: https://lawphil.net/judjuris/juri2013/oct2013/gr_199210_2013.html
2025-12-05 19:20:18,281 - INFO -   ✓ Saved: RESTRUCTURED_DB/2013/october/199210.json
2025-12-05 19:20:18,781 - INFO - Scraping G.R. No. 198660 (2013): Ting Ting Pua vs. Spouses Benito Lo Bun Tiong and ...
2025-12-05 19:20:19,036 - INFO -   ✓ Found at: https://lawphil.net/judjuris/juri2013/oct2013/gr_198660_2013.html
2025-12-05 19:20:19,038 - INFO -   ✓ Saved: RESTRUCTURED_DB/2013/october/198660.json
2025-12-05 19:20:19,538 - INFO - Scraping G.R. No. 206952 (2013): Abang Lingkod Party-List (Abang Lingkod) vs. Commi...
2025-12-05 19:20:19,861 - INFO -   ✓ Found at: https://lawphil.net/judjuris/juri2013/oct2013/gr_206952_2013.html
2025-12-05 19:20:19,864 - INFO -   ✓ Saved: RESTRUCTURED_DB/2013/october/206952.json
2025-12-05 19:20:20,364 - INFO - Scraping G.R. No. 174321 (2013): Rolando Ganzon vs. Fernando Arlos...
2025-12-05 19:20:20,632 - INFO -   ✓ Found at: https://lawphil.net/judjuris/juri2013/oct2013/gr_174321_2013.html
2025-12-05 19:20:20,633 - INFO -   ✓ Saved: RESTRUCTURED_DB/2013/october/174321.json
2025-12-05 19:20:21,134 - INFO - Scraping G.R. No. 190834 (2013): Republic of the Philippines represented by the Com...
2025-12-05 19:20:29,408 - WARNING -   ✗ Not found for G.R. No. 190834
2025-12-05 19:20:29,909 - INFO - Scraping G.R. No. 178034 (2013): Andrew James McBurnie vs. Eulalio Ganzon, EGI-Mana...
2025-12-05 19:20:30,372 - INFO -   ✓ Found at: https://lawphil.net/judjuris/juri2013/oct2013/gr_178034_2013.html
2025-12-05 19:20:30,375 - INFO -   ✓ Saved: RESTRUCTURED_DB/2013/october/178034.json
2025-12-05 19:20:30,876 - INFO - Scraping G.R. No. 198780 (2013): Republic of the Philippines vs. Liberty D. Albios...
2025-12-05 19:20:31,338 - INFO -   ✓ Found at: https://lawphil.net/judjuris/juri2013/oct2013/gr_198780_2013.html
2025-12-05 19:20:31,340 - INFO -   ✓ Saved: RESTRUCTURED_DB/2013/october/198780.json
2025-12-05 19:20:31,840 - INFO - Scraping G.R. No. 201199 (2013): Steel Corporation of the Philippines vs. Mapfre In...
2025-12-05 19:20:32,335 - INFO -   ✓ Found at: https://lawphil.net/judjuris/juri2013/oct2013/gr_201199_2013.html
2025-12-05 19:20:32,337 - INFO -   ✓ Saved: RESTRUCTURED_DB/2013/october/201199.json
2025-12-05 19:20:32,838 - INFO - Scraping G.R. No. 191263 (2013): People of the Philippines vs. Hadji Socor Cadidia...
2025-12-05 19:20:33,083 - INFO -   ✓ Found at: https://lawphil.net/judjuris/juri2013/oct2013/gr_191263_2013.html
2025-12-05 19:20:33,085 - INFO -   ✓ Saved: RESTRUCTURED_DB/2013/october/191263.json
2025-12-05 19:20:33,585 - INFO - Scraping G.R. No. 193000 (2013): Sps. Felipe and Evelyn Sarmiento, et al. vs. Sps. ...
2025-12-05 19:20:34,275 - INFO -   ✓ Found at: https://lawphil.net/judjuris/juri2013/oct2013/gr_193000_2013.html
2025-12-05 19:20:34,276 - INFO -   ✓ Saved: RESTRUCTURED_DB/2013/october/193000.json
2025-12-05 19:20:34,777 - INFO - Scraping G.R. No. 185728 (2013): Commissioner of Internal Revenue vs. Team [Philipp...
2025-12-05 19:20:35,273 - INFO -   ✓ Found at: https://lawphil.net/judjuris/juri2013/oct2013/gr_185728_2013.html
2025-12-05 19:20:35,275 - INFO -   ✓ Saved: RESTRUCTURED_DB/2013/october/185728.json
2025-12-05 19:20:35,775 - INFO - Scraping G.R. No. 189827 (2013): Gersip Association, Inc., et al. vs. Government Se...
2025-12-05 19:20:36,034 - INFO -   ✓ Found at: https://lawphil.net/judjuris/juri2013/oct2013/gr_189827_2013.html
2025-12-05 19:20:36,036 - INFO -   ✓ Saved: RESTRUCTURED_DB/2013/october/189827.json
2025-12-05 19:20:36,536 - INFO - Scraping G.R. No. 196573 (2013): Vicotorino Opinaldo vs. Narcisa Ravina...
2025-12-05 19:20:36,878 - INFO -   ✓ Found at: https://lawphil.net/judjuris/juri2013/oct2013/gr_196573_2013.html
2025-12-05 19:20:36,880 - INFO -   ✓ Saved: RESTRUCTURED_DB/2013/october/196573.json
2025-12-05 19:20:37,381 - INFO - Scraping G.R. No. 198261 (2013): Hechanova Bugay Vilchez Lawyers, et al. vs. Atty. ...
2025-12-05 19:20:37,626 - INFO -   ✓ Found at: https://lawphil.net/judjuris/juri2013/oct2013/gr_198261_2013.html
2025-12-05 19:20:37,627 - INFO -   ✓ Saved: RESTRUCTURED_DB/2013/october/198261.json
2025-12-05 19:20:38,127 - INFO - Scraping G.R. No. 191594 (2013): David A. Raymundo vs. Galen Realty and Mining Corp...
2025-12-05 19:20:38,587 - INFO -   ✓ Found at: https://lawphil.net/judjuris/juri2013/oct2013/gr_191594_2013.html
2025-12-05 19:20:38,589 - INFO -   ✓ Saved: RESTRUCTURED_DB/2013/october/191594.json
2025-12-05 19:20:39,089 - INFO - Scraping G.R. No. 162826 (2013): Narciso Degaños vs. People of the Philippines...
2025-12-05 19:20:39,561 - INFO -   ✓ Found at: https://lawphil.net/judjuris/juri2013/oct2013/gr_162826_2013.html
2025-12-05 19:20:39,562 - INFO -   ✓ Saved: RESTRUCTURED_DB/2013/october/162826.json
2025-12-05 19:20:40,063 - INFO - Scraping G.R. No. 190650 (2013): Antonio James, et al. vs. Eurem Realty Development...
2025-12-05 19:20:40,472 - INFO -   ✓ Found at: https://lawphil.net/judjuris/juri2013/oct2013/gr_190650_2013.html
2025-12-05 19:20:40,473 - INFO -   ✓ Saved: RESTRUCTURED_DB/2013/october/190650.json
2025-12-05 19:20:40,973 - INFO - Scraping G.R. No. 190814 (2013): Michelle Lana Brown-Araneta, et al. vs. Juan Ignac...
2025-12-05 19:20:41,589 - INFO -   ✓ Found at: https://lawphil.net/judjuris/juri2013/oct2013/gr_190814_2013.html
2025-12-05 19:20:41,591 - INFO -   ✓ Saved: RESTRUCTURED_DB/2013/october/190814.json
2025-12-05 19:20:42,091 - INFO - Scraping G.R. No. 198699 (2013): Rexie A. Hormillosa vs. Coca-Cola Bottlers Phils.,...
2025-12-05 19:20:42,839 - INFO -   ✓ Found at: https://lawphil.net/judjuris/juri2013/oct2013/gr_198699_2013.html
2025-12-05 19:20:42,842 - INFO -   ✓ Saved: RESTRUCTURED_DB/2013/october/198699.json
2025-12-05 19:20:43,342 - INFO - Scraping G.R. No. 197028 (2013): Republic of the Philippines vs. Carmen Victoria Be...
2025-12-05 19:20:43,799 - INFO -   ✓ Found at: https://lawphil.net/judjuris/juri2013/oct2013/gr_197028_2013.html
2025-12-05 19:20:43,814 - INFO -   ✓ Saved: RESTRUCTURED_DB/2013/october/197028.json
2025-12-05 19:20:44,314 - INFO - Scraping G.R. No. 178008 (2013): San Fernando Regala Trading, Inc. vs. Cargill Phil...
2025-12-05 19:20:44,787 - INFO -   ✓ Found at: https://lawphil.net/judjuris/juri2013/oct2013/gr_178008_2013.html
2025-12-05 19:20:44,788 - INFO -   ✓ Saved: RESTRUCTURED_DB/2013/october/178008.json
2025-12-05 19:20:45,288 - INFO - Scraping G.R. No. 174004 (2013): Virgilio G. Cagatao vs. Guillermo Almonte, et al....
2025-12-05 19:20:45,963 - INFO -   ✓ Found at: https://lawphil.net/judjuris/juri2013/oct2013/gr_174004_2013.html
2025-12-05 19:20:45,964 - INFO -   ✓ Saved: RESTRUCTURED_DB/2013/october/174004.json
2025-12-05 19:20:46,464 - INFO - Scraping G.R. No. 181852 (2013): Eric V. Chuanico vs. Legacy Consolidated Plans, In...
2025-12-05 19:20:46,719 - INFO -   ✓ Found at: https://lawphil.net/judjuris/juri2013/oct2013/gr_181852_2013.html
2025-12-05 19:20:46,720 - INFO -   ✓ Saved: RESTRUCTURED_DB/2013/october/181852.json
2025-12-05 19:20:47,220 - INFO - Scraping G.R. No. 191362 (2013): People of the Philippines vs. Marciano Cial y Lore...
2025-12-05 19:20:47,679 - INFO -   ✓ Found at: https://lawphil.net/judjuris/juri2013/oct2013/gr_191362_2013.html
2025-12-05 19:20:47,681 - INFO -   ✓ Saved: RESTRUCTURED_DB/2013/october/191362.json
2025-12-05 19:20:48,181 - INFO - Scraping G.R. No. 197842 (2013): Jaime P. Adiano and Legaspi Towers 300, Inc. vs. A...
2025-12-05 19:20:48,644 - INFO -   ✓ Found at: https://lawphil.net/judjuris/juri2013/oct2013/gr_197842_2013.html
2025-12-05 19:20:48,646 - INFO -   ✓ Saved: RESTRUCTURED_DB/2013/october/197842.json
2025-12-05 19:20:49,146 - INFO - Scraping G.R. No. 190862 (2013): People of the Philippines vs. Ricardo Dearo, Pauli...
2025-12-05 19:20:49,394 - INFO -   ✓ Found at: https://lawphil.net/judjuris/juri2013/oct2013/gr_190862_2013.html
2025-12-05 19:20:49,395 - INFO -   ✓ Saved: RESTRUCTURED_DB/2013/october/190862.json
2025-12-05 19:20:49,895 - INFO - Scraping G.R. No. 202842 (2013): People of the Philippines vs. Florentino Galagar, ...
2025-12-05 19:20:50,356 - INFO -   ✓ Found at: https://lawphil.net/judjuris/juri2013/oct2013/gr_202842_2013.html
2025-12-05 19:20:50,357 - INFO -   ✓ Saved: RESTRUCTURED_DB/2013/october/202842.json
2025-12-05 19:20:50,857 - INFO - Scraping G.R. No. 181753 (2013): People of the Philippines vs. Ramon Placer...
2025-12-05 19:20:51,319 - INFO -   ✓ Found at: https://lawphil.net/judjuris/juri2013/oct2013/gr_181753_2013.html
2025-12-05 19:20:51,320 - INFO -   ✓ Saved: RESTRUCTURED_DB/2013/october/181753.json
2025-12-05 19:20:51,820 - INFO - Scraping G.R. No. 199901 (2013): People of the Philippines vs. Garyzaldy Guzon...
2025-12-05 19:20:52,237 - INFO -   ✓ Found at: https://lawphil.net/judjuris/juri2013/oct2013/gr_199901_2013.html
2025-12-05 19:20:52,238 - INFO -   ✓ Saved: RESTRUCTURED_DB/2013/october/199901.json
2025-12-05 19:20:52,739 - INFO - Scraping G.R. No. 196842 (2013): Alfredo Romulo A. Busuego vs. Office of the Ombuds...
2025-12-05 19:20:53,001 - INFO -   ✓ Found at: https://lawphil.net/judjuris/juri2013/oct2013/gr_196842_2013.html
2025-12-05 19:20:53,003 - INFO -   ✓ Saved: RESTRUCTURED_DB/2013/october/196842.json
2025-12-05 19:20:53,504 - INFO - Scraping G.R. No. 191063 (2013): People of the Philippines vs. Aldrin M. Galicia...
2025-12-05 19:20:53,748 - INFO -   ✓ Found at: https://lawphil.net/judjuris/juri2013/oct2013/gr_191063_2013.html
2025-12-05 19:20:53,751 - INFO -   ✓ Saved: RESTRUCTURED_DB/2013/october/191063.json
2025-12-05 19:20:54,251 - INFO - Scraping G.R. No. 170598 (2013): Far East Bank and Trust Company vs. Robert Mar Cha...
2025-12-05 19:20:54,787 - INFO -   ✓ Found at: https://lawphil.net/judjuris/juri2013/oct2013/gr_170598_2013.html
2025-12-05 19:20:54,790 - INFO -   ✓ Saved: RESTRUCTURED_DB/2013/october/170598.json
2025-12-05 19:20:55,290 - INFO - Scraping G.R. No. 162802 (2013): Eds Manufacturing, Inc. vs. Healthcheck Internatio...
2025-12-05 19:20:55,534 - INFO -   ✓ Found at: https://lawphil.net/judjuris/juri2013/oct2013/gr_162802_2013.html
2025-12-05 19:20:55,535 - INFO -   ✓ Saved: RESTRUCTURED_DB/2013/october/162802.json
2025-12-05 19:20:56,035 - INFO - Scraping G.R. No. 187485 (2013): Commissioner of Internal Revenue vs. San Roque Pow...
2025-12-05 19:20:56,559 - INFO -   ✓ Found at: https://lawphil.net/judjuris/juri2013/oct2013/gr_187485_2013.html
2025-12-05 19:20:56,560 - INFO -   ✓ Saved: RESTRUCTURED_DB/2013/october/187485.json
2025-12-05 19:20:57,060 - INFO - Scraping G.R. No. 184517 (2013): SME Bank Inc., Abelardo P. Samson, Olga Samson and...
2025-12-05 19:20:57,304 - INFO -   ✓ Found at: https://lawphil.net/judjuris/juri2013/oct2013/gr_184517_2013.html
2025-12-05 19:20:57,306 - INFO -   ✓ Saved: RESTRUCTURED_DB/2013/october/184517.json
2025-12-05 19:20:57,807 - INFO - Scraping G.R. No. 190622 (2013): People of the Philippines vs. Rodolfo De Jesus y M...
2025-12-05 19:20:58,267 - INFO -   ✓ Found at: https://lawphil.net/judjuris/juri2013/oct2013/gr_190622_2013.html
2025-12-05 19:20:58,269 - INFO -   ✓ Saved: RESTRUCTURED_DB/2013/october/190622.json
2025-12-05 19:20:58,769 - INFO - Scraping G.R. No. 183110 (2013): Republic of the Philippines vs. Azucena Saavedra B...
2025-12-05 19:20:59,062 - INFO -   ✓ Found at: https://lawphil.net/judjuris/juri2013/oct2013/gr_183110_2013.html
2025-12-05 19:20:59,065 - INFO -   ✓ Saved: RESTRUCTURED_DB/2013/october/183110.json
2025-12-05 19:20:59,565 - INFO - Scraping G.R. No. 198400 (2013): Fe Abella Y Perpetua vs. People of the Philippines...
2025-12-05 19:20:59,811 - INFO -   ✓ Found at: https://lawphil.net/judjuris/juri2013/oct2013/gr_198400_2013.html
2025-12-05 19:20:59,813 - INFO -   ✓ Saved: RESTRUCTURED_DB/2013/october/198400.json
2025-12-05 19:21:00,313 - INFO - Scraping G.R. No. 169588 (2013): Jadewell Parking Systems Corporation, represented ...
2025-12-05 19:21:00,559 - INFO -   ✓ Found at: https://lawphil.net/judjuris/juri2013/oct2013/gr_169588_2013.html
2025-12-05 19:21:00,561 - INFO -   ✓ Saved: RESTRUCTURED_DB/2013/october/169588.json
2025-12-05 19:21:01,061 - INFO - Scraping G.R. No. 169234 (2013): Camp John Hay Development Corporation vs. Central ...
2025-12-05 19:21:01,347 - INFO -   ✓ Found at: https://lawphil.net/judjuris/juri2013/oct2013/gr_169234_2013.html
2025-12-05 19:21:01,349 - INFO -   ✓ Saved: RESTRUCTURED_DB/2013/october/169234.json
2025-12-05 19:21:01,850 - INFO - Scraping G.R. No. 197832 (2013): Anita Ramirez vs. People of the Philippines...
2025-12-05 19:21:02,101 - INFO -   ✓ Found at: https://lawphil.net/judjuris/juri2013/oct2013/gr_197832_2013.html
2025-12-05 19:21:02,102 - INFO -   ✓ Saved: RESTRUCTURED_DB/2013/october/197832.json
2025-12-05 19:21:02,602 - INFO - Scraping G.R. No. 196051 (2013): People of the Philippines vs. Jade Cuaycong y Remo...
2025-12-05 19:21:03,298 - INFO -   ✓ Found at: https://lawphil.net/judjuris/juri2013/oct2013/gr_196051_2013.html
2025-12-05 19:21:03,299 - INFO -   ✓ Saved: RESTRUCTURED_DB/2013/october/196051.json
2025-12-05 19:21:03,800 - INFO - Scraping G.R. No. 200740 (2013): Land Transprotation Franchising and Regulatory Boa...
2025-12-05 19:21:04,056 - INFO -   ✓ Found at: https://lawphil.net/judjuris/juri2013/oct2013/gr_200740_2013.html
2025-12-05 19:21:04,057 - INFO -   ✓ Saved: RESTRUCTURED_DB/2013/october/200740.json
2025-12-05 19:21:04,558 - INFO - Scraping G.R. No. 201109 (2013): People of the Philippines vs. Jovi Pornillos y Hal...
2025-12-05 19:21:04,942 - INFO -   ✓ Found at: https://lawphil.net/judjuris/juri2013/oct2013/gr_201109_2013.html
2025-12-05 19:21:04,943 - INFO -   ✓ Saved: RESTRUCTURED_DB/2013/october/201109.json
2025-12-05 19:21:05,443 - INFO - Scraping G.R. No. 190016 (2013): Frederick Ventura, et al. vs. Heirs of Sps. Eustac...
2025-12-05 19:21:05,924 - INFO -   ✓ Found at: https://lawphil.net/judjuris/juri2013/oct2013/gr_190016_2013.html
2025-12-05 19:21:05,926 - INFO -   ✓ Saved: RESTRUCTURED_DB/2013/october/190016.json
2025-12-05 19:21:06,426 - INFO - Scraping G.R. No. 181508 (2013): Oscar Constantino, et al. vs. Heirs of Pedro Const...
2025-12-05 19:21:07,323 - INFO -   ✓ Found at: https://lawphil.net/judjuris/juri2013/oct2013/gr_181508_2013.html
2025-12-05 19:21:07,325 - INFO -   ✓ Saved: RESTRUCTURED_DB/2013/october/181508.json
2025-12-05 19:21:07,825 - INFO - Scraping G.R. No. 202920 (2013): Richard Chua vs. the Executive Judge, Mertopolitan...
2025-12-05 19:21:08,093 - INFO -   ✓ Found at: https://lawphil.net/judjuris/juri2013/oct2013/gr_202920_2013.html
2025-12-05 19:21:08,094 - INFO -   ✓ Saved: RESTRUCTURED_DB/2013/october/202920.json
2025-12-05 19:21:08,594 - INFO - Scraping G.R. No. 202868 (2013): People of the Philippines vs. Michael Espera Y Cuy...
2025-12-05 19:21:09,251 - INFO -   ✓ Found at: https://lawphil.net/judjuris/juri2013/oct2013/gr_202868_2013.html
2025-12-05 19:21:09,253 - INFO -   ✓ Saved: RESTRUCTURED_DB/2013/october/202868.json
2025-12-05 19:21:09,753 - INFO - Scraping G.R. No. 188285 (2013): Benito E. Lorenzo vs. Government Service Insurance...
2025-12-05 19:21:19,002 - WARNING -   ✗ Not found for G.R. No. 188285
2025-12-05 19:21:19,503 - INFO - Scraping G.R. No. 172701 (2013): People of the Philippines vs. Halil Gambao, et al....
2025-12-05 19:21:27,772 - WARNING -   ✗ Not found for G.R. No. 172701
2025-12-05 19:21:28,272 - INFO - Scraping G.R. No. 187378 (2013): Ramonito O. Acaac, et al. vs. Melquiades D. Azcuna...
2025-12-05 19:21:28,582 - INFO -   ✓ Found at: https://lawphil.net/judjuris/juri2013/sep2013/gr_187378_2013.html
2025-12-05 19:21:28,584 - INFO -   ✓ Saved: RESTRUCTURED_DB/2013/september/187378.json
2025-12-05 19:21:29,084 - INFO - Scraping G.R. No. 180427 (2013): Crisanta Guido-Enriquez vs. Alicia I. Victorino, e...
2025-12-05 19:21:29,525 - INFO -   ✓ Found at: https://lawphil.net/judjuris/juri2013/sep2013/gr_180427_2013.html
2025-12-05 19:21:29,527 - INFO -   ✓ Saved: RESTRUCTURED_DB/2013/september/180427.json
2025-12-05 19:21:30,027 - INFO - Scraping G.R. No. 201787 (2013): Analita P. Inocencion, substituting for Ramon Inoc...
2025-12-05 19:21:30,284 - INFO -   ✓ Found at: https://lawphil.net/judjuris/juri2013/sep2013/gr_201787_2013.html
2025-12-05 19:21:30,285 - INFO -   ✓ Saved: RESTRUCTURED_DB/2013/september/201787.json
2025-12-05 19:21:30,786 - INFO - Scraping G.R. No. 197550 (2013): People of the Philippines vs. Arturo Enriquez y De...
2025-12-05 19:21:31,239 - INFO -   ✓ Found at: https://lawphil.net/judjuris/juri2013/sep2013/gr_197550_2013.html
2025-12-05 19:21:31,241 - INFO -   ✓ Saved: RESTRUCTURED_DB/2013/september/197550.json
2025-12-05 19:21:31,742 - INFO - Scraping G.R. No. 201103 (2013): People of the Philippines vs. Jimmy Cedenio y Pera...
2025-12-05 19:21:32,210 - INFO -   ✓ Found at: https://lawphil.net/judjuris/juri2013/sep2013/gr_201103_2013.html
2025-12-05 19:21:32,211 - INFO -   ✓ Saved: RESTRUCTURED_DB/2013/september/201103.json
2025-12-05 19:21:32,711 - INFO - Scraping G.R. No. 179259 (2013): Commissioner of Internal Revenue vs. Philippine Ai...
2025-12-05 19:21:32,956 - INFO -   ✓ Found at: https://lawphil.net/judjuris/juri2013/sep2013/gr_179259_2013.html
2025-12-05 19:21:32,958 - INFO -   ✓ Saved: RESTRUCTURED_DB/2013/september/179259.json
2025-12-05 19:21:33,458 - INFO - Scraping G.R. No. 185383 (2013): People of the Philippines vs. Giovanni Ocfemia y C...
2025-12-05 19:21:33,705 - INFO -   ✓ Found at: https://lawphil.net/judjuris/juri2013/sep2013/gr_185383_2013.html
2025-12-05 19:21:33,707 - INFO -   ✓ Saved: RESTRUCTURED_DB/2013/september/185383.json
2025-12-05 19:21:34,207 - INFO - Scraping G.R. No. 197813 (2013): People of the Philippines vs. Edwin Ibanez y Alban...
2025-12-05 19:21:34,505 - INFO -   ✓ Found at: https://lawphil.net/judjuris/juri2013/sep2013/gr_197813_2013.html
2025-12-05 19:21:34,506 - INFO -   ✓ Saved: RESTRUCTURED_DB/2013/september/197813.json
2025-12-05 19:21:35,007 - INFO - Scraping G.R. No. 202158 (2013): Eric Alvarez (deceased) sbustituted by Elizabeth A...
2025-12-05 19:21:35,283 - INFO -   ✓ Found at: https://lawphil.net/judjuris/juri2013/sep2013/gr_202158_2013.html
2025-12-05 19:21:35,284 - INFO -   ✓ Saved: RESTRUCTURED_DB/2013/september/202158.json
2025-12-05 19:21:35,784 - INFO - Scraping G.R. No. 204603 (2013): Republic of the Philippines represented by the Exe...
2025-12-05 19:21:36,083 - INFO -   ✓ Found at: https://lawphil.net/judjuris/juri2013/sep2013/gr_204603_2013.html
2025-12-05 19:21:36,085 - INFO -   ✓ Saved: RESTRUCTURED_DB/2013/september/204603.json
2025-12-05 19:21:36,585 - INFO - Scraping G.R. No. 170018 (2013): Department of Agrarian Reform, represented by OIC-...
2025-12-05 19:21:37,107 - INFO -   ✓ Found at: https://lawphil.net/judjuris/juri2013/sep2013/gr_170018_2013.html
2025-12-05 19:21:37,108 - INFO -   ✓ Saved: RESTRUCTURED_DB/2013/september/170018.json
2025-12-05 19:21:37,609 - INFO - Scraping G.R. No. 167174 (2013): Spouses Carmelito and Antonia Aldover vs. the Cour...
2025-12-05 19:21:38,080 - INFO -   ✓ Found at: https://lawphil.net/judjuris/juri2013/sep2013/gr_167174_2013.html
2025-12-05 19:21:38,082 - INFO -   ✓ Saved: RESTRUCTURED_DB/2013/september/167174.json
2025-12-05 19:21:38,582 - INFO - Scraping G.R. No. 202370 (2013): Juan Sevilla Salas, Jr. Eden Villena Aguila...
2025-12-05 19:21:38,828 - INFO -   ✓ Found at: https://lawphil.net/judjuris/juri2013/sep2013/gr_202370_2013.html
2025-12-05 19:21:38,829 - INFO -   ✓ Saved: RESTRUCTURED_DB/2013/september/202370.json
2025-12-05 19:21:39,329 - INFO - Scraping G.R. No. 171206 (2013): Heirs of the late Sps. Flaviano Maglasang and Salu...
2025-12-05 19:21:39,793 - INFO -   ✓ Found at: https://lawphil.net/judjuris/juri2013/sep2013/gr_171206_2013.html
2025-12-05 19:21:39,795 - INFO -   ✓ Saved: RESTRUCTURED_DB/2013/september/171206.json
2025-12-05 19:21:40,295 - INFO - Scraping G.R. No. 187731 (2013): People of the Philippines vs. SPO1 Alfredo Alawig...
2025-12-05 19:21:40,541 - INFO -   ✓ Found at: https://lawphil.net/judjuris/juri2013/sep2013/gr_187731_2013.html
2025-12-05 19:21:40,543 - INFO -   ✓ Saved: RESTRUCTURED_DB/2013/september/187731.json
2025-12-05 19:21:41,043 - INFO - Scraping G.R. No. 200080 (2013): People of the Philippines vs. Marvin Cayanan...
2025-12-05 19:21:41,289 - INFO -   ✓ Found at: https://lawphil.net/judjuris/juri2013/sep2013/gr_200080_2013.html
2025-12-05 19:21:41,290 - INFO -   ✓ Saved: RESTRUCTURED_DB/2013/september/200080.json
2025-12-05 19:21:41,790 - INFO - Scraping G.R. No. 203068 (2013): People of the Philippines vs. Ryan Frias y Galang ...
2025-12-05 19:21:42,073 - INFO -   ✓ Found at: https://lawphil.net/judjuris/juri2013/sep2013/gr_203068_2013.html
2025-12-05 19:21:42,074 - INFO -   ✓ Saved: RESTRUCTURED_DB/2013/september/203068.json
2025-12-05 19:21:42,574 - INFO - Scraping G.R. No. 171633 (2013): Juanito Victor C. Remulla vs. Erineo S. Maliksi, e...
2025-12-05 19:21:42,820 - INFO -   ✓ Found at: https://lawphil.net/judjuris/juri2013/sep2013/gr_171633_2013.html
2025-12-05 19:21:42,821 - INFO -   ✓ Saved: RESTRUCTURED_DB/2013/september/171633.json
2025-12-05 19:21:43,322 - INFO - Scraping G.R. No. 184011 (2013): Reynaldo Hayan Moya vs. First Solid Rubber Industr...
2025-12-05 19:21:43,564 - INFO -   ✓ Found at: https://lawphil.net/judjuris/juri2013/sep2013/gr_184011_2013.html
2025-12-05 19:21:43,565 - INFO -   ✓ Saved: RESTRUCTURED_DB/2013/september/184011.json
2025-12-05 19:21:44,065 - INFO - Scraping G.R. No. 203315 (2013): People of the Philippines vs. Joey Bacatan...
2025-12-05 19:21:44,310 - INFO -   ✓ Found at: https://lawphil.net/judjuris/juri2013/sep2013/gr_203315_2013.html
2025-12-05 19:21:44,313 - INFO -   ✓ Saved: RESTRUCTURED_DB/2013/september/203315.json
2025-12-05 19:21:44,814 - INFO - Scraping G.R. No. 191256 (2013): People of the philippines vs. Gary Alinao...
2025-12-05 19:21:45,060 - INFO -   ✓ Found at: https://lawphil.net/judjuris/juri2013/sep2013/gr_191256_2013.html
2025-12-05 19:21:45,063 - INFO -   ✓ Saved: RESTRUCTURED_DB/2013/september/191256.json
2025-12-05 19:21:45,563 - INFO - Scraping G.R. No. 192253 (2013): People of the Philippines vs. Carlito Espenilla...
2025-12-05 19:21:45,809 - INFO -   ✓ Found at: https://lawphil.net/judjuris/juri2013/sep2013/gr_192253_2013.html
2025-12-05 19:21:45,811 - INFO -   ✓ Saved: RESTRUCTURED_DB/2013/september/192253.json
2025-12-05 19:21:46,311 - INFO - Scraping G.R. No. 180064 (2013): Jose U. Pua and Benjamin Hanben U. Pua vs. Citiban...
2025-12-05 19:21:46,557 - INFO -   ✓ Found at: https://lawphil.net/judjuris/juri2013/sep2013/gr_180064_2013.html
2025-12-05 19:21:46,558 - INFO -   ✓ Saved: RESTRUCTURED_DB/2013/september/180064.json
2025-12-05 19:21:47,058 - INFO - Scraping G.R. No. 166330 (2013): Smart Communications, Inc. vs. Arsenio Aldecoa, et...
2025-12-05 19:21:47,312 - INFO -   ✓ Found at: https://lawphil.net/judjuris/juri2013/sep2013/gr_166330_2013.html
2025-12-05 19:21:47,315 - INFO -   ✓ Saved: RESTRUCTURED_DB/2013/september/166330.json
2025-12-05 19:21:47,815 - INFO - Scraping G.R. No. 192576 (2013): CIR; Fortune Tobacco Corporation/Fortune Tobacco C...
2025-12-05 19:21:55,922 - WARNING -   ✗ Not found for G.R. No. 192576
2025-12-05 19:21:56,422 - INFO - Scraping G.R. No. 174461 (2013): Letecia I. Kummer vs. People of the Philippines...
2025-12-05 19:21:56,685 - INFO -   ✓ Found at: https://lawphil.net/judjuris/juri2013/sep2013/gr_174461_2013.html
2025-12-05 19:21:56,687 - INFO -   ✓ Saved: RESTRUCTURED_DB/2013/september/174461.json
2025-12-05 19:21:57,187 - INFO - 
Batch 2 complete:
2025-12-05 19:21:57,187 - INFO -   Successful: 96
2025-12-05 19:21:57,187 - INFO -   Failed: 4
2025-12-05 19:21:57,187 - INFO -   Skipped: 0
2025-12-05 19:21:57,187 - INFO - 
Overall progress: 200/731 cases
2025-12-05 19:21:57,187 - INFO - 
================================================================================
2025-12-05 19:21:57,187 - INFO - BATCH 3/8 (100 cases)
2025-12-05 19:21:57,187 - INFO - ================================================================================
2025-12-05 19:21:57,187 - INFO - Scraping G.R. No. 175277 (2013): Unicapital Inc., et al. vs. Rafael Jose Consing, J...
2025-12-05 19:21:57,432 - INFO -   ✓ Found at: https://lawphil.net/judjuris/juri2013/sep2013/gr_175277_2013.html
2025-12-05 19:21:57,434 - INFO -   ✓ Saved: RESTRUCTURED_DB/2013/september/175277.json
2025-12-05 19:21:57,934 - INFO - Scraping G.R. No. 203039 (2013): Republic of the Philippines represented by the Dep...
2025-12-05 19:21:58,394 - INFO -   ✓ Found at: https://lawphil.net/judjuris/juri2013/sep2013/gr_203039_2013.html
2025-12-05 19:21:58,395 - INFO -   ✓ Saved: RESTRUCTURED_DB/2013/september/203039.json
2025-12-05 19:21:58,895 - INFO - Scraping G.R. No. 204169 (2013): Yasuo Iwasawa vs. Felisa Custodio Gangan (a.k.a. "...
2025-12-05 19:21:59,166 - INFO -   ✓ Found at: https://lawphil.net/judjuris/juri2013/sep2013/gr_204169_2013.html
2025-12-05 19:21:59,166 - INFO -   ✓ Saved: RESTRUCTURED_DB/2013/september/204169.json
2025-12-05 19:21:59,667 - INFO - Scraping G.R. No. 179594 (2013): Manuel Uy & Sons, Inc. vs. Valbueco, Incorporated...
2025-12-05 19:22:00,162 - INFO -   ✓ Found at: https://lawphil.net/judjuris/juri2013/sep2013/gr_179594_2013.html
2025-12-05 19:22:00,164 - INFO -   ✓ Saved: RESTRUCTURED_DB/2013/september/179594.json
2025-12-05 19:22:00,664 - INFO - Scraping G.R. No. 183804 (2013): S.C. Megaworld Construction and Development Corpor...
2025-12-05 19:22:01,357 - INFO -   ✓ Found at: https://lawphil.net/judjuris/juri2013/sep2013/gr_183804_2013.html
2025-12-05 19:22:01,360 - INFO -   ✓ Saved: RESTRUCTURED_DB/2013/september/183804.json
2025-12-05 19:22:01,860 - INFO - Scraping G.R. No. 197522 (2013): Eliseo V. Aguilar vs. Department of Justice, et al...
2025-12-05 19:22:02,182 - INFO -   ✓ Found at: https://lawphil.net/judjuris/juri2013/sep2013/gr_197522_2013.html
2025-12-05 19:22:02,185 - INFO -   ✓ Saved: RESTRUCTURED_DB/2013/september/197522.json
2025-12-05 19:22:02,685 - INFO - Scraping G.R. No. 196200 (2013): Ernesto Dy vs. Hon. Gina M. Bibat-Palamos, in her ...
2025-12-05 19:22:03,140 - INFO -   ✓ Found at: https://lawphil.net/judjuris/juri2013/sep2013/gr_196200_2013.html
2025-12-05 19:22:03,141 - INFO -   ✓ Saved: RESTRUCTURED_DB/2013/september/196200.json
2025-12-05 19:22:03,642 - INFO - Scraping G.R. No. 180284 (2013): Narciso Salas vs. Annabelle Matusalem...
2025-12-05 19:22:04,218 - INFO -   ✓ Found at: https://lawphil.net/judjuris/juri2013/sep2013/gr_180284_2013.html
2025-12-05 19:22:04,220 - INFO -   ✓ Saved: RESTRUCTURED_DB/2013/september/180284.json
2025-12-05 19:22:04,720 - INFO - Scraping G.R. No. 206987 (2013): Alliance for Nationalism and Democracy (ANAD) vs. ...
2025-12-05 19:22:05,055 - INFO -   ✓ Found at: https://lawphil.net/judjuris/juri2013/sep2013/gr_206987_2013.html
2025-12-05 19:22:05,056 - INFO -   ✓ Saved: RESTRUCTURED_DB/2013/september/206987.json
2025-12-05 19:22:05,556 - INFO - Scraping G.R. No. 195395 (2013): Engineer Manolito P. Mendoza vs. Commission on Aud...
2025-12-05 19:22:13,918 - WARNING -   ✗ Not found for G.R. No. 195395
2025-12-05 19:22:14,419 - INFO - Scraping G.R. No. 167484 (2013): Hernando Borra, John Pacheo, et al. vs. CA, 2nd an...
2025-12-05 19:22:14,773 - INFO -   ✓ Found at: https://lawphil.net/judjuris/juri2013/sep2013/gr_167484_2013.html
2025-12-05 19:22:14,774 - INFO -   ✓ Saved: RESTRUCTURED_DB/2013/september/167484.json
2025-12-05 19:22:15,275 - INFO - Scraping G.R. No. 184732 (2013): Corazon S. Cruz under the name and style, Villa Co...
2025-12-05 19:22:15,516 - INFO -   ✓ Found at: https://lawphil.net/judjuris/juri2013/sep2013/gr_184732_2013.html
2025-12-05 19:22:15,517 - INFO -   ✓ Saved: RESTRUCTURED_DB/2013/september/184732.json
2025-12-05 19:22:16,017 - INFO - Scraping G.R. No. 183952 (2013): Czarina T. Malvar Vs Kraft Foods Phils., Inc., et ...
2025-12-05 19:22:16,268 - INFO -   ✓ Found at: https://lawphil.net/judjuris/juri2013/sep2013/gr_183952_2013.html
2025-12-05 19:22:16,270 - INFO -   ✓ Saved: RESTRUCTURED_DB/2013/september/183952.json
2025-12-05 19:22:16,771 - INFO - Scraping G.R. No. 158866 (2013): Banco Filipino Savings and Mortage Bank vs. Tala R...
2025-12-05 19:22:17,247 - INFO -   ✓ Found at: https://lawphil.net/judjuris/juri2013/sep2013/gr_158866_2013.html
2025-12-05 19:22:17,249 - INFO -   ✓ Saved: RESTRUCTURED_DB/2013/september/158866.json
2025-12-05 19:22:17,749 - INFO - Scraping G.R. No. 170388 (2013): Colegio del Santisimo Rosario and Sr. Zenaida S. M...
2025-12-05 19:22:17,997 - INFO -   ✓ Found at: https://lawphil.net/judjuris/juri2013/sep2013/gr_170388_2013.html
2025-12-05 19:22:17,998 - INFO -   ✓ Saved: RESTRUCTURED_DB/2013/september/170388.json
2025-12-05 19:22:18,499 - INFO - Scraping G.R. No. 200508 (2013): People of the Philippines vs. Christopher Rivera y...
2025-12-05 19:22:18,802 - INFO -   ✓ Found at: https://lawphil.net/judjuris/juri2013/sep2013/gr_200508_2013.html
2025-12-05 19:22:18,804 - INFO -   ✓ Saved: RESTRUCTURED_DB/2013/september/200508.json
2025-12-05 19:22:19,304 - INFO - Scraping G.R. No. 157943 (2013): People of the Philippines vs. Gilbert Reyes Wagas...
2025-12-05 19:22:19,661 - INFO -   ✓ Found at: https://lawphil.net/judjuris/juri2013/sep2013/gr_157943_2013.html
2025-12-05 19:22:19,663 - INFO -   ✓ Saved: RESTRUCTURED_DB/2013/september/157943.json
2025-12-05 19:22:20,163 - INFO - Scraping G.R. No. 166836 (2013): San Miguel Properties, Inc. vs. Secretary of Justi...
2025-12-05 19:22:20,632 - INFO -   ✓ Found at: https://lawphil.net/judjuris/juri2013/sep2013/gr_166836_2013.html
2025-12-05 19:22:20,633 - INFO -   ✓ Saved: RESTRUCTURED_DB/2013/september/166836.json
2025-12-05 19:22:21,134 - INFO - Scraping G.R. No. 189874 (2013): Rodulfo Valcurza and Beatriz Lasaga, et al. vs. At...
2025-12-05 19:22:21,700 - INFO -   ✓ Found at: https://lawphil.net/judjuris/juri2013/sep2013/gr_189874_2013.html
2025-12-05 19:22:21,702 - INFO -   ✓ Saved: RESTRUCTURED_DB/2013/september/189874.json
2025-12-05 19:22:22,202 - INFO - Scraping G.R. No. 198444 (2013): Citibank, N.A. and the Citigroup Private Bank vs. ...
2025-12-05 19:22:22,447 - INFO -   ✓ Found at: https://lawphil.net/judjuris/juri2013/sep2013/gr_198444_2013.html
2025-12-05 19:22:22,448 - INFO -   ✓ Saved: RESTRUCTURED_DB/2013/september/198444.json
2025-12-05 19:22:22,949 - INFO - Scraping G.R. No. 182371 (2013): Heirs of Melencio Yu, et al. vs. Honorable Court o...
2025-12-05 19:22:23,199 - INFO -   ✓ Found at: https://lawphil.net/judjuris/juri2013/sep2013/gr_182371_2013.html
2025-12-05 19:22:23,201 - INFO -   ✓ Saved: RESTRUCTURED_DB/2013/september/182371.json
2025-12-05 19:22:23,701 - INFO - Scraping G.R. No. 198075 (2013): Koppel, Inc. vs. Makati Rotary Club Foundation, In...
2025-12-05 19:22:24,167 - INFO -   ✓ Found at: https://lawphil.net/judjuris/juri2013/sep2013/gr_198075_2013.html
2025-12-05 19:22:24,169 - INFO -   ✓ Saved: RESTRUCTURED_DB/2013/september/198075.json
2025-12-05 19:22:24,669 - INFO - Scraping G.R. No. 187268 (2013): Jovito C. Plameras vs. People of the Philippines...
2025-12-05 19:22:25,123 - INFO -   ✓ Found at: https://lawphil.net/judjuris/juri2013/sep2013/gr_187268_2013.html
2025-12-05 19:22:25,125 - INFO -   ✓ Saved: RESTRUCTURED_DB/2013/september/187268.json
2025-12-05 19:22:25,625 - INFO - Scraping G.R. No. 179987 (2013): Heirs of Mario Malabanan (represented by Sally A. ...
2025-12-05 19:22:25,925 - INFO -   ✓ Found at: https://lawphil.net/judjuris/juri2013/sep2013/gr_179987_2013.html
2025-12-05 19:22:25,927 - INFO -   ✓ Saved: RESTRUCTURED_DB/2013/september/179987.json
2025-12-05 19:22:26,428 - INFO - Scraping G.R. No. 189822 (2013): People of the Philippines vs. Jojie Suansing...
2025-12-05 19:22:26,889 - INFO -   ✓ Found at: https://lawphil.net/judjuris/juri2013/sep2013/gr_189822_2013.html
2025-12-05 19:22:26,891 - INFO -   ✓ Saved: RESTRUCTURED_DB/2013/september/189822.json
2025-12-05 19:22:27,391 - INFO - Scraping G.R. No. 198174 (2013): Alpha Insurance and Surety Co. vs. Arsenia Sonia C...
2025-12-05 19:22:28,134 - INFO -   ✓ Found at: https://lawphil.net/judjuris/juri2013/sep2013/gr_198174_2013.html
2025-12-05 19:22:28,135 - INFO -   ✓ Saved: RESTRUCTURED_DB/2013/september/198174.json
2025-12-05 19:22:28,635 - INFO - Scraping G.R. No. 162226 (2013): Sangguniang Barangay of Pangasugan, Baybay, Leyte ...
2025-12-05 19:22:28,987 - INFO -   ✓ Found at: https://lawphil.net/judjuris/juri2013/sep2013/gr_162226_2013.html
2025-12-05 19:22:28,988 - INFO -   ✓ Saved: RESTRUCTURED_DB/2013/september/162226.json
2025-12-05 19:22:29,488 - INFO - Scraping G.R. No. 169461 (2013): First Gas Power Corporation vs. Republic of the Ph...
2025-12-05 19:22:29,952 - INFO -   ✓ Found at: https://lawphil.net/judjuris/juri2013/sep2013/gr_169461_2013.html
2025-12-05 19:22:29,953 - INFO -   ✓ Saved: RESTRUCTURED_DB/2013/september/169461.json
2025-12-05 19:22:30,453 - INFO - Scraping G.R. No. 194948 (2013): People of the Philippines vs. Freddy Salonga y Afi...
2025-12-05 19:22:30,696 - INFO -   ✓ Found at: https://lawphil.net/judjuris/juri2013/sep2013/gr_194948_2013.html
2025-12-05 19:22:30,698 - INFO -   ✓ Saved: RESTRUCTURED_DB/2013/september/194948.json
2025-12-05 19:22:31,198 - INFO - Scraping G.R. No. 170604 (2013): Heirs of Margarita Prodon vs. Heirs of Maximo S. A...
2025-12-05 19:22:31,840 - INFO -   ✓ Found at: https://lawphil.net/judjuris/juri2013/sep2013/gr_170604_2013.html
2025-12-05 19:22:31,842 - INFO -   ✓ Saved: RESTRUCTURED_DB/2013/september/170604.json
2025-12-05 19:22:32,342 - INFO - Scraping G.R. No. 160316 (2013): Rosalinda Punzalan, Randall Punzalan and Rainier P...
2025-12-05 19:22:32,889 - INFO -   ✓ Found at: https://lawphil.net/judjuris/juri2013/sep2013/gr_160316_2013.html
2025-12-05 19:22:32,891 - INFO -   ✓ Saved: RESTRUCTURED_DB/2013/september/160316.json
2025-12-05 19:22:33,391 - INFO - Scraping G.R. No. 182571 (2013): Ligaya Esguerra, et al. vs. Holcim Philippines, In...
2025-12-05 19:22:33,641 - INFO -   ✓ Found at: https://lawphil.net/judjuris/juri2013/sep2013/gr_182571_2013.html
2025-12-05 19:22:33,643 - INFO -   ✓ Saved: RESTRUCTURED_DB/2013/september/182571.json
2025-12-05 19:22:34,144 - INFO - Scraping G.R. No. 179001 (2013): MZR Industries, Marilou R. Quiroz and Lea Timbal v...
2025-12-05 19:22:34,530 - INFO -   ✓ Found at: https://lawphil.net/judjuris/juri2013/aug2013/gr_179001_2013.html
2025-12-05 19:22:34,532 - INFO -   ✓ Saved: RESTRUCTURED_DB/2013/august/179001.json
2025-12-05 19:22:35,032 - INFO - Scraping G.R. No. 188595 (2013): Sea Power Shipping Enterprises, Inc., et al. vs. N...
2025-12-05 19:22:35,286 - INFO -   ✓ Found at: https://lawphil.net/judjuris/juri2013/aug2013/gr_188595_2013.html
2025-12-05 19:22:35,288 - INFO -   ✓ Saved: RESTRUCTURED_DB/2013/august/188595.json
2025-12-05 19:22:35,788 - INFO - Scraping G.R. No. 196723 (2013): Asian Construction and Development Corporation vs....
2025-12-05 19:22:36,371 - INFO -   ✓ Found at: https://lawphil.net/judjuris/juri2013/aug2013/gr_196723_2013.html
2025-12-05 19:22:36,373 - INFO -   ✓ Saved: RESTRUCTURED_DB/2013/august/196723.json
2025-12-05 19:22:36,873 - INFO - Scraping G.R. No. 200222 (2013): Integrated Mircoelectronics, Inc. vs. Adonis A. Pi...
2025-12-05 19:22:37,252 - INFO -   ✓ Found at: https://lawphil.net/judjuris/juri2013/aug2013/gr_200222_2013.html
2025-12-05 19:22:37,253 - INFO -   ✓ Saved: RESTRUCTURED_DB/2013/august/200222.json
2025-12-05 19:22:37,753 - INFO - Scraping G.R. No. 188514 (2013): Maria Lourdes D. Castells and Shalimar Centi-Manda...
2025-12-05 19:22:38,035 - INFO -   ✓ Found at: https://lawphil.net/judjuris/juri2013/aug2013/gr_188514_2013.html
2025-12-05 19:22:38,035 - INFO -   ✓ Saved: RESTRUCTURED_DB/2013/august/188514.json
2025-12-05 19:22:38,536 - INFO - Scraping G.R. No. 178031 (2013): Virginia M. Venzon vs. Rural Bank of Buenavista, I...
2025-12-05 19:22:39,100 - INFO -   ✓ Found at: https://lawphil.net/judjuris/juri2013/aug2013/gr_178031_2013.html
2025-12-05 19:22:39,102 - INFO -   ✓ Saved: RESTRUCTURED_DB/2013/august/178031.json
2025-12-05 19:22:39,602 - INFO - Scraping G.R. No. 172293 (2013): Araceli J. Cabrera, et al. vs. Angela G. Francisco...
2025-12-05 19:22:39,861 - INFO -   ✓ Found at: https://lawphil.net/judjuris/juri2013/aug2013/gr_172293_2013.html
2025-12-05 19:22:39,863 - INFO -   ✓ Saved: RESTRUCTURED_DB/2013/august/172293.json
2025-12-05 19:22:40,363 - INFO - Scraping G.R. No. 180418 (2013): Republic of the Philippines represented by the Pre...
2025-12-05 19:22:40,851 - INFO -   ✓ Found at: https://lawphil.net/judjuris/juri2013/aug2013/gr_180418_2013.html
2025-12-05 19:22:40,853 - INFO -   ✓ Saved: RESTRUCTURED_DB/2013/august/180418.json
2025-12-05 19:22:41,353 - INFO - Scraping G.R. No. 201447 (2013): People of the Philippines vs. Anastacio Amistoso y...
2025-12-05 19:22:41,663 - INFO -   ✓ Found at: https://lawphil.net/judjuris/juri2013/aug2013/gr_201447_2013.html
2025-12-05 19:22:41,664 - INFO -   ✓ Saved: RESTRUCTURED_DB/2013/august/201447.json
2025-12-05 19:22:42,165 - INFO - Scraping G.R. No. 163431 (2013): Nathaniel Dongon vs. Rapid Movers and Forwarders C...
2025-12-05 19:22:42,438 - INFO -   ✓ Found at: https://lawphil.net/judjuris/juri2013/aug2013/gr_163431_2013.html
2025-12-05 19:22:42,439 - INFO -   ✓ Saved: RESTRUCTURED_DB/2013/august/163431.json
2025-12-05 19:22:42,940 - INFO - Scraping G.R. No. 191071 (2013): People of the Philippines vs. Rogelia Jardinel Pep...
2025-12-05 19:22:43,617 - INFO -   ✓ Found at: https://lawphil.net/judjuris/juri2013/aug2013/gr_191071_2013.html
2025-12-05 19:22:43,619 - INFO -   ✓ Saved: RESTRUCTURED_DB/2013/august/191071.json
2025-12-05 19:22:44,119 - INFO - Scraping G.R. No. 170942 (2013): Comsavings Bank (nos GSIS Family Bank) vs. Sps. Da...
2025-12-05 19:22:44,361 - INFO -   ✓ Found at: https://lawphil.net/judjuris/juri2013/aug2013/gr_170942_2013.html
2025-12-05 19:22:44,363 - INFO -   ✓ Saved: RESTRUCTURED_DB/2013/august/170942.json
2025-12-05 19:22:44,863 - INFO - Scraping G.R. No. 155306 (2013): Malayang Manggagawa ng Stayfast Phils., Inc. vs. N...
2025-12-05 19:22:45,238 - INFO -   ✓ Found at: https://lawphil.net/judjuris/juri2013/aug2013/gr_155306_2013.html
2025-12-05 19:22:45,240 - INFO -   ✓ Saved: RESTRUCTURED_DB/2013/august/155306.json
2025-12-05 19:22:45,740 - INFO - Scraping G.R. No. 202651 (2013): Lucena B. Rallos vs. City of Cebu, et al....
2025-12-05 19:22:46,169 - INFO -   ✓ Found at: https://lawphil.net/judjuris/juri2013/aug2013/gr_202651_2013.html
2025-12-05 19:22:46,171 - INFO -   ✓ Saved: RESTRUCTURED_DB/2013/august/202651.json
2025-12-05 19:22:46,672 - INFO - Scraping G.R. No. 191253 (2013): People of the Philippines vs. Apolinario Manalili ...
2025-12-05 19:22:46,949 - INFO -   ✓ Found at: https://lawphil.net/judjuris/juri2013/aug2013/gr_191253_2013.html
2025-12-05 19:22:46,950 - INFO -   ✓ Saved: RESTRUCTURED_DB/2013/august/191253.json
2025-12-05 19:22:47,450 - INFO - Scraping G.R. No. 187174 (2013): Fely Y. Yalong vs. People of the Philippines and L...
2025-12-05 19:22:47,904 - INFO -   ✓ Found at: https://lawphil.net/judjuris/juri2013/aug2013/gr_187174_2013.html
2025-12-05 19:22:47,905 - INFO -   ✓ Saved: RESTRUCTURED_DB/2013/august/187174.json
2025-12-05 19:22:48,405 - INFO - Scraping G.R. No. 171307 (2013): J.R.A. Philippines, Inc. vs. Commissioner of Inter...
2025-12-05 19:22:48,901 - INFO -   ✓ Found at: https://lawphil.net/judjuris/juri2013/aug2013/gr_171307_2013.html
2025-12-05 19:22:48,903 - INFO -   ✓ Saved: RESTRUCTURED_DB/2013/august/171307.json
2025-12-05 19:22:49,403 - INFO - Scraping G.R. No. 193078 (2013): B. Sta. Rita & Co., Inc. and Arlene Sta. Rita Kana...
2025-12-05 19:22:49,850 - INFO -   ✓ Found at: https://lawphil.net/judjuris/juri2013/aug2013/gr_193078_2013.html
2025-12-05 19:22:49,851 - INFO -   ✓ Saved: RESTRUCTURED_DB/2013/august/193078.json
2025-12-05 19:22:50,351 - INFO - Scraping G.R. No. 189125 (2013): Land Bank of the Philippines vs. Bienvenido Casto...
2025-12-05 19:22:50,616 - INFO -   ✓ Found at: https://lawphil.net/judjuris/juri2013/aug2013/gr_189125_2013.html
2025-12-05 19:22:50,618 - INFO -   ✓ Saved: RESTRUCTURED_DB/2013/august/189125.json
2025-12-05 19:22:51,118 - INFO - Scraping G.R. No. 186613 (2013): Rosendo R. Corales, in his capacity as Municipal M...
2025-12-05 19:22:51,790 - INFO -   ✓ Found at: https://lawphil.net/judjuris/juri2013/aug2013/gr_186613_2013.html
2025-12-05 19:22:51,792 - INFO -   ✓ Saved: RESTRUCTURED_DB/2013/august/186613.json
2025-12-05 19:22:52,292 - INFO - Scraping G.R. No. 199199 (2013): Maricris D. Dolot, Chairman of the Bagong Alyansan...
2025-12-05 19:22:52,645 - INFO -   ✓ Found at: https://lawphil.net/judjuris/juri2013/aug2013/gr_199199_2013.html
2025-12-05 19:22:52,647 - INFO -   ✓ Saved: RESTRUCTURED_DB/2013/august/199199.json
2025-12-05 19:22:53,147 - INFO - Scraping G.R. No. 155943 (2013): Pilar Development Corporation vs. Court of Appeals...
2025-12-05 19:22:53,516 - INFO -   ✓ Found at: https://lawphil.net/judjuris/juri2013/aug2013/gr_155943_2013.html
2025-12-05 19:22:53,517 - INFO -   ✓ Saved: RESTRUCTURED_DB/2013/august/155943.json
2025-12-05 19:22:54,018 - INFO - Scraping G.R. No. 175977 (2013): Hadji Pangsayan T. Abdulrahman vs. Office of the O...
2025-12-05 19:22:54,471 - INFO -   ✓ Found at: https://lawphil.net/judjuris/juri2013/aug2013/gr_175977_2013.html
2025-12-05 19:22:54,472 - INFO -   ✓ Saved: RESTRUCTURED_DB/2013/august/175977.json
2025-12-05 19:22:54,972 - INFO - Scraping G.R. No. 188550 (2013): Deutsche Bank Ag Manila Branch vs. Commissioner of...
2025-12-05 19:22:55,439 - INFO -   ✓ Found at: https://lawphil.net/judjuris/juri2013/aug2013/gr_188550_2013.html
2025-12-05 19:22:55,441 - INFO -   ✓ Saved: RESTRUCTURED_DB/2013/august/188550.json
2025-12-05 19:22:55,941 - INFO - Scraping G.R. No. 199890 (2013): Jerome M. Daabay vs. Coca Cola Bottlers Phils., In...
2025-12-05 19:22:56,188 - INFO -   ✓ Found at: https://lawphil.net/judjuris/juri2013/aug2013/gr_199890_2013.html
2025-12-05 19:22:56,190 - INFO -   ✓ Saved: RESTRUCTURED_DB/2013/august/199890.json
2025-12-05 19:22:56,690 - INFO - Scraping G.R. No. 187340 (2013): Antonio B. Sanchez vs. People of the Philippines...
2025-12-05 19:22:56,942 - INFO -   ✓ Found at: https://lawphil.net/judjuris/juri2013/aug2013/gr_187340_2013.html
2025-12-05 19:22:56,944 - INFO -   ✓ Saved: RESTRUCTURED_DB/2013/august/187340.json
2025-12-05 19:22:57,444 - INFO - Scraping G.R. No. 181692 (2013): Adelaida Soriano vs. People of the Philippines...
2025-12-05 19:22:57,999 - INFO -   ✓ Found at: https://lawphil.net/judjuris/juri2013/aug2013/gr_181692_2013.html
2025-12-05 19:22:58,000 - INFO -   ✓ Saved: RESTRUCTURED_DB/2013/august/181692.json
2025-12-05 19:22:58,500 - INFO - Scraping G.R. No. 195117 (2013): Hur Tin Yang vs. People of the Philippines...
2025-12-05 19:22:58,746 - INFO -   ✓ Found at: https://lawphil.net/judjuris/juri2013/aug2013/gr_195117_2013.html
2025-12-05 19:22:58,748 - INFO -   ✓ Saved: RESTRUCTURED_DB/2013/august/195117.json
2025-12-05 19:22:59,248 - INFO - Scraping G.R. No. 184536 (2013): Masayuki Hasegawa vs. Leila F. Giron...
2025-12-05 19:22:59,565 - INFO -   ✓ Found at: https://lawphil.net/judjuris/juri2013/aug2013/gr_184536_2013.html
2025-12-05 19:22:59,566 - INFO -   ✓ Saved: RESTRUCTURED_DB/2013/august/184536.json
2025-12-05 19:23:00,067 - INFO - Scraping G.R. No. 193661 (2013): People of the Philippines vs. Ryan Blanco y Sangku...
2025-12-05 19:23:00,501 - INFO -   ✓ Found at: https://lawphil.net/judjuris/juri2013/aug2013/gr_193661_2013.html
2025-12-05 19:23:00,502 - INFO -   ✓ Saved: RESTRUCTURED_DB/2013/august/193661.json
2025-12-05 19:23:01,002 - INFO - Scraping G.R. No. 187214 (2013): Sanoh Fulton Phils., Inc. and Eddie Jose vs. Emman...
2025-12-05 19:23:01,544 - INFO -   ✓ Found at: https://lawphil.net/judjuris/juri2013/aug2013/gr_187214_2013.html
2025-12-05 19:23:01,545 - INFO -   ✓ Saved: RESTRUCTURED_DB/2013/august/187214.json
2025-12-05 19:23:02,046 - INFO - Scraping G.R. No. 191661 (2013): City Government of Makati, as represented by Hon. ...
2025-12-05 19:23:02,628 - INFO -   ✓ Found at: https://lawphil.net/judjuris/juri2013/aug2013/gr_191661_2013.html
2025-12-05 19:23:02,630 - INFO -   ✓ Saved: RESTRUCTURED_DB/2013/august/191661.json
2025-12-05 19:23:03,131 - INFO - Scraping G.R. No. 189871 (2013): Dario Nacar vs. Gallery Frames and/or Felipe Borde...
2025-12-05 19:23:03,677 - INFO -   ✓ Found at: https://lawphil.net/judjuris/juri2013/aug2013/gr_189871_2013.html
2025-12-05 19:23:03,679 - INFO -   ✓ Saved: RESTRUCTURED_DB/2013/august/189871.json
2025-12-05 19:23:04,179 - INFO - Scraping G.R. No. 201672 (2013): Cesar G. Manalo vs. Commission on Electons, DILG a...
2025-12-05 19:23:04,642 - INFO -   ✓ Found at: https://lawphil.net/judjuris/juri2013/aug2013/gr_201672_2013.html
2025-12-05 19:23:04,643 - INFO -   ✓ Saved: RESTRUCTURED_DB/2013/august/201672.json
2025-12-05 19:23:05,144 - INFO - Scraping G.R. No. 198457 (2013): Filomena G. Delos Santos, Josefa A. Bacaltos, Nela...
2025-12-05 19:23:13,255 - WARNING -   ✗ Not found for G.R. No. 198457
2025-12-05 19:23:13,755 - INFO - Scraping G.R. No. 174727 (2013): Antipolo Ining, et al. vs. Leonardo R. Vega, et al...
2025-12-05 19:23:14,023 - INFO -   ✓ Found at: https://lawphil.net/judjuris/juri2013/aug2013/gr_174727_2013.html
2025-12-05 19:23:14,024 - INFO -   ✓ Saved: RESTRUCTURED_DB/2013/august/174727.json
2025-12-05 19:23:14,525 - INFO - Scraping G.R. No. 174287 (2013): NUBE vs. PEMA and PNB...
2025-12-05 19:23:14,770 - INFO -   ✓ Found at: https://lawphil.net/judjuris/juri2013/aug2013/gr_174287_2013.html
2025-12-05 19:23:14,772 - INFO -   ✓ Saved: RESTRUCTURED_DB/2013/august/174287.json
2025-12-05 19:23:15,272 - INFO - Scraping G.R. No. 198010 (2013): RP vs. Dr. Norma S. Lugsanay Uy...
2025-12-05 19:23:15,629 - INFO -   ✓ Found at: https://lawphil.net/judjuris/juri2013/aug2013/gr_198010_2013.html
2025-12-05 19:23:15,631 - INFO -   ✓ Saved: RESTRUCTURED_DB/2013/august/198010.json
2025-12-05 19:23:16,131 - INFO - Scraping G.R. No. 202243 (2013): Romulo L. Neri vs. Sandiganbayan and People of the...
2025-12-05 19:23:16,381 - INFO -   ✓ Found at: https://lawphil.net/judjuris/juri2013/aug2013/gr_202243_2013.html
2025-12-05 19:23:16,382 - INFO -   ✓ Saved: RESTRUCTURED_DB/2013/august/202243.json
2025-12-05 19:23:16,882 - INFO - Scraping G.R. No. 191424 (2013): Alfeo D. Vivas, on his behalf and on behalf of the...
2025-12-05 19:23:17,505 - INFO -   ✓ Found at: https://lawphil.net/judjuris/juri2013/aug2013/gr_191424_2013.html
2025-12-05 19:23:17,507 - INFO -   ✓ Saved: RESTRUCTURED_DB/2013/august/191424.json
2025-12-05 19:23:18,007 - INFO - Scraping G.R. No. 168137 (2013): Secretary of the Department of Finance vs. Court o...
2025-12-05 19:23:18,468 - INFO -   ✓ Found at: https://lawphil.net/judjuris/juri2013/aug2013/gr_168137_2013.html
2025-12-05 19:23:18,469 - INFO -   ✓ Saved: RESTRUCTURED_DB/2013/august/168137.json
2025-12-05 19:23:18,969 - INFO - Scraping G.R. No. 171904 (2013): Bobby Tan vs. Grace Andrade, et al./Grace Andrade,...
2025-12-05 19:23:19,387 - INFO -   ✓ Found at: https://lawphil.net/judjuris/juri2013/aug2013/gr_171904_2013.html
2025-12-05 19:23:19,388 - INFO -   ✓ Saved: RESTRUCTURED_DB/2013/august/171904.json
2025-12-05 19:23:19,888 - INFO - Scraping G.R. No. 183014 (2013): The Law Firm of Chavez Miranda and Aseoche, etc. v...
2025-12-05 19:23:20,131 - INFO -   ✓ Found at: https://lawphil.net/judjuris/juri2013/aug2013/gr_183014_2013.html
2025-12-05 19:23:20,132 - INFO -   ✓ Saved: RESTRUCTURED_DB/2013/august/183014.json
2025-12-05 19:23:20,632 - INFO - Scraping G.R. No. 181658 (2013): Lee Pue Liong a.k.a. Paul Lee vs. Chua Pue Chin Le...
2025-12-05 19:23:21,101 - INFO -   ✓ Found at: https://lawphil.net/judjuris/juri2013/aug2013/gr_181658_2013.html
2025-12-05 19:23:21,103 - INFO -   ✓ Saved: RESTRUCTURED_DB/2013/august/181658.json
2025-12-05 19:23:21,604 - INFO - Scraping G.R. No. 200858 (2013): National Houseing Authority vs. Corazon B. Baello,...
2025-12-05 19:23:21,851 - INFO -   ✓ Found at: https://lawphil.net/judjuris/juri2013/aug2013/gr_200858_2013.html
2025-12-05 19:23:21,853 - INFO -   ✓ Saved: RESTRUCTURED_DB/2013/august/200858.json
2025-12-05 19:23:22,353 - INFO - Scraping G.R. No. 175685 (2013): Republic of the Philippines vs. Angeles Bellate, e...
2025-12-05 19:23:22,810 - INFO -   ✓ Found at: https://lawphil.net/judjuris/juri2013/aug2013/gr_175685_2013.html
2025-12-05 19:23:22,812 - INFO -   ✓ Saved: RESTRUCTURED_DB/2013/august/175685.json
2025-12-05 19:23:23,312 - INFO - Scraping G.R. No. 179648 (2013): Philippine National Bank vs. Mary Sheila Arcobilla...
2025-12-05 19:23:23,878 - INFO -   ✓ Found at: https://lawphil.net/judjuris/juri2013/aug2013/gr_179648_2013.html
2025-12-05 19:23:23,879 - INFO -   ✓ Saved: RESTRUCTURED_DB/2013/august/179648.json
2025-12-05 19:23:24,379 - INFO - Scraping G.R. No. 185549 (2013): Vicente Ang vs. Cerefino San Joaquin, Jr. and Dios...
2025-12-05 19:23:24,631 - INFO -   ✓ Found at: https://lawphil.net/judjuris/juri2013/aug2013/gr_185549_2013.html
2025-12-05 19:23:24,633 - INFO -   ✓ Saved: RESTRUCTURED_DB/2013/august/185549.json
2025-12-05 19:23:25,133 - INFO - Scraping G.R. No. 207412 (2013): Flord Nicson Calawag vs. University of the Philipp...
2025-12-05 19:23:25,378 - INFO -   ✓ Found at: https://lawphil.net/judjuris/juri2013/aug2013/gr_207412_2013.html
2025-12-05 19:23:25,379 - INFO -   ✓ Saved: RESTRUCTURED_DB/2013/august/207412.json
2025-12-05 19:23:25,880 - INFO - Scraping G.R. No. 200784 (2013): Malayan Insurance Company, Inc. vs. PAP co., Ltd. ...
2025-12-05 19:23:26,147 - INFO -   ✓ Found at: https://lawphil.net/judjuris/juri2013/aug2013/gr_200784_2013.html
2025-12-05 19:23:26,149 - INFO -   ✓ Saved: RESTRUCTURED_DB/2013/august/200784.json
2025-12-05 19:23:26,649 - INFO - Scraping G.R. No. 207026 (2013): Cocofed-Philippine Coconut Producers Federation, I...
2025-12-05 19:23:27,320 - INFO -   ✓ Found at: https://lawphil.net/judjuris/juri2013/aug2013/gr_207026_2013.html
2025-12-05 19:23:27,322 - INFO -   ✓ Saved: RESTRUCTURED_DB/2013/august/207026.json
2025-12-05 19:23:27,822 - INFO - Scraping G.R. No. 181359 (2013): Spouses Celemencio C. Sabitsana, Jr. and Ma. Rosar...
2025-12-05 19:23:28,068 - INFO -   ✓ Found at: https://lawphil.net/judjuris/juri2013/aug2013/gr_181359_2013.html
2025-12-05 19:23:28,070 - INFO -   ✓ Saved: RESTRUCTURED_DB/2013/august/181359.json
2025-12-05 19:23:28,570 - INFO - Scraping G.R. No. 189121 (2013): Amelia Garcia-Quizon, et al. vs. Ma. Lourdes Belen...
2025-12-05 19:23:29,035 - INFO -   ✓ Found at: https://lawphil.net/judjuris/juri2013/jul2013/gr_189121_2013.html
2025-12-05 19:23:29,036 - INFO -   ✓ Saved: RESTRUCTURED_DB/2013/july/189121.json
2025-12-05 19:23:29,536 - INFO - Scraping G.R. No. 200895 (2013): Rolando M. Mendiola vs. Commerz Trading Int'l., In...
2025-12-05 19:23:29,797 - INFO -   ✓ Found at: https://lawphil.net/judjuris/juri2013/jul2013/gr_200895_2013.html
2025-12-05 19:23:29,798 - INFO -   ✓ Saved: RESTRUCTURED_DB/2013/july/200895.json
2025-12-05 19:23:30,299 - INFO - Scraping G.R. No. 199294 (2013): Ralph Lito W. Lopez vs. People of the Philippines...
2025-12-05 19:23:30,546 - INFO -   ✓ Found at: https://lawphil.net/judjuris/juri2013/jul2013/gr_199294_2013.html
2025-12-05 19:23:30,549 - INFO -   ✓ Saved: RESTRUCTURED_DB/2013/july/199294.json
2025-12-05 19:23:31,049 - INFO - Scraping G.R. No. 194709 (2013): Minette Baptista, et al. vs. Rosario Villanueva, e...
2025-12-05 19:23:31,515 - INFO -   ✓ Found at: https://lawphil.net/judjuris/juri2013/jul2013/gr_194709_2013.html
2025-12-05 19:23:31,516 - INFO -   ✓ Saved: RESTRUCTURED_DB/2013/july/194709.json
2025-12-05 19:23:32,016 - INFO - Scraping G.R. No. 174978 (2013): Sally Yoshizaki vs. Joy Training Center of Aurora,...
2025-12-05 19:23:32,264 - INFO -   ✓ Found at: https://lawphil.net/judjuris/juri2013/jul2013/gr_174978_2013.html
2025-12-05 19:23:32,265 - INFO -   ✓ Saved: RESTRUCTURED_DB/2013/july/174978.json
2025-12-05 19:23:32,766 - INFO - Scraping G.R. No. 191219 (2013): SPO1 Ramon Lihaylihay and C/Insp. Virgilio V. Vinl...
2025-12-05 19:23:33,006 - INFO -   ✓ Found at: https://lawphil.net/judjuris/juri2013/jul2013/gr_191219_2013.html
2025-12-05 19:23:33,007 - INFO -   ✓ Saved: RESTRUCTURED_DB/2013/july/191219.json
2025-12-05 19:23:33,507 - INFO - Scraping G.R. No. 189570 (2013): Heirs of Santiago Nisperos, et al. vs. Marissa Nis...
2025-12-05 19:23:33,747 - INFO -   ✓ Found at: https://lawphil.net/judjuris/juri2013/jul2013/gr_189570_2013.html
2025-12-05 19:23:33,748 - INFO -   ✓ Saved: RESTRUCTURED_DB/2013/july/189570.json
2025-12-05 19:23:34,249 - INFO - Scraping G.R. No. 170677 (2013): VSD Realty & Development Corporation vs. Uniwide S...
2025-12-05 19:23:34,815 - INFO -   ✓ Found at: https://lawphil.net/judjuris/juri2013/jul2013/gr_170677_2013.html
2025-12-05 19:23:34,817 - INFO -   ✓ Saved: RESTRUCTURED_DB/2013/july/170677.json
2025-12-05 19:23:35,317 - INFO - Scraping G.R. No. 183608 (2013): Faustino T. Chingkoe and Gloria Chingkoe vs. RP, r...
2025-12-05 19:23:35,568 - INFO -   ✓ Found at: https://lawphil.net/judjuris/juri2013/jul2013/gr_183608_2013.html
2025-12-05 19:23:35,570 - INFO -   ✓ Saved: RESTRUCTURED_DB/2013/july/183608.json
2025-12-05 19:23:36,070 - INFO - Scraping G.R. No. 165014 (2013): Heirs of Alejandra Delfin, namely, Leopoldo Delfin...
2025-12-05 19:23:36,532 - INFO -   ✓ Found at: https://lawphil.net/judjuris/juri2013/jul2013/gr_165014_2013.html
2025-12-05 19:23:36,534 - INFO -   ✓ Saved: RESTRUCTURED_DB/2013/july/165014.json
2025-12-05 19:23:37,034 - INFO - Scraping G.R. No. 188708 (2013): People of the Philippines vs. Alamanda Macabando...
2025-12-05 19:23:37,334 - INFO -   ✓ Found at: https://lawphil.net/judjuris/juri2013/jul2013/gr_188708_2013.html
2025-12-05 19:23:37,335 - INFO -   ✓ Saved: RESTRUCTURED_DB/2013/july/188708.json
2025-12-05 19:23:37,835 - INFO - Scraping G.R. No. 197725 (2013): Mark Anthony Esteban (in substitution of the decea...
2025-12-05 19:23:38,161 - INFO -   ✓ Found at: https://lawphil.net/judjuris/juri2013/jul2013/gr_197725_2013.html
2025-12-05 19:23:38,162 - INFO -   ✓ Saved: RESTRUCTURED_DB/2013/july/197725.json
2025-12-05 19:23:38,663 - INFO - Scraping G.R. No. 181119 (2013): Arnel Alicando y Briones vs. People of the Philipp...
2025-12-05 19:23:38,908 - INFO -   ✓ Found at: https://lawphil.net/judjuris/juri2013/jul2013/gr_181119_2013.html
2025-12-05 19:23:38,909 - INFO -   ✓ Saved: RESTRUCTURED_DB/2013/july/181119.json
2025-12-05 19:23:39,409 - INFO - Scraping G.R. No. 179326 (2013): Luciano P. Cañedo vs. Kampilan Security and Detect...
2025-12-05 19:23:40,090 - INFO -   ✓ Found at: https://lawphil.net/judjuris/juri2013/jul2013/gr_179326_2013.html
2025-12-05 19:23:40,092 - INFO -   ✓ Saved: RESTRUCTURED_DB/2013/july/179326.json
2025-12-05 19:23:40,592 - INFO - Scraping G.R. No. 192685 (2013): Oscar R. Ampil vs. Hon. Office of the Ombudsman, e...
2025-12-05 19:23:41,044 - INFO -   ✓ Found at: https://lawphil.net/judjuris/juri2013/jul2013/gr_192685_2013.html
2025-12-05 19:23:41,047 - INFO -   ✓ Saved: RESTRUCTURED_DB/2013/july/192685.json
2025-12-05 19:23:41,547 - INFO - Scraping G.R. No. 196973 (2013): People of the Philippines vs. Ruper Posing y Alayo...
2025-12-05 19:23:41,807 - INFO -   ✓ Found at: https://lawphil.net/judjuris/juri2013/jul2013/gr_196973_2013.html
2025-12-05 19:23:41,808 - INFO -   ✓ Saved: RESTRUCTURED_DB/2013/july/196973.json
2025-12-05 19:23:42,308 - INFO - 
Batch 3 complete:
2025-12-05 19:23:42,309 - INFO -   Successful: 98
2025-12-05 19:23:42,309 - INFO -   Failed: 2
2025-12-05 19:23:42,309 - INFO -   Skipped: 0
2025-12-05 19:23:42,309 - INFO - 
Overall progress: 300/731 cases
2025-12-05 19:23:42,309 - INFO - 
================================================================================
2025-12-05 19:23:42,309 - INFO - BATCH 4/8 (100 cases)
2025-12-05 19:23:42,309 - INFO - ================================================================================
2025-12-05 19:23:42,309 - INFO - Scraping G.R. No. 191025 (2013): Rhodora Prieto vs. Alpadi Development Corporation...
2025-12-05 19:23:42,551 - INFO -   ✓ Found at: https://lawphil.net/judjuris/juri2013/jul2013/gr_191025_2013.html
2025-12-05 19:23:42,553 - INFO -   ✓ Saved: RESTRUCTURED_DB/2013/july/191025.json
2025-12-05 19:23:43,053 - INFO - Scraping G.R. No. 147257 (2013): Spouses Jesus Dycoco and Joela E. Dycoco vs. Court...
2025-12-05 19:23:43,426 - INFO -   ✓ Found at: https://lawphil.net/judjuris/juri2013/jul2013/gr_147257_2013.html
2025-12-05 19:23:43,428 - INFO -   ✓ Saved: RESTRUCTURED_DB/2013/july/147257.json
2025-12-05 19:23:43,928 - INFO - Scraping G.R. No. 198110 (2013): People of the Philippines vs. Wilson Roman...
2025-12-05 19:23:44,633 - INFO -   ✓ Found at: https://lawphil.net/judjuris/juri2013/jul2013/gr_198110_2013.html
2025-12-05 19:23:44,635 - INFO -   ✓ Saved: RESTRUCTURED_DB/2013/july/198110.json
2025-12-05 19:23:45,135 - INFO - Scraping G.R. No. 1733373 (2013): H. Tambunting Pawnshop, Inc. vs. Commissioner on I...
2025-12-05 19:23:53,073 - WARNING -   ✗ Not found for G.R. No. 1733373
2025-12-05 19:23:53,574 - INFO - Scraping G.R. No. 173226 (2013): Land Bank of the Philippines vs. Manuel O. Gallego...
2025-12-05 19:23:53,833 - INFO -   ✓ Found at: https://lawphil.net/judjuris/juri2013/jul2013/gr_173226_2013.html
2025-12-05 19:23:53,835 - INFO -   ✓ Saved: RESTRUCTURED_DB/2013/july/173226.json
2025-12-05 19:23:54,335 - INFO - Scraping G.R. No. 186509 (2013): Philman Marine Agency, Inc., et al. vs. Armando S....
2025-12-05 19:23:55,272 - INFO -   ✓ Found at: https://lawphil.net/judjuris/juri2013/jul2013/gr_186509_2013.html
2025-12-05 19:23:55,274 - INFO -   ✓ Saved: RESTRUCTURED_DB/2013/july/186509.json
2025-12-05 19:23:55,774 - INFO - Scraping G.R. No. 186610 (2013): Police Senior Superintendent Dimapinto Macawadib v...
2025-12-05 19:23:56,536 - INFO -   ✓ Found at: https://lawphil.net/judjuris/juri2013/jul2013/gr_186610_2013.html
2025-12-05 19:23:56,537 - INFO -   ✓ Saved: RESTRUCTURED_DB/2013/july/186610.json
2025-12-05 19:23:57,038 - INFO - Scraping G.R. No. 175844 (2013): Bank of the Philippine Islands vs. Sarabia Manor H...
2025-12-05 19:23:57,713 - INFO -   ✓ Found at: https://lawphil.net/judjuris/juri2013/jul2013/gr_175844_2013.html
2025-12-05 19:23:57,716 - INFO -   ✓ Saved: RESTRUCTURED_DB/2013/july/175844.json
2025-12-05 19:23:58,216 - INFO - Scraping G.R. No. 159371 (2013): D.M. Consunji Corporation vs. Court of Appeals and...
2025-12-05 19:23:58,558 - INFO -   ✓ Found at: https://lawphil.net/judjuris/juri2013/jul2013/gr_159371_2013.html
2025-12-05 19:23:58,559 - INFO -   ✓ Saved: RESTRUCTURED_DB/2013/july/159371.json
2025-12-05 19:23:59,059 - INFO - Scraping G.R. No. 165386 (2013): National Power Corporation vs. Sps. Salvador and N...
2025-12-05 19:23:59,647 - INFO -   ✓ Found at: https://lawphil.net/judjuris/juri2013/jul2013/gr_165386_2013.html
2025-12-05 19:23:59,648 - INFO -   ✓ Saved: RESTRUCTURED_DB/2013/july/165386.json
2025-12-05 19:24:00,149 - INFO - Scraping G.R. No. 175666 (2013): Manila Bankers Life Insurance Corporation vs. Cres...
2025-12-05 19:24:00,464 - INFO -   ✓ Found at: https://lawphil.net/judjuris/juri2013/jul2013/gr_175666_2013.html
2025-12-05 19:24:00,465 - INFO -   ✓ Saved: RESTRUCTURED_DB/2013/july/175666.json
2025-12-05 19:24:00,966 - INFO - Scraping G.R. No. 182280 (2013): Teresa C. Aguilar, et al. vs. Michael J. O'Pallick...
2025-12-05 19:24:01,355 - INFO -   ✓ Found at: https://lawphil.net/judjuris/juri2013/jul2013/gr_182280_2013.html
2025-12-05 19:24:01,356 - INFO -   ✓ Saved: RESTRUCTURED_DB/2013/july/182280.json
2025-12-05 19:24:01,856 - INFO - Scraping G.R. No. 206505 (2013): Jereme G. Villanueva, Sr. vs. Baliwag Navigation, ...
2025-12-05 19:24:02,382 - INFO -   ✓ Found at: https://lawphil.net/judjuris/juri2013/jul2013/gr_206505_2013.html
2025-12-05 19:24:02,383 - INFO -   ✓ Saved: RESTRUCTURED_DB/2013/july/206505.json
2025-12-05 19:24:02,883 - INFO - Scraping G.R. No. 193874 (2013): Republic of the Philippines vs. Ricordito N. De As...
2025-12-05 19:24:03,269 - INFO -   ✓ Found at: https://lawphil.net/judjuris/juri2013/jul2013/gr_193874_2013.html
2025-12-05 19:24:03,270 - INFO -   ✓ Saved: RESTRUCTURED_DB/2013/july/193874.json
2025-12-05 19:24:03,770 - INFO - Scraping G.R. No. 172346 (2013): Sps. Namael and Lourdes Bonrostro vs. Sps. Juan an...
2025-12-05 19:24:04,230 - INFO -   ✓ Found at: https://lawphil.net/judjuris/juri2013/jul2013/gr_172346_2013.html
2025-12-05 19:24:04,232 - INFO -   ✓ Saved: RESTRUCTURED_DB/2013/july/172346.json
2025-12-05 19:24:04,733 - INFO - Scraping G.R. No. 190340 (2013): People of the Philippines vs. Rogelio Ramos, et al...
2025-12-05 19:24:04,977 - INFO -   ✓ Found at: https://lawphil.net/judjuris/juri2013/jul2013/gr_190340_2013.html
2025-12-05 19:24:04,978 - INFO -   ✓ Saved: RESTRUCTURED_DB/2013/july/190340.json
2025-12-05 19:24:05,479 - INFO - Scraping G.R. No. 197537 (2013): People of the Philippines vs. Ninoy Rosales y Esto...
2025-12-05 19:24:05,899 - INFO -   ✓ Found at: https://lawphil.net/judjuris/juri2013/jul2013/gr_197537_2013.html
2025-12-05 19:24:05,901 - INFO -   ✓ Saved: RESTRUCTURED_DB/2013/july/197537.json
2025-12-05 19:24:06,401 - INFO - Scraping G.R. No. 172846 (2013): Manila Polo Club Employee's Union (MPCEU) FUR-TUCP...
2025-12-05 19:24:06,646 - INFO -   ✓ Found at: https://lawphil.net/judjuris/juri2013/jul2013/gr_172846_2013.html
2025-12-05 19:24:06,647 - INFO -   ✓ Saved: RESTRUCTURED_DB/2013/july/172846.json
2025-12-05 19:24:07,148 - INFO - Scraping G.R. No. 181539 (2013): People of the Philippines vs. Edwin Aleman y Longh...
2025-12-05 19:24:07,974 - INFO -   ✓ Found at: https://lawphil.net/judjuris/juri2013/jul2013/gr_181539_2013.html
2025-12-05 19:24:07,976 - INFO -   ✓ Saved: RESTRUCTURED_DB/2013/july/181539.json
2025-12-05 19:24:08,477 - INFO - Scraping G.R. No. 185160 (2013): Polymer Rubber Corporation and Joseph Ang vs. Bayo...
2025-12-05 19:24:08,935 - INFO -   ✓ Found at: https://lawphil.net/judjuris/juri2013/jul2013/gr_185160_2013.html
2025-12-05 19:24:08,936 - INFO -   ✓ Saved: RESTRUCTURED_DB/2013/july/185160.json
2025-12-05 19:24:09,436 - INFO - Scraping G.R. No. 192896 (2013): Dream Village Neighborhood Association, Inc., repr...
2025-12-05 19:24:09,900 - INFO -   ✓ Found at: https://lawphil.net/judjuris/juri2013/jul2013/gr_192896_2013.html
2025-12-05 19:24:09,904 - INFO -   ✓ Saved: RESTRUCTURED_DB/2013/july/192896.json
2025-12-05 19:24:10,404 - INFO - Scraping G.R. No. 195528 (2013): People of the Philippines vs. Jose Clara y Buhain...
2025-12-05 19:24:10,997 - INFO -   ✓ Found at: https://lawphil.net/judjuris/juri2013/jul2013/gr_195528_2013.html
2025-12-05 19:24:10,999 - INFO -   ✓ Saved: RESTRUCTURED_DB/2013/july/195528.json
2025-12-05 19:24:11,499 - INFO - Scraping G.R. No. 188767 (2013): Sps. Argovan and Florida Gadeitano vs. San Miguel ...
2025-12-05 19:24:11,875 - INFO -   ✓ Found at: https://lawphil.net/judjuris/juri2013/jul2013/gr_188767_2013.html
2025-12-05 19:24:11,877 - INFO -   ✓ Saved: RESTRUCTURED_DB/2013/july/188767.json
2025-12-05 19:24:12,377 - INFO - Scraping G.R. No. 174912 (2013): BPI Employees Union-Davao city-Fubu (BPIEU-Davao C...
2025-12-05 19:24:12,873 - INFO -   ✓ Found at: https://lawphil.net/judjuris/juri2013/jul2013/gr_174912_2013.html
2025-12-05 19:24:12,876 - INFO -   ✓ Saved: RESTRUCTURED_DB/2013/july/174912.json
2025-12-05 19:24:13,376 - INFO - Scraping G.R. No. 179786 (2013): Josielen Lara Chan vs. Johnny T. Chan...
2025-12-05 19:24:13,796 - INFO -   ✓ Found at: https://lawphil.net/judjuris/juri2013/jul2013/gr_179786_2013.html
2025-12-05 19:24:13,797 - INFO -   ✓ Saved: RESTRUCTURED_DB/2013/july/179786.json
2025-12-05 19:24:14,297 - INFO - Scraping G.R. No. 206982 (2013): Coalition of Association of Senior Citizen in the ...
2025-12-05 19:24:22,696 - WARNING -   ✗ Not found for G.R. No. 206982
2025-12-05 19:24:23,197 - INFO - Scraping G.R. No. 192571 (2013): Abbott Laboratories, Phils., et al. vs. Pearlie An...
2025-12-05 19:24:23,885 - INFO -   ✓ Found at: https://lawphil.net/judjuris/juri2013/jul2013/gr_192571_2013.html
2025-12-05 19:24:23,887 - INFO -   ✓ Saved: RESTRUCTURED_DB/2013/july/192571.json
2025-12-05 19:24:24,388 - INFO - Scraping G.R. No. 179146 (2013): Holy Child Catholic School vs. Hon. Patricia Sto. ...
2025-12-05 19:24:24,648 - INFO -   ✓ Found at: https://lawphil.net/judjuris/juri2013/jul2013/gr_179146_2013.html
2025-12-05 19:24:24,652 - INFO -   ✓ Saved: RESTRUCTURED_DB/2013/july/179146.json
2025-12-05 19:24:25,153 - INFO - Scraping G.R. No. 185740 (2013): The Provincial Government of Camarines Norte etc. ...
2025-12-05 19:24:25,965 - INFO -   ✓ Found at: https://lawphil.net/judjuris/juri2013/jul2013/gr_185740_2013.html
2025-12-05 19:24:25,967 - INFO -   ✓ Saved: RESTRUCTURED_DB/2013/july/185740.json
2025-12-05 19:24:26,467 - INFO - Scraping G.R. No. 199082 (2013): Jose Miguel T. Arroyo vs. Department of Justice, e...
2025-12-05 19:24:26,712 - INFO -   ✓ Found at: https://lawphil.net/judjuris/juri2013/jul2013/gr_199082_2013.html
2025-12-05 19:24:26,714 - INFO -   ✓ Saved: RESTRUCTURED_DB/2013/july/199082.json
2025-12-05 19:24:27,214 - INFO - Scraping G.R. No. 175142 (2013): Bonifacio Water Corporation (formerly Bonifacio Vi...
2025-12-05 19:24:27,474 - INFO -   ✓ Found at: https://lawphil.net/judjuris/juri2013/jul2013/gr_175142_2013.html
2025-12-05 19:24:27,475 - INFO -   ✓ Saved: RESTRUCTURED_DB/2013/july/175142.json
2025-12-05 19:24:27,975 - INFO - Scraping G.R. No. 157900 (2013): Zuellig Freight and Cargo Systems vs. National Lab...
2025-12-05 19:24:28,478 - INFO -   ✓ Found at: https://lawphil.net/judjuris/juri2013/jul2013/gr_157900_2013.html
2025-12-05 19:24:28,479 - INFO -   ✓ Saved: RESTRUCTURED_DB/2013/july/157900.json
2025-12-05 19:24:28,979 - INFO - Scraping G.R. No. 196741 (2013): Philippine Tourism Authority (now known as Tourism...
2025-12-05 19:24:29,220 - INFO -   ✓ Found at: https://lawphil.net/judjuris/juri2013/jul2013/gr_196741_2013.html
2025-12-05 19:24:29,221 - INFO -   ✓ Saved: RESTRUCTURED_DB/2013/july/196741.json
2025-12-05 19:24:29,721 - INFO - Scraping G.R. No. 191566 (2013): People of the Philippines vs. Edgardo V. Odtuhan...
2025-12-05 19:24:30,288 - INFO -   ✓ Found at: https://lawphil.net/judjuris/juri2013/jul2013/gr_191566_2013.html
2025-12-05 19:24:30,289 - INFO -   ✓ Saved: RESTRUCTURED_DB/2013/july/191566.json
2025-12-05 19:24:30,789 - INFO - Scraping G.R. No. 181444 (2013): Bobby "Abel" Avelino y Bulawan vs. People of the P...
2025-12-05 19:24:31,256 - INFO -   ✓ Found at: https://lawphil.net/judjuris/juri2013/jul2013/gr_181444_2013.html
2025-12-05 19:24:31,258 - INFO -   ✓ Saved: RESTRUCTURED_DB/2013/july/181444.json
2025-12-05 19:24:31,758 - INFO - Scraping G.R. No. 197250 (2013): People of the Philippines vs. Reynaldo "Andy" Somo...
2025-12-05 19:24:32,015 - INFO -   ✓ Found at: https://lawphil.net/judjuris/juri2013/jul2013/gr_197250_2013.html
2025-12-05 19:24:32,016 - INFO -   ✓ Saved: RESTRUCTURED_DB/2013/july/197250.json
2025-12-05 19:24:32,517 - INFO - Scraping G.R. No. 201728 (2013): People of the Philippines vs. Marvin Cruz...
2025-12-05 19:24:32,861 - INFO -   ✓ Found at: https://lawphil.net/judjuris/juri2013/jul2013/gr_201728_2013.html
2025-12-05 19:24:32,862 - INFO -   ✓ Saved: RESTRUCTURED_DB/2013/july/201728.json
2025-12-05 19:24:33,362 - INFO - Scraping G.R. No. 173307 (2013): People of the Philippines vs. Victorino Reyes...
2025-12-05 19:24:33,627 - INFO -   ✓ Found at: https://lawphil.net/judjuris/juri2013/jul2013/gr_173307_2013.html
2025-12-05 19:24:33,628 - INFO -   ✓ Saved: RESTRUCTURED_DB/2013/july/173307.json
2025-12-05 19:24:34,128 - INFO - Scraping G.R. No. 161211 (2013): Spouses Angeles Dico and Celso Dico, Sr. vs. Vizca...
2025-12-05 19:24:34,374 - INFO -   ✓ Found at: https://lawphil.net/judjuris/juri2013/jul2013/gr_161211_2013.html
2025-12-05 19:24:34,376 - INFO -   ✓ Saved: RESTRUCTURED_DB/2013/july/161211.json
2025-12-05 19:24:34,876 - INFO - Scraping G.R. No. 199114 (2013): Rosalinda Dimapilis-Baldoz, in her capacity as the...
2025-12-05 19:24:35,128 - INFO -   ✓ Found at: https://lawphil.net/judjuris/juri2013/jul2013/gr_199114_2013.html
2025-12-05 19:24:35,129 - INFO -   ✓ Saved: RESTRUCTURED_DB/2013/july/199114.json
2025-12-05 19:24:35,629 - INFO - Scraping G.R. No. 189028 (2013): National Artist for Literature Virgilio Almario, e...
2025-12-05 19:24:36,095 - INFO -   ✓ Found at: https://lawphil.net/judjuris/juri2013/jul2013/gr_189028_2013.html
2025-12-05 19:24:36,098 - INFO -   ✓ Saved: RESTRUCTURED_DB/2013/july/189028.json
2025-12-05 19:24:36,598 - INFO - Scraping G.R. No. 191411 (2013): Rafael L. Cosculluela vs. Sandiganbayan, et al./Ed...
2025-12-05 19:24:37,063 - INFO -   ✓ Found at: https://lawphil.net/judjuris/juri2013/jul2013/gr_191411_2013.html
2025-12-05 19:24:37,064 - INFO -   ✓ Saved: RESTRUCTURED_DB/2013/july/191411.json
2025-12-05 19:24:37,564 - INFO - Scraping G.R. No. 202867 (2013): People of the Philippines vs. Regie Labia...
2025-12-05 19:24:38,004 - INFO -   ✓ Found at: https://lawphil.net/judjuris/juri2013/jul2013/gr_202867_2013.html
2025-12-05 19:24:38,006 - INFO -   ✓ Saved: RESTRUCTURED_DB/2013/july/202867.json
2025-12-05 19:24:38,506 - INFO - Scraping G.R. No. 192306 (2013): Jessie G. Martinez vs. Central Pangasinan Electric...
2025-12-05 19:24:38,751 - INFO -   ✓ Found at: https://lawphil.net/judjuris/juri2013/jul2013/gr_192306_2013.html
2025-12-05 19:24:38,753 - INFO -   ✓ Saved: RESTRUCTURED_DB/2013/july/192306.json
2025-12-05 19:24:39,253 - INFO - Scraping G.R. No. 162385 (2013): Samar-Med Distribution vs. National Labor Relation...
2025-12-05 19:24:39,715 - INFO -   ✓ Found at: https://lawphil.net/judjuris/juri2013/jul2013/gr_162385_2013.html
2025-12-05 19:24:39,716 - INFO -   ✓ Saved: RESTRUCTURED_DB/2013/july/162385.json
2025-12-05 19:24:40,216 - INFO - Scraping G.R. No. 161075 (2013): Rafael Jose Consing, Jr. vs. People of the Philipp...
2025-12-05 19:24:40,471 - INFO -   ✓ Found at: https://lawphil.net/judjuris/juri2013/jul2013/gr_161075_2013.html
2025-12-05 19:24:40,472 - INFO -   ✓ Saved: RESTRUCTURED_DB/2013/july/161075.json
2025-12-05 19:24:40,973 - INFO - Scraping G.R. No. 206236 (2013): Gilfredo Bacolod a.k.a. Gilardo Bacolod vs. People...
2025-12-05 19:24:41,229 - INFO -   ✓ Found at: https://lawphil.net/judjuris/juri2013/jul2013/gr_206236_2013.html
2025-12-05 19:24:41,230 - INFO -   ✓ Saved: RESTRUCTURED_DB/2013/july/206236.json
2025-12-05 19:24:41,730 - INFO - Scraping G.R. No. 203241 (2013): Rizal Commercial Banking Corporation vs. Federico ...
2025-12-05 19:24:42,174 - INFO -   ✓ Found at: https://lawphil.net/judjuris/juri2013/jul2013/gr_203241_2013.html
2025-12-05 19:24:42,175 - INFO -   ✓ Saved: RESTRUCTURED_DB/2013/july/203241.json
2025-12-05 19:24:42,676 - INFO - Scraping G.R. No. 179256 (2013): First Philippine Industrial Corporation vs. Raquel...
2025-12-05 19:24:42,930 - INFO -   ✓ Found at: https://lawphil.net/judjuris/juri2013/jul2013/gr_179256_2013.html
2025-12-05 19:24:42,932 - INFO -   ✓ Saved: RESTRUCTURED_DB/2013/july/179256.json
2025-12-05 19:24:43,432 - INFO - Scraping G.R. No. 195481 (2013): Oriental Petroleum and Minerals Corporation vs. Tu...
2025-12-05 19:24:43,730 - INFO -   ✓ Found at: https://lawphil.net/judjuris/juri2013/jul2013/gr_195481_2013.html
2025-12-05 19:24:43,731 - INFO -   ✓ Saved: RESTRUCTURED_DB/2013/july/195481.json
2025-12-05 19:24:44,231 - INFO - Scraping G.R. No. 189686 (2013): Universal Robina Corporation and Lance Y. Gokongwe...
2025-12-05 19:24:44,753 - INFO -   ✓ Found at: https://lawphil.net/judjuris/juri2013/jul2013/gr_189686_2013.html
2025-12-05 19:24:44,754 - INFO -   ✓ Saved: RESTRUCTURED_DB/2013/july/189686.json
2025-12-05 19:24:45,255 - INFO - Scraping G.R. No. 189293 (2013): People of the Philippines vs. Vicente Cadellada...
2025-12-05 19:24:45,545 - INFO -   ✓ Found at: https://lawphil.net/judjuris/juri2013/jul2013/gr_189293_2013.html
2025-12-05 19:24:45,547 - INFO -   ✓ Saved: RESTRUCTURED_DB/2013/july/189293.json
2025-12-05 19:24:46,047 - INFO - Scraping G.R. No. 198020 (2013): People of the Philippines vs. Joseph Barra...
2025-12-05 19:24:46,287 - INFO -   ✓ Found at: https://lawphil.net/judjuris/juri2013/jul2013/gr_198020_2013.html
2025-12-05 19:24:46,288 - INFO -   ✓ Saved: RESTRUCTURED_DB/2013/july/198020.json
2025-12-05 19:24:46,788 - INFO - Scraping G.R. No. 197789 (2013): PNOC-Energy Development Corp., et al. vs. Joselito...
2025-12-05 19:24:47,247 - INFO -   ✓ Found at: https://lawphil.net/judjuris/juri2013/jul2013/gr_197789_2013.html
2025-12-05 19:24:47,248 - INFO -   ✓ Saved: RESTRUCTURED_DB/2013/july/197789.json
2025-12-05 19:24:47,749 - INFO - Scraping G.R. No. 186264 (2013): Dr. Lorna C. Formaran vs. Dr. Glenda B. Ong and So...
2025-12-05 19:24:48,216 - INFO -   ✓ Found at: https://lawphil.net/judjuris/juri2013/jul2013/gr_186264_2013.html
2025-12-05 19:24:48,218 - INFO -   ✓ Saved: RESTRUCTURED_DB/2013/july/186264.json
2025-12-05 19:24:48,718 - INFO - Scraping G.R. No. 179638 (2013): Heirs of Numeriano Miranda, Sr., namely: Cirila (d...
2025-12-05 19:24:48,983 - INFO -   ✓ Found at: https://lawphil.net/judjuris/juri2013/jul2013/gr_179638_2013.html
2025-12-05 19:24:48,984 - INFO -   ✓ Saved: RESTRUCTURED_DB/2013/july/179638.json
2025-12-05 19:24:49,485 - INFO - Scraping G.R. No. 183805 (2013): James Walter P. Capili vs. People of the Philippin...
2025-12-05 19:24:49,760 - INFO -   ✓ Found at: https://lawphil.net/judjuris/juri2013/jul2013/gr_183805_2013.html
2025-12-05 19:24:49,761 - INFO -   ✓ Saved: RESTRUCTURED_DB/2013/july/183805.json
2025-12-05 19:24:50,261 - INFO - Scraping G.R. No. 172206 (2013): Office of the Ombudsman vs. Ernesto M. De Chavez, ...
2025-12-05 19:24:50,841 - INFO -   ✓ Found at: https://lawphil.net/judjuris/juri2013/jul2013/gr_172206_2013.html
2025-12-05 19:24:50,842 - INFO -   ✓ Saved: RESTRUCTURED_DB/2013/july/172206.json
2025-12-05 19:24:51,343 - INFO - Scraping G.R. No. 186366 (2013): Heirs of Jose Fenando vs. Reynaldo De Belen...
2025-12-05 19:24:51,597 - INFO -   ✓ Found at: https://lawphil.net/judjuris/juri2013/jul2013/gr_186366_2013.html
2025-12-05 19:24:51,598 - INFO -   ✓ Saved: RESTRUCTURED_DB/2013/july/186366.json
2025-12-05 19:24:52,099 - INFO - Scraping G.R. No. 185734 (2013): Alfredo C. Lim, Jr. vs. Spouses Tito S. Lazaro and...
2025-12-05 19:24:52,403 - INFO -   ✓ Found at: https://lawphil.net/judjuris/juri2013/jul2013/gr_185734_2013.html
2025-12-05 19:24:52,404 - INFO -   ✓ Saved: RESTRUCTURED_DB/2013/july/185734.json
2025-12-05 19:24:52,904 - INFO - Scraping G.R. No. 184908 (2013): Major Joel G. Cantos vs. People of the Philippines...
2025-12-05 19:24:53,156 - INFO -   ✓ Found at: https://lawphil.net/judjuris/juri2013/jul2013/gr_184908_2013.html
2025-12-05 19:24:53,157 - INFO -   ✓ Saved: RESTRUCTURED_DB/2013/july/184908.json
2025-12-05 19:24:53,657 - INFO - Scraping G.R. No. 177763 (2013): People of the Philippines vs. Garry Vergara y Orie...
2025-12-05 19:24:54,173 - INFO -   ✓ Found at: https://lawphil.net/judjuris/juri2013/jul2013/gr_177763_2013.html
2025-12-05 19:24:54,174 - INFO -   ✓ Saved: RESTRUCTURED_DB/2013/july/177763.json
2025-12-05 19:24:54,674 - INFO - Scraping G.R. No. 181277 (2013): Swedish Match Philippines Inc. vs. the Treasurer o...
2025-12-05 19:24:55,395 - INFO -   ✓ Found at: https://lawphil.net/judjuris/juri2013/jul2013/gr_181277_2013.html
2025-12-05 19:24:55,397 - INFO -   ✓ Saved: RESTRUCTURED_DB/2013/july/181277.json
2025-12-05 19:24:55,897 - INFO - Scraping G.R. No. 198240 (2013): Luisa Navarro Marcos vs. the Heirs of the late Dr....
2025-12-05 19:24:56,140 - INFO -   ✓ Found at: https://lawphil.net/judjuris/juri2013/jul2013/gr_198240_2013.html
2025-12-05 19:24:56,148 - INFO -   ✓ Saved: RESTRUCTURED_DB/2013/july/198240.json
2025-12-05 19:24:56,648 - INFO - Scraping G.R. No. 199932 (2013): Camilo A. Esguerra vs. United Philippines Lines, I...
2025-12-05 19:24:57,217 - INFO -   ✓ Found at: https://lawphil.net/judjuris/juri2013/jul2013/gr_199932_2013.html
2025-12-05 19:24:57,218 - INFO -   ✓ Saved: RESTRUCTURED_DB/2013/july/199932.json
2025-12-05 19:24:57,718 - INFO - Scraping G.R. No. 188711 (2013): Tan Brothers Corporation of Basilan City through i...
2025-12-05 19:24:58,188 - INFO -   ✓ Found at: https://lawphil.net/judjuris/juri2013/jul2013/gr_188711_2013.html
2025-12-05 19:24:58,189 - INFO -   ✓ Saved: RESTRUCTURED_DB/2013/july/188711.json
2025-12-05 19:24:58,689 - INFO - Scraping G.R. No. 159213 (2013): Vector Shipping Corporation, et al. vs. American H...
2025-12-05 19:24:59,157 - INFO -   ✓ Found at: https://lawphil.net/judjuris/juri2013/jul2013/gr_159213_2013.html
2025-12-05 19:24:59,159 - INFO -   ✓ Saved: RESTRUCTURED_DB/2013/july/159213.json
2025-12-05 19:24:59,659 - INFO - Scraping G.R. No. 197360 (2013): People of the Philippines vs. Ronald Credo, et al....
2025-12-05 19:24:59,904 - INFO -   ✓ Found at: https://lawphil.net/judjuris/juri2013/jul2013/gr_197360_2013.html
2025-12-05 19:24:59,906 - INFO -   ✓ Saved: RESTRUCTURED_DB/2013/july/197360.json
2025-12-05 19:25:00,407 - INFO - Scraping G.R. No. 198534 (2013): Jenny F. Peckson vs. Robinsons Supermarket Corpora...
2025-12-05 19:25:00,661 - INFO -   ✓ Found at: https://lawphil.net/judjuris/juri2013/jul2013/gr_198534_2013.html
2025-12-05 19:25:00,662 - INFO -   ✓ Saved: RESTRUCTURED_DB/2013/july/198534.json
2025-12-05 19:25:01,162 - INFO - Scraping G.R. No. 192179 (2013): People of the Philippines vs. Lito Hatsero...
2025-12-05 19:25:01,410 - INFO -   ✓ Found at: https://lawphil.net/judjuris/juri2013/jul2013/gr_192179_2013.html
2025-12-05 19:25:01,411 - INFO -   ✓ Saved: RESTRUCTURED_DB/2013/july/192179.json
2025-12-05 19:25:01,911 - INFO - Scraping G.R. No. 195649 (2013): Casan Macode Maquiling vs. Commission on Elections...
2025-12-05 19:25:02,413 - INFO -   ✓ Found at: https://lawphil.net/judjuris/juri2013/jul2013/gr_195649_2013.html
2025-12-05 19:25:02,414 - INFO -   ✓ Saved: RESTRUCTURED_DB/2013/july/195649.json
2025-12-05 19:25:02,914 - INFO - Scraping G.R. No. 196529 (2013): William T. Go vs. Alberto T. Looyuko, substituted ...
2025-12-05 19:25:03,417 - INFO -   ✓ Found at: https://lawphil.net/judjuris/juri2013/jul2013/gr_196529_2013.html
2025-12-05 19:25:03,418 - INFO -   ✓ Saved: RESTRUCTURED_DB/2013/july/196529.json
2025-12-05 19:25:03,918 - INFO - Scraping G.R. No. 180281 (2013): People of the Philippines vs. Joemari Jalbonian al...
2025-12-05 19:25:04,177 - INFO -   ✓ Found at: https://lawphil.net/judjuris/juri2013/jul2013/gr_180281_2013.html
2025-12-05 19:25:04,179 - INFO -   ✓ Saved: RESTRUCTURED_DB/2013/july/180281.json
2025-12-05 19:25:04,679 - INFO - Scraping G.R. No. 177050 (2013): Carlos Lim, et al. vs. Development Bank of the Phi...
2025-12-05 19:25:05,358 - INFO -   ✓ Found at: https://lawphil.net/judjuris/juri2013/jul2013/gr_177050_2013.html
2025-12-05 19:25:05,361 - INFO -   ✓ Saved: RESTRUCTURED_DB/2013/july/177050.json
2025-12-05 19:25:05,861 - INFO - Scraping G.R. No. 198759 (2013): Philippine Airlines, Inc. vs. Commissioner of Inte...
2025-12-05 19:25:06,553 - INFO -   ✓ Found at: https://lawphil.net/judjuris/juri2013/jul2013/gr_198759_2013.html
2025-12-05 19:25:06,555 - INFO -   ✓ Saved: RESTRUCTURED_DB/2013/july/198759.json
2025-12-05 19:25:07,055 - INFO - Scraping G.R. No. 189316 (2013): Philippine National Bank vs. Sps. Bernard and Cres...
2025-12-05 19:25:07,529 - INFO -   ✓ Found at: https://lawphil.net/judjuris/juri2013/jul2013/gr_189316_2013.html
2025-12-05 19:25:07,530 - INFO -   ✓ Saved: RESTRUCTURED_DB/2013/july/189316.json
2025-12-05 19:25:08,030 - INFO - Scraping G.R. No. 179334 (2013): Secretary of the Department of Public Works and Hi...
2025-12-05 19:25:08,614 - INFO -   ✓ Found at: https://lawphil.net/judjuris/juri2013/jul2013/gr_179334_2013.html
2025-12-05 19:25:08,616 - INFO -   ✓ Saved: RESTRUCTURED_DB/2013/july/179334.json
2025-12-05 19:25:09,116 - INFO - Scraping G.R. No. 170245 (2013): The Heirs of Spouses Domingo Tria vs. Land Bank of...
2025-12-05 19:25:09,698 - INFO -   ✓ Found at: https://lawphil.net/judjuris/juri2013/jul2013/gr_170245_2013.html
2025-12-05 19:25:09,699 - INFO -   ✓ Saved: RESTRUCTURED_DB/2013/july/170245.json
2025-12-05 19:25:10,199 - INFO - Scraping G.R. No. 196049 (2013): Minoru Fujiki vs. Maria Paz Galela Marinay, et al....
2025-12-05 19:25:10,662 - INFO -   ✓ Found at: https://lawphil.net/judjuris/juri2013/jun2013/gr_196049_2013.html
2025-12-05 19:25:10,665 - INFO -   ✓ Saved: RESTRUCTURED_DB/2013/june/196049.json
2025-12-05 19:25:11,165 - INFO - Scraping G.R. No. 194362 (2013): Philippine Hammonia Ship Agency, Inc. (now known a...
2025-12-05 19:25:11,491 - INFO -   ✓ Found at: https://lawphil.net/judjuris/juri2013/jun2013/gr_194362_2013.html
2025-12-05 19:25:11,492 - INFO -   ✓ Saved: RESTRUCTURED_DB/2013/june/194362.json
2025-12-05 19:25:11,992 - INFO - Scraping G.R. No. 163061 (2013): Alfonso Fianza vs. Binga Hydroelectic Plant, Inc.,...
2025-12-05 19:25:12,243 - INFO -   ✓ Found at: https://lawphil.net/judjuris/juri2013/jun2013/gr_163061_2013.html
2025-12-05 19:25:12,244 - INFO -   ✓ Saved: RESTRUCTURED_DB/2013/june/163061.json
2025-12-05 19:25:12,744 - INFO - Scraping G.R. No. 186137 (2013): People of the Philippines vs. Datu Not Abdul...
2025-12-05 19:25:13,211 - INFO -   ✓ Found at: https://lawphil.net/judjuris/juri2013/jun2013/gr_186137_2013.html
2025-12-05 19:25:13,212 - INFO -   ✓ Saved: RESTRUCTURED_DB/2013/june/186137.json
2025-12-05 19:25:13,713 - INFO - Scraping G.R. No. 182295 (2013): 7K Corporation vs. Eddie Albarico...
2025-12-05 19:25:14,338 - INFO -   ✓ Found at: https://lawphil.net/judjuris/juri2013/jun2013/gr_182295_2013.html
2025-12-05 19:25:14,340 - INFO -   ✓ Saved: RESTRUCTURED_DB/2013/june/182295.json
2025-12-05 19:25:14,840 - INFO - Scraping G.R. No. 199650 (2013): J Plus Asia Development Corporation vs. Utility As...
2025-12-05 19:25:15,129 - INFO -   ✓ Found at: https://lawphil.net/judjuris/juri2013/jun2013/gr_199650_2013.html
2025-12-05 19:25:15,132 - INFO -   ✓ Saved: RESTRUCTURED_DB/2013/june/199650.json
2025-12-05 19:25:15,632 - INFO - Scraping G.R. No. 186475 (2013): Poseidon International Maritime Services, Inc....
2025-12-05 19:25:16,287 - INFO -   ✓ Found at: https://lawphil.net/judjuris/juri2013/jun2013/gr_186475_2013.html
2025-12-05 19:25:16,289 - INFO -   ✓ Saved: RESTRUCTURED_DB/2013/june/186475.json
2025-12-05 19:25:16,789 - INFO - Scraping G.R. No. 199354 (2013): Wilson T. Go vs. BPI Finance Corporation...
2025-12-05 19:25:17,030 - INFO -   ✓ Found at: https://lawphil.net/judjuris/juri2013/jun2013/gr_199354_2013.html
2025-12-05 19:25:17,031 - INFO -   ✓ Saved: RESTRUCTURED_DB/2013/june/199354.json
2025-12-05 19:25:17,532 - INFO - Scraping G.R. No. 160982 (2013): Manila Jockey Club, Inc. vs. Aimee Trajano...
2025-12-05 19:25:18,323 - INFO -   ✓ Found at: https://lawphil.net/judjuris/juri2013/jun2013/gr_160982_2013.html
2025-12-05 19:25:18,325 - INFO -   ✓ Saved: RESTRUCTURED_DB/2013/june/160982.json
2025-12-05 19:25:18,825 - INFO - Scraping G.R. No. 186014 (2013): Ali Akang vs. Municipality of Isulan, Sultan Kudar...
2025-12-05 19:25:19,182 - INFO -   ✓ Found at: https://lawphil.net/judjuris/juri2013/jun2013/gr_186014_2013.html
2025-12-05 19:25:19,184 - INFO -   ✓ Saved: RESTRUCTURED_DB/2013/june/186014.json
2025-12-05 19:25:19,684 - INFO - Scraping G.R. No. 197363 (2013): People of the Philippines vs. Roman Zafra y Serran...
2025-12-05 19:25:19,936 - INFO -   ✓ Found at: https://lawphil.net/judjuris/juri2013/jun2013/gr_197363_2013.html
2025-12-05 19:25:19,938 - INFO -   ✓ Saved: RESTRUCTURED_DB/2013/june/197363.json
2025-12-05 19:25:20,438 - INFO - Scraping G.R. No. 179079 (2013): People of the Philippines vs. Timothy J. Desmond/V...
2025-12-05 19:25:28,743 - WARNING -   ✗ Not found for G.R. No. 179079
2025-12-05 19:25:29,244 - INFO - Scraping G.R. No. 185891 (2013): Cathay Pacific Airways vs. Juanita Reyes, et al....
2025-12-05 19:25:30,017 - INFO -   ✓ Found at: https://lawphil.net/judjuris/juri2013/jun2013/gr_185891_2013.html
2025-12-05 19:25:30,019 - INFO -   ✓ Saved: RESTRUCTURED_DB/2013/june/185891.json
2025-12-05 19:25:30,519 - INFO - Scraping G.R. No. 200507 (2013): People of the Philippines vs. Peter Linda y Garola...
2025-12-05 19:25:30,770 - INFO -   ✓ Found at: https://lawphil.net/judjuris/juri2013/jun2013/gr_200507_2013.html
2025-12-05 19:25:30,771 - INFO -   ✓ Saved: RESTRUCTURED_DB/2013/june/200507.json
2025-12-05 19:25:31,272 - INFO - Scraping G.R. No. 191267 (2013): People of the Philippines vs. Monica Mendoza y Tri...
2025-12-05 19:25:31,514 - INFO -   ✓ Found at: https://lawphil.net/judjuris/juri2013/jun2013/gr_191267_2013.html
2025-12-05 19:25:31,515 - INFO -   ✓ Saved: RESTRUCTURED_DB/2013/june/191267.json
2025-12-05 19:25:32,015 - INFO - Scraping G.R. No. 189846 (2013): People of the Philippines vs. Ramil Mores...
2025-12-05 19:25:32,258 - INFO -   ✓ Found at: https://lawphil.net/judjuris/juri2013/jun2013/gr_189846_2013.html
2025-12-05 19:25:32,259 - INFO -   ✓ Saved: RESTRUCTURED_DB/2013/june/189846.json
2025-12-05 19:25:32,760 - INFO - Scraping G.R. No. 179448 (2013): Carlos L. Tenenggee vs. People of the Philippines...
2025-12-05 19:25:33,003 - INFO -   ✓ Found at: https://lawphil.net/judjuris/juri2013/jun2013/gr_179448_2013.html
2025-12-05 19:25:33,004 - INFO -   ✓ Saved: RESTRUCTURED_DB/2013/june/179448.json
2025-12-05 19:25:33,505 - INFO - Scraping G.R. No. 179736 (2013): Spouses Bill and Victoria Hing vs. Alexander Choac...
2025-12-05 19:25:33,747 - INFO -   ✓ Found at: https://lawphil.net/judjuris/juri2013/jun2013/gr_179736_2013.html
2025-12-05 19:25:33,748 - INFO -   ✓ Saved: RESTRUCTURED_DB/2013/june/179736.json
2025-12-05 19:25:34,248 - INFO - Scraping G.R. No. 201251 (2013): Inter-Orient Maritime, Inc. and/or Tankoil Carrier...
2025-12-05 19:25:34,765 - INFO -   ✓ Found at: https://lawphil.net/judjuris/juri2013/jun2013/gr_201251_2013.html
2025-12-05 19:25:34,766 - INFO -   ✓ Saved: RESTRUCTURED_DB/2013/june/201251.json
2025-12-05 19:25:35,267 - INFO - Scraping G.R. No. 180476 (2013): Raymund Coderias, as represented by his Attorney-I...
2025-12-05 19:25:35,641 - INFO -   ✓ Found at: https://lawphil.net/judjuris/juri2013/jun2013/gr_180476_2013.html
2025-12-05 19:25:35,642 - INFO -   ✓ Saved: RESTRUCTURED_DB/2013/june/180476.json
2025-12-05 19:25:36,143 - INFO - Scraping G.R. No. 179267 (2013): Jesus C. Garcia vs. the Hon. Ray Alan T. Drilon, P...
2025-12-05 19:25:36,388 - INFO -   ✓ Found at: https://lawphil.net/judjuris/juri2013/jun2013/gr_179267_2013.html
2025-12-05 19:25:36,394 - INFO -   ✓ Saved: RESTRUCTURED_DB/2013/june/179267.json
2025-12-05 19:25:36,894 - INFO - Scraping G.R. No. 201675 (2013): Juanito Ang, for and in behalf of Sunrise Marketin...
2025-12-05 19:25:37,139 - INFO -   ✓ Found at: https://lawphil.net/judjuris/juri2013/jun2013/gr_201675_2013.html
2025-12-05 19:25:37,141 - INFO -   ✓ Saved: RESTRUCTURED_DB/2013/june/201675.json
2025-12-05 19:25:37,641 - INFO - 
Batch 4 complete:
2025-12-05 19:25:37,642 - INFO -   Successful: 97
2025-12-05 19:25:37,642 - INFO -   Failed: 3
2025-12-05 19:25:37,642 - INFO -   Skipped: 0
2025-12-05 19:25:37,642 - INFO - 
Overall progress: 400/731 cases
2025-12-05 19:25:37,642 - INFO - 
================================================================================
2025-12-05 19:25:37,642 - INFO - BATCH 5/8 (100 cases)
2025-12-05 19:25:37,642 - INFO - ================================================================================
2025-12-05 19:25:37,642 - INFO - Scraping G.R. No. 202247 (2013): Sime Darby Pilipinas, Inc. vs. Jesus B. Mendoza...
2025-12-05 19:25:38,114 - INFO -   ✓ Found at: https://lawphil.net/judjuris/juri2013/jun2013/gr_202247_2013.html
2025-12-05 19:25:38,115 - INFO -   ✓ Saved: RESTRUCTURED_DB/2013/june/202247.json
2025-12-05 19:25:38,615 - INFO - Scraping G.R. No. 184116 (2013): Century Iron Works, Inc., et al. vs. Eleto B. Baña...
2025-12-05 19:25:39,471 - INFO -   ✓ Found at: https://lawphil.net/judjuris/juri2013/jun2013/gr_184116_2013.html
2025-12-05 19:25:39,473 - INFO -   ✓ Saved: RESTRUCTURED_DB/2013/june/184116.json
2025-12-05 19:25:39,973 - INFO - Scraping G.R. No. 179685 (2013): Conrada O. Almagro vs. Sps. Manuel Amaya, Sr. and ...
2025-12-05 19:25:40,922 - INFO -   ✓ Found at: https://lawphil.net/judjuris/juri2013/jun2013/gr_179685_2013.html
2025-12-05 19:25:40,924 - INFO -   ✓ Saved: RESTRUCTURED_DB/2013/june/179685.json
2025-12-05 19:25:41,424 - INFO - Scraping G.R. No. 195777 (2013): People of the Philippines vs. Ferdinand Castro y L...
2025-12-05 19:25:41,718 - INFO -   ✓ Found at: https://lawphil.net/judjuris/juri2013/jun2013/gr_195777_2013.html
2025-12-05 19:25:41,719 - INFO -   ✓ Saved: RESTRUCTURED_DB/2013/june/195777.json
2025-12-05 19:25:42,220 - INFO - Scraping G.R. No. 191391 (2013): People of the Philippines vs. Benedict Homaky Luci...
2025-12-05 19:25:42,896 - INFO -   ✓ Found at: https://lawphil.net/judjuris/juri2013/jun2013/gr_191391_2013.html
2025-12-05 19:25:42,898 - INFO -   ✓ Saved: RESTRUCTURED_DB/2013/june/191391.json
2025-12-05 19:25:43,398 - INFO - Scraping G.R. No. 191903 (2013): Magsaysay Maritime Corporation and/or Westfal-Lars...
2025-12-05 19:25:43,643 - INFO -   ✓ Found at: https://lawphil.net/judjuris/juri2013/jun2013/gr_191903_2013.html
2025-12-05 19:25:43,645 - INFO -   ✓ Saved: RESTRUCTURED_DB/2013/june/191903.json
2025-12-05 19:25:44,145 - INFO - Scraping G.R. No. 169214 (2013): Spouses Manuel Sy and Victoria Sy vs. Genalyn D. Y...
2025-12-05 19:25:44,523 - INFO -   ✓ Found at: https://lawphil.net/judjuris/juri2013/jun2013/gr_169214_2013.html
2025-12-05 19:25:44,524 - INFO -   ✓ Saved: RESTRUCTURED_DB/2013/june/169214.json
2025-12-05 19:25:45,024 - INFO - Scraping G.R. No. 157020 (2013): Reinier Pacific International Shipping, Inc. and N...
2025-12-05 19:25:45,270 - INFO -   ✓ Found at: https://lawphil.net/judjuris/juri2013/jun2013/gr_157020_2013.html
2025-12-05 19:25:45,271 - INFO -   ✓ Saved: RESTRUCTURED_DB/2013/june/157020.json
2025-12-05 19:25:45,771 - INFO - Scraping G.R. No. 173946 (2013): Boston Equity Resources, Inc. vs. Court of Appeals...
2025-12-05 19:25:46,454 - INFO -   ✓ Found at: https://lawphil.net/judjuris/juri2013/jun2013/gr_173946_2013.html
2025-12-05 19:25:46,456 - INFO -   ✓ Saved: RESTRUCTURED_DB/2013/june/173946.json
2025-12-05 19:25:46,956 - INFO - Scraping G.R. No. 177812 (2013): Concrete Solutions, Inc./Primary Structures Corpor...
2025-12-05 19:25:47,368 - INFO -   ✓ Found at: https://lawphil.net/judjuris/juri2013/jun2013/gr_177812_2013.html
2025-12-05 19:25:47,370 - INFO -   ✓ Saved: RESTRUCTURED_DB/2013/june/177812.json
2025-12-05 19:25:47,871 - INFO - Scraping G.R. No. 182072 (2013): Univac Development, Inc. vs. William M. Soriano...
2025-12-05 19:25:48,121 - INFO -   ✓ Found at: https://lawphil.net/judjuris/juri2013/jun2013/gr_182072_2013.html
2025-12-05 19:25:48,122 - INFO -   ✓ Saved: RESTRUCTURED_DB/2013/june/182072.json
2025-12-05 19:25:48,623 - INFO - Scraping G.R. No. 194846 (2013): Hospicio D. rosaroso, Antonio D. Rosaroso, et al. ...
2025-12-05 19:25:49,083 - INFO -   ✓ Found at: https://lawphil.net/judjuris/juri2013/jun2013/gr_194846_2013.html
2025-12-05 19:25:49,085 - INFO -   ✓ Saved: RESTRUCTURED_DB/2013/june/194846.json
2025-12-05 19:25:49,585 - INFO - Scraping G.R. No. 182130 (2013): Iris Kristine Balois Alberto and Benjamin D. Balao...
2025-12-05 19:25:49,829 - INFO -   ✓ Found at: https://lawphil.net/judjuris/juri2013/jun2013/gr_182130_2013.html
2025-12-05 19:25:49,832 - INFO -   ✓ Saved: RESTRUCTURED_DB/2013/june/182130.json
2025-12-05 19:25:50,332 - INFO - Scraping G.R. No. 191877 (2013): Philippine Amusement and Gaming Corporation (PAGCO...
2025-12-05 19:25:50,926 - INFO -   ✓ Found at: https://lawphil.net/judjuris/juri2013/jun2013/gr_191877_2013.html
2025-12-05 19:25:50,931 - INFO -   ✓ Saved: RESTRUCTURED_DB/2013/june/191877.json
2025-12-05 19:25:51,431 - INFO - Scraping G.R. No. 195842 (2013): Roberto B. Reblora vs. Armed Forces of the Philipp...
2025-12-05 19:25:51,942 - INFO -   ✓ Found at: https://lawphil.net/judjuris/juri2013/jun2013/gr_195842_2013.html
2025-12-05 19:25:51,944 - INFO -   ✓ Saved: RESTRUCTURED_DB/2013/june/195842.json
2025-12-05 19:25:52,444 - INFO - Scraping G.R. No. 205033 (2013): Romeo G. Jalosjos vs. the Commission on Elections,...
2025-12-05 19:25:52,786 - INFO -   ✓ Found at: https://lawphil.net/judjuris/juri2013/jun2013/gr_205033_2013.html
2025-12-05 19:25:52,789 - INFO -   ✓ Saved: RESTRUCTURED_DB/2013/june/205033.json
2025-12-05 19:25:53,289 - INFO - Scraping G.R. No. 175773 (2013): Mitsubishi Motors Philippines salaried Employees U...
2025-12-05 19:25:53,537 - INFO -   ✓ Found at: https://lawphil.net/judjuris/juri2013/jun2013/gr_175773_2013.html
2025-12-05 19:25:53,538 - INFO -   ✓ Saved: RESTRUCTURED_DB/2013/june/175773.json
2025-12-05 19:25:54,038 - INFO - Scraping G.R. No. 174908 (2013): Darma Maslag vs. Elizabeth Monzon, et al....
