nohup: ignoring input
2025-12-05 19:17:56,780 - INFO - Loading missing cases list...
2025-12-05 19:17:56,804 - INFO - ================================================================================
2025-12-05 19:17:56,804 - INFO - LAWPHIL BATCH SCRAPER
2025-12-05 19:17:56,804 - INFO - ================================================================================
2025-12-05 19:17:56,804 - INFO - Database path: RESTRUCTURED_DB
2025-12-05 19:17:56,804 - INFO - Cases to scrape: 802
2025-12-05 19:17:56,804 - INFO - Year range: 2012-2012
2025-12-05 19:17:56,804 - INFO - Batch size: 100
2025-12-05 19:17:56,804 - INFO - ================================================================================
2025-12-05 19:17:56,804 - INFO - 
================================================================================
2025-12-05 19:17:56,804 - INFO - BATCH 1/9 (100 cases)
2025-12-05 19:17:56,804 - INFO - ================================================================================
2025-12-05 19:17:56,804 - INFO - Scraping G.R. No. 201292 (2012): Pension and Gratuity Management Center (PGMC), GHQ...
2025-12-05 19:18:05,061 - WARNING -   ✗ Not found for G.R. No. 201292
2025-12-05 19:18:05,562 - INFO - Scraping G.R. No. 170488 (2012): CMTC International Marketing Corporation vs. Bhagi...
2025-12-05 19:18:06,046 - INFO -   ✓ Found at: https://lawphil.net/judjuris/juri2012/dec2012/gr_170488_2012.html
2025-12-05 19:18:06,049 - INFO -   ✓ Saved: RESTRUCTURED_DB/2012/december/170488.json
2025-12-05 19:18:06,549 - INFO - Scraping G.R. No. 198051 (2012): People of the Philippines vs. William Dumaplin y C...
2025-12-05 19:18:07,163 - INFO -   ✓ Found at: https://lawphil.net/judjuris/juri2012/dec2012/gr_198051_2012.html
2025-12-05 19:18:07,165 - INFO -   ✓ Saved: RESTRUCTURED_DB/2012/december/198051.json
2025-12-05 19:18:07,665 - INFO - Scraping G.R. No. 199579 (2012): Ramon Josue y Gonzales vs. People of the Philippin...
2025-12-05 19:18:08,091 - INFO -   ✓ Found at: https://lawphil.net/judjuris/juri2012/dec2012/gr_199579_2012.html
2025-12-05 19:18:08,092 - INFO -   ✓ Saved: RESTRUCTURED_DB/2012/december/199579.json
2025-12-05 19:18:08,592 - INFO - Scraping G.R. No. 175491 (2012): Crew and Ship Management International Inc. and Sa...
2025-12-05 19:18:09,046 - INFO -   ✓ Found at: https://lawphil.net/judjuris/juri2012/dec2012/gr_175491_2012.html
2025-12-05 19:18:09,048 - INFO -   ✓ Saved: RESTRUCTURED_DB/2012/december/175491.json
2025-12-05 19:18:09,548 - INFO - Scraping G.R. No. 188575 (2012): Gaudencio Pacete vs. Inocencio Asotigue...
2025-12-05 19:18:10,097 - INFO -   ✓ Found at: https://lawphil.net/judjuris/juri2012/dec2012/gr_188575_2012.html
2025-12-05 19:18:10,099 - INFO -   ✓ Saved: RESTRUCTURED_DB/2012/december/188575.json
2025-12-05 19:18:10,599 - INFO - Scraping G.R. No. 172338 (2012): Republic of the Philippines vs. Concepcion Lorenzo...
2025-12-05 19:18:11,089 - INFO -   ✓ Found at: https://lawphil.net/judjuris/juri2012/dec2012/gr_172338_2012.html
2025-12-05 19:18:11,091 - INFO -   ✓ Saved: RESTRUCTURED_DB/2012/december/172338.json
2025-12-05 19:18:11,591 - INFO - Scraping G.R. No. 188345 (2012): People of the Philippines vs. Catalino Dulay y Cad...
2025-12-05 19:18:12,066 - INFO -   ✓ Found at: https://lawphil.net/judjuris/juri2012/dec2012/gr_188345_2012.html
2025-12-05 19:18:12,067 - INFO -   ✓ Saved: RESTRUCTURED_DB/2012/december/188345.json
2025-12-05 19:18:12,567 - INFO - Scraping G.R. No. 198701 (2012): People of the Philippines vs. Jayson Curillan Hamb...
2025-12-05 19:18:12,931 - INFO -   ✓ Found at: https://lawphil.net/judjuris/juri2012/dec2012/gr_198701_2012.html
2025-12-05 19:18:12,932 - INFO -   ✓ Saved: RESTRUCTURED_DB/2012/december/198701.json
2025-12-05 19:18:13,432 - INFO - Scraping G.R. No. 164201 (2012): Efren Pana vs. Heirs of Jose Juanite, Sr. and Jose...
2025-12-05 19:18:14,122 - INFO -   ✓ Found at: https://lawphil.net/judjuris/juri2012/dec2012/gr_164201_2012.html
2025-12-05 19:18:14,123 - INFO -   ✓ Saved: RESTRUCTURED_DB/2012/december/164201.json
2025-12-05 19:18:14,623 - INFO - Scraping G.R. No. 185005 (2012): People of the Philippines vs. Dante Dejillo and Ge...
2025-12-05 19:18:15,307 - INFO -   ✓ Found at: https://lawphil.net/judjuris/juri2012/dec2012/gr_185005_2012.html
2025-12-05 19:18:15,310 - INFO -   ✓ Saved: RESTRUCTURED_DB/2012/december/185005.json
2025-12-05 19:18:15,811 - INFO - Scraping G.R. No. 199238 (2012): RCBC Capital Corporation vs. Banco De Oro Unibank,...
2025-12-05 19:18:24,093 - WARNING -   ✗ Not found for G.R. No. 199238
2025-12-05 19:18:24,594 - INFO - Scraping G.R. No. 177042 (2012): Spouses Crisanto Alcazar and Susana Villamayor vs....
2025-12-05 19:18:25,055 - INFO -   ✓ Found at: https://lawphil.net/judjuris/juri2012/dec2012/gr_177042_2012.html
2025-12-05 19:18:25,057 - INFO -   ✓ Saved: RESTRUCTURED_DB/2012/december/177042.json
2025-12-05 19:18:25,557 - INFO - Scraping G.R. No. 181021 (2012): Burgundy Realty Corporation vs. Josefa "Jing" C. R...
2025-12-05 19:18:25,805 - INFO -   ✓ Found at: https://lawphil.net/judjuris/juri2012/dec2012/gr_181021_2012.html
2025-12-05 19:18:25,806 - INFO -   ✓ Saved: RESTRUCTURED_DB/2012/december/181021.json
2025-12-05 19:18:26,306 - INFO - Scraping G.R. No. 170217 (2012): HPS Software and Communications Corporation, et al...
2025-12-05 19:18:27,182 - INFO -   ✓ Found at: https://lawphil.net/judjuris/juri2012/dec2012/gr_170217_2012.html
2025-12-05 19:18:27,185 - INFO -   ✓ Saved: RESTRUCTURED_DB/2012/december/170217.json
2025-12-05 19:18:27,685 - INFO - Scraping G.R. No. 199892 (2012): People of the Philippines vs. Arturo Punzalan, Jr....
2025-12-05 19:18:27,937 - INFO -   ✓ Found at: https://lawphil.net/judjuris/juri2012/dec2012/gr_199892_2012.html
2025-12-05 19:18:27,939 - INFO -   ✓ Saved: RESTRUCTURED_DB/2012/december/199892.json
2025-12-05 19:18:28,439 - INFO - Scraping G.R. No. 181891 (2012): Republic of the Philippines vs. Zoomark R.P.C., In...
2025-12-05 19:18:28,702 - INFO -   ✓ Found at: https://lawphil.net/judjuris/juri2012/dec2012/gr_181891_2012.html
2025-12-05 19:18:28,703 - INFO -   ✓ Saved: RESTRUCTURED_DB/2012/december/181891.json
2025-12-05 19:18:29,203 - INFO - Scraping G.R. No. 162930 (2012): Lagrimas De Jesus Zamora vs. Spouses Beatriz Zamor...
2025-12-05 19:18:29,862 - INFO -   ✓ Found at: https://lawphil.net/judjuris/juri2012/dec2012/gr_162930_2012.html
2025-12-05 19:18:29,864 - INFO -   ✓ Saved: RESTRUCTURED_DB/2012/december/162930.json
2025-12-05 19:18:30,364 - INFO - Scraping G.R. No. 174647 (2012): Land Bank of the Philippines vs. Spouses Rosa and ...
2025-12-05 19:18:30,613 - INFO -   ✓ Found at: https://lawphil.net/judjuris/juri2012/dec2012/gr_174647_2012.html
2025-12-05 19:18:30,614 - INFO -   ✓ Saved: RESTRUCTURED_DB/2012/december/174647.json
2025-12-05 19:18:31,114 - INFO - Scraping G.R. No. 177086 (2012): Albert M. Ching, et al. vs. Felix M. Bantolo, et a...
2025-12-05 19:18:31,567 - INFO -   ✓ Found at: https://lawphil.net/judjuris/juri2012/dec2012/gr_177086_2012.html
2025-12-05 19:18:31,570 - INFO -   ✓ Saved: RESTRUCTURED_DB/2012/december/177086.json
2025-12-05 19:18:32,070 - INFO - Scraping G.R. No. 178607 (2012): Dante LA. Jimenez, etc. vs. Hon. Edwin Sorongon, e...
2025-12-05 19:18:32,454 - INFO -   ✓ Found at: https://lawphil.net/judjuris/juri2012/dec2012/gr_178607_2012.html
2025-12-05 19:18:32,455 - INFO -   ✓ Saved: RESTRUCTURED_DB/2012/december/178607.json
2025-12-05 19:18:32,955 - INFO - Scraping G.R. No. 180440 (2012): Dr. Genevieve L. Huang vs. Philippine Hoteliers, I...
2025-12-05 19:18:33,203 - INFO -   ✓ Found at: https://lawphil.net/judjuris/juri2012/dec2012/gr_180440_2012.html
2025-12-05 19:18:33,206 - INFO -   ✓ Saved: RESTRUCTURED_DB/2012/december/180440.json
2025-12-05 19:18:33,706 - INFO - Scraping G.R. No. 181202 (2012): People of the Philippines vs. Edgar Padigos...
2025-12-05 19:18:34,178 - INFO -   ✓ Found at: https://lawphil.net/judjuris/juri2012/dec2012/gr_181202_2012.html
2025-12-05 19:18:34,180 - INFO -   ✓ Saved: RESTRUCTURED_DB/2012/december/181202.json
2025-12-05 19:18:34,680 - INFO - Scraping G.R. No. 181623 (2012): Elajandro Binayug and Ana Binayug vs. Eugenio Ugad...
2025-12-05 19:18:34,927 - INFO -   ✓ Found at: https://lawphil.net/judjuris/juri2012/dec2012/gr_181623_2012.html
2025-12-05 19:18:34,929 - INFO -   ✓ Saved: RESTRUCTURED_DB/2012/december/181623.json
2025-12-05 19:18:35,429 - INFO - Scraping G.R. No. 200531 (2012): People of the Philippines vs. Radby Estoya y Mateo...
2025-12-05 19:18:35,946 - INFO -   ✓ Found at: https://lawphil.net/judjuris/juri2012/dec2012/gr_200531_2012.html
2025-12-05 19:18:35,947 - INFO -   ✓ Saved: RESTRUCTURED_DB/2012/december/200531.json
2025-12-05 19:18:36,448 - INFO - Scraping G.R. No. 198357 (2012): Building Care Corporation / Leopard Security & Inv...
2025-12-05 19:18:36,694 - INFO -   ✓ Found at: https://lawphil.net/judjuris/juri2012/dec2012/gr_198357_2012.html
2025-12-05 19:18:36,695 - INFO -   ✓ Saved: RESTRUCTURED_DB/2012/december/198357.json
2025-12-05 19:18:37,195 - INFO - Scraping G.R. No. 187337 (2012): Loadstar International Shipping, Inc. vs. the Heir...
2025-12-05 19:18:37,694 - INFO -   ✓ Found at: https://lawphil.net/judjuris/juri2012/dec2012/gr_187337_2012.html
2025-12-05 19:18:37,695 - INFO -   ✓ Saved: RESTRUCTURED_DB/2012/december/187337.json
2025-12-05 19:18:38,195 - INFO - Scraping G.R. No. 174300 (2012): Mindanao Terminal and Brokerage Service, Inc. and/...
2025-12-05 19:18:38,880 - INFO -   ✓ Found at: https://lawphil.net/judjuris/juri2012/dec2012/gr_174300_2012.html
2025-12-05 19:18:38,882 - INFO -   ✓ Saved: RESTRUCTURED_DB/2012/december/174300.json
2025-12-05 19:18:39,382 - INFO - Scraping G.R. No. 177270 (2012): Express Investments III Private Ltd. and Export De...
2025-12-05 19:18:47,640 - WARNING -   ✗ Not found for G.R. No. 177270
2025-12-05 19:18:48,141 - INFO - Scraping G.R. No. 191281 (2012): Best Wear Garments, et al. vs. Adelaida B. De Lemo...
2025-12-05 19:18:48,393 - INFO -   ✓ Found at: https://lawphil.net/judjuris/juri2012/dec2012/gr_191281_2012.html
2025-12-05 19:18:48,394 - INFO -   ✓ Saved: RESTRUCTURED_DB/2012/december/191281.json
2025-12-05 19:18:48,894 - INFO - Scraping G.R. No. 191993 (2012): Eduardo T. Abad vs. Leonardo Biason and Gabriel A....
2025-12-05 19:18:49,357 - INFO -   ✓ Found at: https://lawphil.net/judjuris/juri2012/dec2012/gr_191993_2012.html
2025-12-05 19:18:49,358 - INFO -   ✓ Saved: RESTRUCTURED_DB/2012/december/191993.json
2025-12-05 19:18:49,858 - INFO - Scraping G.R. No. 185945 (2012): Fideliza J. Aglibot vs. Ingersol L. Santia...
2025-12-05 19:18:50,340 - INFO -   ✓ Found at: https://lawphil.net/judjuris/juri2012/dec2012/gr_185945_2012.html
2025-12-05 19:18:50,342 - INFO -   ✓ Saved: RESTRUCTURED_DB/2012/december/185945.json
2025-12-05 19:18:50,842 - INFO - Scraping G.R. No. 188107 (2012): People of the Philippines vs. Ronald M. Del Rosari...
2025-12-05 19:18:51,254 - INFO -   ✓ Found at: https://lawphil.net/judjuris/juri2012/dec2012/gr_188107_2012.html
2025-12-05 19:18:51,256 - INFO -   ✓ Saved: RESTRUCTURED_DB/2012/december/188107.json
2025-12-05 19:18:51,756 - INFO - Scraping G.R. No. 189277 (2012): People of the Philippines vs. Ricardo Remigio y Za...
2025-12-05 19:18:52,219 - INFO -   ✓ Found at: https://lawphil.net/judjuris/juri2012/dec2012/gr_189277_2012.html
2025-12-05 19:18:52,221 - INFO -   ✓ Saved: RESTRUCTURED_DB/2012/december/189277.json
2025-12-05 19:18:52,721 - INFO - Scraping G.R. No. 195640 (2012): Sugar Regulatory Administration, represented by it...
2025-12-05 19:18:52,970 - INFO -   ✓ Found at: https://lawphil.net/judjuris/juri2012/dec2012/gr_195640_2012.html
2025-12-05 19:18:52,972 - INFO -   ✓ Saved: RESTRUCTURED_DB/2012/december/195640.json
2025-12-05 19:18:53,472 - INFO - Scraping G.R. No. 191890 (2012): Evalyn I. Fetalino and Amado M. Calderon, Petition...
2025-12-05 19:18:54,321 - INFO -   ✓ Found at: https://lawphil.net/judjuris/juri2012/dec2012/gr_191890_2012.html
2025-12-05 19:18:54,324 - INFO -   ✓ Saved: RESTRUCTURED_DB/2012/december/191890.json
2025-12-05 19:18:54,824 - INFO - Scraping G.R. No. 173606 (2012): Valeriana Villondo vs. Carmen Quijano, et al....
2025-12-05 19:18:55,065 - INFO -   ✓ Found at: https://lawphil.net/judjuris/juri2012/dec2012/gr_173606_2012.html
2025-12-05 19:18:55,067 - INFO -   ✓ Saved: RESTRUCTURED_DB/2012/december/173606.json
2025-12-05 19:18:55,567 - INFO - Scraping G.R. No. 176898 (2012): Goerge S. H. Sy, etc. vs. Autobus Transport System...
2025-12-05 19:18:55,821 - INFO -   ✓ Found at: https://lawphil.net/judjuris/juri2012/dec2012/gr_176898_2012.html
2025-12-05 19:18:55,823 - INFO -   ✓ Saved: RESTRUCTURED_DB/2012/december/176898.json
2025-12-05 19:18:56,323 - INFO - Scraping G.R. No. 181138 (2012): Ricky Marquez, et al. vs. People of the Philippine...
2025-12-05 19:18:56,573 - INFO -   ✓ Found at: https://lawphil.net/judjuris/juri2012/dec2012/gr_181138_2012.html
2025-12-05 19:18:56,575 - INFO -   ✓ Saved: RESTRUCTURED_DB/2012/december/181138.json
2025-12-05 19:18:57,075 - INFO - Scraping G.R. No. 172086 (2012): Career Philippines Shipmanagement, Inc., et al. vs...
2025-12-05 19:18:57,524 - INFO -   ✓ Found at: https://lawphil.net/judjuris/juri2012/dec2012/gr_172086_2012.html
2025-12-05 19:18:57,525 - INFO -   ✓ Saved: RESTRUCTURED_DB/2012/december/172086.json
2025-12-05 19:18:58,026 - INFO - Scraping G.R. No. 199481 (2012): Ildefonso S. Crisologo vs. People of the Philippin...
2025-12-05 19:18:58,474 - INFO -   ✓ Found at: https://lawphil.net/judjuris/juri2012/dec2012/gr_199481_2012.html
2025-12-05 19:18:58,475 - INFO -   ✓ Saved: RESTRUCTURED_DB/2012/december/199481.json
2025-12-05 19:18:58,975 - INFO - Scraping G.R. No. 191660 (2012): Delia T. Sutton vs. Romanito P. Lim, et al....
2025-12-05 19:18:59,658 - INFO -   ✓ Found at: https://lawphil.net/judjuris/juri2012/dec2012/gr_191660_2012.html
2025-12-05 19:18:59,659 - INFO -   ✓ Saved: RESTRUCTURED_DB/2012/december/191660.json
2025-12-05 19:19:00,160 - INFO - Scraping G.R. No. 194270 (2012): Loreto Bote vs. Spouses Robert Veloso and Gloria V...
2025-12-05 19:19:00,685 - INFO -   ✓ Found at: https://lawphil.net/judjuris/juri2012/dec2012/gr_194270_2012.html
2025-12-05 19:19:00,686 - INFO -   ✓ Saved: RESTRUCTURED_DB/2012/december/194270.json
2025-12-05 19:19:01,186 - INFO - Scraping G.R. No. 195670 (2012): Willem Beumer vs. Avelina Amores...
2025-12-05 19:19:01,429 - INFO -   ✓ Found at: https://lawphil.net/judjuris/juri2012/dec2012/gr_195670_2012.html
2025-12-05 19:19:01,430 - INFO -   ✓ Saved: RESTRUCTURED_DB/2012/december/195670.json
2025-12-05 19:19:01,931 - INFO - Scraping G.R. No. 183100 (2012): People of the Philippines vs. Rogeljo Abrencillo...
2025-12-05 19:19:02,547 - INFO -   ✓ Found at: https://lawphil.net/judjuris/juri2012/nov2012/gr_183100_2012.html
2025-12-05 19:19:02,548 - INFO -   ✓ Saved: RESTRUCTURED_DB/2012/november/183100.json
2025-12-05 19:19:03,048 - INFO - Scraping G.R. No. 193857 (2012): Ma. Mercedes L. Barba vs. Liceo De Cagayan Univers...
2025-12-05 19:19:03,296 - INFO -   ✓ Found at: https://lawphil.net/judjuris/juri2012/nov2012/gr_193857_2012.html
2025-12-05 19:19:03,299 - INFO -   ✓ Saved: RESTRUCTURED_DB/2012/november/193857.json
2025-12-05 19:19:03,799 - INFO - Scraping G.R. No. 189330 (2012): People of the Philippines vs. Louie Catalan y Deda...
2025-12-05 19:19:04,325 - INFO -   ✓ Found at: https://lawphil.net/judjuris/juri2012/nov2012/gr_189330_2012.html
2025-12-05 19:19:04,332 - INFO -   ✓ Saved: RESTRUCTURED_DB/2012/november/189330.json
2025-12-05 19:19:04,832 - INFO - Scraping G.R. No. 181699 (2012): People of the Philippines vs. Jerry Batula...
2025-12-05 19:19:05,174 - INFO -   ✓ Found at: https://lawphil.net/judjuris/juri2012/nov2012/gr_181699_2012.html
2025-12-05 19:19:05,176 - INFO -   ✓ Saved: RESTRUCTURED_DB/2012/november/181699.json
2025-12-05 19:19:05,676 - INFO - Scraping G.R. No. 187732 (2012): People of the Philippines vs. Felix Morante...
2025-12-05 19:19:05,961 - INFO -   ✓ Found at: https://lawphil.net/judjuris/juri2012/nov2012/gr_187732_2012.html
2025-12-05 19:19:05,962 - INFO -   ✓ Saved: RESTRUCTURED_DB/2012/november/187732.json
2025-12-05 19:19:06,462 - INFO - Scraping G.R. No. 173773 (2012): Paramount Insurance Corporation vs. Spouses Yves a...
2025-12-05 19:19:06,725 - INFO -   ✓ Found at: https://lawphil.net/judjuris/juri2012/nov2012/gr_173773_2012.html
2025-12-05 19:19:06,726 - INFO -   ✓ Saved: RESTRUCTURED_DB/2012/november/173773.json
2025-12-05 19:19:07,226 - INFO - Scraping G.R. No. 158920 (2012): Republic of the Philippines, represented by the So...
2025-12-05 19:19:07,873 - INFO -   ✓ Found at: https://lawphil.net/judjuris/juri2012/nov2012/gr_158920_2012.html
2025-12-05 19:19:07,875 - INFO -   ✓ Saved: RESTRUCTURED_DB/2012/november/158920.json
2025-12-05 19:19:08,375 - INFO - Scraping G.R. No. 180705 (2012): Eduardo M. Cojuangco, Jr. vs. Republic of the Phil...
2025-12-05 19:19:08,929 - INFO -   ✓ Found at: https://lawphil.net/judjuris/juri2012/nov2012/gr_180705_2012.html
2025-12-05 19:19:08,934 - INFO -   ✓ Saved: RESTRUCTURED_DB/2012/november/180705.json
2025-12-05 19:19:09,434 - INFO - Scraping G.R. No. 178630 (2012): Rosa F. Mercado vs. Commission on Higher Education...
2025-12-05 19:19:10,128 - INFO -   ✓ Found at: https://lawphil.net/judjuris/juri2012/nov2012/gr_178630_2012.html
2025-12-05 19:19:10,130 - INFO -   ✓ Saved: RESTRUCTURED_DB/2012/november/178630.json
2025-12-05 19:19:10,631 - INFO - Scraping G.R. No. 173336 (2012): Pablo Pua vs. Lourdes L. Deyto...
2025-12-05 19:19:11,093 - INFO -   ✓ Found at: https://lawphil.net/judjuris/juri2012/nov2012/gr_173336_2012.html
2025-12-05 19:19:11,094 - INFO -   ✓ Saved: RESTRUCTURED_DB/2012/november/173336.json
2025-12-05 19:19:11,594 - INFO - Scraping G.R. No. 168499 (2012): Sps. Erosto Santiago and Nelsi Santiago vs. Mancer...
2025-12-05 19:19:12,083 - INFO -   ✓ Found at: https://lawphil.net/judjuris/juri2012/nov2012/gr_168499_2012.html
2025-12-05 19:19:12,084 - INFO -   ✓ Saved: RESTRUCTURED_DB/2012/november/168499.json
2025-12-05 19:19:12,584 - INFO - Scraping G.R. No. 184056 (2012): People of the Philippines vs. George Eyam y Watang...
2025-12-05 19:19:12,847 - INFO -   ✓ Found at: https://lawphil.net/judjuris/juri2012/nov2012/gr_184056_2012.html
2025-12-05 19:19:12,848 - INFO -   ✓ Saved: RESTRUCTURED_DB/2012/november/184056.json
2025-12-05 19:19:13,348 - INFO - Scraping G.R. No. 169380 (2012): Fiorello R. Jose vs. Roberto Alfuerto, et al....
2025-12-05 19:19:13,717 - INFO -   ✓ Found at: https://lawphil.net/judjuris/juri2012/nov2012/gr_169380_2012.html
2025-12-05 19:19:13,719 - INFO -   ✓ Saved: RESTRUCTURED_DB/2012/november/169380.json
2025-12-05 19:19:14,219 - INFO - Scraping G.R. No. 172778 (2012): Sabiniano Dumayag vs. People of the Philippines...
2025-12-05 19:19:14,682 - INFO -   ✓ Found at: https://lawphil.net/judjuris/juri2012/nov2012/gr_172778_2012.html
2025-12-05 19:19:14,684 - INFO -   ✓ Saved: RESTRUCTURED_DB/2012/november/172778.json
2025-12-05 19:19:15,184 - INFO - Scraping G.R. No. 181042 (2012): People of the Philippines vs. Samin Zakaria y Maka...
2025-12-05 19:19:15,431 - INFO -   ✓ Found at: https://lawphil.net/judjuris/juri2012/nov2012/gr_181042_2012.html
2025-12-05 19:19:15,433 - INFO -   ✓ Saved: RESTRUCTURED_DB/2012/november/181042.json
2025-12-05 19:19:15,933 - INFO - Scraping G.R. No. 177392 (2012): Paz Del Rosario vs.Felix H. LImcaoco, Z. Rojas, Le...
2025-12-05 19:19:16,388 - INFO -   ✓ Found at: https://lawphil.net/judjuris/juri2012/nov2012/gr_177392_2012.html
2025-12-05 19:19:16,389 - INFO -   ✓ Saved: RESTRUCTURED_DB/2012/november/177392.json
2025-12-05 19:19:16,889 - INFO - Scraping G.R. No. 182475 (2012): Lenn Morales vs. Metropolitan Bank and Trust Compa...
2025-12-05 19:19:17,132 - INFO -   ✓ Found at: https://lawphil.net/judjuris/juri2012/nov2012/gr_182475_2012.html
2025-12-05 19:19:17,133 - INFO -   ✓ Saved: RESTRUCTURED_DB/2012/november/182475.json
2025-12-05 19:19:17,633 - INFO - Scraping G.R. No. 175792 (2012): Ruben C. Magtoto and Artemia Magtoto vs. Court of ...
2025-12-05 19:19:18,147 - INFO -   ✓ Found at: https://lawphil.net/judjuris/juri2012/nov2012/gr_175792_2012.html
2025-12-05 19:19:18,149 - INFO -   ✓ Saved: RESTRUCTURED_DB/2012/november/175792.json
2025-12-05 19:19:18,649 - INFO - Scraping G.R. No. 185386 (2012): People of the Philippines vs. Bernabe Aneslag y An...
2025-12-05 19:19:19,237 - INFO -   ✓ Found at: https://lawphil.net/judjuris/juri2012/nov2012/gr_185386_2012.html
2025-12-05 19:19:19,238 - INFO -   ✓ Saved: RESTRUCTURED_DB/2012/november/185386.json
2025-12-05 19:19:19,739 - INFO - Scraping G.R. No. 192294 (2012): Great White Shark Enterprises, Inc. vs. Danilo M. ...
2025-12-05 19:19:20,320 - INFO -   ✓ Found at: https://lawphil.net/judjuris/juri2012/nov2012/gr_192294_2012.html
2025-12-05 19:19:20,321 - INFO -   ✓ Saved: RESTRUCTURED_DB/2012/november/192294.json
2025-12-05 19:19:20,821 - INFO - Scraping G.R. No. 192486 (2012): Rupeta Cano Vda. De Viray and Jesus Carlo Gerafd V...
2025-12-05 19:19:21,287 - INFO -   ✓ Found at: https://lawphil.net/judjuris/juri2012/nov2012/gr_192486_2012.html
2025-12-05 19:19:21,290 - INFO -   ✓ Saved: RESTRUCTURED_DB/2012/november/192486.json
2025-12-05 19:19:21,790 - INFO - Scraping G.R. No. 174077 (2012): Ellice Agro-Industrial Corporation, represented by...
2025-12-05 19:19:22,252 - INFO -   ✓ Found at: https://lawphil.net/judjuris/juri2012/nov2012/gr_174077_2012.html
2025-12-05 19:19:22,253 - INFO -   ✓ Saved: RESTRUCTURED_DB/2012/november/174077.json
2025-12-05 19:19:22,754 - INFO - Scraping G.R. No. 192076 (2012): Michelle T. Tuazon vs. Bank of Commerce, Raul B. D...
2025-12-05 19:19:23,212 - INFO -   ✓ Found at: https://lawphil.net/judjuris/juri2012/nov2012/gr_192076_2012.html
2025-12-05 19:19:23,213 - INFO -   ✓ Saved: RESTRUCTURED_DB/2012/november/192076.json
2025-12-05 19:19:23,713 - INFO - Scraping G.R. No. 196877 (2012): Eloisa R. Narciso vs. Estelita P. Garcia...
2025-12-05 19:19:23,952 - INFO -   ✓ Found at: https://lawphil.net/judjuris/juri2012/nov2012/gr_196877_2012.html
2025-12-05 19:19:23,954 - INFO -   ✓ Saved: RESTRUCTURED_DB/2012/november/196877.json
2025-12-05 19:19:24,454 - INFO - Scraping G.R. No. 199875 (2012): People of the Philippines vs. Edwin Isla y Rossell...
2025-12-05 19:19:24,917 - INFO -   ✓ Found at: https://lawphil.net/judjuris/juri2012/nov2012/gr_199875_2012.html
2025-12-05 19:19:24,918 - INFO -   ✓ Saved: RESTRUCTURED_DB/2012/november/199875.json
2025-12-05 19:19:25,419 - INFO - Scraping G.R. No. 175481 (2012): Dionisio F. Auza, Jr., et al. vs. MOL Philippines,...
2025-12-05 19:19:25,674 - INFO -   ✓ Found at: https://lawphil.net/judjuris/juri2012/nov2012/gr_175481_2012.html
2025-12-05 19:19:25,676 - INFO -   ✓ Saved: RESTRUCTURED_DB/2012/november/175481.json
2025-12-05 19:19:26,176 - INFO - Scraping G.R. No. 176834 (2012): Gotesco Properties, Inc. vs. Sps. Edna and Alberto...
2025-12-05 19:19:26,645 - INFO -   ✓ Found at: https://lawphil.net/judjuris/juri2012/nov2012/gr_176834_2012.html
2025-12-05 19:19:26,646 - INFO -   ✓ Saved: RESTRUCTURED_DB/2012/november/176834.json
2025-12-05 19:19:27,147 - INFO - Scraping G.R. No. 200868 (2012): Anita A. Ledda vs. Bank of the Philippine Islands...
2025-12-05 19:19:27,407 - INFO -   ✓ Found at: https://lawphil.net/judjuris/juri2012/nov2012/gr_200868_2012.html
2025-12-05 19:19:27,409 - INFO -   ✓ Saved: RESTRUCTURED_DB/2012/november/200868.json
2025-12-05 19:19:27,909 - INFO - Scraping G.R. No. 170029 (2012): Sameer Overseas Placement Agency, Inc. and Rizalin...
2025-12-05 19:19:28,299 - INFO -   ✓ Found at: https://lawphil.net/judjuris/juri2012/nov2012/gr_170029_2012.html
2025-12-05 19:19:28,300 - INFO -   ✓ Saved: RESTRUCTURED_DB/2012/november/170029.json
2025-12-05 19:19:28,801 - INFO - Scraping G.R. No. 192108 (2012): Sps. Socrates Sy and Cely Sy vs. Andok's Litson Co...
2025-12-05 19:19:29,265 - INFO -   ✓ Found at: https://lawphil.net/judjuris/juri2012/nov2012/gr_192108_2012.html
2025-12-05 19:19:29,266 - INFO -   ✓ Saved: RESTRUCTURED_DB/2012/november/192108.json
2025-12-05 19:19:29,766 - INFO - Scraping G.R. No. 179754 (2012): Joaquin G. Chung, Jr., et al. vs. Jack Daniel Mond...
2025-12-05 19:19:30,230 - INFO -   ✓ Found at: https://lawphil.net/judjuris/juri2012/nov2012/gr_179754_2012.html
2025-12-05 19:19:30,231 - INFO -   ✓ Saved: RESTRUCTURED_DB/2012/november/179754.json
2025-12-05 19:19:30,731 - INFO - Scraping G.R. No. 197598 (2012): Mirant (Philippines) Corporation vs. Danilo A. Sar...
2025-12-05 19:19:31,213 - INFO -   ✓ Found at: https://lawphil.net/judjuris/juri2012/nov2012/gr_197598_2012.html
2025-12-05 19:19:31,215 - INFO -   ✓ Saved: RESTRUCTURED_DB/2012/november/197598.json
2025-12-05 19:19:31,715 - INFO - Scraping G.R. No. 200238 (2012): Philippine Savings Bank (PS Bank), et al. vs. Sena...
2025-12-05 19:19:31,965 - INFO -   ✓ Found at: https://lawphil.net/judjuris/juri2012/nov2012/gr_200238_2012.html
2025-12-05 19:19:31,966 - INFO -   ✓ Saved: RESTRUCTURED_DB/2012/november/200238.json
2025-12-05 19:19:32,466 - INFO - Scraping G.R. No. 180076 (2012): Dionisio Manaquil, et al. vs. Roberto Moico...
2025-12-05 19:19:32,709 - INFO -   ✓ Found at: https://lawphil.net/judjuris/juri2012/nov2012/gr_180076_2012.html
2025-12-05 19:19:32,710 - INFO -   ✓ Saved: RESTRUCTURED_DB/2012/november/180076.json
2025-12-05 19:19:33,211 - INFO - Scraping G.R. No. 176172 (2012): Efren G. Amit vs. Commission on Audit, Regional Of...
2025-12-05 19:19:33,797 - INFO -   ✓ Found at: https://lawphil.net/judjuris/juri2012/nov2012/gr_176172_2012.html
2025-12-05 19:19:33,800 - INFO -   ✓ Saved: RESTRUCTURED_DB/2012/november/176172.json
2025-12-05 19:19:34,300 - INFO - Scraping G.R. No. 177657 (2012): Sonia V. Seville vs. Commission on Audit, Regional...
2025-12-05 19:19:34,748 - INFO -   ✓ Found at: https://lawphil.net/judjuris/juri2012/nov2012/gr_177657_2012.html
2025-12-05 19:19:34,749 - INFO -   ✓ Saved: RESTRUCTURED_DB/2012/november/177657.json
2025-12-05 19:19:35,250 - INFO - Scraping G.R. No. 191761 (2012): Cagayan Electric Power and Light Co., Inc. vs. Cit...
2025-12-05 19:19:35,495 - INFO -   ✓ Found at: https://lawphil.net/judjuris/juri2012/nov2012/gr_191761_2012.html
2025-12-05 19:19:35,498 - INFO -   ✓ Saved: RESTRUCTURED_DB/2012/november/191761.json
2025-12-05 19:19:35,999 - INFO - Scraping G.R. No. 192951 (2012): Aldersgate College, Inc., Arsenio L. Mendoza, Igna...
2025-12-05 19:19:36,254 - INFO -   ✓ Found at: https://lawphil.net/judjuris/juri2012/nov2012/gr_192951_2012.html
2025-12-05 19:19:36,256 - INFO -   ✓ Saved: RESTRUCTURED_DB/2012/november/192951.json
2025-12-05 19:19:36,757 - INFO - Scraping G.R. No. 181664 (2012): Land Bank of the Philippines vs. Crispin D. Ramos ...
2025-12-05 19:19:37,331 - INFO -   ✓ Found at: https://lawphil.net/judjuris/juri2012/nov2012/gr_181664_2012.html
2025-12-05 19:19:37,332 - INFO -   ✓ Saved: RESTRUCTURED_DB/2012/november/181664.json
2025-12-05 19:19:37,832 - INFO - Scraping G.R. No. 176791 (2012): Communities Cagayan, Inc. vs. Sps. Arsenio (deceas...
2025-12-05 19:19:38,519 - INFO -   ✓ Found at: https://lawphil.net/judjuris/juri2012/nov2012/gr_176791_2012.html
2025-12-05 19:19:38,521 - INFO -   ✓ Saved: RESTRUCTURED_DB/2012/november/176791.json
2025-12-05 19:19:39,021 - INFO - Scraping G.R. No. 167880 (2012): Jack Arroyo vs. Bocago Inland Dev't. Corp (BIDECO)...
2025-12-05 19:19:39,301 - INFO -   ✓ Found at: https://lawphil.net/judjuris/juri2012/nov2012/gr_167880_2012.html
2025-12-05 19:19:39,302 - INFO -   ✓ Saved: RESTRUCTURED_DB/2012/november/167880.json
2025-12-05 19:19:39,802 - INFO - Scraping G.R. No. 178789 (2012): Natividad Lim vs. National Power Corporation, Sps....
2025-12-05 19:19:40,331 - INFO -   ✓ Found at: https://lawphil.net/judjuris/juri2012/nov2012/gr_178789_2012.html
2025-12-05 19:19:40,332 - INFO -   ✓ Saved: RESTRUCTURED_DB/2012/november/178789.json
2025-12-05 19:19:40,832 - INFO - Scraping G.R. No. 181052 (2012): Rodolfo Belbis, Jr. y Competente and Alberto Bruca...
2025-12-05 19:19:41,284 - INFO -   ✓ Found at: https://lawphil.net/judjuris/juri2012/nov2012/gr_181052_2012.html
2025-12-05 19:19:41,286 - INFO -   ✓ Saved: RESTRUCTURED_DB/2012/november/181052.json
2025-12-05 19:19:41,786 - INFO - Scraping G.R. No. 192330 (2012): Arnold James M. Ysidoro vs. People of the Philippi...
2025-12-05 19:19:42,232 - INFO -   ✓ Found at: https://lawphil.net/judjuris/juri2012/nov2012/gr_192330_2012.html
2025-12-05 19:19:42,233 - INFO -   ✓ Saved: RESTRUCTURED_DB/2012/november/192330.json
2025-12-05 19:19:42,733 - INFO - Scraping G.R. No. 198050 (2012): People of the Philippines vs. Joel Artajo y Aliman...
2025-12-05 19:19:43,050 - INFO -   ✓ Found at: https://lawphil.net/judjuris/juri2012/nov2012/gr_198050_2012.html
2025-12-05 19:19:43,051 - INFO -   ✓ Saved: RESTRUCTURED_DB/2012/november/198050.json
2025-12-05 19:19:43,551 - INFO - Scraping G.R. No. 183774 (2012): Philippine Banking Corporation vs. Arturo Dy, et a...
2025-12-05 19:19:43,877 - INFO -   ✓ Found at: https://lawphil.net/judjuris/juri2012/nov2012/gr_183774_2012.html
2025-12-05 19:19:43,878 - INFO -   ✓ Saved: RESTRUCTURED_DB/2012/november/183774.json
2025-12-05 19:19:44,378 - INFO - Scraping G.R. No. 191193 (2012): People of the Philippines vs. Godofredo Mariano y ...
2025-12-05 19:19:44,629 - INFO -   ✓ Found at: https://lawphil.net/judjuris/juri2012/nov2012/gr_191193_2012.html
2025-12-05 19:19:44,631 - INFO -   ✓ Saved: RESTRUCTURED_DB/2012/november/191193.json
2025-12-05 19:19:45,131 - INFO - Scraping G.R. No. 200792 (2012): People of the Philippines vs. Neil B. Colorado...
2025-12-05 19:19:45,387 - INFO -   ✓ Found at: https://lawphil.net/judjuris/juri2012/nov2012/gr_200792_2012.html
2025-12-05 19:19:45,389 - INFO -   ✓ Saved: RESTRUCTURED_DB/2012/november/200792.json
2025-12-05 19:19:45,889 - INFO - Scraping G.R. No. 201587 (2012): People of the Philippines vs. Victor Lansangan...
2025-12-05 19:19:46,134 - INFO -   ✓ Found at: https://lawphil.net/judjuris/juri2012/nov2012/gr_201587_2012.html
2025-12-05 19:19:46,135 - INFO -   ✓ Saved: RESTRUCTURED_DB/2012/november/201587.json
2025-12-05 19:19:46,636 - INFO - Scraping G.R. No. 183026 (2012): Nestor N. Padalhin, et al. vs. Nelson D. Laviña...
2025-12-05 19:19:46,881 - INFO -   ✓ Found at: https://lawphil.net/judjuris/juri2012/nov2012/gr_183026_2012.html
2025-12-05 19:19:46,882 - INFO -   ✓ Saved: RESTRUCTURED_DB/2012/november/183026.json
2025-12-05 19:19:47,382 - INFO - Scraping G.R. No. 171579 (2012): Lily Sy vs. Hon. Secretary of Justice Ma. Mercedit...
2025-12-05 19:19:47,629 - INFO -   ✓ Found at: https://lawphil.net/judjuris/juri2012/nov2012/gr_171579_2012.html
2025-12-05 19:19:47,631 - INFO -   ✓ Saved: RESTRUCTURED_DB/2012/november/171579.json
2025-12-05 19:19:48,131 - INFO - Scraping G.R. No. 186463 (2012): People of the Philippines vs. William Mangune y De...
2025-12-05 19:19:48,379 - INFO -   ✓ Found at: https://lawphil.net/judjuris/juri2012/nov2012/gr_186463_2012.html
2025-12-05 19:19:48,380 - INFO -   ✓ Saved: RESTRUCTURED_DB/2012/november/186463.json
2025-12-05 19:19:48,881 - INFO - Scraping G.R. No. 192221 (2012): Casimira S. Dela Cruz vs. Commission on Elections ...
2025-12-05 19:19:49,264 - INFO -   ✓ Found at: https://lawphil.net/judjuris/juri2012/nov2012/gr_192221_2012.html
2025-12-05 19:19:49,266 - INFO -   ✓ Saved: RESTRUCTURED_DB/2012/november/192221.json
2025-12-05 19:19:49,766 - INFO - Scraping G.R. No. 152642 (2012): Hon. Patricia A. Sto. Tomas, et al. vs. Rey Salac,...
2025-12-05 19:19:50,017 - INFO -   ✓ Found at: https://lawphil.net/judjuris/juri2012/nov2012/gr_152642_2012.html
2025-12-05 19:19:50,019 - INFO -   ✓ Saved: RESTRUCTURED_DB/2012/november/152642.json
2025-12-05 19:19:50,519 - INFO - Scraping G.R. No. 197466 (2012): Joel P. Quino, et al. vs. Commission on Elections ...
2025-12-05 19:19:50,816 - INFO -   ✓ Found at: https://lawphil.net/judjuris/juri2012/nov2012/gr_197466_2012.html
2025-12-05 19:19:50,817 - INFO -   ✓ Saved: RESTRUCTURED_DB/2012/november/197466.json
2025-12-05 19:19:51,317 - INFO - Scraping G.R. No. 199433 (2012): Isabelita P. Gravides vs. Commission on Elections ...
2025-12-05 19:19:51,587 - INFO -   ✓ Found at: https://lawphil.net/judjuris/juri2012/nov2012/gr_199433_2012.html
2025-12-05 19:19:51,589 - INFO -   ✓ Saved: RESTRUCTURED_DB/2012/november/199433.json
2025-12-05 19:19:52,089 - INFO - 
Batch 1 complete:
2025-12-05 19:19:52,089 - INFO -   Successful: 97
2025-12-05 19:19:52,089 - INFO -   Failed: 3
2025-12-05 19:19:52,089 - INFO -   Skipped: 0
2025-12-05 19:19:52,089 - INFO - 
Overall progress: 100/802 cases
2025-12-05 19:19:52,089 - INFO - 
================================================================================
2025-12-05 19:19:52,089 - INFO - BATCH 2/9 (100 cases)
2025-12-05 19:19:52,090 - INFO - ================================================================================
2025-12-05 19:19:52,090 - INFO - Scraping G.R. No. 189689 (2012): In the Matter of the Petition for the Issuance of ...
2025-12-05 19:19:52,777 - INFO -   ✓ Found at: https://lawphil.net/judjuris/juri2012/nov2012/gr_189689_2012.html
2025-12-05 19:19:52,779 - INFO -   ✓ Saved: RESTRUCTURED_DB/2012/november/189689.json
2025-12-05 19:19:53,279 - INFO - Scraping G.R. No. 183446 (2012): Republic of the Philippines vs. Estate of Hans Men...
2025-12-05 19:19:53,895 - INFO -   ✓ Found at: https://lawphil.net/judjuris/juri2012/nov2012/gr_183446_2012.html
2025-12-05 19:19:53,898 - INFO -   ✓ Saved: RESTRUCTURED_DB/2012/november/183446.json
2025-12-05 19:19:54,399 - INFO - Scraping G.R. No. 192975 (2012): Republic of the Philippines, rep. by the Regional ...
2025-12-05 19:19:54,777 - INFO -   ✓ Found at: https://lawphil.net/judjuris/juri2012/nov2012/gr_192975_2012.html
2025-12-05 19:19:54,778 - INFO -   ✓ Saved: RESTRUCTURED_DB/2012/november/192975.json
2025-12-05 19:19:55,278 - INFO - Scraping G.R. No. 178431 (2012): V.C. Ponce Company, Inc. vs. Municipality of Parañ...
2025-12-05 19:19:56,115 - INFO -   ✓ Found at: https://lawphil.net/judjuris/juri2012/nov2012/gr_178431_2012.html
2025-12-05 19:19:56,117 - INFO -   ✓ Saved: RESTRUCTURED_DB/2012/november/178431.json
2025-12-05 19:19:56,618 - INFO - Scraping G.R. No. 178622 (2012): Luciano Ladano vs. Felino Neri, et al....
2025-12-05 19:19:57,042 - INFO -   ✓ Found at: https://lawphil.net/judjuris/juri2012/nov2012/gr_178622_2012.html
2025-12-05 19:19:57,044 - INFO -   ✓ Saved: RESTRUCTURED_DB/2012/november/178622.json
2025-12-05 19:19:57,544 - INFO - Scraping G.R. No. 183827 (2012): People of the Philippines vs. Enerio Ending y Onyo...
2025-12-05 19:19:57,930 - INFO -   ✓ Found at: https://lawphil.net/judjuris/juri2012/nov2012/gr_183827_2012.html
2025-12-05 19:19:57,931 - INFO -   ✓ Saved: RESTRUCTURED_DB/2012/november/183827.json
2025-12-05 19:19:58,432 - INFO - Scraping G.R. No. 172471 (2012): Antonio Perla vs. Mirasol Baring and Randy B. Perl...
2025-12-05 19:19:58,684 - INFO -   ✓ Found at: https://lawphil.net/judjuris/juri2012/nov2012/gr_172471_2012.html
2025-12-05 19:19:58,685 - INFO -   ✓ Saved: RESTRUCTURED_DB/2012/november/172471.json
2025-12-05 19:19:59,185 - INFO - Scraping G.R. No. 183553 (2012): Diageo Philippines, Inc. vs. Commissioner of Inter...
2025-12-05 19:19:59,657 - INFO -   ✓ Found at: https://lawphil.net/judjuris/juri2012/nov2012/gr_183553_2012.html
2025-12-05 19:19:59,659 - INFO -   ✓ Saved: RESTRUCTURED_DB/2012/november/183553.json
2025-12-05 19:20:00,159 - INFO - Scraping G.R. No. 189984 (2012): Richard B. Lopez vs. Diana Jeanne Lopez, et al....
2025-12-05 19:20:00,407 - INFO -   ✓ Found at: https://lawphil.net/judjuris/juri2012/nov2012/gr_189984_2012.html
2025-12-05 19:20:00,408 - INFO -   ✓ Saved: RESTRUCTURED_DB/2012/november/189984.json
2025-12-05 19:20:00,908 - INFO - Scraping G.R. No. 195168 (2012): Benjamin C. Millan vs. Wallem Maritime Services, I...
2025-12-05 19:20:01,424 - INFO -   ✓ Found at: https://lawphil.net/judjuris/juri2012/nov2012/gr_195168_2012.html
2025-12-05 19:20:01,425 - INFO -   ✓ Saved: RESTRUCTURED_DB/2012/november/195168.json
2025-12-05 19:20:01,926 - INFO - Scraping G.R. No. 198770 (2012): Aurelia Gua-an and Sonia Gua-an Mamon vs. Gertrude...
2025-12-05 19:20:02,174 - INFO -   ✓ Found at: https://lawphil.net/judjuris/juri2012/nov2012/gr_198770_2012.html
2025-12-05 19:20:02,175 - INFO -   ✓ Saved: RESTRUCTURED_DB/2012/november/198770.json
2025-12-05 19:20:02,676 - INFO - Scraping G.R. No. 156296 (2012): Dennis Q. Martel vs. Salvador E. Kerr...
2025-12-05 19:20:03,073 - INFO -   ✓ Found at: https://lawphil.net/judjuris/juri2012/nov2012/gr_156296_2012.html
2025-12-05 19:20:03,074 - INFO -   ✓ Saved: RESTRUCTURED_DB/2012/november/156296.json
2025-12-05 19:20:03,575 - INFO - Scraping G.R. No. 184601 (2012): People of the Philippines vs. Marcial M. Malicdem...
2025-12-05 19:20:04,038 - INFO -   ✓ Found at: https://lawphil.net/judjuris/juri2012/nov2012/gr_184601_2012.html
2025-12-05 19:20:04,039 - INFO -   ✓ Saved: RESTRUCTURED_DB/2012/november/184601.json
2025-12-05 19:20:04,539 - INFO - Scraping G.R. No. 180804 (2012): Land Bank of the Philippines vs. Sps. Rokaya and S...
2025-12-05 19:20:04,792 - INFO -   ✓ Found at: https://lawphil.net/judjuris/juri2012/nov2012/gr_180804_2012.html
2025-12-05 19:20:04,794 - INFO -   ✓ Saved: RESTRUCTURED_DB/2012/november/180804.json
2025-12-05 19:20:05,294 - INFO - Scraping G.R. No. 157649 (2012): Arabelle J. Mendoza vs. Republic of the Philippine...
2025-12-05 19:20:05,547 - INFO -   ✓ Found at: https://lawphil.net/judjuris/juri2012/nov2012/gr_157649_2012.html
2025-12-05 19:20:05,548 - INFO -   ✓ Saved: RESTRUCTURED_DB/2012/november/157649.json
2025-12-05 19:20:06,049 - INFO - Scraping G.R. No. 159594 (2012): Republic of the Philippines vs. Court of Appeals, ...
2025-12-05 19:20:06,518 - INFO -   ✓ Found at: https://lawphil.net/judjuris/juri2012/nov2012/gr_159594_2012.html
2025-12-05 19:20:06,519 - INFO -   ✓ Saved: RESTRUCTURED_DB/2012/november/159594.json
2025-12-05 19:20:07,020 - INFO - Scraping G.R. No. 160453 (2012): Republic of the Philippines vs. Arcadio Ivan A. Sa...
2025-12-05 19:20:07,266 - INFO -   ✓ Found at: https://lawphil.net/judjuris/juri2012/nov2012/gr_160453_2012.html
2025-12-05 19:20:07,268 - INFO -   ✓ Saved: RESTRUCTURED_DB/2012/november/160453.json
2025-12-05 19:20:07,768 - INFO - Scraping G.R. No. 166259 (2012): Land Bank of the Philippines vs. Honeycomb Farms C...
2025-12-05 19:20:08,011 - INFO -   ✓ Found at: https://lawphil.net/judjuris/juri2012/nov2012/gr_166259_2012.html
2025-12-05 19:20:08,013 - INFO -   ✓ Saved: RESTRUCTURED_DB/2012/november/166259.json
2025-12-05 19:20:08,513 - INFO - Scraping G.R. No. 199735 (2012): People of the Philippines vs. Asia Musa y Pinasilo...
2025-12-05 19:20:08,768 - INFO -   ✓ Found at: https://lawphil.net/judjuris/juri2012/oct2012/gr_199735_2012.html
2025-12-05 19:20:08,770 - INFO -   ✓ Saved: RESTRUCTURED_DB/2012/october/199735.json
2025-12-05 19:20:09,271 - INFO - Scraping G.R. No. 153852 (2012): Spouses Humberto Delos Santos and Carmencita Delos...
2025-12-05 19:20:09,750 - INFO -   ✓ Found at: https://lawphil.net/judjuris/juri2012/oct2012/gr_153852_2012.html
2025-12-05 19:20:09,752 - INFO -   ✓ Saved: RESTRUCTURED_DB/2012/october/153852.json
2025-12-05 19:20:10,252 - INFO - Scraping G.R. No. 199264 (2012): People of the Philippines vs. Noel T. Laurino...
2025-12-05 19:20:10,493 - INFO -   ✓ Found at: https://lawphil.net/judjuris/juri2012/oct2012/gr_199264_2012.html
2025-12-05 19:20:10,494 - INFO -   ✓ Saved: RESTRUCTURED_DB/2012/october/199264.json
2025-12-05 19:20:10,995 - INFO - Scraping G.R. No. 175177 (2012): Republic of the Philippines vs. Gloria Jaralve (de...
2025-12-05 19:20:11,400 - INFO -   ✓ Found at: https://lawphil.net/judjuris/juri2012/oct2012/gr_175177_2012.html
2025-12-05 19:20:11,402 - INFO -   ✓ Saved: RESTRUCTURED_DB/2012/october/175177.json
2025-12-05 19:20:11,902 - INFO - Scraping G.R. No. 189808 (2012): People of the Philippines vs. Meriam Guru y Kazan...
2025-12-05 19:20:12,145 - INFO -   ✓ Found at: https://lawphil.net/judjuris/juri2012/oct2012/gr_189808_2012.html
2025-12-05 19:20:12,146 - INFO -   ✓ Saved: RESTRUCTURED_DB/2012/october/189808.json
2025-12-05 19:20:12,646 - INFO - Scraping G.R. No. 166642 (2012): P.L. Uy Realty Corporation vs. ALS Management and ...
2025-12-05 19:20:20,875 - WARNING -   ✗ Not found for G.R. No. 166642
2025-12-05 19:20:21,376 - INFO - Scraping G.R. No. 170677 (2012): VSD Realty & Development Corporation vs. Uniwide S...
2025-12-05 19:20:22,212 - INFO -   ✓ Found at: https://lawphil.net/judjuris/juri2012/oct2012/gr_170677_2012.html
2025-12-05 19:20:22,214 - INFO -   ✓ Saved: RESTRUCTURED_DB/2012/october/170677.json
2025-12-05 19:20:22,714 - INFO - Scraping G.R. No. 196434 (2012): People of the Philippines vs. Chito Nazareno...
2025-12-05 19:20:23,381 - INFO -   ✓ Found at: https://lawphil.net/judjuris/juri2012/oct2012/gr_196434_2012.html
2025-12-05 19:20:23,382 - INFO -   ✓ Saved: RESTRUCTURED_DB/2012/october/196434.json
2025-12-05 19:20:23,882 - INFO - Scraping G.R. No. 160260 (2012): Westmont Bank, formerly Associates Bank now United...
2025-12-05 19:20:24,130 - INFO -   ✓ Found at: https://lawphil.net/judjuris/juri2012/oct2012/gr_160260_2012.html
2025-12-05 19:20:24,132 - INFO -   ✓ Saved: RESTRUCTURED_DB/2012/october/160260.json
2025-12-05 19:20:24,632 - INFO - Scraping G.R. No. 163182 (2012): Tom Tan, Annie U. Tan and Nathaniel Tan vs. Heirs ...
2025-12-05 19:20:25,011 - INFO -   ✓ Found at: https://lawphil.net/judjuris/juri2012/oct2012/gr_163182_2012.html
2025-12-05 19:20:25,012 - INFO -   ✓ Saved: RESTRUCTURED_DB/2012/october/163182.json
2025-12-05 19:20:25,512 - INFO - Scraping G.R. No. 189754 (2012): Lito Bautista and Jimmy Alcantara vs. Sharon G. Cu...
2025-12-05 19:20:25,849 - INFO -   ✓ Found at: https://lawphil.net/judjuris/juri2012/oct2012/gr_189754_2012.html
2025-12-05 19:20:25,851 - INFO -   ✓ Saved: RESTRUCTURED_DB/2012/october/189754.json
2025-12-05 19:20:26,351 - INFO - Scraping G.R. No. 192799 (2012): Rolex Rodriquez y Olayres vs. People of the Philip...
2025-12-05 19:20:26,610 - INFO -   ✓ Found at: https://lawphil.net/judjuris/juri2012/oct2012/gr_192799_2012.html
2025-12-05 19:20:26,611 - INFO -   ✓ Saved: RESTRUCTURED_DB/2012/october/192799.json
2025-12-05 19:20:27,111 - INFO - Scraping G.R. No. 194758 (2012): Rubenj D. Andrada vs. Agemar Manning Agency, Inc. ...
2025-12-05 19:20:27,360 - INFO -   ✓ Found at: https://lawphil.net/judjuris/juri2012/oct2012/gr_194758_2012.html
2025-12-05 19:20:27,361 - INFO -   ✓ Saved: RESTRUCTURED_DB/2012/october/194758.json
2025-12-05 19:20:27,861 - INFO - Scraping G.R. No. 192650 (2012): Felix Martos, Jimmy Eclana, Rodel Pilones, et al. ...
2025-12-05 19:20:28,393 - INFO -   ✓ Found at: https://lawphil.net/judjuris/juri2012/oct2012/gr_192650_2012.html
2025-12-05 19:20:28,395 - INFO -   ✓ Saved: RESTRUCTURED_DB/2012/october/192650.json
2025-12-05 19:20:28,895 - INFO - Scraping G.R. No. 198423 (2012): Leo A. Gonzales vs. Solid Cement Corporation and A...
2025-12-05 19:20:29,289 - INFO -   ✓ Found at: https://lawphil.net/judjuris/juri2012/oct2012/gr_198423_2012.html
2025-12-05 19:20:29,290 - INFO -   ✓ Saved: RESTRUCTURED_DB/2012/october/198423.json
2025-12-05 19:20:29,791 - INFO - Scraping G.R. No. 201112 (2012): Archbishop Fernando R. Capalla, et al. vs. the Hon...
2025-12-05 19:20:30,468 - INFO -   ✓ Found at: https://lawphil.net/judjuris/juri2012/oct2012/gr_201112_2012.html
2025-12-05 19:20:30,471 - INFO -   ✓ Saved: RESTRUCTURED_DB/2012/october/201112.json
2025-12-05 19:20:30,971 - INFO - Scraping G.R. No. 175155 (2012): John C. Arroyo, Jasmin Alipato, Primitivo Belander...
2025-12-05 19:20:31,446 - INFO -   ✓ Found at: https://lawphil.net/judjuris/juri2012/oct2012/gr_175155_2012.html
2025-12-05 19:20:31,447 - INFO -   ✓ Saved: RESTRUCTURED_DB/2012/october/175155.json
2025-12-05 19:20:31,948 - INFO - Scraping G.R. No. 181089 (2012): Merlinda Cipriano Montañez vs. Lourdes Tajolosa Ci...
2025-12-05 19:20:32,425 - INFO -   ✓ Found at: https://lawphil.net/judjuris/juri2012/oct2012/gr_181089_2012.html
2025-12-05 19:20:32,427 - INFO -   ✓ Saved: RESTRUCTURED_DB/2012/october/181089.json
2025-12-05 19:20:32,927 - INFO - Scraping G.R. No. 197151 (2012): SM Land, Inc. (Formerly Shoemart, Inc.) and Watson...
2025-12-05 19:20:33,179 - INFO -   ✓ Found at: https://lawphil.net/judjuris/juri2012/oct2012/gr_197151_2012.html
2025-12-05 19:20:33,181 - INFO -   ✓ Saved: RESTRUCTURED_DB/2012/october/197151.json
2025-12-05 19:20:33,682 - INFO - Scraping G.R. No. 168987 (2012): Philippine Airlines, Inc. vs. Francisco Lao Lim, t...
2025-12-05 19:20:34,096 - INFO -   ✓ Found at: https://lawphil.net/judjuris/juri2012/oct2012/gr_168987_2012.html
2025-12-05 19:20:34,097 - INFO -   ✓ Saved: RESTRUCTURED_DB/2012/october/168987.json
2025-12-05 19:20:34,597 - INFO - Scraping G.R. No. 177357 (2012): People of the Philippines vs. Val Delos Reyes...
2025-12-05 19:20:35,057 - INFO -   ✓ Found at: https://lawphil.net/judjuris/juri2012/oct2012/gr_177357_2012.html
2025-12-05 19:20:35,059 - INFO -   ✓ Saved: RESTRUCTURED_DB/2012/october/177357.json
2025-12-05 19:20:35,559 - INFO - Scraping G.R. No. 177140 (2012): People of the Philippines vs. Alejandro Violeja y ...
2025-12-05 19:20:35,914 - INFO -   ✓ Found at: https://lawphil.net/judjuris/juri2012/oct2012/gr_177140_2012.html
2025-12-05 19:20:35,915 - INFO -   ✓ Saved: RESTRUCTURED_DB/2012/october/177140.json
2025-12-05 19:20:36,415 - INFO - Scraping G.R. No. 196383 (2012): Robert Pascua, doing business under the name and s...
2025-12-05 19:20:36,661 - INFO -   ✓ Found at: https://lawphil.net/judjuris/juri2012/oct2012/gr_196383_2012.html
2025-12-05 19:20:36,663 - INFO -   ✓ Saved: RESTRUCTURED_DB/2012/october/196383.json
2025-12-05 19:20:37,163 - INFO - Scraping G.R. No. 171855 (2012): Fe V. Rapsing, Tita C. Villanueva and Annie F. Apa...
2025-12-05 19:20:37,409 - INFO -   ✓ Found at: https://lawphil.net/judjuris/juri2012/oct2012/gr_171855_2012.html
2025-12-05 19:20:37,410 - INFO -   ✓ Saved: RESTRUCTURED_DB/2012/october/171855.json
2025-12-05 19:20:37,911 - INFO - Scraping G.R. No. 177232 (2012): RCJ bus Lines, Incorporated vs. Master Tours and T...
2025-12-05 19:20:38,156 - INFO -   ✓ Found at: https://lawphil.net/judjuris/juri2012/oct2012/gr_177232_2012.html
2025-12-05 19:20:38,157 - INFO -   ✓ Saved: RESTRUCTURED_DB/2012/october/177232.json
2025-12-05 19:20:38,657 - INFO - Scraping G.R. No. 168331 (2012): United International Pictures, AB vs. Commissioner...
2025-12-05 19:20:38,919 - INFO -   ✓ Found at: https://lawphil.net/judjuris/juri2012/oct2012/gr_168331_2012.html
2025-12-05 19:20:38,920 - INFO -   ✓ Saved: RESTRUCTURED_DB/2012/october/168331.json
2025-12-05 19:20:39,420 - INFO - Scraping G.R. No. 166803 (2012): Crewlink, Inc. and/or Gulf Marine Services vs. Edi...
2025-12-05 19:20:39,777 - INFO -   ✓ Found at: https://lawphil.net/judjuris/juri2012/oct2012/gr_166803_2012.html
2025-12-05 19:20:39,778 - INFO -   ✓ Saved: RESTRUCTURED_DB/2012/october/166803.json
2025-12-05 19:20:40,278 - INFO - Scraping G.R. No. 170454 (2012): Cecilia T. Manese, Julietes E. Cruz, and Eufemio P...
2025-12-05 19:20:41,118 - INFO -   ✓ Found at: https://lawphil.net/judjuris/juri2012/oct2012/gr_170454_2012.html
2025-12-05 19:20:41,120 - INFO -   ✓ Saved: RESTRUCTURED_DB/2012/october/170454.json
2025-12-05 19:20:41,620 - INFO - Scraping G.R. No. 170732 (2012): Atlantic Erectors, Inc. vs. Court of Appeals and H...
2025-12-05 19:20:41,866 - INFO -   ✓ Found at: https://lawphil.net/judjuris/juri2012/oct2012/gr_170732_2012.html
2025-12-05 19:20:41,868 - INFO -   ✓ Saved: RESTRUCTURED_DB/2012/october/170732.json
2025-12-05 19:20:42,369 - INFO - Scraping G.R. No. 172825 (2012): Spouses Miniano B. Dela Cruz and Leta L. Dela Cruz...
2025-12-05 19:20:42,621 - INFO -   ✓ Found at: https://lawphil.net/judjuris/juri2012/oct2012/gr_172825_2012.html
2025-12-05 19:20:42,623 - INFO -   ✓ Saved: RESTRUCTURED_DB/2012/october/172825.json
2025-12-05 19:20:43,123 - INFO - Scraping G.R. No. 173211 (2012): Heirs of Dr. Mario S. Intac and Angelina Mendoza-I...
2025-12-05 19:20:43,575 - INFO -   ✓ Found at: https://lawphil.net/judjuris/juri2012/oct2012/gr_173211_2012.html
2025-12-05 19:20:43,578 - INFO -   ✓ Saved: RESTRUCTURED_DB/2012/october/173211.json
2025-12-05 19:20:44,078 - INFO - Scraping G.R. No. 174582 (2012): The Heirs of the Late Spouses Laura Yadno and Pugs...
2025-12-05 19:20:44,324 - INFO -   ✓ Found at: https://lawphil.net/judjuris/juri2012/oct2012/gr_174582_2012.html
2025-12-05 19:20:44,326 - INFO -   ✓ Saved: RESTRUCTURED_DB/2012/october/174582.json
2025-12-05 19:20:44,826 - INFO - Scraping G.R. No. 174715 (2012): Filinvest Land, Inc., Efren C. Gutierre vs. Abdul ...
2025-12-05 19:20:45,315 - INFO -   ✓ Found at: https://lawphil.net/judjuris/juri2012/oct2012/gr_174715_2012.html
2025-12-05 19:20:45,317 - INFO -   ✓ Saved: RESTRUCTURED_DB/2012/october/174715.json
2025-12-05 19:20:45,817 - INFO - Scraping G.R. No. 175990 (2012): Heirs of Albina G. Ampil, namely Precious A. Zaval...
2025-12-05 19:20:46,189 - INFO -   ✓ Found at: https://lawphil.net/judjuris/juri2012/oct2012/gr_175990_2012.html
2025-12-05 19:20:46,190 - INFO -   ✓ Saved: RESTRUCTURED_DB/2012/october/175990.json
2025-12-05 19:20:46,690 - INFO - Scraping G.R. No. 184950 (2012): NGEI Multi-Purpose Cooperative, Inc. and Hernancit...
2025-12-05 19:20:47,237 - INFO -   ✓ Found at: https://lawphil.net/judjuris/juri2012/oct2012/gr_184950_2012.html
2025-12-05 19:20:47,238 - INFO -   ✓ Saved: RESTRUCTURED_DB/2012/october/184950.json
2025-12-05 19:20:47,738 - INFO - Scraping G.R. No. 185368 (2012): Arthur F. Mechavez vs. Marlyn M, Bermudez...
2025-12-05 19:20:48,103 - INFO -   ✓ Found at: https://lawphil.net/judjuris/juri2012/oct2012/gr_185368_2012.html
2025-12-05 19:20:48,104 - INFO -   ✓ Saved: RESTRUCTURED_DB/2012/october/185368.json
2025-12-05 19:20:48,604 - INFO - Scraping G.R. No. 194122 (2012): Hector Hernandez vs. Susan San Pedro Agoncillo...
2025-12-05 19:20:49,070 - INFO -   ✓ Found at: https://lawphil.net/judjuris/juri2012/oct2012/gr_194122_2012.html
2025-12-05 19:20:49,071 - INFO -   ✓ Saved: RESTRUCTURED_DB/2012/october/194122.json
2025-12-05 19:20:49,572 - INFO - Scraping G.R. No. 171845 (2012): Sps. Godfrey and Gerardina Serfino vs. Far East Ba...
2025-12-05 19:20:50,033 - INFO -   ✓ Found at: https://lawphil.net/judjuris/juri2012/oct2012/gr_171845_2012.html
2025-12-05 19:20:50,034 - INFO -   ✓ Saved: RESTRUCTURED_DB/2012/october/171845.json
2025-12-05 19:20:50,535 - INFO - Scraping G.R. No. 197315 (2012): Republic of the Philippines vs. Angel T. Domingo a...
2025-12-05 19:20:50,777 - INFO -   ✓ Found at: https://lawphil.net/judjuris/juri2012/oct2012/gr_197315_2012.html
2025-12-05 19:20:50,778 - INFO -   ✓ Saved: RESTRUCTURED_DB/2012/october/197315.json
2025-12-05 19:20:51,278 - INFO - Scraping G.R. No. 169391 (2012): Sps. Eugene C. Go and Angelita Go, and Minor Emers...
2025-12-05 19:20:51,537 - INFO -   ✓ Found at: https://lawphil.net/judjuris/juri2012/oct2012/gr_169391_2012.html
2025-12-05 19:20:51,540 - INFO -   ✓ Saved: RESTRUCTURED_DB/2012/october/169391.json
2025-12-05 19:20:52,040 - INFO - Scraping G.R. No. 194366 (2012): Napoleon D. Neri, et al. vs. Heirs of Hadji Yusop ...
2025-12-05 19:20:52,458 - INFO -   ✓ Found at: https://lawphil.net/judjuris/juri2012/oct2012/gr_194366_2012.html
2025-12-05 19:20:52,459 - INFO -   ✓ Saved: RESTRUCTURED_DB/2012/october/194366.json
2025-12-05 19:20:52,960 - INFO - Scraping G.R. No. 198733 (2012): Johansen World Group Corporation and Anna Liza F. ...
2025-12-05 19:20:53,218 - INFO -   ✓ Found at: https://lawphil.net/judjuris/juri2012/oct2012/gr_198733_2012.html
2025-12-05 19:20:53,220 - INFO -   ✓ Saved: RESTRUCTURED_DB/2012/october/198733.json
2025-12-05 19:20:53,720 - INFO - Scraping G.R. No. 197309 (2012): Ace Navigation, Co., Inc., et al. vs. Teodorico Fe...
2025-12-05 19:20:54,222 - INFO -   ✓ Found at: https://lawphil.net/judjuris/juri2012/oct2012/gr_197309_2012.html
2025-12-05 19:20:54,223 - INFO -   ✓ Saved: RESTRUCTURED_DB/2012/october/197309.json
2025-12-05 19:20:54,723 - INFO - Scraping G.R. No. 196539 (2012): Marietta N. Portillo vs. Rudolf Lietz, Inc., et al...
2025-12-05 19:20:54,972 - INFO -   ✓ Found at: https://lawphil.net/judjuris/juri2012/oct2012/gr_196539_2012.html
2025-12-05 19:20:54,973 - INFO -   ✓ Saved: RESTRUCTURED_DB/2012/october/196539.json
2025-12-05 19:20:55,474 - INFO - Scraping G.R. No. 153478 (2012): Mr Holdings, Ltd. vs. Citadel Holdings, Incorporat...
2025-12-05 19:20:55,804 - INFO -   ✓ Found at: https://lawphil.net/judjuris/juri2012/oct2012/gr_153478_2012.html
2025-12-05 19:20:55,807 - INFO -   ✓ Saved: RESTRUCTURED_DB/2012/october/153478.json
2025-12-05 19:20:56,307 - INFO - Scraping G.R. No. 178909 (2012): Superior Packaging corporation vs. Arnel Balagsay,...
2025-12-05 19:20:56,758 - INFO -   ✓ Found at: https://lawphil.net/judjuris/juri2012/oct2012/gr_178909_2012.html
2025-12-05 19:20:56,759 - INFO -   ✓ Saved: RESTRUCTURED_DB/2012/october/178909.json
2025-12-05 19:20:57,259 - INFO - Scraping G.R. No. 183053 (2012): Emilio A.M. Suntay III vs. Isabel Cojuangco Suntay...
2025-12-05 19:20:57,733 - INFO -   ✓ Found at: https://lawphil.net/judjuris/juri2012/oct2012/gr_183053_2012.html
2025-12-05 19:20:57,736 - INFO -   ✓ Saved: RESTRUCTURED_DB/2012/october/183053.json
2025-12-05 19:20:58,236 - INFO - Scraping G.R. No. 186592 (2012): Governor Enrique T. Garcia, Jr., Aurelio C. Angele...
2025-12-05 19:20:58,495 - INFO -   ✓ Found at: https://lawphil.net/judjuris/juri2012/oct2012/gr_186592_2012.html
2025-12-05 19:20:58,496 - INFO -   ✓ Saved: RESTRUCTURED_DB/2012/october/186592.json
2025-12-05 19:20:58,997 - INFO - Scraping G.R. No. 188571 (2012): People of the Philippines vs. Maricar Brainer y Ma...
2025-12-05 19:20:59,280 - INFO -   ✓ Found at: https://lawphil.net/judjuris/juri2012/oct2012/gr_188571_2012.html
2025-12-05 19:20:59,281 - INFO -   ✓ Saved: RESTRUCTURED_DB/2012/october/188571.json
2025-12-05 19:20:59,782 - INFO - Scraping G.R. No. 182018 (2012): Norkis Trading Corporation vs. Joaquin Buenavista,...
2025-12-05 19:21:00,246 - INFO -   ✓ Found at: https://lawphil.net/judjuris/juri2012/oct2012/gr_182018_2012.html
2025-12-05 19:21:00,249 - INFO -   ✓ Saved: RESTRUCTURED_DB/2012/october/182018.json
2025-12-05 19:21:00,749 - INFO - Scraping G.R. No. 189820 (2012): People of the Philippines vs. Jovel S. Apole, et a...
2025-12-05 19:21:01,549 - INFO -   ✓ Found at: https://lawphil.net/judjuris/juri2012/oct2012/gr_189820_2012.html
2025-12-05 19:21:01,550 - INFO -   ✓ Saved: RESTRUCTURED_DB/2012/october/189820.json
2025-12-05 19:21:02,051 - INFO - Scraping G.R. No. 176579 (2012): Heirs of Wilson P. Gamboa vs. Finance Secretary Ma...
2025-12-05 19:21:03,389 - INFO -   ✓ Found at: https://lawphil.net/judjuris/juri2012/oct2012/gr_176579_2012.html
2025-12-05 19:21:03,402 - INFO -   ✓ Saved: RESTRUCTURED_DB/2012/october/176579.json
2025-12-05 19:21:03,903 - INFO - Scraping G.R. No. 195229 (2012): Efren Racel Aratea vs. Commission on Elections and...
2025-12-05 19:21:04,279 - INFO -   ✓ Found at: https://lawphil.net/judjuris/juri2012/oct2012/gr_195229_2012.html
2025-12-05 19:21:04,287 - INFO -   ✓ Saved: RESTRUCTURED_DB/2012/october/195229.json
2025-12-05 19:21:04,787 - INFO - Scraping G.R. No. 176162 (2012): Civil service Commission vs. Court of Appeals, et ...
2025-12-05 19:21:05,046 - INFO -   ✓ Found at: https://lawphil.net/judjuris/juri2012/oct2012/gr_176162_2012.html
2025-12-05 19:21:05,049 - INFO -   ✓ Saved: RESTRUCTURED_DB/2012/october/176162.json
2025-12-05 19:21:05,549 - INFO - Scraping G.R. No. 192088 (2012): Initiative for Dialoque and Emprovement through Al...
2025-12-05 19:21:06,232 - INFO -   ✓ Found at: https://lawphil.net/judjuris/juri2012/oct2012/gr_192088_2012.html
2025-12-05 19:21:06,239 - INFO -   ✓ Saved: RESTRUCTURED_DB/2012/october/192088.json
2025-12-05 19:21:06,739 - INFO - Scraping G.R. No. 196804 (2012): Mayor Barbara Ruby C. Talaga vs. Commission on Ele...
2025-12-05 19:21:07,961 - INFO -   ✓ Found at: https://lawphil.net/judjuris/juri2012/oct2012/gr_196804_2012.html
2025-12-05 19:21:07,970 - INFO -   ✓ Saved: RESTRUCTURED_DB/2012/october/196804.json
2025-12-05 19:21:08,470 - INFO - Scraping G.R. No. 193237 (2012): Dominador G. Jalosjos, Jr. vs. Commission on Elect...
2025-12-05 19:21:09,150 - INFO -   ✓ Found at: https://lawphil.net/judjuris/juri2012/oct2012/gr_193237_2012.html
2025-12-05 19:21:09,159 - INFO -   ✓ Saved: RESTRUCTURED_DB/2012/october/193237.json
2025-12-05 19:21:09,659 - INFO - Scraping G.R. No. 178584 (2012): Associated Marine Office and Seamen's Union of the...
2025-12-05 19:21:10,127 - INFO -   ✓ Found at: https://lawphil.net/judjuris/juri2012/oct2012/gr_178584_2012.html
2025-12-05 19:21:10,128 - INFO -   ✓ Saved: RESTRUCTURED_DB/2012/october/178584.json
2025-12-05 19:21:10,629 - INFO - Scraping G.R. No. 189817 (2012): People of the Philippines vs. Reyna Bataluna Llani...
2025-12-05 19:21:11,306 - INFO -   ✓ Found at: https://lawphil.net/judjuris/juri2012/oct2012/gr_189817_2012.html
2025-12-05 19:21:11,308 - INFO -   ✓ Saved: RESTRUCTURED_DB/2012/october/189817.json
2025-12-05 19:21:11,808 - INFO - Scraping G.R. No. 164051 (2012): Philippine National Bank vs. Lilian S. Soriano...
2025-12-05 19:21:12,542 - INFO -   ✓ Found at: https://lawphil.net/judjuris/juri2012/oct2012/gr_164051_2012.html
2025-12-05 19:21:12,544 - INFO -   ✓ Saved: RESTRUCTURED_DB/2012/october/164051.json
2025-12-05 19:21:13,044 - INFO - Scraping G.R. No. 182209 (2012): Land Bank of the Philippines vs. Emiliano R. Santi...
2025-12-05 19:21:13,744 - INFO -   ✓ Found at: https://lawphil.net/judjuris/juri2012/oct2012/gr_182209_2012.html
2025-12-05 19:21:13,746 - INFO -   ✓ Saved: RESTRUCTURED_DB/2012/october/182209.json
2025-12-05 19:21:14,246 - INFO - Scraping G.R. No. 159370 (2012): Palm Tree Estates, Inc., et al. vs. Philippine Nat...
2025-12-05 19:21:14,524 - INFO -   ✓ Found at: https://lawphil.net/judjuris/juri2012/oct2012/gr_159370_2012.html
2025-12-05 19:21:14,528 - INFO -   ✓ Saved: RESTRUCTURED_DB/2012/october/159370.json
2025-12-05 19:21:15,028 - INFO - Scraping G.R. No. 173610 (2012): Town and Country Enterprises, Inc. vs. Hon. Norber...
2025-12-05 19:21:15,685 - INFO -   ✓ Found at: https://lawphil.net/judjuris/juri2012/oct2012/gr_173610_2012.html
2025-12-05 19:21:15,688 - INFO -   ✓ Saved: RESTRUCTURED_DB/2012/october/173610.json
2025-12-05 19:21:16,188 - INFO - Scraping G.R. No. 197205 (2012): Jessie V. David, represented by his wife, Ma. Ther...
2025-12-05 19:21:16,644 - INFO -   ✓ Found at: https://lawphil.net/judjuris/juri2012/sep2012/gr_197205_2012.html
2025-12-05 19:21:16,646 - INFO -   ✓ Saved: RESTRUCTURED_DB/2012/september/197205.json
2025-12-05 19:21:17,148 - INFO - Scraping G.R. No. 195909 (2012): Commissioner of Internal Revenue vs. St. Luke'sj M...
2025-12-05 19:21:17,846 - INFO -   ✓ Found at: https://lawphil.net/judjuris/juri2012/sep2012/gr_195909_2012.html
2025-12-05 19:21:17,849 - INFO -   ✓ Saved: RESTRUCTURED_DB/2012/september/195909.json
2025-12-05 19:21:18,349 - INFO - Scraping G.R. No. 179115 (2012): Asia International Auctioneers, Inc. vs. Commissio...
2025-12-05 19:21:18,803 - INFO -   ✓ Found at: https://lawphil.net/judjuris/juri2012/sep2012/gr_179115_2012.html
2025-12-05 19:21:18,805 - INFO -   ✓ Saved: RESTRUCTURED_DB/2012/september/179115.json
2025-12-05 19:21:19,305 - INFO - Scraping G.R. No. 165355 (2012): Tomas T. Teodoro, et al. vs. Continental Cement Co...
2025-12-05 19:21:19,659 - INFO -   ✓ Found at: https://lawphil.net/judjuris/juri2012/sep2012/gr_165355_2012.html
2025-12-05 19:21:19,661 - INFO -   ✓ Saved: RESTRUCTURED_DB/2012/september/165355.json
2025-12-05 19:21:20,161 - INFO - Scraping G.R. No. 167366 (2012): Dr. Pedro Dennis Cereno and Dr. Santos Zafe vs. Co...
2025-12-05 19:21:20,449 - INFO -   ✓ Found at: https://lawphil.net/judjuris/juri2012/sep2012/gr_167366_2012.html
2025-12-05 19:21:20,451 - INFO -   ✓ Saved: RESTRUCTURED_DB/2012/september/167366.json
2025-12-05 19:21:20,951 - INFO - Scraping G.R. No. 173036 (2012): Agoo Rice Mill corporation, etc. vs. Land Bank of ...
2025-12-05 19:21:21,205 - INFO -   ✓ Found at: https://lawphil.net/judjuris/juri2012/sep2012/gr_173036_2012.html
2025-12-05 19:21:21,207 - INFO -   ✓ Saved: RESTRUCTURED_DB/2012/september/173036.json
2025-12-05 19:21:21,707 - INFO - Scraping G.R. No. 193753 (2012): Living @ Sense, Inc. vs. Malayan Insurance Company...
2025-12-05 19:21:21,951 - INFO -   ✓ Found at: https://lawphil.net/judjuris/juri2012/sep2012/gr_193753_2012.html
2025-12-05 19:21:21,952 - INFO -   ✓ Saved: RESTRUCTURED_DB/2012/september/193753.json
2025-12-05 19:21:22,452 - INFO - Scraping G.R. No. 202914 (2012): Government Service Insurance System, etc. vs. Heid...
2025-12-05 19:21:22,711 - INFO -   ✓ Found at: https://lawphil.net/judjuris/juri2012/sep2012/gr_202914_2012.html
2025-12-05 19:21:22,713 - INFO -   ✓ Saved: RESTRUCTURED_DB/2012/september/202914.json
2025-12-05 19:21:23,213 - INFO - Scraping G.R. No. 196161 (2012): Cyril Calpito Qui vs. People of the Philippines...
2025-12-05 19:21:23,801 - INFO -   ✓ Found at: https://lawphil.net/judjuris/juri2012/sep2012/gr_196161_2012.html
2025-12-05 19:21:23,802 - INFO -   ✓ Saved: RESTRUCTURED_DB/2012/september/196161.json
2025-12-05 19:21:24,302 - INFO - Scraping G.R. No. 183533 (2012): In the Matter of the Petition for the Writ of Ampa...
2025-12-05 19:21:24,548 - INFO -   ✓ Found at: https://lawphil.net/judjuris/juri2012/sep2012/gr_183533_2012.html
2025-12-05 19:21:24,550 - INFO -   ✓ Saved: RESTRUCTURED_DB/2012/september/183533.json
2025-12-05 19:21:25,050 - INFO - Scraping G.R. No. 154470 (2012): Bank of Commerce vs. Planters Development Bank, et...
2025-12-05 19:21:25,514 - INFO -   ✓ Found at: https://lawphil.net/judjuris/juri2012/sep2012/gr_154470_2012.html
2025-12-05 19:21:25,518 - INFO -   ✓ Saved: RESTRUCTURED_DB/2012/september/154470.json
2025-12-05 19:21:26,018 - INFO - Scraping G.R. No. 188417 (2012): Milagros De Belen Vda. De Cabalu, Meliton Cabali, ...
2025-12-05 19:21:26,514 - INFO -   ✓ Found at: https://lawphil.net/judjuris/juri2012/sep2012/gr_188417_2012.html
2025-12-05 19:21:26,515 - INFO -   ✓ Saved: RESTRUCTURED_DB/2012/september/188417.json
2025-12-05 19:21:27,015 - INFO - Scraping G.R. No. 161122 (2012): Dare Adventure Farm Corporation vs. Spouses Felix ...
2025-12-05 19:21:27,481 - INFO -   ✓ Found at: https://lawphil.net/judjuris/juri2012/sep2012/gr_161122_2012.html
2025-12-05 19:21:27,482 - INFO -   ✓ Saved: RESTRUCTURED_DB/2012/september/161122.json
2025-12-05 19:21:27,982 - INFO - Scraping G.R. No. 185282 (2012): People of the Philippines vs. Benjamin Bravo y Est...
2025-12-05 19:21:28,504 - INFO -   ✓ Found at: https://lawphil.net/judjuris/juri2012/sep2012/gr_185282_2012.html
2025-12-05 19:21:28,505 - INFO -   ✓ Saved: RESTRUCTURED_DB/2012/september/185282.json
2025-12-05 19:21:29,006 - INFO - Scraping G.R. No. 199547 (2012): The New Philippine Skylanders, Inc. and/or Jennife...
2025-12-05 19:21:29,562 - INFO -   ✓ Found at: https://lawphil.net/judjuris/juri2012/sep2012/gr_199547_2012.html
2025-12-05 19:21:29,563 - INFO -   ✓ Saved: RESTRUCTURED_DB/2012/september/199547.json
2025-12-05 19:21:30,063 - INFO - Scraping G.R. No. 177438 (2012): Amada Resterio vs. People of the Philippines...
2025-12-05 19:21:30,525 - INFO -   ✓ Found at: https://lawphil.net/judjuris/juri2012/sep2012/gr_177438_2012.html
2025-12-05 19:21:30,527 - INFO -   ✓ Saved: RESTRUCTURED_DB/2012/september/177438.json
2025-12-05 19:21:31,027 - INFO - Scraping G.R. No. 193854 (2012): People of the Philippines vs. Dina Dulay y Pascual...
2025-12-05 19:21:31,475 - INFO -   ✓ Found at: https://lawphil.net/judjuris/juri2012/sep2012/gr_193854_2012.html
2025-12-05 19:21:31,477 - INFO -   ✓ Saved: RESTRUCTURED_DB/2012/september/193854.json
2025-12-05 19:21:31,977 - INFO - Scraping G.R. No. 191062 (2012): People of the Philippine vs. Mohamad Angkob y Mila...
2025-12-05 19:21:32,439 - INFO -   ✓ Found at: https://lawphil.net/judjuris/juri2012/sep2012/gr_191062_2012.html
2025-12-05 19:21:32,441 - INFO -   ✓ Saved: RESTRUCTURED_DB/2012/september/191062.json
2025-12-05 19:21:32,941 - INFO - Scraping G.R. No. 182230 (2012): People of the Philippines vs. Edgardo Lupac y Flor...
2025-12-05 19:21:33,233 - INFO -   ✓ Found at: https://lawphil.net/judjuris/juri2012/sep2012/gr_182230_2012.html
2025-12-05 19:21:33,235 - INFO -   ✓ Saved: RESTRUCTURED_DB/2012/september/182230.json
2025-12-05 19:21:33,735 - INFO - 
Batch 2 complete:
2025-12-05 19:21:33,735 - INFO -   Successful: 99
2025-12-05 19:21:33,735 - INFO -   Failed: 1
2025-12-05 19:21:33,735 - INFO -   Skipped: 0
2025-12-05 19:21:33,735 - INFO - 
Overall progress: 200/802 cases
2025-12-05 19:21:33,735 - INFO - 
================================================================================
2025-12-05 19:21:33,735 - INFO - BATCH 3/9 (100 cases)
2025-12-05 19:21:33,735 - INFO - ================================================================================
2025-12-05 19:21:33,735 - INFO - Scraping G.R. No. 191837 (2012): Maria Consolacion Rivera-Pascual vs. Spouses Maril...
2025-12-05 19:21:33,989 - INFO -   ✓ Found at: https://lawphil.net/judjuris/juri2012/sep2012/gr_191837_2012.html
2025-12-05 19:21:33,990 - INFO -   ✓ Saved: RESTRUCTURED_DB/2012/september/191837.json
2025-12-05 19:21:34,490 - INFO - Scraping G.R. No. 174669 (2012): Belle Corporation vs. Erlinda De Leon-Banks, Rhodo...
2025-12-05 19:21:34,742 - INFO -   ✓ Found at: https://lawphil.net/judjuris/juri2012/sep2012/gr_174669_2012.html
2025-12-05 19:21:34,744 - INFO -   ✓ Saved: RESTRUCTURED_DB/2012/september/174669.json
2025-12-05 19:21:35,245 - INFO - Scraping G.R. No. 182045 (2012): Gulf Air Company, Philippines Branch vs. Commissio...
2025-12-05 19:21:35,486 - INFO -   ✓ Found at: https://lawphil.net/judjuris/juri2012/sep2012/gr_182045_2012.html
2025-12-05 19:21:35,488 - INFO -   ✓ Saved: RESTRUCTURED_DB/2012/september/182045.json
2025-12-05 19:21:35,988 - INFO - Scraping G.R. No. 186002 (2012): Apo Chemical Manufacturing and Michael Cheng vs. R...
2025-12-05 19:21:36,242 - INFO -   ✓ Found at: https://lawphil.net/judjuris/juri2012/sep2012/gr_186002_2012.html
2025-12-05 19:21:36,243 - INFO -   ✓ Saved: RESTRUCTURED_DB/2012/september/186002.json
2025-12-05 19:21:36,744 - INFO - Scraping G.R. No. 193789 (2012): Alex Q. Naranjo. Donnalyn De Guzman, Ronald V. Cru...
2025-12-05 19:21:37,215 - INFO -   ✓ Found at: https://lawphil.net/judjuris/juri2012/sep2012/gr_193789_2012.html
2025-12-05 19:21:37,216 - INFO -   ✓ Saved: RESTRUCTURED_DB/2012/september/193789.json
2025-12-05 19:21:37,716 - INFO - Scraping G.R. No. 160446 (2012): Rizal Commercial Banking Corporation vs. Dolores H...
2025-12-05 19:21:37,964 - INFO -   ✓ Found at: https://lawphil.net/judjuris/juri2012/sep2012/gr_160446_2012.html
2025-12-05 19:21:37,966 - INFO -   ✓ Saved: RESTRUCTURED_DB/2012/september/160446.json
2025-12-05 19:21:38,466 - INFO - Scraping G.R. No. 175284 (2012): BP Philippines, Inc. (formerly Burmah Castrol Phil...
2025-12-05 19:21:38,936 - INFO -   ✓ Found at: https://lawphil.net/judjuris/juri2012/sep2012/gr_175284_2012.html
2025-12-05 19:21:38,938 - INFO -   ✓ Saved: RESTRUCTURED_DB/2012/september/175284.json
2025-12-05 19:21:39,438 - INFO - Scraping G.R. No. 200529 (2012): People of the Philippines vs. Juanito Garcia y Gum...
2025-12-05 19:21:39,902 - INFO -   ✓ Found at: https://lawphil.net/judjuris/juri2012/sep2012/gr_200529_2012.html
2025-12-05 19:21:39,904 - INFO -   ✓ Saved: RESTRUCTURED_DB/2012/september/200529.json
2025-12-05 19:21:40,404 - INFO - Scraping G.R. No. 192117 (2012): Association of Southern Tagalog Electric Cooperati...
2025-12-05 19:21:40,874 - INFO -   ✓ Found at: https://lawphil.net/judjuris/juri2012/sep2012/gr_192117_2012.html
2025-12-05 19:21:40,878 - INFO -   ✓ Saved: RESTRUCTURED_DB/2012/september/192117.json
2025-12-05 19:21:41,378 - INFO - Scraping G.R. No. 176343 (2012): Trade and Investment Development Corporation of th...
2025-12-05 19:21:41,734 - INFO -   ✓ Found at: https://lawphil.net/judjuris/juri2012/sep2012/gr_176343_2012.html
2025-12-05 19:21:41,736 - INFO -   ✓ Saved: RESTRUCTURED_DB/2012/september/176343.json
2025-12-05 19:21:42,236 - INFO - Scraping G.R. No. 196355 (2012): Bienvenido William D. Lloren vs. the Commission on...
2025-12-05 19:21:42,699 - INFO -   ✓ Found at: https://lawphil.net/judjuris/juri2012/sep2012/gr_196355_2012.html
2025-12-05 19:21:42,701 - INFO -   ✓ Saved: RESTRUCTURED_DB/2012/september/196355.json
2025-12-05 19:21:43,201 - INFO - Scraping G.R. No. 199082 (2012): Jose Miguel T. Arroyo vs. Department of Justice, e...
2025-12-05 19:21:43,973 - INFO -   ✓ Found at: https://lawphil.net/judjuris/juri2012/sep2012/gr_199082_2012.html
2025-12-05 19:21:43,981 - INFO -   ✓ Saved: RESTRUCTURED_DB/2012/september/199082.json
2025-12-05 19:21:44,481 - INFO - Scraping G.R. No. 189774 (2012): Dr. Emmanuel T. Velasco, et al. vs. Commission on ...
2025-12-05 19:21:44,726 - INFO -   ✓ Found at: https://lawphil.net/judjuris/juri2012/sep2012/gr_189774_2012.html
2025-12-05 19:21:44,727 - INFO -   ✓ Saved: RESTRUCTURED_DB/2012/september/189774.json
2025-12-05 19:21:45,227 - INFO - Scraping G.R. No. 191753 (2012): People of the Philippines vs. Ronald De Jesus y Ap...
2025-12-05 19:21:45,684 - INFO -   ✓ Found at: https://lawphil.net/judjuris/juri2012/sep2012/gr_191753_2012.html
2025-12-05 19:21:45,685 - INFO -   ✓ Saved: RESTRUCTURED_DB/2012/september/191753.json
2025-12-05 19:21:46,186 - INFO - Scraping G.R. No. 166467 (2012): Danilo R. Querijero, Johnny P. Lilang and Ivene D....
2025-12-05 19:21:46,431 - INFO -   ✓ Found at: https://lawphil.net/judjuris/juri2012/sep2012/gr_166467_2012.html
2025-12-05 19:21:46,432 - INFO -   ✓ Saved: RESTRUCTURED_DB/2012/september/166467.json
2025-12-05 19:21:46,932 - INFO - Scraping G.R. No. 182523 (2012): People of the Philippines vs. Efren Laurio y Rosal...
2025-12-05 19:21:47,181 - INFO -   ✓ Found at: https://lawphil.net/judjuris/juri2012/sep2012/gr_182523_2012.html
2025-12-05 19:21:47,183 - INFO -   ✓ Saved: RESTRUCTURED_DB/2012/september/182523.json
2025-12-05 19:21:47,683 - INFO - Scraping G.R. No. 190680 (2012): Commissioner of Internal Revenue vs. Court of Tax ...
2025-12-05 19:21:48,156 - INFO -   ✓ Found at: https://lawphil.net/judjuris/juri2012/sep2012/gr_190680_2012.html
2025-12-05 19:21:48,157 - INFO -   ✓ Saved: RESTRUCTURED_DB/2012/september/190680.json
2025-12-05 19:21:48,657 - INFO - Scraping G.R. No. 187052 (2012): People of the Philippines vs. Melissa Chua @ Clari...
2025-12-05 19:21:48,916 - INFO -   ✓ Found at: https://lawphil.net/judjuris/juri2012/sep2012/gr_187052_2012.html
2025-12-05 19:21:48,919 - INFO -   ✓ Saved: RESTRUCTURED_DB/2012/september/187052.json
2025-12-05 19:21:49,419 - INFO - Scraping G.R. No. 153799 (2012): Solidbank Union, et al. vs. Metropolitan Bank and ...
2025-12-05 19:21:49,881 - INFO -   ✓ Found at: https://lawphil.net/judjuris/juri2012/sep2012/gr_153799_2012.html
2025-12-05 19:21:49,885 - INFO -   ✓ Saved: RESTRUCTURED_DB/2012/september/153799.json
2025-12-05 19:21:50,385 - INFO - Scraping G.R. No. 194014 (2012): Philippine National Bank vs. Spouses Alejandro and...
2025-12-05 19:21:50,997 - INFO -   ✓ Found at: https://lawphil.net/judjuris/juri2012/sep2012/gr_194014_2012.html
2025-12-05 19:21:50,999 - INFO -   ✓ Saved: RESTRUCTURED_DB/2012/september/194014.json
2025-12-05 19:21:51,499 - INFO - Scraping G.R. No. 198662 (2012): Radio Mindanao Network, Inc. and Eric S. Canoy vs....
2025-12-05 19:21:51,825 - INFO -   ✓ Found at: https://lawphil.net/judjuris/juri2012/sep2012/gr_198662_2012.html
2025-12-05 19:21:51,826 - INFO -   ✓ Saved: RESTRUCTURED_DB/2012/september/198662.json
2025-12-05 19:21:52,327 - INFO - Scraping G.R. No. 187801 (2012): Heirs of Leonardo Banaag, namely: Marta R. Banaag,...
2025-12-05 19:21:52,578 - INFO -   ✓ Found at: https://lawphil.net/judjuris/juri2012/sep2012/gr_187801_2012.html
2025-12-05 19:21:52,581 - INFO -   ✓ Saved: RESTRUCTURED_DB/2012/september/187801.json
2025-12-05 19:21:53,081 - INFO - Scraping G.R. No. 183097 (2012): People of the Philippines vs. Antonio Venturina...
2025-12-05 19:21:53,545 - INFO -   ✓ Found at: https://lawphil.net/judjuris/juri2012/sep2012/gr_183097_2012.html
2025-12-05 19:21:53,546 - INFO -   ✓ Saved: RESTRUCTURED_DB/2012/september/183097.json
2025-12-05 19:21:54,047 - INFO - Scraping G.R. No. 174376 (2012): Zosima Incorporated vs. Lilia Salimbagat and all p...
2025-12-05 19:21:54,288 - INFO -   ✓ Found at: https://lawphil.net/judjuris/juri2012/sep2012/gr_174376_2012.html
2025-12-05 19:21:54,289 - INFO -   ✓ Saved: RESTRUCTURED_DB/2012/september/174376.json
2025-12-05 19:21:54,790 - INFO - Scraping G.R. No. 191128 (2012): Carmencita Guizano, substituted by her heirs namel...
2025-12-05 19:21:55,031 - INFO -   ✓ Found at: https://lawphil.net/judjuris/juri2012/sep2012/gr_191128_2012.html
2025-12-05 19:21:55,032 - INFO -   ✓ Saved: RESTRUCTURED_DB/2012/september/191128.json
2025-12-05 19:21:55,532 - INFO - Scraping G.R. No. 170787 (2012): Crispino Pangilinan vs. Jocelyn N. Balatbat substi...
2025-12-05 19:21:56,390 - INFO -   ✓ Found at: https://lawphil.net/judjuris/juri2012/sep2012/gr_170787_2012.html
2025-12-05 19:21:56,393 - INFO -   ✓ Saved: RESTRUCTURED_DB/2012/september/170787.json
2025-12-05 19:21:56,893 - INFO - Scraping G.R. No. 162372 (2012): Government Service Insurane System (GSIS), et al. ...
2025-12-05 19:21:57,362 - INFO -   ✓ Found at: https://lawphil.net/judjuris/juri2012/sep2012/gr_162372_2012.html
2025-12-05 19:21:57,363 - INFO -   ✓ Saved: RESTRUCTURED_DB/2012/september/162372.json
2025-12-05 19:21:57,864 - INFO - Scraping G.R. No. 199084 (2012): Antonia P. Ceron vs. Commission on Elections, et a...
2025-12-05 19:21:58,111 - INFO -   ✓ Found at: https://lawphil.net/judjuris/juri2012/sep2012/gr_199084_2012.html
2025-12-05 19:21:58,113 - INFO -   ✓ Saved: RESTRUCTURED_DB/2012/september/199084.json
2025-12-05 19:21:58,613 - INFO - Scraping G.R. No. 184500 (2012): People of the Philippines vs. Wenceslao Nelmida, e...
2025-12-05 19:21:59,256 - INFO -   ✓ Found at: https://lawphil.net/judjuris/juri2012/sep2012/gr_184500_2012.html
2025-12-05 19:21:59,259 - INFO -   ✓ Saved: RESTRUCTURED_DB/2012/september/184500.json
2025-12-05 19:21:59,759 - INFO - Scraping G.R. No. 174982 (2012): Jose Vicente Atilano II, Heirs of Carlos V. Tan, r...
2025-12-05 19:22:00,352 - INFO -   ✓ Found at: https://lawphil.net/judjuris/juri2012/sep2012/gr_174982_2012.html
2025-12-05 19:22:00,353 - INFO -   ✓ Saved: RESTRUCTURED_DB/2012/september/174982.json
2025-12-05 19:22:00,853 - INFO - Scraping G.R. No. 171118 (2012): Park Hotel, J's Playhouse Burgos Corp., Inc., and/...
2025-12-05 19:22:01,347 - INFO -   ✓ Found at: https://lawphil.net/judjuris/juri2012/sep2012/gr_171118_2012.html
2025-12-05 19:22:01,348 - INFO -   ✓ Saved: RESTRUCTURED_DB/2012/september/171118.json
2025-12-05 19:22:01,848 - INFO - Scraping G.R. No. 195592 (2012): Magdiwang Realty Corporation, Renato P. Dragon and...
2025-12-05 19:22:02,329 - INFO -   ✓ Found at: https://lawphil.net/judjuris/juri2012/sep2012/gr_195592_2012.html
2025-12-05 19:22:02,330 - INFO -   ✓ Saved: RESTRUCTURED_DB/2012/september/195592.json
2025-12-05 19:22:02,830 - INFO - Scraping G.R. No. 197528 (2012): Pert/CPM Manpower Exponent Co., Inc. vs. Amando A....
2025-12-05 19:22:03,279 - INFO -   ✓ Found at: https://lawphil.net/judjuris/juri2012/sep2012/gr_197528_2012.html
2025-12-05 19:22:03,282 - INFO -   ✓ Saved: RESTRUCTURED_DB/2012/september/197528.json
2025-12-05 19:22:03,782 - INFO - Scraping G.R. No. 184606 (2012): People of the Philippines vs. Calexto D. Fundales...
2025-12-05 19:22:04,244 - INFO -   ✓ Found at: https://lawphil.net/judjuris/juri2012/sep2012/gr_184606_2012.html
2025-12-05 19:22:04,245 - INFO -   ✓ Saved: RESTRUCTURED_DB/2012/september/184606.json
2025-12-05 19:22:04,745 - INFO - Scraping G.R. No. 175170 (2012): Misamis Oriental II Electric Service Cooperative (...
2025-12-05 19:22:05,274 - INFO -   ✓ Found at: https://lawphil.net/judjuris/juri2012/sep2012/gr_175170_2012.html
2025-12-05 19:22:05,276 - INFO -   ✓ Saved: RESTRUCTURED_DB/2012/september/175170.json
2025-12-05 19:22:05,776 - INFO - Scraping G.R. No. 200951 (2012): People of the Philippines vs. Jose Almodiel alias ...
2025-12-05 19:22:06,454 - INFO -   ✓ Found at: https://lawphil.net/judjuris/juri2012/sep2012/gr_200951_2012.html
2025-12-05 19:22:06,455 - INFO -   ✓ Saved: RESTRUCTURED_DB/2012/september/200951.json
2025-12-05 19:22:06,956 - INFO - Scraping G.R. No. 148607 (2012): Elsa B. Reyes vs. Sandiganbayan and People of the ...
2025-12-05 19:22:07,318 - INFO -   ✓ Found at: https://lawphil.net/judjuris/juri2012/sep2012/gr_148607_2012.html
2025-12-05 19:22:07,320 - INFO -   ✓ Saved: RESTRUCTURED_DB/2012/september/148607.json
2025-12-05 19:22:07,820 - INFO - Scraping G.R. No. 171107 (2012): Anita C. Vianzon, Heirs of the late Lucila Candela...
2025-12-05 19:22:08,065 - INFO -   ✓ Found at: https://lawphil.net/judjuris/juri2012/sep2012/gr_171107_2012.html
2025-12-05 19:22:08,066 - INFO -   ✓ Saved: RESTRUCTURED_DB/2012/september/171107.json
2025-12-05 19:22:08,566 - INFO - Scraping G.R. No. 188979 (2012): People of the Philippines vs. Christopher Pareja y...
2025-12-05 19:22:09,034 - INFO -   ✓ Found at: https://lawphil.net/judjuris/juri2012/sep2012/gr_188979_2012.html
2025-12-05 19:22:09,036 - INFO -   ✓ Saved: RESTRUCTURED_DB/2012/september/188979.json
2025-12-05 19:22:09,536 - INFO - Scraping G.R. No. 192945 (2012): City of Iriga vs. Camarines Sur III Electric Coope...
2025-12-05 19:22:09,902 - INFO -   ✓ Found at: https://lawphil.net/judjuris/juri2012/sep2012/gr_192945_2012.html
2025-12-05 19:22:09,903 - INFO -   ✓ Saved: RESTRUCTURED_DB/2012/september/192945.json
2025-12-05 19:22:10,403 - INFO - Scraping G.R. No. 195619 (2012): Planters Development Bank vs. Julie Chandumal...
2025-12-05 19:22:10,944 - INFO -   ✓ Found at: https://lawphil.net/judjuris/juri2012/sep2012/gr_195619_2012.html
2025-12-05 19:22:10,945 - INFO -   ✓ Saved: RESTRUCTURED_DB/2012/september/195619.json
2025-12-05 19:22:11,445 - INFO - Scraping G.R. No. 148843 (2012): Antioquia Development Corporation, et al. vs. Benj...
2025-12-05 19:22:11,916 - INFO -   ✓ Found at: https://lawphil.net/judjuris/juri2012/sep2012/gr_148843_2012.html
2025-12-05 19:22:11,918 - INFO -   ✓ Saved: RESTRUCTURED_DB/2012/september/148843.json
2025-12-05 19:22:12,418 - INFO - Scraping G.R. No. 189486 (2012): Simny G. Guy, Geraldine G. Guy, Gladys G. Yao and ...
2025-12-05 19:22:12,670 - INFO -   ✓ Found at: https://lawphil.net/judjuris/juri2012/sep2012/gr_189486_2012.html
2025-12-05 19:22:12,672 - INFO -   ✓ Saved: RESTRUCTURED_DB/2012/september/189486.json
2025-12-05 19:22:13,172 - INFO - Scraping G.R. No. 162809 (2012): Pacific Ocean Manning Inc., et al. vs. Benjamin D....
2025-12-05 19:22:13,826 - INFO -   ✓ Found at: https://lawphil.net/judjuris/juri2012/sep2012/gr_162809_2012.html
2025-12-05 19:22:13,828 - INFO -   ✓ Saved: RESTRUCTURED_DB/2012/september/162809.json
2025-12-05 19:22:14,328 - INFO - Scraping G.R. No. 177711 (2012): Suico Industrial Corporation and Spouses Esmeraldo...
2025-12-05 19:22:14,635 - INFO -   ✓ Found at: https://lawphil.net/judjuris/juri2012/sep2012/gr_177711_2012.html
2025-12-05 19:22:14,637 - INFO -   ✓ Saved: RESTRUCTURED_DB/2012/september/177711.json
2025-12-05 19:22:15,137 - INFO - Scraping G.R. No. 179054 (2012): Bagong Kapisanan sa Punta Tenement, Inc., represen...
2025-12-05 19:22:23,396 - WARNING -   ✗ Not found for G.R. No. 179054
2025-12-05 19:22:23,896 - INFO - Scraping G.R. No. 177857 (2012): Philippine Coconut Producers Federation, Inc. (COC...
2025-12-05 19:22:24,187 - INFO -   ✓ Found at: https://lawphil.net/judjuris/juri2012/sep2012/gr_177857_2012.html
2025-12-05 19:22:24,188 - INFO -   ✓ Saved: RESTRUCTURED_DB/2012/september/177857.json
2025-12-05 19:22:24,689 - INFO - Scraping G.R. No. 173425 (2012): Fort Bonifacio Develoment Corporation vs. Commissi...
2025-12-05 19:22:25,142 - INFO -   ✓ Found at: https://lawphil.net/judjuris/juri2012/sep2012/gr_173425_2012.html
2025-12-05 19:22:25,145 - INFO -   ✓ Saved: RESTRUCTURED_DB/2012/september/173425.json
2025-12-05 19:22:25,645 - INFO - Scraping G.R. No. 196231 (2012): Emilio A. Gonzales III vs. Office of the President...
2025-12-05 19:22:26,580 - INFO -   ✓ Found at: https://lawphil.net/judjuris/juri2012/sep2012/gr_196231_2012.html
2025-12-05 19:22:26,589 - INFO -   ✓ Saved: RESTRUCTURED_DB/2012/september/196231.json
2025-12-05 19:22:27,090 - INFO - Scraping G.R. No. 171219 (2012): Atty. Fe Q. Palmiano-Salvador vs. Constantino Ange...
2025-12-05 19:22:27,342 - INFO -   ✓ Found at: https://lawphil.net/judjuris/juri2012/sep2012/gr_171219_2012.html
2025-12-05 19:22:27,343 - INFO -   ✓ Saved: RESTRUCTURED_DB/2012/september/171219.json
2025-12-05 19:22:27,843 - INFO - Scraping G.R. No. 157917 (2012): Spouses Teodorico and Nanette Pereña vs. Spouses N...
2025-12-05 19:22:28,443 - INFO -   ✓ Found at: https://lawphil.net/judjuris/juri2012/aug2012/gr_157917_2012.html
2025-12-05 19:22:28,445 - INFO -   ✓ Saved: RESTRUCTURED_DB/2012/august/157917.json
2025-12-05 19:22:28,946 - INFO - Scraping G.R. No. 160444 (2012): Wallem Maritime Services, Inc. vs. Ernesto C. Tana...
2025-12-05 19:22:29,192 - INFO -   ✓ Found at: https://lawphil.net/judjuris/juri2012/aug2012/gr_160444_2012.html
2025-12-05 19:22:29,193 - INFO -   ✓ Saved: RESTRUCTURED_DB/2012/august/160444.json
2025-12-05 19:22:29,694 - INFO - Scraping G.R. No. 163026 (2012): Heirs of Arcadio Castro, Sr. represented by Arcadi...
2025-12-05 19:22:30,616 - INFO -   ✓ Found at: https://lawphil.net/judjuris/juri2012/aug2012/gr_163026_2012.html
2025-12-05 19:22:30,617 - INFO -   ✓ Saved: RESTRUCTURED_DB/2012/august/163026.json
2025-12-05 19:22:31,118 - INFO - Scraping G.R. No. 187734 (2012): People of the Philippines vs. Antonio Osma, Jr. y ...
2025-12-05 19:22:31,361 - INFO -   ✓ Found at: https://lawphil.net/judjuris/juri2012/aug2012/gr_187734_2012.html
2025-12-05 19:22:31,363 - INFO -   ✓ Saved: RESTRUCTURED_DB/2012/august/187734.json
2025-12-05 19:22:31,863 - INFO - Scraping G.R. No. 189998 (2012): Makati Shangri-La Hotel and Resort, Inc. vs. Ellen...
2025-12-05 19:22:32,717 - INFO -   ✓ Found at: https://lawphil.net/judjuris/juri2012/aug2012/gr_189998_2012.html
2025-12-05 19:22:32,720 - INFO -   ✓ Saved: RESTRUCTURED_DB/2012/august/189998.json
2025-12-05 19:22:33,220 - INFO - Scraping G.R. No. 166948 (2012): People of the Philippines vs. Meinrado Enrique A. ...
2025-12-05 19:22:33,461 - INFO -   ✓ Found at: https://lawphil.net/judjuris/juri2012/aug2012/gr_166948_2012.html
2025-12-05 19:22:33,461 - INFO -   ✓ Saved: RESTRUCTURED_DB/2012/august/166948.json
2025-12-05 19:22:33,962 - INFO - Scraping G.R. No. 137582 (2012): Jose I. Medina vs. the Hon. Court of Appeals, et a...
2025-12-05 19:22:34,202 - INFO -   ✓ Found at: https://lawphil.net/judjuris/juri2012/aug2012/gr_137582_2012.html
2025-12-05 19:22:34,203 - INFO -   ✓ Saved: RESTRUCTURED_DB/2012/august/137582.json
2025-12-05 19:22:34,703 - INFO - Scraping G.R. No. 166660 (2012): Dorotea Catayas vs. Hon. Court of Appeals, Special...
2025-12-05 19:22:35,109 - INFO -   ✓ Found at: https://lawphil.net/judjuris/juri2012/aug2012/gr_166660_2012.html
2025-12-05 19:22:35,109 - INFO -   ✓ Saved: RESTRUCTURED_DB/2012/august/166660.json
2025-12-05 19:22:35,610 - INFO - Scraping G.R. No. 195428 (2012): Jomar S. Verdadero vs. Barney Autolines Group of C...
2025-12-05 19:22:36,063 - INFO -   ✓ Found at: https://lawphil.net/judjuris/juri2012/aug2012/gr_195428_2012.html
2025-12-05 19:22:36,065 - INFO -   ✓ Saved: RESTRUCTURED_DB/2012/august/195428.json
2025-12-05 19:22:36,565 - INFO - Scraping G.R. No. 176984 (2012): Metropolitan Bank and Trust Company vs. Servando A...
2025-12-05 19:22:37,035 - INFO -   ✓ Found at: https://lawphil.net/judjuris/juri2012/aug2012/gr_176984_2012.html
2025-12-05 19:22:37,036 - INFO -   ✓ Saved: RESTRUCTURED_DB/2012/august/176984.json
2025-12-05 19:22:37,536 - INFO - Scraping G.R. No. 177907 (2012): Fair Shipping Corp. and/or Kohyu Marine Co, Ltd. v...
2025-12-05 19:22:38,077 - INFO -   ✓ Found at: https://lawphil.net/judjuris/juri2012/aug2012/gr_177907_2012.html
2025-12-05 19:22:38,079 - INFO -   ✓ Saved: RESTRUCTURED_DB/2012/august/177907.json
2025-12-05 19:22:38,579 - INFO - Scraping G.R. No. 168856 (2012): Eastern Telecommunications Philippines, Inc. vs. t...
2025-12-05 19:22:39,068 - INFO -   ✓ Found at: https://lawphil.net/judjuris/juri2012/aug2012/gr_168856_2012.html
2025-12-05 19:22:39,069 - INFO -   ✓ Saved: RESTRUCTURED_DB/2012/august/168856.json
2025-12-05 19:22:39,569 - INFO - Scraping G.R. No. 195243 (2012): People of the Philippines vs. Raul Beriber y Fuent...
2025-12-05 19:22:40,025 - INFO -   ✓ Found at: https://lawphil.net/judjuris/juri2012/aug2012/gr_195243_2012.html
2025-12-05 19:22:40,028 - INFO -   ✓ Saved: RESTRUCTURED_DB/2012/august/195243.json
2025-12-05 19:22:40,528 - INFO - Scraping G.R. No. 159508 (2012): Juan B. Bañez, Jr. vs. Hon. Crisanto C. Concepcion...
2025-12-05 19:22:41,007 - INFO -   ✓ Found at: https://lawphil.net/judjuris/juri2012/aug2012/gr_159508_2012.html
2025-12-05 19:22:41,009 - INFO -   ✓ Saved: RESTRUCTURED_DB/2012/august/159508.json
2025-12-05 19:22:41,509 - INFO - Scraping G.R. No. 173474 (2012): People of the Philippines vs. Reynaldo Belocura y ...
2025-12-05 19:22:42,086 - INFO -   ✓ Found at: https://lawphil.net/judjuris/juri2012/aug2012/gr_173474_2012.html
2025-12-05 19:22:42,088 - INFO -   ✓ Saved: RESTRUCTURED_DB/2012/august/173474.json
2025-12-05 19:22:42,588 - INFO - Scraping G.R. No. 180614 (2012): Leonardo Notarte, et al. vs. Godofredo Notarte...
2025-12-05 19:22:43,041 - INFO -   ✓ Found at: https://lawphil.net/judjuris/juri2012/aug2012/gr_180614_2012.html
2025-12-05 19:22:43,044 - INFO -   ✓ Saved: RESTRUCTURED_DB/2012/august/180614.json
2025-12-05 19:22:43,544 - INFO - Scraping G.R. No. 187451 (2012): Jesus Virtucio represented by Abdon Virtucio vs. J...
2025-12-05 19:22:43,789 - INFO -   ✓ Found at: https://lawphil.net/judjuris/juri2012/aug2012/gr_187451_2012.html
2025-12-05 19:22:43,791 - INFO -   ✓ Saved: RESTRUCTURED_DB/2012/august/187451.json
2025-12-05 19:22:44,291 - INFO - Scraping G.R. No. 171182 (2012): University of the Philippines, et al. vs. Hon. Agu...
2025-12-05 19:22:45,066 - INFO -   ✓ Found at: https://lawphil.net/judjuris/juri2012/aug2012/gr_171182_2012.html
2025-12-05 19:22:45,069 - INFO -   ✓ Saved: RESTRUCTURED_DB/2012/august/171182.json
2025-12-05 19:22:45,569 - INFO - Scraping G.R. No. 169254 (2012): De la Salle University vs. De la Salle University ...
2025-12-05 19:22:45,902 - INFO -   ✓ Found at: https://lawphil.net/judjuris/juri2012/aug2012/gr_169254_2012.html
2025-12-05 19:22:45,904 - INFO -   ✓ Saved: RESTRUCTURED_DB/2012/august/169254.json
2025-12-05 19:22:46,404 - INFO - Scraping G.R. No. 154213 (2012): Eastern Mediterranean Maritime Ltd., et al. vs. Es...
2025-12-05 19:22:46,864 - INFO -   ✓ Found at: https://lawphil.net/judjuris/juri2012/aug2012/gr_154213_2012.html
2025-12-05 19:22:46,865 - INFO -   ✓ Saved: RESTRUCTURED_DB/2012/august/154213.json
2025-12-05 19:22:47,366 - INFO - Scraping G.R. No. 173268 (2012): Ernesto A. Fajardo vs. Office of the Ombudsman, et...
2025-12-05 19:22:47,829 - INFO -   ✓ Found at: https://lawphil.net/judjuris/juri2012/aug2012/gr_173268_2012.html
2025-12-05 19:22:47,830 - INFO -   ✓ Saved: RESTRUCTURED_DB/2012/august/173268.json
2025-12-05 19:22:48,331 - INFO - Scraping G.R. No. 177137 (2012): People of the Philippines vs. Pedro G. Banig...
2025-12-05 19:22:48,657 - INFO -   ✓ Found at: https://lawphil.net/judjuris/juri2012/aug2012/gr_177137_2012.html
2025-12-05 19:22:48,658 - INFO -   ✓ Saved: RESTRUCTURED_DB/2012/august/177137.json
2025-12-05 19:22:49,159 - INFO - Scraping G.R. No. 190907 (2012): Veterans Philippine Scout Security Agency, Inc. vs...
2025-12-05 19:22:49,631 - INFO -   ✓ Found at: https://lawphil.net/judjuris/juri2012/aug2012/gr_190907_2012.html
2025-12-05 19:22:49,632 - INFO -   ✓ Saved: RESTRUCTURED_DB/2012/august/190907.json
2025-12-05 19:22:50,132 - INFO - Scraping G.R. No. 175678 (2012): Bank of the Philippine Islands vs. Bank of the Phi...
2025-12-05 19:22:50,401 - INFO -   ✓ Found at: https://lawphil.net/judjuris/juri2012/aug2012/gr_175678_2012.html
2025-12-05 19:22:50,402 - INFO -   ✓ Saved: RESTRUCTURED_DB/2012/august/175678.json
2025-12-05 19:22:50,902 - INFO - Scraping G.R. No. 158461 (2012): Dr. Eduardo Aquino vs. Heirs of Raymunda Calayag...
2025-12-05 19:22:51,398 - INFO -   ✓ Found at: https://lawphil.net/judjuris/juri2012/aug2012/gr_158461_2012.html
2025-12-05 19:22:51,399 - INFO -   ✓ Saved: RESTRUCTURED_DB/2012/august/158461.json
2025-12-05 19:22:51,899 - INFO - Scraping G.R. No. 188854 (2012): People of the Philippines vs. Reynante Salino y Ma...
2025-12-05 19:22:52,308 - INFO -   ✓ Found at: https://lawphil.net/judjuris/juri2012/aug2012/gr_188854_2012.html
2025-12-05 19:22:52,309 - INFO -   ✓ Saved: RESTRUCTURED_DB/2012/august/188854.json
2025-12-05 19:22:52,809 - INFO - Scraping G.R. No. 164258 (2012): Estrella Taglay vs. Judge Marivic Trabajo Daray an...
2025-12-05 19:22:53,052 - INFO -   ✓ Found at: https://lawphil.net/judjuris/juri2012/aug2012/gr_164258_2012.html
2025-12-05 19:22:53,052 - INFO -   ✓ Saved: RESTRUCTURED_DB/2012/august/164258.json
2025-12-05 19:22:53,553 - INFO - Scraping G.R. No. 177903 (2012): Heirs of Patricio Asuncion vs. Emiliano De Guzman ...
2025-12-05 19:22:54,045 - INFO -   ✓ Found at: https://lawphil.net/judjuris/juri2012/aug2012/gr_177903_2012.html
2025-12-05 19:22:54,047 - INFO -   ✓ Saved: RESTRUCTURED_DB/2012/august/177903.json
2025-12-05 19:22:54,547 - INFO - Scraping G.R. No. 191792 (2012): Angelito Castro, et al. vs. Philippine Long Distan...
2025-12-05 19:22:55,143 - INFO -   ✓ Found at: https://lawphil.net/judjuris/juri2012/aug2012/gr_191792_2012.html
2025-12-05 19:22:55,144 - INFO -   ✓ Saved: RESTRUCTURED_DB/2012/august/191792.json
2025-12-05 19:22:55,644 - INFO - Scraping G.R. No. 174646 (2012): (Stanfilco) Philippines, Inc vs. Dole Reynaldo B. ...
2025-12-05 19:22:55,891 - INFO -   ✓ Found at: https://lawphil.net/judjuris/juri2012/aug2012/gr_174646_2012.html
2025-12-05 19:22:55,893 - INFO -   ✓ Saved: RESTRUCTURED_DB/2012/august/174646.json
2025-12-05 19:22:56,393 - INFO - Scraping G.R. No. 163286 (2012): Mindanao Terminal and Brokerage Service, Inc. vs. ...
2025-12-05 19:22:56,645 - INFO -   ✓ Found at: https://lawphil.net/judjuris/juri2012/aug2012/gr_163286_2012.html
2025-12-05 19:22:56,646 - INFO -   ✓ Saved: RESTRUCTURED_DB/2012/august/163286.json
2025-12-05 19:22:57,146 - INFO - Scraping G.R. No. 192908 (2012): Republic of the Philippines, represented by the De...
2025-12-05 19:22:57,390 - INFO -   ✓ Found at: https://lawphil.net/judjuris/juri2012/aug2012/gr_192908_2012.html
2025-12-05 19:22:57,391 - INFO -   ✓ Saved: RESTRUCTURED_DB/2012/august/192908.json
2025-12-05 19:22:57,891 - INFO - Scraping G.R. No. 191192 (2012): People of the Philippines vs. Edgar Balquedra...
2025-12-05 19:22:58,130 - INFO -   ✓ Found at: https://lawphil.net/judjuris/juri2012/aug2012/gr_191192_2012.html
2025-12-05 19:22:58,131 - INFO -   ✓ Saved: RESTRUCTURED_DB/2012/august/191192.json
2025-12-05 19:22:58,632 - INFO - Scraping G.R. No. 186993 (2012): Theodore and Nancy Ang, represented by Eldrige Mar...
2025-12-05 19:22:58,878 - INFO -   ✓ Found at: https://lawphil.net/judjuris/juri2012/aug2012/gr_186993_2012.html
2025-12-05 19:22:58,879 - INFO -   ✓ Saved: RESTRUCTURED_DB/2012/august/186993.json
2025-12-05 19:22:59,379 - INFO - Scraping G.R. No. 179677 (2012): Romeo M. Montallana vs. Office of the Ombudsman an...
2025-12-05 19:22:59,845 - INFO -   ✓ Found at: https://lawphil.net/judjuris/juri2012/aug2012/gr_179677_2012.html
2025-12-05 19:22:59,847 - INFO -   ✓ Saved: RESTRUCTURED_DB/2012/august/179677.json
2025-12-05 19:23:00,347 - INFO - Scraping G.R. No. 196883 (2012): Global Resource for Outsourced Workers (Grow), Inc...
2025-12-05 19:23:00,800 - INFO -   ✓ Found at: https://lawphil.net/judjuris/juri2012/aug2012/gr_196883_2012.html
2025-12-05 19:23:00,802 - INFO -   ✓ Saved: RESTRUCTURED_DB/2012/august/196883.json
2025-12-05 19:23:01,302 - INFO - Scraping G.R. No. 178288 (2012): Sps. Charlie Fortaleza and Ofelia Fortaleza vs. Sp...
2025-12-05 19:23:01,938 - INFO -   ✓ Found at: https://lawphil.net/judjuris/juri2012/aug2012/gr_178288_2012.html
2025-12-05 19:23:01,939 - INFO -   ✓ Saved: RESTRUCTURED_DB/2012/august/178288.json
2025-12-05 19:23:02,439 - INFO - Scraping G.R. No. 163859 (2012): Dr. Fernando A. Melendres M.D., Executive Director...
2025-12-05 19:23:02,960 - INFO -   ✓ Found at: https://lawphil.net/judjuris/juri2012/aug2012/gr_163859_2012.html
2025-12-05 19:23:02,962 - INFO -   ✓ Saved: RESTRUCTURED_DB/2012/august/163859.json
2025-12-05 19:23:03,462 - INFO - Scraping G.R. No. 171132 (2012): Manuel D. Yngson, Jr., (in his capacity as the Liq...
2025-12-05 19:23:03,916 - INFO -   ✓ Found at: https://lawphil.net/judjuris/juri2012/aug2012/gr_171132_2012.html
2025-12-05 19:23:03,917 - INFO -   ✓ Saved: RESTRUCTURED_DB/2012/august/171132.json
2025-12-05 19:23:04,417 - INFO - Scraping G.R. No. 165166 (2012): Charles Gotardo vs. Divina Buling...
2025-12-05 19:23:04,736 - INFO -   ✓ Found at: https://lawphil.net/judjuris/juri2012/aug2012/gr_165166_2012.html
2025-12-05 19:23:04,737 - INFO -   ✓ Saved: RESTRUCTURED_DB/2012/august/165166.json
2025-12-05 19:23:05,237 - INFO - Scraping G.R. No. 194721 (2012): People of the Philippines vs. John Brian Amarillo ...
2025-12-05 19:23:05,703 - INFO -   ✓ Found at: https://lawphil.net/judjuris/juri2012/aug2012/gr_194721_2012.html
2025-12-05 19:23:05,705 - INFO -   ✓ Saved: RESTRUCTURED_DB/2012/august/194721.json
2025-12-05 19:23:06,205 - INFO - Scraping G.R. No. 155830 (2012): Numeriano P. Abobon vs. Felicitas Abata Abobon, et...
2025-12-05 19:23:06,451 - INFO -   ✓ Found at: https://lawphil.net/judjuris/juri2012/aug2012/gr_155830_2012.html
2025-12-05 19:23:06,452 - INFO -   ✓ Saved: RESTRUCTURED_DB/2012/august/155830.json
2025-12-05 19:23:06,953 - INFO - Scraping G.R. No. 181180 (2012): Philasia Shipping Agency Corporation, et al. vs. A...
2025-12-05 19:23:07,418 - INFO -   ✓ Found at: https://lawphil.net/judjuris/juri2012/aug2012/gr_181180_2012.html
2025-12-05 19:23:07,420 - INFO -   ✓ Saved: RESTRUCTURED_DB/2012/august/181180.json
2025-12-05 19:23:07,921 - INFO - Scraping G.R. No. 191532 (2012): Margarita Ambre Y Cayuni vs. People of the Philipp...
2025-12-05 19:23:08,373 - INFO -   ✓ Found at: https://lawphil.net/judjuris/juri2012/aug2012/gr_191532_2012.html
2025-12-05 19:23:08,374 - INFO -   ✓ Saved: RESTRUCTURED_DB/2012/august/191532.json
2025-12-05 19:23:08,875 - INFO - Scraping G.R. No. 175301 (2012): Edito Gulfo and Emmanuela Gulfo vs. Jose P. Anchet...
2025-12-05 19:23:09,393 - INFO -   ✓ Found at: https://lawphil.net/judjuris/juri2012/aug2012/gr_175301_2012.html
2025-12-05 19:23:09,395 - INFO -   ✓ Saved: RESTRUCTURED_DB/2012/august/175301.json
2025-12-05 19:23:09,895 - INFO - Scraping G.R. No. 190071 (2012): Union Bank of the Philippines vs. Maunlad Homes, I...
2025-12-05 19:23:10,137 - INFO -   ✓ Found at: https://lawphil.net/judjuris/juri2012/aug2012/gr_190071_2012.html
2025-12-05 19:23:10,139 - INFO -   ✓ Saved: RESTRUCTURED_DB/2012/august/190071.json
2025-12-05 19:23:10,639 - INFO - Scraping G.R. No. 200134 (2012): Roberto Otero vs. Roger Tan...
2025-12-05 19:23:11,103 - INFO -   ✓ Found at: https://lawphil.net/judjuris/juri2012/aug2012/gr_200134_2012.html
2025-12-05 19:23:11,108 - INFO -   ✓ Saved: RESTRUCTURED_DB/2012/august/200134.json
2025-12-05 19:23:11,608 - INFO - Scraping G.R. No. 195097 (2012): Republic of the Philippines vs. Marlon Medida...
2025-12-05 19:23:11,858 - INFO -   ✓ Found at: https://lawphil.net/judjuris/juri2012/aug2012/gr_195097_2012.html
2025-12-05 19:23:11,859 - INFO -   ✓ Saved: RESTRUCTURED_DB/2012/august/195097.json
2025-12-05 19:23:12,359 - INFO - Scraping G.R. No. 199877 (2012): People of the Philippines vs. Arturo Lara y Orbist...
2025-12-05 19:23:13,097 - INFO -   ✓ Found at: https://lawphil.net/judjuris/juri2012/aug2012/gr_199877_2012.html
2025-12-05 19:23:13,099 - INFO -   ✓ Saved: RESTRUCTURED_DB/2012/august/199877.json
2025-12-05 19:23:13,599 - INFO - Scraping G.R. No. 182435 (2012): Lilia B. Luz, et al. vs. Florante Baylon...
2025-12-05 19:23:14,347 - INFO -   ✓ Found at: https://lawphil.net/judjuris/juri2012/aug2012/gr_182435_2012.html
2025-12-05 19:23:14,349 - INFO -   ✓ Saved: RESTRUCTURED_DB/2012/august/182435.json
2025-12-05 19:23:14,849 - INFO - 
Batch 3 complete:
2025-12-05 19:23:14,849 - INFO -   Successful: 99
2025-12-05 19:23:14,849 - INFO -   Failed: 1
2025-12-05 19:23:14,849 - INFO -   Skipped: 0
2025-12-05 19:23:14,850 - INFO - 
Overall progress: 300/802 cases
2025-12-05 19:23:14,850 - INFO - 
================================================================================
2025-12-05 19:23:14,850 - INFO - BATCH 4/9 (100 cases)
2025-12-05 19:23:14,850 - INFO - ================================================================================
2025-12-05 19:23:14,850 - INFO - Scraping G.R. No. 189529 (2012): Government Service Insurance System (GSIS) and Win...
2025-12-05 19:23:15,308 - INFO -   ✓ Found at: https://lawphil.net/judjuris/juri2012/aug2012/gr_189529_2012.html
2025-12-05 19:23:15,309 - INFO -   ✓ Saved: RESTRUCTURED_DB/2012/august/189529.json
2025-12-05 19:23:15,809 - INFO - Scraping G.R. No. 198742 (2012): Teodora Sobejana-Condon vs. Commission on Election...
2025-12-05 19:23:16,488 - INFO -   ✓ Found at: https://lawphil.net/judjuris/juri2012/aug2012/gr_198742_2012.html
2025-12-05 19:23:16,490 - INFO -   ✓ Saved: RESTRUCTURED_DB/2012/august/198742.json
2025-12-05 19:23:16,990 - INFO - Scraping G.R. No. 184746 (2012): Spouses Crispin Galang and Caridad Galang vs. Spou...
2025-12-05 19:23:17,268 - INFO -   ✓ Found at: https://lawphil.net/judjuris/juri2012/aug2012/gr_184746_2012.html
2025-12-05 19:23:17,270 - INFO -   ✓ Saved: RESTRUCTURED_DB/2012/august/184746.json
2025-12-05 19:23:17,770 - INFO - Scraping G.R. No. 195307 (2012): People of the Philippines vs. Alsher Bermejo Lumpa...
2025-12-05 19:23:18,249 - INFO -   ✓ Found at: https://lawphil.net/judjuris/juri2012/aug2012/gr_195307_2012.html
2025-12-05 19:23:18,252 - INFO -   ✓ Saved: RESTRUCTURED_DB/2012/august/195307.json
2025-12-05 19:23:18,752 - INFO - Scraping G.R. No. 174431 (2012): The Heirs of Jolly R. Bugarin namely Ma. Aileen H....
2025-12-05 19:23:19,426 - INFO -   ✓ Found at: https://lawphil.net/judjuris/juri2012/aug2012/gr_174431_2012.html
2025-12-05 19:23:19,428 - INFO -   ✓ Saved: RESTRUCTURED_DB/2012/august/174431.json
2025-12-05 19:23:19,928 - INFO - Scraping G.R. No. 191606 (2012): Damaso R. Casomo vs. Career Philippines Shipmanage...
2025-12-05 19:23:20,568 - INFO -   ✓ Found at: https://lawphil.net/judjuris/juri2012/aug2012/gr_191606_2012.html
2025-12-05 19:23:20,571 - INFO -   ✓ Saved: RESTRUCTURED_DB/2012/august/191606.json
2025-12-05 19:23:21,071 - INFO - Scraping G.R. No. 172008 (2012): Heirs of Rogelio Isip, Sr., et al. vs. Rodolfo Qui...
2025-12-05 19:23:21,323 - INFO -   ✓ Found at: https://lawphil.net/judjuris/juri2012/aug2012/gr_172008_2012.html
2025-12-05 19:23:21,324 - INFO -   ✓ Saved: RESTRUCTURED_DB/2012/august/172008.json
2025-12-05 19:23:21,824 - INFO - Scraping G.R. No. 175969 (2012): Jarl Construction and Armando K. Tejada vs. Simeon...
2025-12-05 19:23:22,239 - INFO -   ✓ Found at: https://lawphil.net/judjuris/juri2012/aug2012/gr_175969_2012.html
2025-12-05 19:23:22,240 - INFO -   ✓ Saved: RESTRUCTURED_DB/2012/august/175969.json
2025-12-05 19:23:22,741 - INFO - Scraping G.R. No. 186169 (2012): Mylene Carvajal vs. Luzon Development Bank and/or ...
2025-12-05 19:23:23,200 - INFO -   ✓ Found at: https://lawphil.net/judjuris/juri2012/aug2012/gr_186169_2012.html
2025-12-05 19:23:23,201 - INFO -   ✓ Saved: RESTRUCTURED_DB/2012/august/186169.json
2025-12-05 19:23:23,701 - INFO - Scraping G.R. No. 171076 (2012): Goldloop Properties, Inc. vs. Government Service I...
2025-12-05 19:23:24,417 - INFO -   ✓ Found at: https://lawphil.net/judjuris/juri2012/aug2012/gr_171076_2012.html
2025-12-05 19:23:24,420 - INFO -   ✓ Saved: RESTRUCTURED_DB/2012/august/171076.json
2025-12-05 19:23:24,920 - INFO - Scraping G.R. No. 190144 (2012): Bank of the Philippine islands vs. Carlito Lee...
2025-12-05 19:23:25,166 - INFO -   ✓ Found at: https://lawphil.net/judjuris/juri2012/aug2012/gr_190144_2012.html
2025-12-05 19:23:25,167 - INFO -   ✓ Saved: RESTRUCTURED_DB/2012/august/190144.json
2025-12-05 19:23:25,668 - INFO - Scraping G.R. No. 187713 (2012): Radio Philippine Network, Inc., et al. vs. Ruth F....
2025-12-05 19:23:25,907 - INFO -   ✓ Found at: https://lawphil.net/judjuris/juri2012/aug2012/gr_187713_2012.html
2025-12-05 19:23:25,909 - INFO -   ✓ Saved: RESTRUCTURED_DB/2012/august/187713.json
2025-12-05 19:23:26,410 - INFO - Scraping G.R. No. 189041 (2012): Civil Service Commission vs. Dr. Agnes Quida P. Yu...
2025-12-05 19:23:26,776 - INFO -   ✓ Found at: https://lawphil.net/judjuris/juri2012/jul2012/gr_189041_2012.html
2025-12-05 19:23:26,778 - INFO -   ✓ Saved: RESTRUCTURED_DB/2012/july/189041.json
2025-12-05 19:23:27,278 - INFO - Scraping G.R. No. 196990 (2012): Arturo Dela Cruz, Sr. vs. Martin and Flora Fankhau...
2025-12-05 19:23:27,542 - INFO -   ✓ Found at: https://lawphil.net/judjuris/juri2012/jul2012/gr_196990_2012.html
2025-12-05 19:23:27,543 - INFO -   ✓ Saved: RESTRUCTURED_DB/2012/july/196990.json
2025-12-05 19:23:28,043 - INFO - Scraping G.R. No. 179265 (2012): People of the Philippines vs. Cristina Gustafsson...
2025-12-05 19:23:28,325 - INFO -   ✓ Found at: https://lawphil.net/judjuris/juri2012/jul2012/gr_179265_2012.html
2025-12-05 19:23:28,327 - INFO -   ✓ Saved: RESTRUCTURED_DB/2012/july/179265.json
2025-12-05 19:23:28,827 - INFO - Scraping G.R. No. 194945 (2012): People of the Philippines vs. Alex Watamama y Esil...
2025-12-05 19:23:29,079 - INFO -   ✓ Found at: https://lawphil.net/judjuris/juri2012/jul2012/gr_194945_2012.html
2025-12-05 19:23:29,080 - INFO -   ✓ Saved: RESTRUCTURED_DB/2012/july/194945.json
2025-12-05 19:23:29,580 - INFO - Scraping G.R. No. 198554 (2012): Major General Carlos F. Garcia, AFP (Ret.) vs. the...
2025-12-05 19:23:29,833 - INFO -   ✓ Found at: https://lawphil.net/judjuris/juri2012/jul2012/gr_198554_2012.html
2025-12-05 19:23:29,836 - INFO -   ✓ Saved: RESTRUCTURED_DB/2012/july/198554.json
2025-12-05 19:23:30,336 - INFO - Scraping G.R. No. 192591 (2012): Efren L. Alvarez vs. People of the Philippines...
2025-12-05 19:23:30,789 - INFO -   ✓ Found at: https://lawphil.net/judjuris/juri2012/jul2012/gr_192591_2012.html
2025-12-05 19:23:30,793 - INFO -   ✓ Saved: RESTRUCTURED_DB/2012/july/192591.json
2025-12-05 19:23:31,293 - INFO - Scraping G.R. No. 181491 (2012): People of the Philippines vs. Henry Arcillas...
2025-12-05 19:23:31,546 - INFO -   ✓ Found at: https://lawphil.net/judjuris/juri2012/jul2012/gr_181491_2012.html
2025-12-05 19:23:31,548 - INFO -   ✓ Saved: RESTRUCTURED_DB/2012/july/181491.json
2025-12-05 19:23:32,048 - INFO - Scraping G.R. No. 188612 (2012): People of the Philippines vs. Diosdado Camat and M...
2025-12-05 19:23:32,343 - INFO -   ✓ Found at: https://lawphil.net/judjuris/juri2012/jul2012/gr_188612_2012.html
2025-12-05 19:23:32,345 - INFO -   ✓ Saved: RESTRUCTURED_DB/2012/july/188612.json
2025-12-05 19:23:32,845 - INFO - Scraping G.R. No. 176251 (2012): Alfonso Lagaya y Tamondong vs. People of the Phili...
2025-12-05 19:23:33,312 - INFO -   ✓ Found at: https://lawphil.net/judjuris/juri2012/jul2012/gr_176251_2012.html
2025-12-05 19:23:33,314 - INFO -   ✓ Saved: RESTRUCTURED_DB/2012/july/176251.json
2025-12-05 19:23:33,814 - INFO - Scraping G.R. No. 185460 (2012): Edwin Fajardo and Reynaldo Coralde vs. People of t...
2025-12-05 19:23:34,261 - INFO -   ✓ Found at: https://lawphil.net/judjuris/juri2012/jul2012/gr_185460_2012.html
2025-12-05 19:23:34,263 - INFO -   ✓ Saved: RESTRUCTURED_DB/2012/july/185460.json
2025-12-05 19:23:34,763 - INFO - Scraping G.R. No. 132073 (2012): Remman Enterprises, Inc. vs. Hon. Ernesto D. Garil...
2025-12-05 19:23:35,012 - INFO -   ✓ Found at: https://lawphil.net/judjuris/juri2012/jul2012/gr_132073_2012.html
2025-12-05 19:23:35,014 - INFO -   ✓ Saved: RESTRUCTURED_DB/2012/july/132073.json
2025-12-05 19:23:35,514 - INFO - Scraping G.R. No. 168771 (2012): Roberto Dipad and Sandra Dipad vs. Sps. Rolando Ol...
2025-12-05 19:23:35,941 - INFO -   ✓ Found at: https://lawphil.net/judjuris/juri2012/jul2012/gr_168771_2012.html
2025-12-05 19:23:35,942 - INFO -   ✓ Saved: RESTRUCTURED_DB/2012/july/168771.json
2025-12-05 19:23:36,442 - INFO - Scraping G.R. No. 180036 (2012): Situs Development Corporation, et al. vs. Asiatrus...
2025-12-05 19:23:37,113 - INFO -   ✓ Found at: https://lawphil.net/judjuris/juri2012/jul2012/gr_180036_2012.html
2025-12-05 19:23:37,115 - INFO -   ✓ Saved: RESTRUCTURED_DB/2012/july/180036.json
2025-12-05 19:23:37,615 - INFO - Scraping G.R. No. 192377 (2012): Cesar V. Madriaga, Jr. vs. China Banking Corporati...
2025-12-05 19:23:38,076 - INFO -   ✓ Found at: https://lawphil.net/judjuris/juri2012/jul2012/gr_192377_2012.html
2025-12-05 19:23:38,077 - INFO -   ✓ Saved: RESTRUCTURED_DB/2012/july/192377.json
2025-12-05 19:23:38,577 - INFO - Scraping G.R. No. 198589 (2012): People of the Philippines vs. the Honorable Court ...
2025-12-05 19:23:38,942 - INFO -   ✓ Found at: https://lawphil.net/judjuris/juri2012/jul2012/gr_198589_2012.html
2025-12-05 19:23:38,943 - INFO -   ✓ Saved: RESTRUCTURED_DB/2012/july/198589.json
2025-12-05 19:23:39,443 - INFO - Scraping G.R. No. 183987 (2012): Asiatrust Development Bank vs. Carmelo H. Tuble...
2025-12-05 19:23:40,313 - INFO -   ✓ Found at: https://lawphil.net/judjuris/juri2012/jul2012/gr_183987_2012.html
2025-12-05 19:23:40,315 - INFO -   ✓ Saved: RESTRUCTURED_DB/2012/july/183987.json
2025-12-05 19:23:40,815 - INFO - Scraping G.R. No. 193636 (2012): Marynette R. Gamboa vs. P/Ssupt. Marlou C. Chan, e...
2025-12-05 19:23:41,187 - INFO -   ✓ Found at: https://lawphil.net/judjuris/juri2012/jul2012/gr_193636_2012.html
2025-12-05 19:23:41,189 - INFO -   ✓ Saved: RESTRUCTURED_DB/2012/july/193636.json
2025-12-05 19:23:41,689 - INFO - Scraping G.R. No. 196425 (2012): Prospero A. Pichay, Jr. vs. Office of the Deputy E...
2025-12-05 19:23:42,290 - INFO -   ✓ Found at: https://lawphil.net/judjuris/juri2012/jul2012/gr_196425_2012.html
2025-12-05 19:23:42,292 - INFO -   ✓ Saved: RESTRUCTURED_DB/2012/july/196425.json
2025-12-05 19:23:42,792 - INFO - Scraping G.R. No. 192999 (2012): Diamond Farms, Inc. vs. Diamond Farm Workers Multi...
2025-12-05 19:23:43,477 - INFO -   ✓ Found at: https://lawphil.net/judjuris/juri2012/jul2012/gr_192999_2012.html
2025-12-05 19:23:43,480 - INFO -   ✓ Saved: RESTRUCTURED_DB/2012/july/192999.json
2025-12-05 19:23:43,980 - INFO - Scraping G.R. No. 176570 (2012): Spouses Ramon Villuga and Mercedita Villuga vs. Ke...
2025-12-05 19:23:44,304 - INFO -   ✓ Found at: https://lawphil.net/judjuris/juri2012/jul2012/gr_176570_2012.html
2025-12-05 19:23:44,305 - INFO -   ✓ Saved: RESTRUCTURED_DB/2012/july/176570.json
2025-12-05 19:23:44,806 - INFO - Scraping G.R. No. 200922 (2012): People of the Philippines vs. Cesar Concepcion y B...
2025-12-05 19:23:45,054 - INFO -   ✓ Found at: https://lawphil.net/judjuris/juri2012/jul2012/gr_200922_2012.html
2025-12-05 19:23:45,055 - INFO -   ✓ Saved: RESTRUCTURED_DB/2012/july/200922.json
2025-12-05 19:23:45,555 - INFO - Scraping G.R. No. 172829 (2012): Rosa H. Fenequito, Corazon E. Hernandez and Lauro ...
2025-12-05 19:23:45,800 - INFO -   ✓ Found at: https://lawphil.net/judjuris/juri2012/jul2012/gr_172829_2012.html
2025-12-05 19:23:45,801 - INFO -   ✓ Saved: RESTRUCTURED_DB/2012/july/172829.json
2025-12-05 19:23:46,301 - INFO - Scraping G.R. No. 187425 (2012): Commissioner of Customs vs. Agfha Incorporated...
2025-12-05 19:23:46,546 - INFO -   ✓ Found at: https://lawphil.net/judjuris/juri2012/jul2012/gr_187425_2012.html
2025-12-05 19:23:46,546 - INFO -   ✓ Saved: RESTRUCTURED_DB/2012/july/187425.json
2025-12-05 19:23:47,047 - INFO - Scraping G.R. No. 190810 (2012): Lorenza C. Ongco vs. Valeriana Ungco Dalisay...
2025-12-05 19:23:47,299 - INFO -   ✓ Found at: https://lawphil.net/judjuris/juri2012/jul2012/gr_190810_2012.html
2025-12-05 19:23:47,300 - INFO -   ✓ Saved: RESTRUCTURED_DB/2012/july/190810.json
2025-12-05 19:23:47,800 - INFO - Scraping G.R. No. 153511 (2012): Legend Hotel [Manila], owned by Titatium Corporati...
2025-12-05 19:23:48,267 - INFO -   ✓ Found at: https://lawphil.net/judjuris/juri2012/jul2012/gr_153511_2012.html
2025-12-05 19:23:48,268 - INFO -   ✓ Saved: RESTRUCTURED_DB/2012/july/153511.json
2025-12-05 19:23:48,768 - INFO - Scraping G.R. No. 159746 (2012): Spouses Ramon Mendiola and Araceli vs. Pilipinas S...
2025-12-05 19:23:49,009 - INFO -   ✓ Found at: https://lawphil.net/judjuris/juri2012/jul2012/gr_159746_2012.html
2025-12-05 19:23:49,011 - INFO -   ✓ Saved: RESTRUCTURED_DB/2012/july/159746.json
2025-12-05 19:23:49,511 - INFO - Scraping G.R. No. 181250 (2012): People of the Philippines vs. Emmalyn Dela Cerna y...
2025-12-05 19:23:49,756 - INFO -   ✓ Found at: https://lawphil.net/judjuris/juri2012/jul2012/gr_181250_2012.html
2025-12-05 19:23:49,757 - INFO -   ✓ Saved: RESTRUCTURED_DB/2012/july/181250.json
2025-12-05 19:23:50,258 - INFO - Scraping G.R. No. 191109 (2012): Republic of the Philippines, represented by the Ph...
2025-12-05 19:23:50,606 - INFO -   ✓ Found at: https://lawphil.net/judjuris/juri2012/jul2012/gr_191109_2012.html
2025-12-05 19:23:50,608 - INFO -   ✓ Saved: RESTRUCTURED_DB/2012/july/191109.json
2025-12-05 19:23:51,108 - INFO - Scraping G.R. No. 180027 (2012): Republic of the Philippines vs. Michael C. Santos,...
2025-12-05 19:23:51,574 - INFO -   ✓ Found at: https://lawphil.net/judjuris/juri2012/jul2012/gr_180027_2012.html
2025-12-05 19:23:51,576 - INFO -   ✓ Saved: RESTRUCTURED_DB/2012/july/180027.json
2025-12-05 19:23:52,076 - INFO - Scraping G.R. No. 183573 (2012): Dizon Copper Silver Mines, Inc. vs. Dr. Luis D. Di...
2025-12-05 19:23:52,543 - INFO -   ✓ Found at: https://lawphil.net/judjuris/juri2012/jul2012/gr_183573_2012.html
2025-12-05 19:23:52,548 - INFO -   ✓ Saved: RESTRUCTURED_DB/2012/july/183573.json
2025-12-05 19:23:53,048 - INFO - Scraping G.R. No. 185527 (2012): Harry L. Go, Tonny Ngo Jerry Ngo and Jane Go vs. t...
2025-12-05 19:23:53,295 - INFO -   ✓ Found at: https://lawphil.net/judjuris/juri2012/jul2012/gr_185527_2012.html
2025-12-05 19:23:53,296 - INFO -   ✓ Saved: RESTRUCTURED_DB/2012/july/185527.json
2025-12-05 19:23:53,797 - INFO - Scraping G.R. No. 193679 (2012): C.F. Sharp Crew Management, Inc., et al. vs. Joel ...
2025-12-05 19:23:54,044 - INFO -   ✓ Found at: https://lawphil.net/judjuris/juri2012/jul2012/gr_193679_2012.html
2025-12-05 19:23:54,046 - INFO -   ✓ Saved: RESTRUCTURED_DB/2012/july/193679.json
2025-12-05 19:23:54,546 - INFO - Scraping G.R. No. 175552 (2012): Spouses Rolando D. Soller and Nenita T. Soller vs....
2025-12-05 19:23:55,138 - INFO -   ✓ Found at: https://lawphil.net/judjuris/juri2012/jul2012/gr_175552_2012.html
2025-12-05 19:23:55,139 - INFO -   ✓ Saved: RESTRUCTURED_DB/2012/july/175552.json
2025-12-05 19:23:55,639 - INFO - Scraping G.R. No. 171514 (2012): Republic of the Philippines vs. Domingo Espinosa...
2025-12-05 19:23:56,711 - INFO -   ✓ Found at: https://lawphil.net/judjuris/juri2012/jul2012/gr_171514_2012.html
2025-12-05 19:23:56,713 - INFO -   ✓ Saved: RESTRUCTURED_DB/2012/july/171514.json
2025-12-05 19:23:57,213 - INFO - Scraping G.R. No. 192450 (2012): Santiago V. Soquillo vs. Jorge P. Tortola...
2025-12-05 19:23:57,531 - INFO -   ✓ Found at: https://lawphil.net/judjuris/juri2012/jul2012/gr_192450_2012.html
2025-12-05 19:23:57,532 - INFO -   ✓ Saved: RESTRUCTURED_DB/2012/july/192450.json
2025-12-05 19:23:58,032 - INFO - Scraping G.R. No. 198860 (2012): Abraham Rimando vs. Naguilan Emission Testing Cent...
2025-12-05 19:23:58,497 - INFO -   ✓ Found at: https://lawphil.net/judjuris/juri2012/jul2012/gr_198860_2012.html
2025-12-05 19:23:58,498 - INFO -   ✓ Saved: RESTRUCTURED_DB/2012/july/198860.json
2025-12-05 19:23:58,998 - INFO - Scraping G.R. No. 202242 (2012): Francisco I. Chavez vs. Judicial and Bar Council, ...
2025-12-05 19:23:59,668 - INFO -   ✓ Found at: https://lawphil.net/judjuris/juri2012/jul2012/gr_202242_2012.html
2025-12-05 19:23:59,671 - INFO -   ✓ Saved: RESTRUCTURED_DB/2012/july/202242.json
2025-12-05 19:24:00,171 - INFO - Scraping G.R. No. 200242 (2012): Chief Justice Renato C. Corona vs. Senate of the P...
2025-12-05 19:24:00,470 - INFO -   ✓ Found at: https://lawphil.net/judjuris/juri2012/jul2012/gr_200242_2012.html
2025-12-05 19:24:00,472 - INFO -   ✓ Saved: RESTRUCTURED_DB/2012/july/200242.json
2025-12-05 19:24:00,972 - INFO - Scraping G.R. No. 195770 (2012): Aquilino Q. Pimentel, Jr., Sergio Tadeo and Nelson...
2025-12-05 19:24:01,393 - INFO -   ✓ Found at: https://lawphil.net/judjuris/juri2012/jul2012/gr_195770_2012.html
2025-12-05 19:24:01,394 - INFO -   ✓ Saved: RESTRUCTURED_DB/2012/july/195770.json
2025-12-05 19:24:01,895 - INFO - Scraping G.R. No. 178477 (2012): Heirs of Ramon B. Gayares, represented by Emelinda...
2025-12-05 19:24:02,401 - INFO -   ✓ Found at: https://lawphil.net/judjuris/juri2012/jul2012/gr_178477_2012.html
2025-12-05 19:24:02,402 - INFO -   ✓ Saved: RESTRUCTURED_DB/2012/july/178477.json
2025-12-05 19:24:02,902 - INFO - Scraping G.R. No. 181995 (2012): Bibiano C. Elegir vs. Philippine Airlines, Inc....
2025-12-05 19:24:03,307 - INFO -   ✓ Found at: https://lawphil.net/judjuris/juri2012/jul2012/gr_181995_2012.html
2025-12-05 19:24:03,309 - INFO -   ✓ Saved: RESTRUCTURED_DB/2012/july/181995.json
2025-12-05 19:24:03,809 - INFO - Scraping G.R. No. 187316 (2012): Wonder Book Corporation vs. Philippine Bank of Com...
2025-12-05 19:24:04,069 - INFO -   ✓ Found at: https://lawphil.net/judjuris/juri2012/jul2012/gr_187316_2012.html
2025-12-05 19:24:04,071 - INFO -   ✓ Saved: RESTRUCTURED_DB/2012/july/187316.json
2025-12-05 19:24:04,571 - INFO - Scraping G.R. No. 154952 (2012): Hilarion F. Dimagiba, Irma Mendoza, and Ellen Rasc...
2025-12-05 19:24:04,905 - INFO -   ✓ Found at: https://lawphil.net/judjuris/juri2012/jul2012/gr_154952_2012.html
2025-12-05 19:24:04,907 - INFO -   ✓ Saved: RESTRUCTURED_DB/2012/july/154952.json
2025-12-05 19:24:05,407 - INFO - Scraping G.R. No. 198588 (2012): United Merchants Corporation vs. Country Bankers I...
2025-12-05 19:24:06,312 - INFO -   ✓ Found at: https://lawphil.net/judjuris/juri2012/jul2012/gr_198588_2012.html
2025-12-05 19:24:06,314 - INFO -   ✓ Saved: RESTRUCTURED_DB/2012/july/198588.json
2025-12-05 19:24:06,814 - INFO - Scraping G.R. No. 174893 (2012): Flordeliza Maria Reyes-Rayel vs. Philippine Luen T...
2025-12-05 19:24:07,281 - INFO -   ✓ Found at: https://lawphil.net/judjuris/juri2012/jul2012/gr_174893_2012.html
2025-12-05 19:24:07,283 - INFO -   ✓ Saved: RESTRUCTURED_DB/2012/july/174893.json
2025-12-05 19:24:07,783 - INFO - Scraping G.R. No. 167732 (2012): Team Pacific Corporation vs. Josephine Daza, etc....
2025-12-05 19:24:08,031 - INFO -   ✓ Found at: https://lawphil.net/judjuris/juri2012/jul2012/gr_167732_2012.html
2025-12-05 19:24:08,032 - INFO -   ✓ Saved: RESTRUCTURED_DB/2012/july/167732.json
2025-12-05 19:24:08,532 - INFO - Scraping G.R. No. 179545 (2012): Engr. Emelyne P. Cayetano, et al. vs. Colegio De S...
2025-12-05 19:24:09,000 - INFO -   ✓ Found at: https://lawphil.net/judjuris/juri2012/jul2012/gr_179545_2012.html
2025-12-05 19:24:09,005 - INFO -   ✓ Saved: RESTRUCTURED_DB/2012/july/179545.json
2025-12-05 19:24:09,505 - INFO - Scraping G.R. No. 169272 (2012): National Spiritual Assembly of the Baha'is of the ...
2025-12-05 19:24:09,966 - INFO -   ✓ Found at: https://lawphil.net/judjuris/juri2012/jul2012/gr_169272_2012.html
2025-12-05 19:24:09,967 - INFO -   ✓ Saved: RESTRUCTURED_DB/2012/july/169272.json
2025-12-05 19:24:10,467 - INFO - Scraping G.R. No. 170038 (2012): China Banking Corporation vs. Sps. Harry Ciriaco a...
2025-12-05 19:24:11,033 - INFO -   ✓ Found at: https://lawphil.net/judjuris/juri2012/jul2012/gr_170038_2012.html
2025-12-05 19:24:11,035 - INFO -   ✓ Saved: RESTRUCTURED_DB/2012/july/170038.json
2025-12-05 19:24:11,535 - INFO - Scraping G.R. No. 192250 (2012): People of the Philippines vs. Hermogenes De Guzman...
2025-12-05 19:24:11,965 - INFO -   ✓ Found at: https://lawphil.net/judjuris/juri2012/jul2012/gr_192250_2012.html
2025-12-05 19:24:11,967 - INFO -   ✓ Saved: RESTRUCTURED_DB/2012/july/192250.json
2025-12-05 19:24:12,467 - INFO - Scraping G.R. No. 194785 (2012): Virgilio S. David vs. Misamis Occidental II Electr...
2025-12-05 19:24:12,710 - INFO -   ✓ Found at: https://lawphil.net/judjuris/juri2012/jul2012/gr_194785_2012.html
2025-12-05 19:24:12,711 - INFO -   ✓ Saved: RESTRUCTURED_DB/2012/july/194785.json
2025-12-05 19:24:13,211 - INFO - Scraping G.R. No. 169957 (2012): National Power Corporation vs. Sps. Florimon V. Ll...
2025-12-05 19:24:13,880 - INFO -   ✓ Found at: https://lawphil.net/judjuris/juri2012/jul2012/gr_169957_2012.html
2025-12-05 19:24:13,882 - INFO -   ✓ Saved: RESTRUCTURED_DB/2012/july/169957.json
2025-12-05 19:24:14,382 - INFO - Scraping G.R. No. 171337 (2012): Benjamin Cua (Cua Hian Tek) vs. Wallem Philippines...
2025-12-05 19:24:14,996 - INFO -   ✓ Found at: https://lawphil.net/judjuris/juri2012/jul2012/gr_171337_2012.html
2025-12-05 19:24:14,997 - INFO -   ✓ Saved: RESTRUCTURED_DB/2012/july/171337.json
2025-12-05 19:24:15,497 - INFO - Scraping G.R. No. 185491 (2012): Julieta E. Bernardo vs. Andrew L. Tan...
2025-12-05 19:24:16,175 - INFO -   ✓ Found at: https://lawphil.net/judjuris/juri2012/jul2012/gr_185491_2012.html
2025-12-05 19:24:16,176 - INFO -   ✓ Saved: RESTRUCTURED_DB/2012/july/185491.json
2025-12-05 19:24:16,677 - INFO - Scraping G.R. No. 189082 (2012): Josephine Ruiz vs. Wendel Osaka Realty Corp., et a...
2025-12-05 19:24:17,220 - INFO -   ✓ Found at: https://lawphil.net/judjuris/juri2012/jul2012/gr_189082_2012.html
2025-12-05 19:24:17,221 - INFO -   ✓ Saved: RESTRUCTURED_DB/2012/july/189082.json
2025-12-05 19:24:17,721 - INFO - Scraping G.R. No. 190102 (2012): Accenture, Inc. vs. Commissioner of Internal Reven...
2025-12-05 19:24:18,002 - INFO -   ✓ Found at: https://lawphil.net/judjuris/juri2012/jul2012/gr_190102_2012.html
2025-12-05 19:24:18,004 - INFO -   ✓ Saved: RESTRUCTURED_DB/2012/july/190102.json
2025-12-05 19:24:18,504 - INFO - Scraping G.R. No. 184300 (2012): Malayan Insurance Co., Inc. vs. Philippine First I...
2025-12-05 19:24:18,830 - INFO -   ✓ Found at: https://lawphil.net/judjuris/juri2012/jul2012/gr_184300_2012.html
2025-12-05 19:24:18,832 - INFO -   ✓ Saved: RESTRUCTURED_DB/2012/july/184300.json
2025-12-05 19:24:19,332 - INFO - Scraping G.R. No. 173171 (2012): Philippine Charity Sweepstakes Office (PCSO) vs. N...
2025-12-05 19:24:19,581 - INFO -   ✓ Found at: https://lawphil.net/judjuris/juri2012/jul2012/gr_173171_2012.html
2025-12-05 19:24:19,583 - INFO -   ✓ Saved: RESTRUCTURED_DB/2012/july/173171.json
2025-12-05 19:24:20,083 - INFO - Scraping G.R. No. 172418 (2012): Nemesio V. Saycon (deceased), substituted by his h...
2025-12-05 19:24:20,330 - INFO -   ✓ Found at: https://lawphil.net/judjuris/juri2012/jul2012/gr_172418_2012.html
2025-12-05 19:24:20,331 - INFO -   ✓ Saved: RESTRUCTURED_DB/2012/july/172418.json
2025-12-05 19:24:20,831 - INFO - Scraping G.R. No. 193089 (2012): Roseña Fontelar Ogawa vs. Elizabeth Gache Menigish...
2025-12-05 19:24:21,506 - INFO -   ✓ Found at: https://lawphil.net/judjuris/juri2012/jul2012/gr_193089_2012.html
2025-12-05 19:24:21,507 - INFO -   ✓ Saved: RESTRUCTURED_DB/2012/july/193089.json
2025-12-05 19:24:22,007 - INFO - Scraping G.R. No. 192885 (2012): Subic Bay Metropolitan Authority vs. Honorable Cou...
2025-12-05 19:24:22,260 - INFO -   ✓ Found at: https://lawphil.net/judjuris/juri2012/jul2012/gr_192885_2012.html
2025-12-05 19:24:22,261 - INFO -   ✓ Saved: RESTRUCTURED_DB/2012/july/192885.json
2025-12-05 19:24:22,762 - INFO - Scraping G.R. No. 171050 (2012): Far East Bank and Trust Company (now Bank of the P...
2025-12-05 19:24:23,034 - INFO -   ✓ Found at: https://lawphil.net/judjuris/juri2012/jul2012/gr_171050_2012.html
2025-12-05 19:24:23,035 - INFO -   ✓ Saved: RESTRUCTURED_DB/2012/july/171050.json
2025-12-05 19:24:23,535 - INFO - Scraping G.R. No. 183260 (2012): Philippine Sports Commission, Cesar Pradas, Noel E...
2025-12-05 19:24:23,781 - INFO -   ✓ Found at: https://lawphil.net/judjuris/juri2012/jul2012/gr_183260_2012.html
2025-12-05 19:24:23,783 - INFO -   ✓ Saved: RESTRUCTURED_DB/2012/july/183260.json
2025-12-05 19:24:24,283 - INFO - Scraping G.R. No. 175851 (2012): Emilia Lim vs. Mindanao Wines & Liqour Galleria a ...
2025-12-05 19:24:24,529 - INFO -   ✓ Found at: https://lawphil.net/judjuris/juri2012/jul2012/gr_175851_2012.html
2025-12-05 19:24:24,530 - INFO -   ✓ Saved: RESTRUCTURED_DB/2012/july/175851.json
2025-12-05 19:24:25,030 - INFO - Scraping G.R. No. 182059 (2012): People of the Philippines vs. Camilo D. Nicart and...
2025-12-05 19:24:25,517 - INFO -   ✓ Found at: https://lawphil.net/judjuris/juri2012/jul2012/gr_182059_2012.html
2025-12-05 19:24:25,519 - INFO -   ✓ Saved: RESTRUCTURED_DB/2012/july/182059.json
2025-12-05 19:24:26,019 - INFO - Scraping G.R. No. 184482 (2012): Bethel Realty and Development Corporation vs. Hous...
2025-12-05 19:24:26,291 - INFO -   ✓ Found at: https://lawphil.net/judjuris/juri2012/jul2012/gr_184482_2012.html
2025-12-05 19:24:26,292 - INFO -   ✓ Saved: RESTRUCTURED_DB/2012/july/184482.json
2025-12-05 19:24:26,793 - INFO - Scraping G.R. No. 180245 (2012): Philippine International Air Terminals Co., Inc. v...
2025-12-05 19:24:27,232 - INFO -   ✓ Found at: https://lawphil.net/judjuris/juri2012/jul2012/gr_180245_2012.html
2025-12-05 19:24:27,233 - INFO -   ✓ Saved: RESTRUCTURED_DB/2012/july/180245.json
2025-12-05 19:24:27,734 - INFO - Scraping G.R. No. 172438 (2012): Metropolitan Cebu Water District vs. Mactan Rock I...
2025-12-05 19:24:28,646 - INFO -   ✓ Found at: https://lawphil.net/judjuris/juri2012/jul2012/gr_172438_2012.html
2025-12-05 19:24:28,649 - INFO -   ✓ Saved: RESTRUCTURED_DB/2012/july/172438.json
2025-12-05 19:24:29,149 - INFO - Scraping G.R. No. 172035 (2012): Fernando Q. Miguel vs. the Hon. Sandiganbayan...
2025-12-05 19:24:29,614 - INFO -   ✓ Found at: https://lawphil.net/judjuris/juri2012/jul2012/gr_172035_2012.html
2025-12-05 19:24:29,615 - INFO -   ✓ Saved: RESTRUCTURED_DB/2012/july/172035.json
2025-12-05 19:24:30,116 - INFO - Scraping G.R. No. 176556 (2012): Brigido B. Quia vs. Rita C. Quiao, et al....
2025-12-05 19:24:30,793 - INFO -   ✓ Found at: https://lawphil.net/judjuris/juri2012/jul2012/gr_176556_2012.html
2025-12-05 19:24:30,797 - INFO -   ✓ Saved: RESTRUCTURED_DB/2012/july/176556.json
2025-12-05 19:24:31,297 - INFO - Scraping G.R. No. 189755 (2012): Emeteria Liwag vs. Happy Glen Loop Homeowners Asso...
2025-12-05 19:24:31,869 - INFO -   ✓ Found at: https://lawphil.net/judjuris/juri2012/jul2012/gr_189755_2012.html
2025-12-05 19:24:31,871 - INFO -   ✓ Saved: RESTRUCTURED_DB/2012/july/189755.json
2025-12-05 19:24:32,371 - INFO - Scraping G.R. No. 161090 (2012): Sps. Romeo LL. Plopenio and Rosielinda Plopenio, e...
2025-12-05 19:24:32,654 - INFO -   ✓ Found at: https://lawphil.net/judjuris/juri2012/jul2012/gr_161090_2012.html
2025-12-05 19:24:32,655 - INFO -   ✓ Saved: RESTRUCTURED_DB/2012/july/161090.json
2025-12-05 19:24:33,155 - INFO - Scraping G.R. No. 175123 (2012): Moldex Realty, Inc. and Anselmo Agero vs. Sps. Ric...
2025-12-05 19:24:33,632 - INFO -   ✓ Found at: https://lawphil.net/judjuris/juri2012/jul2012/gr_175123_2012.html
2025-12-05 19:24:33,634 - INFO -   ✓ Saved: RESTRUCTURED_DB/2012/july/175123.json
2025-12-05 19:24:34,134 - INFO - Scraping G.R. No. 189767 (2012): Philippine Economic Zone Authority (PEZA) vs. Comm...
2025-12-05 19:24:34,386 - INFO -   ✓ Found at: https://lawphil.net/judjuris/juri2012/jul2012/gr_189767_2012.html
2025-12-05 19:24:34,388 - INFO -   ✓ Saved: RESTRUCTURED_DB/2012/july/189767.json
2025-12-05 19:24:34,888 - INFO - Scraping G.R. No. 182069 (2012): Arnold D. Vicencio vs. Hon. Reynaldo A. Villar, et...
2025-12-05 19:24:35,192 - INFO -   ✓ Found at: https://lawphil.net/judjuris/juri2012/jul2012/gr_182069_2012.html
2025-12-05 19:24:35,193 - INFO -   ✓ Saved: RESTRUCTURED_DB/2012/july/182069.json
2025-12-05 19:24:35,693 - INFO - Scraping G.R. No. 187298 (2012): Jamar M. Kulayan, et al. vs. Gov. Abdusakur M. Tan...
2025-12-05 19:24:36,074 - INFO -   ✓ Found at: https://lawphil.net/judjuris/juri2012/jul2012/gr_187298_2012.html
2025-12-05 19:24:36,076 - INFO -   ✓ Saved: RESTRUCTURED_DB/2012/july/187298.json
2025-12-05 19:24:36,576 - INFO - Scraping G.R. No. 155680 (2012): First Leverage and Services Group, Inc. vs. Solid ...
2025-12-05 19:24:36,822 - INFO -   ✓ Found at: https://lawphil.net/judjuris/juri2012/jul2012/gr_155680_2012.html
2025-12-05 19:24:36,825 - INFO -   ✓ Saved: RESTRUCTURED_DB/2012/july/155680.json
2025-12-05 19:24:37,325 - INFO - Scraping G.R. No. 194581 (2012): People of the Philippines vs. Danilo Mirasol Agust...
2025-12-05 19:24:37,791 - INFO -   ✓ Found at: https://lawphil.net/judjuris/juri2012/jul2012/gr_194581_2012.html
2025-12-05 19:24:37,793 - INFO -   ✓ Saved: RESTRUCTURED_DB/2012/july/194581.json
2025-12-05 19:24:38,293 - INFO - Scraping G.R. No. 198585 (2012): Republic of the Philippines vs. Metro Index Realty...
2025-12-05 19:24:38,752 - INFO -   ✓ Found at: https://lawphil.net/judjuris/juri2012/jul2012/gr_198585_2012.html
2025-12-05 19:24:38,753 - INFO -   ✓ Saved: RESTRUCTURED_DB/2012/july/198585.json
2025-12-05 19:24:39,254 - INFO - Scraping G.R. No. 174181 (2012): Andre L. D'Aigle vs. People of the Philippines...
2025-12-05 19:24:39,503 - INFO -   ✓ Found at: https://lawphil.net/judjuris/juri2012/jun2012/gr_174181_2012.html
2025-12-05 19:24:39,504 - INFO -   ✓ Saved: RESTRUCTURED_DB/2012/june/174181.json
2025-12-05 19:24:40,005 - INFO - Scraping G.R. No. 176949 (2012): Asian Construction and Development Corporation vs....
2025-12-05 19:24:40,258 - INFO -   ✓ Found at: https://lawphil.net/judjuris/juri2012/jun2012/gr_176949_2012.html
2025-12-05 19:24:40,259 - INFO -   ✓ Saved: RESTRUCTURED_DB/2012/june/176949.json
2025-12-05 19:24:40,759 - INFO - Scraping G.R. No. 189999 (2012): Angeles University Foundation vs. City of Angeles,...
2025-12-05 19:24:41,504 - INFO -   ✓ Found at: https://lawphil.net/judjuris/juri2012/jun2012/gr_189999_2012.html
2025-12-05 19:24:41,506 - INFO -   ✓ Saved: RESTRUCTURED_DB/2012/june/189999.json
2025-12-05 19:24:42,006 - INFO - Scraping G.R. No. 189697 (2012): Eleuterio Rivera, as Administrator of the Intestat...
2025-12-05 19:24:42,391 - INFO -   ✓ Found at: https://lawphil.net/judjuris/juri2012/jun2012/gr_189697_2012.html
2025-12-05 19:24:42,392 - INFO -   ✓ Saved: RESTRUCTURED_DB/2012/june/189697.json
2025-12-05 19:24:42,892 - INFO - Scraping G.R. No. 175055 (2012): Land Bank of the Philippines vs. Heirs of Maximo P...
2025-12-05 19:24:43,516 - INFO -   ✓ Found at: https://lawphil.net/judjuris/juri2012/jun2012/gr_175055_2012.html
2025-12-05 19:24:43,517 - INFO -   ✓ Saved: RESTRUCTURED_DB/2012/june/175055.json
2025-12-05 19:24:44,018 - INFO - Scraping G.R. No. 166758 (2012): Manila Electric Company, represented by Manolo C. ...
2025-12-05 19:24:44,484 - INFO -   ✓ Found at: https://lawphil.net/judjuris/juri2012/jun2012/gr_166758_2012.html
2025-12-05 19:24:44,485 - INFO -   ✓ Saved: RESTRUCTURED_DB/2012/june/166758.json
2025-12-05 19:24:44,985 - INFO - 
Batch 4 complete:
2025-12-05 19:24:44,985 - INFO -   Successful: 97
2025-12-05 19:24:44,985 - INFO -   Failed: 0
2025-12-05 19:24:44,985 - INFO -   Skipped: 3
2025-12-05 19:24:44,986 - INFO - 
Overall progress: 400/802 cases
2025-12-05 19:24:44,986 - INFO - 
================================================================================
2025-12-05 19:24:44,986 - INFO - BATCH 5/9 (100 cases)
2025-12-05 19:24:44,986 - INFO - ================================================================================
2025-12-05 19:24:44,986 - INFO - Scraping G.R. No. 170509 (2012): Viegely Samelo, represented by Attorney-in-Fact Cr...
2025-12-05 19:24:45,441 - INFO -   ✓ Found at: https://lawphil.net/judjuris/juri2012/jun2012/gr_170509_2012.html
2025-12-05 19:24:45,443 - INFO -   ✓ Saved: RESTRUCTURED_DB/2012/june/170509.json
2025-12-05 19:24:45,943 - INFO - Scraping G.R. No. 194781 (2012): RGM Industries, Inc. vs. United Pacific Capital Co...
2025-12-05 19:24:46,257 - INFO -   ✓ Found at: https://lawphil.net/judjuris/juri2012/jun2012/gr_194781_2012.html
2025-12-05 19:24:46,258 - INFO -   ✓ Saved: RESTRUCTURED_DB/2012/june/194781.json
2025-12-05 19:24:46,758 - INFO - Scraping G.R. No. 174809 (2012): Duty Free Philippines Services, Inc. vs. Manolito ...
2025-12-05 19:24:47,214 - INFO -   ✓ Found at: https://lawphil.net/judjuris/juri2012/jun2012/gr_174809_2012.html
2025-12-05 19:24:47,215 - INFO -   ✓ Saved: RESTRUCTURED_DB/2012/june/174809.json
2025-12-05 19:24:47,715 - INFO - Scraping G.R. No. 155996 (2012): PCGG Chairman Magdangal B. Elma and Presidential C...
2025-12-05 19:24:48,608 - INFO -   ✓ Found at: https://lawphil.net/judjuris/juri2012/jun2012/gr_155996_2012.html
2025-12-05 19:24:48,611 - INFO -   ✓ Saved: RESTRUCTURED_DB/2012/june/155996.json
2025-12-05 19:24:49,112 - INFO - Scraping G.R. No. 173390 (2012): Melchor L. Laguna vs. the Hon. Court of Appeals an...
2025-12-05 19:24:49,588 - INFO -   ✓ Found at: https://lawphil.net/judjuris/juri2012/jun2012/gr_173390_2012.html
2025-12-05 19:24:49,589 - INFO -   ✓ Saved: RESTRUCTURED_DB/2012/june/173390.json
2025-12-05 19:24:50,089 - INFO - Scraping G.R. No. 174007 (2012): Department of Agrarian Reform, rep. by OIC-Secreta...
2025-12-05 19:24:50,403 - INFO -   ✓ Found at: https://lawphil.net/judjuris/juri2012/jun2012/gr_174007_2012.html
2025-12-05 19:24:50,405 - INFO -   ✓ Saved: RESTRUCTURED_DB/2012/june/174007.json
2025-12-05 19:24:50,905 - INFO - Scraping G.R. No. 185346 (2012): Banco Filipino Savings and Mortage Bank vs. Miguel...
2025-12-05 19:24:51,366 - INFO -   ✓ Found at: https://lawphil.net/judjuris/juri2012/jun2012/gr_185346_2012.html
2025-12-05 19:24:51,367 - INFO -   ✓ Saved: RESTRUCTURED_DB/2012/june/185346.json
2025-12-05 19:24:51,868 - INFO - Scraping G.R. No. 187188 (2012): Salvador O. Mojar, et al. vs. Agro Commercial Secu...
2025-12-05 19:24:52,334 - INFO -   ✓ Found at: https://lawphil.net/judjuris/juri2012/jun2012/gr_187188_2012.html
2025-12-05 19:24:52,336 - INFO -   ✓ Saved: RESTRUCTURED_DB/2012/june/187188.json
2025-12-05 19:24:52,836 - INFO - Scraping G.R. No. 188302 (2012): Nancy L. Ty vs. Banco Filipino Savings and Mortage...
2025-12-05 19:24:53,084 - INFO -   ✓ Found at: https://lawphil.net/judjuris/juri2012/jun2012/gr_188302_2012.html
2025-12-05 19:24:53,086 - INFO -   ✓ Saved: RESTRUCTURED_DB/2012/june/188302.json
2025-12-05 19:24:53,586 - INFO - Scraping G.R. No. 176783 (2012): Elizabeth Dimaano vs. the Hon. Sandiganbayan and R...
2025-12-05 19:24:53,956 - INFO -   ✓ Found at: https://lawphil.net/judjuris/juri2012/jun2012/gr_176783_2012.html
2025-12-05 19:24:53,957 - INFO -   ✓ Saved: RESTRUCTURED_DB/2012/june/176783.json
2025-12-05 19:24:54,457 - INFO - Scraping G.R. No. 158891 (2012): Pablo P. Garcia vs. Yolanda Valdez Villar...
2025-12-05 19:24:54,918 - INFO -   ✓ Found at: https://lawphil.net/judjuris/juri2012/jun2012/gr_158891_2012.html
2025-12-05 19:24:54,919 - INFO -   ✓ Saved: RESTRUCTURED_DB/2012/june/158891.json
2025-12-05 19:24:55,420 - INFO - Scraping G.R. No. 171209 (2012): Sps. Ambrosio Decaleng [as substituted by his heir...
2025-12-05 19:24:55,821 - INFO -   ✓ Found at: https://lawphil.net/judjuris/juri2012/jun2012/gr_171209_2012.html
2025-12-05 19:24:55,823 - INFO -   ✓ Saved: RESTRUCTURED_DB/2012/june/171209.json
2025-12-05 19:24:56,323 - INFO - Scraping G.R. No. 180615 (2012): National Housing Authority vs. Jose R. Evangelista...
2025-12-05 19:24:57,082 - INFO -   ✓ Found at: https://lawphil.net/judjuris/juri2012/jun2012/gr_180615_2012.html
2025-12-05 19:24:57,084 - INFO -   ✓ Saved: RESTRUCTURED_DB/2012/june/180615.json
2025-12-05 19:24:57,584 - INFO - Scraping G.R. No. 190336 (2012): Land Bank of the Philippines, etc. vs. Paz O. Mont...
2025-12-05 19:24:58,046 - INFO -   ✓ Found at: https://lawphil.net/judjuris/juri2012/jun2012/gr_190336_2012.html
2025-12-05 19:24:58,047 - INFO -   ✓ Saved: RESTRUCTURED_DB/2012/june/190336.json
2025-12-05 19:24:58,548 - INFO - Scraping G.R. No. 159709 (2012): Heirs of Servando Franco vs. Sps. Veronica & Danil...
2025-12-05 19:24:59,017 - INFO -   ✓ Found at: https://lawphil.net/judjuris/juri2012/jun2012/gr_159709_2012.html
2025-12-05 19:24:59,020 - INFO -   ✓ Saved: RESTRUCTURED_DB/2012/june/159709.json
2025-12-05 19:24:59,520 - INFO - Scraping G.R. No. 176692 (2012): Land Bank of the Philippines vs. Veronica Atega Na...
2025-12-05 19:24:59,987 - INFO -   ✓ Found at: https://lawphil.net/judjuris/juri2012/jun2012/gr_176692_2012.html
2025-12-05 19:24:59,989 - INFO -   ✓ Saved: RESTRUCTURED_DB/2012/june/176692.json
2025-12-05 19:25:00,489 - INFO - Scraping G.R. No. 156869 (2012): Polyfoam Chemical Corp. vs. Elisa S. Chen...
2025-12-05 19:25:00,734 - INFO -   ✓ Found at: https://lawphil.net/judjuris/juri2012/jun2012/gr_156869_2012.html
2025-12-05 19:25:00,735 - INFO -   ✓ Saved: RESTRUCTURED_DB/2012/june/156869.json
2025-12-05 19:25:01,235 - INFO - Scraping G.R. No. 192474 (2012): Romeo M. Jolosjos, Jr. vs. the Commission on Elect...
2025-12-05 19:25:01,485 - INFO -   ✓ Found at: https://lawphil.net/judjuris/juri2012/jun2012/gr_192474_2012.html
2025-12-05 19:25:01,486 - INFO -   ✓ Saved: RESTRUCTURED_DB/2012/june/192474.json
2025-12-05 19:25:01,986 - INFO - Scraping G.R. No. 139930 (2012): Republic of the Philippines vs. Eduardo M. Cojuang...
2025-12-05 19:25:02,848 - INFO -   ✓ Found at: https://lawphil.net/judjuris/juri2012/jun2012/gr_139930_2012.html
2025-12-05 19:25:02,850 - INFO -   ✓ Saved: RESTRUCTURED_DB/2012/june/139930.json
2025-12-05 19:25:03,351 - INFO - Scraping G.R. No. 196870 (2012): Boracay Foundation, Inc. vs. the Province of Aklan...
2025-12-05 19:25:03,824 - INFO -   ✓ Found at: https://lawphil.net/judjuris/juri2012/jun2012/gr_196870_2012.html
2025-12-05 19:25:03,828 - INFO -   ✓ Saved: RESTRUCTURED_DB/2012/june/196870.json
2025-12-05 19:25:04,328 - INFO - Scraping G.R. No. 193808 (2012): Luis K. Lokin, Jr. and Teresita F. Planas vs. Comm...
2025-12-05 19:25:04,790 - INFO -   ✓ Found at: https://lawphil.net/judjuris/juri2012/jun2012/gr_193808_2012.html
2025-12-05 19:25:04,795 - INFO -   ✓ Saved: RESTRUCTURED_DB/2012/june/193808.json
2025-12-05 19:25:05,295 - INFO - Scraping G.R. No. 193665 (2012): People of the Philippines vs. Ricardo Bosi y Danao...
2025-12-05 19:25:05,760 - INFO -   ✓ Found at: https://lawphil.net/judjuris/juri2012/jun2012/gr_193665_2012.html
2025-12-05 19:25:05,761 - INFO -   ✓ Saved: RESTRUCTURED_DB/2012/june/193665.json
2025-12-05 19:25:06,261 - INFO - Scraping G.R. No. 120744 (2012): Salvador Yapyuco y Enriquez vs. Hon. Sandiganbayan...
2025-12-05 19:25:07,360 - INFO -   ✓ Found at: https://lawphil.net/judjuris/juri2012/jun2012/gr_120744_2012.html
2025-12-05 19:25:07,364 - INFO -   ✓ Saved: RESTRUCTURED_DB/2012/june/120744.json
2025-12-05 19:25:07,865 - INFO - Scraping G.R. No. 183623 (2012): Leticia B. Agbayani vs. Court of Appeals, Departme...
2025-12-05 19:25:08,330 - INFO -   ✓ Found at: https://lawphil.net/judjuris/juri2012/jun2012/gr_183623_2012.html
2025-12-05 19:25:08,332 - INFO -   ✓ Saved: RESTRUCTURED_DB/2012/june/183623.json
2025-12-05 19:25:08,832 - INFO - Scraping G.R. No. 187604 (2012): City of Manila vs. Alegar Corporation, Terocel Rea...
2025-12-05 19:25:09,237 - INFO -   ✓ Found at: https://lawphil.net/judjuris/juri2012/jun2012/gr_187604_2012.html
2025-12-05 19:25:09,238 - INFO -   ✓ Saved: RESTRUCTURED_DB/2012/june/187604.json
2025-12-05 19:25:09,738 - INFO - Scraping G.R. No. 171591 (2012): Ace Navigation Co., Inc. vs. FGU Insurance Corpora...
2025-12-05 19:25:10,209 - INFO -   ✓ Found at: https://lawphil.net/judjuris/juri2012/jun2012/gr_171591_2012.html
2025-12-05 19:25:10,210 - INFO -   ✓ Saved: RESTRUCTURED_DB/2012/june/171591.json
2025-12-05 19:25:10,710 - INFO - Scraping G.R. No. 187951 (2012): The Wellex Group, Inc. vs. Sandiganbayan...
2025-12-05 19:25:11,388 - INFO -   ✓ Found at: https://lawphil.net/judjuris/juri2012/jun2012/gr_187951_2012.html
2025-12-05 19:25:11,390 - INFO -   ✓ Saved: RESTRUCTURED_DB/2012/june/187951.json
2025-12-05 19:25:11,890 - INFO - Scraping G.R. No. 189418 (2012): Heirs of Shomanay Paclit, et al. vs. Cesar Belisar...
2025-12-05 19:25:12,349 - INFO -   ✓ Found at: https://lawphil.net/judjuris/juri2012/jun2012/gr_189418_2012.html
2025-12-05 19:25:12,350 - INFO -   ✓ Saved: RESTRUCTURED_DB/2012/june/189418.json
2025-12-05 19:25:12,851 - INFO - Scraping G.R. No. 170026 (2012): Shimizu Philippines Contractors, Inc. vs. Mrs. Let...
2025-12-05 19:25:13,308 - INFO -   ✓ Found at: https://lawphil.net/judjuris/juri2012/jun2012/gr_170026_2012.html
2025-12-05 19:25:13,310 - INFO -   ✓ Saved: RESTRUCTURED_DB/2012/june/170026.json
2025-12-05 19:25:13,810 - INFO - Scraping G.R. No. 182486 (2012): Philbag Industrial Manufacturing Corp. vs. Philbag...
2025-12-05 19:25:14,163 - INFO -   ✓ Found at: https://lawphil.net/judjuris/juri2012/jun2012/gr_182486_2012.html
2025-12-05 19:25:14,164 - INFO -   ✓ Saved: RESTRUCTURED_DB/2012/june/182486.json
2025-12-05 19:25:14,665 - INFO - Scraping G.R. No. 171038 (2012): Land Bank of the Philippines vs. Heirs of Juan Lop...
2025-12-05 19:25:14,911 - INFO -   ✓ Found at: https://lawphil.net/judjuris/juri2012/jun2012/gr_171038_2012.html
2025-12-05 19:25:14,913 - INFO -   ✓ Saved: RESTRUCTURED_DB/2012/june/171038.json
2025-12-05 19:25:15,413 - INFO - Scraping G.R. No. 129822 (2012): Ortigas & Company, Limited Partnership vs. Court o...
2025-12-05 19:25:15,768 - INFO -   ✓ Found at: https://lawphil.net/judjuris/juri2012/jun2012/gr_129822_2012.html
2025-12-05 19:25:15,769 - INFO -   ✓ Saved: RESTRUCTURED_DB/2012/june/129822.json
2025-12-05 19:25:16,269 - INFO - Scraping G.R. No. 174369 (2012): People of the Philippines vs. Zafra Maraorao y Mac...
2025-12-05 19:25:16,519 - INFO -   ✓ Found at: https://lawphil.net/judjuris/juri2012/jun2012/gr_174369_2012.html
2025-12-05 19:25:16,520 - INFO -   ✓ Saved: RESTRUCTURED_DB/2012/june/174369.json
2025-12-05 19:25:17,020 - INFO - Scraping G.R. No. 176671 (2012): Apo Cement Corporation vs. Zaldy E. Baptisma...
2025-12-05 19:25:17,264 - INFO -   ✓ Found at: https://lawphil.net/judjuris/juri2012/jun2012/gr_176671_2012.html
2025-12-05 19:25:17,265 - INFO -   ✓ Saved: RESTRUCTURED_DB/2012/june/176671.json
2025-12-05 19:25:17,766 - INFO - Scraping G.R. No. 187744 (2012): People of the Philippines vs. Roger Tejero...
2025-12-05 19:25:18,006 - INFO -   ✓ Found at: https://lawphil.net/judjuris/juri2012/jun2012/gr_187744_2012.html
2025-12-05 19:25:18,008 - INFO -   ✓ Saved: RESTRUCTURED_DB/2012/june/187744.json
2025-12-05 19:25:18,508 - INFO - Scraping G.R. No. 174297 (2012): Office of the Ombudsman vs. Romeo A. Liggayu...
2025-12-05 19:25:18,750 - INFO -   ✓ Found at: https://lawphil.net/judjuris/juri2012/jun2012/gr_174297_2012.html
2025-12-05 19:25:18,752 - INFO -   ✓ Saved: RESTRUCTURED_DB/2012/june/174297.json
2025-12-05 19:25:19,252 - INFO - Scraping G.R. No. 188329 (2012): People of the Philippines vs. Ruperto Dones a.k.a....
2025-12-05 19:25:19,740 - INFO -   ✓ Found at: https://lawphil.net/judjuris/juri2012/jun2012/gr_188329_2012.html
2025-12-05 19:25:19,741 - INFO -   ✓ Saved: RESTRUCTURED_DB/2012/june/188329.json
2025-12-05 19:25:20,241 - INFO - Scraping G.R. No. 171905 (2012): United Church of Christ in the Philippines vs. Bra...
2025-12-05 19:25:20,490 - INFO -   ✓ Found at: https://lawphil.net/judjuris/juri2012/jun2012/gr_171905_2012.html
2025-12-05 19:25:20,492 - INFO -   ✓ Saved: RESTRUCTURED_DB/2012/june/171905.json
2025-12-05 19:25:20,992 - INFO - Scraping G.R. No. 181548 (2012): Heirs of Candido Del Rosario and Heirs of Gil Del ...
2025-12-05 19:25:21,700 - INFO -   ✓ Found at: https://lawphil.net/judjuris/juri2012/jun2012/gr_181548_2012.html
2025-12-05 19:25:21,702 - INFO -   ✓ Saved: RESTRUCTURED_DB/2012/june/181548.json
2025-12-05 19:25:22,202 - INFO - Scraping G.R. No. 182716 (2012): Heirs of Jose Maligaso, Sr., etc. vs. Sps. Simon D...
2025-12-05 19:25:22,443 - INFO -   ✓ Found at: https://lawphil.net/judjuris/juri2012/jun2012/gr_182716_2012.html
2025-12-05 19:25:22,445 - INFO -   ✓ Saved: RESTRUCTURED_DB/2012/june/182716.json
2025-12-05 19:25:22,945 - INFO - Scraping G.R. No. 185663 (2012): Remedios Antonio vs. the Register of Deeds of Maka...
2025-12-05 19:25:23,217 - INFO -   ✓ Found at: https://lawphil.net/judjuris/juri2012/jun2012/gr_185663_2012.html
2025-12-05 19:25:23,218 - INFO -   ✓ Saved: RESTRUCTURED_DB/2012/june/185663.json
2025-12-05 19:25:23,718 - INFO - Scraping G.R. No. 191563 (2012): Legal Heirs of the Late Edwin B. Deauna, rep. by h...
2025-12-05 19:25:24,264 - INFO -   ✓ Found at: https://lawphil.net/judjuris/juri2012/jun2012/gr_191563_2012.html
2025-12-05 19:25:24,266 - INFO -   ✓ Saved: RESTRUCTURED_DB/2012/june/191563.json
2025-12-05 19:25:24,767 - INFO - Scraping G.R. No. 193676 (2012): Cosmos Bottling Corp. vs. Wilson Fermin/Wilson Fer...
2025-12-05 19:25:25,129 - INFO -   ✓ Found at: https://lawphil.net/judjuris/juri2012/jun2012/gr_193676_2012.html
2025-12-05 19:25:25,130 - INFO -   ✓ Saved: RESTRUCTURED_DB/2012/june/193676.json
2025-12-05 19:25:25,630 - INFO - Scraping G.R. No. 194880 (2012): Republic of the Philippines and National Power Cor...
2025-12-05 19:25:25,883 - INFO -   ✓ Found at: https://lawphil.net/judjuris/juri2012/jun2012/gr_194880_2012.html
2025-12-05 19:25:25,885 - INFO -   ✓ Saved: RESTRUCTURED_DB/2012/june/194880.json
2025-12-05 19:25:26,385 - INFO - Scraping G.R. No. 184467 (2012): Edgardo Navia, et al. vs. Virginia Pardico, for an...
2025-12-05 19:25:26,855 - INFO -   ✓ Found at: https://lawphil.net/judjuris/juri2012/jun2012/gr_184467_2012.html
2025-12-05 19:25:26,857 - INFO -   ✓ Saved: RESTRUCTURED_DB/2012/june/184467.json
2025-12-05 19:25:27,357 - INFO - Scraping G.R. No. 190422 (2012): Russel Ulysses I. Nieves vs. Jocelyn LB. Blanco, i...
2025-12-05 19:25:27,887 - INFO -   ✓ Found at: https://lawphil.net/judjuris/juri2012/jun2012/gr_190422_2012.html
2025-12-05 19:25:27,889 - INFO -   ✓ Saved: RESTRUCTURED_DB/2012/june/190422.json
2025-12-05 19:25:28,389 - INFO - Scraping G.R. No. 196201 (2012): Francisco T. Duque III, in his capacity as Chairma...
2025-12-05 19:25:28,645 - INFO -   ✓ Found at: https://lawphil.net/judjuris/juri2012/jun2012/gr_196201_2012.html
2025-12-05 19:25:28,646 - INFO -   ✓ Saved: RESTRUCTURED_DB/2012/june/196201.json
2025-12-05 19:25:29,146 - INFO - Scraping G.R. No. 180308 (2012): Philcomsat Holdings Corporation, et al. vs. Senate...
2025-12-05 19:25:29,621 - INFO -   ✓ Found at: https://lawphil.net/judjuris/juri2012/jun2012/gr_180308_2012.html
2025-12-05 19:25:29,622 - INFO -   ✓ Saved: RESTRUCTURED_DB/2012/june/180308.json
2025-12-05 19:25:30,122 - INFO - Scraping G.R. No. 190793 (2012): Magdalo Para sa Pagbabago vs. Commission on Electi...
2025-12-05 19:25:30,585 - INFO -   ✓ Found at: https://lawphil.net/judjuris/juri2012/jun2012/gr_190793_2012.html
2025-12-05 19:25:30,587 - INFO -   ✓ Saved: RESTRUCTURED_DB/2012/june/190793.json
2025-12-05 19:25:31,087 - INFO - Scraping G.R. No. 165285 (2012): Lomises Aludos, deceased, substituted by Flora Alu...
2025-12-05 19:25:31,549 - INFO -   ✓ Found at: https://lawphil.net/judjuris/juri2012/jun2012/gr_165285_2012.html
2025-12-05 19:25:31,551 - INFO -   ✓ Saved: RESTRUCTURED_DB/2012/june/165285.json
2025-12-05 19:25:32,051 - INFO - Scraping G.R. No. 194106 (2012): Manila Electric Company (Meralco) vs. Herminigildo...
2025-12-05 19:25:32,513 - INFO -   ✓ Found at: https://lawphil.net/judjuris/juri2012/jun2012/gr_194106_2012.html
2025-12-05 19:25:32,515 - INFO -   ✓ Saved: RESTRUCTURED_DB/2012/june/194106.json
2025-12-05 19:25:33,015 - INFO - Scraping G.R. No. 171671 (2012): People of the Philippines vs. Aristeo E. Atienza, ...
2025-12-05 19:25:33,264 - INFO -   ✓ Found at: https://lawphil.net/judjuris/juri2012/jun2012/gr_171671_2012.html
2025-12-05 19:25:33,266 - INFO -   ✓ Saved: RESTRUCTURED_DB/2012/june/171671.json
2025-12-05 19:25:33,766 - INFO - Scraping G.R. No. 175430 (2012): Republic of the Philippines vs. Kerry Lao Ong...
2025-12-05 19:25:34,023 - INFO -   ✓ Found at: https://lawphil.net/judjuris/juri2012/jun2012/gr_175430_2012.html
2025-12-05 19:25:34,025 - INFO -   ✓ Saved: RESTRUCTURED_DB/2012/june/175430.json
2025-12-05 19:25:34,525 - INFO - Scraping G.R. No. 159108 (2012): Gold Line Tours, Inc. vs. Heirs of Maria Concepcio...
2025-12-05 19:25:34,773 - INFO -   ✓ Found at: https://lawphil.net/judjuris/juri2012/jun2012/gr_159108_2012.html
2025-12-05 19:25:34,774 - INFO -   ✓ Saved: RESTRUCTURED_DB/2012/june/159108.json
2025-12-05 19:25:35,274 - INFO - Scraping G.R. No. 170783 (2012): Legaspi Towers 300, Inc., Lilia Marquinez Palanca,...
2025-12-05 19:25:35,868 - INFO -   ✓ Found at: https://lawphil.net/judjuris/juri2012/jun2012/gr_170783_2012.html
2025-12-05 19:25:35,870 - INFO -   ✓ Saved: RESTRUCTURED_DB/2012/june/170783.json
2025-12-05 19:25:36,370 - INFO - Scraping G.R. No. 182572 (2012): Land Bank of the Philippines vs. Hon. Ernesto P. P...
2025-12-05 19:25:36,617 - INFO -   ✓ Found at: https://lawphil.net/judjuris/juri2012/jun2012/gr_182572_2012.html
2025-12-05 19:25:36,618 - INFO -   ✓ Saved: RESTRUCTURED_DB/2012/june/182572.json
2025-12-05 19:25:37,119 - INFO - Scraping G.R. No. 179018 (2012): Paglaum Management & Development Corp. and Health ...
2025-12-05 19:25:37,372 - INFO -   ✓ Found at: https://lawphil.net/judjuris/juri2012/jun2012/gr_179018_2012.html
2025-12-05 19:25:37,374 - INFO -   ✓ Saved: RESTRUCTURED_DB/2012/june/179018.json
2025-12-05 19:25:37,874 - INFO - Scraping G.R. No. 180572 (2012): Sps. Erlando A. Abrenica and Joena B. Abrenica vs....
2025-12-05 19:25:38,296 - INFO -   ✓ Found at: https://lawphil.net/judjuris/juri2012/jun2012/gr_180572_2012.html
2025-12-05 19:25:38,298 - INFO -   ✓ Saved: RESTRUCTURED_DB/2012/june/180572.json
2025-12-05 19:25:38,798 - INFO - Scraping G.R. No. 158597 (2012): Marcos V. Prieto vs. Court of Appeals, et al....
2025-12-05 19:25:39,528 - INFO -   ✓ Found at: https://lawphil.net/judjuris/juri2012/jun2012/gr_158597_2012.html
2025-12-05 19:25:39,529 - INFO -   ✓ Saved: RESTRUCTURED_DB/2012/june/158597.json
2025-12-05 19:25:40,029 - INFO - Scraping G.R. No. 158755 (2012): Francisco Rabat, et al. vs. Philippine National Ba...
2025-12-05 19:25:40,639 - INFO -   ✓ Found at: https://lawphil.net/judjuris/juri2012/jun2012/gr_158755_2012.html
2025-12-05 19:25:40,641 - INFO -   ✓ Saved: RESTRUCTURED_DB/2012/june/158755.json
2025-12-05 19:25:41,141 - INFO - Scraping G.R. No. 166044 (2012): Country Bankers Insurance Corporation vs. Keppel C...
2025-12-05 19:25:41,390 - INFO -   ✓ Found at: https://lawphil.net/judjuris/juri2012/jun2012/gr_166044_2012.html
2025-12-05 19:25:41,392 - INFO -   ✓ Saved: RESTRUCTURED_DB/2012/june/166044.json
2025-12-05 19:25:41,893 - INFO - Scraping G.R. No. 186722 (2012): The United Abangan Clan, Inc., represented by Cris...
2025-12-05 19:25:42,318 - INFO -   ✓ Found at: https://lawphil.net/judjuris/juri2012/jun2012/gr_186722_2012.html
2025-12-05 19:25:42,319 - INFO -   ✓ Saved: RESTRUCTURED_DB/2012/june/186722.json
2025-12-05 19:25:42,819 - INFO - Scraping G.R. No. 199403 (2012): People of the Philippines vs. Gomer S. Climaco...
2025-12-05 19:25:43,286 - INFO -   ✓ Found at: https://lawphil.net/judjuris/juri2012/jun2012/gr_199403_2012.html
2025-12-05 19:25:43,289 - INFO -   ✓ Saved: RESTRUCTURED_DB/2012/june/199403.json
2025-12-05 19:25:43,789 - INFO - Scraping G.R. No. 201112 (2012): Archbishop Fernando R. Caplla, et al. vs. the Hon....
2025-12-05 19:25:44,914 - INFO -   ✓ Found at: https://lawphil.net/judjuris/juri2012/jun2012/gr_201112_2012.html
2025-12-05 19:25:44,936 - INFO -   ✓ Saved: RESTRUCTURED_DB/2012/june/201112.json
2025-12-05 19:25:45,436 - INFO - Scraping G.R. No. 152662 (2012): People of the Philippines vs. Ma. Theresa Pangilin...
2025-12-05 19:25:45,684 - INFO -   ✓ Found at: https://lawphil.net/judjuris/juri2012/jun2012/gr_152662_2012.html
2025-12-05 19:25:45,685 - INFO -   ✓ Saved: RESTRUCTURED_DB/2012/june/152662.json
2025-12-05 19:25:46,185 - INFO - Scraping G.R. No. 166884 (2012): Land Bank of the Philippines vs. Lamberto C. Perez...
2025-12-05 19:25:46,432 - INFO -   ✓ Found at: https://lawphil.net/judjuris/juri2012/jun2012/gr_166884_2012.html
2025-12-05 19:25:46,434 - INFO -   ✓ Saved: RESTRUCTURED_DB/2012/june/166884.json
2025-12-05 19:25:46,934 - INFO - Scraping G.R. No. 173012 (2012): Dolores T. Esguerra vs. Valle Verde Country Club, ...
2025-12-05 19:25:47,478 - INFO -   ✓ Found at: https://lawphil.net/judjuris/juri2012/jun2012/gr_173012_2012.html
2025-12-05 19:25:47,479 - INFO -   ✓ Saved: RESTRUCTURED_DB/2012/june/173012.json
2025-12-05 19:25:47,979 - INFO - Scraping G.R. No. 174214 (2012): Waterfront Cebu City Hotel vs. Ma. Melanie P. Jime...
2025-12-05 19:25:48,424 - INFO -   ✓ Found at: https://lawphil.net/judjuris/juri2012/jun2012/gr_174214_2012.html
2025-12-05 19:25:48,425 - INFO -   ✓ Saved: RESTRUCTURED_DB/2012/june/174214.json
2025-12-05 19:25:48,925 - INFO - Scraping G.R. No. 192334 (2012): Conrado Casing vs. Hon. Ombudsman, Jaime C. Velasc...
2025-12-05 19:25:49,171 - INFO -   ✓ Found at: https://lawphil.net/judjuris/juri2012/jun2012/gr_192334_2012.html
2025-12-05 19:25:49,173 - INFO -   ✓ Saved: RESTRUCTURED_DB/2012/june/192334.json
2025-12-05 19:25:49,673 - INFO - Scraping G.R. No. 195534 (2012): People of the Philippines vs. Eduardo Gonzales...
2025-12-05 19:25:50,202 - INFO -   ✓ Found at: https://lawphil.net/judjuris/juri2012/jun2012/gr_195534_2012.html
2025-12-05 19:25:50,204 - INFO -   ✓ Saved: RESTRUCTURED_DB/2012/june/195534.json
2025-12-05 19:25:50,704 - INFO - Scraping G.R. No. 200653 (2012): 3rd Alert Security and Detective Services, Inc. vs...
2025-12-05 19:25:50,955 - INFO -   ✓ Found at: https://lawphil.net/judjuris/juri2012/jun2012/gr_200653_2012.html
2025-12-05 19:25:50,956 - INFO -   ✓ Saved: RESTRUCTURED_DB/2012/june/200653.json
2025-12-05 19:25:51,460 - INFO - Scraping G.R. No. 180974 (2012): Metropolitan Bank and Trust Company vs. Centro Dev...
2025-12-05 19:25:51,822 - INFO -   ✓ Found at: https://lawphil.net/judjuris/juri2012/jun2012/gr_180974_2012.html
2025-12-05 19:25:51,824 - INFO -   ✓ Saved: RESTRUCTURED_DB/2012/june/180974.json
2025-12-05 19:25:52,325 - INFO - Scraping G.R. No. 185522 (2012): San Miguel Corporation vs. Helen T. Kalalo...
2025-12-05 19:25:52,574 - INFO -   ✓ Found at: https://lawphil.net/judjuris/juri2012/jun2012/gr_185522_2012.html
2025-12-05 19:25:52,575 - INFO -   ✓ Saved: RESTRUCTURED_DB/2012/june/185522.json
2025-12-05 19:25:53,075 - INFO - Scraping G.R. No. 192413 (2012): Rizal Commercial Banking Corporation vs. Hi-Tri De...
2025-12-05 19:25:53,756 - INFO -   ✓ Found at: https://lawphil.net/judjuris/juri2012/jun2012/gr_192413_2012.html
2025-12-05 19:25:53,759 - INFO -   ✓ Saved: RESTRUCTURED_DB/2012/june/192413.json
2025-12-05 19:25:54,259 - INFO - Scraping G.R. No. 197371 (2012): People of the Philippines vs. Joel Ancheta y Osan,...
2025-12-05 19:25:54,706 - INFO -   ✓ Found at: https://lawphil.net/judjuris/juri2012/jun2012/gr_197371_2012.html
2025-12-05 19:25:54,709 - INFO -   ✓ Saved: RESTRUCTURED_DB/2012/june/197371.json
2025-12-05 19:25:55,209 - INFO - Scraping G.R. No. 176184 (2012): Romeo E. Paulino vs. NLRC, Philippine Long Distanc...
2025-12-05 19:25:55,788 - INFO -   ✓ Found at: https://lawphil.net/judjuris/juri2012/jun2012/gr_176184_2012.html
2025-12-05 19:25:55,789 - INFO -   ✓ Saved: RESTRUCTURED_DB/2012/june/176184.json
2025-12-05 19:25:56,290 - INFO - Scraping G.R. No. 181136 (2012): Western Mindanao Power Corporation vs. Commissione...
2025-12-05 19:25:56,548 - INFO -   ✓ Found at: https://lawphil.net/judjuris/juri2012/jun2012/gr_181136_2012.html
2025-12-05 19:25:56,551 - INFO -   ✓ Saved: RESTRUCTURED_DB/2012/june/181136.json
2025-12-05 19:25:57,053 - INFO - Scraping G.R. No. 186730 (2012): Jesse Yap vs. Elisa Chua and Evelyn Te...
2025-12-05 19:25:57,546 - INFO -   ✓ Found at: https://lawphil.net/judjuris/juri2012/jun2012/gr_186730_2012.html
2025-12-05 19:25:57,548 - INFO -   ✓ Saved: RESTRUCTURED_DB/2012/june/186730.json
2025-12-05 19:25:58,049 - INFO - Scraping G.R. No. 168208 (2012): Vivian T. Ramirez, et al. vs. Mar Fishing Co., Inc...
2025-12-05 19:25:58,338 - INFO -   ✓ Found at: https://lawphil.net/judjuris/juri2012/jun2012/gr_168208_2012.html
2025-12-05 19:25:58,344 - INFO -   ✓ Saved: RESTRUCTURED_DB/2012/june/168208.json
2025-12-05 19:25:58,844 - INFO - Scraping G.R. No. 187512 (2012): Republic of the Philippines vs. Yolanda Cadacio Gr...
2025-12-05 19:25:59,142 - INFO -   ✓ Found at: https://lawphil.net/judjuris/juri2012/jun2012/gr_187512_2012.html
2025-12-05 19:25:59,148 - INFO -   ✓ Saved: RESTRUCTURED_DB/2012/june/187512.json
2025-12-05 19:25:59,648 - INFO - Scraping G.R. No. 194255 (2012): The People of the Philippines vs. Nurfrashir Hashi...
2025-12-05 19:25:59,929 - INFO -   ✓ Found at: https://lawphil.net/judjuris/juri2012/jun2012/gr_194255_2012.html
2025-12-05 19:25:59,930 - INFO -   ✓ Saved: RESTRUCTURED_DB/2012/june/194255.json
2025-12-05 19:26:00,431 - INFO - Scraping G.R. No. 195137 (2012): Republic of the Philippines vs. Heirs of Doroteo M...
2025-12-05 19:26:00,714 - INFO -   ✓ Found at: https://lawphil.net/judjuris/juri2012/jun2012/gr_195137_2012.html
2025-12-05 19:26:00,716 - INFO -   ✓ Saved: RESTRUCTURED_DB/2012/june/195137.json
2025-12-05 19:26:01,216 - INFO - Scraping G.R. No. 198402 (2012): Heirs of Pacencia Racaza, namely, Virginia Racaza ...
2025-12-05 19:26:01,466 - INFO -   ✓ Found at: https://lawphil.net/judjuris/juri2012/jun2012/gr_198402_2012.html
2025-12-05 19:26:01,467 - INFO -   ✓ Saved: RESTRUCTURED_DB/2012/june/198402.json
2025-12-05 19:26:01,967 - INFO - Scraping G.R. No. 185335 (2012): Prudential Guarantee and Assurance Employee Labor ...
2025-12-05 19:26:02,651 - INFO -   ✓ Found at: https://lawphil.net/judjuris/juri2012/jun2012/gr_185335_2012.html
2025-12-05 19:26:02,653 - INFO -   ✓ Saved: RESTRUCTURED_DB/2012/june/185335.json
2025-12-05 19:26:03,154 - INFO - Scraping G.R. No. 172642 (2012): Estate of Nelson R. Dulay, represented by his wife...
2025-12-05 19:26:03,555 - INFO -   ✓ Found at: https://lawphil.net/judjuris/juri2012/jun2012/gr_172642_2012.html
2025-12-05 19:26:03,556 - INFO -   ✓ Saved: RESTRUCTURED_DB/2012/june/172642.json
2025-12-05 19:26:04,057 - INFO - Scraping G.R. No. 178626 (2012): Cecilia U. Legrama vs. Sandiganbayan and Peoploe o...
2025-12-05 19:26:04,510 - INFO -   ✓ Found at: https://lawphil.net/judjuris/juri2012/jun2012/gr_178626_2012.html
2025-12-05 19:26:04,511 - INFO -   ✓ Saved: RESTRUCTURED_DB/2012/june/178626.json
2025-12-05 19:26:05,011 - INFO - Scraping G.R. No. 192241 (2012): Romulo Trinidad @ Romy vs. People of the Philippin...
2025-12-05 19:26:05,535 - INFO -   ✓ Found at: https://lawphil.net/judjuris/juri2012/jun2012/gr_192241_2012.html
2025-12-05 19:26:05,537 - INFO -   ✓ Saved: RESTRUCTURED_DB/2012/june/192241.json
2025-12-05 19:26:06,037 - INFO - Scraping G.R. No. 174937 (2012): Jovina Dabon Vda. De Mendez vs. Court of Appeals a...
2025-12-05 19:26:06,351 - INFO -   ✓ Found at: https://lawphil.net/judjuris/juri2012/jun2012/gr_174937_2012.html
2025-12-05 19:26:06,353 - INFO -   ✓ Saved: RESTRUCTURED_DB/2012/june/174937.json
2025-12-05 19:26:06,853 - INFO - Scraping G.R. No. 175350 (2012): Equitable Banking Corporation vs. Special Steel Pr...
2025-12-05 19:26:07,562 - INFO -   ✓ Found at: https://lawphil.net/judjuris/juri2012/jun2012/gr_175350_2012.html
2025-12-05 19:26:07,564 - INFO -   ✓ Saved: RESTRUCTURED_DB/2012/june/175350.json
2025-12-05 19:26:08,064 - INFO - Scraping G.R. No. 179059 (2012): Victor Rondina vs. People of the Philippines...
2025-12-05 19:26:08,721 - INFO -   ✓ Found at: https://lawphil.net/judjuris/juri2012/jun2012/gr_179059_2012.html
2025-12-05 19:26:08,722 - INFO -   ✓ Saved: RESTRUCTURED_DB/2012/june/179059.json
2025-12-05 19:26:09,223 - INFO - Scraping G.R. No. 192716 (2012): Eloisa Merchandising, Inc. and Trebel Internationa...
2025-12-05 19:26:09,684 - INFO -   ✓ Found at: https://lawphil.net/judjuris/juri2012/jun2012/gr_192716_2012.html
2025-12-05 19:26:09,686 - INFO -   ✓ Saved: RESTRUCTURED_DB/2012/june/192716.json
2025-12-05 19:26:10,186 - INFO - Scraping G.R. No. 188978 (2012): People of the Philippines vs. Marcial Bayrante y B...
2025-12-05 19:26:10,430 - INFO -   ✓ Found at: https://lawphil.net/judjuris/juri2012/jun2012/gr_188978_2012.html
2025-12-05 19:26:10,432 - INFO -   ✓ Saved: RESTRUCTURED_DB/2012/june/188978.json
2025-12-05 19:26:10,933 - INFO - Scraping G.R. No. 190875 (2012): Aniceto Bangis, substituted by his heirs, namely R...
2025-12-05 19:26:11,181 - INFO -   ✓ Found at: https://lawphil.net/judjuris/juri2012/jun2012/gr_190875_2012.html
2025-12-05 19:26:11,183 - INFO -   ✓ Saved: RESTRUCTURED_DB/2012/june/190875.json
2025-12-05 19:26:11,683 - INFO - Scraping G.R. No. 179015 (2012): United Coconut Planters Bank vs. Planters Products...
2025-12-05 19:26:11,929 - INFO -   ✓ Found at: https://lawphil.net/judjuris/juri2012/jun2012/gr_179015_2012.html
2025-12-05 19:26:11,930 - INFO -   ✓ Saved: RESTRUCTURED_DB/2012/june/179015.json
2025-12-05 19:26:12,430 - INFO - Scraping G.R. No. 180966 (2012): Col. Jesus G. Cabarrus, Jr., PAF (res.) vs. Hon. S...
2025-12-05 19:26:13,081 - INFO -   ✓ Found at: https://lawphil.net/judjuris/juri2012/jun2012/gr_180966_2012.html
2025-12-05 19:26:13,082 - INFO -   ✓ Saved: RESTRUCTURED_DB/2012/june/180966.json
2025-12-05 19:26:13,582 - INFO - Scraping G.R. No. 172349 (2012): Polyfoam-RGC International, Corporation and Precil...
2025-12-05 19:26:13,889 - INFO -   ✓ Found at: https://lawphil.net/judjuris/juri2012/jun2012/gr_172349_2012.html
2025-12-05 19:26:13,891 - INFO -   ✓ Saved: RESTRUCTURED_DB/2012/june/172349.json
2025-12-05 19:26:14,391 - INFO - Scraping G.R. No. 194795 (2012): Ever Electrical Manufacturing, Inc. (EEMI) and Vic...
2025-12-05 19:26:14,793 - INFO -   ✓ Found at: https://lawphil.net/judjuris/juri2012/jun2012/gr_194795_2012.html
2025-12-05 19:26:14,795 - INFO -   ✓ Saved: RESTRUCTURED_DB/2012/june/194795.json
2025-12-05 19:26:15,295 - INFO - Scraping G.R. No. 176893 (2012): Vicente Villanueva, Jr. vs. the National Labor Rel...
2025-12-05 19:26:15,558 - INFO -   ✓ Found at: https://lawphil.net/judjuris/juri2012/jun2012/gr_176893_2012.html
2025-12-05 19:26:15,560 - INFO -   ✓ Saved: RESTRUCTURED_DB/2012/june/176893.json
2025-12-05 19:26:16,060 - INFO - Scraping G.R. No. 178046 (2012): Land Bank of the Philippines vs. Montinola-Escaril...
2025-12-05 19:26:16,307 - INFO -   ✓ Found at: https://lawphil.net/judjuris/juri2012/jun2012/gr_178046_2012.html
2025-12-05 19:26:16,308 - INFO -   ✓ Saved: RESTRUCTURED_DB/2012/june/178046.json
2025-12-05 19:26:16,808 - INFO - 
Batch 5 complete:
2025-12-05 19:26:16,808 - INFO -   Successful: 99
2025-12-05 19:26:16,808 - INFO -   Failed: 0
2025-12-05 19:26:16,808 - INFO -   Skipped: 1
2025-12-05 19:26:16,808 - INFO - 
Overall progress: 500/802 cases
2025-12-05 19:26:16,808 - INFO - 
================================================================================
2025-12-05 19:26:16,808 - INFO - BATCH 6/9 (100 cases)
2025-12-05 19:26:16,808 - INFO - ================================================================================
2025-12-05 19:26:16,808 - INFO - Scraping G.R. No. 186469 (2012): The People of the Philippines vs. Jover Matias y D...
2025-12-05 19:26:17,265 - INFO -   ✓ Found at: https://lawphil.net/judjuris/juri2012/jun2012/gr_186469_2012.html
2025-12-05 19:26:17,266 - INFO -   ✓ Saved: RESTRUCTURED_DB/2012/june/186469.json
2025-12-05 19:26:17,766 - INFO - Scraping G.R. No. 183706 (2012): People of the Philippines vs. Samson Escleto...
2025-12-05 19:26:18,015 - INFO -   ✓ Found at: https://lawphil.net/judjuris/juri2012/apr2012/gr_183706_2012.html
2025-12-05 19:26:18,016 - INFO -   ✓ Saved: RESTRUCTURED_DB/2012/april/183706.json
2025-12-05 19:26:18,516 - INFO - Scraping G.R. No. 184528 (2012): Nilo Oropesa vs. Cirilo Oropesa...
2025-12-05 19:26:18,766 - INFO -   ✓ Found at: https://lawphil.net/judjuris/juri2012/apr2012/gr_184528_2012.html
2025-12-05 19:26:18,768 - INFO -   ✓ Saved: RESTRUCTURED_DB/2012/april/184528.json
2025-12-05 19:26:19,268 - INFO - Scraping G.R. No. 188497 (2012): Commissioner of Internal Revenue vs. Pilipinas She...
2025-12-05 19:26:19,518 - INFO -   ✓ Found at: https://lawphil.net/judjuris/juri2012/apr2012/gr_188497_2012.html
2025-12-05 19:26:19,519 - INFO -   ✓ Saved: RESTRUCTURED_DB/2012/april/188497.json
2025-12-05 19:26:20,020 - INFO - Scraping G.R. No. 173870 (2012): Oscar Del Carmen, Jr. vs. Geronimo Bacoy, guradian...
2025-12-05 19:26:20,265 - INFO -   ✓ Found at: https://lawphil.net/judjuris/juri2012/apr2012/gr_173870_2012.html
2025-12-05 19:26:20,267 - INFO -   ✓ Saved: RESTRUCTURED_DB/2012/april/173870.json
2025-12-05 19:26:20,767 - INFO - Scraping G.R. No. 170892 (2012): Philippine National Bank vs. Spouses Cheah Chee Ch...
2025-12-05 19:26:29,182 - WARNING -   ✗ Not found for G.R. No. 170892
2025-12-05 19:26:29,683 - INFO - Scraping G.R. No. 187919 (2012): Rafael H. Galvez and Katherine L. Guy vs. Asia Uni...
2025-12-05 19:26:30,144 - INFO -   ✓ Found at: https://lawphil.net/judjuris/juri2012/apr2012/gr_187919_2012.html
2025-12-05 19:26:30,146 - INFO -   ✓ Saved: RESTRUCTURED_DB/2012/april/187919.json
2025-12-05 19:26:30,646 - INFO - Scraping G.R. No. 189127 (2012): National Power Corporation vs. Sps. Bernardo and M...
2025-12-05 19:26:30,891 - INFO -   ✓ Found at: https://lawphil.net/judjuris/juri2012/apr2012/gr_189127_2012.html
2025-12-05 19:26:30,892 - INFO -   ✓ Saved: RESTRUCTURED_DB/2012/april/189127.json
2025-12-05 19:26:31,392 - INFO - Scraping G.R. No. 190321 (2012): The People of the Philippines vs. Sammy Umipag y A...
2025-12-05 19:26:32,116 - INFO -   ✓ Found at: https://lawphil.net/judjuris/juri2012/apr2012/gr_190321_2012.html
2025-12-05 19:26:32,118 - INFO -   ✓ Saved: RESTRUCTURED_DB/2012/april/190321.json
2025-12-05 19:26:32,619 - INFO - Scraping G.R. No. 190610 (2012): People of the Philippines vs. Saturnino Dela Cruz,...
2025-12-05 19:26:32,984 - INFO -   ✓ Found at: https://lawphil.net/judjuris/juri2012/apr2012/gr_190610_2012.html
2025-12-05 19:26:32,984 - INFO -   ✓ Saved: RESTRUCTURED_DB/2012/april/190610.json
2025-12-05 19:26:33,485 - INFO - Scraping G.R. No. 190749 (2012): Valentin Zafra y Dechosa and Eroll Marcelino y Rey...
2025-12-05 19:26:34,015 - INFO -   ✓ Found at: https://lawphil.net/judjuris/juri2012/apr2012/gr_190749_2012.html
2025-12-05 19:26:34,016 - INFO -   ✓ Saved: RESTRUCTURED_DB/2012/april/190749.json
2025-12-05 19:26:34,517 - INFO - Scraping G.R. No. 192737 (2012): Nemia Castro vs. Rosalyn Guevarra and Jamir Guevar...
2025-12-05 19:26:34,771 - INFO -   ✓ Found at: https://lawphil.net/judjuris/juri2012/apr2012/gr_192737_2012.html
2025-12-05 19:26:34,773 - INFO -   ✓ Saved: RESTRUCTURED_DB/2012/april/192737.json
2025-12-05 19:26:35,273 - INFO - Scraping G.R. No. 193250 (2012): Philippine National Bank vs. Amelio Tria and John ...
2025-12-05 19:26:35,648 - INFO -   ✓ Found at: https://lawphil.net/judjuris/juri2012/apr2012/gr_193250_2012.html
2025-12-05 19:26:35,649 - INFO -   ✓ Saved: RESTRUCTURED_DB/2012/april/193250.json
2025-12-05 19:26:36,150 - INFO - Scraping G.R. No. 185829 (2012): Armando Ailing vs. Jose B. Feliciano, Manuel F. Sa...
2025-12-05 19:26:36,610 - INFO -   ✓ Found at: https://lawphil.net/judjuris/juri2012/apr2012/gr_185829_2012.html
2025-12-05 19:26:36,613 - INFO -   ✓ Saved: RESTRUCTURED_DB/2012/april/185829.json
2025-12-05 19:26:37,113 - INFO - Scraping G.R. No. 172538 (2012): Isabelo Esperida Lorenzo Hipolito and Romeo De Bel...
2025-12-05 19:26:37,393 - INFO -   ✓ Found at: https://lawphil.net/judjuris/juri2012/apr2012/gr_172538_2012.html
2025-12-05 19:26:37,394 - INFO -   ✓ Saved: RESTRUCTURED_DB/2012/april/172538.json
2025-12-05 19:26:37,894 - INFO - Scraping G.R. No. 183308 (2012): Insular Investment and Trust Corporation vs. Capit...
2025-12-05 19:26:38,539 - INFO -   ✓ Found at: https://lawphil.net/judjuris/juri2012/apr2012/gr_183308_2012.html
2025-12-05 19:26:38,542 - INFO -   ✓ Saved: RESTRUCTURED_DB/2012/april/183308.json
2025-12-05 19:26:39,042 - INFO - Scraping G.R. No. 194024 (2012): Philip L. Go, Pacifico Q. Lim, et al. vs. Distinct...
2025-12-05 19:26:39,320 - INFO -   ✓ Found at: https://lawphil.net/judjuris/juri2012/apr2012/gr_194024_2012.html
2025-12-05 19:26:39,322 - INFO -   ✓ Saved: RESTRUCTURED_DB/2012/april/194024.json
2025-12-05 19:26:39,822 - INFO - Scraping G.R. No. 192190 (2012): Billy M. Realda vs. New Age Graphics, Inc. and Jul...
2025-12-05 19:26:40,103 - INFO -   ✓ Found at: https://lawphil.net/judjuris/juri2012/apr2012/gr_192190_2012.html
2025-12-05 19:26:40,104 - INFO -   ✓ Saved: RESTRUCTURED_DB/2012/april/192190.json
2025-12-05 19:26:40,604 - INFO - Scraping G.R. No. 194813 (2012): Kakampi and its members, et al. vs. Kingspoint Exp...
2025-12-05 19:26:40,932 - INFO -   ✓ Found at: https://lawphil.net/judjuris/juri2012/apr2012/gr_194813_2012.html
2025-12-05 19:26:40,933 - INFO -   ✓ Saved: RESTRUCTURED_DB/2012/april/194813.json
2025-12-05 19:26:41,434 - INFO - Scraping G.R. No. 189434 (2012): Ferdinand R. Marcos, Jr. vs. Republic of the Phili...
2025-12-05 19:26:42,685 - INFO -   ✓ Found at: https://lawphil.net/judjuris/juri2012/apr2012/gr_189434_2012.html
2025-12-05 19:26:42,688 - INFO -   ✓ Saved: RESTRUCTURED_DB/2012/april/189434.json
2025-12-05 19:26:43,189 - INFO - Scraping G.R. No. 183916 (2012): Sps. Nicanor Magno and Caridad Magno vs. Heirs of ...
2025-12-05 19:26:43,572 - INFO -   ✓ Found at: https://lawphil.net/judjuris/juri2012/apr2012/gr_183916_2012.html
2025-12-05 19:26:43,573 - INFO -   ✓ Saved: RESTRUCTURED_DB/2012/april/183916.json
2025-12-05 19:26:44,074 - INFO - Scraping G.R. No. 190569 (2012): P/Insp. Ariel S. Artillero vs. Orlando C. Casimiro...
2025-12-05 19:26:44,757 - INFO -   ✓ Found at: https://lawphil.net/judjuris/juri2012/apr2012/gr_190569_2012.html
2025-12-05 19:26:44,760 - INFO -   ✓ Saved: RESTRUCTURED_DB/2012/april/190569.json
2025-12-05 19:26:45,260 - INFO - Scraping G.R. No. 173840 (2012): Samar II Electric Cooperative, Inc. (SAMELCO II), ...
2025-12-05 19:26:45,728 - INFO -   ✓ Found at: https://lawphil.net/judjuris/juri2012/apr2012/gr_173840_2012.html
2025-12-05 19:26:45,729 - INFO -   ✓ Saved: RESTRUCTURED_DB/2012/april/173840.json
2025-12-05 19:26:46,229 - INFO - Scraping G.R. No. 161909 (2012): Philtranco Service Enterprises, Inc. vs. Court of ...
2025-12-05 19:26:46,601 - INFO -   ✓ Found at: https://lawphil.net/judjuris/juri2012/apr2012/gr_161909_2012.html
2025-12-05 19:26:46,603 - INFO -   ✓ Saved: RESTRUCTURED_DB/2012/april/161909.json
2025-12-05 19:26:47,104 - INFO - Scraping G.R. No. 171101 (2012): Hacienda Luisita, Inc. vs. Presidential Agrarian R...
2025-12-05 19:26:47,774 - INFO -   ✓ Found at: https://lawphil.net/judjuris/juri2012/apr2012/gr_171101_2012.html
2025-12-05 19:26:47,779 - INFO -   ✓ Saved: RESTRUCTURED_DB/2012/april/171101.json
2025-12-05 19:26:48,279 - INFO - Scraping G.R. No. 164987 (2012): Lawyers Against Monopoly and Poverty (LAMP), etc.,...
2025-12-05 19:26:48,526 - INFO -   ✓ Found at: https://lawphil.net/judjuris/juri2012/apr2012/gr_164987_2012.html
2025-12-05 19:26:48,527 - INFO -   ✓ Saved: RESTRUCTURED_DB/2012/april/164987.json
2025-12-05 19:26:49,028 - INFO - Scraping G.R. No. 191970 (2012): Rommel Apolinario Jalosjos vs. the Commission on E...
2025-12-05 19:26:49,439 - INFO -   ✓ Found at: https://lawphil.net/judjuris/juri2012/apr2012/gr_191970_2012.html
2025-12-05 19:26:49,440 - INFO -   ✓ Saved: RESTRUCTURED_DB/2012/april/191970.json
2025-12-05 19:26:49,941 - INFO - Scraping G.R. No. 193261 (2012): Meynardo Sabili vs. Commission on Elections, et al...
2025-12-05 19:26:51,112 - INFO -   ✓ Found at: https://lawphil.net/judjuris/juri2012/apr2012/gr_193261_2012.html
2025-12-05 19:26:51,117 - INFO -   ✓ Saved: RESTRUCTURED_DB/2012/april/193261.json
2025-12-05 19:26:51,617 - INFO - Scraping G.R. No. 181367 (2012): La Carlota City, Negros Occidental, etc., et al. v...
2025-12-05 19:26:52,164 - INFO -   ✓ Found at: https://lawphil.net/judjuris/juri2012/apr2012/gr_181367_2012.html
2025-12-05 19:26:52,169 - INFO -   ✓ Saved: RESTRUCTURED_DB/2012/april/181367.json
2025-12-05 19:26:52,669 - INFO - Scraping G.R. No. 192791 (2012): Dennis A. B. Funa vs. the Chairman, Commission on ...
2025-12-05 19:26:53,175 - INFO -   ✓ Found at: https://lawphil.net/judjuris/juri2012/apr2012/gr_192791_2012.html
2025-12-05 19:26:53,181 - INFO -   ✓ Saved: RESTRUCTURED_DB/2012/april/192791.json
2025-12-05 19:26:53,681 - INFO - Scraping G.R. No. 175042 (2012): Danilo A. Du vs. Venancio R. Jayoma, et al....
2025-12-05 19:26:54,047 - INFO -   ✓ Found at: https://lawphil.net/judjuris/juri2012/apr2012/gr_175042_2012.html
2025-12-05 19:26:54,049 - INFO -   ✓ Saved: RESTRUCTURED_DB/2012/april/175042.json
2025-12-05 19:26:54,549 - INFO - Scraping G.R. No. 170425 (2012): Securities and Exchange Commission, National Burea...
2025-12-05 19:26:55,509 - INFO -   ✓ Found at: https://lawphil.net/judjuris/juri2012/apr2012/gr_170425_2012.html
2025-12-05 19:26:55,510 - INFO -   ✓ Saved: RESTRUCTURED_DB/2012/april/170425.json
2025-12-05 19:26:56,011 - INFO - Scraping G.R. No. 143264 (2012): Lisam Enterprises, Inc., represented by Lolita A. ...
2025-12-05 19:26:56,268 - INFO -   ✓ Found at: https://lawphil.net/judjuris/juri2012/apr2012/gr_143264_2012.html
2025-12-05 19:26:56,270 - INFO -   ✓ Saved: RESTRUCTURED_DB/2012/april/143264.json
2025-12-05 19:26:56,770 - INFO - Scraping G.R. No. 179488 (2012): Cosco Philippines Shipping, Inc. vs. Kemper Insura...
2025-12-05 19:26:57,224 - INFO -   ✓ Found at: https://lawphil.net/judjuris/juri2012/apr2012/gr_179488_2012.html
2025-12-05 19:26:57,226 - INFO -   ✓ Saved: RESTRUCTURED_DB/2012/april/179488.json
2025-12-05 19:26:57,726 - INFO - Scraping G.R. No. 180898 (2012): Philippine Charter Insurance Corporation vs. Petro...
2025-12-05 19:26:57,968 - INFO -   ✓ Found at: https://lawphil.net/judjuris/juri2012/apr2012/gr_180898_2012.html
2025-12-05 19:26:57,970 - INFO -   ✓ Saved: RESTRUCTURED_DB/2012/april/180898.json
2025-12-05 19:26:58,470 - INFO - Scraping G.R. No. 163657 (2012): International Management Services/Marilyn C. Pascu...
2025-12-05 19:26:59,020 - INFO -   ✓ Found at: https://lawphil.net/judjuris/juri2012/apr2012/gr_163657_2012.html
2025-12-05 19:26:59,022 - INFO -   ✓ Saved: RESTRUCTURED_DB/2012/april/163657.json
2025-12-05 19:26:59,522 - INFO - Scraping G.R. No. 171995 (2012): Steelcase, Inc. vs. Design International Selection...
2025-12-05 19:26:59,768 - INFO -   ✓ Found at: https://lawphil.net/judjuris/juri2012/apr2012/gr_171995_2012.html
2025-12-05 19:26:59,769 - INFO -   ✓ Saved: RESTRUCTURED_DB/2012/april/171995.json
2025-12-05 19:27:00,270 - INFO - Scraping G.R. No. 194677 (2012): Alen H. Santiago vs. Pacabasin Shipmanagement, Inc...
2025-12-05 19:27:00,759 - INFO -   ✓ Found at: https://lawphil.net/judjuris/juri2012/apr2012/gr_194677_2012.html
2025-12-05 19:27:00,760 - INFO -   ✓ Saved: RESTRUCTURED_DB/2012/april/194677.json
2025-12-05 19:27:01,260 - INFO - Scraping G.R. No. 200030 (2012): People of the Philippines vs. Nelson Bayot y Satin...
2025-12-05 19:27:01,506 - INFO -   ✓ Found at: https://lawphil.net/judjuris/juri2012/apr2012/gr_200030_2012.html
2025-12-05 19:27:01,507 - INFO -   ✓ Saved: RESTRUCTURED_DB/2012/april/200030.json
2025-12-05 19:27:02,007 - INFO - Scraping G.R. No. 182331 (2012): Ma. Corina C. Jiao, et al. vs. Global Business Ban...
2025-12-05 19:27:02,402 - INFO -   ✓ Found at: https://lawphil.net/judjuris/juri2012/apr2012/gr_182331_2012.html
2025-12-05 19:27:02,405 - INFO -   ✓ Saved: RESTRUCTURED_DB/2012/april/182331.json
2025-12-05 19:27:02,905 - INFO - Scraping G.R. No. 188921 (2012): Leo C. Romero and David Amando C. Romero vs. Auror...
2025-12-05 19:27:03,161 - INFO -   ✓ Found at: https://lawphil.net/judjuris/juri2012/apr2012/gr_188921_2012.html
2025-12-05 19:27:03,162 - INFO -   ✓ Saved: RESTRUCTURED_DB/2012/april/188921.json
2025-12-05 19:27:03,662 - INFO - Scraping G.R. No. 177611 (2012): Republic of the Philippines (University of the Phi...
2025-12-05 19:27:04,123 - INFO -   ✓ Found at: https://lawphil.net/judjuris/juri2012/apr2012/gr_177611_2012.html
2025-12-05 19:27:04,124 - INFO -   ✓ Saved: RESTRUCTURED_DB/2012/april/177611.json
2025-12-05 19:27:04,625 - INFO - Scraping G.R. No. 163125 (2012): Jose Abelgas, Jr., et al. vs. Servilliano Comia, e...
2025-12-05 19:27:05,081 - INFO -   ✓ Found at: https://lawphil.net/judjuris/juri2012/apr2012/gr_163125_2012.html
2025-12-05 19:27:05,083 - INFO -   ✓ Saved: RESTRUCTURED_DB/2012/april/163125.json
2025-12-05 19:27:05,584 - INFO - Scraping G.R. No. 163700 (2012): Charlie Jao vs. BCC Products Sales, Inc. and Terra...
2025-12-05 19:27:05,839 - INFO -   ✓ Found at: https://lawphil.net/judjuris/juri2012/apr2012/gr_163700_2012.html
2025-12-05 19:27:05,841 - INFO -   ✓ Saved: RESTRUCTURED_DB/2012/april/163700.json
2025-12-05 19:27:06,341 - INFO - Scraping G.R. No. 180177 (2012): Rogelio S. Reyes vs. the Hon. Court of Appeals...
2025-12-05 19:27:06,803 - INFO -   ✓ Found at: https://lawphil.net/judjuris/juri2012/apr2012/gr_180177_2012.html
2025-12-05 19:27:06,804 - INFO -   ✓ Saved: RESTRUCTURED_DB/2012/april/180177.json
2025-12-05 19:27:07,305 - INFO - Scraping G.R. No. 177761 (2012): People of the Philippines vs. Remedios Tanchanco y...
2025-12-05 19:27:07,552 - INFO -   ✓ Found at: https://lawphil.net/judjuris/juri2012/apr2012/gr_177761_2012.html
2025-12-05 19:27:07,553 - INFO -   ✓ Saved: RESTRUCTURED_DB/2012/april/177761.json
2025-12-05 19:27:08,054 - INFO - Scraping G.R. No. 185918 (2012): Lockheed detective and Watchman Agency, Inc. vs. U...
2025-12-05 19:27:08,506 - INFO -   ✓ Found at: https://lawphil.net/judjuris/juri2012/apr2012/gr_185918_2012.html
2025-12-05 19:27:08,507 - INFO -   ✓ Saved: RESTRUCTURED_DB/2012/april/185918.json
2025-12-05 19:27:09,007 - INFO - Scraping G.R. No. 175139 (2012): Hermojina Estores vs. Spouses Arturo and Laura Sup...
2025-12-05 19:27:09,464 - INFO -   ✓ Found at: https://lawphil.net/judjuris/juri2012/apr2012/gr_175139_2012.html
2025-12-05 19:27:09,465 - INFO -   ✓ Saved: RESTRUCTURED_DB/2012/april/175139.json
2025-12-05 19:27:09,965 - INFO - Scraping G.R. No. 175039 (2012): Addition Hills Mandaluyong Civic & Social Organiza...
2025-12-05 19:27:10,211 - INFO -   ✓ Found at: https://lawphil.net/judjuris/juri2012/apr2012/gr_175039_2012.html
2025-12-05 19:27:10,212 - INFO -   ✓ Saved: RESTRUCTURED_DB/2012/april/175039.json
2025-12-05 19:27:10,712 - INFO - Scraping G.R. No. 167735 (2012): Land Bank of the Philippines vs. Heirs of Salvador...
2025-12-05 19:27:11,113 - INFO -   ✓ Found at: https://lawphil.net/judjuris/juri2012/apr2012/gr_167735_2012.html
2025-12-05 19:27:11,115 - INFO -   ✓ Saved: RESTRUCTURED_DB/2012/april/167735.json
2025-12-05 19:27:11,615 - INFO - Scraping G.R. No. 192514 (2012): D.M. Consunji, Inc. and/or David M. Consunji vs. E...
2025-12-05 19:27:12,331 - INFO -   ✓ Found at: https://lawphil.net/judjuris/juri2012/apr2012/gr_192514_2012.html
2025-12-05 19:27:12,333 - INFO -   ✓ Saved: RESTRUCTURED_DB/2012/april/192514.json
2025-12-05 19:27:12,833 - INFO - Scraping G.R. No. 193415 (2012): Sps. Daisy and Socrates M. Arevalo vs. Planters De...
2025-12-05 19:27:13,087 - INFO -   ✓ Found at: https://lawphil.net/judjuris/juri2012/apr2012/gr_193415_2012.html
2025-12-05 19:27:13,088 - INFO -   ✓ Saved: RESTRUCTURED_DB/2012/april/193415.json
2025-12-05 19:27:13,588 - INFO - Scraping G.R. No. 173820 (2012): Producers Bank of the Philippines (Now First Produ...
2025-12-05 19:27:14,050 - INFO -   ✓ Found at: https://lawphil.net/judjuris/juri2012/apr2012/gr_173820_2012.html
2025-12-05 19:27:14,051 - INFO -   ✓ Saved: RESTRUCTURED_DB/2012/april/173820.json
2025-12-05 19:27:14,551 - INFO - Scraping G.R. No. 197807 (2012): People of the Philippines vs. Cecilia Lagman y Pir...
2025-12-05 19:27:14,866 - INFO -   ✓ Found at: https://lawphil.net/judjuris/juri2012/apr2012/gr_197807_2012.html
2025-12-05 19:27:14,868 - INFO -   ✓ Saved: RESTRUCTURED_DB/2012/april/197807.json
2025-12-05 19:27:15,368 - INFO - Scraping G.R. No. 193443 (2012): Jean Tan, et al. vs. Republic of the Philippines...
2025-12-05 19:27:15,621 - INFO -   ✓ Found at: https://lawphil.net/judjuris/juri2012/apr2012/gr_193443_2012.html
2025-12-05 19:27:15,622 - INFO -   ✓ Saved: RESTRUCTURED_DB/2012/april/193443.json
2025-12-05 19:27:16,123 - INFO - Scraping G.R. No. 173951 (2012): Daniel M. Ison vs. Creserve, Inc., et al....
2025-12-05 19:27:16,379 - INFO -   ✓ Found at: https://lawphil.net/judjuris/juri2012/apr2012/gr_173951_2012.html
2025-12-05 19:27:16,381 - INFO -   ✓ Saved: RESTRUCTURED_DB/2012/april/173951.json
2025-12-05 19:27:16,881 - INFO - Scraping G.R. No. 174489 (2012): Antonio Baltazar, et al. vs. Lorenzo Laxa...
2025-12-05 19:27:17,589 - INFO -   ✓ Found at: https://lawphil.net/judjuris/juri2012/apr2012/gr_174489_2012.html
2025-12-05 19:27:17,591 - INFO -   ✓ Saved: RESTRUCTURED_DB/2012/april/174489.json
2025-12-05 19:27:18,092 - INFO - Scraping G.R. No. 175303 (2012): Pacific Ace Finance Ltd. vs. Eiji Yanagisawa...
2025-12-05 19:27:18,685 - INFO -   ✓ Found at: https://lawphil.net/judjuris/juri2012/apr2012/gr_175303_2012.html
2025-12-05 19:27:18,686 - INFO -   ✓ Saved: RESTRUCTURED_DB/2012/april/175303.json
2025-12-05 19:27:19,186 - INFO - Scraping G.R. No. 175763 (2012): Heirs of Beinvenido and Araceli Tanyag, namely Art...
2025-12-05 19:27:20,068 - INFO -   ✓ Found at: https://lawphil.net/judjuris/juri2012/apr2012/gr_175763_2012.html
2025-12-05 19:27:20,071 - INFO -   ✓ Saved: RESTRUCTURED_DB/2012/april/175763.json
2025-12-05 19:27:20,571 - INFO - Scraping G.R. No. 179936 (2012): People of the Philippines vs. Jamad Jandal Abedin...
2025-12-05 19:27:20,917 - INFO -   ✓ Found at: https://lawphil.net/judjuris/juri2012/apr2012/gr_179936_2012.html
2025-12-05 19:27:20,919 - INFO -   ✓ Saved: RESTRUCTURED_DB/2012/april/179936.json
2025-12-05 19:27:21,419 - INFO - Scraping G.R. No. 184282 (2012): Francisco Soriano and Dalisay Soriano vs. Republic...
2025-12-05 19:27:21,875 - INFO -   ✓ Found at: https://lawphil.net/judjuris/juri2012/apr2012/gr_184282_2012.html
2025-12-05 19:27:21,876 - INFO -   ✓ Saved: RESTRUCTURED_DB/2012/april/184282.json
2025-12-05 19:27:22,376 - INFO - Scraping G.R. No. 173320 (2012): Eduardo B. Manzano vs. Antonio B. Lazaro...
2025-12-05 19:27:22,631 - INFO -   ✓ Found at: https://lawphil.net/judjuris/juri2012/apr2012/gr_173320_2012.html
2025-12-05 19:27:22,633 - INFO -   ✓ Saved: RESTRUCTURED_DB/2012/april/173320.json
2025-12-05 19:27:23,133 - INFO - Scraping G.R. No. 170290 (2012): Philippine Deposit Insurance Corporation vs. Citib...
2025-12-05 19:27:23,384 - INFO -   ✓ Found at: https://lawphil.net/judjuris/juri2012/apr2012/gr_170290_2012.html
2025-12-05 19:27:23,386 - INFO -   ✓ Saved: RESTRUCTURED_DB/2012/april/170290.json
2025-12-05 19:27:23,886 - INFO - Scraping G.R. No. 193509 (2012): People of the Philippines vs. Ireneo Ganzan...
2025-12-05 19:27:24,341 - INFO -   ✓ Found at: https://lawphil.net/judjuris/juri2012/apr2012/gr_193509_2012.html
2025-12-05 19:27:24,342 - INFO -   ✓ Saved: RESTRUCTURED_DB/2012/april/193509.json
2025-12-05 19:27:24,843 - INFO - Scraping G.R. No. 173844 (2012): Ligaya P. Cruz vs. Hon. Raul M. Gonzales, etc., De...
2025-12-05 19:27:25,093 - INFO -   ✓ Found at: https://lawphil.net/judjuris/juri2012/apr2012/gr_173844_2012.html
2025-12-05 19:27:25,095 - INFO -   ✓ Saved: RESTRUCTURED_DB/2012/april/173844.json
2025-12-05 19:27:25,595 - INFO - Scraping G.R. No. 188661 (2012): Estelita Villamar vs. Balbino Mangaoil...
2025-12-05 19:27:26,236 - INFO -   ✓ Found at: https://lawphil.net/judjuris/juri2012/apr2012/gr_188661_2012.html
2025-12-05 19:27:26,238 - INFO -   ✓ Saved: RESTRUCTURED_DB/2012/april/188661.json
2025-12-05 19:27:26,738 - INFO - Scraping G.R. No. 167057 (2012): Nerwin Industries Corporation vs. PNOC-Energy Deve...
2025-12-05 19:27:27,265 - INFO -   ✓ Found at: https://lawphil.net/judjuris/juri2012/apr2012/gr_167057_2012.html
2025-12-05 19:27:27,267 - INFO -   ✓ Saved: RESTRUCTURED_DB/2012/april/167057.json
2025-12-05 19:27:27,767 - INFO - Scraping G.R. No. 181544 (2012): People of the Philippines vs. Julius B. Taguilid...
2025-12-05 19:27:28,015 - INFO -   ✓ Found at: https://lawphil.net/judjuris/juri2012/apr2012/gr_181544_2012.html
2025-12-05 19:27:28,016 - INFO -   ✓ Saved: RESTRUCTURED_DB/2012/april/181544.json
2025-12-05 19:27:28,516 - INFO - Scraping G.R. No. 184926 (2012): People of the Philippines vs. Edmundo O. Villaflor...
2025-12-05 19:27:29,325 - INFO -   ✓ Found at: https://lawphil.net/judjuris/juri2012/apr2012/gr_184926_2012.html
2025-12-05 19:27:29,327 - INFO -   ✓ Saved: RESTRUCTURED_DB/2012/april/184926.json
2025-12-05 19:27:29,827 - INFO - Scraping G.R. No. 186141 (2012): People of the Philippines vs. Jesusa C. Figueroa...
2025-12-05 19:27:30,289 - INFO -   ✓ Found at: https://lawphil.net/judjuris/juri2012/apr2012/gr_186141_2012.html
2025-12-05 19:27:30,290 - INFO -   ✓ Saved: RESTRUCTURED_DB/2012/april/186141.json
2025-12-05 19:27:30,790 - INFO - Scraping G.R. No. 188322 (2012): People of the Philippines vs. Joseph T. Asilan...
2025-12-05 19:27:31,190 - INFO -   ✓ Found at: https://lawphil.net/judjuris/juri2012/apr2012/gr_188322_2012.html
2025-12-05 19:27:31,192 - INFO -   ✓ Saved: RESTRUCTURED_DB/2012/april/188322.json
2025-12-05 19:27:31,692 - INFO - Scraping G.R. No. 164457 (2012): Anna Lerima Patula vs. People of the Philippines, ...
2025-12-05 19:27:32,361 - INFO -   ✓ Found at: https://lawphil.net/judjuris/juri2012/apr2012/gr_164457_2012.html
2025-12-05 19:27:32,363 - INFO -   ✓ Saved: RESTRUCTURED_DB/2012/april/164457.json
2025-12-05 19:27:32,864 - INFO - Scraping G.R. No. 174118 (2012): The Roman Catholic Church, represented by the Arch...
2025-12-05 19:27:33,103 - INFO -   ✓ Found at: https://lawphil.net/judjuris/juri2012/apr2012/gr_174118_2012.html
2025-12-05 19:27:33,105 - INFO -   ✓ Saved: RESTRUCTURED_DB/2012/april/174118.json
2025-12-05 19:27:33,605 - INFO - Scraping G.R. No. 147811 (2012): Petitioner-Organizations, namely: Pambansang Koali...
2025-12-05 19:27:42,356 - WARNING -   ✗ Not found for G.R. No. 147811
2025-12-05 19:27:42,856 - INFO - Scraping G.R. No. 146754 (2012): Spouses Jesse Cachopero and Bema Cachopero vs. Rac...
2025-12-05 19:27:43,414 - INFO -   ✓ Found at: https://lawphil.net/judjuris/juri2012/mar2012/gr_146754_2012.html
2025-12-05 19:27:43,416 - INFO -   ✓ Saved: RESTRUCTURED_DB/2012/march/146754.json
2025-12-05 19:27:43,916 - INFO - Scraping G.R. No. 186499 (2012): People of the Philippines vs. Melecio De Los Santo...
2025-12-05 19:27:44,381 - INFO -   ✓ Found at: https://lawphil.net/judjuris/juri2012/mar2012/gr_186499_2012.html
2025-12-05 19:27:44,382 - INFO -   ✓ Saved: RESTRUCTURED_DB/2012/march/186499.json
2025-12-05 19:27:44,883 - INFO - Scraping G.R. No. 184478 (2012): Jaime S. Perez, both in his personal and official ...
2025-12-05 19:27:45,345 - INFO -   ✓ Found at: https://lawphil.net/judjuris/juri2012/mar2012/gr_184478_2012.html
2025-12-05 19:27:45,347 - INFO -   ✓ Saved: RESTRUCTURED_DB/2012/march/184478.json
2025-12-05 19:27:45,848 - INFO - Scraping G.R. No. 191913 (2012): SPO2 Lito T. Nacnac vs. People of the Philippines...
2025-12-05 19:27:46,310 - INFO -   ✓ Found at: https://lawphil.net/judjuris/juri2012/mar2012/gr_191913_2012.html
2025-12-05 19:27:46,311 - INFO -   ✓ Saved: RESTRUCTURED_DB/2012/march/191913.json
2025-12-05 19:27:46,811 - INFO - Scraping G.R. No. 172712 (2012): Stradcom Corporation vs. Hon. Hilario L. Laqui, et...
2025-12-05 19:27:47,267 - INFO -   ✓ Found at: https://lawphil.net/judjuris/juri2012/mar2012/gr_172712_2012.html
2025-12-05 19:27:47,268 - INFO -   ✓ Saved: RESTRUCTURED_DB/2012/march/172712.json
2025-12-05 19:27:47,768 - INFO - Scraping G.R. No. 192180 (2012): People of the Philippines vs. Alias Kino Lascano, ...
2025-12-05 19:27:48,012 - INFO -   ✓ Found at: https://lawphil.net/judjuris/juri2012/mar2012/gr_192180_2012.html
2025-12-05 19:27:48,013 - INFO -   ✓ Saved: RESTRUCTURED_DB/2012/march/192180.json
2025-12-05 19:27:48,513 - INFO - Scraping G.R. No. 196358 (2012): Jandy J. Agoy vs. Araneta Center, Inc....
2025-12-05 19:27:48,761 - INFO -   ✓ Found at: https://lawphil.net/judjuris/juri2012/mar2012/gr_196358_2012.html
2025-12-05 19:27:48,762 - INFO -   ✓ Saved: RESTRUCTURED_DB/2012/march/196358.json
2025-12-05 19:27:49,262 - INFO - Scraping G.R. No. 171765 (2012): The Incorporations of Mindanao Institute, Inc. and...
2025-12-05 19:27:49,506 - INFO -   ✓ Found at: https://lawphil.net/judjuris/juri2012/mar2012/gr_171765_2012.html
2025-12-05 19:27:49,508 - INFO -   ✓ Saved: RESTRUCTURED_DB/2012/march/171765.json
2025-12-05 19:27:50,008 - INFO - Scraping G.R. No. 173155 (2012): R.S. Tomas, Inc., vs. Rizal Cement Company, Inc....
2025-12-05 19:27:50,439 - INFO -   ✓ Found at: https://lawphil.net/judjuris/juri2012/mar2012/gr_173155_2012.html
2025-12-05 19:27:50,441 - INFO -   ✓ Saved: RESTRUCTURED_DB/2012/march/173155.json
2025-12-05 19:27:50,941 - INFO - Scraping G.R. No. 185568 (2012): Commissioner of Internal Revenue vs. Petron Corpor...
2025-12-05 19:27:51,190 - INFO -   ✓ Found at: https://lawphil.net/judjuris/juri2012/mar2012/gr_185568_2012.html
2025-12-05 19:27:51,192 - INFO -   ✓ Saved: RESTRUCTURED_DB/2012/march/185568.json
2025-12-05 19:27:51,693 - INFO - Scraping G.R. No. 190342 (2012): People of the Philippines vs. Cipriano Cardenas y ...
2025-12-05 19:27:52,405 - INFO -   ✓ Found at: https://lawphil.net/judjuris/juri2012/mar2012/gr_190342_2012.html
2025-12-05 19:27:52,407 - INFO -   ✓ Saved: RESTRUCTURED_DB/2012/march/190342.json
2025-12-05 19:27:52,907 - INFO - Scraping G.R. No. 186030 (2012): Norma de los Reyes Vda. del Prado, Eulogia R. del ...
2025-12-05 19:27:53,375 - INFO -   ✓ Found at: https://lawphil.net/judjuris/juri2012/mar2012/gr_186030_2012.html
2025-12-05 19:27:53,377 - INFO -   ✓ Saved: RESTRUCTURED_DB/2012/march/186030.json
2025-12-05 19:27:53,878 - INFO - Scraping G.R. No. 173857 (2012): Leoncia Manuel & Marina S. Mudlong vs. Leonor Sarm...
2025-12-05 19:27:54,186 - INFO -   ✓ Found at: https://lawphil.net/judjuris/juri2012/mar2012/gr_173857_2012.html
2025-12-05 19:27:54,187 - INFO -   ✓ Saved: RESTRUCTURED_DB/2012/march/173857.json
2025-12-05 19:27:54,687 - INFO - Scraping G.R. No. 175781 (2012): People of the Philippines vs. Francisca Talaro, et...
2025-12-05 19:27:55,037 - INFO -   ✓ Found at: https://lawphil.net/judjuris/juri2012/mar2012/gr_175781_2012.html
2025-12-05 19:27:55,039 - INFO -   ✓ Saved: RESTRUCTURED_DB/2012/march/175781.json
2025-12-05 19:27:55,539 - INFO - Scraping G.R. No. 195191 (2012): Congresswoman Lucy Marie Torres-Gomez vs. Eufrocin...
2025-12-05 19:27:55,966 - INFO -   ✓ Found at: https://lawphil.net/judjuris/juri2012/mar2012/gr_195191_2012.html
2025-12-05 19:27:55,967 - INFO -   ✓ Saved: RESTRUCTURED_DB/2012/march/195191.json
2025-12-05 19:27:56,467 - INFO - Scraping G.R. No. 190293 (2012): Philip Sigfrid A. Fortun and Albert Lee G. Angeles...
2025-12-05 19:27:56,994 - INFO -   ✓ Found at: https://lawphil.net/judjuris/juri2012/mar2012/gr_190293_2012.html
2025-12-05 19:27:57,000 - INFO -   ✓ Saved: RESTRUCTURED_DB/2012/march/190293.json
2025-12-05 19:27:57,502 - INFO - Scraping G.R. No. 176628 (2012): Philippine Tourism Authority vs. Philippine Golf D...
2025-12-05 19:27:58,006 - INFO -   ✓ Found at: https://lawphil.net/judjuris/juri2012/mar2012/gr_176628_2012.html
2025-12-05 19:27:58,008 - INFO -   ✓ Saved: RESTRUCTURED_DB/2012/march/176628.json
2025-12-05 19:27:58,511 - INFO - Scraping G.R. No. 197124 (2012): Alpa PCM, Inc. vs. Vincent Bulasao, et al....
2025-12-05 19:27:59,267 - INFO -   ✓ Found at: https://lawphil.net/judjuris/juri2012/mar2012/gr_197124_2012.html
2025-12-05 19:27:59,268 - INFO -   ✓ Saved: RESTRUCTURED_DB/2012/march/197124.json
2025-12-05 19:27:59,770 - INFO - Scraping G.R. No. 197987 (2012): Mariter Mendoza vs. Adriano Casumpang, Jennifer Ad...
2025-12-05 19:28:00,174 - INFO -   ✓ Found at: https://lawphil.net/judjuris/juri2012/mar2012/gr_197987_2012.html
2025-12-05 19:28:00,175 - INFO -   ✓ Saved: RESTRUCTURED_DB/2012/march/197987.json
2025-12-05 19:28:00,675 - INFO - Scraping G.R. No. 178367 (2012): Philippine National Bank vs. Castalloy Technology ...
2025-12-05 19:28:01,525 - INFO -   ✓ Found at: https://lawphil.net/judjuris/juri2012/mar2012/gr_178367_2012.html
2025-12-05 19:28:01,530 - INFO -   ✓ Saved: RESTRUCTURED_DB/2012/march/178367.json
2025-12-05 19:28:02,031 - INFO - Scraping G.R. No. 173586 (2012): MCA-MBF Countdown Card Philippines Inc., et al. vs...
2025-12-05 19:28:02,307 - INFO -   ✓ Found at: https://lawphil.net/judjuris/juri2012/mar2012/gr_173586_2012.html
2025-12-05 19:28:02,315 - INFO -   ✓ Saved: RESTRUCTURED_DB/2012/march/173586.json
2025-12-05 19:28:02,819 - INFO - Scraping G.R. No. 193861 (2012): Paulita "Edith" Serra vs. Nelfa T. Mumar...
2025-12-05 19:28:03,090 - INFO -   ✓ Found at: https://lawphil.net/judjuris/juri2012/mar2012/gr_193861_2012.html
2025-12-05 19:28:03,092 - INFO -   ✓ Saved: RESTRUCTURED_DB/2012/march/193861.json
2025-12-05 19:28:03,593 - INFO - Scraping G.R. No. 193983 (2012): Victory M. Fernandez vs. Office of the Ombudsman, ...
2025-12-05 19:28:04,012 - INFO -   ✓ Found at: https://lawphil.net/judjuris/juri2012/mar2012/gr_193983_2012.html
2025-12-05 19:28:04,013 - INFO -   ✓ Saved: RESTRUCTURED_DB/2012/march/193983.json
2025-12-05 19:28:04,513 - INFO - Scraping G.R. No. 185255 (2012): Norkis Distribution, Inc., et al. vs. Delfin S. De...
2025-12-05 19:28:05,398 - INFO -   ✓ Found at: https://lawphil.net/judjuris/juri2012/mar2012/gr_185255_2012.html
2025-12-05 19:28:05,399 - INFO -   ✓ Saved: RESTRUCTURED_DB/2012/march/185255.json
2025-12-05 19:28:05,900 - INFO - Scraping G.R. No. 187073 (2012): People of the Philippines vs. Eduardo Castro y Per...
2025-12-05 19:28:06,564 - INFO -   ✓ Found at: https://lawphil.net/judjuris/juri2012/mar2012/gr_187073_2012.html
2025-12-05 19:28:06,566 - INFO -   ✓ Saved: RESTRUCTURED_DB/2012/march/187073.json
2025-12-05 19:28:07,066 - INFO - Scraping G.R. No. 166216 (2012): Rogelio Aberca, Rodolfo Benosa, et al. vs. Maj. Ge...
2025-12-05 19:28:07,327 - INFO -   ✓ Found at: https://lawphil.net/judjuris/juri2012/mar2012/gr_166216_2012.html
2025-12-05 19:28:07,330 - INFO -   ✓ Saved: RESTRUCTURED_DB/2012/march/166216.json
2025-12-05 19:28:07,833 - INFO - 
Batch 6 complete:
2025-12-05 19:28:07,833 - INFO -   Successful: 98
2025-12-05 19:28:07,833 - INFO -   Failed: 2
2025-12-05 19:28:07,833 - INFO -   Skipped: 0
2025-12-05 19:28:07,833 - INFO - 
Overall progress: 600/802 cases
2025-12-05 19:28:07,833 - INFO - 
================================================================================
2025-12-05 19:28:07,833 - INFO - BATCH 7/9 (100 cases)
2025-12-05 19:28:07,833 - INFO - ================================================================================
2025-12-05 19:28:07,833 - INFO - Scraping G.R. No. 162322 (2012): Republic of the Philippines vs. Bantigue Point Dev...
2025-12-05 19:28:08,573 - INFO -   ✓ Found at: https://lawphil.net/judjuris/juri2012/mar2012/gr_162322_2012.html
2025-12-05 19:28:08,574 - INFO -   ✓ Saved: RESTRUCTURED_DB/2012/march/162322.json
2025-12-05 19:28:09,074 - INFO - Scraping G.R. No. 183367 (2012): Australian Professional Realty, Inc., et al. vs. M...
2025-12-05 19:28:09,317 - INFO -   ✓ Found at: https://lawphil.net/judjuris/juri2012/mar2012/gr_183367_2012.html
2025-12-05 19:28:09,319 - INFO -   ✓ Saved: RESTRUCTURED_DB/2012/march/183367.json
2025-12-05 19:28:09,819 - INFO - Scraping G.R. No. 193279 (2012): Eleanor De Leon Llenado vs. People of the Philippi...
2025-12-05 19:28:10,067 - INFO -   ✓ Found at: https://lawphil.net/judjuris/juri2012/mar2012/gr_193279_2012.html
2025-12-05 19:28:10,068 - INFO -   ✓ Saved: RESTRUCTURED_DB/2012/march/193279.json
2025-12-05 19:28:10,568 - INFO - Scraping G.R. No. 175924 (2012): People of the Philippines vs. Erland Sabadlab y Ba...
2025-12-05 19:28:10,880 - INFO -   ✓ Found at: https://lawphil.net/judjuris/juri2012/mar2012/gr_175924_2012.html
2025-12-05 19:28:10,881 - INFO -   ✓ Saved: RESTRUCTURED_DB/2012/march/175924.json
2025-12-05 19:28:11,381 - INFO - Scraping G.R. No. 169628 (2012): Manuel A. Lumayog vs. Spouses Leonard Pitcock and ...
2025-12-05 19:28:11,937 - INFO -   ✓ Found at: https://lawphil.net/judjuris/juri2012/mar2012/gr_169628_2012.html
2025-12-05 19:28:11,938 - INFO -   ✓ Saved: RESTRUCTURED_DB/2012/march/169628.json
2025-12-05 19:28:12,439 - INFO - Scraping G.R. No. 155109 (2012): C. Alcantara & Sons, Inc. vs. Court of Appeals, et...
2025-12-05 19:28:12,862 - INFO -   ✓ Found at: https://lawphil.net/judjuris/juri2012/mar2012/gr_155109_2012.html
2025-12-05 19:28:12,864 - INFO -   ✓ Saved: RESTRUCTURED_DB/2012/march/155109.json
2025-12-05 19:28:13,364 - INFO - Scraping G.R. No. 187521 (2012): F.F. Cruz & Co., Inc. vs. HR Construction Corp....
2025-12-05 19:28:13,610 - INFO -   ✓ Found at: https://lawphil.net/judjuris/juri2012/mar2012/gr_187521_2012.html
2025-12-05 19:28:13,613 - INFO -   ✓ Saved: RESTRUCTURED_DB/2012/march/187521.json
2025-12-05 19:28:14,113 - INFO - Scraping G.R. No. 151898 (2012): Ricardo Rizal, et al. vs. Leoncia, et al....
2025-12-05 19:28:14,571 - INFO -   ✓ Found at: https://lawphil.net/judjuris/juri2012/mar2012/gr_151898_2012.html
2025-12-05 19:28:14,573 - INFO -   ✓ Saved: RESTRUCTURED_DB/2012/march/151898.json
2025-12-05 19:28:15,074 - INFO - Scraping G.R. No. 175263 (2012): Manuel H. Nieto, Jr. vs. Securities and Exchange C...
2025-12-05 19:28:15,534 - INFO -   ✓ Found at: https://lawphil.net/judjuris/juri2012/mar2012/gr_175263_2012.html
2025-12-05 19:28:15,535 - INFO -   ✓ Saved: RESTRUCTURED_DB/2012/march/175263.json
2025-12-05 19:28:16,036 - INFO - Scraping G.R. No. 184406 (2012): Land Bank of the Philippines vs. Perfecto Obias, e...
2025-12-05 19:28:16,494 - INFO -   ✓ Found at: https://lawphil.net/judjuris/juri2012/mar2012/gr_184406_2012.html
2025-12-05 19:28:16,495 - INFO -   ✓ Saved: RESTRUCTURED_DB/2012/march/184406.json
2025-12-05 19:28:16,995 - INFO - Scraping G.R. No. 183449 (2012): Alfredo Jaca Montajes vs. People of the Philippine...
2025-12-05 19:28:17,243 - INFO -   ✓ Found at: https://lawphil.net/judjuris/juri2012/mar2012/gr_183449_2012.html
2025-12-05 19:28:17,244 - INFO -   ✓ Saved: RESTRUCTURED_DB/2012/march/183449.json
2025-12-05 19:28:17,745 - INFO - Scraping G.R. No. 194445 (2012): People of the Philippines vs. Roger Posada y Urban...
2025-12-05 19:28:18,481 - INFO -   ✓ Found at: https://lawphil.net/judjuris/juri2012/mar2012/gr_194445_2012.html
2025-12-05 19:28:18,483 - INFO -   ✓ Saved: RESTRUCTURED_DB/2012/march/194445.json
2025-12-05 19:28:18,983 - INFO - Scraping G.R. No. 191703 (2012): Cresensio Baño and Heirs of the Deceased Amancio A...
2025-12-05 19:28:19,225 - INFO -   ✓ Found at: https://lawphil.net/judjuris/juri2012/mar2012/gr_191703_2012.html
2025-12-05 19:28:19,226 - INFO -   ✓ Saved: RESTRUCTURED_DB/2012/march/191703.json
2025-12-05 19:28:19,726 - INFO - Scraping G.R. No. 174173 (2012): Ma. Melissa A. Galang vs. Julia Malasuqui...
2025-12-05 19:28:19,980 - INFO -   ✓ Found at: https://lawphil.net/judjuris/juri2012/mar2012/gr_174173_2012.html
2025-12-05 19:28:19,981 - INFO -   ✓ Saved: RESTRUCTURED_DB/2012/march/174173.json
2025-12-05 19:28:20,481 - INFO - Scraping G.R. No. 188103 (2012): People of the Philippines vs. Jerome Paler...
2025-12-05 19:28:20,723 - INFO -   ✓ Found at: https://lawphil.net/judjuris/juri2012/mar2012/gr_188103_2012.html
2025-12-05 19:28:20,725 - INFO -   ✓ Saved: RESTRUCTURED_DB/2012/march/188103.json
2025-12-05 19:28:21,225 - INFO - Scraping G.R. No. 195239 (2012): People of the Philippines vs. Ben Rubio y Acosta...
2025-12-05 19:28:21,686 - INFO -   ✓ Found at: https://lawphil.net/judjuris/juri2012/mar2012/gr_195239_2012.html
2025-12-05 19:28:21,687 - INFO -   ✓ Saved: RESTRUCTURED_DB/2012/march/195239.json
2025-12-05 19:28:22,187 - INFO - Scraping G.R. No. 184885 (2012): Ernesto Ymbong vs. ABS-CBN Broadcasting Corporatio...
2025-12-05 19:28:22,882 - INFO -   ✓ Found at: https://lawphil.net/judjuris/juri2012/mar2012/gr_184885_2012.html
2025-12-05 19:28:22,884 - INFO -   ✓ Saved: RESTRUCTURED_DB/2012/march/184885.json
2025-12-05 19:28:23,384 - INFO - Scraping G.R. No. 182522 (2012): People of the Philippines vs. Noel Adallom y Tunge...
2025-12-05 19:28:24,058 - INFO -   ✓ Found at: https://lawphil.net/judjuris/juri2012/mar2012/gr_182522_2012.html
2025-12-05 19:28:24,061 - INFO -   ✓ Saved: RESTRUCTURED_DB/2012/march/182522.json
2025-12-05 19:28:24,561 - INFO - Scraping G.R. No. 165132 (2012): Office of the Ombudsman vs. Nellie R. Apolonio...
2025-12-05 19:28:24,841 - INFO -   ✓ Found at: https://lawphil.net/judjuris/juri2012/mar2012/gr_165132_2012.html
2025-12-05 19:28:24,843 - INFO -   ✓ Saved: RESTRUCTURED_DB/2012/march/165132.json
2025-12-05 19:28:25,343 - INFO - Scraping G.R. No. 170964 (2012): Esla Macandog Magtira vs. People of the Philippine...
2025-12-05 19:28:25,603 - INFO -   ✓ Found at: https://lawphil.net/judjuris/juri2012/mar2012/gr_170964_2012.html
2025-12-05 19:28:25,604 - INFO -   ✓ Saved: RESTRUCTURED_DB/2012/march/170964.json
2025-12-05 19:28:26,105 - INFO - Scraping G.R. No. 188670 (2012): Department of Agrarian Reform, etc. vs. Heirs of A...
2025-12-05 19:28:26,581 - INFO -   ✓ Found at: https://lawphil.net/judjuris/juri2012/mar2012/gr_188670_2012.html
2025-12-05 19:28:26,582 - INFO -   ✓ Saved: RESTRUCTURED_DB/2012/march/188670.json
2025-12-05 19:28:27,082 - INFO - Scraping G.R. No. 190559 (2012): Blue Sky Trading Company, Inc. et al. vs. Arlene P...
2025-12-05 19:28:28,004 - INFO -   ✓ Found at: https://lawphil.net/judjuris/juri2012/mar2012/gr_190559_2012.html
2025-12-05 19:28:28,006 - INFO -   ✓ Saved: RESTRUCTURED_DB/2012/march/190559.json
2025-12-05 19:28:28,506 - INFO - Scraping G.R. No. 160882 (2012): Felicidad Sta. Maria Villaran, et al. vs. Departme...
2025-12-05 19:28:28,748 - INFO -   ✓ Found at: https://lawphil.net/judjuris/juri2012/mar2012/gr_160882_2012.html
2025-12-05 19:28:28,750 - INFO -   ✓ Saved: RESTRUCTURED_DB/2012/march/160882.json
2025-12-05 19:28:29,250 - INFO - Scraping G.R. No. 174792 (2012): Wilfredo Aro, Ronilo Tirol, et al vs. NLRC, Fourth...
2025-12-05 19:28:29,710 - INFO -   ✓ Found at: https://lawphil.net/judjuris/juri2012/mar2012/gr_174792_2012.html
2025-12-05 19:28:29,712 - INFO -   ✓ Saved: RESTRUCTURED_DB/2012/march/174792.json
2025-12-05 19:28:30,212 - INFO - Scraping G.R. No. 179652 (2012): People's Broadcasting Service (Bombo Rado Phils., ...
2025-12-05 19:28:30,641 - INFO -   ✓ Found at: https://lawphil.net/judjuris/juri2012/mar2012/gr_179652_2012.html
2025-12-05 19:28:30,642 - INFO -   ✓ Saved: RESTRUCTURED_DB/2012/march/179652.json
2025-12-05 19:28:31,143 - INFO - Scraping G.R. No. 194645 (2012): Civil Service Commission vs. Aurora M. Clave/Gover...
2025-12-05 19:28:31,604 - INFO -   ✓ Found at: https://lawphil.net/judjuris/juri2012/mar2012/gr_194645_2012.html
2025-12-05 19:28:31,605 - INFO -   ✓ Saved: RESTRUCTURED_DB/2012/march/194645.json
2025-12-05 19:28:32,105 - INFO - Scraping G.R. No. 152272 (2012): Juana Complex I Homeowners Association, Inc., et a...
2025-12-05 19:28:32,774 - INFO -   ✓ Found at: https://lawphil.net/judjuris/juri2012/mar2012/gr_152272_2012.html
2025-12-05 19:28:32,775 - INFO -   ✓ Saved: RESTRUCTURED_DB/2012/march/152272.json
2025-12-05 19:28:33,276 - INFO - Scraping G.R. No. 171251 (2012): Lascona Land Co., Inc. vs. Commissioner of Interna...
2025-12-05 19:28:33,523 - INFO -   ✓ Found at: https://lawphil.net/judjuris/juri2012/mar2012/gr_171251_2012.html
2025-12-05 19:28:33,525 - INFO -   ✓ Saved: RESTRUCTURED_DB/2012/march/171251.json
2025-12-05 19:28:34,025 - INFO - Scraping G.R. No. 170098 (2012): Daniel O. Paduata vs. Manila Electric Company...
2025-12-05 19:28:34,456 - INFO -   ✓ Found at: https://lawphil.net/judjuris/juri2012/feb2012/gr_170098_2012.html
2025-12-05 19:28:34,457 - INFO -   ✓ Saved: RESTRUCTURED_DB/2012/february/170098.json
2025-12-05 19:28:34,957 - INFO - Scraping G.R. No. 196830 (2012): Cesar V. Garcia, et al. vs. KJ Commercial and Reyn...
2025-12-05 19:28:35,213 - INFO -   ✓ Found at: https://lawphil.net/judjuris/juri2012/feb2012/gr_196830_2012.html
2025-12-05 19:28:35,215 - INFO -   ✓ Saved: RESTRUCTURED_DB/2012/february/196830.json
2025-12-05 19:28:35,715 - INFO - Scraping G.R. No. 158379 (2012): Sps. Ponciano & Pacita Dela Cruz vs. Heirs of Pabl...
2025-12-05 19:28:35,960 - INFO -   ✓ Found at: https://lawphil.net/judjuris/juri2012/feb2012/gr_158379_2012.html
2025-12-05 19:28:35,961 - INFO -   ✓ Saved: RESTRUCTURED_DB/2012/february/158379.json
2025-12-05 19:28:36,461 - INFO - Scraping G.R. No. 189191 (2012): Mid-Islands Power Generation Corporation vs. Court...
2025-12-05 19:28:36,718 - INFO -   ✓ Found at: https://lawphil.net/judjuris/juri2012/feb2012/gr_189191_2012.html
2025-12-05 19:28:36,719 - INFO -   ✓ Saved: RESTRUCTURED_DB/2012/february/189191.json
2025-12-05 19:28:37,219 - INFO - Scraping G.R. No. 193667 (2012): People of the Philippines vs. Mariavic Espenilla y...
2025-12-05 19:28:37,530 - INFO -   ✓ Found at: https://lawphil.net/judjuris/juri2012/feb2012/gr_193667_2012.html
2025-12-05 19:28:37,531 - INFO -   ✓ Saved: RESTRUCTURED_DB/2012/february/193667.json
2025-12-05 19:28:38,031 - INFO - Scraping G.R. No. 197043 (2012): People of the Philippines vs. Antonio Baldomar y L...
2025-12-05 19:28:38,450 - INFO -   ✓ Found at: https://lawphil.net/judjuris/juri2012/feb2012/gr_197043_2012.html
2025-12-05 19:28:38,451 - INFO -   ✓ Saved: RESTRUCTURED_DB/2012/february/197043.json
2025-12-05 19:28:38,951 - INFO - Scraping G.R. No. 188132 (2012): People of the Philippines vs. Rosemarie Magundayao...
2025-12-05 19:28:39,622 - INFO -   ✓ Found at: https://lawphil.net/judjuris/juri2012/feb2012/gr_188132_2012.html
2025-12-05 19:28:39,624 - INFO -   ✓ Saved: RESTRUCTURED_DB/2012/february/188132.json
2025-12-05 19:28:40,125 - INFO - Scraping G.R. No. 189327 (2012): People of the Philippines vs. Emily Mendoza y Sart...
2025-12-05 19:28:40,741 - INFO -   ✓ Found at: https://lawphil.net/judjuris/juri2012/feb2012/gr_189327_2012.html
2025-12-05 19:28:40,742 - INFO -   ✓ Saved: RESTRUCTURED_DB/2012/february/189327.json
2025-12-05 19:28:41,242 - INFO - Scraping G.R. No. 197788 (2012): Rodel Luz y Ong vs. People of the Philippines...
2025-12-05 19:28:41,484 - INFO -   ✓ Found at: https://lawphil.net/judjuris/juri2012/feb2012/gr_197788_2012.html
2025-12-05 19:28:41,485 - INFO -   ✓ Saved: RESTRUCTURED_DB/2012/february/197788.json
2025-12-05 19:28:41,986 - INFO - Scraping G.R. No. 185582 (2012): Tuna Processing, Inc. vs. Philippine Kingford, Inc...
2025-12-05 19:28:42,226 - INFO -   ✓ Found at: https://lawphil.net/judjuris/juri2012/feb2012/gr_185582_2012.html
2025-12-05 19:28:42,228 - INFO -   ✓ Saved: RESTRUCTURED_DB/2012/february/185582.json
2025-12-05 19:28:42,728 - INFO - Scraping G.R. No. 196271 (2012): Datu Michael Abas Kida, etc., et al. vs. Senate of...
2025-12-05 19:28:43,404 - INFO -   ✓ Found at: https://lawphil.net/judjuris/juri2012/feb2012/gr_196271_2012.html
2025-12-05 19:28:43,407 - INFO -   ✓ Saved: RESTRUCTURED_DB/2012/february/196271.json
2025-12-05 19:28:43,907 - INFO - Scraping G.R. No. 192565 (2012): Union Bank of the Philippines and Desi Tomas vs. P...
2025-12-05 19:28:44,346 - INFO -   ✓ Found at: https://lawphil.net/judjuris/juri2012/feb2012/gr_192565_2012.html
2025-12-05 19:28:44,347 - INFO -   ✓ Saved: RESTRUCTURED_DB/2012/february/192565.json
2025-12-05 19:28:44,848 - INFO - Scraping G.R. No. 193978 (2012): Jelbert B. Galicto vs. H.E. President Benigno Sime...
2025-12-05 19:28:45,488 - INFO -   ✓ Found at: https://lawphil.net/judjuris/juri2012/feb2012/gr_193978_2012.html
2025-12-05 19:28:45,491 - INFO -   ✓ Saved: RESTRUCTURED_DB/2012/february/193978.json
2025-12-05 19:28:45,991 - INFO - Scraping G.R. No. 192984 (2012): Rolando D. Layug vs. Commission on Elections, Mari...
2025-12-05 19:28:46,267 - INFO -   ✓ Found at: https://lawphil.net/judjuris/juri2012/feb2012/gr_192984_2012.html
2025-12-05 19:28:46,268 - INFO -   ✓ Saved: RESTRUCTURED_DB/2012/february/192984.json
2025-12-05 19:28:46,768 - INFO - Scraping G.R. No. 173008 (2012): Nenita Gonzales, Spouses Generosa Gonzales and Rod...
2025-12-05 19:28:47,023 - INFO -   ✓ Found at: https://lawphil.net/judjuris/juri2012/feb2012/gr_173008_2012.html
2025-12-05 19:28:47,024 - INFO -   ✓ Saved: RESTRUCTURED_DB/2012/february/173008.json
2025-12-05 19:28:47,525 - INFO - Scraping G.R. No. 186983 (2012): Ma. Lourdes S. Florendo vs. Philam Plans, Inc., Pe...
2025-12-05 19:28:48,004 - INFO -   ✓ Found at: https://lawphil.net/judjuris/juri2012/feb2012/gr_186983_2012.html
2025-12-05 19:28:48,006 - INFO -   ✓ Saved: RESTRUCTURED_DB/2012/february/186983.json
2025-12-05 19:28:48,506 - INFO - Scraping G.R. No. 169055 (2012): Spouses Jose and Milagros Villaceran vs. Josephine...
